Simulator report for RM
Sat Dec 13 21:29:10 2025
Quartus II 64-Bit Version 13.0.1 Build 232 06/12/2013 Service Pack 1 SJ Web Edition


---------------------
; Table of Contents ;
---------------------
  1. Legal Notice
  2. Simulator Summary
  3. Simulator Settings
  4. Simulation Waveforms
  5. Coverage Summary
  6. Complete 1/0-Value Coverage
  7. Missing 1-Value Coverage
  8. Missing 0-Value Coverage
  9. Simulator INI Usage
 10. Simulator Messages



----------------
; Legal Notice ;
----------------
Copyright (C) 1991-2013 Altera Corporation
Your use of Altera Corporation's design tools, logic functions 
and other software and tools, and its AMPP partner logic 
functions, and any output files from any of the foregoing 
(including device programming or simulation files), and any 
associated documentation or information are expressly subject 
to the terms and conditions of the Altera Program License 
Subscription Agreement, Altera MegaCore Function License 
Agreement, or other applicable license agreement, including, 
without limitation, that your use is for the sole purpose of 
programming logic devices manufactured by Altera and sold by 
Altera or its authorized distributors.  Please refer to the 
applicable agreement for further details.



+--------------------------------------------+
; Simulator Summary                          ;
+-----------------------------+--------------+
; Type                        ; Value        ;
+-----------------------------+--------------+
; Simulation Start Time       ; 0 ps         ;
; Simulation End Time         ; 360.0 ns     ;
; Simulation Netlist Size     ; 496 nodes    ;
; Simulation Coverage         ;      81.25 % ;
; Total Number of Transitions ; 4427         ;
; Simulation Breakpoints      ; 0            ;
; Family                      ; Cyclone II   ;
+-----------------------------+--------------+


+-------------------------------------------------------------------------------------------------------------------------------------------------------------------------------------+
; Simulator Settings                                                                                                                                                                  ;
+--------------------------------------------------------------------------------------------+------------------------------------------------------------------------+---------------+
; Option                                                                                     ; Setting                                                                ; Default Value ;
+--------------------------------------------------------------------------------------------+------------------------------------------------------------------------+---------------+
; Simulation mode                                                                            ; Functional                                                             ; Timing        ;
; Start time                                                                                 ; 0 ns                                                                   ; 0 ns          ;
; Simulation results format                                                                  ; VWF                                                                    ;               ;
; Vector input source                                                                        ; D:/HK5/CE118_DigitalLogicDesign/CircuitDesign/RegisterMerging/RMwf.vwf ;               ;
; Add pins automatically to simulation output waveforms                                      ; On                                                                     ; On            ;
; Check outputs                                                                              ; Off                                                                    ; Off           ;
; Report simulation coverage                                                                 ; On                                                                     ; On            ;
; Display complete 1/0 value coverage report                                                 ; On                                                                     ; On            ;
; Display missing 1-value coverage report                                                    ; On                                                                     ; On            ;
; Display missing 0-value coverage report                                                    ; On                                                                     ; On            ;
; Detect setup and hold time violations                                                      ; Off                                                                    ; Off           ;
; Detect glitches                                                                            ; Off                                                                    ; Off           ;
; Disable timing delays in Timing Simulation                                                 ; Off                                                                    ; Off           ;
; Generate Signal Activity File                                                              ; Off                                                                    ; Off           ;
; Generate VCD File for PowerPlay Power Analyzer                                             ; Off                                                                    ; Off           ;
; Group bus channels in simulation results                                                   ; Off                                                                    ; Off           ;
; Preserve fewer signal transitions to reduce memory requirements                            ; On                                                                     ; On            ;
; Trigger vector comparison with the specified mode                                          ; INPUT_EDGE                                                             ; INPUT_EDGE    ;
; Disable setup and hold time violations detection in input registers of bi-directional pins ; Off                                                                    ; Off           ;
; Overwrite Waveform Inputs With Simulation Outputs                                          ; Off                                                                    ;               ;
; Perform Glitch Filtering in Timing Simulation                                              ; Auto                                                                   ; Auto          ;
+--------------------------------------------------------------------------------------------+------------------------------------------------------------------------+---------------+


+----------------------+
; Simulation Waveforms ;
+----------------------+
Waveform report data cannot be output to ASCII.
Please use Quartus II 64-Bit to view the waveform report data.


+--------------------------------------------------------------------+
; Coverage Summary                                                   ;
+-----------------------------------------------------+--------------+
; Type                                                ; Value        ;
+-----------------------------------------------------+--------------+
; Total coverage as a percentage                      ;      81.25 % ;
; Total nodes checked                                 ; 496          ;
; Total output ports checked                          ; 496          ;
; Total output ports with complete 1/0-value coverage ; 403          ;
; Total output ports with no 1/0-value coverage       ; 38           ;
; Total output ports with no 1-value coverage         ; 83           ;
; Total output ports with no 0-value coverage         ; 48           ;
+-----------------------------------------------------+--------------+


The following table displays output ports that toggle between 1 and 0 during simulation.
+----------------------------------------------------------------------------------------------------------------------------------------------------------------------------+
; Complete 1/0-Value Coverage                                                                                                                                                ;
+----------------------------------------------------------------------------+----------------------------------------------------------------------------+------------------+
; Node Name                                                                  ; Output Port Name                                                           ; Output Port Type ;
+----------------------------------------------------------------------------+----------------------------------------------------------------------------+------------------+
; |RM|DONE                                                                   ; |RM|DONE                                                                   ; pin_out          ;
; |RM|START                                                                  ; |RM|START                                                                  ; out              ;
; |RM|CLK                                                                    ; |RM|CLK                                                                    ; out              ;
; |RM|Res[6]                                                                 ; |RM|Res[6]                                                                 ; pin_out          ;
; |RM|Res[5]                                                                 ; |RM|Res[5]                                                                 ; pin_out          ;
; |RM|Res[4]                                                                 ; |RM|Res[4]                                                                 ; pin_out          ;
; |RM|Res[3]                                                                 ; |RM|Res[3]                                                                 ; pin_out          ;
; |RM|Res[2]                                                                 ; |RM|Res[2]                                                                 ; pin_out          ;
; |RM|Res[1]                                                                 ; |RM|Res[1]                                                                 ; pin_out          ;
; |RM|In1[4]                                                                 ; |RM|In1[4]                                                                 ; out              ;
; |RM|In1[3]                                                                 ; |RM|In1[3]                                                                 ; out              ;
; |RM|In1[2]                                                                 ; |RM|In1[2]                                                                 ; out              ;
; |RM|In1[1]                                                                 ; |RM|In1[1]                                                                 ; out              ;
; |RM|In1[0]                                                                 ; |RM|In1[0]                                                                 ; out              ;
; |RM|In2[5]                                                                 ; |RM|In2[5]                                                                 ; out              ;
; |RM|In2[4]                                                                 ; |RM|In2[4]                                                                 ; out              ;
; |RM|In2[3]                                                                 ; |RM|In2[3]                                                                 ; out              ;
; |RM|In2[2]                                                                 ; |RM|In2[2]                                                                 ; out              ;
; |RM|In2[1]                                                                 ; |RM|In2[1]                                                                 ; out              ;
; |RM|Dtp:inst|inst14[6]                                                     ; |RM|Dtp:inst|inst14[6]                                                     ; out              ;
; |RM|Dtp:inst|inst14[5]                                                     ; |RM|Dtp:inst|inst14[5]                                                     ; out              ;
; |RM|Dtp:inst|inst14[4]                                                     ; |RM|Dtp:inst|inst14[4]                                                     ; out              ;
; |RM|Dtp:inst|inst14[3]                                                     ; |RM|Dtp:inst|inst14[3]                                                     ; out              ;
; |RM|Dtp:inst|inst14[2]                                                     ; |RM|Dtp:inst|inst14[2]                                                     ; out              ;
; |RM|Dtp:inst|inst14[1]                                                     ; |RM|Dtp:inst|inst14[1]                                                     ; out              ;
; |RM|Dtp:inst|inst6[7]                                                      ; |RM|Dtp:inst|inst6[7]                                                      ; out              ;
; |RM|Dtp:inst|inst6[6]                                                      ; |RM|Dtp:inst|inst6[6]                                                      ; out              ;
; |RM|Dtp:inst|inst6[5]                                                      ; |RM|Dtp:inst|inst6[5]                                                      ; out              ;
; |RM|Dtp:inst|inst6[4]                                                      ; |RM|Dtp:inst|inst6[4]                                                      ; out              ;
; |RM|Dtp:inst|inst6[3]                                                      ; |RM|Dtp:inst|inst6[3]                                                      ; out              ;
; |RM|Dtp:inst|inst6[2]                                                      ; |RM|Dtp:inst|inst6[2]                                                      ; out              ;
; |RM|Dtp:inst|inst6[1]                                                      ; |RM|Dtp:inst|inst6[1]                                                      ; out              ;
; |RM|Dtp:inst|inst6[0]                                                      ; |RM|Dtp:inst|inst6[0]                                                      ; out              ;
; |RM|Dtp:inst|I~1                                                           ; |RM|Dtp:inst|I~1                                                           ; out0             ;
; |RM|Dtp:inst|I~2                                                           ; |RM|Dtp:inst|I~2                                                           ; out0             ;
; |RM|Dtp:inst|I~3                                                           ; |RM|Dtp:inst|I~3                                                           ; out0             ;
; |RM|Dtp:inst|I~4                                                           ; |RM|Dtp:inst|I~4                                                           ; out0             ;
; |RM|Dtp:inst|I~5                                                           ; |RM|Dtp:inst|I~5                                                           ; out0             ;
; |RM|Dtp:inst|I~6                                                           ; |RM|Dtp:inst|I~6                                                           ; out0             ;
; |RM|Dtp:inst|I~7                                                           ; |RM|Dtp:inst|I~7                                                           ; out0             ;
; |RM|Dtp:inst|inst7[6]                                                      ; |RM|Dtp:inst|inst7[6]                                                      ; out              ;
; |RM|Dtp:inst|inst7[5]                                                      ; |RM|Dtp:inst|inst7[5]                                                      ; out              ;
; |RM|Dtp:inst|inst7[4]                                                      ; |RM|Dtp:inst|inst7[4]                                                      ; out              ;
; |RM|Dtp:inst|inst7[3]                                                      ; |RM|Dtp:inst|inst7[3]                                                      ; out              ;
; |RM|Dtp:inst|inst7[2]                                                      ; |RM|Dtp:inst|inst7[2]                                                      ; out              ;
; |RM|Dtp:inst|inst7[1]                                                      ; |RM|Dtp:inst|inst7[1]                                                      ; out              ;
; |RM|Dtp:inst|inst7[0]                                                      ; |RM|Dtp:inst|inst7[0]                                                      ; out              ;
; |RM|Dtp:inst|inst10[7]                                                     ; |RM|Dtp:inst|inst10[7]                                                     ; out              ;
; |RM|Dtp:inst|inst10[6]                                                     ; |RM|Dtp:inst|inst10[6]                                                     ; out              ;
; |RM|Dtp:inst|inst10[5]                                                     ; |RM|Dtp:inst|inst10[5]                                                     ; out              ;
; |RM|Dtp:inst|inst10[4]                                                     ; |RM|Dtp:inst|inst10[4]                                                     ; out              ;
; |RM|Dtp:inst|inst10[3]                                                     ; |RM|Dtp:inst|inst10[3]                                                     ; out              ;
; |RM|Dtp:inst|inst10[2]                                                     ; |RM|Dtp:inst|inst10[2]                                                     ; out              ;
; |RM|Dtp:inst|inst10[1]                                                     ; |RM|Dtp:inst|inst10[1]                                                     ; out              ;
; |RM|Dtp:inst|inst10[0]                                                     ; |RM|Dtp:inst|inst10[0]                                                     ; out              ;
; |RM|Dtp:inst|I~9                                                           ; |RM|Dtp:inst|I~9                                                           ; out0             ;
; |RM|Dtp:inst|I~10                                                          ; |RM|Dtp:inst|I~10                                                          ; out0             ;
; |RM|Dtp:inst|I~11                                                          ; |RM|Dtp:inst|I~11                                                          ; out0             ;
; |RM|Dtp:inst|I~12                                                          ; |RM|Dtp:inst|I~12                                                          ; out0             ;
; |RM|Dtp:inst|I~13                                                          ; |RM|Dtp:inst|I~13                                                          ; out0             ;
; |RM|Dtp:inst|I~14                                                          ; |RM|Dtp:inst|I~14                                                          ; out0             ;
; |RM|Dtp:inst|I~15                                                          ; |RM|Dtp:inst|I~15                                                          ; out0             ;
; |RM|Dtp:inst|inst9[6]                                                      ; |RM|Dtp:inst|inst9[6]                                                      ; out              ;
; |RM|Dtp:inst|inst9[5]                                                      ; |RM|Dtp:inst|inst9[5]                                                      ; out              ;
; |RM|Dtp:inst|inst9[4]                                                      ; |RM|Dtp:inst|inst9[4]                                                      ; out              ;
; |RM|Dtp:inst|inst9[3]                                                      ; |RM|Dtp:inst|inst9[3]                                                      ; out              ;
; |RM|Dtp:inst|inst9[2]                                                      ; |RM|Dtp:inst|inst9[2]                                                      ; out              ;
; |RM|Dtp:inst|inst9[1]                                                      ; |RM|Dtp:inst|inst9[1]                                                      ; out              ;
; |RM|Dtp:inst|inst9[0]                                                      ; |RM|Dtp:inst|inst9[0]                                                      ; out              ;
; |RM|Dtp:inst|inst13[5]                                                     ; |RM|Dtp:inst|inst13[5]                                                     ; out              ;
; |RM|Dtp:inst|inst13[4]                                                     ; |RM|Dtp:inst|inst13[4]                                                     ; out              ;
; |RM|Dtp:inst|inst13[3]                                                     ; |RM|Dtp:inst|inst13[3]                                                     ; out              ;
; |RM|Dtp:inst|inst13[2]                                                     ; |RM|Dtp:inst|inst13[2]                                                     ; out              ;
; |RM|Dtp:inst|inst13[1]                                                     ; |RM|Dtp:inst|inst13[1]                                                     ; out              ;
; |RM|Dtp:inst|inst11[2]                                                     ; |RM|Dtp:inst|inst11[2]                                                     ; out              ;
; |RM|Dtp:inst|inst11[1]                                                     ; |RM|Dtp:inst|inst11[1]                                                     ; out              ;
; |RM|Dtp:inst|inst11[0]                                                     ; |RM|Dtp:inst|inst11[0]                                                     ; out              ;
; |RM|Dtp:inst|inst8[4]                                                      ; |RM|Dtp:inst|inst8[4]                                                      ; out              ;
; |RM|Dtp:inst|inst8[3]                                                      ; |RM|Dtp:inst|inst8[3]                                                      ; out              ;
; |RM|Dtp:inst|inst8[2]                                                      ; |RM|Dtp:inst|inst8[2]                                                      ; out              ;
; |RM|Dtp:inst|inst8[1]                                                      ; |RM|Dtp:inst|inst8[1]                                                      ; out              ;
; |RM|Dtp:inst|inst8[0]                                                      ; |RM|Dtp:inst|inst8[0]                                                      ; out              ;
; |RM|Dtp:inst|inst12[3]                                                     ; |RM|Dtp:inst|inst12[3]                                                     ; out              ;
; |RM|Dtp:inst|inst12[2]                                                     ; |RM|Dtp:inst|inst12[2]                                                     ; out              ;
; |RM|Dtp:inst|AU2:inst2|inst20                                              ; |RM|Dtp:inst|AU2:inst2|inst20                                              ; out0             ;
; |RM|Dtp:inst|AU2:inst2|inst9                                               ; |RM|Dtp:inst|AU2:inst2|inst9                                               ; out0             ;
; |RM|Dtp:inst|AU2:inst2|inst11                                              ; |RM|Dtp:inst|AU2:inst2|inst11                                              ; out0             ;
; |RM|Dtp:inst|AU2:inst2|inst[5]                                             ; |RM|Dtp:inst|AU2:inst2|inst[5]                                             ; out0             ;
; |RM|Dtp:inst|AU2:inst2|inst[4]                                             ; |RM|Dtp:inst|AU2:inst2|inst[4]                                             ; out0             ;
; |RM|Dtp:inst|AU2:inst2|inst[3]                                             ; |RM|Dtp:inst|AU2:inst2|inst[3]                                             ; out0             ;
; |RM|Dtp:inst|AU2:inst2|inst[2]                                             ; |RM|Dtp:inst|AU2:inst2|inst[2]                                             ; out0             ;
; |RM|Dtp:inst|AU2:inst2|inst[1]                                             ; |RM|Dtp:inst|AU2:inst2|inst[1]                                             ; out0             ;
; |RM|Dtp:inst|AU2:inst2|inst[0]                                             ; |RM|Dtp:inst|AU2:inst2|inst[0]                                             ; out0             ;
; |RM|Dtp:inst|AU2:inst2|inst4                                               ; |RM|Dtp:inst|AU2:inst2|inst4                                               ; out0             ;
; |RM|Dtp:inst|AU2:inst2|inst1[7]                                            ; |RM|Dtp:inst|AU2:inst2|inst1[7]                                            ; out0             ;
; |RM|Dtp:inst|AU2:inst2|inst1[6]                                            ; |RM|Dtp:inst|AU2:inst2|inst1[6]                                            ; out0             ;
; |RM|Dtp:inst|AU2:inst2|inst1[5]                                            ; |RM|Dtp:inst|AU2:inst2|inst1[5]                                            ; out0             ;
; |RM|Dtp:inst|AU2:inst2|inst1[4]                                            ; |RM|Dtp:inst|AU2:inst2|inst1[4]                                            ; out0             ;
; |RM|Dtp:inst|AU2:inst2|inst1[3]                                            ; |RM|Dtp:inst|AU2:inst2|inst1[3]                                            ; out0             ;
; |RM|Dtp:inst|AU2:inst2|inst1[2]                                            ; |RM|Dtp:inst|AU2:inst2|inst1[2]                                            ; out0             ;
; |RM|Dtp:inst|AU2:inst2|inst1[1]                                            ; |RM|Dtp:inst|AU2:inst2|inst1[1]                                            ; out0             ;
; |RM|Dtp:inst|AU2:inst2|inst1[0]                                            ; |RM|Dtp:inst|AU2:inst2|inst1[0]                                            ; out0             ;
; |RM|Dtp:inst|AU2:inst2|inst17                                              ; |RM|Dtp:inst|AU2:inst2|inst17                                              ; out0             ;
; |RM|Dtp:inst|AU2:inst2|inst22                                              ; |RM|Dtp:inst|AU2:inst2|inst22                                              ; out0             ;
; |RM|Dtp:inst|AU2:inst2|inst21                                              ; |RM|Dtp:inst|AU2:inst2|inst21                                              ; out0             ;
; |RM|Dtp:inst|AU2:inst2|inst16                                              ; |RM|Dtp:inst|AU2:inst2|inst16                                              ; out0             ;
; |RM|Dtp:inst|AU2:inst2|8mux21:inst13|inst3[7]                              ; |RM|Dtp:inst|AU2:inst2|8mux21:inst13|inst3[7]                              ; out0             ;
; |RM|Dtp:inst|AU2:inst2|8mux21:inst13|inst3[6]                              ; |RM|Dtp:inst|AU2:inst2|8mux21:inst13|inst3[6]                              ; out0             ;
; |RM|Dtp:inst|AU2:inst2|8mux21:inst13|inst3[5]                              ; |RM|Dtp:inst|AU2:inst2|8mux21:inst13|inst3[5]                              ; out0             ;
; |RM|Dtp:inst|AU2:inst2|8mux21:inst13|inst3[4]                              ; |RM|Dtp:inst|AU2:inst2|8mux21:inst13|inst3[4]                              ; out0             ;
; |RM|Dtp:inst|AU2:inst2|8mux21:inst13|inst3[3]                              ; |RM|Dtp:inst|AU2:inst2|8mux21:inst13|inst3[3]                              ; out0             ;
; |RM|Dtp:inst|AU2:inst2|8mux21:inst13|inst3[2]                              ; |RM|Dtp:inst|AU2:inst2|8mux21:inst13|inst3[2]                              ; out0             ;
; |RM|Dtp:inst|AU2:inst2|8mux21:inst13|inst3[1]                              ; |RM|Dtp:inst|AU2:inst2|8mux21:inst13|inst3[1]                              ; out0             ;
; |RM|Dtp:inst|AU2:inst2|8mux21:inst13|inst3[0]                              ; |RM|Dtp:inst|AU2:inst2|8mux21:inst13|inst3[0]                              ; out0             ;
; |RM|Dtp:inst|AU2:inst2|8mux21:inst13|inst1[7]                              ; |RM|Dtp:inst|AU2:inst2|8mux21:inst13|inst1[7]                              ; out0             ;
; |RM|Dtp:inst|AU2:inst2|8mux21:inst13|inst1[6]                              ; |RM|Dtp:inst|AU2:inst2|8mux21:inst13|inst1[6]                              ; out0             ;
; |RM|Dtp:inst|AU2:inst2|8mux21:inst13|inst1[5]                              ; |RM|Dtp:inst|AU2:inst2|8mux21:inst13|inst1[5]                              ; out0             ;
; |RM|Dtp:inst|AU2:inst2|8mux21:inst13|inst1[4]                              ; |RM|Dtp:inst|AU2:inst2|8mux21:inst13|inst1[4]                              ; out0             ;
; |RM|Dtp:inst|AU2:inst2|8mux21:inst13|inst1[3]                              ; |RM|Dtp:inst|AU2:inst2|8mux21:inst13|inst1[3]                              ; out0             ;
; |RM|Dtp:inst|AU2:inst2|8mux21:inst13|inst1[2]                              ; |RM|Dtp:inst|AU2:inst2|8mux21:inst13|inst1[2]                              ; out0             ;
; |RM|Dtp:inst|AU2:inst2|8mux21:inst13|inst1[1]                              ; |RM|Dtp:inst|AU2:inst2|8mux21:inst13|inst1[1]                              ; out0             ;
; |RM|Dtp:inst|AU2:inst2|8mux21:inst13|inst1[0]                              ; |RM|Dtp:inst|AU2:inst2|8mux21:inst13|inst1[0]                              ; out0             ;
; |RM|Dtp:inst|AU2:inst2|8mux21:inst13|inst[4]                               ; |RM|Dtp:inst|AU2:inst2|8mux21:inst13|inst[4]                               ; out0             ;
; |RM|Dtp:inst|AU2:inst2|8mux21:inst13|inst[3]                               ; |RM|Dtp:inst|AU2:inst2|8mux21:inst13|inst[3]                               ; out0             ;
; |RM|Dtp:inst|AU2:inst2|8mux21:inst13|inst[2]                               ; |RM|Dtp:inst|AU2:inst2|8mux21:inst13|inst[2]                               ; out0             ;
; |RM|Dtp:inst|AU2:inst2|8mux21:inst13|inst[1]                               ; |RM|Dtp:inst|AU2:inst2|8mux21:inst13|inst[1]                               ; out0             ;
; |RM|Dtp:inst|AU2:inst2|8mux21:inst13|inst[0]                               ; |RM|Dtp:inst|AU2:inst2|8mux21:inst13|inst[0]                               ; out0             ;
; |RM|Dtp:inst|AU2:inst2|8mux21:inst14|inst3[6]                              ; |RM|Dtp:inst|AU2:inst2|8mux21:inst14|inst3[6]                              ; out0             ;
; |RM|Dtp:inst|AU2:inst2|8mux21:inst14|inst3[5]                              ; |RM|Dtp:inst|AU2:inst2|8mux21:inst14|inst3[5]                              ; out0             ;
; |RM|Dtp:inst|AU2:inst2|8mux21:inst14|inst3[4]                              ; |RM|Dtp:inst|AU2:inst2|8mux21:inst14|inst3[4]                              ; out0             ;
; |RM|Dtp:inst|AU2:inst2|8mux21:inst14|inst3[3]                              ; |RM|Dtp:inst|AU2:inst2|8mux21:inst14|inst3[3]                              ; out0             ;
; |RM|Dtp:inst|AU2:inst2|8mux21:inst14|inst3[2]                              ; |RM|Dtp:inst|AU2:inst2|8mux21:inst14|inst3[2]                              ; out0             ;
; |RM|Dtp:inst|AU2:inst2|8mux21:inst14|inst3[1]                              ; |RM|Dtp:inst|AU2:inst2|8mux21:inst14|inst3[1]                              ; out0             ;
; |RM|Dtp:inst|AU2:inst2|8mux21:inst14|inst3[0]                              ; |RM|Dtp:inst|AU2:inst2|8mux21:inst14|inst3[0]                              ; out0             ;
; |RM|Dtp:inst|AU2:inst2|8mux21:inst14|inst1[6]                              ; |RM|Dtp:inst|AU2:inst2|8mux21:inst14|inst1[6]                              ; out0             ;
; |RM|Dtp:inst|AU2:inst2|8mux21:inst14|inst1[5]                              ; |RM|Dtp:inst|AU2:inst2|8mux21:inst14|inst1[5]                              ; out0             ;
; |RM|Dtp:inst|AU2:inst2|8mux21:inst14|inst1[4]                              ; |RM|Dtp:inst|AU2:inst2|8mux21:inst14|inst1[4]                              ; out0             ;
; |RM|Dtp:inst|AU2:inst2|8mux21:inst14|inst1[3]                              ; |RM|Dtp:inst|AU2:inst2|8mux21:inst14|inst1[3]                              ; out0             ;
; |RM|Dtp:inst|AU2:inst2|8mux21:inst14|inst1[2]                              ; |RM|Dtp:inst|AU2:inst2|8mux21:inst14|inst1[2]                              ; out0             ;
; |RM|Dtp:inst|AU2:inst2|8mux21:inst14|inst1[1]                              ; |RM|Dtp:inst|AU2:inst2|8mux21:inst14|inst1[1]                              ; out0             ;
; |RM|Dtp:inst|AU2:inst2|8mux21:inst14|inst1[0]                              ; |RM|Dtp:inst|AU2:inst2|8mux21:inst14|inst1[0]                              ; out0             ;
; |RM|Dtp:inst|AU2:inst2|8mux21:inst14|inst[6]                               ; |RM|Dtp:inst|AU2:inst2|8mux21:inst14|inst[6]                               ; out0             ;
; |RM|Dtp:inst|AU2:inst2|8mux21:inst14|inst[5]                               ; |RM|Dtp:inst|AU2:inst2|8mux21:inst14|inst[5]                               ; out0             ;
; |RM|Dtp:inst|AU2:inst2|8mux21:inst14|inst[4]                               ; |RM|Dtp:inst|AU2:inst2|8mux21:inst14|inst[4]                               ; out0             ;
; |RM|Dtp:inst|AU2:inst2|8mux21:inst14|inst[3]                               ; |RM|Dtp:inst|AU2:inst2|8mux21:inst14|inst[3]                               ; out0             ;
; |RM|Dtp:inst|AU2:inst2|8mux21:inst14|inst[2]                               ; |RM|Dtp:inst|AU2:inst2|8mux21:inst14|inst[2]                               ; out0             ;
; |RM|Dtp:inst|AU2:inst2|8mux21:inst14|inst[1]                               ; |RM|Dtp:inst|AU2:inst2|8mux21:inst14|inst[1]                               ; out0             ;
; |RM|Dtp:inst|AU2:inst2|8mux21:inst14|inst[0]                               ; |RM|Dtp:inst|AU2:inst2|8mux21:inst14|inst[0]                               ; out0             ;
; |RM|Dtp:inst|AU2:inst2|Adder8:inst2|Adder4S:inst|FA:inst|inst2             ; |RM|Dtp:inst|AU2:inst2|Adder8:inst2|Adder4S:inst|FA:inst|inst2             ; out0             ;
; |RM|Dtp:inst|AU2:inst2|Adder8:inst2|Adder4S:inst|FA:inst|HA:inst|inst      ; |RM|Dtp:inst|AU2:inst2|Adder8:inst2|Adder4S:inst|FA:inst|HA:inst|inst      ; out0             ;
; |RM|Dtp:inst|AU2:inst2|Adder8:inst2|Adder4S:inst|FA:inst|HA:inst|inst1     ; |RM|Dtp:inst|AU2:inst2|Adder8:inst2|Adder4S:inst|FA:inst|HA:inst|inst1     ; out0             ;
; |RM|Dtp:inst|AU2:inst2|Adder8:inst2|Adder4S:inst|FA:inst|HA:inst1|inst     ; |RM|Dtp:inst|AU2:inst2|Adder8:inst2|Adder4S:inst|FA:inst|HA:inst1|inst     ; out0             ;
; |RM|Dtp:inst|AU2:inst2|Adder8:inst2|Adder4S:inst|FA:inst|HA:inst1|inst1    ; |RM|Dtp:inst|AU2:inst2|Adder8:inst2|Adder4S:inst|FA:inst|HA:inst1|inst1    ; out0             ;
; |RM|Dtp:inst|AU2:inst2|Adder8:inst2|Adder4S:inst|FA:inst17|inst2           ; |RM|Dtp:inst|AU2:inst2|Adder8:inst2|Adder4S:inst|FA:inst17|inst2           ; out0             ;
; |RM|Dtp:inst|AU2:inst2|Adder8:inst2|Adder4S:inst|FA:inst17|HA:inst|inst    ; |RM|Dtp:inst|AU2:inst2|Adder8:inst2|Adder4S:inst|FA:inst17|HA:inst|inst    ; out0             ;
; |RM|Dtp:inst|AU2:inst2|Adder8:inst2|Adder4S:inst|FA:inst17|HA:inst|inst1   ; |RM|Dtp:inst|AU2:inst2|Adder8:inst2|Adder4S:inst|FA:inst17|HA:inst|inst1   ; out0             ;
; |RM|Dtp:inst|AU2:inst2|Adder8:inst2|Adder4S:inst|FA:inst17|HA:inst1|inst   ; |RM|Dtp:inst|AU2:inst2|Adder8:inst2|Adder4S:inst|FA:inst17|HA:inst1|inst   ; out0             ;
; |RM|Dtp:inst|AU2:inst2|Adder8:inst2|Adder4S:inst|FA:inst17|HA:inst1|inst1  ; |RM|Dtp:inst|AU2:inst2|Adder8:inst2|Adder4S:inst|FA:inst17|HA:inst1|inst1  ; out0             ;
; |RM|Dtp:inst|AU2:inst2|Adder8:inst2|Adder4S:inst|FA:inst18|inst2           ; |RM|Dtp:inst|AU2:inst2|Adder8:inst2|Adder4S:inst|FA:inst18|inst2           ; out0             ;
; |RM|Dtp:inst|AU2:inst2|Adder8:inst2|Adder4S:inst|FA:inst18|HA:inst|inst    ; |RM|Dtp:inst|AU2:inst2|Adder8:inst2|Adder4S:inst|FA:inst18|HA:inst|inst    ; out0             ;
; |RM|Dtp:inst|AU2:inst2|Adder8:inst2|Adder4S:inst|FA:inst18|HA:inst|inst1   ; |RM|Dtp:inst|AU2:inst2|Adder8:inst2|Adder4S:inst|FA:inst18|HA:inst|inst1   ; out0             ;
; |RM|Dtp:inst|AU2:inst2|Adder8:inst2|Adder4S:inst|FA:inst18|HA:inst1|inst   ; |RM|Dtp:inst|AU2:inst2|Adder8:inst2|Adder4S:inst|FA:inst18|HA:inst1|inst   ; out0             ;
; |RM|Dtp:inst|AU2:inst2|Adder8:inst2|Adder4S:inst|FA:inst18|HA:inst1|inst1  ; |RM|Dtp:inst|AU2:inst2|Adder8:inst2|Adder4S:inst|FA:inst18|HA:inst1|inst1  ; out0             ;
; |RM|Dtp:inst|AU2:inst2|Adder8:inst2|Adder4S:inst|FA:inst19|inst2           ; |RM|Dtp:inst|AU2:inst2|Adder8:inst2|Adder4S:inst|FA:inst19|inst2           ; out0             ;
; |RM|Dtp:inst|AU2:inst2|Adder8:inst2|Adder4S:inst|FA:inst19|HA:inst|inst    ; |RM|Dtp:inst|AU2:inst2|Adder8:inst2|Adder4S:inst|FA:inst19|HA:inst|inst    ; out0             ;
; |RM|Dtp:inst|AU2:inst2|Adder8:inst2|Adder4S:inst|FA:inst19|HA:inst|inst1   ; |RM|Dtp:inst|AU2:inst2|Adder8:inst2|Adder4S:inst|FA:inst19|HA:inst|inst1   ; out0             ;
; |RM|Dtp:inst|AU2:inst2|Adder8:inst2|Adder4S:inst|FA:inst19|HA:inst1|inst   ; |RM|Dtp:inst|AU2:inst2|Adder8:inst2|Adder4S:inst|FA:inst19|HA:inst1|inst   ; out0             ;
; |RM|Dtp:inst|AU2:inst2|Adder8:inst2|Adder4S:inst|FA:inst19|HA:inst1|inst1  ; |RM|Dtp:inst|AU2:inst2|Adder8:inst2|Adder4S:inst|FA:inst19|HA:inst1|inst1  ; out0             ;
; |RM|Dtp:inst|AU2:inst2|Adder8:inst2|Adder4S:inst3|FA:inst|inst2            ; |RM|Dtp:inst|AU2:inst2|Adder8:inst2|Adder4S:inst3|FA:inst|inst2            ; out0             ;
; |RM|Dtp:inst|AU2:inst2|Adder8:inst2|Adder4S:inst3|FA:inst|HA:inst|inst     ; |RM|Dtp:inst|AU2:inst2|Adder8:inst2|Adder4S:inst3|FA:inst|HA:inst|inst     ; out0             ;
; |RM|Dtp:inst|AU2:inst2|Adder8:inst2|Adder4S:inst3|FA:inst|HA:inst|inst1    ; |RM|Dtp:inst|AU2:inst2|Adder8:inst2|Adder4S:inst3|FA:inst|HA:inst|inst1    ; out0             ;
; |RM|Dtp:inst|AU2:inst2|Adder8:inst2|Adder4S:inst3|FA:inst|HA:inst1|inst    ; |RM|Dtp:inst|AU2:inst2|Adder8:inst2|Adder4S:inst3|FA:inst|HA:inst1|inst    ; out0             ;
; |RM|Dtp:inst|AU2:inst2|Adder8:inst2|Adder4S:inst3|FA:inst|HA:inst1|inst1   ; |RM|Dtp:inst|AU2:inst2|Adder8:inst2|Adder4S:inst3|FA:inst|HA:inst1|inst1   ; out0             ;
; |RM|Dtp:inst|AU2:inst2|Adder8:inst2|Adder4S:inst3|FA:inst17|inst2          ; |RM|Dtp:inst|AU2:inst2|Adder8:inst2|Adder4S:inst3|FA:inst17|inst2          ; out0             ;
; |RM|Dtp:inst|AU2:inst2|Adder8:inst2|Adder4S:inst3|FA:inst17|HA:inst|inst   ; |RM|Dtp:inst|AU2:inst2|Adder8:inst2|Adder4S:inst3|FA:inst17|HA:inst|inst   ; out0             ;
; |RM|Dtp:inst|AU2:inst2|Adder8:inst2|Adder4S:inst3|FA:inst17|HA:inst|inst1  ; |RM|Dtp:inst|AU2:inst2|Adder8:inst2|Adder4S:inst3|FA:inst17|HA:inst|inst1  ; out0             ;
; |RM|Dtp:inst|AU2:inst2|Adder8:inst2|Adder4S:inst3|FA:inst17|HA:inst1|inst  ; |RM|Dtp:inst|AU2:inst2|Adder8:inst2|Adder4S:inst3|FA:inst17|HA:inst1|inst  ; out0             ;
; |RM|Dtp:inst|AU2:inst2|Adder8:inst2|Adder4S:inst3|FA:inst17|HA:inst1|inst1 ; |RM|Dtp:inst|AU2:inst2|Adder8:inst2|Adder4S:inst3|FA:inst17|HA:inst1|inst1 ; out0             ;
; |RM|Dtp:inst|AU2:inst2|Adder8:inst2|Adder4S:inst3|FA:inst18|inst2          ; |RM|Dtp:inst|AU2:inst2|Adder8:inst2|Adder4S:inst3|FA:inst18|inst2          ; out0             ;
; |RM|Dtp:inst|AU2:inst2|Adder8:inst2|Adder4S:inst3|FA:inst18|HA:inst|inst   ; |RM|Dtp:inst|AU2:inst2|Adder8:inst2|Adder4S:inst3|FA:inst18|HA:inst|inst   ; out0             ;
; |RM|Dtp:inst|AU2:inst2|Adder8:inst2|Adder4S:inst3|FA:inst18|HA:inst1|inst  ; |RM|Dtp:inst|AU2:inst2|Adder8:inst2|Adder4S:inst3|FA:inst18|HA:inst1|inst  ; out0             ;
; |RM|Dtp:inst|AU2:inst2|Adder8:inst2|Adder4S:inst3|FA:inst18|HA:inst1|inst1 ; |RM|Dtp:inst|AU2:inst2|Adder8:inst2|Adder4S:inst3|FA:inst18|HA:inst1|inst1 ; out0             ;
; |RM|Dtp:inst|AU2:inst2|Adder8:inst2|Adder4S:inst3|FA:inst19|HA:inst|inst   ; |RM|Dtp:inst|AU2:inst2|Adder8:inst2|Adder4S:inst3|FA:inst19|HA:inst|inst   ; out0             ;
; |RM|Dtp:inst|AU2:inst2|Adder8:inst2|Adder4S:inst3|FA:inst19|HA:inst1|inst  ; |RM|Dtp:inst|AU2:inst2|Adder8:inst2|Adder4S:inst3|FA:inst19|HA:inst1|inst  ; out0             ;
; |RM|Dtp:inst|AU2:inst2|8mux21:inst15|inst3[6]                              ; |RM|Dtp:inst|AU2:inst2|8mux21:inst15|inst3[6]                              ; out0             ;
; |RM|Dtp:inst|AU2:inst2|8mux21:inst15|inst3[5]                              ; |RM|Dtp:inst|AU2:inst2|8mux21:inst15|inst3[5]                              ; out0             ;
; |RM|Dtp:inst|AU2:inst2|8mux21:inst15|inst3[4]                              ; |RM|Dtp:inst|AU2:inst2|8mux21:inst15|inst3[4]                              ; out0             ;
; |RM|Dtp:inst|AU2:inst2|8mux21:inst15|inst3[3]                              ; |RM|Dtp:inst|AU2:inst2|8mux21:inst15|inst3[3]                              ; out0             ;
; |RM|Dtp:inst|AU2:inst2|8mux21:inst15|inst3[2]                              ; |RM|Dtp:inst|AU2:inst2|8mux21:inst15|inst3[2]                              ; out0             ;
; |RM|Dtp:inst|AU2:inst2|8mux21:inst15|inst3[1]                              ; |RM|Dtp:inst|AU2:inst2|8mux21:inst15|inst3[1]                              ; out0             ;
; |RM|Dtp:inst|AU2:inst2|8mux21:inst15|inst3[0]                              ; |RM|Dtp:inst|AU2:inst2|8mux21:inst15|inst3[0]                              ; out0             ;
; |RM|Dtp:inst|AU2:inst2|8mux21:inst15|inst[6]                               ; |RM|Dtp:inst|AU2:inst2|8mux21:inst15|inst[6]                               ; out0             ;
; |RM|Dtp:inst|AU2:inst2|8mux21:inst15|inst[5]                               ; |RM|Dtp:inst|AU2:inst2|8mux21:inst15|inst[5]                               ; out0             ;
; |RM|Dtp:inst|AU2:inst2|8mux21:inst15|inst[4]                               ; |RM|Dtp:inst|AU2:inst2|8mux21:inst15|inst[4]                               ; out0             ;
; |RM|Dtp:inst|AU2:inst2|8mux21:inst15|inst[3]                               ; |RM|Dtp:inst|AU2:inst2|8mux21:inst15|inst[3]                               ; out0             ;
; |RM|Dtp:inst|AU2:inst2|8mux21:inst15|inst[2]                               ; |RM|Dtp:inst|AU2:inst2|8mux21:inst15|inst[2]                               ; out0             ;
; |RM|Dtp:inst|AU2:inst2|8mux21:inst15|inst[1]                               ; |RM|Dtp:inst|AU2:inst2|8mux21:inst15|inst[1]                               ; out0             ;
; |RM|Dtp:inst|AU2:inst2|8mux21:inst15|inst[0]                               ; |RM|Dtp:inst|AU2:inst2|8mux21:inst15|inst[0]                               ; out0             ;
; |RM|Dtp:inst|Register8:R2|8mux21:inst1|inst3[6]                            ; |RM|Dtp:inst|Register8:R2|8mux21:inst1|inst3[6]                            ; out0             ;
; |RM|Dtp:inst|Register8:R2|8mux21:inst1|inst3[5]                            ; |RM|Dtp:inst|Register8:R2|8mux21:inst1|inst3[5]                            ; out0             ;
; |RM|Dtp:inst|Register8:R2|8mux21:inst1|inst3[4]                            ; |RM|Dtp:inst|Register8:R2|8mux21:inst1|inst3[4]                            ; out0             ;
; |RM|Dtp:inst|Register8:R2|8mux21:inst1|inst3[3]                            ; |RM|Dtp:inst|Register8:R2|8mux21:inst1|inst3[3]                            ; out0             ;
; |RM|Dtp:inst|Register8:R2|8mux21:inst1|inst3[2]                            ; |RM|Dtp:inst|Register8:R2|8mux21:inst1|inst3[2]                            ; out0             ;
; |RM|Dtp:inst|Register8:R2|8mux21:inst1|inst3[1]                            ; |RM|Dtp:inst|Register8:R2|8mux21:inst1|inst3[1]                            ; out0             ;
; |RM|Dtp:inst|Register8:R2|8mux21:inst1|inst3[0]                            ; |RM|Dtp:inst|Register8:R2|8mux21:inst1|inst3[0]                            ; out0             ;
; |RM|Dtp:inst|Register8:R2|8mux21:inst1|inst1[6]                            ; |RM|Dtp:inst|Register8:R2|8mux21:inst1|inst1[6]                            ; out0             ;
; |RM|Dtp:inst|Register8:R2|8mux21:inst1|inst1[3]                            ; |RM|Dtp:inst|Register8:R2|8mux21:inst1|inst1[3]                            ; out0             ;
; |RM|Dtp:inst|Register8:R2|8mux21:inst1|inst1[2]                            ; |RM|Dtp:inst|Register8:R2|8mux21:inst1|inst1[2]                            ; out0             ;
; |RM|Dtp:inst|Register8:R2|8mux21:inst1|inst1[1]                            ; |RM|Dtp:inst|Register8:R2|8mux21:inst1|inst1[1]                            ; out0             ;
; |RM|Dtp:inst|Register8:R2|8mux21:inst1|inst[6]                             ; |RM|Dtp:inst|Register8:R2|8mux21:inst1|inst[6]                             ; out0             ;
; |RM|Dtp:inst|Register8:R2|8mux21:inst1|inst[5]                             ; |RM|Dtp:inst|Register8:R2|8mux21:inst1|inst[5]                             ; out0             ;
; |RM|Dtp:inst|Register8:R2|8mux21:inst1|inst[4]                             ; |RM|Dtp:inst|Register8:R2|8mux21:inst1|inst[4]                             ; out0             ;
; |RM|Dtp:inst|Register8:R2|8mux21:inst1|inst[3]                             ; |RM|Dtp:inst|Register8:R2|8mux21:inst1|inst[3]                             ; out0             ;
; |RM|Dtp:inst|Register8:R2|8mux21:inst1|inst[2]                             ; |RM|Dtp:inst|Register8:R2|8mux21:inst1|inst[2]                             ; out0             ;
; |RM|Dtp:inst|Register8:R2|8mux21:inst1|inst[1]                             ; |RM|Dtp:inst|Register8:R2|8mux21:inst1|inst[1]                             ; out0             ;
; |RM|Dtp:inst|Register8:R2|8mux21:inst1|inst[0]                             ; |RM|Dtp:inst|Register8:R2|8mux21:inst1|inst[0]                             ; out0             ;
; |RM|Dtp:inst|Register8:R2|R8DFFs:inst|inst3                                ; |RM|Dtp:inst|Register8:R2|R8DFFs:inst|inst3                                ; regout           ;
; |RM|Dtp:inst|Register8:R2|R8DFFs:inst|inst2                                ; |RM|Dtp:inst|Register8:R2|R8DFFs:inst|inst2                                ; regout           ;
; |RM|Dtp:inst|Register8:R2|R8DFFs:inst|inst1                                ; |RM|Dtp:inst|Register8:R2|R8DFFs:inst|inst1                                ; regout           ;
; |RM|Dtp:inst|Register8:R2|R8DFFs:inst|inst                                 ; |RM|Dtp:inst|Register8:R2|R8DFFs:inst|inst                                 ; regout           ;
; |RM|Dtp:inst|Register8:R2|R8DFFs:inst|inst4                                ; |RM|Dtp:inst|Register8:R2|R8DFFs:inst|inst4                                ; regout           ;
; |RM|Dtp:inst|Register8:R2|R8DFFs:inst|inst5                                ; |RM|Dtp:inst|Register8:R2|R8DFFs:inst|inst5                                ; regout           ;
; |RM|Dtp:inst|Register8:R2|R8DFFs:inst|inst6                                ; |RM|Dtp:inst|Register8:R2|R8DFFs:inst|inst6                                ; regout           ;
; |RM|Dtp:inst|Register8:R2|R8DFFs:inst|inst7                                ; |RM|Dtp:inst|Register8:R2|R8DFFs:inst|inst7                                ; regout           ;
; |RM|Dtp:inst|AU1:inst1|inst1[6]                                            ; |RM|Dtp:inst|AU1:inst1|inst1[6]                                            ; out0             ;
; |RM|Dtp:inst|AU1:inst1|inst1[5]                                            ; |RM|Dtp:inst|AU1:inst1|inst1[5]                                            ; out0             ;
; |RM|Dtp:inst|AU1:inst1|inst1[4]                                            ; |RM|Dtp:inst|AU1:inst1|inst1[4]                                            ; out0             ;
; |RM|Dtp:inst|AU1:inst1|inst1[3]                                            ; |RM|Dtp:inst|AU1:inst1|inst1[3]                                            ; out0             ;
; |RM|Dtp:inst|AU1:inst1|inst1[2]                                            ; |RM|Dtp:inst|AU1:inst1|inst1[2]                                            ; out0             ;
; |RM|Dtp:inst|AU1:inst1|inst1[1]                                            ; |RM|Dtp:inst|AU1:inst1|inst1[1]                                            ; out0             ;
; |RM|Dtp:inst|AU1:inst1|inst1[0]                                            ; |RM|Dtp:inst|AU1:inst1|inst1[0]                                            ; out0             ;
; |RM|Dtp:inst|AU1:inst1|8mux21:inst3|inst3[7]                               ; |RM|Dtp:inst|AU1:inst1|8mux21:inst3|inst3[7]                               ; out0             ;
; |RM|Dtp:inst|AU1:inst1|8mux21:inst3|inst3[6]                               ; |RM|Dtp:inst|AU1:inst1|8mux21:inst3|inst3[6]                               ; out0             ;
; |RM|Dtp:inst|AU1:inst1|8mux21:inst3|inst3[5]                               ; |RM|Dtp:inst|AU1:inst1|8mux21:inst3|inst3[5]                               ; out0             ;
; |RM|Dtp:inst|AU1:inst1|8mux21:inst3|inst3[4]                               ; |RM|Dtp:inst|AU1:inst1|8mux21:inst3|inst3[4]                               ; out0             ;
; |RM|Dtp:inst|AU1:inst1|8mux21:inst3|inst3[3]                               ; |RM|Dtp:inst|AU1:inst1|8mux21:inst3|inst3[3]                               ; out0             ;
; |RM|Dtp:inst|AU1:inst1|8mux21:inst3|inst3[2]                               ; |RM|Dtp:inst|AU1:inst1|8mux21:inst3|inst3[2]                               ; out0             ;
; |RM|Dtp:inst|AU1:inst1|8mux21:inst3|inst3[1]                               ; |RM|Dtp:inst|AU1:inst1|8mux21:inst3|inst3[1]                               ; out0             ;
; |RM|Dtp:inst|AU1:inst1|8mux21:inst3|inst3[0]                               ; |RM|Dtp:inst|AU1:inst1|8mux21:inst3|inst3[0]                               ; out0             ;
; |RM|Dtp:inst|AU1:inst1|8mux21:inst3|inst1[7]                               ; |RM|Dtp:inst|AU1:inst1|8mux21:inst3|inst1[7]                               ; out0             ;
; |RM|Dtp:inst|AU1:inst1|8mux21:inst3|inst1[6]                               ; |RM|Dtp:inst|AU1:inst1|8mux21:inst3|inst1[6]                               ; out0             ;
; |RM|Dtp:inst|AU1:inst1|8mux21:inst3|inst1[5]                               ; |RM|Dtp:inst|AU1:inst1|8mux21:inst3|inst1[5]                               ; out0             ;
; |RM|Dtp:inst|AU1:inst1|8mux21:inst3|inst1[2]                               ; |RM|Dtp:inst|AU1:inst1|8mux21:inst3|inst1[2]                               ; out0             ;
; |RM|Dtp:inst|AU1:inst1|8mux21:inst3|inst1[1]                               ; |RM|Dtp:inst|AU1:inst1|8mux21:inst3|inst1[1]                               ; out0             ;
; |RM|Dtp:inst|AU1:inst1|8mux21:inst3|inst1[0]                               ; |RM|Dtp:inst|AU1:inst1|8mux21:inst3|inst1[0]                               ; out0             ;
; |RM|Dtp:inst|AU1:inst1|8mux21:inst3|inst[6]                                ; |RM|Dtp:inst|AU1:inst1|8mux21:inst3|inst[6]                                ; out0             ;
; |RM|Dtp:inst|AU1:inst1|8mux21:inst3|inst[5]                                ; |RM|Dtp:inst|AU1:inst1|8mux21:inst3|inst[5]                                ; out0             ;
; |RM|Dtp:inst|AU1:inst1|8mux21:inst3|inst[4]                                ; |RM|Dtp:inst|AU1:inst1|8mux21:inst3|inst[4]                                ; out0             ;
; |RM|Dtp:inst|AU1:inst1|8mux21:inst3|inst[3]                                ; |RM|Dtp:inst|AU1:inst1|8mux21:inst3|inst[3]                                ; out0             ;
; |RM|Dtp:inst|AU1:inst1|8mux21:inst3|inst[2]                                ; |RM|Dtp:inst|AU1:inst1|8mux21:inst3|inst[2]                                ; out0             ;
; |RM|Dtp:inst|AU1:inst1|8mux21:inst3|inst[1]                                ; |RM|Dtp:inst|AU1:inst1|8mux21:inst3|inst[1]                                ; out0             ;
; |RM|Dtp:inst|AU1:inst1|8mux21:inst3|inst[0]                                ; |RM|Dtp:inst|AU1:inst1|8mux21:inst3|inst[0]                                ; out0             ;
; |RM|Dtp:inst|AU1:inst1|Adder8:inst9|Adder4S:inst|FA:inst|inst2             ; |RM|Dtp:inst|AU1:inst1|Adder8:inst9|Adder4S:inst|FA:inst|inst2             ; out0             ;
; |RM|Dtp:inst|AU1:inst1|Adder8:inst9|Adder4S:inst|FA:inst|HA:inst|inst      ; |RM|Dtp:inst|AU1:inst1|Adder8:inst9|Adder4S:inst|FA:inst|HA:inst|inst      ; out0             ;
; |RM|Dtp:inst|AU1:inst1|Adder8:inst9|Adder4S:inst|FA:inst|HA:inst|inst1     ; |RM|Dtp:inst|AU1:inst1|Adder8:inst9|Adder4S:inst|FA:inst|HA:inst|inst1     ; out0             ;
; |RM|Dtp:inst|AU1:inst1|Adder8:inst9|Adder4S:inst|FA:inst17|inst2           ; |RM|Dtp:inst|AU1:inst1|Adder8:inst9|Adder4S:inst|FA:inst17|inst2           ; out0             ;
; |RM|Dtp:inst|AU1:inst1|Adder8:inst9|Adder4S:inst|FA:inst17|HA:inst|inst    ; |RM|Dtp:inst|AU1:inst1|Adder8:inst9|Adder4S:inst|FA:inst17|HA:inst|inst    ; out0             ;
; |RM|Dtp:inst|AU1:inst1|Adder8:inst9|Adder4S:inst|FA:inst17|HA:inst|inst1   ; |RM|Dtp:inst|AU1:inst1|Adder8:inst9|Adder4S:inst|FA:inst17|HA:inst|inst1   ; out0             ;
; |RM|Dtp:inst|AU1:inst1|Adder8:inst9|Adder4S:inst|FA:inst17|HA:inst1|inst   ; |RM|Dtp:inst|AU1:inst1|Adder8:inst9|Adder4S:inst|FA:inst17|HA:inst1|inst   ; out0             ;
; |RM|Dtp:inst|AU1:inst1|Adder8:inst9|Adder4S:inst|FA:inst17|HA:inst1|inst1  ; |RM|Dtp:inst|AU1:inst1|Adder8:inst9|Adder4S:inst|FA:inst17|HA:inst1|inst1  ; out0             ;
; |RM|Dtp:inst|AU1:inst1|Adder8:inst9|Adder4S:inst|FA:inst18|inst2           ; |RM|Dtp:inst|AU1:inst1|Adder8:inst9|Adder4S:inst|FA:inst18|inst2           ; out0             ;
; |RM|Dtp:inst|AU1:inst1|Adder8:inst9|Adder4S:inst|FA:inst18|HA:inst|inst    ; |RM|Dtp:inst|AU1:inst1|Adder8:inst9|Adder4S:inst|FA:inst18|HA:inst|inst    ; out0             ;
; |RM|Dtp:inst|AU1:inst1|Adder8:inst9|Adder4S:inst|FA:inst18|HA:inst|inst1   ; |RM|Dtp:inst|AU1:inst1|Adder8:inst9|Adder4S:inst|FA:inst18|HA:inst|inst1   ; out0             ;
; |RM|Dtp:inst|AU1:inst1|Adder8:inst9|Adder4S:inst|FA:inst18|HA:inst1|inst   ; |RM|Dtp:inst|AU1:inst1|Adder8:inst9|Adder4S:inst|FA:inst18|HA:inst1|inst   ; out0             ;
; |RM|Dtp:inst|AU1:inst1|Adder8:inst9|Adder4S:inst|FA:inst18|HA:inst1|inst1  ; |RM|Dtp:inst|AU1:inst1|Adder8:inst9|Adder4S:inst|FA:inst18|HA:inst1|inst1  ; out0             ;
; |RM|Dtp:inst|AU1:inst1|Adder8:inst9|Adder4S:inst|FA:inst19|inst2           ; |RM|Dtp:inst|AU1:inst1|Adder8:inst9|Adder4S:inst|FA:inst19|inst2           ; out0             ;
; |RM|Dtp:inst|AU1:inst1|Adder8:inst9|Adder4S:inst|FA:inst19|HA:inst|inst    ; |RM|Dtp:inst|AU1:inst1|Adder8:inst9|Adder4S:inst|FA:inst19|HA:inst|inst    ; out0             ;
; |RM|Dtp:inst|AU1:inst1|Adder8:inst9|Adder4S:inst|FA:inst19|HA:inst|inst1   ; |RM|Dtp:inst|AU1:inst1|Adder8:inst9|Adder4S:inst|FA:inst19|HA:inst|inst1   ; out0             ;
; |RM|Dtp:inst|AU1:inst1|Adder8:inst9|Adder4S:inst|FA:inst19|HA:inst1|inst   ; |RM|Dtp:inst|AU1:inst1|Adder8:inst9|Adder4S:inst|FA:inst19|HA:inst1|inst   ; out0             ;
; |RM|Dtp:inst|AU1:inst1|Adder8:inst9|Adder4S:inst|FA:inst19|HA:inst1|inst1  ; |RM|Dtp:inst|AU1:inst1|Adder8:inst9|Adder4S:inst|FA:inst19|HA:inst1|inst1  ; out0             ;
; |RM|Dtp:inst|AU1:inst1|Adder8:inst9|Adder4S:inst3|FA:inst|inst2            ; |RM|Dtp:inst|AU1:inst1|Adder8:inst9|Adder4S:inst3|FA:inst|inst2            ; out0             ;
; |RM|Dtp:inst|AU1:inst1|Adder8:inst9|Adder4S:inst3|FA:inst|HA:inst|inst     ; |RM|Dtp:inst|AU1:inst1|Adder8:inst9|Adder4S:inst3|FA:inst|HA:inst|inst     ; out0             ;
; |RM|Dtp:inst|AU1:inst1|Adder8:inst9|Adder4S:inst3|FA:inst|HA:inst|inst1    ; |RM|Dtp:inst|AU1:inst1|Adder8:inst9|Adder4S:inst3|FA:inst|HA:inst|inst1    ; out0             ;
; |RM|Dtp:inst|AU1:inst1|Adder8:inst9|Adder4S:inst3|FA:inst|HA:inst1|inst    ; |RM|Dtp:inst|AU1:inst1|Adder8:inst9|Adder4S:inst3|FA:inst|HA:inst1|inst    ; out0             ;
; |RM|Dtp:inst|AU1:inst1|Adder8:inst9|Adder4S:inst3|FA:inst|HA:inst1|inst1   ; |RM|Dtp:inst|AU1:inst1|Adder8:inst9|Adder4S:inst3|FA:inst|HA:inst1|inst1   ; out0             ;
; |RM|Dtp:inst|AU1:inst1|Adder8:inst9|Adder4S:inst3|FA:inst17|inst2          ; |RM|Dtp:inst|AU1:inst1|Adder8:inst9|Adder4S:inst3|FA:inst17|inst2          ; out0             ;
; |RM|Dtp:inst|AU1:inst1|Adder8:inst9|Adder4S:inst3|FA:inst17|HA:inst|inst   ; |RM|Dtp:inst|AU1:inst1|Adder8:inst9|Adder4S:inst3|FA:inst17|HA:inst|inst   ; out0             ;
; |RM|Dtp:inst|AU1:inst1|Adder8:inst9|Adder4S:inst3|FA:inst17|HA:inst|inst1  ; |RM|Dtp:inst|AU1:inst1|Adder8:inst9|Adder4S:inst3|FA:inst17|HA:inst|inst1  ; out0             ;
; |RM|Dtp:inst|AU1:inst1|Adder8:inst9|Adder4S:inst3|FA:inst17|HA:inst1|inst  ; |RM|Dtp:inst|AU1:inst1|Adder8:inst9|Adder4S:inst3|FA:inst17|HA:inst1|inst  ; out0             ;
; |RM|Dtp:inst|AU1:inst1|Adder8:inst9|Adder4S:inst3|FA:inst17|HA:inst1|inst1 ; |RM|Dtp:inst|AU1:inst1|Adder8:inst9|Adder4S:inst3|FA:inst17|HA:inst1|inst1 ; out0             ;
; |RM|Dtp:inst|AU1:inst1|Adder8:inst9|Adder4S:inst3|FA:inst18|inst2          ; |RM|Dtp:inst|AU1:inst1|Adder8:inst9|Adder4S:inst3|FA:inst18|inst2          ; out0             ;
; |RM|Dtp:inst|AU1:inst1|Adder8:inst9|Adder4S:inst3|FA:inst18|HA:inst|inst   ; |RM|Dtp:inst|AU1:inst1|Adder8:inst9|Adder4S:inst3|FA:inst18|HA:inst|inst   ; out0             ;
; |RM|Dtp:inst|AU1:inst1|Adder8:inst9|Adder4S:inst3|FA:inst18|HA:inst|inst1  ; |RM|Dtp:inst|AU1:inst1|Adder8:inst9|Adder4S:inst3|FA:inst18|HA:inst|inst1  ; out0             ;
; |RM|Dtp:inst|AU1:inst1|Adder8:inst9|Adder4S:inst3|FA:inst18|HA:inst1|inst  ; |RM|Dtp:inst|AU1:inst1|Adder8:inst9|Adder4S:inst3|FA:inst18|HA:inst1|inst  ; out0             ;
; |RM|Dtp:inst|AU1:inst1|Adder8:inst9|Adder4S:inst3|FA:inst18|HA:inst1|inst1 ; |RM|Dtp:inst|AU1:inst1|Adder8:inst9|Adder4S:inst3|FA:inst18|HA:inst1|inst1 ; out0             ;
; |RM|Dtp:inst|AU1:inst1|Adder8:inst9|Adder4S:inst3|FA:inst19|HA:inst|inst   ; |RM|Dtp:inst|AU1:inst1|Adder8:inst9|Adder4S:inst3|FA:inst19|HA:inst|inst   ; out0             ;
; |RM|Dtp:inst|AU1:inst1|Adder8:inst9|Adder4S:inst3|FA:inst19|HA:inst1|inst  ; |RM|Dtp:inst|AU1:inst1|Adder8:inst9|Adder4S:inst3|FA:inst19|HA:inst1|inst  ; out0             ;
; |RM|Dtp:inst|AU1:inst1|8mux21:inst4|inst3[6]                               ; |RM|Dtp:inst|AU1:inst1|8mux21:inst4|inst3[6]                               ; out0             ;
; |RM|Dtp:inst|AU1:inst1|8mux21:inst4|inst3[5]                               ; |RM|Dtp:inst|AU1:inst1|8mux21:inst4|inst3[5]                               ; out0             ;
; |RM|Dtp:inst|AU1:inst1|8mux21:inst4|inst3[4]                               ; |RM|Dtp:inst|AU1:inst1|8mux21:inst4|inst3[4]                               ; out0             ;
; |RM|Dtp:inst|AU1:inst1|8mux21:inst4|inst3[3]                               ; |RM|Dtp:inst|AU1:inst1|8mux21:inst4|inst3[3]                               ; out0             ;
; |RM|Dtp:inst|AU1:inst1|8mux21:inst4|inst3[2]                               ; |RM|Dtp:inst|AU1:inst1|8mux21:inst4|inst3[2]                               ; out0             ;
; |RM|Dtp:inst|AU1:inst1|8mux21:inst4|inst3[1]                               ; |RM|Dtp:inst|AU1:inst1|8mux21:inst4|inst3[1]                               ; out0             ;
; |RM|Dtp:inst|AU1:inst1|8mux21:inst4|inst3[0]                               ; |RM|Dtp:inst|AU1:inst1|8mux21:inst4|inst3[0]                               ; out0             ;
; |RM|Dtp:inst|AU1:inst1|8mux21:inst4|inst1[5]                               ; |RM|Dtp:inst|AU1:inst1|8mux21:inst4|inst1[5]                               ; out0             ;
; |RM|Dtp:inst|AU1:inst1|8mux21:inst4|inst1[4]                               ; |RM|Dtp:inst|AU1:inst1|8mux21:inst4|inst1[4]                               ; out0             ;
; |RM|Dtp:inst|AU1:inst1|8mux21:inst4|inst1[3]                               ; |RM|Dtp:inst|AU1:inst1|8mux21:inst4|inst1[3]                               ; out0             ;
; |RM|Dtp:inst|AU1:inst1|8mux21:inst4|inst1[2]                               ; |RM|Dtp:inst|AU1:inst1|8mux21:inst4|inst1[2]                               ; out0             ;
; |RM|Dtp:inst|AU1:inst1|8mux21:inst4|inst1[1]                               ; |RM|Dtp:inst|AU1:inst1|8mux21:inst4|inst1[1]                               ; out0             ;
; |RM|Dtp:inst|AU1:inst1|8mux21:inst4|inst1[0]                               ; |RM|Dtp:inst|AU1:inst1|8mux21:inst4|inst1[0]                               ; out0             ;
; |RM|Dtp:inst|AU1:inst1|8mux21:inst4|inst[6]                                ; |RM|Dtp:inst|AU1:inst1|8mux21:inst4|inst[6]                                ; out0             ;
; |RM|Dtp:inst|AU1:inst1|8mux21:inst4|inst[5]                                ; |RM|Dtp:inst|AU1:inst1|8mux21:inst4|inst[5]                                ; out0             ;
; |RM|Dtp:inst|AU1:inst1|8mux21:inst4|inst[4]                                ; |RM|Dtp:inst|AU1:inst1|8mux21:inst4|inst[4]                                ; out0             ;
; |RM|Dtp:inst|AU1:inst1|8mux21:inst4|inst[3]                                ; |RM|Dtp:inst|AU1:inst1|8mux21:inst4|inst[3]                                ; out0             ;
; |RM|Dtp:inst|AU1:inst1|8mux21:inst4|inst[2]                                ; |RM|Dtp:inst|AU1:inst1|8mux21:inst4|inst[2]                                ; out0             ;
; |RM|Dtp:inst|AU1:inst1|8mux21:inst4|inst[1]                                ; |RM|Dtp:inst|AU1:inst1|8mux21:inst4|inst[1]                                ; out0             ;
; |RM|Dtp:inst|AU1:inst1|8mux21:inst4|inst[0]                                ; |RM|Dtp:inst|AU1:inst1|8mux21:inst4|inst[0]                                ; out0             ;
; |RM|Dtp:inst|RF13:inst|Register8:R3|8mux21:inst1|inst3[5]                  ; |RM|Dtp:inst|RF13:inst|Register8:R3|8mux21:inst1|inst3[5]                  ; out0             ;
; |RM|Dtp:inst|RF13:inst|Register8:R3|8mux21:inst1|inst3[4]                  ; |RM|Dtp:inst|RF13:inst|Register8:R3|8mux21:inst1|inst3[4]                  ; out0             ;
; |RM|Dtp:inst|RF13:inst|Register8:R3|8mux21:inst1|inst3[3]                  ; |RM|Dtp:inst|RF13:inst|Register8:R3|8mux21:inst1|inst3[3]                  ; out0             ;
; |RM|Dtp:inst|RF13:inst|Register8:R3|8mux21:inst1|inst3[0]                  ; |RM|Dtp:inst|RF13:inst|Register8:R3|8mux21:inst1|inst3[0]                  ; out0             ;
; |RM|Dtp:inst|RF13:inst|Register8:R3|8mux21:inst1|inst1[1]                  ; |RM|Dtp:inst|RF13:inst|Register8:R3|8mux21:inst1|inst1[1]                  ; out0             ;
; |RM|Dtp:inst|RF13:inst|Register8:R3|8mux21:inst1|inst1[0]                  ; |RM|Dtp:inst|RF13:inst|Register8:R3|8mux21:inst1|inst1[0]                  ; out0             ;
; |RM|Dtp:inst|RF13:inst|Register8:R3|8mux21:inst1|inst[5]                   ; |RM|Dtp:inst|RF13:inst|Register8:R3|8mux21:inst1|inst[5]                   ; out0             ;
; |RM|Dtp:inst|RF13:inst|Register8:R3|8mux21:inst1|inst[4]                   ; |RM|Dtp:inst|RF13:inst|Register8:R3|8mux21:inst1|inst[4]                   ; out0             ;
; |RM|Dtp:inst|RF13:inst|Register8:R3|8mux21:inst1|inst[3]                   ; |RM|Dtp:inst|RF13:inst|Register8:R3|8mux21:inst1|inst[3]                   ; out0             ;
; |RM|Dtp:inst|RF13:inst|Register8:R3|8mux21:inst1|inst[2]                   ; |RM|Dtp:inst|RF13:inst|Register8:R3|8mux21:inst1|inst[2]                   ; out0             ;
; |RM|Dtp:inst|RF13:inst|Register8:R3|8mux21:inst1|inst[1]                   ; |RM|Dtp:inst|RF13:inst|Register8:R3|8mux21:inst1|inst[1]                   ; out0             ;
; |RM|Dtp:inst|RF13:inst|Register8:R3|8mux21:inst1|inst[0]                   ; |RM|Dtp:inst|RF13:inst|Register8:R3|8mux21:inst1|inst[0]                   ; out0             ;
; |RM|Dtp:inst|RF13:inst|Register8:R1|8mux21:inst1|inst3[6]                  ; |RM|Dtp:inst|RF13:inst|Register8:R1|8mux21:inst1|inst3[6]                  ; out0             ;
; |RM|Dtp:inst|RF13:inst|Register8:R1|8mux21:inst1|inst3[5]                  ; |RM|Dtp:inst|RF13:inst|Register8:R1|8mux21:inst1|inst3[5]                  ; out0             ;
; |RM|Dtp:inst|RF13:inst|Register8:R1|8mux21:inst1|inst3[4]                  ; |RM|Dtp:inst|RF13:inst|Register8:R1|8mux21:inst1|inst3[4]                  ; out0             ;
; |RM|Dtp:inst|RF13:inst|Register8:R1|8mux21:inst1|inst3[3]                  ; |RM|Dtp:inst|RF13:inst|Register8:R1|8mux21:inst1|inst3[3]                  ; out0             ;
; |RM|Dtp:inst|RF13:inst|Register8:R1|8mux21:inst1|inst3[2]                  ; |RM|Dtp:inst|RF13:inst|Register8:R1|8mux21:inst1|inst3[2]                  ; out0             ;
; |RM|Dtp:inst|RF13:inst|Register8:R1|8mux21:inst1|inst3[1]                  ; |RM|Dtp:inst|RF13:inst|Register8:R1|8mux21:inst1|inst3[1]                  ; out0             ;
; |RM|Dtp:inst|RF13:inst|Register8:R1|8mux21:inst1|inst3[0]                  ; |RM|Dtp:inst|RF13:inst|Register8:R1|8mux21:inst1|inst3[0]                  ; out0             ;
; |RM|Dtp:inst|RF13:inst|Register8:R1|8mux21:inst1|inst1[6]                  ; |RM|Dtp:inst|RF13:inst|Register8:R1|8mux21:inst1|inst1[6]                  ; out0             ;
; |RM|Dtp:inst|RF13:inst|Register8:R1|8mux21:inst1|inst1[5]                  ; |RM|Dtp:inst|RF13:inst|Register8:R1|8mux21:inst1|inst1[5]                  ; out0             ;
; |RM|Dtp:inst|RF13:inst|Register8:R1|8mux21:inst1|inst1[4]                  ; |RM|Dtp:inst|RF13:inst|Register8:R1|8mux21:inst1|inst1[4]                  ; out0             ;
; |RM|Dtp:inst|RF13:inst|Register8:R1|8mux21:inst1|inst1[3]                  ; |RM|Dtp:inst|RF13:inst|Register8:R1|8mux21:inst1|inst1[3]                  ; out0             ;
; |RM|Dtp:inst|RF13:inst|Register8:R1|8mux21:inst1|inst1[2]                  ; |RM|Dtp:inst|RF13:inst|Register8:R1|8mux21:inst1|inst1[2]                  ; out0             ;
; |RM|Dtp:inst|RF13:inst|Register8:R1|8mux21:inst1|inst1[1]                  ; |RM|Dtp:inst|RF13:inst|Register8:R1|8mux21:inst1|inst1[1]                  ; out0             ;
; |RM|Dtp:inst|RF13:inst|Register8:R1|8mux21:inst1|inst[6]                   ; |RM|Dtp:inst|RF13:inst|Register8:R1|8mux21:inst1|inst[6]                   ; out0             ;
; |RM|Dtp:inst|RF13:inst|Register8:R1|8mux21:inst1|inst[5]                   ; |RM|Dtp:inst|RF13:inst|Register8:R1|8mux21:inst1|inst[5]                   ; out0             ;
; |RM|Dtp:inst|RF13:inst|Register8:R1|8mux21:inst1|inst[4]                   ; |RM|Dtp:inst|RF13:inst|Register8:R1|8mux21:inst1|inst[4]                   ; out0             ;
; |RM|Dtp:inst|RF13:inst|Register8:R1|8mux21:inst1|inst[3]                   ; |RM|Dtp:inst|RF13:inst|Register8:R1|8mux21:inst1|inst[3]                   ; out0             ;
; |RM|Dtp:inst|RF13:inst|Register8:R1|8mux21:inst1|inst[2]                   ; |RM|Dtp:inst|RF13:inst|Register8:R1|8mux21:inst1|inst[2]                   ; out0             ;
; |RM|Dtp:inst|RF13:inst|Register8:R1|8mux21:inst1|inst[1]                   ; |RM|Dtp:inst|RF13:inst|Register8:R1|8mux21:inst1|inst[1]                   ; out0             ;
; |RM|Dtp:inst|RF13:inst|Register8:R1|8mux21:inst1|inst[0]                   ; |RM|Dtp:inst|RF13:inst|Register8:R1|8mux21:inst1|inst[0]                   ; out0             ;
; |RM|Dtp:inst|RF13:inst|Register8:R1|R8DFFs:inst|inst3                      ; |RM|Dtp:inst|RF13:inst|Register8:R1|R8DFFs:inst|inst3                      ; regout           ;
; |RM|Dtp:inst|RF13:inst|Register8:R1|R8DFFs:inst|inst2                      ; |RM|Dtp:inst|RF13:inst|Register8:R1|R8DFFs:inst|inst2                      ; regout           ;
; |RM|Dtp:inst|RF13:inst|Register8:R1|R8DFFs:inst|inst1                      ; |RM|Dtp:inst|RF13:inst|Register8:R1|R8DFFs:inst|inst1                      ; regout           ;
; |RM|Dtp:inst|RF13:inst|Register8:R1|R8DFFs:inst|inst                       ; |RM|Dtp:inst|RF13:inst|Register8:R1|R8DFFs:inst|inst                       ; regout           ;
; |RM|Dtp:inst|RF13:inst|Register8:R1|R8DFFs:inst|inst4                      ; |RM|Dtp:inst|RF13:inst|Register8:R1|R8DFFs:inst|inst4                      ; regout           ;
; |RM|Dtp:inst|RF13:inst|Register8:R1|R8DFFs:inst|inst5                      ; |RM|Dtp:inst|RF13:inst|Register8:R1|R8DFFs:inst|inst5                      ; regout           ;
; |RM|Dtp:inst|RF13:inst|Register8:R1|R8DFFs:inst|inst6                      ; |RM|Dtp:inst|RF13:inst|Register8:R1|R8DFFs:inst|inst6                      ; regout           ;
; |RM|Dtp:inst|RF13:inst|Register8:R1|R8DFFs:inst|inst7                      ; |RM|Dtp:inst|RF13:inst|Register8:R1|R8DFFs:inst|inst7                      ; regout           ;
; |RM|Dtp:inst|RF13:inst|8mux21:inst2|inst3[7]                               ; |RM|Dtp:inst|RF13:inst|8mux21:inst2|inst3[7]                               ; out0             ;
; |RM|Dtp:inst|RF13:inst|8mux21:inst2|inst3[6]                               ; |RM|Dtp:inst|RF13:inst|8mux21:inst2|inst3[6]                               ; out0             ;
; |RM|Dtp:inst|RF13:inst|8mux21:inst2|inst3[5]                               ; |RM|Dtp:inst|RF13:inst|8mux21:inst2|inst3[5]                               ; out0             ;
; |RM|Dtp:inst|RF13:inst|8mux21:inst2|inst3[4]                               ; |RM|Dtp:inst|RF13:inst|8mux21:inst2|inst3[4]                               ; out0             ;
; |RM|Dtp:inst|RF13:inst|8mux21:inst2|inst3[3]                               ; |RM|Dtp:inst|RF13:inst|8mux21:inst2|inst3[3]                               ; out0             ;
; |RM|Dtp:inst|RF13:inst|8mux21:inst2|inst3[2]                               ; |RM|Dtp:inst|RF13:inst|8mux21:inst2|inst3[2]                               ; out0             ;
; |RM|Dtp:inst|RF13:inst|8mux21:inst2|inst3[1]                               ; |RM|Dtp:inst|RF13:inst|8mux21:inst2|inst3[1]                               ; out0             ;
; |RM|Dtp:inst|RF13:inst|8mux21:inst2|inst3[0]                               ; |RM|Dtp:inst|RF13:inst|8mux21:inst2|inst3[0]                               ; out0             ;
; |RM|Dtp:inst|RF13:inst|8mux21:inst2|inst1[3]                               ; |RM|Dtp:inst|RF13:inst|8mux21:inst2|inst1[3]                               ; out0             ;
; |RM|Dtp:inst|RF13:inst|8mux21:inst2|inst1[2]                               ; |RM|Dtp:inst|RF13:inst|8mux21:inst2|inst1[2]                               ; out0             ;
; |RM|Dtp:inst|RF13:inst|8mux21:inst2|inst1[1]                               ; |RM|Dtp:inst|RF13:inst|8mux21:inst2|inst1[1]                               ; out0             ;
; |RM|Dtp:inst|RF13:inst|8mux21:inst2|inst1[0]                               ; |RM|Dtp:inst|RF13:inst|8mux21:inst2|inst1[0]                               ; out0             ;
; |RM|Dtp:inst|RF13:inst|8mux21:inst2|inst[7]                                ; |RM|Dtp:inst|RF13:inst|8mux21:inst2|inst[7]                                ; out0             ;
; |RM|Dtp:inst|RF13:inst|8mux21:inst2|inst[6]                                ; |RM|Dtp:inst|RF13:inst|8mux21:inst2|inst[6]                                ; out0             ;
; |RM|Dtp:inst|RF13:inst|8mux21:inst2|inst[5]                                ; |RM|Dtp:inst|RF13:inst|8mux21:inst2|inst[5]                                ; out0             ;
; |RM|Dtp:inst|RF13:inst|8mux21:inst2|inst[4]                                ; |RM|Dtp:inst|RF13:inst|8mux21:inst2|inst[4]                                ; out0             ;
; |RM|Dtp:inst|RF13:inst|8mux21:inst2|inst[3]                                ; |RM|Dtp:inst|RF13:inst|8mux21:inst2|inst[3]                                ; out0             ;
; |RM|Dtp:inst|RF13:inst|8mux21:inst2|inst[2]                                ; |RM|Dtp:inst|RF13:inst|8mux21:inst2|inst[2]                                ; out0             ;
; |RM|Dtp:inst|RF13:inst|8mux21:inst2|inst[1]                                ; |RM|Dtp:inst|RF13:inst|8mux21:inst2|inst[1]                                ; out0             ;
; |RM|Dtp:inst|RF13:inst|8mux21:inst2|inst[0]                                ; |RM|Dtp:inst|RF13:inst|8mux21:inst2|inst[0]                                ; out0             ;
; |RM|Controller:inst1|NextStateLogic:inst|inst16                            ; |RM|Controller:inst1|NextStateLogic:inst|inst16                            ; out0             ;
; |RM|Controller:inst1|NextStateLogic:inst|inst13                            ; |RM|Controller:inst1|NextStateLogic:inst|inst13                            ; out0             ;
; |RM|Controller:inst1|NextStateLogic:inst|inst15                            ; |RM|Controller:inst1|NextStateLogic:inst|inst15                            ; out0             ;
; |RM|Controller:inst1|NextStateLogic:inst|inst12                            ; |RM|Controller:inst1|NextStateLogic:inst|inst12                            ; out0             ;
; |RM|Controller:inst1|NextStateLogic:inst|inst14                            ; |RM|Controller:inst1|NextStateLogic:inst|inst14                            ; out0             ;
; |RM|Controller:inst1|NextStateLogic:inst|inst10                            ; |RM|Controller:inst1|NextStateLogic:inst|inst10                            ; out0             ;
; |RM|Controller:inst1|NextStateLogic:inst|inst7                             ; |RM|Controller:inst1|NextStateLogic:inst|inst7                             ; out0             ;
; |RM|Controller:inst1|NextStateLogic:inst|inst8                             ; |RM|Controller:inst1|NextStateLogic:inst|inst8                             ; out0             ;
; |RM|Controller:inst1|NextStateLogic:inst|inst6                             ; |RM|Controller:inst1|NextStateLogic:inst|inst6                             ; out0             ;
; |RM|Controller:inst1|NextStateLogic:inst|inst3                             ; |RM|Controller:inst1|NextStateLogic:inst|inst3                             ; out0             ;
; |RM|Controller:inst1|NextStateLogic:inst|inst2                             ; |RM|Controller:inst1|NextStateLogic:inst|inst2                             ; out0             ;
; |RM|Controller:inst1|NextStateLogic:inst|inst1                             ; |RM|Controller:inst1|NextStateLogic:inst|inst1                             ; out0             ;
; |RM|Controller:inst1|NextStateLogic:inst|inst                              ; |RM|Controller:inst1|NextStateLogic:inst|inst                              ; out0             ;
; |RM|Controller:inst1|ctrDFFs:inst1|inst3                                   ; |RM|Controller:inst1|ctrDFFs:inst1|inst3                                   ; regout           ;
; |RM|Controller:inst1|ctrDFFs:inst1|inst2                                   ; |RM|Controller:inst1|ctrDFFs:inst1|inst2                                   ; regout           ;
; |RM|Controller:inst1|ctrDFFs:inst1|inst1                                   ; |RM|Controller:inst1|ctrDFFs:inst1|inst1                                   ; regout           ;
; |RM|Controller:inst1|OutputLogic:inst2|inst7                               ; |RM|Controller:inst1|OutputLogic:inst2|inst7                               ; out0             ;
; |RM|Controller:inst1|OutputLogic:inst2|inst8                               ; |RM|Controller:inst1|OutputLogic:inst2|inst8                               ; out0             ;
; |RM|Controller:inst1|OutputLogic:inst2|inst23                              ; |RM|Controller:inst1|OutputLogic:inst2|inst23                              ; out0             ;
; |RM|Controller:inst1|OutputLogic:inst2|inst13                              ; |RM|Controller:inst1|OutputLogic:inst2|inst13                              ; out0             ;
; |RM|Controller:inst1|OutputLogic:inst2|inst22                              ; |RM|Controller:inst1|OutputLogic:inst2|inst22                              ; out0             ;
; |RM|Controller:inst1|OutputLogic:inst2|inst10                              ; |RM|Controller:inst1|OutputLogic:inst2|inst10                              ; out0             ;
; |RM|Controller:inst1|OutputLogic:inst2|inst12                              ; |RM|Controller:inst1|OutputLogic:inst2|inst12                              ; out0             ;
; |RM|Controller:inst1|OutputLogic:inst2|inst11                              ; |RM|Controller:inst1|OutputLogic:inst2|inst11                              ; out0             ;
; |RM|Controller:inst1|OutputLogic:inst2|inst19                              ; |RM|Controller:inst1|OutputLogic:inst2|inst19                              ; out0             ;
; |RM|Controller:inst1|OutputLogic:inst2|inst18                              ; |RM|Controller:inst1|OutputLogic:inst2|inst18                              ; out0             ;
; |RM|Controller:inst1|OutputLogic:inst2|inst17                              ; |RM|Controller:inst1|OutputLogic:inst2|inst17                              ; out0             ;
; |RM|Controller:inst1|OutputLogic:inst2|inst21                              ; |RM|Controller:inst1|OutputLogic:inst2|inst21                              ; out0             ;
; |RM|Controller:inst1|OutputLogic:inst2|inst20                              ; |RM|Controller:inst1|OutputLogic:inst2|inst20                              ; out0             ;
; |RM|Controller:inst1|OutputLogic:inst2|inst                                ; |RM|Controller:inst1|OutputLogic:inst2|inst                                ; out0             ;
; |RM|Controller:inst1|OutputLogic:inst2|inst6                               ; |RM|Controller:inst1|OutputLogic:inst2|inst6                               ; out0             ;
; |RM|Controller:inst1|OutputLogic:inst2|inst25                              ; |RM|Controller:inst1|OutputLogic:inst2|inst25                              ; out0             ;
; |RM|Controller:inst1|OutputLogic:inst2|inst27                              ; |RM|Controller:inst1|OutputLogic:inst2|inst27                              ; out0             ;
; |RM|Controller:inst1|OutputLogic:inst2|inst26                              ; |RM|Controller:inst1|OutputLogic:inst2|inst26                              ; out0             ;
; |RM|Controller:inst1|OutputLogic:inst2|inst24                              ; |RM|Controller:inst1|OutputLogic:inst2|inst24                              ; out0             ;
; |RM|Controller:inst1|OutputLogic:inst2|inst15                              ; |RM|Controller:inst1|OutputLogic:inst2|inst15                              ; out0             ;
+----------------------------------------------------------------------------+----------------------------------------------------------------------------+------------------+


The following table displays output ports that do not toggle to 1 during simulation.
+--------------------------------------------------------------------------------------------------------------------------------------------------------------------------+
; Missing 1-Value Coverage                                                                                                                                                 ;
+---------------------------------------------------------------------------+---------------------------------------------------------------------------+------------------+
; Node Name                                                                 ; Output Port Name                                                          ; Output Port Type ;
+---------------------------------------------------------------------------+---------------------------------------------------------------------------+------------------+
; |RM|Res[7]                                                                ; |RM|Res[7]                                                                ; pin_out          ;
; |RM|Res[0]                                                                ; |RM|Res[0]                                                                ; pin_out          ;
; |RM|In1[7]                                                                ; |RM|In1[7]                                                                ; out              ;
; |RM|In1[6]                                                                ; |RM|In1[6]                                                                ; out              ;
; |RM|In1[5]                                                                ; |RM|In1[5]                                                                ; out              ;
; |RM|In2[7]                                                                ; |RM|In2[7]                                                                ; out              ;
; |RM|In2[6]                                                                ; |RM|In2[6]                                                                ; out              ;
; |RM|In2[0]                                                                ; |RM|In2[0]                                                                ; out              ;
; |RM|Dtp:inst|inst14[7]                                                    ; |RM|Dtp:inst|inst14[7]                                                    ; out              ;
; |RM|Dtp:inst|inst14[0]                                                    ; |RM|Dtp:inst|inst14[0]                                                    ; out              ;
; |RM|Dtp:inst|I~0                                                          ; |RM|Dtp:inst|I~0                                                          ; out0             ;
; |RM|Dtp:inst|inst7[7]                                                     ; |RM|Dtp:inst|inst7[7]                                                     ; out              ;
; |RM|Dtp:inst|I~8                                                          ; |RM|Dtp:inst|I~8                                                          ; out0             ;
; |RM|Dtp:inst|inst9[7]                                                     ; |RM|Dtp:inst|inst9[7]                                                     ; out              ;
; |RM|Dtp:inst|inst13[7]                                                    ; |RM|Dtp:inst|inst13[7]                                                    ; out              ;
; |RM|Dtp:inst|inst13[6]                                                    ; |RM|Dtp:inst|inst13[6]                                                    ; out              ;
; |RM|Dtp:inst|inst13[0]                                                    ; |RM|Dtp:inst|inst13[0]                                                    ; out              ;
; |RM|Dtp:inst|inst11[7]                                                    ; |RM|Dtp:inst|inst11[7]                                                    ; out              ;
; |RM|Dtp:inst|inst11[6]                                                    ; |RM|Dtp:inst|inst11[6]                                                    ; out              ;
; |RM|Dtp:inst|inst11[5]                                                    ; |RM|Dtp:inst|inst11[5]                                                    ; out              ;
; |RM|Dtp:inst|inst11[4]                                                    ; |RM|Dtp:inst|inst11[4]                                                    ; out              ;
; |RM|Dtp:inst|inst11[3]                                                    ; |RM|Dtp:inst|inst11[3]                                                    ; out              ;
; |RM|Dtp:inst|inst8[7]                                                     ; |RM|Dtp:inst|inst8[7]                                                     ; out              ;
; |RM|Dtp:inst|inst8[6]                                                     ; |RM|Dtp:inst|inst8[6]                                                     ; out              ;
; |RM|Dtp:inst|inst8[5]                                                     ; |RM|Dtp:inst|inst8[5]                                                     ; out              ;
; |RM|Dtp:inst|inst12[7]                                                    ; |RM|Dtp:inst|inst12[7]                                                    ; out              ;
; |RM|Dtp:inst|inst12[6]                                                    ; |RM|Dtp:inst|inst12[6]                                                    ; out              ;
; |RM|Dtp:inst|inst12[5]                                                    ; |RM|Dtp:inst|inst12[5]                                                    ; out              ;
; |RM|Dtp:inst|inst12[4]                                                    ; |RM|Dtp:inst|inst12[4]                                                    ; out              ;
; |RM|Dtp:inst|AU2:inst2|inst18                                             ; |RM|Dtp:inst|AU2:inst2|inst18                                             ; out0             ;
; |RM|Dtp:inst|AU2:inst2|inst[7]                                            ; |RM|Dtp:inst|AU2:inst2|inst[7]                                            ; out0             ;
; |RM|Dtp:inst|AU2:inst2|inst[6]                                            ; |RM|Dtp:inst|AU2:inst2|inst[6]                                            ; out0             ;
; |RM|Dtp:inst|AU2:inst2|8mux21:inst13|inst[7]                              ; |RM|Dtp:inst|AU2:inst2|8mux21:inst13|inst[7]                              ; out0             ;
; |RM|Dtp:inst|AU2:inst2|8mux21:inst13|inst[6]                              ; |RM|Dtp:inst|AU2:inst2|8mux21:inst13|inst[6]                              ; out0             ;
; |RM|Dtp:inst|AU2:inst2|8mux21:inst13|inst[5]                              ; |RM|Dtp:inst|AU2:inst2|8mux21:inst13|inst[5]                              ; out0             ;
; |RM|Dtp:inst|AU2:inst2|8mux21:inst14|inst3[7]                             ; |RM|Dtp:inst|AU2:inst2|8mux21:inst14|inst3[7]                             ; out0             ;
; |RM|Dtp:inst|AU2:inst2|8mux21:inst14|inst1[7]                             ; |RM|Dtp:inst|AU2:inst2|8mux21:inst14|inst1[7]                             ; out0             ;
; |RM|Dtp:inst|AU2:inst2|8mux21:inst14|inst[7]                              ; |RM|Dtp:inst|AU2:inst2|8mux21:inst14|inst[7]                              ; out0             ;
; |RM|Dtp:inst|AU2:inst2|Adder8:inst2|Adder4S:inst3|FA:inst18|HA:inst|inst1 ; |RM|Dtp:inst|AU2:inst2|Adder8:inst2|Adder4S:inst3|FA:inst18|HA:inst|inst1 ; out0             ;
; |RM|Dtp:inst|AU2:inst2|8mux21:inst15|inst3[7]                             ; |RM|Dtp:inst|AU2:inst2|8mux21:inst15|inst3[7]                             ; out0             ;
; |RM|Dtp:inst|AU2:inst2|8mux21:inst15|inst1[7]                             ; |RM|Dtp:inst|AU2:inst2|8mux21:inst15|inst1[7]                             ; out0             ;
; |RM|Dtp:inst|AU2:inst2|8mux21:inst15|inst1[6]                             ; |RM|Dtp:inst|AU2:inst2|8mux21:inst15|inst1[6]                             ; out0             ;
; |RM|Dtp:inst|AU2:inst2|8mux21:inst15|inst1[5]                             ; |RM|Dtp:inst|AU2:inst2|8mux21:inst15|inst1[5]                             ; out0             ;
; |RM|Dtp:inst|AU2:inst2|8mux21:inst15|inst1[4]                             ; |RM|Dtp:inst|AU2:inst2|8mux21:inst15|inst1[4]                             ; out0             ;
; |RM|Dtp:inst|AU2:inst2|8mux21:inst15|inst1[3]                             ; |RM|Dtp:inst|AU2:inst2|8mux21:inst15|inst1[3]                             ; out0             ;
; |RM|Dtp:inst|AU2:inst2|8mux21:inst15|inst1[2]                             ; |RM|Dtp:inst|AU2:inst2|8mux21:inst15|inst1[2]                             ; out0             ;
; |RM|Dtp:inst|AU2:inst2|8mux21:inst15|inst1[1]                             ; |RM|Dtp:inst|AU2:inst2|8mux21:inst15|inst1[1]                             ; out0             ;
; |RM|Dtp:inst|AU2:inst2|8mux21:inst15|inst1[0]                             ; |RM|Dtp:inst|AU2:inst2|8mux21:inst15|inst1[0]                             ; out0             ;
; |RM|Dtp:inst|AU2:inst2|8mux21:inst15|inst[7]                              ; |RM|Dtp:inst|AU2:inst2|8mux21:inst15|inst[7]                              ; out0             ;
; |RM|Dtp:inst|Register8:R2|8mux21:inst1|inst3[7]                           ; |RM|Dtp:inst|Register8:R2|8mux21:inst1|inst3[7]                           ; out0             ;
; |RM|Dtp:inst|Register8:R2|8mux21:inst1|inst1[7]                           ; |RM|Dtp:inst|Register8:R2|8mux21:inst1|inst1[7]                           ; out0             ;
; |RM|Dtp:inst|Register8:R2|8mux21:inst1|inst1[5]                           ; |RM|Dtp:inst|Register8:R2|8mux21:inst1|inst1[5]                           ; out0             ;
; |RM|Dtp:inst|Register8:R2|8mux21:inst1|inst1[4]                           ; |RM|Dtp:inst|Register8:R2|8mux21:inst1|inst1[4]                           ; out0             ;
; |RM|Dtp:inst|Register8:R2|8mux21:inst1|inst1[0]                           ; |RM|Dtp:inst|Register8:R2|8mux21:inst1|inst1[0]                           ; out0             ;
; |RM|Dtp:inst|Register8:R2|8mux21:inst1|inst[7]                            ; |RM|Dtp:inst|Register8:R2|8mux21:inst1|inst[7]                            ; out0             ;
; |RM|Dtp:inst|AU1:inst1|inst1[7]                                           ; |RM|Dtp:inst|AU1:inst1|inst1[7]                                           ; out0             ;
; |RM|Dtp:inst|AU1:inst1|8mux21:inst3|inst1[4]                              ; |RM|Dtp:inst|AU1:inst1|8mux21:inst3|inst1[4]                              ; out0             ;
; |RM|Dtp:inst|AU1:inst1|8mux21:inst3|inst1[3]                              ; |RM|Dtp:inst|AU1:inst1|8mux21:inst3|inst1[3]                              ; out0             ;
; |RM|Dtp:inst|AU1:inst1|8mux21:inst3|inst[7]                               ; |RM|Dtp:inst|AU1:inst1|8mux21:inst3|inst[7]                               ; out0             ;
; |RM|Dtp:inst|AU1:inst1|8mux21:inst4|inst3[7]                              ; |RM|Dtp:inst|AU1:inst1|8mux21:inst4|inst3[7]                              ; out0             ;
; |RM|Dtp:inst|AU1:inst1|8mux21:inst4|inst1[7]                              ; |RM|Dtp:inst|AU1:inst1|8mux21:inst4|inst1[7]                              ; out0             ;
; |RM|Dtp:inst|AU1:inst1|8mux21:inst4|inst1[6]                              ; |RM|Dtp:inst|AU1:inst1|8mux21:inst4|inst1[6]                              ; out0             ;
; |RM|Dtp:inst|AU1:inst1|8mux21:inst4|inst[7]                               ; |RM|Dtp:inst|AU1:inst1|8mux21:inst4|inst[7]                               ; out0             ;
; |RM|Dtp:inst|RF13:inst|Register8:R3|8mux21:inst1|inst3[7]                 ; |RM|Dtp:inst|RF13:inst|Register8:R3|8mux21:inst1|inst3[7]                 ; out0             ;
; |RM|Dtp:inst|RF13:inst|Register8:R3|8mux21:inst1|inst3[6]                 ; |RM|Dtp:inst|RF13:inst|Register8:R3|8mux21:inst1|inst3[6]                 ; out0             ;
; |RM|Dtp:inst|RF13:inst|Register8:R3|8mux21:inst1|inst1[7]                 ; |RM|Dtp:inst|RF13:inst|Register8:R3|8mux21:inst1|inst1[7]                 ; out0             ;
; |RM|Dtp:inst|RF13:inst|Register8:R3|8mux21:inst1|inst1[6]                 ; |RM|Dtp:inst|RF13:inst|Register8:R3|8mux21:inst1|inst1[6]                 ; out0             ;
; |RM|Dtp:inst|RF13:inst|Register8:R3|8mux21:inst1|inst1[5]                 ; |RM|Dtp:inst|RF13:inst|Register8:R3|8mux21:inst1|inst1[5]                 ; out0             ;
; |RM|Dtp:inst|RF13:inst|Register8:R3|8mux21:inst1|inst1[4]                 ; |RM|Dtp:inst|RF13:inst|Register8:R3|8mux21:inst1|inst1[4]                 ; out0             ;
; |RM|Dtp:inst|RF13:inst|Register8:R3|8mux21:inst1|inst[7]                  ; |RM|Dtp:inst|RF13:inst|Register8:R3|8mux21:inst1|inst[7]                  ; out0             ;
; |RM|Dtp:inst|RF13:inst|Register8:R3|8mux21:inst1|inst[6]                  ; |RM|Dtp:inst|RF13:inst|Register8:R3|8mux21:inst1|inst[6]                  ; out0             ;
; |RM|Dtp:inst|RF13:inst|Register8:R3|R8DFFs:inst|inst3                     ; |RM|Dtp:inst|RF13:inst|Register8:R3|R8DFFs:inst|inst3                     ; regout           ;
; |RM|Dtp:inst|RF13:inst|Register8:R3|R8DFFs:inst|inst2                     ; |RM|Dtp:inst|RF13:inst|Register8:R3|R8DFFs:inst|inst2                     ; regout           ;
; |RM|Dtp:inst|RF13:inst|Register8:R3|R8DFFs:inst|inst1                     ; |RM|Dtp:inst|RF13:inst|Register8:R3|R8DFFs:inst|inst1                     ; regout           ;
; |RM|Dtp:inst|RF13:inst|Register8:R3|R8DFFs:inst|inst                      ; |RM|Dtp:inst|RF13:inst|Register8:R3|R8DFFs:inst|inst                      ; regout           ;
; |RM|Dtp:inst|RF13:inst|Register8:R1|8mux21:inst1|inst3[7]                 ; |RM|Dtp:inst|RF13:inst|Register8:R1|8mux21:inst1|inst3[7]                 ; out0             ;
; |RM|Dtp:inst|RF13:inst|Register8:R1|8mux21:inst1|inst1[7]                 ; |RM|Dtp:inst|RF13:inst|Register8:R1|8mux21:inst1|inst1[7]                 ; out0             ;
; |RM|Dtp:inst|RF13:inst|Register8:R1|8mux21:inst1|inst1[0]                 ; |RM|Dtp:inst|RF13:inst|Register8:R1|8mux21:inst1|inst1[0]                 ; out0             ;
; |RM|Dtp:inst|RF13:inst|Register8:R1|8mux21:inst1|inst[7]                  ; |RM|Dtp:inst|RF13:inst|Register8:R1|8mux21:inst1|inst[7]                  ; out0             ;
; |RM|Dtp:inst|RF13:inst|8mux21:inst2|inst1[7]                              ; |RM|Dtp:inst|RF13:inst|8mux21:inst2|inst1[7]                              ; out0             ;
; |RM|Dtp:inst|RF13:inst|8mux21:inst2|inst1[6]                              ; |RM|Dtp:inst|RF13:inst|8mux21:inst2|inst1[6]                              ; out0             ;
; |RM|Dtp:inst|RF13:inst|8mux21:inst2|inst1[5]                              ; |RM|Dtp:inst|RF13:inst|8mux21:inst2|inst1[5]                              ; out0             ;
; |RM|Dtp:inst|RF13:inst|8mux21:inst2|inst1[4]                              ; |RM|Dtp:inst|RF13:inst|8mux21:inst2|inst1[4]                              ; out0             ;
+---------------------------------------------------------------------------+---------------------------------------------------------------------------+------------------+


The following table displays output ports that do not toggle to 0 during simulation.
+--------------------------------------------------------------------------------------------------------------------------------------------------------------------------+
; Missing 0-Value Coverage                                                                                                                                                 ;
+---------------------------------------------------------------------------+---------------------------------------------------------------------------+------------------+
; Node Name                                                                 ; Output Port Name                                                          ; Output Port Type ;
+---------------------------------------------------------------------------+---------------------------------------------------------------------------+------------------+
; |RM|In2[0]                                                                ; |RM|In2[0]                                                                ; out              ;
; |RM|Dtp:inst|inst12[1]                                                    ; |RM|Dtp:inst|inst12[1]                                                    ; out              ;
; |RM|Dtp:inst|inst12[0]                                                    ; |RM|Dtp:inst|inst12[0]                                                    ; out              ;
; |RM|Dtp:inst|AU2:inst2|inst18                                             ; |RM|Dtp:inst|AU2:inst2|inst18                                             ; out0             ;
; |RM|Dtp:inst|AU2:inst2|inst[7]                                            ; |RM|Dtp:inst|AU2:inst2|inst[7]                                            ; out0             ;
; |RM|Dtp:inst|AU2:inst2|inst[6]                                            ; |RM|Dtp:inst|AU2:inst2|inst[6]                                            ; out0             ;
; |RM|Dtp:inst|AU2:inst2|8mux21:inst13|inst[7]                              ; |RM|Dtp:inst|AU2:inst2|8mux21:inst13|inst[7]                              ; out0             ;
; |RM|Dtp:inst|AU2:inst2|8mux21:inst13|inst[6]                              ; |RM|Dtp:inst|AU2:inst2|8mux21:inst13|inst[6]                              ; out0             ;
; |RM|Dtp:inst|AU2:inst2|8mux21:inst13|inst[5]                              ; |RM|Dtp:inst|AU2:inst2|8mux21:inst13|inst[5]                              ; out0             ;
; |RM|Dtp:inst|AU2:inst2|Adder8:inst2|Adder4S:inst3|FA:inst18|HA:inst|inst1 ; |RM|Dtp:inst|AU2:inst2|Adder8:inst2|Adder4S:inst3|FA:inst18|HA:inst|inst1 ; out0             ;
; |RM|Dtp:inst|AU2:inst2|8mux21:inst15|inst1[7]                             ; |RM|Dtp:inst|AU2:inst2|8mux21:inst15|inst1[7]                             ; out0             ;
; |RM|Dtp:inst|AU2:inst2|8mux21:inst15|inst1[6]                             ; |RM|Dtp:inst|AU2:inst2|8mux21:inst15|inst1[6]                             ; out0             ;
; |RM|Dtp:inst|AU2:inst2|8mux21:inst15|inst1[5]                             ; |RM|Dtp:inst|AU2:inst2|8mux21:inst15|inst1[5]                             ; out0             ;
; |RM|Dtp:inst|AU2:inst2|8mux21:inst15|inst1[4]                             ; |RM|Dtp:inst|AU2:inst2|8mux21:inst15|inst1[4]                             ; out0             ;
; |RM|Dtp:inst|AU2:inst2|8mux21:inst15|inst1[3]                             ; |RM|Dtp:inst|AU2:inst2|8mux21:inst15|inst1[3]                             ; out0             ;
; |RM|Dtp:inst|AU2:inst2|8mux21:inst15|inst1[2]                             ; |RM|Dtp:inst|AU2:inst2|8mux21:inst15|inst1[2]                             ; out0             ;
; |RM|Dtp:inst|AU2:inst2|8mux21:inst15|inst1[1]                             ; |RM|Dtp:inst|AU2:inst2|8mux21:inst15|inst1[1]                             ; out0             ;
; |RM|Dtp:inst|AU2:inst2|8mux21:inst15|inst1[0]                             ; |RM|Dtp:inst|AU2:inst2|8mux21:inst15|inst1[0]                             ; out0             ;
; |RM|Dtp:inst|Register8:R2|8mux21:inst1|inst1[7]                           ; |RM|Dtp:inst|Register8:R2|8mux21:inst1|inst1[7]                           ; out0             ;
; |RM|Dtp:inst|Register8:R2|8mux21:inst1|inst1[5]                           ; |RM|Dtp:inst|Register8:R2|8mux21:inst1|inst1[5]                           ; out0             ;
; |RM|Dtp:inst|Register8:R2|8mux21:inst1|inst1[4]                           ; |RM|Dtp:inst|Register8:R2|8mux21:inst1|inst1[4]                           ; out0             ;
; |RM|Dtp:inst|Register8:R2|8mux21:inst1|inst1[0]                           ; |RM|Dtp:inst|Register8:R2|8mux21:inst1|inst1[0]                           ; out0             ;
; |RM|Dtp:inst|RF13:inst|Register8:R3|8mux21:inst1|inst3[7]                 ; |RM|Dtp:inst|RF13:inst|Register8:R3|8mux21:inst1|inst3[7]                 ; out0             ;
; |RM|Dtp:inst|RF13:inst|Register8:R3|8mux21:inst1|inst3[6]                 ; |RM|Dtp:inst|RF13:inst|Register8:R3|8mux21:inst1|inst3[6]                 ; out0             ;
; |RM|Dtp:inst|RF13:inst|Register8:R3|8mux21:inst1|inst3[2]                 ; |RM|Dtp:inst|RF13:inst|Register8:R3|8mux21:inst1|inst3[2]                 ; out0             ;
; |RM|Dtp:inst|RF13:inst|Register8:R3|8mux21:inst1|inst3[1]                 ; |RM|Dtp:inst|RF13:inst|Register8:R3|8mux21:inst1|inst3[1]                 ; out0             ;
; |RM|Dtp:inst|RF13:inst|Register8:R3|8mux21:inst1|inst1[7]                 ; |RM|Dtp:inst|RF13:inst|Register8:R3|8mux21:inst1|inst1[7]                 ; out0             ;
; |RM|Dtp:inst|RF13:inst|Register8:R3|8mux21:inst1|inst1[6]                 ; |RM|Dtp:inst|RF13:inst|Register8:R3|8mux21:inst1|inst1[6]                 ; out0             ;
; |RM|Dtp:inst|RF13:inst|Register8:R3|8mux21:inst1|inst1[5]                 ; |RM|Dtp:inst|RF13:inst|Register8:R3|8mux21:inst1|inst1[5]                 ; out0             ;
; |RM|Dtp:inst|RF13:inst|Register8:R3|8mux21:inst1|inst1[4]                 ; |RM|Dtp:inst|RF13:inst|Register8:R3|8mux21:inst1|inst1[4]                 ; out0             ;
; |RM|Dtp:inst|RF13:inst|Register8:R3|8mux21:inst1|inst1[3]                 ; |RM|Dtp:inst|RF13:inst|Register8:R3|8mux21:inst1|inst1[3]                 ; out0             ;
; |RM|Dtp:inst|RF13:inst|Register8:R3|8mux21:inst1|inst1[2]                 ; |RM|Dtp:inst|RF13:inst|Register8:R3|8mux21:inst1|inst1[2]                 ; out0             ;
; |RM|Dtp:inst|RF13:inst|Register8:R3|8mux21:inst1|inst[7]                  ; |RM|Dtp:inst|RF13:inst|Register8:R3|8mux21:inst1|inst[7]                  ; out0             ;
; |RM|Dtp:inst|RF13:inst|Register8:R3|8mux21:inst1|inst[6]                  ; |RM|Dtp:inst|RF13:inst|Register8:R3|8mux21:inst1|inst[6]                  ; out0             ;
; |RM|Dtp:inst|RF13:inst|Register8:R3|R8DFFs:inst|inst3                     ; |RM|Dtp:inst|RF13:inst|Register8:R3|R8DFFs:inst|inst3                     ; regout           ;
; |RM|Dtp:inst|RF13:inst|Register8:R3|R8DFFs:inst|inst2                     ; |RM|Dtp:inst|RF13:inst|Register8:R3|R8DFFs:inst|inst2                     ; regout           ;
; |RM|Dtp:inst|RF13:inst|Register8:R3|R8DFFs:inst|inst1                     ; |RM|Dtp:inst|RF13:inst|Register8:R3|R8DFFs:inst|inst1                     ; regout           ;
; |RM|Dtp:inst|RF13:inst|Register8:R3|R8DFFs:inst|inst                      ; |RM|Dtp:inst|RF13:inst|Register8:R3|R8DFFs:inst|inst                      ; regout           ;
; |RM|Dtp:inst|RF13:inst|Register8:R3|R8DFFs:inst|inst4                     ; |RM|Dtp:inst|RF13:inst|Register8:R3|R8DFFs:inst|inst4                     ; regout           ;
; |RM|Dtp:inst|RF13:inst|Register8:R3|R8DFFs:inst|inst5                     ; |RM|Dtp:inst|RF13:inst|Register8:R3|R8DFFs:inst|inst5                     ; regout           ;
; |RM|Dtp:inst|RF13:inst|Register8:R3|R8DFFs:inst|inst6                     ; |RM|Dtp:inst|RF13:inst|Register8:R3|R8DFFs:inst|inst6                     ; regout           ;
; |RM|Dtp:inst|RF13:inst|Register8:R3|R8DFFs:inst|inst7                     ; |RM|Dtp:inst|RF13:inst|Register8:R3|R8DFFs:inst|inst7                     ; regout           ;
; |RM|Dtp:inst|RF13:inst|Register8:R1|8mux21:inst1|inst1[7]                 ; |RM|Dtp:inst|RF13:inst|Register8:R1|8mux21:inst1|inst1[7]                 ; out0             ;
; |RM|Dtp:inst|RF13:inst|Register8:R1|8mux21:inst1|inst1[0]                 ; |RM|Dtp:inst|RF13:inst|Register8:R1|8mux21:inst1|inst1[0]                 ; out0             ;
; |RM|Dtp:inst|RF13:inst|8mux21:inst2|inst1[7]                              ; |RM|Dtp:inst|RF13:inst|8mux21:inst2|inst1[7]                              ; out0             ;
; |RM|Dtp:inst|RF13:inst|8mux21:inst2|inst1[6]                              ; |RM|Dtp:inst|RF13:inst|8mux21:inst2|inst1[6]                              ; out0             ;
; |RM|Dtp:inst|RF13:inst|8mux21:inst2|inst1[5]                              ; |RM|Dtp:inst|RF13:inst|8mux21:inst2|inst1[5]                              ; out0             ;
; |RM|Dtp:inst|RF13:inst|8mux21:inst2|inst1[4]                              ; |RM|Dtp:inst|RF13:inst|8mux21:inst2|inst1[4]                              ; out0             ;
+---------------------------------------------------------------------------+---------------------------------------------------------------------------+------------------+


+---------------------+
; Simulator INI Usage ;
+--------+------------+
; Option ; Usage      ;
+--------+------------+


+--------------------+
; Simulator Messages ;
+--------------------+
Info: *******************************************************************
Info: Running Quartus II 64-Bit Simulator
    Info: Version 13.0.1 Build 232 06/12/2013 Service Pack 1 SJ Web Edition
    Info: Processing started: Sat Dec 13 21:29:10 2025
Info: Command: quartus_sim --simulation_results_format=VWF RM -c RM
Info (324025): Using vector source file "D:/HK5/CE118_DigitalLogicDesign/CircuitDesign/RegisterMerging/RMwf.vwf"
Info (310003): Option to preserve fewer signal transitions to reduce memory requirements is enabled
    Info (310004): Simulation has been partitioned into sub-simulations according to the maximum transition count determined by the engine. Transitions from memory will be flushed out to disk at the end of each sub-simulation to reduce memory requirements.
Info (310002): Simulation partitioned into 1 sub-simulations
Info (328053): Simulation coverage is      81.25 %
Info (328052): Number of transitions in simulation is 4427
Info (324045): Vector file RM.sim.vwf is saved in VWF text format. You can compress it into CVWF format in order to reduce file size. For more details please refer to the Quartus II Help.
Info: Quartus II 64-Bit Simulator was successful. 0 errors, 0 warnings
    Info: Peak virtual memory: 4445 megabytes
    Info: Processing ended: Sat Dec 13 21:29:10 2025
    Info: Elapsed time: 00:00:00
    Info: Total CPU time (on all processors): 00:00:01


