Simulator report for OM
Sun Dec 14 14:43:57 2025
Quartus II 64-Bit Version 13.0.1 Build 232 06/12/2013 Service Pack 1 SJ Web Edition


---------------------
; Table of Contents ;
---------------------
  1. Legal Notice
  2. Simulator Summary
  3. Simulator Settings
  4. Simulation Waveforms
  5. Coverage Summary
  6. Complete 1/0-Value Coverage
  7. Missing 1-Value Coverage
  8. Missing 0-Value Coverage
  9. Simulator INI Usage
 10. Simulator Messages



----------------
; Legal Notice ;
----------------
Copyright (C) 1991-2013 Altera Corporation
Your use of Altera Corporation's design tools, logic functions 
and other software and tools, and its AMPP partner logic 
functions, and any output files from any of the foregoing 
(including device programming or simulation files), and any 
associated documentation or information are expressly subject 
to the terms and conditions of the Altera Program License 
Subscription Agreement, Altera MegaCore Function License 
Agreement, or other applicable license agreement, including, 
without limitation, that your use is for the sole purpose of 
programming logic devices manufactured by Altera and sold by 
Altera or its authorized distributors.  Please refer to the 
applicable agreement for further details.



+--------------------------------------------+
; Simulator Summary                          ;
+-----------------------------+--------------+
; Type                        ; Value        ;
+-----------------------------+--------------+
; Simulation Start Time       ; 0 ps         ;
; Simulation End Time         ; 360.0 ns     ;
; Simulation Netlist Size     ; 493 nodes    ;
; Simulation Coverage         ;      76.67 % ;
; Total Number of Transitions ; 2671         ;
; Simulation Breakpoints      ; 0            ;
; Family                      ; Cyclone II   ;
+-----------------------------+--------------+


+-------------------------------------------------------------------------------------------------------------------------------------------------------------------------------------+
; Simulator Settings                                                                                                                                                                  ;
+--------------------------------------------------------------------------------------------+------------------------------------------------------------------------+---------------+
; Option                                                                                     ; Setting                                                                ; Default Value ;
+--------------------------------------------------------------------------------------------+------------------------------------------------------------------------+---------------+
; Simulation mode                                                                            ; Functional                                                             ; Timing        ;
; Start time                                                                                 ; 0 ns                                                                   ; 0 ns          ;
; Simulation results format                                                                  ; VWF                                                                    ;               ;
; Vector input source                                                                        ; D:/HK5/CE118_DigitalLogicDesign/CircuitDesign/OperatorMerging/OMwf.vwf ;               ;
; Add pins automatically to simulation output waveforms                                      ; On                                                                     ; On            ;
; Check outputs                                                                              ; Off                                                                    ; Off           ;
; Report simulation coverage                                                                 ; On                                                                     ; On            ;
; Display complete 1/0 value coverage report                                                 ; On                                                                     ; On            ;
; Display missing 1-value coverage report                                                    ; On                                                                     ; On            ;
; Display missing 0-value coverage report                                                    ; On                                                                     ; On            ;
; Detect setup and hold time violations                                                      ; Off                                                                    ; Off           ;
; Detect glitches                                                                            ; Off                                                                    ; Off           ;
; Disable timing delays in Timing Simulation                                                 ; Off                                                                    ; Off           ;
; Generate Signal Activity File                                                              ; Off                                                                    ; Off           ;
; Generate VCD File for PowerPlay Power Analyzer                                             ; Off                                                                    ; Off           ;
; Group bus channels in simulation results                                                   ; Off                                                                    ; Off           ;
; Preserve fewer signal transitions to reduce memory requirements                            ; On                                                                     ; On            ;
; Trigger vector comparison with the specified mode                                          ; INPUT_EDGE                                                             ; INPUT_EDGE    ;
; Disable setup and hold time violations detection in input registers of bi-directional pins ; Off                                                                    ; Off           ;
; Overwrite Waveform Inputs With Simulation Outputs                                          ; Off                                                                    ;               ;
; Perform Glitch Filtering in Timing Simulation                                              ; Auto                                                                   ; Auto          ;
+--------------------------------------------------------------------------------------------+------------------------------------------------------------------------+---------------+


+----------------------+
; Simulation Waveforms ;
+----------------------+
Waveform report data cannot be output to ASCII.
Please use Quartus II 64-Bit to view the waveform report data.


+--------------------------------------------------------------------+
; Coverage Summary                                                   ;
+-----------------------------------------------------+--------------+
; Type                                                ; Value        ;
+-----------------------------------------------------+--------------+
; Total coverage as a percentage                      ;      76.67 % ;
; Total nodes checked                                 ; 493          ;
; Total output ports checked                          ; 493          ;
; Total output ports with complete 1/0-value coverage ; 378          ;
; Total output ports with no 1/0-value coverage       ; 78           ;
; Total output ports with no 1-value coverage         ; 103          ;
; Total output ports with no 0-value coverage         ; 90           ;
+-----------------------------------------------------+--------------+


The following table displays output ports that toggle between 1 and 0 during simulation.
+----------------------------------------------------------------------------------------------------------------------------------------------------------------------------------+
; Complete 1/0-Value Coverage                                                                                                                                                      ;
+-------------------------------------------------------------------------------+-------------------------------------------------------------------------------+------------------+
; Node Name                                                                     ; Output Port Name                                                              ; Output Port Type ;
+-------------------------------------------------------------------------------+-------------------------------------------------------------------------------+------------------+
; |OM|DONE                                                                      ; |OM|DONE                                                                      ; pin_out          ;
; |OM|START                                                                     ; |OM|START                                                                     ; out              ;
; |OM|CLK                                                                       ; |OM|CLK                                                                       ; out              ;
; |OM|In1[5]                                                                    ; |OM|In1[5]                                                                    ; out              ;
; |OM|In1[1]                                                                    ; |OM|In1[1]                                                                    ; out              ;
; |OM|In1[0]                                                                    ; |OM|In1[0]                                                                    ; out              ;
; |OM|In2[5]                                                                    ; |OM|In2[5]                                                                    ; out              ;
; |OM|In2[3]                                                                    ; |OM|In2[3]                                                                    ; out              ;
; |OM|In2[2]                                                                    ; |OM|In2[2]                                                                    ; out              ;
; |OM|In2[1]                                                                    ; |OM|In2[1]                                                                    ; out              ;
; |OM|DtpOM:inst1|AU1:inst1|inst2                                               ; |OM|DtpOM:inst1|AU1:inst1|inst2                                               ; out0             ;
; |OM|DtpOM:inst1|AU1:inst1|inst1[5]                                            ; |OM|DtpOM:inst1|AU1:inst1|inst1[5]                                            ; out0             ;
; |OM|DtpOM:inst1|AU1:inst1|inst1[4]                                            ; |OM|DtpOM:inst1|AU1:inst1|inst1[4]                                            ; out0             ;
; |OM|DtpOM:inst1|AU1:inst1|inst1[3]                                            ; |OM|DtpOM:inst1|AU1:inst1|inst1[3]                                            ; out0             ;
; |OM|DtpOM:inst1|AU1:inst1|inst1[2]                                            ; |OM|DtpOM:inst1|AU1:inst1|inst1[2]                                            ; out0             ;
; |OM|DtpOM:inst1|AU1:inst1|inst1[1]                                            ; |OM|DtpOM:inst1|AU1:inst1|inst1[1]                                            ; out0             ;
; |OM|DtpOM:inst1|AU1:inst1|inst1[0]                                            ; |OM|DtpOM:inst1|AU1:inst1|inst1[0]                                            ; out0             ;
; |OM|DtpOM:inst1|AU1:inst1|8mux21:inst3|inst3[7]                               ; |OM|DtpOM:inst1|AU1:inst1|8mux21:inst3|inst3[7]                               ; out0             ;
; |OM|DtpOM:inst1|AU1:inst1|8mux21:inst3|inst3[6]                               ; |OM|DtpOM:inst1|AU1:inst1|8mux21:inst3|inst3[6]                               ; out0             ;
; |OM|DtpOM:inst1|AU1:inst1|8mux21:inst3|inst3[5]                               ; |OM|DtpOM:inst1|AU1:inst1|8mux21:inst3|inst3[5]                               ; out0             ;
; |OM|DtpOM:inst1|AU1:inst1|8mux21:inst3|inst3[4]                               ; |OM|DtpOM:inst1|AU1:inst1|8mux21:inst3|inst3[4]                               ; out0             ;
; |OM|DtpOM:inst1|AU1:inst1|8mux21:inst3|inst3[3]                               ; |OM|DtpOM:inst1|AU1:inst1|8mux21:inst3|inst3[3]                               ; out0             ;
; |OM|DtpOM:inst1|AU1:inst1|8mux21:inst3|inst3[2]                               ; |OM|DtpOM:inst1|AU1:inst1|8mux21:inst3|inst3[2]                               ; out0             ;
; |OM|DtpOM:inst1|AU1:inst1|8mux21:inst3|inst3[1]                               ; |OM|DtpOM:inst1|AU1:inst1|8mux21:inst3|inst3[1]                               ; out0             ;
; |OM|DtpOM:inst1|AU1:inst1|8mux21:inst3|inst3[0]                               ; |OM|DtpOM:inst1|AU1:inst1|8mux21:inst3|inst3[0]                               ; out0             ;
; |OM|DtpOM:inst1|AU1:inst1|8mux21:inst3|inst1[7]                               ; |OM|DtpOM:inst1|AU1:inst1|8mux21:inst3|inst1[7]                               ; out0             ;
; |OM|DtpOM:inst1|AU1:inst1|8mux21:inst3|inst1[6]                               ; |OM|DtpOM:inst1|AU1:inst1|8mux21:inst3|inst1[6]                               ; out0             ;
; |OM|DtpOM:inst1|AU1:inst1|8mux21:inst3|inst1[5]                               ; |OM|DtpOM:inst1|AU1:inst1|8mux21:inst3|inst1[5]                               ; out0             ;
; |OM|DtpOM:inst1|AU1:inst1|8mux21:inst3|inst1[4]                               ; |OM|DtpOM:inst1|AU1:inst1|8mux21:inst3|inst1[4]                               ; out0             ;
; |OM|DtpOM:inst1|AU1:inst1|8mux21:inst3|inst1[3]                               ; |OM|DtpOM:inst1|AU1:inst1|8mux21:inst3|inst1[3]                               ; out0             ;
; |OM|DtpOM:inst1|AU1:inst1|8mux21:inst3|inst1[2]                               ; |OM|DtpOM:inst1|AU1:inst1|8mux21:inst3|inst1[2]                               ; out0             ;
; |OM|DtpOM:inst1|AU1:inst1|8mux21:inst3|inst1[1]                               ; |OM|DtpOM:inst1|AU1:inst1|8mux21:inst3|inst1[1]                               ; out0             ;
; |OM|DtpOM:inst1|AU1:inst1|8mux21:inst3|inst1[0]                               ; |OM|DtpOM:inst1|AU1:inst1|8mux21:inst3|inst1[0]                               ; out0             ;
; |OM|DtpOM:inst1|AU1:inst1|8mux21:inst3|inst[5]                                ; |OM|DtpOM:inst1|AU1:inst1|8mux21:inst3|inst[5]                                ; out0             ;
; |OM|DtpOM:inst1|AU1:inst1|8mux21:inst3|inst[4]                                ; |OM|DtpOM:inst1|AU1:inst1|8mux21:inst3|inst[4]                                ; out0             ;
; |OM|DtpOM:inst1|AU1:inst1|8mux21:inst3|inst[3]                                ; |OM|DtpOM:inst1|AU1:inst1|8mux21:inst3|inst[3]                                ; out0             ;
; |OM|DtpOM:inst1|AU1:inst1|8mux21:inst3|inst[2]                                ; |OM|DtpOM:inst1|AU1:inst1|8mux21:inst3|inst[2]                                ; out0             ;
; |OM|DtpOM:inst1|AU1:inst1|8mux21:inst3|inst[1]                                ; |OM|DtpOM:inst1|AU1:inst1|8mux21:inst3|inst[1]                                ; out0             ;
; |OM|DtpOM:inst1|AU1:inst1|8mux21:inst3|inst[0]                                ; |OM|DtpOM:inst1|AU1:inst1|8mux21:inst3|inst[0]                                ; out0             ;
; |OM|DtpOM:inst1|AU1:inst1|Adder8:inst9|Adder4S:inst|FA:inst|inst2             ; |OM|DtpOM:inst1|AU1:inst1|Adder8:inst9|Adder4S:inst|FA:inst|inst2             ; out0             ;
; |OM|DtpOM:inst1|AU1:inst1|Adder8:inst9|Adder4S:inst|FA:inst|HA:inst|inst      ; |OM|DtpOM:inst1|AU1:inst1|Adder8:inst9|Adder4S:inst|FA:inst|HA:inst|inst      ; out0             ;
; |OM|DtpOM:inst1|AU1:inst1|Adder8:inst9|Adder4S:inst|FA:inst|HA:inst|inst1     ; |OM|DtpOM:inst1|AU1:inst1|Adder8:inst9|Adder4S:inst|FA:inst|HA:inst|inst1     ; out0             ;
; |OM|DtpOM:inst1|AU1:inst1|Adder8:inst9|Adder4S:inst|FA:inst17|inst2           ; |OM|DtpOM:inst1|AU1:inst1|Adder8:inst9|Adder4S:inst|FA:inst17|inst2           ; out0             ;
; |OM|DtpOM:inst1|AU1:inst1|Adder8:inst9|Adder4S:inst|FA:inst17|HA:inst|inst    ; |OM|DtpOM:inst1|AU1:inst1|Adder8:inst9|Adder4S:inst|FA:inst17|HA:inst|inst    ; out0             ;
; |OM|DtpOM:inst1|AU1:inst1|Adder8:inst9|Adder4S:inst|FA:inst17|HA:inst1|inst   ; |OM|DtpOM:inst1|AU1:inst1|Adder8:inst9|Adder4S:inst|FA:inst17|HA:inst1|inst   ; out0             ;
; |OM|DtpOM:inst1|AU1:inst1|Adder8:inst9|Adder4S:inst|FA:inst17|HA:inst1|inst1  ; |OM|DtpOM:inst1|AU1:inst1|Adder8:inst9|Adder4S:inst|FA:inst17|HA:inst1|inst1  ; out0             ;
; |OM|DtpOM:inst1|AU1:inst1|Adder8:inst9|Adder4S:inst|FA:inst18|inst2           ; |OM|DtpOM:inst1|AU1:inst1|Adder8:inst9|Adder4S:inst|FA:inst18|inst2           ; out0             ;
; |OM|DtpOM:inst1|AU1:inst1|Adder8:inst9|Adder4S:inst|FA:inst18|HA:inst|inst    ; |OM|DtpOM:inst1|AU1:inst1|Adder8:inst9|Adder4S:inst|FA:inst18|HA:inst|inst    ; out0             ;
; |OM|DtpOM:inst1|AU1:inst1|Adder8:inst9|Adder4S:inst|FA:inst18|HA:inst|inst1   ; |OM|DtpOM:inst1|AU1:inst1|Adder8:inst9|Adder4S:inst|FA:inst18|HA:inst|inst1   ; out0             ;
; |OM|DtpOM:inst1|AU1:inst1|Adder8:inst9|Adder4S:inst|FA:inst18|HA:inst1|inst   ; |OM|DtpOM:inst1|AU1:inst1|Adder8:inst9|Adder4S:inst|FA:inst18|HA:inst1|inst   ; out0             ;
; |OM|DtpOM:inst1|AU1:inst1|Adder8:inst9|Adder4S:inst|FA:inst18|HA:inst1|inst1  ; |OM|DtpOM:inst1|AU1:inst1|Adder8:inst9|Adder4S:inst|FA:inst18|HA:inst1|inst1  ; out0             ;
; |OM|DtpOM:inst1|AU1:inst1|Adder8:inst9|Adder4S:inst|FA:inst19|inst2           ; |OM|DtpOM:inst1|AU1:inst1|Adder8:inst9|Adder4S:inst|FA:inst19|inst2           ; out0             ;
; |OM|DtpOM:inst1|AU1:inst1|Adder8:inst9|Adder4S:inst|FA:inst19|HA:inst|inst    ; |OM|DtpOM:inst1|AU1:inst1|Adder8:inst9|Adder4S:inst|FA:inst19|HA:inst|inst    ; out0             ;
; |OM|DtpOM:inst1|AU1:inst1|Adder8:inst9|Adder4S:inst|FA:inst19|HA:inst|inst1   ; |OM|DtpOM:inst1|AU1:inst1|Adder8:inst9|Adder4S:inst|FA:inst19|HA:inst|inst1   ; out0             ;
; |OM|DtpOM:inst1|AU1:inst1|Adder8:inst9|Adder4S:inst|FA:inst19|HA:inst1|inst   ; |OM|DtpOM:inst1|AU1:inst1|Adder8:inst9|Adder4S:inst|FA:inst19|HA:inst1|inst   ; out0             ;
; |OM|DtpOM:inst1|AU1:inst1|Adder8:inst9|Adder4S:inst|FA:inst19|HA:inst1|inst1  ; |OM|DtpOM:inst1|AU1:inst1|Adder8:inst9|Adder4S:inst|FA:inst19|HA:inst1|inst1  ; out0             ;
; |OM|DtpOM:inst1|AU1:inst1|Adder8:inst9|Adder4S:inst3|FA:inst|inst2            ; |OM|DtpOM:inst1|AU1:inst1|Adder8:inst9|Adder4S:inst3|FA:inst|inst2            ; out0             ;
; |OM|DtpOM:inst1|AU1:inst1|Adder8:inst9|Adder4S:inst3|FA:inst|HA:inst|inst     ; |OM|DtpOM:inst1|AU1:inst1|Adder8:inst9|Adder4S:inst3|FA:inst|HA:inst|inst     ; out0             ;
; |OM|DtpOM:inst1|AU1:inst1|Adder8:inst9|Adder4S:inst3|FA:inst|HA:inst|inst1    ; |OM|DtpOM:inst1|AU1:inst1|Adder8:inst9|Adder4S:inst3|FA:inst|HA:inst|inst1    ; out0             ;
; |OM|DtpOM:inst1|AU1:inst1|Adder8:inst9|Adder4S:inst3|FA:inst|HA:inst1|inst    ; |OM|DtpOM:inst1|AU1:inst1|Adder8:inst9|Adder4S:inst3|FA:inst|HA:inst1|inst    ; out0             ;
; |OM|DtpOM:inst1|AU1:inst1|Adder8:inst9|Adder4S:inst3|FA:inst|HA:inst1|inst1   ; |OM|DtpOM:inst1|AU1:inst1|Adder8:inst9|Adder4S:inst3|FA:inst|HA:inst1|inst1   ; out0             ;
; |OM|DtpOM:inst1|AU1:inst1|Adder8:inst9|Adder4S:inst3|FA:inst17|inst2          ; |OM|DtpOM:inst1|AU1:inst1|Adder8:inst9|Adder4S:inst3|FA:inst17|inst2          ; out0             ;
; |OM|DtpOM:inst1|AU1:inst1|Adder8:inst9|Adder4S:inst3|FA:inst17|HA:inst|inst   ; |OM|DtpOM:inst1|AU1:inst1|Adder8:inst9|Adder4S:inst3|FA:inst17|HA:inst|inst   ; out0             ;
; |OM|DtpOM:inst1|AU1:inst1|Adder8:inst9|Adder4S:inst3|FA:inst17|HA:inst1|inst  ; |OM|DtpOM:inst1|AU1:inst1|Adder8:inst9|Adder4S:inst3|FA:inst17|HA:inst1|inst  ; out0             ;
; |OM|DtpOM:inst1|AU1:inst1|Adder8:inst9|Adder4S:inst3|FA:inst17|HA:inst1|inst1 ; |OM|DtpOM:inst1|AU1:inst1|Adder8:inst9|Adder4S:inst3|FA:inst17|HA:inst1|inst1 ; out0             ;
; |OM|DtpOM:inst1|AU1:inst1|Adder8:inst9|Adder4S:inst3|FA:inst18|inst2          ; |OM|DtpOM:inst1|AU1:inst1|Adder8:inst9|Adder4S:inst3|FA:inst18|inst2          ; out0             ;
; |OM|DtpOM:inst1|AU1:inst1|Adder8:inst9|Adder4S:inst3|FA:inst18|HA:inst|inst   ; |OM|DtpOM:inst1|AU1:inst1|Adder8:inst9|Adder4S:inst3|FA:inst18|HA:inst|inst   ; out0             ;
; |OM|DtpOM:inst1|AU1:inst1|Adder8:inst9|Adder4S:inst3|FA:inst18|HA:inst1|inst  ; |OM|DtpOM:inst1|AU1:inst1|Adder8:inst9|Adder4S:inst3|FA:inst18|HA:inst1|inst  ; out0             ;
; |OM|DtpOM:inst1|AU1:inst1|Adder8:inst9|Adder4S:inst3|FA:inst18|HA:inst1|inst1 ; |OM|DtpOM:inst1|AU1:inst1|Adder8:inst9|Adder4S:inst3|FA:inst18|HA:inst1|inst1 ; out0             ;
; |OM|DtpOM:inst1|AU1:inst1|Adder8:inst9|Adder4S:inst3|FA:inst19|HA:inst|inst   ; |OM|DtpOM:inst1|AU1:inst1|Adder8:inst9|Adder4S:inst3|FA:inst19|HA:inst|inst   ; out0             ;
; |OM|DtpOM:inst1|AU1:inst1|Adder8:inst9|Adder4S:inst3|FA:inst19|HA:inst1|inst  ; |OM|DtpOM:inst1|AU1:inst1|Adder8:inst9|Adder4S:inst3|FA:inst19|HA:inst1|inst  ; out0             ;
; |OM|DtpOM:inst1|AU1:inst1|8mux21:inst4|inst3[7]                               ; |OM|DtpOM:inst1|AU1:inst1|8mux21:inst4|inst3[7]                               ; out0             ;
; |OM|DtpOM:inst1|AU1:inst1|8mux21:inst4|inst3[6]                               ; |OM|DtpOM:inst1|AU1:inst1|8mux21:inst4|inst3[6]                               ; out0             ;
; |OM|DtpOM:inst1|AU1:inst1|8mux21:inst4|inst3[5]                               ; |OM|DtpOM:inst1|AU1:inst1|8mux21:inst4|inst3[5]                               ; out0             ;
; |OM|DtpOM:inst1|AU1:inst1|8mux21:inst4|inst3[4]                               ; |OM|DtpOM:inst1|AU1:inst1|8mux21:inst4|inst3[4]                               ; out0             ;
; |OM|DtpOM:inst1|AU1:inst1|8mux21:inst4|inst3[3]                               ; |OM|DtpOM:inst1|AU1:inst1|8mux21:inst4|inst3[3]                               ; out0             ;
; |OM|DtpOM:inst1|AU1:inst1|8mux21:inst4|inst3[2]                               ; |OM|DtpOM:inst1|AU1:inst1|8mux21:inst4|inst3[2]                               ; out0             ;
; |OM|DtpOM:inst1|AU1:inst1|8mux21:inst4|inst3[1]                               ; |OM|DtpOM:inst1|AU1:inst1|8mux21:inst4|inst3[1]                               ; out0             ;
; |OM|DtpOM:inst1|AU1:inst1|8mux21:inst4|inst3[0]                               ; |OM|DtpOM:inst1|AU1:inst1|8mux21:inst4|inst3[0]                               ; out0             ;
; |OM|DtpOM:inst1|AU1:inst1|8mux21:inst4|inst1[7]                               ; |OM|DtpOM:inst1|AU1:inst1|8mux21:inst4|inst1[7]                               ; out0             ;
; |OM|DtpOM:inst1|AU1:inst1|8mux21:inst4|inst1[6]                               ; |OM|DtpOM:inst1|AU1:inst1|8mux21:inst4|inst1[6]                               ; out0             ;
; |OM|DtpOM:inst1|AU1:inst1|8mux21:inst4|inst1[5]                               ; |OM|DtpOM:inst1|AU1:inst1|8mux21:inst4|inst1[5]                               ; out0             ;
; |OM|DtpOM:inst1|AU1:inst1|8mux21:inst4|inst1[4]                               ; |OM|DtpOM:inst1|AU1:inst1|8mux21:inst4|inst1[4]                               ; out0             ;
; |OM|DtpOM:inst1|AU1:inst1|8mux21:inst4|inst1[3]                               ; |OM|DtpOM:inst1|AU1:inst1|8mux21:inst4|inst1[3]                               ; out0             ;
; |OM|DtpOM:inst1|AU1:inst1|8mux21:inst4|inst1[2]                               ; |OM|DtpOM:inst1|AU1:inst1|8mux21:inst4|inst1[2]                               ; out0             ;
; |OM|DtpOM:inst1|AU1:inst1|8mux21:inst4|inst1[1]                               ; |OM|DtpOM:inst1|AU1:inst1|8mux21:inst4|inst1[1]                               ; out0             ;
; |OM|DtpOM:inst1|AU1:inst1|8mux21:inst4|inst1[0]                               ; |OM|DtpOM:inst1|AU1:inst1|8mux21:inst4|inst1[0]                               ; out0             ;
; |OM|DtpOM:inst1|AU1:inst1|8mux21:inst4|inst[7]                                ; |OM|DtpOM:inst1|AU1:inst1|8mux21:inst4|inst[7]                                ; out0             ;
; |OM|DtpOM:inst1|AU1:inst1|8mux21:inst4|inst[6]                                ; |OM|DtpOM:inst1|AU1:inst1|8mux21:inst4|inst[6]                                ; out0             ;
; |OM|DtpOM:inst1|AU1:inst1|8mux21:inst4|inst[5]                                ; |OM|DtpOM:inst1|AU1:inst1|8mux21:inst4|inst[5]                                ; out0             ;
; |OM|DtpOM:inst1|AU1:inst1|8mux21:inst4|inst[4]                                ; |OM|DtpOM:inst1|AU1:inst1|8mux21:inst4|inst[4]                                ; out0             ;
; |OM|DtpOM:inst1|AU1:inst1|8mux21:inst4|inst[3]                                ; |OM|DtpOM:inst1|AU1:inst1|8mux21:inst4|inst[3]                                ; out0             ;
; |OM|DtpOM:inst1|AU1:inst1|8mux21:inst4|inst[2]                                ; |OM|DtpOM:inst1|AU1:inst1|8mux21:inst4|inst[2]                                ; out0             ;
; |OM|DtpOM:inst1|AU1:inst1|8mux21:inst4|inst[1]                                ; |OM|DtpOM:inst1|AU1:inst1|8mux21:inst4|inst[1]                                ; out0             ;
; |OM|DtpOM:inst1|AU1:inst1|8mux21:inst4|inst[0]                                ; |OM|DtpOM:inst1|AU1:inst1|8mux21:inst4|inst[0]                                ; out0             ;
; |OM|DtpOM:inst1|8mux41:inst2|inst4[7]                                         ; |OM|DtpOM:inst1|8mux41:inst2|inst4[7]                                         ; out0             ;
; |OM|DtpOM:inst1|8mux41:inst2|inst4[6]                                         ; |OM|DtpOM:inst1|8mux41:inst2|inst4[6]                                         ; out0             ;
; |OM|DtpOM:inst1|8mux41:inst2|inst4[5]                                         ; |OM|DtpOM:inst1|8mux41:inst2|inst4[5]                                         ; out0             ;
; |OM|DtpOM:inst1|8mux41:inst2|inst4[4]                                         ; |OM|DtpOM:inst1|8mux41:inst2|inst4[4]                                         ; out0             ;
; |OM|DtpOM:inst1|8mux41:inst2|inst4[3]                                         ; |OM|DtpOM:inst1|8mux41:inst2|inst4[3]                                         ; out0             ;
; |OM|DtpOM:inst1|8mux41:inst2|inst4[2]                                         ; |OM|DtpOM:inst1|8mux41:inst2|inst4[2]                                         ; out0             ;
; |OM|DtpOM:inst1|8mux41:inst2|inst4[1]                                         ; |OM|DtpOM:inst1|8mux41:inst2|inst4[1]                                         ; out0             ;
; |OM|DtpOM:inst1|8mux41:inst2|inst4[0]                                         ; |OM|DtpOM:inst1|8mux41:inst2|inst4[0]                                         ; out0             ;
; |OM|DtpOM:inst1|8mux41:inst2|inst[2]                                          ; |OM|DtpOM:inst1|8mux41:inst2|inst[2]                                          ; out0             ;
; |OM|DtpOM:inst1|8mux41:inst2|inst[1]                                          ; |OM|DtpOM:inst1|8mux41:inst2|inst[1]                                          ; out0             ;
; |OM|DtpOM:inst1|8mux41:inst2|inst[0]                                          ; |OM|DtpOM:inst1|8mux41:inst2|inst[0]                                          ; out0             ;
; |OM|DtpOM:inst1|8mux41:inst2|inst2[6]                                         ; |OM|DtpOM:inst1|8mux41:inst2|inst2[6]                                         ; out0             ;
; |OM|DtpOM:inst1|8mux41:inst2|inst2[5]                                         ; |OM|DtpOM:inst1|8mux41:inst2|inst2[5]                                         ; out0             ;
; |OM|DtpOM:inst1|8mux41:inst2|inst2[4]                                         ; |OM|DtpOM:inst1|8mux41:inst2|inst2[4]                                         ; out0             ;
; |OM|DtpOM:inst1|8mux41:inst2|inst2[3]                                         ; |OM|DtpOM:inst1|8mux41:inst2|inst2[3]                                         ; out0             ;
; |OM|DtpOM:inst1|8mux41:inst2|inst2[2]                                         ; |OM|DtpOM:inst1|8mux41:inst2|inst2[2]                                         ; out0             ;
; |OM|DtpOM:inst1|8mux41:inst2|inst2[1]                                         ; |OM|DtpOM:inst1|8mux41:inst2|inst2[1]                                         ; out0             ;
; |OM|DtpOM:inst1|8mux41:inst2|inst2[0]                                         ; |OM|DtpOM:inst1|8mux41:inst2|inst2[0]                                         ; out0             ;
; |OM|DtpOM:inst1|8mux41:inst2|inst3[7]                                         ; |OM|DtpOM:inst1|8mux41:inst2|inst3[7]                                         ; out0             ;
; |OM|DtpOM:inst1|8mux41:inst2|inst3[6]                                         ; |OM|DtpOM:inst1|8mux41:inst2|inst3[6]                                         ; out0             ;
; |OM|DtpOM:inst1|8mux41:inst2|inst3[5]                                         ; |OM|DtpOM:inst1|8mux41:inst2|inst3[5]                                         ; out0             ;
; |OM|DtpOM:inst1|8mux41:inst2|inst3[4]                                         ; |OM|DtpOM:inst1|8mux41:inst2|inst3[4]                                         ; out0             ;
; |OM|DtpOM:inst1|8mux41:inst2|inst3[3]                                         ; |OM|DtpOM:inst1|8mux41:inst2|inst3[3]                                         ; out0             ;
; |OM|DtpOM:inst1|8mux41:inst2|inst3[2]                                         ; |OM|DtpOM:inst1|8mux41:inst2|inst3[2]                                         ; out0             ;
; |OM|DtpOM:inst1|8mux41:inst2|inst3[1]                                         ; |OM|DtpOM:inst1|8mux41:inst2|inst3[1]                                         ; out0             ;
; |OM|DtpOM:inst1|8mux41:inst2|inst3[0]                                         ; |OM|DtpOM:inst1|8mux41:inst2|inst3[0]                                         ; out0             ;
; |OM|DtpOM:inst1|8mux41:inst2|inst1[5]                                         ; |OM|DtpOM:inst1|8mux41:inst2|inst1[5]                                         ; out0             ;
; |OM|DtpOM:inst1|8mux41:inst2|inst1[3]                                         ; |OM|DtpOM:inst1|8mux41:inst2|inst1[3]                                         ; out0             ;
; |OM|DtpOM:inst1|8mux41:inst2|inst1[2]                                         ; |OM|DtpOM:inst1|8mux41:inst2|inst1[2]                                         ; out0             ;
; |OM|DtpOM:inst1|8mux41:inst2|inst1[1]                                         ; |OM|DtpOM:inst1|8mux41:inst2|inst1[1]                                         ; out0             ;
; |OM|DtpOM:inst1|Register8:R2|8mux21:inst1|inst3[7]                            ; |OM|DtpOM:inst1|Register8:R2|8mux21:inst1|inst3[7]                            ; out0             ;
; |OM|DtpOM:inst1|Register8:R2|8mux21:inst1|inst3[6]                            ; |OM|DtpOM:inst1|Register8:R2|8mux21:inst1|inst3[6]                            ; out0             ;
; |OM|DtpOM:inst1|Register8:R2|8mux21:inst1|inst3[5]                            ; |OM|DtpOM:inst1|Register8:R2|8mux21:inst1|inst3[5]                            ; out0             ;
; |OM|DtpOM:inst1|Register8:R2|8mux21:inst1|inst3[4]                            ; |OM|DtpOM:inst1|Register8:R2|8mux21:inst1|inst3[4]                            ; out0             ;
; |OM|DtpOM:inst1|Register8:R2|8mux21:inst1|inst3[3]                            ; |OM|DtpOM:inst1|Register8:R2|8mux21:inst1|inst3[3]                            ; out0             ;
; |OM|DtpOM:inst1|Register8:R2|8mux21:inst1|inst3[2]                            ; |OM|DtpOM:inst1|Register8:R2|8mux21:inst1|inst3[2]                            ; out0             ;
; |OM|DtpOM:inst1|Register8:R2|8mux21:inst1|inst3[1]                            ; |OM|DtpOM:inst1|Register8:R2|8mux21:inst1|inst3[1]                            ; out0             ;
; |OM|DtpOM:inst1|Register8:R2|8mux21:inst1|inst3[0]                            ; |OM|DtpOM:inst1|Register8:R2|8mux21:inst1|inst3[0]                            ; out0             ;
; |OM|DtpOM:inst1|Register8:R2|8mux21:inst1|inst1[5]                            ; |OM|DtpOM:inst1|Register8:R2|8mux21:inst1|inst1[5]                            ; out0             ;
; |OM|DtpOM:inst1|Register8:R2|8mux21:inst1|inst1[4]                            ; |OM|DtpOM:inst1|Register8:R2|8mux21:inst1|inst1[4]                            ; out0             ;
; |OM|DtpOM:inst1|Register8:R2|8mux21:inst1|inst1[3]                            ; |OM|DtpOM:inst1|Register8:R2|8mux21:inst1|inst1[3]                            ; out0             ;
; |OM|DtpOM:inst1|Register8:R2|8mux21:inst1|inst1[1]                            ; |OM|DtpOM:inst1|Register8:R2|8mux21:inst1|inst1[1]                            ; out0             ;
; |OM|DtpOM:inst1|Register8:R2|8mux21:inst1|inst[7]                             ; |OM|DtpOM:inst1|Register8:R2|8mux21:inst1|inst[7]                             ; out0             ;
; |OM|DtpOM:inst1|Register8:R2|8mux21:inst1|inst[6]                             ; |OM|DtpOM:inst1|Register8:R2|8mux21:inst1|inst[6]                             ; out0             ;
; |OM|DtpOM:inst1|Register8:R2|8mux21:inst1|inst[5]                             ; |OM|DtpOM:inst1|Register8:R2|8mux21:inst1|inst[5]                             ; out0             ;
; |OM|DtpOM:inst1|Register8:R2|8mux21:inst1|inst[4]                             ; |OM|DtpOM:inst1|Register8:R2|8mux21:inst1|inst[4]                             ; out0             ;
; |OM|DtpOM:inst1|Register8:R2|8mux21:inst1|inst[3]                             ; |OM|DtpOM:inst1|Register8:R2|8mux21:inst1|inst[3]                             ; out0             ;
; |OM|DtpOM:inst1|Register8:R2|8mux21:inst1|inst[2]                             ; |OM|DtpOM:inst1|Register8:R2|8mux21:inst1|inst[2]                             ; out0             ;
; |OM|DtpOM:inst1|Register8:R2|8mux21:inst1|inst[1]                             ; |OM|DtpOM:inst1|Register8:R2|8mux21:inst1|inst[1]                             ; out0             ;
; |OM|DtpOM:inst1|Register8:R2|8mux21:inst1|inst[0]                             ; |OM|DtpOM:inst1|Register8:R2|8mux21:inst1|inst[0]                             ; out0             ;
; |OM|DtpOM:inst1|Register8:R2|R8DFFs:inst|inst3                                ; |OM|DtpOM:inst1|Register8:R2|R8DFFs:inst|inst3                                ; regout           ;
; |OM|DtpOM:inst1|Register8:R2|R8DFFs:inst|inst2                                ; |OM|DtpOM:inst1|Register8:R2|R8DFFs:inst|inst2                                ; regout           ;
; |OM|DtpOM:inst1|Register8:R2|R8DFFs:inst|inst1                                ; |OM|DtpOM:inst1|Register8:R2|R8DFFs:inst|inst1                                ; regout           ;
; |OM|DtpOM:inst1|Register8:R2|R8DFFs:inst|inst                                 ; |OM|DtpOM:inst1|Register8:R2|R8DFFs:inst|inst                                 ; regout           ;
; |OM|DtpOM:inst1|Register8:R2|R8DFFs:inst|inst4                                ; |OM|DtpOM:inst1|Register8:R2|R8DFFs:inst|inst4                                ; regout           ;
; |OM|DtpOM:inst1|Register8:R2|R8DFFs:inst|inst5                                ; |OM|DtpOM:inst1|Register8:R2|R8DFFs:inst|inst5                                ; regout           ;
; |OM|DtpOM:inst1|Register8:R2|R8DFFs:inst|inst6                                ; |OM|DtpOM:inst1|Register8:R2|R8DFFs:inst|inst6                                ; regout           ;
; |OM|DtpOM:inst1|Register8:R2|R8DFFs:inst|inst7                                ; |OM|DtpOM:inst1|Register8:R2|R8DFFs:inst|inst7                                ; regout           ;
; |OM|DtpOM:inst1|Register8:R3|8mux21:inst1|inst3[4]                            ; |OM|DtpOM:inst1|Register8:R3|8mux21:inst1|inst3[4]                            ; out0             ;
; |OM|DtpOM:inst1|Register8:R3|8mux21:inst1|inst3[1]                            ; |OM|DtpOM:inst1|Register8:R3|8mux21:inst1|inst3[1]                            ; out0             ;
; |OM|DtpOM:inst1|Register8:R3|8mux21:inst1|inst3[0]                            ; |OM|DtpOM:inst1|Register8:R3|8mux21:inst1|inst3[0]                            ; out0             ;
; |OM|DtpOM:inst1|Register8:R3|8mux21:inst1|inst[4]                             ; |OM|DtpOM:inst1|Register8:R3|8mux21:inst1|inst[4]                             ; out0             ;
; |OM|DtpOM:inst1|Register8:R3|8mux21:inst1|inst[1]                             ; |OM|DtpOM:inst1|Register8:R3|8mux21:inst1|inst[1]                             ; out0             ;
; |OM|DtpOM:inst1|Register8:R3|8mux21:inst1|inst[0]                             ; |OM|DtpOM:inst1|Register8:R3|8mux21:inst1|inst[0]                             ; out0             ;
; |OM|DtpOM:inst1|8mux21:inst30|inst3[7]                                        ; |OM|DtpOM:inst1|8mux21:inst30|inst3[7]                                        ; out0             ;
; |OM|DtpOM:inst1|8mux21:inst30|inst3[6]                                        ; |OM|DtpOM:inst1|8mux21:inst30|inst3[6]                                        ; out0             ;
; |OM|DtpOM:inst1|8mux21:inst30|inst3[5]                                        ; |OM|DtpOM:inst1|8mux21:inst30|inst3[5]                                        ; out0             ;
; |OM|DtpOM:inst1|8mux21:inst30|inst3[4]                                        ; |OM|DtpOM:inst1|8mux21:inst30|inst3[4]                                        ; out0             ;
; |OM|DtpOM:inst1|8mux21:inst30|inst3[3]                                        ; |OM|DtpOM:inst1|8mux21:inst30|inst3[3]                                        ; out0             ;
; |OM|DtpOM:inst1|8mux21:inst30|inst3[2]                                        ; |OM|DtpOM:inst1|8mux21:inst30|inst3[2]                                        ; out0             ;
; |OM|DtpOM:inst1|8mux21:inst30|inst3[1]                                        ; |OM|DtpOM:inst1|8mux21:inst30|inst3[1]                                        ; out0             ;
; |OM|DtpOM:inst1|8mux21:inst30|inst3[0]                                        ; |OM|DtpOM:inst1|8mux21:inst30|inst3[0]                                        ; out0             ;
; |OM|DtpOM:inst1|8mux21:inst30|inst1[7]                                        ; |OM|DtpOM:inst1|8mux21:inst30|inst1[7]                                        ; out0             ;
; |OM|DtpOM:inst1|8mux21:inst30|inst1[6]                                        ; |OM|DtpOM:inst1|8mux21:inst30|inst1[6]                                        ; out0             ;
; |OM|DtpOM:inst1|8mux21:inst30|inst1[5]                                        ; |OM|DtpOM:inst1|8mux21:inst30|inst1[5]                                        ; out0             ;
; |OM|DtpOM:inst1|8mux21:inst30|inst1[4]                                        ; |OM|DtpOM:inst1|8mux21:inst30|inst1[4]                                        ; out0             ;
; |OM|DtpOM:inst1|8mux21:inst30|inst1[3]                                        ; |OM|DtpOM:inst1|8mux21:inst30|inst1[3]                                        ; out0             ;
; |OM|DtpOM:inst1|8mux21:inst30|inst1[2]                                        ; |OM|DtpOM:inst1|8mux21:inst30|inst1[2]                                        ; out0             ;
; |OM|DtpOM:inst1|8mux21:inst30|inst1[1]                                        ; |OM|DtpOM:inst1|8mux21:inst30|inst1[1]                                        ; out0             ;
; |OM|DtpOM:inst1|8mux21:inst30|inst1[0]                                        ; |OM|DtpOM:inst1|8mux21:inst30|inst1[0]                                        ; out0             ;
; |OM|DtpOM:inst1|8mux21:inst30|inst[4]                                         ; |OM|DtpOM:inst1|8mux21:inst30|inst[4]                                         ; out0             ;
; |OM|DtpOM:inst1|8mux21:inst30|inst[0]                                         ; |OM|DtpOM:inst1|8mux21:inst30|inst[0]                                         ; out0             ;
; |OM|DtpOM:inst1|AU2:inst5|inst11                                              ; |OM|DtpOM:inst1|AU2:inst5|inst11                                              ; out0             ;
; |OM|DtpOM:inst1|AU2:inst5|inst9                                               ; |OM|DtpOM:inst1|AU2:inst5|inst9                                               ; out0             ;
; |OM|DtpOM:inst1|AU2:inst5|inst8                                               ; |OM|DtpOM:inst1|AU2:inst5|inst8                                               ; out0             ;
; |OM|DtpOM:inst1|AU2:inst5|inst[5]                                             ; |OM|DtpOM:inst1|AU2:inst5|inst[5]                                             ; out0             ;
; |OM|DtpOM:inst1|AU2:inst5|inst[4]                                             ; |OM|DtpOM:inst1|AU2:inst5|inst[4]                                             ; out0             ;
; |OM|DtpOM:inst1|AU2:inst5|inst[3]                                             ; |OM|DtpOM:inst1|AU2:inst5|inst[3]                                             ; out0             ;
; |OM|DtpOM:inst1|AU2:inst5|inst[2]                                             ; |OM|DtpOM:inst1|AU2:inst5|inst[2]                                             ; out0             ;
; |OM|DtpOM:inst1|AU2:inst5|inst[1]                                             ; |OM|DtpOM:inst1|AU2:inst5|inst[1]                                             ; out0             ;
; |OM|DtpOM:inst1|AU2:inst5|inst[0]                                             ; |OM|DtpOM:inst1|AU2:inst5|inst[0]                                             ; out0             ;
; |OM|DtpOM:inst1|AU2:inst5|inst4                                               ; |OM|DtpOM:inst1|AU2:inst5|inst4                                               ; out0             ;
; |OM|DtpOM:inst1|AU2:inst5|inst1[7]                                            ; |OM|DtpOM:inst1|AU2:inst5|inst1[7]                                            ; out0             ;
; |OM|DtpOM:inst1|AU2:inst5|inst1[6]                                            ; |OM|DtpOM:inst1|AU2:inst5|inst1[6]                                            ; out0             ;
; |OM|DtpOM:inst1|AU2:inst5|inst1[5]                                            ; |OM|DtpOM:inst1|AU2:inst5|inst1[5]                                            ; out0             ;
; |OM|DtpOM:inst1|AU2:inst5|inst1[4]                                            ; |OM|DtpOM:inst1|AU2:inst5|inst1[4]                                            ; out0             ;
; |OM|DtpOM:inst1|AU2:inst5|inst1[3]                                            ; |OM|DtpOM:inst1|AU2:inst5|inst1[3]                                            ; out0             ;
; |OM|DtpOM:inst1|AU2:inst5|inst1[2]                                            ; |OM|DtpOM:inst1|AU2:inst5|inst1[2]                                            ; out0             ;
; |OM|DtpOM:inst1|AU2:inst5|inst1[1]                                            ; |OM|DtpOM:inst1|AU2:inst5|inst1[1]                                            ; out0             ;
; |OM|DtpOM:inst1|AU2:inst5|inst1[0]                                            ; |OM|DtpOM:inst1|AU2:inst5|inst1[0]                                            ; out0             ;
; |OM|DtpOM:inst1|AU2:inst5|inst17                                              ; |OM|DtpOM:inst1|AU2:inst5|inst17                                              ; out0             ;
; |OM|DtpOM:inst1|AU2:inst5|inst21                                              ; |OM|DtpOM:inst1|AU2:inst5|inst21                                              ; out0             ;
; |OM|DtpOM:inst1|AU2:inst5|8mux21:inst13|inst3[7]                              ; |OM|DtpOM:inst1|AU2:inst5|8mux21:inst13|inst3[7]                              ; out0             ;
; |OM|DtpOM:inst1|AU2:inst5|8mux21:inst13|inst3[6]                              ; |OM|DtpOM:inst1|AU2:inst5|8mux21:inst13|inst3[6]                              ; out0             ;
; |OM|DtpOM:inst1|AU2:inst5|8mux21:inst13|inst3[5]                              ; |OM|DtpOM:inst1|AU2:inst5|8mux21:inst13|inst3[5]                              ; out0             ;
; |OM|DtpOM:inst1|AU2:inst5|8mux21:inst13|inst3[4]                              ; |OM|DtpOM:inst1|AU2:inst5|8mux21:inst13|inst3[4]                              ; out0             ;
; |OM|DtpOM:inst1|AU2:inst5|8mux21:inst13|inst3[3]                              ; |OM|DtpOM:inst1|AU2:inst5|8mux21:inst13|inst3[3]                              ; out0             ;
; |OM|DtpOM:inst1|AU2:inst5|8mux21:inst13|inst3[2]                              ; |OM|DtpOM:inst1|AU2:inst5|8mux21:inst13|inst3[2]                              ; out0             ;
; |OM|DtpOM:inst1|AU2:inst5|8mux21:inst13|inst3[1]                              ; |OM|DtpOM:inst1|AU2:inst5|8mux21:inst13|inst3[1]                              ; out0             ;
; |OM|DtpOM:inst1|AU2:inst5|8mux21:inst13|inst3[0]                              ; |OM|DtpOM:inst1|AU2:inst5|8mux21:inst13|inst3[0]                              ; out0             ;
; |OM|DtpOM:inst1|AU2:inst5|8mux21:inst13|inst1[7]                              ; |OM|DtpOM:inst1|AU2:inst5|8mux21:inst13|inst1[7]                              ; out0             ;
; |OM|DtpOM:inst1|AU2:inst5|8mux21:inst13|inst1[6]                              ; |OM|DtpOM:inst1|AU2:inst5|8mux21:inst13|inst1[6]                              ; out0             ;
; |OM|DtpOM:inst1|AU2:inst5|8mux21:inst13|inst1[5]                              ; |OM|DtpOM:inst1|AU2:inst5|8mux21:inst13|inst1[5]                              ; out0             ;
; |OM|DtpOM:inst1|AU2:inst5|8mux21:inst13|inst1[4]                              ; |OM|DtpOM:inst1|AU2:inst5|8mux21:inst13|inst1[4]                              ; out0             ;
; |OM|DtpOM:inst1|AU2:inst5|8mux21:inst13|inst1[3]                              ; |OM|DtpOM:inst1|AU2:inst5|8mux21:inst13|inst1[3]                              ; out0             ;
; |OM|DtpOM:inst1|AU2:inst5|8mux21:inst13|inst1[2]                              ; |OM|DtpOM:inst1|AU2:inst5|8mux21:inst13|inst1[2]                              ; out0             ;
; |OM|DtpOM:inst1|AU2:inst5|8mux21:inst13|inst1[1]                              ; |OM|DtpOM:inst1|AU2:inst5|8mux21:inst13|inst1[1]                              ; out0             ;
; |OM|DtpOM:inst1|AU2:inst5|8mux21:inst13|inst1[0]                              ; |OM|DtpOM:inst1|AU2:inst5|8mux21:inst13|inst1[0]                              ; out0             ;
; |OM|DtpOM:inst1|AU2:inst5|8mux21:inst13|inst[5]                               ; |OM|DtpOM:inst1|AU2:inst5|8mux21:inst13|inst[5]                               ; out0             ;
; |OM|DtpOM:inst1|AU2:inst5|8mux21:inst13|inst[4]                               ; |OM|DtpOM:inst1|AU2:inst5|8mux21:inst13|inst[4]                               ; out0             ;
; |OM|DtpOM:inst1|AU2:inst5|8mux21:inst13|inst[3]                               ; |OM|DtpOM:inst1|AU2:inst5|8mux21:inst13|inst[3]                               ; out0             ;
; |OM|DtpOM:inst1|AU2:inst5|8mux21:inst13|inst[2]                               ; |OM|DtpOM:inst1|AU2:inst5|8mux21:inst13|inst[2]                               ; out0             ;
; |OM|DtpOM:inst1|AU2:inst5|8mux21:inst13|inst[1]                               ; |OM|DtpOM:inst1|AU2:inst5|8mux21:inst13|inst[1]                               ; out0             ;
; |OM|DtpOM:inst1|AU2:inst5|8mux21:inst13|inst[0]                               ; |OM|DtpOM:inst1|AU2:inst5|8mux21:inst13|inst[0]                               ; out0             ;
; |OM|DtpOM:inst1|AU2:inst5|8mux21:inst14|inst3[7]                              ; |OM|DtpOM:inst1|AU2:inst5|8mux21:inst14|inst3[7]                              ; out0             ;
; |OM|DtpOM:inst1|AU2:inst5|8mux21:inst14|inst3[6]                              ; |OM|DtpOM:inst1|AU2:inst5|8mux21:inst14|inst3[6]                              ; out0             ;
; |OM|DtpOM:inst1|AU2:inst5|8mux21:inst14|inst3[5]                              ; |OM|DtpOM:inst1|AU2:inst5|8mux21:inst14|inst3[5]                              ; out0             ;
; |OM|DtpOM:inst1|AU2:inst5|8mux21:inst14|inst3[4]                              ; |OM|DtpOM:inst1|AU2:inst5|8mux21:inst14|inst3[4]                              ; out0             ;
; |OM|DtpOM:inst1|AU2:inst5|8mux21:inst14|inst3[3]                              ; |OM|DtpOM:inst1|AU2:inst5|8mux21:inst14|inst3[3]                              ; out0             ;
; |OM|DtpOM:inst1|AU2:inst5|8mux21:inst14|inst3[2]                              ; |OM|DtpOM:inst1|AU2:inst5|8mux21:inst14|inst3[2]                              ; out0             ;
; |OM|DtpOM:inst1|AU2:inst5|8mux21:inst14|inst3[1]                              ; |OM|DtpOM:inst1|AU2:inst5|8mux21:inst14|inst3[1]                              ; out0             ;
; |OM|DtpOM:inst1|AU2:inst5|8mux21:inst14|inst3[0]                              ; |OM|DtpOM:inst1|AU2:inst5|8mux21:inst14|inst3[0]                              ; out0             ;
; |OM|DtpOM:inst1|AU2:inst5|8mux21:inst14|inst1[7]                              ; |OM|DtpOM:inst1|AU2:inst5|8mux21:inst14|inst1[7]                              ; out0             ;
; |OM|DtpOM:inst1|AU2:inst5|8mux21:inst14|inst1[6]                              ; |OM|DtpOM:inst1|AU2:inst5|8mux21:inst14|inst1[6]                              ; out0             ;
; |OM|DtpOM:inst1|AU2:inst5|8mux21:inst14|inst1[5]                              ; |OM|DtpOM:inst1|AU2:inst5|8mux21:inst14|inst1[5]                              ; out0             ;
; |OM|DtpOM:inst1|AU2:inst5|8mux21:inst14|inst1[4]                              ; |OM|DtpOM:inst1|AU2:inst5|8mux21:inst14|inst1[4]                              ; out0             ;
; |OM|DtpOM:inst1|AU2:inst5|8mux21:inst14|inst1[3]                              ; |OM|DtpOM:inst1|AU2:inst5|8mux21:inst14|inst1[3]                              ; out0             ;
; |OM|DtpOM:inst1|AU2:inst5|8mux21:inst14|inst1[2]                              ; |OM|DtpOM:inst1|AU2:inst5|8mux21:inst14|inst1[2]                              ; out0             ;
; |OM|DtpOM:inst1|AU2:inst5|8mux21:inst14|inst1[1]                              ; |OM|DtpOM:inst1|AU2:inst5|8mux21:inst14|inst1[1]                              ; out0             ;
; |OM|DtpOM:inst1|AU2:inst5|8mux21:inst14|inst1[0]                              ; |OM|DtpOM:inst1|AU2:inst5|8mux21:inst14|inst1[0]                              ; out0             ;
; |OM|DtpOM:inst1|AU2:inst5|8mux21:inst14|inst[6]                               ; |OM|DtpOM:inst1|AU2:inst5|8mux21:inst14|inst[6]                               ; out0             ;
; |OM|DtpOM:inst1|AU2:inst5|8mux21:inst14|inst[5]                               ; |OM|DtpOM:inst1|AU2:inst5|8mux21:inst14|inst[5]                               ; out0             ;
; |OM|DtpOM:inst1|AU2:inst5|8mux21:inst14|inst[4]                               ; |OM|DtpOM:inst1|AU2:inst5|8mux21:inst14|inst[4]                               ; out0             ;
; |OM|DtpOM:inst1|AU2:inst5|8mux21:inst14|inst[3]                               ; |OM|DtpOM:inst1|AU2:inst5|8mux21:inst14|inst[3]                               ; out0             ;
; |OM|DtpOM:inst1|AU2:inst5|8mux21:inst14|inst[2]                               ; |OM|DtpOM:inst1|AU2:inst5|8mux21:inst14|inst[2]                               ; out0             ;
; |OM|DtpOM:inst1|AU2:inst5|8mux21:inst14|inst[1]                               ; |OM|DtpOM:inst1|AU2:inst5|8mux21:inst14|inst[1]                               ; out0             ;
; |OM|DtpOM:inst1|AU2:inst5|8mux21:inst14|inst[0]                               ; |OM|DtpOM:inst1|AU2:inst5|8mux21:inst14|inst[0]                               ; out0             ;
; |OM|DtpOM:inst1|AU2:inst5|Adder8:inst2|Adder4S:inst|FA:inst|inst2             ; |OM|DtpOM:inst1|AU2:inst5|Adder8:inst2|Adder4S:inst|FA:inst|inst2             ; out0             ;
; |OM|DtpOM:inst1|AU2:inst5|Adder8:inst2|Adder4S:inst|FA:inst|HA:inst|inst      ; |OM|DtpOM:inst1|AU2:inst5|Adder8:inst2|Adder4S:inst|FA:inst|HA:inst|inst      ; out0             ;
; |OM|DtpOM:inst1|AU2:inst5|Adder8:inst2|Adder4S:inst|FA:inst|HA:inst|inst1     ; |OM|DtpOM:inst1|AU2:inst5|Adder8:inst2|Adder4S:inst|FA:inst|HA:inst|inst1     ; out0             ;
; |OM|DtpOM:inst1|AU2:inst5|Adder8:inst2|Adder4S:inst|FA:inst|HA:inst1|inst     ; |OM|DtpOM:inst1|AU2:inst5|Adder8:inst2|Adder4S:inst|FA:inst|HA:inst1|inst     ; out0             ;
; |OM|DtpOM:inst1|AU2:inst5|Adder8:inst2|Adder4S:inst|FA:inst|HA:inst1|inst1    ; |OM|DtpOM:inst1|AU2:inst5|Adder8:inst2|Adder4S:inst|FA:inst|HA:inst1|inst1    ; out0             ;
; |OM|DtpOM:inst1|AU2:inst5|Adder8:inst2|Adder4S:inst|FA:inst17|inst2           ; |OM|DtpOM:inst1|AU2:inst5|Adder8:inst2|Adder4S:inst|FA:inst17|inst2           ; out0             ;
; |OM|DtpOM:inst1|AU2:inst5|Adder8:inst2|Adder4S:inst|FA:inst17|HA:inst|inst    ; |OM|DtpOM:inst1|AU2:inst5|Adder8:inst2|Adder4S:inst|FA:inst17|HA:inst|inst    ; out0             ;
; |OM|DtpOM:inst1|AU2:inst5|Adder8:inst2|Adder4S:inst|FA:inst17|HA:inst|inst1   ; |OM|DtpOM:inst1|AU2:inst5|Adder8:inst2|Adder4S:inst|FA:inst17|HA:inst|inst1   ; out0             ;
; |OM|DtpOM:inst1|AU2:inst5|Adder8:inst2|Adder4S:inst|FA:inst17|HA:inst1|inst   ; |OM|DtpOM:inst1|AU2:inst5|Adder8:inst2|Adder4S:inst|FA:inst17|HA:inst1|inst   ; out0             ;
; |OM|DtpOM:inst1|AU2:inst5|Adder8:inst2|Adder4S:inst|FA:inst17|HA:inst1|inst1  ; |OM|DtpOM:inst1|AU2:inst5|Adder8:inst2|Adder4S:inst|FA:inst17|HA:inst1|inst1  ; out0             ;
; |OM|DtpOM:inst1|AU2:inst5|Adder8:inst2|Adder4S:inst|FA:inst18|inst2           ; |OM|DtpOM:inst1|AU2:inst5|Adder8:inst2|Adder4S:inst|FA:inst18|inst2           ; out0             ;
; |OM|DtpOM:inst1|AU2:inst5|Adder8:inst2|Adder4S:inst|FA:inst18|HA:inst|inst    ; |OM|DtpOM:inst1|AU2:inst5|Adder8:inst2|Adder4S:inst|FA:inst18|HA:inst|inst    ; out0             ;
; |OM|DtpOM:inst1|AU2:inst5|Adder8:inst2|Adder4S:inst|FA:inst18|HA:inst|inst1   ; |OM|DtpOM:inst1|AU2:inst5|Adder8:inst2|Adder4S:inst|FA:inst18|HA:inst|inst1   ; out0             ;
; |OM|DtpOM:inst1|AU2:inst5|Adder8:inst2|Adder4S:inst|FA:inst18|HA:inst1|inst   ; |OM|DtpOM:inst1|AU2:inst5|Adder8:inst2|Adder4S:inst|FA:inst18|HA:inst1|inst   ; out0             ;
; |OM|DtpOM:inst1|AU2:inst5|Adder8:inst2|Adder4S:inst|FA:inst18|HA:inst1|inst1  ; |OM|DtpOM:inst1|AU2:inst5|Adder8:inst2|Adder4S:inst|FA:inst18|HA:inst1|inst1  ; out0             ;
; |OM|DtpOM:inst1|AU2:inst5|Adder8:inst2|Adder4S:inst|FA:inst19|inst2           ; |OM|DtpOM:inst1|AU2:inst5|Adder8:inst2|Adder4S:inst|FA:inst19|inst2           ; out0             ;
; |OM|DtpOM:inst1|AU2:inst5|Adder8:inst2|Adder4S:inst|FA:inst19|HA:inst|inst    ; |OM|DtpOM:inst1|AU2:inst5|Adder8:inst2|Adder4S:inst|FA:inst19|HA:inst|inst    ; out0             ;
; |OM|DtpOM:inst1|AU2:inst5|Adder8:inst2|Adder4S:inst|FA:inst19|HA:inst|inst1   ; |OM|DtpOM:inst1|AU2:inst5|Adder8:inst2|Adder4S:inst|FA:inst19|HA:inst|inst1   ; out0             ;
; |OM|DtpOM:inst1|AU2:inst5|Adder8:inst2|Adder4S:inst|FA:inst19|HA:inst1|inst   ; |OM|DtpOM:inst1|AU2:inst5|Adder8:inst2|Adder4S:inst|FA:inst19|HA:inst1|inst   ; out0             ;
; |OM|DtpOM:inst1|AU2:inst5|Adder8:inst2|Adder4S:inst|FA:inst19|HA:inst1|inst1  ; |OM|DtpOM:inst1|AU2:inst5|Adder8:inst2|Adder4S:inst|FA:inst19|HA:inst1|inst1  ; out0             ;
; |OM|DtpOM:inst1|AU2:inst5|Adder8:inst2|Adder4S:inst3|FA:inst|inst2            ; |OM|DtpOM:inst1|AU2:inst5|Adder8:inst2|Adder4S:inst3|FA:inst|inst2            ; out0             ;
; |OM|DtpOM:inst1|AU2:inst5|Adder8:inst2|Adder4S:inst3|FA:inst|HA:inst|inst     ; |OM|DtpOM:inst1|AU2:inst5|Adder8:inst2|Adder4S:inst3|FA:inst|HA:inst|inst     ; out0             ;
; |OM|DtpOM:inst1|AU2:inst5|Adder8:inst2|Adder4S:inst3|FA:inst|HA:inst|inst1    ; |OM|DtpOM:inst1|AU2:inst5|Adder8:inst2|Adder4S:inst3|FA:inst|HA:inst|inst1    ; out0             ;
; |OM|DtpOM:inst1|AU2:inst5|Adder8:inst2|Adder4S:inst3|FA:inst|HA:inst1|inst    ; |OM|DtpOM:inst1|AU2:inst5|Adder8:inst2|Adder4S:inst3|FA:inst|HA:inst1|inst    ; out0             ;
; |OM|DtpOM:inst1|AU2:inst5|Adder8:inst2|Adder4S:inst3|FA:inst|HA:inst1|inst1   ; |OM|DtpOM:inst1|AU2:inst5|Adder8:inst2|Adder4S:inst3|FA:inst|HA:inst1|inst1   ; out0             ;
; |OM|DtpOM:inst1|AU2:inst5|Adder8:inst2|Adder4S:inst3|FA:inst17|inst2          ; |OM|DtpOM:inst1|AU2:inst5|Adder8:inst2|Adder4S:inst3|FA:inst17|inst2          ; out0             ;
; |OM|DtpOM:inst1|AU2:inst5|Adder8:inst2|Adder4S:inst3|FA:inst17|HA:inst|inst   ; |OM|DtpOM:inst1|AU2:inst5|Adder8:inst2|Adder4S:inst3|FA:inst17|HA:inst|inst   ; out0             ;
; |OM|DtpOM:inst1|AU2:inst5|Adder8:inst2|Adder4S:inst3|FA:inst17|HA:inst|inst1  ; |OM|DtpOM:inst1|AU2:inst5|Adder8:inst2|Adder4S:inst3|FA:inst17|HA:inst|inst1  ; out0             ;
; |OM|DtpOM:inst1|AU2:inst5|Adder8:inst2|Adder4S:inst3|FA:inst17|HA:inst1|inst  ; |OM|DtpOM:inst1|AU2:inst5|Adder8:inst2|Adder4S:inst3|FA:inst17|HA:inst1|inst  ; out0             ;
; |OM|DtpOM:inst1|AU2:inst5|Adder8:inst2|Adder4S:inst3|FA:inst17|HA:inst1|inst1 ; |OM|DtpOM:inst1|AU2:inst5|Adder8:inst2|Adder4S:inst3|FA:inst17|HA:inst1|inst1 ; out0             ;
; |OM|DtpOM:inst1|AU2:inst5|Adder8:inst2|Adder4S:inst3|FA:inst18|inst2          ; |OM|DtpOM:inst1|AU2:inst5|Adder8:inst2|Adder4S:inst3|FA:inst18|inst2          ; out0             ;
; |OM|DtpOM:inst1|AU2:inst5|Adder8:inst2|Adder4S:inst3|FA:inst18|HA:inst|inst   ; |OM|DtpOM:inst1|AU2:inst5|Adder8:inst2|Adder4S:inst3|FA:inst18|HA:inst|inst   ; out0             ;
; |OM|DtpOM:inst1|AU2:inst5|Adder8:inst2|Adder4S:inst3|FA:inst18|HA:inst1|inst  ; |OM|DtpOM:inst1|AU2:inst5|Adder8:inst2|Adder4S:inst3|FA:inst18|HA:inst1|inst  ; out0             ;
; |OM|DtpOM:inst1|AU2:inst5|Adder8:inst2|Adder4S:inst3|FA:inst18|HA:inst1|inst1 ; |OM|DtpOM:inst1|AU2:inst5|Adder8:inst2|Adder4S:inst3|FA:inst18|HA:inst1|inst1 ; out0             ;
; |OM|DtpOM:inst1|AU2:inst5|Adder8:inst2|Adder4S:inst3|FA:inst19|HA:inst|inst   ; |OM|DtpOM:inst1|AU2:inst5|Adder8:inst2|Adder4S:inst3|FA:inst19|HA:inst|inst   ; out0             ;
; |OM|DtpOM:inst1|AU2:inst5|Adder8:inst2|Adder4S:inst3|FA:inst19|HA:inst1|inst  ; |OM|DtpOM:inst1|AU2:inst5|Adder8:inst2|Adder4S:inst3|FA:inst19|HA:inst1|inst  ; out0             ;
; |OM|DtpOM:inst1|AU2:inst5|8mux21:inst15|inst3[7]                              ; |OM|DtpOM:inst1|AU2:inst5|8mux21:inst15|inst3[7]                              ; out0             ;
; |OM|DtpOM:inst1|AU2:inst5|8mux21:inst15|inst3[6]                              ; |OM|DtpOM:inst1|AU2:inst5|8mux21:inst15|inst3[6]                              ; out0             ;
; |OM|DtpOM:inst1|AU2:inst5|8mux21:inst15|inst3[5]                              ; |OM|DtpOM:inst1|AU2:inst5|8mux21:inst15|inst3[5]                              ; out0             ;
; |OM|DtpOM:inst1|AU2:inst5|8mux21:inst15|inst3[4]                              ; |OM|DtpOM:inst1|AU2:inst5|8mux21:inst15|inst3[4]                              ; out0             ;
; |OM|DtpOM:inst1|AU2:inst5|8mux21:inst15|inst3[3]                              ; |OM|DtpOM:inst1|AU2:inst5|8mux21:inst15|inst3[3]                              ; out0             ;
; |OM|DtpOM:inst1|AU2:inst5|8mux21:inst15|inst3[2]                              ; |OM|DtpOM:inst1|AU2:inst5|8mux21:inst15|inst3[2]                              ; out0             ;
; |OM|DtpOM:inst1|AU2:inst5|8mux21:inst15|inst3[1]                              ; |OM|DtpOM:inst1|AU2:inst5|8mux21:inst15|inst3[1]                              ; out0             ;
; |OM|DtpOM:inst1|AU2:inst5|8mux21:inst15|inst3[0]                              ; |OM|DtpOM:inst1|AU2:inst5|8mux21:inst15|inst3[0]                              ; out0             ;
; |OM|DtpOM:inst1|AU2:inst5|8mux21:inst15|inst[7]                               ; |OM|DtpOM:inst1|AU2:inst5|8mux21:inst15|inst[7]                               ; out0             ;
; |OM|DtpOM:inst1|AU2:inst5|8mux21:inst15|inst[6]                               ; |OM|DtpOM:inst1|AU2:inst5|8mux21:inst15|inst[6]                               ; out0             ;
; |OM|DtpOM:inst1|AU2:inst5|8mux21:inst15|inst[5]                               ; |OM|DtpOM:inst1|AU2:inst5|8mux21:inst15|inst[5]                               ; out0             ;
; |OM|DtpOM:inst1|AU2:inst5|8mux21:inst15|inst[4]                               ; |OM|DtpOM:inst1|AU2:inst5|8mux21:inst15|inst[4]                               ; out0             ;
; |OM|DtpOM:inst1|AU2:inst5|8mux21:inst15|inst[3]                               ; |OM|DtpOM:inst1|AU2:inst5|8mux21:inst15|inst[3]                               ; out0             ;
; |OM|DtpOM:inst1|AU2:inst5|8mux21:inst15|inst[2]                               ; |OM|DtpOM:inst1|AU2:inst5|8mux21:inst15|inst[2]                               ; out0             ;
; |OM|DtpOM:inst1|AU2:inst5|8mux21:inst15|inst[1]                               ; |OM|DtpOM:inst1|AU2:inst5|8mux21:inst15|inst[1]                               ; out0             ;
; |OM|DtpOM:inst1|AU2:inst5|8mux21:inst15|inst[0]                               ; |OM|DtpOM:inst1|AU2:inst5|8mux21:inst15|inst[0]                               ; out0             ;
; |OM|DtpOM:inst1|8mux41:inst|inst4[6]                                          ; |OM|DtpOM:inst1|8mux41:inst|inst4[6]                                          ; out0             ;
; |OM|DtpOM:inst1|8mux41:inst|inst4[5]                                          ; |OM|DtpOM:inst1|8mux41:inst|inst4[5]                                          ; out0             ;
; |OM|DtpOM:inst1|8mux41:inst|inst4[4]                                          ; |OM|DtpOM:inst1|8mux41:inst|inst4[4]                                          ; out0             ;
; |OM|DtpOM:inst1|8mux41:inst|inst4[3]                                          ; |OM|DtpOM:inst1|8mux41:inst|inst4[3]                                          ; out0             ;
; |OM|DtpOM:inst1|8mux41:inst|inst4[2]                                          ; |OM|DtpOM:inst1|8mux41:inst|inst4[2]                                          ; out0             ;
; |OM|DtpOM:inst1|8mux41:inst|inst4[1]                                          ; |OM|DtpOM:inst1|8mux41:inst|inst4[1]                                          ; out0             ;
; |OM|DtpOM:inst1|8mux41:inst|inst4[0]                                          ; |OM|DtpOM:inst1|8mux41:inst|inst4[0]                                          ; out0             ;
; |OM|DtpOM:inst1|8mux41:inst|inst[6]                                           ; |OM|DtpOM:inst1|8mux41:inst|inst[6]                                           ; out0             ;
; |OM|DtpOM:inst1|8mux41:inst|inst[5]                                           ; |OM|DtpOM:inst1|8mux41:inst|inst[5]                                           ; out0             ;
; |OM|DtpOM:inst1|8mux41:inst|inst[4]                                           ; |OM|DtpOM:inst1|8mux41:inst|inst[4]                                           ; out0             ;
; |OM|DtpOM:inst1|8mux41:inst|inst[3]                                           ; |OM|DtpOM:inst1|8mux41:inst|inst[3]                                           ; out0             ;
; |OM|DtpOM:inst1|8mux41:inst|inst[2]                                           ; |OM|DtpOM:inst1|8mux41:inst|inst[2]                                           ; out0             ;
; |OM|DtpOM:inst1|8mux41:inst|inst[1]                                           ; |OM|DtpOM:inst1|8mux41:inst|inst[1]                                           ; out0             ;
; |OM|DtpOM:inst1|8mux41:inst|inst[0]                                           ; |OM|DtpOM:inst1|8mux41:inst|inst[0]                                           ; out0             ;
; |OM|DtpOM:inst1|8mux41:inst|inst2[6]                                          ; |OM|DtpOM:inst1|8mux41:inst|inst2[6]                                          ; out0             ;
; |OM|DtpOM:inst1|8mux41:inst|inst2[5]                                          ; |OM|DtpOM:inst1|8mux41:inst|inst2[5]                                          ; out0             ;
; |OM|DtpOM:inst1|8mux41:inst|inst2[1]                                          ; |OM|DtpOM:inst1|8mux41:inst|inst2[1]                                          ; out0             ;
; |OM|DtpOM:inst1|8mux41:inst|inst2[0]                                          ; |OM|DtpOM:inst1|8mux41:inst|inst2[0]                                          ; out0             ;
; |OM|DtpOM:inst1|8mux41:inst|inst1[5]                                          ; |OM|DtpOM:inst1|8mux41:inst|inst1[5]                                          ; out0             ;
; |OM|DtpOM:inst1|8mux41:inst|inst1[1]                                          ; |OM|DtpOM:inst1|8mux41:inst|inst1[1]                                          ; out0             ;
; |OM|DtpOM:inst1|8mux41:inst|inst1[0]                                          ; |OM|DtpOM:inst1|8mux41:inst|inst1[0]                                          ; out0             ;
; |OM|DtpOM:inst1|Register8:R1|8mux21:inst1|inst3[6]                            ; |OM|DtpOM:inst1|Register8:R1|8mux21:inst1|inst3[6]                            ; out0             ;
; |OM|DtpOM:inst1|Register8:R1|8mux21:inst1|inst3[5]                            ; |OM|DtpOM:inst1|Register8:R1|8mux21:inst1|inst3[5]                            ; out0             ;
; |OM|DtpOM:inst1|Register8:R1|8mux21:inst1|inst3[4]                            ; |OM|DtpOM:inst1|Register8:R1|8mux21:inst1|inst3[4]                            ; out0             ;
; |OM|DtpOM:inst1|Register8:R1|8mux21:inst1|inst3[3]                            ; |OM|DtpOM:inst1|Register8:R1|8mux21:inst1|inst3[3]                            ; out0             ;
; |OM|DtpOM:inst1|Register8:R1|8mux21:inst1|inst3[2]                            ; |OM|DtpOM:inst1|Register8:R1|8mux21:inst1|inst3[2]                            ; out0             ;
; |OM|DtpOM:inst1|Register8:R1|8mux21:inst1|inst3[1]                            ; |OM|DtpOM:inst1|Register8:R1|8mux21:inst1|inst3[1]                            ; out0             ;
; |OM|DtpOM:inst1|Register8:R1|8mux21:inst1|inst3[0]                            ; |OM|DtpOM:inst1|Register8:R1|8mux21:inst1|inst3[0]                            ; out0             ;
; |OM|DtpOM:inst1|Register8:R1|8mux21:inst1|inst1[5]                            ; |OM|DtpOM:inst1|Register8:R1|8mux21:inst1|inst1[5]                            ; out0             ;
; |OM|DtpOM:inst1|Register8:R1|8mux21:inst1|inst1[4]                            ; |OM|DtpOM:inst1|Register8:R1|8mux21:inst1|inst1[4]                            ; out0             ;
; |OM|DtpOM:inst1|Register8:R1|8mux21:inst1|inst1[3]                            ; |OM|DtpOM:inst1|Register8:R1|8mux21:inst1|inst1[3]                            ; out0             ;
; |OM|DtpOM:inst1|Register8:R1|8mux21:inst1|inst1[2]                            ; |OM|DtpOM:inst1|Register8:R1|8mux21:inst1|inst1[2]                            ; out0             ;
; |OM|DtpOM:inst1|Register8:R1|8mux21:inst1|inst1[1]                            ; |OM|DtpOM:inst1|Register8:R1|8mux21:inst1|inst1[1]                            ; out0             ;
; |OM|DtpOM:inst1|Register8:R1|8mux21:inst1|inst[6]                             ; |OM|DtpOM:inst1|Register8:R1|8mux21:inst1|inst[6]                             ; out0             ;
; |OM|DtpOM:inst1|Register8:R1|8mux21:inst1|inst[5]                             ; |OM|DtpOM:inst1|Register8:R1|8mux21:inst1|inst[5]                             ; out0             ;
; |OM|DtpOM:inst1|Register8:R1|8mux21:inst1|inst[4]                             ; |OM|DtpOM:inst1|Register8:R1|8mux21:inst1|inst[4]                             ; out0             ;
; |OM|DtpOM:inst1|Register8:R1|8mux21:inst1|inst[3]                             ; |OM|DtpOM:inst1|Register8:R1|8mux21:inst1|inst[3]                             ; out0             ;
; |OM|DtpOM:inst1|Register8:R1|8mux21:inst1|inst[2]                             ; |OM|DtpOM:inst1|Register8:R1|8mux21:inst1|inst[2]                             ; out0             ;
; |OM|DtpOM:inst1|Register8:R1|8mux21:inst1|inst[1]                             ; |OM|DtpOM:inst1|Register8:R1|8mux21:inst1|inst[1]                             ; out0             ;
; |OM|DtpOM:inst1|Register8:R1|8mux21:inst1|inst[0]                             ; |OM|DtpOM:inst1|Register8:R1|8mux21:inst1|inst[0]                             ; out0             ;
; |OM|DtpOM:inst1|Register8:R1|R8DFFs:inst|inst3                                ; |OM|DtpOM:inst1|Register8:R1|R8DFFs:inst|inst3                                ; regout           ;
; |OM|DtpOM:inst1|Register8:R1|R8DFFs:inst|inst2                                ; |OM|DtpOM:inst1|Register8:R1|R8DFFs:inst|inst2                                ; regout           ;
; |OM|DtpOM:inst1|Register8:R1|R8DFFs:inst|inst1                                ; |OM|DtpOM:inst1|Register8:R1|R8DFFs:inst|inst1                                ; regout           ;
; |OM|DtpOM:inst1|Register8:R1|R8DFFs:inst|inst                                 ; |OM|DtpOM:inst1|Register8:R1|R8DFFs:inst|inst                                 ; regout           ;
; |OM|DtpOM:inst1|Register8:R1|R8DFFs:inst|inst4                                ; |OM|DtpOM:inst1|Register8:R1|R8DFFs:inst|inst4                                ; regout           ;
; |OM|DtpOM:inst1|Register8:R1|R8DFFs:inst|inst5                                ; |OM|DtpOM:inst1|Register8:R1|R8DFFs:inst|inst5                                ; regout           ;
; |OM|DtpOM:inst1|Register8:R1|R8DFFs:inst|inst6                                ; |OM|DtpOM:inst1|Register8:R1|R8DFFs:inst|inst6                                ; regout           ;
; |OM|DtpOM:inst1|Register8:R1|R8DFFs:inst|inst7                                ; |OM|DtpOM:inst1|Register8:R1|R8DFFs:inst|inst7                                ; regout           ;
; |OM|ControllerOM:inst|NextStateLogic:inst|inst16                              ; |OM|ControllerOM:inst|NextStateLogic:inst|inst16                              ; out0             ;
; |OM|ControllerOM:inst|NextStateLogic:inst|inst13                              ; |OM|ControllerOM:inst|NextStateLogic:inst|inst13                              ; out0             ;
; |OM|ControllerOM:inst|NextStateLogic:inst|inst15                              ; |OM|ControllerOM:inst|NextStateLogic:inst|inst15                              ; out0             ;
; |OM|ControllerOM:inst|NextStateLogic:inst|inst12                              ; |OM|ControllerOM:inst|NextStateLogic:inst|inst12                              ; out0             ;
; |OM|ControllerOM:inst|NextStateLogic:inst|inst14                              ; |OM|ControllerOM:inst|NextStateLogic:inst|inst14                              ; out0             ;
; |OM|ControllerOM:inst|NextStateLogic:inst|inst10                              ; |OM|ControllerOM:inst|NextStateLogic:inst|inst10                              ; out0             ;
; |OM|ControllerOM:inst|NextStateLogic:inst|inst7                               ; |OM|ControllerOM:inst|NextStateLogic:inst|inst7                               ; out0             ;
; |OM|ControllerOM:inst|NextStateLogic:inst|inst8                               ; |OM|ControllerOM:inst|NextStateLogic:inst|inst8                               ; out0             ;
; |OM|ControllerOM:inst|NextStateLogic:inst|inst6                               ; |OM|ControllerOM:inst|NextStateLogic:inst|inst6                               ; out0             ;
; |OM|ControllerOM:inst|NextStateLogic:inst|inst3                               ; |OM|ControllerOM:inst|NextStateLogic:inst|inst3                               ; out0             ;
; |OM|ControllerOM:inst|NextStateLogic:inst|inst2                               ; |OM|ControllerOM:inst|NextStateLogic:inst|inst2                               ; out0             ;
; |OM|ControllerOM:inst|NextStateLogic:inst|inst1                               ; |OM|ControllerOM:inst|NextStateLogic:inst|inst1                               ; out0             ;
; |OM|ControllerOM:inst|NextStateLogic:inst|inst                                ; |OM|ControllerOM:inst|NextStateLogic:inst|inst                                ; out0             ;
; |OM|ControllerOM:inst|ctrDFFs:inst1|inst3                                     ; |OM|ControllerOM:inst|ctrDFFs:inst1|inst3                                     ; regout           ;
; |OM|ControllerOM:inst|ctrDFFs:inst1|inst2                                     ; |OM|ControllerOM:inst|ctrDFFs:inst1|inst2                                     ; regout           ;
; |OM|ControllerOM:inst|ctrDFFs:inst1|inst1                                     ; |OM|ControllerOM:inst|ctrDFFs:inst1|inst1                                     ; regout           ;
; |OM|ControllerOM:inst|OutputLogic:inst2|inst23                                ; |OM|ControllerOM:inst|OutputLogic:inst2|inst23                                ; out0             ;
; |OM|ControllerOM:inst|OutputLogic:inst2|inst17                                ; |OM|ControllerOM:inst|OutputLogic:inst2|inst17                                ; out0             ;
; |OM|ControllerOM:inst|OutputLogic:inst2|inst24                                ; |OM|ControllerOM:inst|OutputLogic:inst2|inst24                                ; out0             ;
; |OM|ControllerOM:inst|OutputLogic:inst2|inst13                                ; |OM|ControllerOM:inst|OutputLogic:inst2|inst13                                ; out0             ;
; |OM|ControllerOM:inst|OutputLogic:inst2|inst18                                ; |OM|ControllerOM:inst|OutputLogic:inst2|inst18                                ; out0             ;
; |OM|ControllerOM:inst|OutputLogic:inst2|inst21                                ; |OM|ControllerOM:inst|OutputLogic:inst2|inst21                                ; out0             ;
; |OM|ControllerOM:inst|OutputLogic:inst2|inst19                                ; |OM|ControllerOM:inst|OutputLogic:inst2|inst19                                ; out0             ;
; |OM|ControllerOM:inst|OutputLogic:inst2|inst1                                 ; |OM|ControllerOM:inst|OutputLogic:inst2|inst1                                 ; out0             ;
; |OM|ControllerOM:inst|OutputLogic:inst2|inst8                                 ; |OM|ControllerOM:inst|OutputLogic:inst2|inst8                                 ; out0             ;
; |OM|ControllerOM:inst|OutputLogic:inst2|inst12                                ; |OM|ControllerOM:inst|OutputLogic:inst2|inst12                                ; out0             ;
; |OM|ControllerOM:inst|OutputLogic:inst2|inst11                                ; |OM|ControllerOM:inst|OutputLogic:inst2|inst11                                ; out0             ;
; |OM|ControllerOM:inst|OutputLogic:inst2|inst5                                 ; |OM|ControllerOM:inst|OutputLogic:inst2|inst5                                 ; out0             ;
; |OM|ControllerOM:inst|OutputLogic:inst2|inst10                                ; |OM|ControllerOM:inst|OutputLogic:inst2|inst10                                ; out0             ;
; |OM|ControllerOM:inst|OutputLogic:inst2|inst22                                ; |OM|ControllerOM:inst|OutputLogic:inst2|inst22                                ; out0             ;
; |OM|ControllerOM:inst|OutputLogic:inst2|inst6                                 ; |OM|ControllerOM:inst|OutputLogic:inst2|inst6                                 ; out0             ;
; |OM|ControllerOM:inst|OutputLogic:inst2|inst                                  ; |OM|ControllerOM:inst|OutputLogic:inst2|inst                                  ; out0             ;
; |OM|ControllerOM:inst|OutputLogic:inst2|inst16                                ; |OM|ControllerOM:inst|OutputLogic:inst2|inst16                                ; out0             ;
; |OM|ControllerOM:inst|OutputLogic:inst2|inst3                                 ; |OM|ControllerOM:inst|OutputLogic:inst2|inst3                                 ; out0             ;
; |OM|ControllerOM:inst|OutputLogic:inst2|inst15                                ; |OM|ControllerOM:inst|OutputLogic:inst2|inst15                                ; out0             ;
; |OM|ControllerOM:inst|OutputLogic:inst2|inst7                                 ; |OM|ControllerOM:inst|OutputLogic:inst2|inst7                                 ; out0             ;
+-------------------------------------------------------------------------------+-------------------------------------------------------------------------------+------------------+


The following table displays output ports that do not toggle to 1 during simulation.
+--------------------------------------------------------------------------------------------------------------------------------------------------------------------------------+
; Missing 1-Value Coverage                                                                                                                                                       ;
+------------------------------------------------------------------------------+------------------------------------------------------------------------------+------------------+
; Node Name                                                                    ; Output Port Name                                                             ; Output Port Type ;
+------------------------------------------------------------------------------+------------------------------------------------------------------------------+------------------+
; |OM|Res[7]                                                                   ; |OM|Res[7]                                                                   ; pin_out          ;
; |OM|Res[6]                                                                   ; |OM|Res[6]                                                                   ; pin_out          ;
; |OM|Res[2]                                                                   ; |OM|Res[2]                                                                   ; pin_out          ;
; |OM|Res[0]                                                                   ; |OM|Res[0]                                                                   ; pin_out          ;
; |OM|In1[7]                                                                   ; |OM|In1[7]                                                                   ; out              ;
; |OM|In1[6]                                                                   ; |OM|In1[6]                                                                   ; out              ;
; |OM|In1[4]                                                                   ; |OM|In1[4]                                                                   ; out              ;
; |OM|In1[3]                                                                   ; |OM|In1[3]                                                                   ; out              ;
; |OM|In1[2]                                                                   ; |OM|In1[2]                                                                   ; out              ;
; |OM|In2[7]                                                                   ; |OM|In2[7]                                                                   ; out              ;
; |OM|In2[6]                                                                   ; |OM|In2[6]                                                                   ; out              ;
; |OM|In2[4]                                                                   ; |OM|In2[4]                                                                   ; out              ;
; |OM|In2[0]                                                                   ; |OM|In2[0]                                                                   ; out              ;
; |OM|DtpOM:inst1|inst8[7]                                                     ; |OM|DtpOM:inst1|inst8[7]                                                     ; out              ;
; |OM|DtpOM:inst1|inst8[6]                                                     ; |OM|DtpOM:inst1|inst8[6]                                                     ; out              ;
; |OM|DtpOM:inst1|inst8[2]                                                     ; |OM|DtpOM:inst1|inst8[2]                                                     ; out              ;
; |OM|DtpOM:inst1|inst8[0]                                                     ; |OM|DtpOM:inst1|inst8[0]                                                     ; out              ;
; |OM|DtpOM:inst1|AU1:inst1|inst1[7]                                           ; |OM|DtpOM:inst1|AU1:inst1|inst1[7]                                           ; out0             ;
; |OM|DtpOM:inst1|AU1:inst1|inst1[6]                                           ; |OM|DtpOM:inst1|AU1:inst1|inst1[6]                                           ; out0             ;
; |OM|DtpOM:inst1|AU1:inst1|8mux21:inst3|inst[7]                               ; |OM|DtpOM:inst1|AU1:inst1|8mux21:inst3|inst[7]                               ; out0             ;
; |OM|DtpOM:inst1|AU1:inst1|8mux21:inst3|inst[6]                               ; |OM|DtpOM:inst1|AU1:inst1|8mux21:inst3|inst[6]                               ; out0             ;
; |OM|DtpOM:inst1|AU1:inst1|Adder8:inst9|Adder4S:inst|FA:inst17|HA:inst|inst1  ; |OM|DtpOM:inst1|AU1:inst1|Adder8:inst9|Adder4S:inst|FA:inst17|HA:inst|inst1  ; out0             ;
; |OM|DtpOM:inst1|AU1:inst1|Adder8:inst9|Adder4S:inst3|FA:inst17|HA:inst|inst1 ; |OM|DtpOM:inst1|AU1:inst1|Adder8:inst9|Adder4S:inst3|FA:inst17|HA:inst|inst1 ; out0             ;
; |OM|DtpOM:inst1|AU1:inst1|Adder8:inst9|Adder4S:inst3|FA:inst18|HA:inst|inst1 ; |OM|DtpOM:inst1|AU1:inst1|Adder8:inst9|Adder4S:inst3|FA:inst18|HA:inst|inst1 ; out0             ;
; |OM|DtpOM:inst1|8mux41:inst2|inst[4]                                         ; |OM|DtpOM:inst1|8mux41:inst2|inst[4]                                         ; out0             ;
; |OM|DtpOM:inst1|8mux41:inst2|inst[3]                                         ; |OM|DtpOM:inst1|8mux41:inst2|inst[3]                                         ; out0             ;
; |OM|DtpOM:inst1|8mux41:inst2|inst2[7]                                        ; |OM|DtpOM:inst1|8mux41:inst2|inst2[7]                                        ; out0             ;
; |OM|DtpOM:inst1|8mux41:inst2|inst1[7]                                        ; |OM|DtpOM:inst1|8mux41:inst2|inst1[7]                                        ; out0             ;
; |OM|DtpOM:inst1|8mux41:inst2|inst1[6]                                        ; |OM|DtpOM:inst1|8mux41:inst2|inst1[6]                                        ; out0             ;
; |OM|DtpOM:inst1|8mux41:inst2|inst1[4]                                        ; |OM|DtpOM:inst1|8mux41:inst2|inst1[4]                                        ; out0             ;
; |OM|DtpOM:inst1|8mux41:inst2|inst1[0]                                        ; |OM|DtpOM:inst1|8mux41:inst2|inst1[0]                                        ; out0             ;
; |OM|DtpOM:inst1|Register8:R2|8mux21:inst1|inst1[7]                           ; |OM|DtpOM:inst1|Register8:R2|8mux21:inst1|inst1[7]                           ; out0             ;
; |OM|DtpOM:inst1|Register8:R2|8mux21:inst1|inst1[6]                           ; |OM|DtpOM:inst1|Register8:R2|8mux21:inst1|inst1[6]                           ; out0             ;
; |OM|DtpOM:inst1|Register8:R2|8mux21:inst1|inst1[2]                           ; |OM|DtpOM:inst1|Register8:R2|8mux21:inst1|inst1[2]                           ; out0             ;
; |OM|DtpOM:inst1|Register8:R2|8mux21:inst1|inst1[0]                           ; |OM|DtpOM:inst1|Register8:R2|8mux21:inst1|inst1[0]                           ; out0             ;
; |OM|DtpOM:inst1|Register8:R3|8mux21:inst1|inst3[6]                           ; |OM|DtpOM:inst1|Register8:R3|8mux21:inst1|inst3[6]                           ; out0             ;
; |OM|DtpOM:inst1|Register8:R3|8mux21:inst1|inst3[5]                           ; |OM|DtpOM:inst1|Register8:R3|8mux21:inst1|inst3[5]                           ; out0             ;
; |OM|DtpOM:inst1|Register8:R3|8mux21:inst1|inst3[3]                           ; |OM|DtpOM:inst1|Register8:R3|8mux21:inst1|inst3[3]                           ; out0             ;
; |OM|DtpOM:inst1|Register8:R3|8mux21:inst1|inst3[2]                           ; |OM|DtpOM:inst1|Register8:R3|8mux21:inst1|inst3[2]                           ; out0             ;
; |OM|DtpOM:inst1|Register8:R3|8mux21:inst1|inst1[7]                           ; |OM|DtpOM:inst1|Register8:R3|8mux21:inst1|inst1[7]                           ; out0             ;
; |OM|DtpOM:inst1|Register8:R3|8mux21:inst1|inst1[6]                           ; |OM|DtpOM:inst1|Register8:R3|8mux21:inst1|inst1[6]                           ; out0             ;
; |OM|DtpOM:inst1|Register8:R3|8mux21:inst1|inst1[5]                           ; |OM|DtpOM:inst1|Register8:R3|8mux21:inst1|inst1[5]                           ; out0             ;
; |OM|DtpOM:inst1|Register8:R3|8mux21:inst1|inst1[3]                           ; |OM|DtpOM:inst1|Register8:R3|8mux21:inst1|inst1[3]                           ; out0             ;
; |OM|DtpOM:inst1|Register8:R3|8mux21:inst1|inst1[2]                           ; |OM|DtpOM:inst1|Register8:R3|8mux21:inst1|inst1[2]                           ; out0             ;
; |OM|DtpOM:inst1|Register8:R3|8mux21:inst1|inst1[1]                           ; |OM|DtpOM:inst1|Register8:R3|8mux21:inst1|inst1[1]                           ; out0             ;
; |OM|DtpOM:inst1|Register8:R3|8mux21:inst1|inst[6]                            ; |OM|DtpOM:inst1|Register8:R3|8mux21:inst1|inst[6]                            ; out0             ;
; |OM|DtpOM:inst1|Register8:R3|8mux21:inst1|inst[5]                            ; |OM|DtpOM:inst1|Register8:R3|8mux21:inst1|inst[5]                            ; out0             ;
; |OM|DtpOM:inst1|Register8:R3|8mux21:inst1|inst[3]                            ; |OM|DtpOM:inst1|Register8:R3|8mux21:inst1|inst[3]                            ; out0             ;
; |OM|DtpOM:inst1|Register8:R3|8mux21:inst1|inst[2]                            ; |OM|DtpOM:inst1|Register8:R3|8mux21:inst1|inst[2]                            ; out0             ;
; |OM|DtpOM:inst1|Register8:R3|R8DFFs:inst|inst2                               ; |OM|DtpOM:inst1|Register8:R3|R8DFFs:inst|inst2                               ; regout           ;
; |OM|DtpOM:inst1|Register8:R3|R8DFFs:inst|inst1                               ; |OM|DtpOM:inst1|Register8:R3|R8DFFs:inst|inst1                               ; regout           ;
; |OM|DtpOM:inst1|Register8:R3|R8DFFs:inst|inst                                ; |OM|DtpOM:inst1|Register8:R3|R8DFFs:inst|inst                                ; regout           ;
; |OM|DtpOM:inst1|Register8:R3|R8DFFs:inst|inst4                               ; |OM|DtpOM:inst1|Register8:R3|R8DFFs:inst|inst4                               ; regout           ;
; |OM|DtpOM:inst1|Register8:R3|R8DFFs:inst|inst5                               ; |OM|DtpOM:inst1|Register8:R3|R8DFFs:inst|inst5                               ; regout           ;
; |OM|DtpOM:inst1|Register8:R3|R8DFFs:inst|inst6                               ; |OM|DtpOM:inst1|Register8:R3|R8DFFs:inst|inst6                               ; regout           ;
; |OM|DtpOM:inst1|8mux21:inst30|inst[7]                                        ; |OM|DtpOM:inst1|8mux21:inst30|inst[7]                                        ; out0             ;
; |OM|DtpOM:inst1|8mux21:inst30|inst[6]                                        ; |OM|DtpOM:inst1|8mux21:inst30|inst[6]                                        ; out0             ;
; |OM|DtpOM:inst1|8mux21:inst30|inst[5]                                        ; |OM|DtpOM:inst1|8mux21:inst30|inst[5]                                        ; out0             ;
; |OM|DtpOM:inst1|8mux21:inst30|inst[3]                                        ; |OM|DtpOM:inst1|8mux21:inst30|inst[3]                                        ; out0             ;
; |OM|DtpOM:inst1|8mux21:inst30|inst[2]                                        ; |OM|DtpOM:inst1|8mux21:inst30|inst[2]                                        ; out0             ;
; |OM|DtpOM:inst1|8mux21:inst30|inst[1]                                        ; |OM|DtpOM:inst1|8mux21:inst30|inst[1]                                        ; out0             ;
; |OM|DtpOM:inst1|AU2:inst5|inst18                                             ; |OM|DtpOM:inst1|AU2:inst5|inst18                                             ; out0             ;
; |OM|DtpOM:inst1|AU2:inst5|inst20                                             ; |OM|DtpOM:inst1|AU2:inst5|inst20                                             ; out0             ;
; |OM|DtpOM:inst1|AU2:inst5|inst[7]                                            ; |OM|DtpOM:inst1|AU2:inst5|inst[7]                                            ; out0             ;
; |OM|DtpOM:inst1|AU2:inst5|inst[6]                                            ; |OM|DtpOM:inst1|AU2:inst5|inst[6]                                            ; out0             ;
; |OM|DtpOM:inst1|AU2:inst5|inst22                                             ; |OM|DtpOM:inst1|AU2:inst5|inst22                                             ; out0             ;
; |OM|DtpOM:inst1|AU2:inst5|inst16                                             ; |OM|DtpOM:inst1|AU2:inst5|inst16                                             ; out0             ;
; |OM|DtpOM:inst1|AU2:inst5|8mux21:inst13|inst[7]                              ; |OM|DtpOM:inst1|AU2:inst5|8mux21:inst13|inst[7]                              ; out0             ;
; |OM|DtpOM:inst1|AU2:inst5|8mux21:inst13|inst[6]                              ; |OM|DtpOM:inst1|AU2:inst5|8mux21:inst13|inst[6]                              ; out0             ;
; |OM|DtpOM:inst1|AU2:inst5|8mux21:inst14|inst[7]                              ; |OM|DtpOM:inst1|AU2:inst5|8mux21:inst14|inst[7]                              ; out0             ;
; |OM|DtpOM:inst1|AU2:inst5|Adder8:inst2|Adder4S:inst3|FA:inst18|HA:inst|inst1 ; |OM|DtpOM:inst1|AU2:inst5|Adder8:inst2|Adder4S:inst3|FA:inst18|HA:inst|inst1 ; out0             ;
; |OM|DtpOM:inst1|AU2:inst5|8mux21:inst15|inst1[7]                             ; |OM|DtpOM:inst1|AU2:inst5|8mux21:inst15|inst1[7]                             ; out0             ;
; |OM|DtpOM:inst1|AU2:inst5|8mux21:inst15|inst1[6]                             ; |OM|DtpOM:inst1|AU2:inst5|8mux21:inst15|inst1[6]                             ; out0             ;
; |OM|DtpOM:inst1|AU2:inst5|8mux21:inst15|inst1[5]                             ; |OM|DtpOM:inst1|AU2:inst5|8mux21:inst15|inst1[5]                             ; out0             ;
; |OM|DtpOM:inst1|AU2:inst5|8mux21:inst15|inst1[4]                             ; |OM|DtpOM:inst1|AU2:inst5|8mux21:inst15|inst1[4]                             ; out0             ;
; |OM|DtpOM:inst1|AU2:inst5|8mux21:inst15|inst1[3]                             ; |OM|DtpOM:inst1|AU2:inst5|8mux21:inst15|inst1[3]                             ; out0             ;
; |OM|DtpOM:inst1|AU2:inst5|8mux21:inst15|inst1[2]                             ; |OM|DtpOM:inst1|AU2:inst5|8mux21:inst15|inst1[2]                             ; out0             ;
; |OM|DtpOM:inst1|AU2:inst5|8mux21:inst15|inst1[1]                             ; |OM|DtpOM:inst1|AU2:inst5|8mux21:inst15|inst1[1]                             ; out0             ;
; |OM|DtpOM:inst1|AU2:inst5|8mux21:inst15|inst1[0]                             ; |OM|DtpOM:inst1|AU2:inst5|8mux21:inst15|inst1[0]                             ; out0             ;
; |OM|DtpOM:inst1|8mux41:inst|inst4[7]                                         ; |OM|DtpOM:inst1|8mux41:inst|inst4[7]                                         ; out0             ;
; |OM|DtpOM:inst1|8mux41:inst|inst[7]                                          ; |OM|DtpOM:inst1|8mux41:inst|inst[7]                                          ; out0             ;
; |OM|DtpOM:inst1|8mux41:inst|inst2[7]                                         ; |OM|DtpOM:inst1|8mux41:inst|inst2[7]                                         ; out0             ;
; |OM|DtpOM:inst1|8mux41:inst|inst2[4]                                         ; |OM|DtpOM:inst1|8mux41:inst|inst2[4]                                         ; out0             ;
; |OM|DtpOM:inst1|8mux41:inst|inst2[3]                                         ; |OM|DtpOM:inst1|8mux41:inst|inst2[3]                                         ; out0             ;
; |OM|DtpOM:inst1|8mux41:inst|inst2[2]                                         ; |OM|DtpOM:inst1|8mux41:inst|inst2[2]                                         ; out0             ;
; |OM|DtpOM:inst1|8mux41:inst|inst3[7]                                         ; |OM|DtpOM:inst1|8mux41:inst|inst3[7]                                         ; out0             ;
; |OM|DtpOM:inst1|8mux41:inst|inst3[6]                                         ; |OM|DtpOM:inst1|8mux41:inst|inst3[6]                                         ; out0             ;
; |OM|DtpOM:inst1|8mux41:inst|inst3[5]                                         ; |OM|DtpOM:inst1|8mux41:inst|inst3[5]                                         ; out0             ;
; |OM|DtpOM:inst1|8mux41:inst|inst3[4]                                         ; |OM|DtpOM:inst1|8mux41:inst|inst3[4]                                         ; out0             ;
; |OM|DtpOM:inst1|8mux41:inst|inst3[3]                                         ; |OM|DtpOM:inst1|8mux41:inst|inst3[3]                                         ; out0             ;
; |OM|DtpOM:inst1|8mux41:inst|inst3[2]                                         ; |OM|DtpOM:inst1|8mux41:inst|inst3[2]                                         ; out0             ;
; |OM|DtpOM:inst1|8mux41:inst|inst3[1]                                         ; |OM|DtpOM:inst1|8mux41:inst|inst3[1]                                         ; out0             ;
; |OM|DtpOM:inst1|8mux41:inst|inst3[0]                                         ; |OM|DtpOM:inst1|8mux41:inst|inst3[0]                                         ; out0             ;
; |OM|DtpOM:inst1|8mux41:inst|inst1[7]                                         ; |OM|DtpOM:inst1|8mux41:inst|inst1[7]                                         ; out0             ;
; |OM|DtpOM:inst1|8mux41:inst|inst1[6]                                         ; |OM|DtpOM:inst1|8mux41:inst|inst1[6]                                         ; out0             ;
; |OM|DtpOM:inst1|8mux41:inst|inst1[4]                                         ; |OM|DtpOM:inst1|8mux41:inst|inst1[4]                                         ; out0             ;
; |OM|DtpOM:inst1|8mux41:inst|inst1[3]                                         ; |OM|DtpOM:inst1|8mux41:inst|inst1[3]                                         ; out0             ;
; |OM|DtpOM:inst1|8mux41:inst|inst1[2]                                         ; |OM|DtpOM:inst1|8mux41:inst|inst1[2]                                         ; out0             ;
; |OM|DtpOM:inst1|Register8:R1|8mux21:inst1|inst3[7]                           ; |OM|DtpOM:inst1|Register8:R1|8mux21:inst1|inst3[7]                           ; out0             ;
; |OM|DtpOM:inst1|Register8:R1|8mux21:inst1|inst1[7]                           ; |OM|DtpOM:inst1|Register8:R1|8mux21:inst1|inst1[7]                           ; out0             ;
; |OM|DtpOM:inst1|Register8:R1|8mux21:inst1|inst1[6]                           ; |OM|DtpOM:inst1|Register8:R1|8mux21:inst1|inst1[6]                           ; out0             ;
; |OM|DtpOM:inst1|Register8:R1|8mux21:inst1|inst1[0]                           ; |OM|DtpOM:inst1|Register8:R1|8mux21:inst1|inst1[0]                           ; out0             ;
; |OM|DtpOM:inst1|Register8:R1|8mux21:inst1|inst[7]                            ; |OM|DtpOM:inst1|Register8:R1|8mux21:inst1|inst[7]                            ; out0             ;
+------------------------------------------------------------------------------+------------------------------------------------------------------------------+------------------+


The following table displays output ports that do not toggle to 0 during simulation.
+--------------------------------------------------------------------------------------------------------------------------------------------------------------------------------+
; Missing 0-Value Coverage                                                                                                                                                       ;
+------------------------------------------------------------------------------+------------------------------------------------------------------------------+------------------+
; Node Name                                                                    ; Output Port Name                                                             ; Output Port Type ;
+------------------------------------------------------------------------------+------------------------------------------------------------------------------+------------------+
; |OM|Res[5]                                                                   ; |OM|Res[5]                                                                   ; pin_out          ;
; |OM|Res[4]                                                                   ; |OM|Res[4]                                                                   ; pin_out          ;
; |OM|Res[3]                                                                   ; |OM|Res[3]                                                                   ; pin_out          ;
; |OM|Res[1]                                                                   ; |OM|Res[1]                                                                   ; pin_out          ;
; |OM|In1[2]                                                                   ; |OM|In1[2]                                                                   ; out              ;
; |OM|In2[0]                                                                   ; |OM|In2[0]                                                                   ; out              ;
; |OM|DtpOM:inst1|inst8[5]                                                     ; |OM|DtpOM:inst1|inst8[5]                                                     ; out              ;
; |OM|DtpOM:inst1|inst8[4]                                                     ; |OM|DtpOM:inst1|inst8[4]                                                     ; out              ;
; |OM|DtpOM:inst1|inst8[3]                                                     ; |OM|DtpOM:inst1|inst8[3]                                                     ; out              ;
; |OM|DtpOM:inst1|inst8[1]                                                     ; |OM|DtpOM:inst1|inst8[1]                                                     ; out              ;
; |OM|DtpOM:inst1|AU1:inst1|inst1[7]                                           ; |OM|DtpOM:inst1|AU1:inst1|inst1[7]                                           ; out0             ;
; |OM|DtpOM:inst1|AU1:inst1|inst1[6]                                           ; |OM|DtpOM:inst1|AU1:inst1|inst1[6]                                           ; out0             ;
; |OM|DtpOM:inst1|AU1:inst1|8mux21:inst3|inst[7]                               ; |OM|DtpOM:inst1|AU1:inst1|8mux21:inst3|inst[7]                               ; out0             ;
; |OM|DtpOM:inst1|AU1:inst1|8mux21:inst3|inst[6]                               ; |OM|DtpOM:inst1|AU1:inst1|8mux21:inst3|inst[6]                               ; out0             ;
; |OM|DtpOM:inst1|AU1:inst1|Adder8:inst9|Adder4S:inst|FA:inst17|HA:inst|inst1  ; |OM|DtpOM:inst1|AU1:inst1|Adder8:inst9|Adder4S:inst|FA:inst17|HA:inst|inst1  ; out0             ;
; |OM|DtpOM:inst1|AU1:inst1|Adder8:inst9|Adder4S:inst3|FA:inst17|HA:inst|inst1 ; |OM|DtpOM:inst1|AU1:inst1|Adder8:inst9|Adder4S:inst3|FA:inst17|HA:inst|inst1 ; out0             ;
; |OM|DtpOM:inst1|AU1:inst1|Adder8:inst9|Adder4S:inst3|FA:inst18|HA:inst|inst1 ; |OM|DtpOM:inst1|AU1:inst1|Adder8:inst9|Adder4S:inst3|FA:inst18|HA:inst|inst1 ; out0             ;
; |OM|DtpOM:inst1|8mux41:inst2|inst[4]                                         ; |OM|DtpOM:inst1|8mux41:inst2|inst[4]                                         ; out0             ;
; |OM|DtpOM:inst1|8mux41:inst2|inst[3]                                         ; |OM|DtpOM:inst1|8mux41:inst2|inst[3]                                         ; out0             ;
; |OM|DtpOM:inst1|8mux41:inst2|inst2[7]                                        ; |OM|DtpOM:inst1|8mux41:inst2|inst2[7]                                        ; out0             ;
; |OM|DtpOM:inst1|8mux41:inst2|inst1[0]                                        ; |OM|DtpOM:inst1|8mux41:inst2|inst1[0]                                        ; out0             ;
; |OM|DtpOM:inst1|Register8:R2|8mux21:inst1|inst1[7]                           ; |OM|DtpOM:inst1|Register8:R2|8mux21:inst1|inst1[7]                           ; out0             ;
; |OM|DtpOM:inst1|Register8:R2|8mux21:inst1|inst1[6]                           ; |OM|DtpOM:inst1|Register8:R2|8mux21:inst1|inst1[6]                           ; out0             ;
; |OM|DtpOM:inst1|Register8:R2|8mux21:inst1|inst1[2]                           ; |OM|DtpOM:inst1|Register8:R2|8mux21:inst1|inst1[2]                           ; out0             ;
; |OM|DtpOM:inst1|Register8:R2|8mux21:inst1|inst1[0]                           ; |OM|DtpOM:inst1|Register8:R2|8mux21:inst1|inst1[0]                           ; out0             ;
; |OM|DtpOM:inst1|Register8:R3|8mux21:inst1|inst3[6]                           ; |OM|DtpOM:inst1|Register8:R3|8mux21:inst1|inst3[6]                           ; out0             ;
; |OM|DtpOM:inst1|Register8:R3|8mux21:inst1|inst3[5]                           ; |OM|DtpOM:inst1|Register8:R3|8mux21:inst1|inst3[5]                           ; out0             ;
; |OM|DtpOM:inst1|Register8:R3|8mux21:inst1|inst3[3]                           ; |OM|DtpOM:inst1|Register8:R3|8mux21:inst1|inst3[3]                           ; out0             ;
; |OM|DtpOM:inst1|Register8:R3|8mux21:inst1|inst3[2]                           ; |OM|DtpOM:inst1|Register8:R3|8mux21:inst1|inst3[2]                           ; out0             ;
; |OM|DtpOM:inst1|Register8:R3|8mux21:inst1|inst1[7]                           ; |OM|DtpOM:inst1|Register8:R3|8mux21:inst1|inst1[7]                           ; out0             ;
; |OM|DtpOM:inst1|Register8:R3|8mux21:inst1|inst1[6]                           ; |OM|DtpOM:inst1|Register8:R3|8mux21:inst1|inst1[6]                           ; out0             ;
; |OM|DtpOM:inst1|Register8:R3|8mux21:inst1|inst1[5]                           ; |OM|DtpOM:inst1|Register8:R3|8mux21:inst1|inst1[5]                           ; out0             ;
; |OM|DtpOM:inst1|Register8:R3|8mux21:inst1|inst1[4]                           ; |OM|DtpOM:inst1|Register8:R3|8mux21:inst1|inst1[4]                           ; out0             ;
; |OM|DtpOM:inst1|Register8:R3|8mux21:inst1|inst1[3]                           ; |OM|DtpOM:inst1|Register8:R3|8mux21:inst1|inst1[3]                           ; out0             ;
; |OM|DtpOM:inst1|Register8:R3|8mux21:inst1|inst1[2]                           ; |OM|DtpOM:inst1|Register8:R3|8mux21:inst1|inst1[2]                           ; out0             ;
; |OM|DtpOM:inst1|Register8:R3|8mux21:inst1|inst1[1]                           ; |OM|DtpOM:inst1|Register8:R3|8mux21:inst1|inst1[1]                           ; out0             ;
; |OM|DtpOM:inst1|Register8:R3|8mux21:inst1|inst1[0]                           ; |OM|DtpOM:inst1|Register8:R3|8mux21:inst1|inst1[0]                           ; out0             ;
; |OM|DtpOM:inst1|Register8:R3|8mux21:inst1|inst[6]                            ; |OM|DtpOM:inst1|Register8:R3|8mux21:inst1|inst[6]                            ; out0             ;
; |OM|DtpOM:inst1|Register8:R3|8mux21:inst1|inst[5]                            ; |OM|DtpOM:inst1|Register8:R3|8mux21:inst1|inst[5]                            ; out0             ;
; |OM|DtpOM:inst1|Register8:R3|8mux21:inst1|inst[3]                            ; |OM|DtpOM:inst1|Register8:R3|8mux21:inst1|inst[3]                            ; out0             ;
; |OM|DtpOM:inst1|Register8:R3|8mux21:inst1|inst[2]                            ; |OM|DtpOM:inst1|Register8:R3|8mux21:inst1|inst[2]                            ; out0             ;
; |OM|DtpOM:inst1|Register8:R3|R8DFFs:inst|inst3                               ; |OM|DtpOM:inst1|Register8:R3|R8DFFs:inst|inst3                               ; regout           ;
; |OM|DtpOM:inst1|Register8:R3|R8DFFs:inst|inst2                               ; |OM|DtpOM:inst1|Register8:R3|R8DFFs:inst|inst2                               ; regout           ;
; |OM|DtpOM:inst1|Register8:R3|R8DFFs:inst|inst1                               ; |OM|DtpOM:inst1|Register8:R3|R8DFFs:inst|inst1                               ; regout           ;
; |OM|DtpOM:inst1|Register8:R3|R8DFFs:inst|inst                                ; |OM|DtpOM:inst1|Register8:R3|R8DFFs:inst|inst                                ; regout           ;
; |OM|DtpOM:inst1|Register8:R3|R8DFFs:inst|inst4                               ; |OM|DtpOM:inst1|Register8:R3|R8DFFs:inst|inst4                               ; regout           ;
; |OM|DtpOM:inst1|Register8:R3|R8DFFs:inst|inst5                               ; |OM|DtpOM:inst1|Register8:R3|R8DFFs:inst|inst5                               ; regout           ;
; |OM|DtpOM:inst1|Register8:R3|R8DFFs:inst|inst6                               ; |OM|DtpOM:inst1|Register8:R3|R8DFFs:inst|inst6                               ; regout           ;
; |OM|DtpOM:inst1|Register8:R3|R8DFFs:inst|inst7                               ; |OM|DtpOM:inst1|Register8:R3|R8DFFs:inst|inst7                               ; regout           ;
; |OM|DtpOM:inst1|8mux21:inst30|inst[7]                                        ; |OM|DtpOM:inst1|8mux21:inst30|inst[7]                                        ; out0             ;
; |OM|DtpOM:inst1|8mux21:inst30|inst[6]                                        ; |OM|DtpOM:inst1|8mux21:inst30|inst[6]                                        ; out0             ;
; |OM|DtpOM:inst1|8mux21:inst30|inst[5]                                        ; |OM|DtpOM:inst1|8mux21:inst30|inst[5]                                        ; out0             ;
; |OM|DtpOM:inst1|8mux21:inst30|inst[3]                                        ; |OM|DtpOM:inst1|8mux21:inst30|inst[3]                                        ; out0             ;
; |OM|DtpOM:inst1|8mux21:inst30|inst[2]                                        ; |OM|DtpOM:inst1|8mux21:inst30|inst[2]                                        ; out0             ;
; |OM|DtpOM:inst1|8mux21:inst30|inst[1]                                        ; |OM|DtpOM:inst1|8mux21:inst30|inst[1]                                        ; out0             ;
; |OM|DtpOM:inst1|AU2:inst5|inst18                                             ; |OM|DtpOM:inst1|AU2:inst5|inst18                                             ; out0             ;
; |OM|DtpOM:inst1|AU2:inst5|inst20                                             ; |OM|DtpOM:inst1|AU2:inst5|inst20                                             ; out0             ;
; |OM|DtpOM:inst1|AU2:inst5|inst[7]                                            ; |OM|DtpOM:inst1|AU2:inst5|inst[7]                                            ; out0             ;
; |OM|DtpOM:inst1|AU2:inst5|inst[6]                                            ; |OM|DtpOM:inst1|AU2:inst5|inst[6]                                            ; out0             ;
; |OM|DtpOM:inst1|AU2:inst5|inst22                                             ; |OM|DtpOM:inst1|AU2:inst5|inst22                                             ; out0             ;
; |OM|DtpOM:inst1|AU2:inst5|inst16                                             ; |OM|DtpOM:inst1|AU2:inst5|inst16                                             ; out0             ;
; |OM|DtpOM:inst1|AU2:inst5|8mux21:inst13|inst[7]                              ; |OM|DtpOM:inst1|AU2:inst5|8mux21:inst13|inst[7]                              ; out0             ;
; |OM|DtpOM:inst1|AU2:inst5|8mux21:inst13|inst[6]                              ; |OM|DtpOM:inst1|AU2:inst5|8mux21:inst13|inst[6]                              ; out0             ;
; |OM|DtpOM:inst1|AU2:inst5|8mux21:inst14|inst[7]                              ; |OM|DtpOM:inst1|AU2:inst5|8mux21:inst14|inst[7]                              ; out0             ;
; |OM|DtpOM:inst1|AU2:inst5|Adder8:inst2|Adder4S:inst3|FA:inst18|HA:inst|inst1 ; |OM|DtpOM:inst1|AU2:inst5|Adder8:inst2|Adder4S:inst3|FA:inst18|HA:inst|inst1 ; out0             ;
; |OM|DtpOM:inst1|AU2:inst5|8mux21:inst15|inst1[7]                             ; |OM|DtpOM:inst1|AU2:inst5|8mux21:inst15|inst1[7]                             ; out0             ;
; |OM|DtpOM:inst1|AU2:inst5|8mux21:inst15|inst1[6]                             ; |OM|DtpOM:inst1|AU2:inst5|8mux21:inst15|inst1[6]                             ; out0             ;
; |OM|DtpOM:inst1|AU2:inst5|8mux21:inst15|inst1[5]                             ; |OM|DtpOM:inst1|AU2:inst5|8mux21:inst15|inst1[5]                             ; out0             ;
; |OM|DtpOM:inst1|AU2:inst5|8mux21:inst15|inst1[4]                             ; |OM|DtpOM:inst1|AU2:inst5|8mux21:inst15|inst1[4]                             ; out0             ;
; |OM|DtpOM:inst1|AU2:inst5|8mux21:inst15|inst1[3]                             ; |OM|DtpOM:inst1|AU2:inst5|8mux21:inst15|inst1[3]                             ; out0             ;
; |OM|DtpOM:inst1|AU2:inst5|8mux21:inst15|inst1[2]                             ; |OM|DtpOM:inst1|AU2:inst5|8mux21:inst15|inst1[2]                             ; out0             ;
; |OM|DtpOM:inst1|AU2:inst5|8mux21:inst15|inst1[1]                             ; |OM|DtpOM:inst1|AU2:inst5|8mux21:inst15|inst1[1]                             ; out0             ;
; |OM|DtpOM:inst1|AU2:inst5|8mux21:inst15|inst1[0]                             ; |OM|DtpOM:inst1|AU2:inst5|8mux21:inst15|inst1[0]                             ; out0             ;
; |OM|DtpOM:inst1|8mux41:inst|inst[7]                                          ; |OM|DtpOM:inst1|8mux41:inst|inst[7]                                          ; out0             ;
; |OM|DtpOM:inst1|8mux41:inst|inst2[7]                                         ; |OM|DtpOM:inst1|8mux41:inst|inst2[7]                                         ; out0             ;
; |OM|DtpOM:inst1|8mux41:inst|inst2[4]                                         ; |OM|DtpOM:inst1|8mux41:inst|inst2[4]                                         ; out0             ;
; |OM|DtpOM:inst1|8mux41:inst|inst2[3]                                         ; |OM|DtpOM:inst1|8mux41:inst|inst2[3]                                         ; out0             ;
; |OM|DtpOM:inst1|8mux41:inst|inst2[2]                                         ; |OM|DtpOM:inst1|8mux41:inst|inst2[2]                                         ; out0             ;
; |OM|DtpOM:inst1|8mux41:inst|inst3[7]                                         ; |OM|DtpOM:inst1|8mux41:inst|inst3[7]                                         ; out0             ;
; |OM|DtpOM:inst1|8mux41:inst|inst3[6]                                         ; |OM|DtpOM:inst1|8mux41:inst|inst3[6]                                         ; out0             ;
; |OM|DtpOM:inst1|8mux41:inst|inst3[5]                                         ; |OM|DtpOM:inst1|8mux41:inst|inst3[5]                                         ; out0             ;
; |OM|DtpOM:inst1|8mux41:inst|inst3[4]                                         ; |OM|DtpOM:inst1|8mux41:inst|inst3[4]                                         ; out0             ;
; |OM|DtpOM:inst1|8mux41:inst|inst3[3]                                         ; |OM|DtpOM:inst1|8mux41:inst|inst3[3]                                         ; out0             ;
; |OM|DtpOM:inst1|8mux41:inst|inst3[2]                                         ; |OM|DtpOM:inst1|8mux41:inst|inst3[2]                                         ; out0             ;
; |OM|DtpOM:inst1|8mux41:inst|inst3[1]                                         ; |OM|DtpOM:inst1|8mux41:inst|inst3[1]                                         ; out0             ;
; |OM|DtpOM:inst1|8mux41:inst|inst3[0]                                         ; |OM|DtpOM:inst1|8mux41:inst|inst3[0]                                         ; out0             ;
; |OM|DtpOM:inst1|8mux41:inst|inst1[2]                                         ; |OM|DtpOM:inst1|8mux41:inst|inst1[2]                                         ; out0             ;
; |OM|DtpOM:inst1|Register8:R1|8mux21:inst1|inst1[7]                           ; |OM|DtpOM:inst1|Register8:R1|8mux21:inst1|inst1[7]                           ; out0             ;
; |OM|DtpOM:inst1|Register8:R1|8mux21:inst1|inst1[6]                           ; |OM|DtpOM:inst1|Register8:R1|8mux21:inst1|inst1[6]                           ; out0             ;
; |OM|DtpOM:inst1|Register8:R1|8mux21:inst1|inst1[0]                           ; |OM|DtpOM:inst1|Register8:R1|8mux21:inst1|inst1[0]                           ; out0             ;
+------------------------------------------------------------------------------+------------------------------------------------------------------------------+------------------+


+---------------------+
; Simulator INI Usage ;
+--------+------------+
; Option ; Usage      ;
+--------+------------+


+--------------------+
; Simulator Messages ;
+--------------------+
Info: *******************************************************************
Info: Running Quartus II 64-Bit Simulator
    Info: Version 13.0.1 Build 232 06/12/2013 Service Pack 1 SJ Web Edition
    Info: Processing started: Sun Dec 14 14:43:57 2025
Info: Command: quartus_sim --simulation_results_format=VWF OM -c OM
Info (324025): Using vector source file "D:/HK5/CE118_DigitalLogicDesign/CircuitDesign/OperatorMerging/OMwf.vwf"
Info (310003): Option to preserve fewer signal transitions to reduce memory requirements is enabled
    Info (310004): Simulation has been partitioned into sub-simulations according to the maximum transition count determined by the engine. Transitions from memory will be flushed out to disk at the end of each sub-simulation to reduce memory requirements.
Info (310002): Simulation partitioned into 1 sub-simulations
Info (328053): Simulation coverage is      76.67 %
Info (328052): Number of transitions in simulation is 2671
Info (324045): Vector file OM.sim.vwf is saved in VWF text format. You can compress it into CVWF format in order to reduce file size. For more details please refer to the Quartus II Help.
Info: Quartus II 64-Bit Simulator was successful. 0 errors, 0 warnings
    Info: Peak virtual memory: 4445 megabytes
    Info: Processing ended: Sun Dec 14 14:43:57 2025
    Info: Elapsed time: 00:00:00
    Info: Total CPU time (on all processors): 00:00:00


