TimeQuest Timing Analyzer report for OM
Sun Dec 14 14:37:24 2025
Quartus II 64-Bit Version 13.0.1 Build 232 06/12/2013 Service Pack 1 SJ Web Edition


---------------------
; Table of Contents ;
---------------------
  1. Legal Notice
  2. TimeQuest Timing Analyzer Summary
  3. Parallel Compilation
  4. Clocks
  5. Slow Model Fmax Summary
  6. Slow Model Setup Summary
  7. Slow Model Hold Summary
  8. Slow Model Recovery Summary
  9. Slow Model Removal Summary
 10. Slow Model Minimum Pulse Width Summary
 11. Slow Model Setup: 'CLK'
 12. Slow Model Hold: 'CLK'
 13. Slow Model Minimum Pulse Width: 'CLK'
 14. Setup Times
 15. Hold Times
 16. Clock to Output Times
 17. Minimum Clock to Output Times
 18. Output Enable Times
 19. Minimum Output Enable Times
 20. Output Disable Times
 21. Minimum Output Disable Times
 22. Fast Model Setup Summary
 23. Fast Model Hold Summary
 24. Fast Model Recovery Summary
 25. Fast Model Removal Summary
 26. Fast Model Minimum Pulse Width Summary
 27. Fast Model Setup: 'CLK'
 28. Fast Model Hold: 'CLK'
 29. Fast Model Minimum Pulse Width: 'CLK'
 30. Setup Times
 31. Hold Times
 32. Clock to Output Times
 33. Minimum Clock to Output Times
 34. Output Enable Times
 35. Minimum Output Enable Times
 36. Output Disable Times
 37. Minimum Output Disable Times
 38. Multicorner Timing Analysis Summary
 39. Setup Times
 40. Hold Times
 41. Clock to Output Times
 42. Minimum Clock to Output Times
 43. Setup Transfers
 44. Hold Transfers
 45. Report TCCS
 46. Report RSKM
 47. Unconstrained Paths
 48. TimeQuest Timing Analyzer Messages



----------------
; Legal Notice ;
----------------
Copyright (C) 1991-2013 Altera Corporation
Your use of Altera Corporation's design tools, logic functions 
and other software and tools, and its AMPP partner logic 
functions, and any output files from any of the foregoing 
(including device programming or simulation files), and any 
associated documentation or information are expressly subject 
to the terms and conditions of the Altera Program License 
Subscription Agreement, Altera MegaCore Function License 
Agreement, or other applicable license agreement, including, 
without limitation, that your use is for the sole purpose of 
programming logic devices manufactured by Altera and sold by 
Altera or its authorized distributors.  Please refer to the 
applicable agreement for further details.



+----------------------------------------------------------------------------------------+
; TimeQuest Timing Analyzer Summary                                                      ;
+--------------------+-------------------------------------------------------------------+
; Quartus II Version ; Version 13.0.1 Build 232 06/12/2013 Service Pack 1 SJ Web Edition ;
; Revision Name      ; OM                                                                ;
; Device Family      ; Cyclone II                                                        ;
; Device Name        ; EP2C35F672C6                                                      ;
; Timing Models      ; Final                                                             ;
; Delay Model        ; Combined                                                          ;
; Rise/Fall Delays   ; Unavailable                                                       ;
+--------------------+-------------------------------------------------------------------+


Parallel compilation was disabled, but you have multiple processors available. Enable parallel compilation to reduce compilation time.
+-------------------------------------+
; Parallel Compilation                ;
+----------------------------+--------+
; Processors                 ; Number ;
+----------------------------+--------+
; Number detected on machine ; 8      ;
; Maximum allowed            ; 1      ;
+----------------------------+--------+


+---------------------------------------------------------------------------------------------------------------------------------------------------------------------------------+
; Clocks                                                                                                                                                                          ;
+------------+------+--------+------------+-------+-------+------------+-----------+-------------+-------+--------+-----------+------------+----------+--------+--------+---------+
; Clock Name ; Type ; Period ; Frequency  ; Rise  ; Fall  ; Duty Cycle ; Divide by ; Multiply by ; Phase ; Offset ; Edge List ; Edge Shift ; Inverted ; Master ; Source ; Targets ;
+------------+------+--------+------------+-------+-------+------------+-----------+-------------+-------+--------+-----------+------------+----------+--------+--------+---------+
; CLK        ; Base ; 1.000  ; 1000.0 MHz ; 0.000 ; 0.500 ;            ;           ;             ;       ;        ;           ;            ;          ;        ;        ; { CLK } ;
+------------+------+--------+------------+-------+-------+------------+-----------+-------------+-------+--------+-----------+------------+----------+--------+--------+---------+


+--------------------------------------------------+
; Slow Model Fmax Summary                          ;
+------------+-----------------+------------+------+
; Fmax       ; Restricted Fmax ; Clock Name ; Note ;
+------------+-----------------+------------+------+
; 145.69 MHz ; 145.69 MHz      ; CLK        ;      ;
+------------+-----------------+------------+------+
This panel reports FMAX for every clock in the design, regardless of the user-specified clock periods.  FMAX is only computed for paths where the source and destination registers or ports are driven by the same clock.  Paths of different clocks, including generated clocks, are ignored.  For paths between a clock and its inversion, FMAX is computed as if the rising and falling edges are scaled along with FMAX, such that the duty cycle (in terms of a percentage) is maintained. Altera recommends that you always use clock constraints and other slack reports for sign-off analysis.


+--------------------------------+
; Slow Model Setup Summary       ;
+-------+--------+---------------+
; Clock ; Slack  ; End Point TNS ;
+-------+--------+---------------+
; CLK   ; -5.864 ; -108.855      ;
+-------+--------+---------------+


+-------------------------------+
; Slow Model Hold Summary       ;
+-------+-------+---------------+
; Clock ; Slack ; End Point TNS ;
+-------+-------+---------------+
; CLK   ; 0.391 ; 0.000         ;
+-------+-------+---------------+


-------------------------------
; Slow Model Recovery Summary ;
-------------------------------
No paths to report.


------------------------------
; Slow Model Removal Summary ;
------------------------------
No paths to report.


+----------------------------------------+
; Slow Model Minimum Pulse Width Summary ;
+-------+--------+-----------------------+
; Clock ; Slack  ; End Point TNS         ;
+-------+--------+-----------------------+
; CLK   ; -1.380 ; -27.380               ;
+-------+--------+-----------------------+


+------------------------------------------------------------------------------------------------------------------------------------------------------------------------+
; Slow Model Setup: 'CLK'                                                                                                                                                ;
+--------+--------------------------------------------+--------------------------------------------+--------------+-------------+--------------+------------+------------+
; Slack  ; From Node                                  ; To Node                                    ; Launch Clock ; Latch Clock ; Relationship ; Clock Skew ; Data Delay ;
+--------+--------------------------------------------+--------------------------------------------+--------------+-------------+--------------+------------+------------+
; -5.864 ; ControllerOM:inst|ctrDFFs:inst1|inst2      ; DtpOM:inst1|Register8:R1|R8DFFs:inst|inst4 ; CLK          ; CLK         ; 1.000        ; -0.002     ; 6.898      ;
; -5.853 ; ControllerOM:inst|ctrDFFs:inst1|inst2      ; DtpOM:inst1|Register8:R2|R8DFFs:inst|inst4 ; CLK          ; CLK         ; 1.000        ; -0.002     ; 6.887      ;
; -5.779 ; ControllerOM:inst|ctrDFFs:inst1|inst2      ; DtpOM:inst1|Register8:R1|R8DFFs:inst|inst1 ; CLK          ; CLK         ; 1.000        ; 0.001      ; 6.816      ;
; -5.768 ; ControllerOM:inst|ctrDFFs:inst1|inst1      ; DtpOM:inst1|Register8:R1|R8DFFs:inst|inst4 ; CLK          ; CLK         ; 1.000        ; 0.002      ; 6.806      ;
; -5.767 ; ControllerOM:inst|ctrDFFs:inst1|inst2      ; DtpOM:inst1|Register8:R2|R8DFFs:inst|inst1 ; CLK          ; CLK         ; 1.000        ; 0.001      ; 6.804      ;
; -5.757 ; ControllerOM:inst|ctrDFFs:inst1|inst1      ; DtpOM:inst1|Register8:R2|R8DFFs:inst|inst4 ; CLK          ; CLK         ; 1.000        ; 0.002      ; 6.795      ;
; -5.751 ; ControllerOM:inst|ctrDFFs:inst1|inst2      ; DtpOM:inst1|Register8:R2|R8DFFs:inst|inst6 ; CLK          ; CLK         ; 1.000        ; -0.007     ; 6.780      ;
; -5.744 ; ControllerOM:inst|ctrDFFs:inst1|inst2      ; DtpOM:inst1|Register8:R1|R8DFFs:inst|inst5 ; CLK          ; CLK         ; 1.000        ; -0.004     ; 6.776      ;
; -5.712 ; ControllerOM:inst|ctrDFFs:inst1|inst2      ; DtpOM:inst1|Register8:R2|R8DFFs:inst|inst5 ; CLK          ; CLK         ; 1.000        ; -0.004     ; 6.744      ;
; -5.683 ; ControllerOM:inst|ctrDFFs:inst1|inst1      ; DtpOM:inst1|Register8:R1|R8DFFs:inst|inst1 ; CLK          ; CLK         ; 1.000        ; 0.005      ; 6.724      ;
; -5.680 ; ControllerOM:inst|ctrDFFs:inst1|inst3      ; DtpOM:inst1|Register8:R1|R8DFFs:inst|inst4 ; CLK          ; CLK         ; 1.000        ; 0.003      ; 6.719      ;
; -5.671 ; ControllerOM:inst|ctrDFFs:inst1|inst1      ; DtpOM:inst1|Register8:R2|R8DFFs:inst|inst1 ; CLK          ; CLK         ; 1.000        ; 0.005      ; 6.712      ;
; -5.669 ; ControllerOM:inst|ctrDFFs:inst1|inst3      ; DtpOM:inst1|Register8:R2|R8DFFs:inst|inst4 ; CLK          ; CLK         ; 1.000        ; 0.003      ; 6.708      ;
; -5.655 ; ControllerOM:inst|ctrDFFs:inst1|inst1      ; DtpOM:inst1|Register8:R2|R8DFFs:inst|inst6 ; CLK          ; CLK         ; 1.000        ; -0.003     ; 6.688      ;
; -5.648 ; ControllerOM:inst|ctrDFFs:inst1|inst1      ; DtpOM:inst1|Register8:R1|R8DFFs:inst|inst5 ; CLK          ; CLK         ; 1.000        ; 0.000      ; 6.684      ;
; -5.620 ; ControllerOM:inst|ctrDFFs:inst1|inst2      ; DtpOM:inst1|Register8:R1|R8DFFs:inst|inst6 ; CLK          ; CLK         ; 1.000        ; -0.007     ; 6.649      ;
; -5.616 ; ControllerOM:inst|ctrDFFs:inst1|inst1      ; DtpOM:inst1|Register8:R2|R8DFFs:inst|inst5 ; CLK          ; CLK         ; 1.000        ; 0.000      ; 6.652      ;
; -5.597 ; ControllerOM:inst|ctrDFFs:inst1|inst2      ; DtpOM:inst1|Register8:R1|R8DFFs:inst|inst7 ; CLK          ; CLK         ; 1.000        ; -0.007     ; 6.626      ;
; -5.595 ; ControllerOM:inst|ctrDFFs:inst1|inst3      ; DtpOM:inst1|Register8:R1|R8DFFs:inst|inst1 ; CLK          ; CLK         ; 1.000        ; 0.006      ; 6.637      ;
; -5.589 ; ControllerOM:inst|ctrDFFs:inst1|inst2      ; DtpOM:inst1|Register8:R2|R8DFFs:inst|inst7 ; CLK          ; CLK         ; 1.000        ; -0.007     ; 6.618      ;
; -5.583 ; ControllerOM:inst|ctrDFFs:inst1|inst3      ; DtpOM:inst1|Register8:R2|R8DFFs:inst|inst1 ; CLK          ; CLK         ; 1.000        ; 0.006      ; 6.625      ;
; -5.567 ; ControllerOM:inst|ctrDFFs:inst1|inst3      ; DtpOM:inst1|Register8:R2|R8DFFs:inst|inst6 ; CLK          ; CLK         ; 1.000        ; -0.002     ; 6.601      ;
; -5.560 ; ControllerOM:inst|ctrDFFs:inst1|inst2      ; DtpOM:inst1|Register8:R1|R8DFFs:inst|inst2 ; CLK          ; CLK         ; 1.000        ; -0.005     ; 6.591      ;
; -5.560 ; ControllerOM:inst|ctrDFFs:inst1|inst3      ; DtpOM:inst1|Register8:R1|R8DFFs:inst|inst5 ; CLK          ; CLK         ; 1.000        ; 0.001      ; 6.597      ;
; -5.540 ; DtpOM:inst1|Register8:R1|R8DFFs:inst|inst6 ; DtpOM:inst1|Register8:R1|R8DFFs:inst|inst4 ; CLK          ; CLK         ; 1.000        ; 0.005      ; 6.581      ;
; -5.538 ; ControllerOM:inst|ctrDFFs:inst1|inst2      ; DtpOM:inst1|Register8:R1|R8DFFs:inst|inst3 ; CLK          ; CLK         ; 1.000        ; 0.001      ; 6.575      ;
; -5.529 ; DtpOM:inst1|Register8:R1|R8DFFs:inst|inst6 ; DtpOM:inst1|Register8:R2|R8DFFs:inst|inst4 ; CLK          ; CLK         ; 1.000        ; 0.005      ; 6.570      ;
; -5.528 ; ControllerOM:inst|ctrDFFs:inst1|inst3      ; DtpOM:inst1|Register8:R2|R8DFFs:inst|inst5 ; CLK          ; CLK         ; 1.000        ; 0.001      ; 6.565      ;
; -5.524 ; ControllerOM:inst|ctrDFFs:inst1|inst1      ; DtpOM:inst1|Register8:R1|R8DFFs:inst|inst6 ; CLK          ; CLK         ; 1.000        ; -0.003     ; 6.557      ;
; -5.501 ; ControllerOM:inst|ctrDFFs:inst1|inst1      ; DtpOM:inst1|Register8:R1|R8DFFs:inst|inst7 ; CLK          ; CLK         ; 1.000        ; -0.003     ; 6.534      ;
; -5.493 ; ControllerOM:inst|ctrDFFs:inst1|inst1      ; DtpOM:inst1|Register8:R2|R8DFFs:inst|inst7 ; CLK          ; CLK         ; 1.000        ; -0.003     ; 6.526      ;
; -5.464 ; ControllerOM:inst|ctrDFFs:inst1|inst1      ; DtpOM:inst1|Register8:R1|R8DFFs:inst|inst2 ; CLK          ; CLK         ; 1.000        ; -0.001     ; 6.499      ;
; -5.455 ; DtpOM:inst1|Register8:R1|R8DFFs:inst|inst6 ; DtpOM:inst1|Register8:R1|R8DFFs:inst|inst1 ; CLK          ; CLK         ; 1.000        ; 0.008      ; 6.499      ;
; -5.443 ; DtpOM:inst1|Register8:R1|R8DFFs:inst|inst6 ; DtpOM:inst1|Register8:R2|R8DFFs:inst|inst1 ; CLK          ; CLK         ; 1.000        ; 0.008      ; 6.487      ;
; -5.442 ; ControllerOM:inst|ctrDFFs:inst1|inst1      ; DtpOM:inst1|Register8:R1|R8DFFs:inst|inst3 ; CLK          ; CLK         ; 1.000        ; 0.005      ; 6.483      ;
; -5.438 ; ControllerOM:inst|ctrDFFs:inst1|inst2      ; DtpOM:inst1|Register8:R2|R8DFFs:inst|inst2 ; CLK          ; CLK         ; 1.000        ; 0.000      ; 6.474      ;
; -5.436 ; ControllerOM:inst|ctrDFFs:inst1|inst3      ; DtpOM:inst1|Register8:R1|R8DFFs:inst|inst6 ; CLK          ; CLK         ; 1.000        ; -0.002     ; 6.470      ;
; -5.427 ; DtpOM:inst1|Register8:R1|R8DFFs:inst|inst6 ; DtpOM:inst1|Register8:R2|R8DFFs:inst|inst6 ; CLK          ; CLK         ; 1.000        ; 0.000      ; 6.463      ;
; -5.420 ; DtpOM:inst1|Register8:R1|R8DFFs:inst|inst6 ; DtpOM:inst1|Register8:R1|R8DFFs:inst|inst5 ; CLK          ; CLK         ; 1.000        ; 0.003      ; 6.459      ;
; -5.418 ; ControllerOM:inst|ctrDFFs:inst1|inst2      ; DtpOM:inst1|Register8:R2|R8DFFs:inst|inst3 ; CLK          ; CLK         ; 1.000        ; 0.001      ; 6.455      ;
; -5.413 ; ControllerOM:inst|ctrDFFs:inst1|inst3      ; DtpOM:inst1|Register8:R1|R8DFFs:inst|inst7 ; CLK          ; CLK         ; 1.000        ; -0.002     ; 6.447      ;
; -5.405 ; ControllerOM:inst|ctrDFFs:inst1|inst3      ; DtpOM:inst1|Register8:R2|R8DFFs:inst|inst7 ; CLK          ; CLK         ; 1.000        ; -0.002     ; 6.439      ;
; -5.398 ; DtpOM:inst1|Register8:R1|R8DFFs:inst|inst7 ; DtpOM:inst1|Register8:R1|R8DFFs:inst|inst6 ; CLK          ; CLK         ; 1.000        ; 0.000      ; 6.434      ;
; -5.392 ; DtpOM:inst1|Register8:R2|R8DFFs:inst|inst6 ; DtpOM:inst1|Register8:R1|R8DFFs:inst|inst6 ; CLK          ; CLK         ; 1.000        ; 0.000      ; 6.428      ;
; -5.388 ; DtpOM:inst1|Register8:R1|R8DFFs:inst|inst6 ; DtpOM:inst1|Register8:R2|R8DFFs:inst|inst5 ; CLK          ; CLK         ; 1.000        ; 0.003      ; 6.427      ;
; -5.376 ; ControllerOM:inst|ctrDFFs:inst1|inst3      ; DtpOM:inst1|Register8:R1|R8DFFs:inst|inst2 ; CLK          ; CLK         ; 1.000        ; 0.000      ; 6.412      ;
; -5.363 ; ControllerOM:inst|ctrDFFs:inst1|inst2      ; DtpOM:inst1|Register8:R1|R8DFFs:inst|inst  ; CLK          ; CLK         ; 1.000        ; -0.004     ; 6.395      ;
; -5.362 ; DtpOM:inst1|Register8:R1|R8DFFs:inst|inst7 ; DtpOM:inst1|Register8:R2|R8DFFs:inst|inst5 ; CLK          ; CLK         ; 1.000        ; 0.003      ; 6.401      ;
; -5.358 ; DtpOM:inst1|Register8:R1|R8DFFs:inst|inst7 ; DtpOM:inst1|Register8:R1|R8DFFs:inst|inst5 ; CLK          ; CLK         ; 1.000        ; 0.003      ; 6.397      ;
; -5.356 ; DtpOM:inst1|Register8:R2|R8DFFs:inst|inst6 ; DtpOM:inst1|Register8:R2|R8DFFs:inst|inst5 ; CLK          ; CLK         ; 1.000        ; 0.003      ; 6.395      ;
; -5.354 ; ControllerOM:inst|ctrDFFs:inst1|inst3      ; DtpOM:inst1|Register8:R1|R8DFFs:inst|inst3 ; CLK          ; CLK         ; 1.000        ; 0.006      ; 6.396      ;
; -5.352 ; DtpOM:inst1|Register8:R2|R8DFFs:inst|inst6 ; DtpOM:inst1|Register8:R1|R8DFFs:inst|inst5 ; CLK          ; CLK         ; 1.000        ; 0.003      ; 6.391      ;
; -5.348 ; ControllerOM:inst|ctrDFFs:inst1|inst2      ; DtpOM:inst1|Register8:R2|R8DFFs:inst|inst  ; CLK          ; CLK         ; 1.000        ; -0.002     ; 6.382      ;
; -5.342 ; ControllerOM:inst|ctrDFFs:inst1|inst1      ; DtpOM:inst1|Register8:R2|R8DFFs:inst|inst2 ; CLK          ; CLK         ; 1.000        ; 0.004      ; 6.382      ;
; -5.332 ; DtpOM:inst1|Register8:R1|R8DFFs:inst|inst7 ; DtpOM:inst1|Register8:R1|R8DFFs:inst|inst2 ; CLK          ; CLK         ; 1.000        ; 0.002      ; 6.370      ;
; -5.326 ; DtpOM:inst1|Register8:R2|R8DFFs:inst|inst6 ; DtpOM:inst1|Register8:R1|R8DFFs:inst|inst2 ; CLK          ; CLK         ; 1.000        ; 0.002      ; 6.364      ;
; -5.322 ; ControllerOM:inst|ctrDFFs:inst1|inst1      ; DtpOM:inst1|Register8:R2|R8DFFs:inst|inst3 ; CLK          ; CLK         ; 1.000        ; 0.005      ; 6.363      ;
; -5.296 ; DtpOM:inst1|Register8:R1|R8DFFs:inst|inst6 ; DtpOM:inst1|Register8:R1|R8DFFs:inst|inst6 ; CLK          ; CLK         ; 1.000        ; 0.000      ; 6.332      ;
; -5.273 ; DtpOM:inst1|Register8:R1|R8DFFs:inst|inst6 ; DtpOM:inst1|Register8:R1|R8DFFs:inst|inst7 ; CLK          ; CLK         ; 1.000        ; 0.000      ; 6.309      ;
; -5.267 ; ControllerOM:inst|ctrDFFs:inst1|inst1      ; DtpOM:inst1|Register8:R1|R8DFFs:inst|inst  ; CLK          ; CLK         ; 1.000        ; 0.000      ; 6.303      ;
; -5.265 ; DtpOM:inst1|Register8:R1|R8DFFs:inst|inst6 ; DtpOM:inst1|Register8:R2|R8DFFs:inst|inst7 ; CLK          ; CLK         ; 1.000        ; 0.000      ; 6.301      ;
; -5.258 ; DtpOM:inst1|Register8:R1|R8DFFs:inst|inst7 ; DtpOM:inst1|Register8:R2|R8DFFs:inst|inst6 ; CLK          ; CLK         ; 1.000        ; 0.000      ; 6.294      ;
; -5.256 ; DtpOM:inst1|Register8:R2|R8DFFs:inst|inst7 ; DtpOM:inst1|Register8:R1|R8DFFs:inst|inst6 ; CLK          ; CLK         ; 1.000        ; 0.000      ; 6.292      ;
; -5.254 ; ControllerOM:inst|ctrDFFs:inst1|inst3      ; DtpOM:inst1|Register8:R2|R8DFFs:inst|inst2 ; CLK          ; CLK         ; 1.000        ; 0.005      ; 6.295      ;
; -5.252 ; ControllerOM:inst|ctrDFFs:inst1|inst1      ; DtpOM:inst1|Register8:R2|R8DFFs:inst|inst  ; CLK          ; CLK         ; 1.000        ; 0.002      ; 6.290      ;
; -5.252 ; DtpOM:inst1|Register8:R2|R8DFFs:inst|inst6 ; DtpOM:inst1|Register8:R2|R8DFFs:inst|inst6 ; CLK          ; CLK         ; 1.000        ; 0.000      ; 6.288      ;
; -5.242 ; DtpOM:inst1|Register8:R1|R8DFFs:inst|inst7 ; DtpOM:inst1|Register8:R1|R8DFFs:inst|inst1 ; CLK          ; CLK         ; 1.000        ; 0.008      ; 6.286      ;
; -5.236 ; DtpOM:inst1|Register8:R1|R8DFFs:inst|inst6 ; DtpOM:inst1|Register8:R1|R8DFFs:inst|inst2 ; CLK          ; CLK         ; 1.000        ; 0.002      ; 6.274      ;
; -5.236 ; DtpOM:inst1|Register8:R2|R8DFFs:inst|inst6 ; DtpOM:inst1|Register8:R1|R8DFFs:inst|inst1 ; CLK          ; CLK         ; 1.000        ; 0.008      ; 6.280      ;
; -5.234 ; ControllerOM:inst|ctrDFFs:inst1|inst3      ; DtpOM:inst1|Register8:R2|R8DFFs:inst|inst3 ; CLK          ; CLK         ; 1.000        ; 0.006      ; 6.276      ;
; -5.233 ; DtpOM:inst1|Register8:R1|R8DFFs:inst|inst7 ; DtpOM:inst1|Register8:R2|R8DFFs:inst|inst1 ; CLK          ; CLK         ; 1.000        ; 0.008      ; 6.277      ;
; -5.227 ; DtpOM:inst1|Register8:R2|R8DFFs:inst|inst6 ; DtpOM:inst1|Register8:R2|R8DFFs:inst|inst1 ; CLK          ; CLK         ; 1.000        ; 0.008      ; 6.271      ;
; -5.220 ; DtpOM:inst1|Register8:R2|R8DFFs:inst|inst7 ; DtpOM:inst1|Register8:R2|R8DFFs:inst|inst5 ; CLK          ; CLK         ; 1.000        ; 0.003      ; 6.259      ;
; -5.216 ; DtpOM:inst1|Register8:R2|R8DFFs:inst|inst7 ; DtpOM:inst1|Register8:R1|R8DFFs:inst|inst5 ; CLK          ; CLK         ; 1.000        ; 0.003      ; 6.255      ;
; -5.214 ; DtpOM:inst1|Register8:R1|R8DFFs:inst|inst6 ; DtpOM:inst1|Register8:R1|R8DFFs:inst|inst3 ; CLK          ; CLK         ; 1.000        ; 0.008      ; 6.258      ;
; -5.190 ; DtpOM:inst1|Register8:R2|R8DFFs:inst|inst7 ; DtpOM:inst1|Register8:R1|R8DFFs:inst|inst2 ; CLK          ; CLK         ; 1.000        ; 0.002      ; 6.228      ;
; -5.179 ; ControllerOM:inst|ctrDFFs:inst1|inst3      ; DtpOM:inst1|Register8:R1|R8DFFs:inst|inst  ; CLK          ; CLK         ; 1.000        ; 0.001      ; 6.216      ;
; -5.168 ; DtpOM:inst1|Register8:R1|R8DFFs:inst|inst7 ; DtpOM:inst1|Register8:R1|R8DFFs:inst|inst3 ; CLK          ; CLK         ; 1.000        ; 0.008      ; 6.212      ;
; -5.164 ; ControllerOM:inst|ctrDFFs:inst1|inst3      ; DtpOM:inst1|Register8:R2|R8DFFs:inst|inst  ; CLK          ; CLK         ; 1.000        ; 0.003      ; 6.203      ;
; -5.162 ; DtpOM:inst1|Register8:R1|R8DFFs:inst|inst7 ; DtpOM:inst1|Register8:R2|R8DFFs:inst|inst4 ; CLK          ; CLK         ; 1.000        ; 0.005      ; 6.203      ;
; -5.162 ; DtpOM:inst1|Register8:R2|R8DFFs:inst|inst6 ; DtpOM:inst1|Register8:R1|R8DFFs:inst|inst3 ; CLK          ; CLK         ; 1.000        ; 0.008      ; 6.206      ;
; -5.156 ; DtpOM:inst1|Register8:R2|R8DFFs:inst|inst6 ; DtpOM:inst1|Register8:R2|R8DFFs:inst|inst4 ; CLK          ; CLK         ; 1.000        ; 0.005      ; 6.197      ;
; -5.151 ; DtpOM:inst1|Register8:R1|R8DFFs:inst|inst7 ; DtpOM:inst1|Register8:R1|R8DFFs:inst|inst4 ; CLK          ; CLK         ; 1.000        ; 0.005      ; 6.192      ;
; -5.145 ; DtpOM:inst1|Register8:R2|R8DFFs:inst|inst6 ; DtpOM:inst1|Register8:R1|R8DFFs:inst|inst4 ; CLK          ; CLK         ; 1.000        ; 0.005      ; 6.186      ;
; -5.116 ; DtpOM:inst1|Register8:R2|R8DFFs:inst|inst7 ; DtpOM:inst1|Register8:R2|R8DFFs:inst|inst6 ; CLK          ; CLK         ; 1.000        ; 0.000      ; 6.152      ;
; -5.114 ; DtpOM:inst1|Register8:R1|R8DFFs:inst|inst6 ; DtpOM:inst1|Register8:R2|R8DFFs:inst|inst2 ; CLK          ; CLK         ; 1.000        ; 0.007      ; 6.157      ;
; -5.100 ; DtpOM:inst1|Register8:R2|R8DFFs:inst|inst7 ; DtpOM:inst1|Register8:R1|R8DFFs:inst|inst1 ; CLK          ; CLK         ; 1.000        ; 0.008      ; 6.144      ;
; -5.094 ; DtpOM:inst1|Register8:R1|R8DFFs:inst|inst6 ; DtpOM:inst1|Register8:R2|R8DFFs:inst|inst3 ; CLK          ; CLK         ; 1.000        ; 0.008      ; 6.138      ;
; -5.091 ; DtpOM:inst1|Register8:R2|R8DFFs:inst|inst7 ; DtpOM:inst1|Register8:R2|R8DFFs:inst|inst1 ; CLK          ; CLK         ; 1.000        ; 0.008      ; 6.135      ;
; -5.039 ; DtpOM:inst1|Register8:R1|R8DFFs:inst|inst6 ; DtpOM:inst1|Register8:R1|R8DFFs:inst|inst  ; CLK          ; CLK         ; 1.000        ; 0.003      ; 6.078      ;
; -5.036 ; DtpOM:inst1|Register8:R2|R8DFFs:inst|inst7 ; DtpOM:inst1|Register8:R1|R8DFFs:inst|inst4 ; CLK          ; CLK         ; 1.000        ; 0.005      ; 6.077      ;
; -5.028 ; DtpOM:inst1|Register8:R1|R8DFFs:inst|inst7 ; DtpOM:inst1|Register8:R2|R8DFFs:inst|inst3 ; CLK          ; CLK         ; 1.000        ; 0.008      ; 6.072      ;
; -5.026 ; DtpOM:inst1|Register8:R2|R8DFFs:inst|inst7 ; DtpOM:inst1|Register8:R1|R8DFFs:inst|inst3 ; CLK          ; CLK         ; 1.000        ; 0.008      ; 6.070      ;
; -5.025 ; DtpOM:inst1|Register8:R2|R8DFFs:inst|inst7 ; DtpOM:inst1|Register8:R2|R8DFFs:inst|inst4 ; CLK          ; CLK         ; 1.000        ; 0.005      ; 6.066      ;
; -5.024 ; DtpOM:inst1|Register8:R1|R8DFFs:inst|inst6 ; DtpOM:inst1|Register8:R2|R8DFFs:inst|inst  ; CLK          ; CLK         ; 1.000        ; 0.005      ; 6.065      ;
; -5.022 ; DtpOM:inst1|Register8:R2|R8DFFs:inst|inst6 ; DtpOM:inst1|Register8:R2|R8DFFs:inst|inst3 ; CLK          ; CLK         ; 1.000        ; 0.008      ; 6.066      ;
; -4.975 ; DtpOM:inst1|Register8:R1|R8DFFs:inst|inst5 ; DtpOM:inst1|Register8:R1|R8DFFs:inst|inst4 ; CLK          ; CLK         ; 1.000        ; 0.002      ; 6.013      ;
; -4.964 ; DtpOM:inst1|Register8:R1|R8DFFs:inst|inst5 ; DtpOM:inst1|Register8:R2|R8DFFs:inst|inst4 ; CLK          ; CLK         ; 1.000        ; 0.002      ; 6.002      ;
; -4.893 ; DtpOM:inst1|Register8:R3|R8DFFs:inst|inst7 ; DtpOM:inst1|Register8:R1|R8DFFs:inst|inst4 ; CLK          ; CLK         ; 1.000        ; 0.002      ; 5.931      ;
; -4.890 ; DtpOM:inst1|Register8:R1|R8DFFs:inst|inst5 ; DtpOM:inst1|Register8:R1|R8DFFs:inst|inst1 ; CLK          ; CLK         ; 1.000        ; 0.005      ; 5.931      ;
+--------+--------------------------------------------+--------------------------------------------+--------------+-------------+--------------+------------+------------+


+-----------------------------------------------------------------------------------------------------------------------------------------------------------------------+
; Slow Model Hold: 'CLK'                                                                                                                                                ;
+-------+--------------------------------------------+--------------------------------------------+--------------+-------------+--------------+------------+------------+
; Slack ; From Node                                  ; To Node                                    ; Launch Clock ; Latch Clock ; Relationship ; Clock Skew ; Data Delay ;
+-------+--------------------------------------------+--------------------------------------------+--------------+-------------+--------------+------------+------------+
; 0.391 ; ControllerOM:inst|ctrDFFs:inst1|inst3      ; ControllerOM:inst|ctrDFFs:inst1|inst3      ; CLK          ; CLK         ; 0.000        ; 0.000      ; 0.657      ;
; 0.391 ; ControllerOM:inst|ctrDFFs:inst1|inst2      ; ControllerOM:inst|ctrDFFs:inst1|inst2      ; CLK          ; CLK         ; 0.000        ; 0.000      ; 0.657      ;
; 1.092 ; DtpOM:inst1|Register8:R2|R8DFFs:inst|inst2 ; DtpOM:inst1|Register8:R3|R8DFFs:inst|inst3 ; CLK          ; CLK         ; 0.000        ; -0.004     ; 1.354      ;
; 1.117 ; ControllerOM:inst|ctrDFFs:inst1|inst2      ; ControllerOM:inst|ctrDFFs:inst1|inst1      ; CLK          ; CLK         ; 0.000        ; -0.004     ; 1.379      ;
; 1.173 ; ControllerOM:inst|ctrDFFs:inst1|inst3      ; ControllerOM:inst|ctrDFFs:inst1|inst1      ; CLK          ; CLK         ; 0.000        ; 0.001      ; 1.440      ;
; 1.209 ; DtpOM:inst1|Register8:R2|R8DFFs:inst|inst1 ; DtpOM:inst1|Register8:R3|R8DFFs:inst|inst2 ; CLK          ; CLK         ; 0.000        ; -0.005     ; 1.470      ;
; 1.254 ; DtpOM:inst1|Register8:R1|R8DFFs:inst|inst2 ; DtpOM:inst1|Register8:R2|R8DFFs:inst|inst5 ; CLK          ; CLK         ; 0.000        ; 0.001      ; 1.521      ;
; 1.258 ; ControllerOM:inst|ctrDFFs:inst1|inst3      ; DtpOM:inst1|Register8:R1|R8DFFs:inst|inst4 ; CLK          ; CLK         ; 0.000        ; 0.003      ; 1.527      ;
; 1.269 ; ControllerOM:inst|ctrDFFs:inst1|inst3      ; DtpOM:inst1|Register8:R1|R8DFFs:inst|inst1 ; CLK          ; CLK         ; 0.000        ; 0.006      ; 1.541      ;
; 1.270 ; ControllerOM:inst|ctrDFFs:inst1|inst3      ; DtpOM:inst1|Register8:R1|R8DFFs:inst|inst3 ; CLK          ; CLK         ; 0.000        ; 0.006      ; 1.542      ;
; 1.286 ; ControllerOM:inst|ctrDFFs:inst1|inst1      ; ControllerOM:inst|ctrDFFs:inst1|inst3      ; CLK          ; CLK         ; 0.000        ; -0.001     ; 1.551      ;
; 1.304 ; ControllerOM:inst|ctrDFFs:inst1|inst3      ; DtpOM:inst1|Register8:R1|R8DFFs:inst|inst5 ; CLK          ; CLK         ; 0.000        ; 0.001      ; 1.571      ;
; 1.305 ; ControllerOM:inst|ctrDFFs:inst1|inst3      ; DtpOM:inst1|Register8:R1|R8DFFs:inst|inst7 ; CLK          ; CLK         ; 0.000        ; -0.002     ; 1.569      ;
; 1.308 ; ControllerOM:inst|ctrDFFs:inst1|inst3      ; DtpOM:inst1|Register8:R1|R8DFFs:inst|inst6 ; CLK          ; CLK         ; 0.000        ; -0.002     ; 1.572      ;
; 1.331 ; ControllerOM:inst|ctrDFFs:inst1|inst3      ; DtpOM:inst1|Register8:R1|R8DFFs:inst|inst  ; CLK          ; CLK         ; 0.000        ; 0.001      ; 1.598      ;
; 1.342 ; ControllerOM:inst|ctrDFFs:inst1|inst3      ; DtpOM:inst1|Register8:R1|R8DFFs:inst|inst2 ; CLK          ; CLK         ; 0.000        ; 0.000      ; 1.608      ;
; 1.346 ; DtpOM:inst1|Register8:R2|R8DFFs:inst|inst6 ; DtpOM:inst1|Register8:R3|R8DFFs:inst|inst7 ; CLK          ; CLK         ; 0.000        ; 0.003      ; 1.615      ;
; 1.405 ; ControllerOM:inst|ctrDFFs:inst1|inst3      ; ControllerOM:inst|ctrDFFs:inst1|inst2      ; CLK          ; CLK         ; 0.000        ; 0.005      ; 1.676      ;
; 1.426 ; DtpOM:inst1|Register8:R2|R8DFFs:inst|inst4 ; DtpOM:inst1|Register8:R3|R8DFFs:inst|inst5 ; CLK          ; CLK         ; 0.000        ; -0.002     ; 1.690      ;
; 1.430 ; DtpOM:inst1|Register8:R1|R8DFFs:inst|inst7 ; DtpOM:inst1|Register8:R2|R8DFFs:inst|inst7 ; CLK          ; CLK         ; 0.000        ; 0.000      ; 1.696      ;
; 1.459 ; DtpOM:inst1|Register8:R2|R8DFFs:inst|inst7 ; DtpOM:inst1|Register8:R1|R8DFFs:inst|inst7 ; CLK          ; CLK         ; 0.000        ; 0.000      ; 1.725      ;
; 1.504 ; DtpOM:inst1|Register8:R2|R8DFFs:inst|inst7 ; DtpOM:inst1|Register8:R2|R8DFFs:inst|inst7 ; CLK          ; CLK         ; 0.000        ; 0.000      ; 1.770      ;
; 1.611 ; DtpOM:inst1|Register8:R1|R8DFFs:inst|inst4 ; DtpOM:inst1|Register8:R1|R8DFFs:inst|inst4 ; CLK          ; CLK         ; 0.000        ; 0.000      ; 1.877      ;
; 1.619 ; DtpOM:inst1|Register8:R1|R8DFFs:inst|inst3 ; DtpOM:inst1|Register8:R2|R8DFFs:inst|inst6 ; CLK          ; CLK         ; 0.000        ; -0.008     ; 1.877      ;
; 1.622 ; DtpOM:inst1|Register8:R1|R8DFFs:inst|inst4 ; DtpOM:inst1|Register8:R2|R8DFFs:inst|inst4 ; CLK          ; CLK         ; 0.000        ; 0.000      ; 1.888      ;
; 1.659 ; ControllerOM:inst|ctrDFFs:inst1|inst2      ; DtpOM:inst1|Register8:R1|R8DFFs:inst|inst4 ; CLK          ; CLK         ; 0.000        ; -0.002     ; 1.923      ;
; 1.670 ; ControllerOM:inst|ctrDFFs:inst1|inst2      ; DtpOM:inst1|Register8:R1|R8DFFs:inst|inst5 ; CLK          ; CLK         ; 0.000        ; -0.004     ; 1.932      ;
; 1.670 ; ControllerOM:inst|ctrDFFs:inst1|inst2      ; DtpOM:inst1|Register8:R1|R8DFFs:inst|inst  ; CLK          ; CLK         ; 0.000        ; -0.004     ; 1.932      ;
; 1.677 ; ControllerOM:inst|ctrDFFs:inst1|inst2      ; DtpOM:inst1|Register8:R3|R8DFFs:inst|inst2 ; CLK          ; CLK         ; 0.000        ; -0.004     ; 1.939      ;
; 1.677 ; ControllerOM:inst|ctrDFFs:inst1|inst2      ; DtpOM:inst1|Register8:R3|R8DFFs:inst|inst1 ; CLK          ; CLK         ; 0.000        ; -0.004     ; 1.939      ;
; 1.677 ; ControllerOM:inst|ctrDFFs:inst1|inst2      ; DtpOM:inst1|Register8:R3|R8DFFs:inst|inst3 ; CLK          ; CLK         ; 0.000        ; -0.004     ; 1.939      ;
; 1.677 ; ControllerOM:inst|ctrDFFs:inst1|inst2      ; DtpOM:inst1|Register8:R3|R8DFFs:inst|inst4 ; CLK          ; CLK         ; 0.000        ; -0.004     ; 1.939      ;
; 1.677 ; ControllerOM:inst|ctrDFFs:inst1|inst2      ; DtpOM:inst1|Register8:R3|R8DFFs:inst|inst5 ; CLK          ; CLK         ; 0.000        ; -0.004     ; 1.939      ;
; 1.677 ; ControllerOM:inst|ctrDFFs:inst1|inst2      ; DtpOM:inst1|Register8:R3|R8DFFs:inst|inst6 ; CLK          ; CLK         ; 0.000        ; -0.004     ; 1.939      ;
; 1.677 ; ControllerOM:inst|ctrDFFs:inst1|inst2      ; DtpOM:inst1|Register8:R3|R8DFFs:inst|inst7 ; CLK          ; CLK         ; 0.000        ; -0.004     ; 1.939      ;
; 1.690 ; ControllerOM:inst|ctrDFFs:inst1|inst2      ; DtpOM:inst1|Register8:R1|R8DFFs:inst|inst1 ; CLK          ; CLK         ; 0.000        ; 0.001      ; 1.957      ;
; 1.690 ; ControllerOM:inst|ctrDFFs:inst1|inst2      ; DtpOM:inst1|Register8:R1|R8DFFs:inst|inst3 ; CLK          ; CLK         ; 0.000        ; 0.001      ; 1.957      ;
; 1.694 ; ControllerOM:inst|ctrDFFs:inst1|inst1      ; DtpOM:inst1|Register8:R1|R8DFFs:inst|inst6 ; CLK          ; CLK         ; 0.000        ; -0.003     ; 1.957      ;
; 1.701 ; DtpOM:inst1|Register8:R2|R8DFFs:inst|inst5 ; DtpOM:inst1|Register8:R3|R8DFFs:inst|inst6 ; CLK          ; CLK         ; 0.000        ; 0.000      ; 1.967      ;
; 1.703 ; DtpOM:inst1|Register8:R2|R8DFFs:inst|inst5 ; DtpOM:inst1|Register8:R2|R8DFFs:inst|inst5 ; CLK          ; CLK         ; 0.000        ; 0.000      ; 1.969      ;
; 1.714 ; DtpOM:inst1|Register8:R2|R8DFFs:inst|inst5 ; DtpOM:inst1|Register8:R1|R8DFFs:inst|inst5 ; CLK          ; CLK         ; 0.000        ; 0.000      ; 1.980      ;
; 1.724 ; DtpOM:inst1|Register8:R2|R8DFFs:inst|inst  ; DtpOM:inst1|Register8:R3|R8DFFs:inst|inst1 ; CLK          ; CLK         ; 0.000        ; -0.002     ; 1.988      ;
; 1.833 ; DtpOM:inst1|Register8:R2|R8DFFs:inst|inst3 ; DtpOM:inst1|Register8:R2|R8DFFs:inst|inst3 ; CLK          ; CLK         ; 0.000        ; 0.000      ; 2.099      ;
; 1.838 ; DtpOM:inst1|Register8:R2|R8DFFs:inst|inst1 ; DtpOM:inst1|Register8:R1|R8DFFs:inst|inst1 ; CLK          ; CLK         ; 0.000        ; 0.000      ; 2.104      ;
; 1.846 ; DtpOM:inst1|Register8:R2|R8DFFs:inst|inst3 ; DtpOM:inst1|Register8:R1|R8DFFs:inst|inst3 ; CLK          ; CLK         ; 0.000        ; 0.000      ; 2.112      ;
; 1.849 ; DtpOM:inst1|Register8:R1|R8DFFs:inst|inst1 ; DtpOM:inst1|Register8:R2|R8DFFs:inst|inst4 ; CLK          ; CLK         ; 0.000        ; -0.003     ; 2.112      ;
; 1.867 ; DtpOM:inst1|Register8:R1|R8DFFs:inst|inst  ; DtpOM:inst1|Register8:R2|R8DFFs:inst|inst3 ; CLK          ; CLK         ; 0.000        ; 0.005      ; 2.138      ;
; 1.878 ; ControllerOM:inst|ctrDFFs:inst1|inst1      ; DtpOM:inst1|Register8:R1|R8DFFs:inst|inst2 ; CLK          ; CLK         ; 0.000        ; -0.001     ; 2.143      ;
; 1.892 ; DtpOM:inst1|Register8:R1|R8DFFs:inst|inst7 ; DtpOM:inst1|Register8:R1|R8DFFs:inst|inst7 ; CLK          ; CLK         ; 0.000        ; 0.000      ; 2.158      ;
; 1.922 ; ControllerOM:inst|ctrDFFs:inst1|inst2      ; DtpOM:inst1|Register8:R2|R8DFFs:inst|inst3 ; CLK          ; CLK         ; 0.000        ; 0.001      ; 2.189      ;
; 1.946 ; ControllerOM:inst|ctrDFFs:inst1|inst2      ; DtpOM:inst1|Register8:R1|R8DFFs:inst|inst2 ; CLK          ; CLK         ; 0.000        ; -0.005     ; 2.207      ;
; 1.953 ; DtpOM:inst1|Register8:R2|R8DFFs:inst|inst1 ; DtpOM:inst1|Register8:R2|R8DFFs:inst|inst1 ; CLK          ; CLK         ; 0.000        ; 0.000      ; 2.219      ;
; 1.985 ; DtpOM:inst1|Register8:R1|R8DFFs:inst|inst1 ; DtpOM:inst1|Register8:R2|R8DFFs:inst|inst1 ; CLK          ; CLK         ; 0.000        ; 0.000      ; 2.251      ;
; 1.992 ; ControllerOM:inst|ctrDFFs:inst1|inst3      ; DtpOM:inst1|Register8:R3|R8DFFs:inst|inst2 ; CLK          ; CLK         ; 0.000        ; 0.001      ; 2.259      ;
; 1.992 ; ControllerOM:inst|ctrDFFs:inst1|inst3      ; DtpOM:inst1|Register8:R3|R8DFFs:inst|inst1 ; CLK          ; CLK         ; 0.000        ; 0.001      ; 2.259      ;
; 1.992 ; ControllerOM:inst|ctrDFFs:inst1|inst3      ; DtpOM:inst1|Register8:R3|R8DFFs:inst|inst3 ; CLK          ; CLK         ; 0.000        ; 0.001      ; 2.259      ;
; 1.992 ; ControllerOM:inst|ctrDFFs:inst1|inst3      ; DtpOM:inst1|Register8:R3|R8DFFs:inst|inst4 ; CLK          ; CLK         ; 0.000        ; 0.001      ; 2.259      ;
; 1.992 ; ControllerOM:inst|ctrDFFs:inst1|inst3      ; DtpOM:inst1|Register8:R3|R8DFFs:inst|inst5 ; CLK          ; CLK         ; 0.000        ; 0.001      ; 2.259      ;
; 1.992 ; ControllerOM:inst|ctrDFFs:inst1|inst3      ; DtpOM:inst1|Register8:R3|R8DFFs:inst|inst6 ; CLK          ; CLK         ; 0.000        ; 0.001      ; 2.259      ;
; 1.992 ; ControllerOM:inst|ctrDFFs:inst1|inst3      ; DtpOM:inst1|Register8:R3|R8DFFs:inst|inst7 ; CLK          ; CLK         ; 0.000        ; 0.001      ; 2.259      ;
; 1.994 ; DtpOM:inst1|Register8:R1|R8DFFs:inst|inst1 ; DtpOM:inst1|Register8:R1|R8DFFs:inst|inst1 ; CLK          ; CLK         ; 0.000        ; 0.000      ; 2.260      ;
; 2.024 ; DtpOM:inst1|Register8:R2|R8DFFs:inst|inst2 ; DtpOM:inst1|Register8:R1|R8DFFs:inst|inst2 ; CLK          ; CLK         ; 0.000        ; -0.005     ; 2.285      ;
; 2.028 ; ControllerOM:inst|ctrDFFs:inst1|inst3      ; DtpOM:inst1|Register8:R2|R8DFFs:inst|inst  ; CLK          ; CLK         ; 0.000        ; 0.003      ; 2.297      ;
; 2.032 ; ControllerOM:inst|ctrDFFs:inst1|inst3      ; DtpOM:inst1|Register8:R2|R8DFFs:inst|inst4 ; CLK          ; CLK         ; 0.000        ; 0.003      ; 2.301      ;
; 2.049 ; DtpOM:inst1|Register8:R1|R8DFFs:inst|inst  ; DtpOM:inst1|Register8:R2|R8DFFs:inst|inst  ; CLK          ; CLK         ; 0.000        ; 0.002      ; 2.317      ;
; 2.057 ; DtpOM:inst1|Register8:R1|R8DFFs:inst|inst  ; DtpOM:inst1|Register8:R1|R8DFFs:inst|inst  ; CLK          ; CLK         ; 0.000        ; 0.000      ; 2.323      ;
; 2.065 ; ControllerOM:inst|ctrDFFs:inst1|inst1      ; DtpOM:inst1|Register8:R1|R8DFFs:inst|inst7 ; CLK          ; CLK         ; 0.000        ; -0.003     ; 2.328      ;
; 2.067 ; ControllerOM:inst|ctrDFFs:inst1|inst3      ; DtpOM:inst1|Register8:R2|R8DFFs:inst|inst5 ; CLK          ; CLK         ; 0.000        ; 0.001      ; 2.334      ;
; 2.110 ; DtpOM:inst1|Register8:R2|R8DFFs:inst|inst2 ; DtpOM:inst1|Register8:R2|R8DFFs:inst|inst2 ; CLK          ; CLK         ; 0.000        ; 0.000      ; 2.376      ;
; 2.141 ; ControllerOM:inst|ctrDFFs:inst1|inst2      ; DtpOM:inst1|Register8:R2|R8DFFs:inst|inst  ; CLK          ; CLK         ; 0.000        ; -0.002     ; 2.405      ;
; 2.145 ; ControllerOM:inst|ctrDFFs:inst1|inst2      ; DtpOM:inst1|Register8:R2|R8DFFs:inst|inst4 ; CLK          ; CLK         ; 0.000        ; -0.002     ; 2.409      ;
; 2.152 ; DtpOM:inst1|Register8:R1|R8DFFs:inst|inst2 ; DtpOM:inst1|Register8:R2|R8DFFs:inst|inst2 ; CLK          ; CLK         ; 0.000        ; 0.005      ; 2.423      ;
; 2.154 ; DtpOM:inst1|Register8:R2|R8DFFs:inst|inst  ; DtpOM:inst1|Register8:R2|R8DFFs:inst|inst3 ; CLK          ; CLK         ; 0.000        ; 0.003      ; 2.423      ;
; 2.155 ; DtpOM:inst1|Register8:R1|R8DFFs:inst|inst5 ; DtpOM:inst1|Register8:R1|R8DFFs:inst|inst5 ; CLK          ; CLK         ; 0.000        ; 0.000      ; 2.421      ;
; 2.159 ; DtpOM:inst1|Register8:R1|R8DFFs:inst|inst5 ; DtpOM:inst1|Register8:R2|R8DFFs:inst|inst5 ; CLK          ; CLK         ; 0.000        ; 0.000      ; 2.425      ;
; 2.167 ; DtpOM:inst1|Register8:R2|R8DFFs:inst|inst  ; DtpOM:inst1|Register8:R1|R8DFFs:inst|inst3 ; CLK          ; CLK         ; 0.000        ; 0.003      ; 2.436      ;
; 2.175 ; DtpOM:inst1|Register8:R2|R8DFFs:inst|inst4 ; DtpOM:inst1|Register8:R2|R8DFFs:inst|inst4 ; CLK          ; CLK         ; 0.000        ; 0.000      ; 2.441      ;
; 2.177 ; DtpOM:inst1|Register8:R1|R8DFFs:inst|inst3 ; DtpOM:inst1|Register8:R2|R8DFFs:inst|inst3 ; CLK          ; CLK         ; 0.000        ; 0.000      ; 2.443      ;
; 2.180 ; ControllerOM:inst|ctrDFFs:inst1|inst2      ; DtpOM:inst1|Register8:R2|R8DFFs:inst|inst5 ; CLK          ; CLK         ; 0.000        ; -0.004     ; 2.442      ;
; 2.184 ; ControllerOM:inst|ctrDFFs:inst1|inst1      ; DtpOM:inst1|Register8:R1|R8DFFs:inst|inst5 ; CLK          ; CLK         ; 0.000        ; 0.000      ; 2.450      ;
; 2.186 ; DtpOM:inst1|Register8:R2|R8DFFs:inst|inst4 ; DtpOM:inst1|Register8:R1|R8DFFs:inst|inst4 ; CLK          ; CLK         ; 0.000        ; 0.000      ; 2.452      ;
; 2.195 ; DtpOM:inst1|Register8:R2|R8DFFs:inst|inst3 ; DtpOM:inst1|Register8:R3|R8DFFs:inst|inst4 ; CLK          ; CLK         ; 0.000        ; -0.005     ; 2.456      ;
; 2.203 ; ControllerOM:inst|ctrDFFs:inst1|inst1      ; DtpOM:inst1|Register8:R1|R8DFFs:inst|inst4 ; CLK          ; CLK         ; 0.000        ; 0.002      ; 2.471      ;
; 2.237 ; ControllerOM:inst|ctrDFFs:inst1|inst2      ; DtpOM:inst1|Register8:R1|R8DFFs:inst|inst6 ; CLK          ; CLK         ; 0.000        ; -0.007     ; 2.496      ;
; 2.237 ; ControllerOM:inst|ctrDFFs:inst1|inst2      ; DtpOM:inst1|Register8:R1|R8DFFs:inst|inst7 ; CLK          ; CLK         ; 0.000        ; -0.007     ; 2.496      ;
; 2.295 ; ControllerOM:inst|ctrDFFs:inst1|inst1      ; ControllerOM:inst|ctrDFFs:inst1|inst2      ; CLK          ; CLK         ; 0.000        ; 0.004      ; 2.565      ;
; 2.305 ; DtpOM:inst1|Register8:R1|R8DFFs:inst|inst2 ; DtpOM:inst1|Register8:R1|R8DFFs:inst|inst2 ; CLK          ; CLK         ; 0.000        ; 0.000      ; 2.571      ;
; 2.306 ; DtpOM:inst1|Register8:R2|R8DFFs:inst|inst  ; DtpOM:inst1|Register8:R1|R8DFFs:inst|inst6 ; CLK          ; CLK         ; 0.000        ; -0.005     ; 2.567      ;
; 2.314 ; ControllerOM:inst|ctrDFFs:inst1|inst2      ; ControllerOM:inst|ctrDFFs:inst1|inst3      ; CLK          ; CLK         ; 0.000        ; -0.005     ; 2.575      ;
; 2.316 ; DtpOM:inst1|Register8:R2|R8DFFs:inst|inst  ; DtpOM:inst1|Register8:R1|R8DFFs:inst|inst1 ; CLK          ; CLK         ; 0.000        ; 0.003      ; 2.585      ;
; 2.317 ; DtpOM:inst1|Register8:R1|R8DFFs:inst|inst3 ; DtpOM:inst1|Register8:R1|R8DFFs:inst|inst3 ; CLK          ; CLK         ; 0.000        ; 0.000      ; 2.583      ;
; 2.354 ; ControllerOM:inst|ctrDFFs:inst1|inst3      ; DtpOM:inst1|Register8:R2|R8DFFs:inst|inst2 ; CLK          ; CLK         ; 0.000        ; 0.005      ; 2.625      ;
; 2.425 ; ControllerOM:inst|ctrDFFs:inst1|inst3      ; DtpOM:inst1|Register8:R2|R8DFFs:inst|inst7 ; CLK          ; CLK         ; 0.000        ; -0.002     ; 2.689      ;
; 2.430 ; DtpOM:inst1|Register8:R1|R8DFFs:inst|inst4 ; DtpOM:inst1|Register8:R2|R8DFFs:inst|inst7 ; CLK          ; CLK         ; 0.000        ; -0.005     ; 2.691      ;
; 2.431 ; DtpOM:inst1|Register8:R2|R8DFFs:inst|inst  ; DtpOM:inst1|Register8:R2|R8DFFs:inst|inst1 ; CLK          ; CLK         ; 0.000        ; 0.003      ; 2.700      ;
; 2.435 ; ControllerOM:inst|ctrDFFs:inst1|inst1      ; DtpOM:inst1|Register8:R1|R8DFFs:inst|inst1 ; CLK          ; CLK         ; 0.000        ; 0.005      ; 2.706      ;
; 2.446 ; DtpOM:inst1|Register8:R2|R8DFFs:inst|inst  ; DtpOM:inst1|Register8:R2|R8DFFs:inst|inst7 ; CLK          ; CLK         ; 0.000        ; -0.005     ; 2.707      ;
; 2.454 ; DtpOM:inst1|Register8:R2|R8DFFs:inst|inst  ; DtpOM:inst1|Register8:R1|R8DFFs:inst|inst7 ; CLK          ; CLK         ; 0.000        ; -0.005     ; 2.715      ;
; 2.467 ; ControllerOM:inst|ctrDFFs:inst1|inst2      ; DtpOM:inst1|Register8:R2|R8DFFs:inst|inst2 ; CLK          ; CLK         ; 0.000        ; 0.000      ; 2.733      ;
; 2.530 ; ControllerOM:inst|ctrDFFs:inst1|inst1      ; DtpOM:inst1|Register8:R2|R8DFFs:inst|inst7 ; CLK          ; CLK         ; 0.000        ; -0.003     ; 2.793      ;
+-------+--------------------------------------------+--------------------------------------------+--------------+-------------+--------------+------------+------------+


+-----------------------------------------------------------------------------------------------------------------------------+
; Slow Model Minimum Pulse Width: 'CLK'                                                                                       ;
+--------+--------------+----------------+------------------+-------+------------+--------------------------------------------+
; Slack  ; Actual Width ; Required Width ; Type             ; Clock ; Clock Edge ; Target                                     ;
+--------+--------------+----------------+------------------+-------+------------+--------------------------------------------+
; -1.380 ; 1.000        ; 2.380          ; Port Rate        ; CLK   ; Rise       ; CLK                                        ;
; -0.500 ; 0.500        ; 1.000          ; High Pulse Width ; CLK   ; Rise       ; ControllerOM:inst|ctrDFFs:inst1|inst1      ;
; -0.500 ; 0.500        ; 1.000          ; Low Pulse Width  ; CLK   ; Rise       ; ControllerOM:inst|ctrDFFs:inst1|inst1      ;
; -0.500 ; 0.500        ; 1.000          ; High Pulse Width ; CLK   ; Rise       ; ControllerOM:inst|ctrDFFs:inst1|inst2      ;
; -0.500 ; 0.500        ; 1.000          ; Low Pulse Width  ; CLK   ; Rise       ; ControllerOM:inst|ctrDFFs:inst1|inst2      ;
; -0.500 ; 0.500        ; 1.000          ; High Pulse Width ; CLK   ; Rise       ; ControllerOM:inst|ctrDFFs:inst1|inst3      ;
; -0.500 ; 0.500        ; 1.000          ; Low Pulse Width  ; CLK   ; Rise       ; ControllerOM:inst|ctrDFFs:inst1|inst3      ;
; -0.500 ; 0.500        ; 1.000          ; High Pulse Width ; CLK   ; Rise       ; DtpOM:inst1|Register8:R1|R8DFFs:inst|inst  ;
; -0.500 ; 0.500        ; 1.000          ; Low Pulse Width  ; CLK   ; Rise       ; DtpOM:inst1|Register8:R1|R8DFFs:inst|inst  ;
; -0.500 ; 0.500        ; 1.000          ; High Pulse Width ; CLK   ; Rise       ; DtpOM:inst1|Register8:R1|R8DFFs:inst|inst1 ;
; -0.500 ; 0.500        ; 1.000          ; Low Pulse Width  ; CLK   ; Rise       ; DtpOM:inst1|Register8:R1|R8DFFs:inst|inst1 ;
; -0.500 ; 0.500        ; 1.000          ; High Pulse Width ; CLK   ; Rise       ; DtpOM:inst1|Register8:R1|R8DFFs:inst|inst2 ;
; -0.500 ; 0.500        ; 1.000          ; Low Pulse Width  ; CLK   ; Rise       ; DtpOM:inst1|Register8:R1|R8DFFs:inst|inst2 ;
; -0.500 ; 0.500        ; 1.000          ; High Pulse Width ; CLK   ; Rise       ; DtpOM:inst1|Register8:R1|R8DFFs:inst|inst3 ;
; -0.500 ; 0.500        ; 1.000          ; Low Pulse Width  ; CLK   ; Rise       ; DtpOM:inst1|Register8:R1|R8DFFs:inst|inst3 ;
; -0.500 ; 0.500        ; 1.000          ; High Pulse Width ; CLK   ; Rise       ; DtpOM:inst1|Register8:R1|R8DFFs:inst|inst4 ;
; -0.500 ; 0.500        ; 1.000          ; Low Pulse Width  ; CLK   ; Rise       ; DtpOM:inst1|Register8:R1|R8DFFs:inst|inst4 ;
; -0.500 ; 0.500        ; 1.000          ; High Pulse Width ; CLK   ; Rise       ; DtpOM:inst1|Register8:R1|R8DFFs:inst|inst5 ;
; -0.500 ; 0.500        ; 1.000          ; Low Pulse Width  ; CLK   ; Rise       ; DtpOM:inst1|Register8:R1|R8DFFs:inst|inst5 ;
; -0.500 ; 0.500        ; 1.000          ; High Pulse Width ; CLK   ; Rise       ; DtpOM:inst1|Register8:R1|R8DFFs:inst|inst6 ;
; -0.500 ; 0.500        ; 1.000          ; Low Pulse Width  ; CLK   ; Rise       ; DtpOM:inst1|Register8:R1|R8DFFs:inst|inst6 ;
; -0.500 ; 0.500        ; 1.000          ; High Pulse Width ; CLK   ; Rise       ; DtpOM:inst1|Register8:R1|R8DFFs:inst|inst7 ;
; -0.500 ; 0.500        ; 1.000          ; Low Pulse Width  ; CLK   ; Rise       ; DtpOM:inst1|Register8:R1|R8DFFs:inst|inst7 ;
; -0.500 ; 0.500        ; 1.000          ; High Pulse Width ; CLK   ; Rise       ; DtpOM:inst1|Register8:R2|R8DFFs:inst|inst  ;
; -0.500 ; 0.500        ; 1.000          ; Low Pulse Width  ; CLK   ; Rise       ; DtpOM:inst1|Register8:R2|R8DFFs:inst|inst  ;
; -0.500 ; 0.500        ; 1.000          ; High Pulse Width ; CLK   ; Rise       ; DtpOM:inst1|Register8:R2|R8DFFs:inst|inst1 ;
; -0.500 ; 0.500        ; 1.000          ; Low Pulse Width  ; CLK   ; Rise       ; DtpOM:inst1|Register8:R2|R8DFFs:inst|inst1 ;
; -0.500 ; 0.500        ; 1.000          ; High Pulse Width ; CLK   ; Rise       ; DtpOM:inst1|Register8:R2|R8DFFs:inst|inst2 ;
; -0.500 ; 0.500        ; 1.000          ; Low Pulse Width  ; CLK   ; Rise       ; DtpOM:inst1|Register8:R2|R8DFFs:inst|inst2 ;
; -0.500 ; 0.500        ; 1.000          ; High Pulse Width ; CLK   ; Rise       ; DtpOM:inst1|Register8:R2|R8DFFs:inst|inst3 ;
; -0.500 ; 0.500        ; 1.000          ; Low Pulse Width  ; CLK   ; Rise       ; DtpOM:inst1|Register8:R2|R8DFFs:inst|inst3 ;
; -0.500 ; 0.500        ; 1.000          ; High Pulse Width ; CLK   ; Rise       ; DtpOM:inst1|Register8:R2|R8DFFs:inst|inst4 ;
; -0.500 ; 0.500        ; 1.000          ; Low Pulse Width  ; CLK   ; Rise       ; DtpOM:inst1|Register8:R2|R8DFFs:inst|inst4 ;
; -0.500 ; 0.500        ; 1.000          ; High Pulse Width ; CLK   ; Rise       ; DtpOM:inst1|Register8:R2|R8DFFs:inst|inst5 ;
; -0.500 ; 0.500        ; 1.000          ; Low Pulse Width  ; CLK   ; Rise       ; DtpOM:inst1|Register8:R2|R8DFFs:inst|inst5 ;
; -0.500 ; 0.500        ; 1.000          ; High Pulse Width ; CLK   ; Rise       ; DtpOM:inst1|Register8:R2|R8DFFs:inst|inst6 ;
; -0.500 ; 0.500        ; 1.000          ; Low Pulse Width  ; CLK   ; Rise       ; DtpOM:inst1|Register8:R2|R8DFFs:inst|inst6 ;
; -0.500 ; 0.500        ; 1.000          ; High Pulse Width ; CLK   ; Rise       ; DtpOM:inst1|Register8:R2|R8DFFs:inst|inst7 ;
; -0.500 ; 0.500        ; 1.000          ; Low Pulse Width  ; CLK   ; Rise       ; DtpOM:inst1|Register8:R2|R8DFFs:inst|inst7 ;
; -0.500 ; 0.500        ; 1.000          ; High Pulse Width ; CLK   ; Rise       ; DtpOM:inst1|Register8:R3|R8DFFs:inst|inst1 ;
; -0.500 ; 0.500        ; 1.000          ; Low Pulse Width  ; CLK   ; Rise       ; DtpOM:inst1|Register8:R3|R8DFFs:inst|inst1 ;
; -0.500 ; 0.500        ; 1.000          ; High Pulse Width ; CLK   ; Rise       ; DtpOM:inst1|Register8:R3|R8DFFs:inst|inst2 ;
; -0.500 ; 0.500        ; 1.000          ; Low Pulse Width  ; CLK   ; Rise       ; DtpOM:inst1|Register8:R3|R8DFFs:inst|inst2 ;
; -0.500 ; 0.500        ; 1.000          ; High Pulse Width ; CLK   ; Rise       ; DtpOM:inst1|Register8:R3|R8DFFs:inst|inst3 ;
; -0.500 ; 0.500        ; 1.000          ; Low Pulse Width  ; CLK   ; Rise       ; DtpOM:inst1|Register8:R3|R8DFFs:inst|inst3 ;
; -0.500 ; 0.500        ; 1.000          ; High Pulse Width ; CLK   ; Rise       ; DtpOM:inst1|Register8:R3|R8DFFs:inst|inst4 ;
; -0.500 ; 0.500        ; 1.000          ; Low Pulse Width  ; CLK   ; Rise       ; DtpOM:inst1|Register8:R3|R8DFFs:inst|inst4 ;
; -0.500 ; 0.500        ; 1.000          ; High Pulse Width ; CLK   ; Rise       ; DtpOM:inst1|Register8:R3|R8DFFs:inst|inst5 ;
; -0.500 ; 0.500        ; 1.000          ; Low Pulse Width  ; CLK   ; Rise       ; DtpOM:inst1|Register8:R3|R8DFFs:inst|inst5 ;
; -0.500 ; 0.500        ; 1.000          ; High Pulse Width ; CLK   ; Rise       ; DtpOM:inst1|Register8:R3|R8DFFs:inst|inst6 ;
; -0.500 ; 0.500        ; 1.000          ; Low Pulse Width  ; CLK   ; Rise       ; DtpOM:inst1|Register8:R3|R8DFFs:inst|inst6 ;
; -0.500 ; 0.500        ; 1.000          ; High Pulse Width ; CLK   ; Rise       ; DtpOM:inst1|Register8:R3|R8DFFs:inst|inst7 ;
; -0.500 ; 0.500        ; 1.000          ; Low Pulse Width  ; CLK   ; Rise       ; DtpOM:inst1|Register8:R3|R8DFFs:inst|inst7 ;
; 0.500  ; 0.500        ; 0.000          ; High Pulse Width ; CLK   ; Rise       ; CLK|combout                                ;
; 0.500  ; 0.500        ; 0.000          ; Low Pulse Width  ; CLK   ; Rise       ; CLK|combout                                ;
; 0.500  ; 0.500        ; 0.000          ; High Pulse Width ; CLK   ; Rise       ; CLK~clkctrl|inclk[0]                       ;
; 0.500  ; 0.500        ; 0.000          ; Low Pulse Width  ; CLK   ; Rise       ; CLK~clkctrl|inclk[0]                       ;
; 0.500  ; 0.500        ; 0.000          ; High Pulse Width ; CLK   ; Rise       ; CLK~clkctrl|outclk                         ;
; 0.500  ; 0.500        ; 0.000          ; Low Pulse Width  ; CLK   ; Rise       ; CLK~clkctrl|outclk                         ;
; 0.500  ; 0.500        ; 0.000          ; High Pulse Width ; CLK   ; Rise       ; inst1|R1|inst|inst1|clk                    ;
; 0.500  ; 0.500        ; 0.000          ; Low Pulse Width  ; CLK   ; Rise       ; inst1|R1|inst|inst1|clk                    ;
; 0.500  ; 0.500        ; 0.000          ; High Pulse Width ; CLK   ; Rise       ; inst1|R1|inst|inst2|clk                    ;
; 0.500  ; 0.500        ; 0.000          ; Low Pulse Width  ; CLK   ; Rise       ; inst1|R1|inst|inst2|clk                    ;
; 0.500  ; 0.500        ; 0.000          ; High Pulse Width ; CLK   ; Rise       ; inst1|R1|inst|inst3|clk                    ;
; 0.500  ; 0.500        ; 0.000          ; Low Pulse Width  ; CLK   ; Rise       ; inst1|R1|inst|inst3|clk                    ;
; 0.500  ; 0.500        ; 0.000          ; High Pulse Width ; CLK   ; Rise       ; inst1|R1|inst|inst4|clk                    ;
; 0.500  ; 0.500        ; 0.000          ; Low Pulse Width  ; CLK   ; Rise       ; inst1|R1|inst|inst4|clk                    ;
; 0.500  ; 0.500        ; 0.000          ; High Pulse Width ; CLK   ; Rise       ; inst1|R1|inst|inst5|clk                    ;
; 0.500  ; 0.500        ; 0.000          ; Low Pulse Width  ; CLK   ; Rise       ; inst1|R1|inst|inst5|clk                    ;
; 0.500  ; 0.500        ; 0.000          ; High Pulse Width ; CLK   ; Rise       ; inst1|R1|inst|inst6|clk                    ;
; 0.500  ; 0.500        ; 0.000          ; Low Pulse Width  ; CLK   ; Rise       ; inst1|R1|inst|inst6|clk                    ;
; 0.500  ; 0.500        ; 0.000          ; High Pulse Width ; CLK   ; Rise       ; inst1|R1|inst|inst7|clk                    ;
; 0.500  ; 0.500        ; 0.000          ; Low Pulse Width  ; CLK   ; Rise       ; inst1|R1|inst|inst7|clk                    ;
; 0.500  ; 0.500        ; 0.000          ; High Pulse Width ; CLK   ; Rise       ; inst1|R1|inst|inst|clk                     ;
; 0.500  ; 0.500        ; 0.000          ; Low Pulse Width  ; CLK   ; Rise       ; inst1|R1|inst|inst|clk                     ;
; 0.500  ; 0.500        ; 0.000          ; High Pulse Width ; CLK   ; Rise       ; inst1|R2|inst|inst1|clk                    ;
; 0.500  ; 0.500        ; 0.000          ; Low Pulse Width  ; CLK   ; Rise       ; inst1|R2|inst|inst1|clk                    ;
; 0.500  ; 0.500        ; 0.000          ; High Pulse Width ; CLK   ; Rise       ; inst1|R2|inst|inst2|clk                    ;
; 0.500  ; 0.500        ; 0.000          ; Low Pulse Width  ; CLK   ; Rise       ; inst1|R2|inst|inst2|clk                    ;
; 0.500  ; 0.500        ; 0.000          ; High Pulse Width ; CLK   ; Rise       ; inst1|R2|inst|inst3|clk                    ;
; 0.500  ; 0.500        ; 0.000          ; Low Pulse Width  ; CLK   ; Rise       ; inst1|R2|inst|inst3|clk                    ;
; 0.500  ; 0.500        ; 0.000          ; High Pulse Width ; CLK   ; Rise       ; inst1|R2|inst|inst4|clk                    ;
; 0.500  ; 0.500        ; 0.000          ; Low Pulse Width  ; CLK   ; Rise       ; inst1|R2|inst|inst4|clk                    ;
; 0.500  ; 0.500        ; 0.000          ; High Pulse Width ; CLK   ; Rise       ; inst1|R2|inst|inst5|clk                    ;
; 0.500  ; 0.500        ; 0.000          ; Low Pulse Width  ; CLK   ; Rise       ; inst1|R2|inst|inst5|clk                    ;
; 0.500  ; 0.500        ; 0.000          ; High Pulse Width ; CLK   ; Rise       ; inst1|R2|inst|inst6|clk                    ;
; 0.500  ; 0.500        ; 0.000          ; Low Pulse Width  ; CLK   ; Rise       ; inst1|R2|inst|inst6|clk                    ;
; 0.500  ; 0.500        ; 0.000          ; High Pulse Width ; CLK   ; Rise       ; inst1|R2|inst|inst7|clk                    ;
; 0.500  ; 0.500        ; 0.000          ; Low Pulse Width  ; CLK   ; Rise       ; inst1|R2|inst|inst7|clk                    ;
; 0.500  ; 0.500        ; 0.000          ; High Pulse Width ; CLK   ; Rise       ; inst1|R2|inst|inst|clk                     ;
; 0.500  ; 0.500        ; 0.000          ; Low Pulse Width  ; CLK   ; Rise       ; inst1|R2|inst|inst|clk                     ;
; 0.500  ; 0.500        ; 0.000          ; High Pulse Width ; CLK   ; Rise       ; inst1|R3|inst|inst1|clk                    ;
; 0.500  ; 0.500        ; 0.000          ; Low Pulse Width  ; CLK   ; Rise       ; inst1|R3|inst|inst1|clk                    ;
; 0.500  ; 0.500        ; 0.000          ; High Pulse Width ; CLK   ; Rise       ; inst1|R3|inst|inst2|clk                    ;
; 0.500  ; 0.500        ; 0.000          ; Low Pulse Width  ; CLK   ; Rise       ; inst1|R3|inst|inst2|clk                    ;
; 0.500  ; 0.500        ; 0.000          ; High Pulse Width ; CLK   ; Rise       ; inst1|R3|inst|inst3|clk                    ;
; 0.500  ; 0.500        ; 0.000          ; Low Pulse Width  ; CLK   ; Rise       ; inst1|R3|inst|inst3|clk                    ;
; 0.500  ; 0.500        ; 0.000          ; High Pulse Width ; CLK   ; Rise       ; inst1|R3|inst|inst4|clk                    ;
; 0.500  ; 0.500        ; 0.000          ; Low Pulse Width  ; CLK   ; Rise       ; inst1|R3|inst|inst4|clk                    ;
; 0.500  ; 0.500        ; 0.000          ; High Pulse Width ; CLK   ; Rise       ; inst1|R3|inst|inst5|clk                    ;
+--------+--------------+----------------+------------------+-------+------------+--------------------------------------------+


+-------------------------------------------------------------------------+
; Setup Times                                                             ;
+-----------+------------+--------+--------+------------+-----------------+
; Data Port ; Clock Port ; Rise   ; Fall   ; Clock Edge ; Clock Reference ;
+-----------+------------+--------+--------+------------+-----------------+
; In1[*]    ; CLK        ; 3.979  ; 3.979  ; Rise       ; CLK             ;
;  In1[0]   ; CLK        ; 3.718  ; 3.718  ; Rise       ; CLK             ;
;  In1[1]   ; CLK        ; 3.891  ; 3.891  ; Rise       ; CLK             ;
;  In1[2]   ; CLK        ; 3.979  ; 3.979  ; Rise       ; CLK             ;
;  In1[3]   ; CLK        ; 3.724  ; 3.724  ; Rise       ; CLK             ;
;  In1[4]   ; CLK        ; 3.731  ; 3.731  ; Rise       ; CLK             ;
;  In1[5]   ; CLK        ; 3.955  ; 3.955  ; Rise       ; CLK             ;
;  In1[6]   ; CLK        ; 3.729  ; 3.729  ; Rise       ; CLK             ;
;  In1[7]   ; CLK        ; 0.287  ; 0.287  ; Rise       ; CLK             ;
; In2[*]    ; CLK        ; 4.614  ; 4.614  ; Rise       ; CLK             ;
;  In2[0]   ; CLK        ; 4.614  ; 4.614  ; Rise       ; CLK             ;
;  In2[1]   ; CLK        ; 4.115  ; 4.115  ; Rise       ; CLK             ;
;  In2[2]   ; CLK        ; 4.043  ; 4.043  ; Rise       ; CLK             ;
;  In2[3]   ; CLK        ; 3.616  ; 3.616  ; Rise       ; CLK             ;
;  In2[4]   ; CLK        ; 4.436  ; 4.436  ; Rise       ; CLK             ;
;  In2[5]   ; CLK        ; 3.989  ; 3.989  ; Rise       ; CLK             ;
;  In2[6]   ; CLK        ; 4.306  ; 4.306  ; Rise       ; CLK             ;
;  In2[7]   ; CLK        ; 3.932  ; 3.932  ; Rise       ; CLK             ;
; START     ; CLK        ; -0.370 ; -0.370 ; Rise       ; CLK             ;
+-----------+------------+--------+--------+------------+-----------------+


+-------------------------------------------------------------------------+
; Hold Times                                                              ;
+-----------+------------+--------+--------+------------+-----------------+
; Data Port ; Clock Port ; Rise   ; Fall   ; Clock Edge ; Clock Reference ;
+-----------+------------+--------+--------+------------+-----------------+
; In1[*]    ; CLK        ; -0.057 ; -0.057 ; Rise       ; CLK             ;
;  In1[0]   ; CLK        ; -3.488 ; -3.488 ; Rise       ; CLK             ;
;  In1[1]   ; CLK        ; -3.661 ; -3.661 ; Rise       ; CLK             ;
;  In1[2]   ; CLK        ; -3.749 ; -3.749 ; Rise       ; CLK             ;
;  In1[3]   ; CLK        ; -3.494 ; -3.494 ; Rise       ; CLK             ;
;  In1[4]   ; CLK        ; -3.501 ; -3.501 ; Rise       ; CLK             ;
;  In1[5]   ; CLK        ; -3.725 ; -3.725 ; Rise       ; CLK             ;
;  In1[6]   ; CLK        ; -3.499 ; -3.499 ; Rise       ; CLK             ;
;  In1[7]   ; CLK        ; -0.057 ; -0.057 ; Rise       ; CLK             ;
; In2[*]    ; CLK        ; -3.386 ; -3.386 ; Rise       ; CLK             ;
;  In2[0]   ; CLK        ; -4.384 ; -4.384 ; Rise       ; CLK             ;
;  In2[1]   ; CLK        ; -3.885 ; -3.885 ; Rise       ; CLK             ;
;  In2[2]   ; CLK        ; -3.813 ; -3.813 ; Rise       ; CLK             ;
;  In2[3]   ; CLK        ; -3.386 ; -3.386 ; Rise       ; CLK             ;
;  In2[4]   ; CLK        ; -4.206 ; -4.206 ; Rise       ; CLK             ;
;  In2[5]   ; CLK        ; -3.759 ; -3.759 ; Rise       ; CLK             ;
;  In2[6]   ; CLK        ; -4.076 ; -4.076 ; Rise       ; CLK             ;
;  In2[7]   ; CLK        ; -3.702 ; -3.702 ; Rise       ; CLK             ;
; START     ; CLK        ; 0.613  ; 0.613  ; Rise       ; CLK             ;
+-----------+------------+--------+--------+------------+-----------------+


+-----------------------------------------------------------------------+
; Clock to Output Times                                                 ;
+-----------+------------+-------+-------+------------+-----------------+
; Data Port ; Clock Port ; Rise  ; Fall  ; Clock Edge ; Clock Reference ;
+-----------+------------+-------+-------+------------+-----------------+
; DONE      ; CLK        ; 8.256 ; 8.256 ; Rise       ; CLK             ;
; Res[*]    ; CLK        ; 7.116 ; 7.116 ; Rise       ; CLK             ;
;  Res[0]   ; CLK        ; 6.861 ; 6.861 ; Rise       ; CLK             ;
;  Res[1]   ; CLK        ; 6.419 ; 6.419 ; Rise       ; CLK             ;
;  Res[2]   ; CLK        ; 6.597 ; 6.597 ; Rise       ; CLK             ;
;  Res[3]   ; CLK        ; 6.382 ; 6.382 ; Rise       ; CLK             ;
;  Res[4]   ; CLK        ; 7.116 ; 7.116 ; Rise       ; CLK             ;
;  Res[5]   ; CLK        ; 6.367 ; 6.367 ; Rise       ; CLK             ;
;  Res[6]   ; CLK        ; 6.830 ; 6.830 ; Rise       ; CLK             ;
;  Res[7]   ; CLK        ; 6.966 ; 6.966 ; Rise       ; CLK             ;
+-----------+------------+-------+-------+------------+-----------------+


+-----------------------------------------------------------------------+
; Minimum Clock to Output Times                                         ;
+-----------+------------+-------+-------+------------+-----------------+
; Data Port ; Clock Port ; Rise  ; Fall  ; Clock Edge ; Clock Reference ;
+-----------+------------+-------+-------+------------+-----------------+
; DONE      ; CLK        ; 7.655 ; 7.655 ; Rise       ; CLK             ;
; Res[*]    ; CLK        ; 6.367 ; 6.367 ; Rise       ; CLK             ;
;  Res[0]   ; CLK        ; 6.861 ; 6.861 ; Rise       ; CLK             ;
;  Res[1]   ; CLK        ; 6.419 ; 6.419 ; Rise       ; CLK             ;
;  Res[2]   ; CLK        ; 6.597 ; 6.597 ; Rise       ; CLK             ;
;  Res[3]   ; CLK        ; 6.382 ; 6.382 ; Rise       ; CLK             ;
;  Res[4]   ; CLK        ; 7.116 ; 7.116 ; Rise       ; CLK             ;
;  Res[5]   ; CLK        ; 6.367 ; 6.367 ; Rise       ; CLK             ;
;  Res[6]   ; CLK        ; 6.830 ; 6.830 ; Rise       ; CLK             ;
;  Res[7]   ; CLK        ; 6.966 ; 6.966 ; Rise       ; CLK             ;
+-----------+------------+-------+-------+------------+-----------------+


+----------------------------------------------------------------------+
; Output Enable Times                                                  ;
+-----------+------------+-------+------+------------+-----------------+
; Data Port ; Clock Port ; Rise  ; Fall ; Clock Edge ; Clock Reference ;
+-----------+------------+-------+------+------------+-----------------+
; Res[*]    ; CLK        ; 7.977 ;      ; Rise       ; CLK             ;
;  Res[0]   ; CLK        ; 8.224 ;      ; Rise       ; CLK             ;
;  Res[1]   ; CLK        ; 8.229 ;      ; Rise       ; CLK             ;
;  Res[2]   ; CLK        ; 8.007 ;      ; Rise       ; CLK             ;
;  Res[3]   ; CLK        ; 8.007 ;      ; Rise       ; CLK             ;
;  Res[4]   ; CLK        ; 8.229 ;      ; Rise       ; CLK             ;
;  Res[5]   ; CLK        ; 8.209 ;      ; Rise       ; CLK             ;
;  Res[6]   ; CLK        ; 7.977 ;      ; Rise       ; CLK             ;
;  Res[7]   ; CLK        ; 7.977 ;      ; Rise       ; CLK             ;
+-----------+------------+-------+------+------------+-----------------+


+----------------------------------------------------------------------+
; Minimum Output Enable Times                                          ;
+-----------+------------+-------+------+------------+-----------------+
; Data Port ; Clock Port ; Rise  ; Fall ; Clock Edge ; Clock Reference ;
+-----------+------------+-------+------+------------+-----------------+
; Res[*]    ; CLK        ; 7.376 ;      ; Rise       ; CLK             ;
;  Res[0]   ; CLK        ; 7.623 ;      ; Rise       ; CLK             ;
;  Res[1]   ; CLK        ; 7.628 ;      ; Rise       ; CLK             ;
;  Res[2]   ; CLK        ; 7.406 ;      ; Rise       ; CLK             ;
;  Res[3]   ; CLK        ; 7.406 ;      ; Rise       ; CLK             ;
;  Res[4]   ; CLK        ; 7.628 ;      ; Rise       ; CLK             ;
;  Res[5]   ; CLK        ; 7.608 ;      ; Rise       ; CLK             ;
;  Res[6]   ; CLK        ; 7.376 ;      ; Rise       ; CLK             ;
;  Res[7]   ; CLK        ; 7.376 ;      ; Rise       ; CLK             ;
+-----------+------------+-------+------+------------+-----------------+


+-------------------------------------------------------------------------------+
; Output Disable Times                                                          ;
+-----------+------------+-----------+-----------+------------+-----------------+
; Data Port ; Clock Port ; 0 to Hi-Z ; 1 to Hi-Z ; Clock Edge ; Clock Reference ;
+-----------+------------+-----------+-----------+------------+-----------------+
; Res[*]    ; CLK        ; 7.977     ;           ; Rise       ; CLK             ;
;  Res[0]   ; CLK        ; 8.224     ;           ; Rise       ; CLK             ;
;  Res[1]   ; CLK        ; 8.229     ;           ; Rise       ; CLK             ;
;  Res[2]   ; CLK        ; 8.007     ;           ; Rise       ; CLK             ;
;  Res[3]   ; CLK        ; 8.007     ;           ; Rise       ; CLK             ;
;  Res[4]   ; CLK        ; 8.229     ;           ; Rise       ; CLK             ;
;  Res[5]   ; CLK        ; 8.209     ;           ; Rise       ; CLK             ;
;  Res[6]   ; CLK        ; 7.977     ;           ; Rise       ; CLK             ;
;  Res[7]   ; CLK        ; 7.977     ;           ; Rise       ; CLK             ;
+-----------+------------+-----------+-----------+------------+-----------------+


+-------------------------------------------------------------------------------+
; Minimum Output Disable Times                                                  ;
+-----------+------------+-----------+-----------+------------+-----------------+
; Data Port ; Clock Port ; 0 to Hi-Z ; 1 to Hi-Z ; Clock Edge ; Clock Reference ;
+-----------+------------+-----------+-----------+------------+-----------------+
; Res[*]    ; CLK        ; 7.376     ;           ; Rise       ; CLK             ;
;  Res[0]   ; CLK        ; 7.623     ;           ; Rise       ; CLK             ;
;  Res[1]   ; CLK        ; 7.628     ;           ; Rise       ; CLK             ;
;  Res[2]   ; CLK        ; 7.406     ;           ; Rise       ; CLK             ;
;  Res[3]   ; CLK        ; 7.406     ;           ; Rise       ; CLK             ;
;  Res[4]   ; CLK        ; 7.628     ;           ; Rise       ; CLK             ;
;  Res[5]   ; CLK        ; 7.608     ;           ; Rise       ; CLK             ;
;  Res[6]   ; CLK        ; 7.376     ;           ; Rise       ; CLK             ;
;  Res[7]   ; CLK        ; 7.376     ;           ; Rise       ; CLK             ;
+-----------+------------+-----------+-----------+------------+-----------------+


+--------------------------------+
; Fast Model Setup Summary       ;
+-------+--------+---------------+
; Clock ; Slack  ; End Point TNS ;
+-------+--------+---------------+
; CLK   ; -1.992 ; -34.473       ;
+-------+--------+---------------+


+-------------------------------+
; Fast Model Hold Summary       ;
+-------+-------+---------------+
; Clock ; Slack ; End Point TNS ;
+-------+-------+---------------+
; CLK   ; 0.215 ; 0.000         ;
+-------+-------+---------------+


-------------------------------
; Fast Model Recovery Summary ;
-------------------------------
No paths to report.


------------------------------
; Fast Model Removal Summary ;
------------------------------
No paths to report.


+----------------------------------------+
; Fast Model Minimum Pulse Width Summary ;
+-------+--------+-----------------------+
; Clock ; Slack  ; End Point TNS         ;
+-------+--------+-----------------------+
; CLK   ; -1.380 ; -27.380               ;
+-------+--------+-----------------------+


+------------------------------------------------------------------------------------------------------------------------------------------------------------------------+
; Fast Model Setup: 'CLK'                                                                                                                                                ;
+--------+--------------------------------------------+--------------------------------------------+--------------+-------------+--------------+------------+------------+
; Slack  ; From Node                                  ; To Node                                    ; Launch Clock ; Latch Clock ; Relationship ; Clock Skew ; Data Delay ;
+--------+--------------------------------------------+--------------------------------------------+--------------+-------------+--------------+------------+------------+
; -1.992 ; ControllerOM:inst|ctrDFFs:inst1|inst2      ; DtpOM:inst1|Register8:R1|R8DFFs:inst|inst4 ; CLK          ; CLK         ; 1.000        ; 0.000      ; 3.024      ;
; -1.988 ; ControllerOM:inst|ctrDFFs:inst1|inst2      ; DtpOM:inst1|Register8:R1|R8DFFs:inst|inst1 ; CLK          ; CLK         ; 1.000        ; 0.001      ; 3.021      ;
; -1.971 ; ControllerOM:inst|ctrDFFs:inst1|inst1      ; DtpOM:inst1|Register8:R1|R8DFFs:inst|inst4 ; CLK          ; CLK         ; 1.000        ; 0.002      ; 3.005      ;
; -1.967 ; ControllerOM:inst|ctrDFFs:inst1|inst1      ; DtpOM:inst1|Register8:R1|R8DFFs:inst|inst1 ; CLK          ; CLK         ; 1.000        ; 0.003      ; 3.002      ;
; -1.956 ; ControllerOM:inst|ctrDFFs:inst1|inst2      ; DtpOM:inst1|Register8:R2|R8DFFs:inst|inst4 ; CLK          ; CLK         ; 1.000        ; 0.000      ; 2.988      ;
; -1.951 ; ControllerOM:inst|ctrDFFs:inst1|inst2      ; DtpOM:inst1|Register8:R2|R8DFFs:inst|inst1 ; CLK          ; CLK         ; 1.000        ; 0.001      ; 2.984      ;
; -1.944 ; ControllerOM:inst|ctrDFFs:inst1|inst2      ; DtpOM:inst1|Register8:R1|R8DFFs:inst|inst5 ; CLK          ; CLK         ; 1.000        ; -0.002     ; 2.974      ;
; -1.941 ; ControllerOM:inst|ctrDFFs:inst1|inst2      ; DtpOM:inst1|Register8:R2|R8DFFs:inst|inst6 ; CLK          ; CLK         ; 1.000        ; -0.005     ; 2.968      ;
; -1.935 ; ControllerOM:inst|ctrDFFs:inst1|inst1      ; DtpOM:inst1|Register8:R2|R8DFFs:inst|inst4 ; CLK          ; CLK         ; 1.000        ; 0.002      ; 2.969      ;
; -1.930 ; ControllerOM:inst|ctrDFFs:inst1|inst1      ; DtpOM:inst1|Register8:R2|R8DFFs:inst|inst1 ; CLK          ; CLK         ; 1.000        ; 0.003      ; 2.965      ;
; -1.923 ; ControllerOM:inst|ctrDFFs:inst1|inst3      ; DtpOM:inst1|Register8:R1|R8DFFs:inst|inst4 ; CLK          ; CLK         ; 1.000        ; 0.003      ; 2.958      ;
; -1.923 ; ControllerOM:inst|ctrDFFs:inst1|inst1      ; DtpOM:inst1|Register8:R1|R8DFFs:inst|inst5 ; CLK          ; CLK         ; 1.000        ; 0.000      ; 2.955      ;
; -1.920 ; ControllerOM:inst|ctrDFFs:inst1|inst1      ; DtpOM:inst1|Register8:R2|R8DFFs:inst|inst6 ; CLK          ; CLK         ; 1.000        ; -0.003     ; 2.949      ;
; -1.919 ; ControllerOM:inst|ctrDFFs:inst1|inst3      ; DtpOM:inst1|Register8:R1|R8DFFs:inst|inst1 ; CLK          ; CLK         ; 1.000        ; 0.004      ; 2.955      ;
; -1.909 ; ControllerOM:inst|ctrDFFs:inst1|inst2      ; DtpOM:inst1|Register8:R1|R8DFFs:inst|inst6 ; CLK          ; CLK         ; 1.000        ; -0.005     ; 2.936      ;
; -1.908 ; ControllerOM:inst|ctrDFFs:inst1|inst2      ; DtpOM:inst1|Register8:R2|R8DFFs:inst|inst5 ; CLK          ; CLK         ; 1.000        ; -0.002     ; 2.938      ;
; -1.888 ; ControllerOM:inst|ctrDFFs:inst1|inst1      ; DtpOM:inst1|Register8:R1|R8DFFs:inst|inst6 ; CLK          ; CLK         ; 1.000        ; -0.003     ; 2.917      ;
; -1.887 ; ControllerOM:inst|ctrDFFs:inst1|inst3      ; DtpOM:inst1|Register8:R2|R8DFFs:inst|inst4 ; CLK          ; CLK         ; 1.000        ; 0.003      ; 2.922      ;
; -1.887 ; ControllerOM:inst|ctrDFFs:inst1|inst1      ; DtpOM:inst1|Register8:R2|R8DFFs:inst|inst5 ; CLK          ; CLK         ; 1.000        ; 0.000      ; 2.919      ;
; -1.885 ; ControllerOM:inst|ctrDFFs:inst1|inst2      ; DtpOM:inst1|Register8:R1|R8DFFs:inst|inst7 ; CLK          ; CLK         ; 1.000        ; -0.005     ; 2.912      ;
; -1.882 ; ControllerOM:inst|ctrDFFs:inst1|inst3      ; DtpOM:inst1|Register8:R2|R8DFFs:inst|inst1 ; CLK          ; CLK         ; 1.000        ; 0.004      ; 2.918      ;
; -1.875 ; ControllerOM:inst|ctrDFFs:inst1|inst3      ; DtpOM:inst1|Register8:R1|R8DFFs:inst|inst5 ; CLK          ; CLK         ; 1.000        ; 0.001      ; 2.908      ;
; -1.872 ; ControllerOM:inst|ctrDFFs:inst1|inst3      ; DtpOM:inst1|Register8:R2|R8DFFs:inst|inst6 ; CLK          ; CLK         ; 1.000        ; -0.002     ; 2.902      ;
; -1.864 ; ControllerOM:inst|ctrDFFs:inst1|inst1      ; DtpOM:inst1|Register8:R1|R8DFFs:inst|inst7 ; CLK          ; CLK         ; 1.000        ; -0.003     ; 2.893      ;
; -1.857 ; ControllerOM:inst|ctrDFFs:inst1|inst2      ; DtpOM:inst1|Register8:R1|R8DFFs:inst|inst2 ; CLK          ; CLK         ; 1.000        ; -0.003     ; 2.886      ;
; -1.855 ; DtpOM:inst1|Register8:R1|R8DFFs:inst|inst6 ; DtpOM:inst1|Register8:R1|R8DFFs:inst|inst4 ; CLK          ; CLK         ; 1.000        ; 0.005      ; 2.892      ;
; -1.851 ; DtpOM:inst1|Register8:R1|R8DFFs:inst|inst6 ; DtpOM:inst1|Register8:R1|R8DFFs:inst|inst1 ; CLK          ; CLK         ; 1.000        ; 0.006      ; 2.889      ;
; -1.848 ; ControllerOM:inst|ctrDFFs:inst1|inst2      ; DtpOM:inst1|Register8:R2|R8DFFs:inst|inst7 ; CLK          ; CLK         ; 1.000        ; -0.005     ; 2.875      ;
; -1.840 ; ControllerOM:inst|ctrDFFs:inst1|inst3      ; DtpOM:inst1|Register8:R1|R8DFFs:inst|inst6 ; CLK          ; CLK         ; 1.000        ; -0.002     ; 2.870      ;
; -1.839 ; ControllerOM:inst|ctrDFFs:inst1|inst3      ; DtpOM:inst1|Register8:R2|R8DFFs:inst|inst5 ; CLK          ; CLK         ; 1.000        ; 0.001      ; 2.872      ;
; -1.836 ; ControllerOM:inst|ctrDFFs:inst1|inst1      ; DtpOM:inst1|Register8:R1|R8DFFs:inst|inst2 ; CLK          ; CLK         ; 1.000        ; -0.001     ; 2.867      ;
; -1.833 ; ControllerOM:inst|ctrDFFs:inst1|inst2      ; DtpOM:inst1|Register8:R1|R8DFFs:inst|inst3 ; CLK          ; CLK         ; 1.000        ; 0.001      ; 2.866      ;
; -1.827 ; ControllerOM:inst|ctrDFFs:inst1|inst1      ; DtpOM:inst1|Register8:R2|R8DFFs:inst|inst7 ; CLK          ; CLK         ; 1.000        ; -0.003     ; 2.856      ;
; -1.819 ; DtpOM:inst1|Register8:R1|R8DFFs:inst|inst6 ; DtpOM:inst1|Register8:R2|R8DFFs:inst|inst4 ; CLK          ; CLK         ; 1.000        ; 0.005      ; 2.856      ;
; -1.816 ; ControllerOM:inst|ctrDFFs:inst1|inst3      ; DtpOM:inst1|Register8:R1|R8DFFs:inst|inst7 ; CLK          ; CLK         ; 1.000        ; -0.002     ; 2.846      ;
; -1.814 ; ControllerOM:inst|ctrDFFs:inst1|inst2      ; DtpOM:inst1|Register8:R2|R8DFFs:inst|inst2 ; CLK          ; CLK         ; 1.000        ; 0.000      ; 2.846      ;
; -1.814 ; DtpOM:inst1|Register8:R1|R8DFFs:inst|inst6 ; DtpOM:inst1|Register8:R2|R8DFFs:inst|inst1 ; CLK          ; CLK         ; 1.000        ; 0.006      ; 2.852      ;
; -1.812 ; ControllerOM:inst|ctrDFFs:inst1|inst1      ; DtpOM:inst1|Register8:R1|R8DFFs:inst|inst3 ; CLK          ; CLK         ; 1.000        ; 0.003      ; 2.847      ;
; -1.807 ; DtpOM:inst1|Register8:R1|R8DFFs:inst|inst6 ; DtpOM:inst1|Register8:R1|R8DFFs:inst|inst5 ; CLK          ; CLK         ; 1.000        ; 0.003      ; 2.842      ;
; -1.804 ; DtpOM:inst1|Register8:R1|R8DFFs:inst|inst6 ; DtpOM:inst1|Register8:R2|R8DFFs:inst|inst6 ; CLK          ; CLK         ; 1.000        ; 0.000      ; 2.836      ;
; -1.795 ; ControllerOM:inst|ctrDFFs:inst1|inst2      ; DtpOM:inst1|Register8:R2|R8DFFs:inst|inst3 ; CLK          ; CLK         ; 1.000        ; 0.001      ; 2.828      ;
; -1.793 ; ControllerOM:inst|ctrDFFs:inst1|inst1      ; DtpOM:inst1|Register8:R2|R8DFFs:inst|inst2 ; CLK          ; CLK         ; 1.000        ; 0.002      ; 2.827      ;
; -1.790 ; ControllerOM:inst|ctrDFFs:inst1|inst2      ; DtpOM:inst1|Register8:R1|R8DFFs:inst|inst  ; CLK          ; CLK         ; 1.000        ; -0.002     ; 2.820      ;
; -1.788 ; ControllerOM:inst|ctrDFFs:inst1|inst3      ; DtpOM:inst1|Register8:R1|R8DFFs:inst|inst2 ; CLK          ; CLK         ; 1.000        ; 0.000      ; 2.820      ;
; -1.779 ; ControllerOM:inst|ctrDFFs:inst1|inst3      ; DtpOM:inst1|Register8:R2|R8DFFs:inst|inst7 ; CLK          ; CLK         ; 1.000        ; -0.002     ; 2.809      ;
; -1.774 ; ControllerOM:inst|ctrDFFs:inst1|inst1      ; DtpOM:inst1|Register8:R2|R8DFFs:inst|inst3 ; CLK          ; CLK         ; 1.000        ; 0.003      ; 2.809      ;
; -1.772 ; DtpOM:inst1|Register8:R1|R8DFFs:inst|inst6 ; DtpOM:inst1|Register8:R1|R8DFFs:inst|inst6 ; CLK          ; CLK         ; 1.000        ; 0.000      ; 2.804      ;
; -1.771 ; DtpOM:inst1|Register8:R1|R8DFFs:inst|inst6 ; DtpOM:inst1|Register8:R2|R8DFFs:inst|inst5 ; CLK          ; CLK         ; 1.000        ; 0.003      ; 2.806      ;
; -1.769 ; ControllerOM:inst|ctrDFFs:inst1|inst1      ; DtpOM:inst1|Register8:R1|R8DFFs:inst|inst  ; CLK          ; CLK         ; 1.000        ; 0.000      ; 2.801      ;
; -1.764 ; ControllerOM:inst|ctrDFFs:inst1|inst3      ; DtpOM:inst1|Register8:R1|R8DFFs:inst|inst3 ; CLK          ; CLK         ; 1.000        ; 0.004      ; 2.800      ;
; -1.761 ; DtpOM:inst1|Register8:R2|R8DFFs:inst|inst6 ; DtpOM:inst1|Register8:R1|R8DFFs:inst|inst6 ; CLK          ; CLK         ; 1.000        ; 0.000      ; 2.793      ;
; -1.757 ; DtpOM:inst1|Register8:R1|R8DFFs:inst|inst7 ; DtpOM:inst1|Register8:R1|R8DFFs:inst|inst6 ; CLK          ; CLK         ; 1.000        ; 0.000      ; 2.789      ;
; -1.751 ; ControllerOM:inst|ctrDFFs:inst1|inst2      ; DtpOM:inst1|Register8:R2|R8DFFs:inst|inst  ; CLK          ; CLK         ; 1.000        ; 0.000      ; 2.783      ;
; -1.748 ; DtpOM:inst1|Register8:R1|R8DFFs:inst|inst6 ; DtpOM:inst1|Register8:R1|R8DFFs:inst|inst7 ; CLK          ; CLK         ; 1.000        ; 0.000      ; 2.780      ;
; -1.745 ; DtpOM:inst1|Register8:R2|R8DFFs:inst|inst6 ; DtpOM:inst1|Register8:R2|R8DFFs:inst|inst5 ; CLK          ; CLK         ; 1.000        ; 0.003      ; 2.780      ;
; -1.745 ; ControllerOM:inst|ctrDFFs:inst1|inst3      ; DtpOM:inst1|Register8:R2|R8DFFs:inst|inst2 ; CLK          ; CLK         ; 1.000        ; 0.003      ; 2.780      ;
; -1.744 ; DtpOM:inst1|Register8:R2|R8DFFs:inst|inst6 ; DtpOM:inst1|Register8:R1|R8DFFs:inst|inst5 ; CLK          ; CLK         ; 1.000        ; 0.003      ; 2.779      ;
; -1.741 ; DtpOM:inst1|Register8:R1|R8DFFs:inst|inst7 ; DtpOM:inst1|Register8:R2|R8DFFs:inst|inst5 ; CLK          ; CLK         ; 1.000        ; 0.003      ; 2.776      ;
; -1.740 ; DtpOM:inst1|Register8:R1|R8DFFs:inst|inst7 ; DtpOM:inst1|Register8:R1|R8DFFs:inst|inst5 ; CLK          ; CLK         ; 1.000        ; 0.003      ; 2.775      ;
; -1.730 ; ControllerOM:inst|ctrDFFs:inst1|inst1      ; DtpOM:inst1|Register8:R2|R8DFFs:inst|inst  ; CLK          ; CLK         ; 1.000        ; 0.002      ; 2.764      ;
; -1.726 ; ControllerOM:inst|ctrDFFs:inst1|inst3      ; DtpOM:inst1|Register8:R2|R8DFFs:inst|inst3 ; CLK          ; CLK         ; 1.000        ; 0.004      ; 2.762      ;
; -1.725 ; DtpOM:inst1|Register8:R2|R8DFFs:inst|inst6 ; DtpOM:inst1|Register8:R1|R8DFFs:inst|inst2 ; CLK          ; CLK         ; 1.000        ; 0.002      ; 2.759      ;
; -1.721 ; ControllerOM:inst|ctrDFFs:inst1|inst3      ; DtpOM:inst1|Register8:R1|R8DFFs:inst|inst  ; CLK          ; CLK         ; 1.000        ; 0.001      ; 2.754      ;
; -1.721 ; DtpOM:inst1|Register8:R1|R8DFFs:inst|inst7 ; DtpOM:inst1|Register8:R1|R8DFFs:inst|inst2 ; CLK          ; CLK         ; 1.000        ; 0.002      ; 2.755      ;
; -1.720 ; DtpOM:inst1|Register8:R1|R8DFFs:inst|inst6 ; DtpOM:inst1|Register8:R1|R8DFFs:inst|inst2 ; CLK          ; CLK         ; 1.000        ; 0.002      ; 2.754      ;
; -1.711 ; DtpOM:inst1|Register8:R1|R8DFFs:inst|inst6 ; DtpOM:inst1|Register8:R2|R8DFFs:inst|inst7 ; CLK          ; CLK         ; 1.000        ; 0.000      ; 2.743      ;
; -1.700 ; DtpOM:inst1|Register8:R2|R8DFFs:inst|inst7 ; DtpOM:inst1|Register8:R1|R8DFFs:inst|inst6 ; CLK          ; CLK         ; 1.000        ; 0.000      ; 2.732      ;
; -1.696 ; DtpOM:inst1|Register8:R1|R8DFFs:inst|inst6 ; DtpOM:inst1|Register8:R1|R8DFFs:inst|inst3 ; CLK          ; CLK         ; 1.000        ; 0.006      ; 2.734      ;
; -1.690 ; DtpOM:inst1|Register8:R2|R8DFFs:inst|inst6 ; DtpOM:inst1|Register8:R2|R8DFFs:inst|inst6 ; CLK          ; CLK         ; 1.000        ; 0.000      ; 2.722      ;
; -1.689 ; DtpOM:inst1|Register8:R2|R8DFFs:inst|inst6 ; DtpOM:inst1|Register8:R1|R8DFFs:inst|inst1 ; CLK          ; CLK         ; 1.000        ; 0.006      ; 2.727      ;
; -1.686 ; DtpOM:inst1|Register8:R1|R8DFFs:inst|inst7 ; DtpOM:inst1|Register8:R2|R8DFFs:inst|inst6 ; CLK          ; CLK         ; 1.000        ; 0.000      ; 2.718      ;
; -1.685 ; DtpOM:inst1|Register8:R1|R8DFFs:inst|inst7 ; DtpOM:inst1|Register8:R1|R8DFFs:inst|inst1 ; CLK          ; CLK         ; 1.000        ; 0.006      ; 2.723      ;
; -1.684 ; DtpOM:inst1|Register8:R2|R8DFFs:inst|inst7 ; DtpOM:inst1|Register8:R2|R8DFFs:inst|inst5 ; CLK          ; CLK         ; 1.000        ; 0.003      ; 2.719      ;
; -1.683 ; DtpOM:inst1|Register8:R2|R8DFFs:inst|inst6 ; DtpOM:inst1|Register8:R2|R8DFFs:inst|inst1 ; CLK          ; CLK         ; 1.000        ; 0.006      ; 2.721      ;
; -1.683 ; DtpOM:inst1|Register8:R2|R8DFFs:inst|inst7 ; DtpOM:inst1|Register8:R1|R8DFFs:inst|inst5 ; CLK          ; CLK         ; 1.000        ; 0.003      ; 2.718      ;
; -1.682 ; ControllerOM:inst|ctrDFFs:inst1|inst3      ; DtpOM:inst1|Register8:R2|R8DFFs:inst|inst  ; CLK          ; CLK         ; 1.000        ; 0.003      ; 2.717      ;
; -1.679 ; DtpOM:inst1|Register8:R1|R8DFFs:inst|inst7 ; DtpOM:inst1|Register8:R2|R8DFFs:inst|inst1 ; CLK          ; CLK         ; 1.000        ; 0.006      ; 2.717      ;
; -1.677 ; DtpOM:inst1|Register8:R1|R8DFFs:inst|inst6 ; DtpOM:inst1|Register8:R2|R8DFFs:inst|inst2 ; CLK          ; CLK         ; 1.000        ; 0.005      ; 2.714      ;
; -1.664 ; DtpOM:inst1|Register8:R2|R8DFFs:inst|inst7 ; DtpOM:inst1|Register8:R1|R8DFFs:inst|inst2 ; CLK          ; CLK         ; 1.000        ; 0.002      ; 2.698      ;
; -1.658 ; DtpOM:inst1|Register8:R1|R8DFFs:inst|inst6 ; DtpOM:inst1|Register8:R2|R8DFFs:inst|inst3 ; CLK          ; CLK         ; 1.000        ; 0.006      ; 2.696      ;
; -1.657 ; DtpOM:inst1|Register8:R1|R8DFFs:inst|inst7 ; DtpOM:inst1|Register8:R1|R8DFFs:inst|inst4 ; CLK          ; CLK         ; 1.000        ; 0.005      ; 2.694      ;
; -1.654 ; DtpOM:inst1|Register8:R2|R8DFFs:inst|inst6 ; DtpOM:inst1|Register8:R1|R8DFFs:inst|inst3 ; CLK          ; CLK         ; 1.000        ; 0.006      ; 2.692      ;
; -1.653 ; DtpOM:inst1|Register8:R1|R8DFFs:inst|inst6 ; DtpOM:inst1|Register8:R1|R8DFFs:inst|inst  ; CLK          ; CLK         ; 1.000        ; 0.003      ; 2.688      ;
; -1.651 ; DtpOM:inst1|Register8:R2|R8DFFs:inst|inst6 ; DtpOM:inst1|Register8:R2|R8DFFs:inst|inst4 ; CLK          ; CLK         ; 1.000        ; 0.005      ; 2.688      ;
; -1.650 ; DtpOM:inst1|Register8:R1|R8DFFs:inst|inst7 ; DtpOM:inst1|Register8:R1|R8DFFs:inst|inst3 ; CLK          ; CLK         ; 1.000        ; 0.006      ; 2.688      ;
; -1.648 ; DtpOM:inst1|Register8:R2|R8DFFs:inst|inst6 ; DtpOM:inst1|Register8:R1|R8DFFs:inst|inst4 ; CLK          ; CLK         ; 1.000        ; 0.005      ; 2.685      ;
; -1.647 ; DtpOM:inst1|Register8:R1|R8DFFs:inst|inst7 ; DtpOM:inst1|Register8:R2|R8DFFs:inst|inst4 ; CLK          ; CLK         ; 1.000        ; 0.005      ; 2.684      ;
; -1.636 ; DtpOM:inst1|Register8:R2|R8DFFs:inst|inst7 ; DtpOM:inst1|Register8:R1|R8DFFs:inst|inst4 ; CLK          ; CLK         ; 1.000        ; 0.005      ; 2.673      ;
; -1.632 ; DtpOM:inst1|Register8:R2|R8DFFs:inst|inst7 ; DtpOM:inst1|Register8:R1|R8DFFs:inst|inst1 ; CLK          ; CLK         ; 1.000        ; 0.006      ; 2.670      ;
; -1.629 ; DtpOM:inst1|Register8:R2|R8DFFs:inst|inst7 ; DtpOM:inst1|Register8:R2|R8DFFs:inst|inst6 ; CLK          ; CLK         ; 1.000        ; 0.000      ; 2.661      ;
; -1.622 ; DtpOM:inst1|Register8:R2|R8DFFs:inst|inst7 ; DtpOM:inst1|Register8:R2|R8DFFs:inst|inst1 ; CLK          ; CLK         ; 1.000        ; 0.006      ; 2.660      ;
; -1.619 ; DtpOM:inst1|Register8:R1|R8DFFs:inst|inst5 ; DtpOM:inst1|Register8:R1|R8DFFs:inst|inst4 ; CLK          ; CLK         ; 1.000        ; 0.002      ; 2.653      ;
; -1.615 ; DtpOM:inst1|Register8:R1|R8DFFs:inst|inst5 ; DtpOM:inst1|Register8:R1|R8DFFs:inst|inst1 ; CLK          ; CLK         ; 1.000        ; 0.003      ; 2.650      ;
; -1.614 ; DtpOM:inst1|Register8:R1|R8DFFs:inst|inst6 ; DtpOM:inst1|Register8:R2|R8DFFs:inst|inst  ; CLK          ; CLK         ; 1.000        ; 0.005      ; 2.651      ;
; -1.600 ; DtpOM:inst1|Register8:R2|R8DFFs:inst|inst7 ; DtpOM:inst1|Register8:R2|R8DFFs:inst|inst4 ; CLK          ; CLK         ; 1.000        ; 0.005      ; 2.637      ;
; -1.593 ; DtpOM:inst1|Register8:R2|R8DFFs:inst|inst7 ; DtpOM:inst1|Register8:R1|R8DFFs:inst|inst3 ; CLK          ; CLK         ; 1.000        ; 0.006      ; 2.631      ;
; -1.586 ; DtpOM:inst1|Register8:R3|R8DFFs:inst|inst7 ; DtpOM:inst1|Register8:R1|R8DFFs:inst|inst4 ; CLK          ; CLK         ; 1.000        ; 0.002      ; 2.620      ;
; -1.584 ; DtpOM:inst1|Register8:R2|R8DFFs:inst|inst6 ; DtpOM:inst1|Register8:R2|R8DFFs:inst|inst3 ; CLK          ; CLK         ; 1.000        ; 0.006      ; 2.622      ;
; -1.583 ; DtpOM:inst1|Register8:R1|R8DFFs:inst|inst5 ; DtpOM:inst1|Register8:R2|R8DFFs:inst|inst4 ; CLK          ; CLK         ; 1.000        ; 0.002      ; 2.617      ;
; -1.582 ; DtpOM:inst1|Register8:R3|R8DFFs:inst|inst7 ; DtpOM:inst1|Register8:R1|R8DFFs:inst|inst1 ; CLK          ; CLK         ; 1.000        ; 0.003      ; 2.617      ;
+--------+--------------------------------------------+--------------------------------------------+--------------+-------------+--------------+------------+------------+


+-----------------------------------------------------------------------------------------------------------------------------------------------------------------------+
; Fast Model Hold: 'CLK'                                                                                                                                                ;
+-------+--------------------------------------------+--------------------------------------------+--------------+-------------+--------------+------------+------------+
; Slack ; From Node                                  ; To Node                                    ; Launch Clock ; Latch Clock ; Relationship ; Clock Skew ; Data Delay ;
+-------+--------------------------------------------+--------------------------------------------+--------------+-------------+--------------+------------+------------+
; 0.215 ; ControllerOM:inst|ctrDFFs:inst1|inst3      ; ControllerOM:inst|ctrDFFs:inst1|inst3      ; CLK          ; CLK         ; 0.000        ; 0.000      ; 0.367      ;
; 0.215 ; ControllerOM:inst|ctrDFFs:inst1|inst2      ; ControllerOM:inst|ctrDFFs:inst1|inst2      ; CLK          ; CLK         ; 0.000        ; 0.000      ; 0.367      ;
; 0.517 ; DtpOM:inst1|Register8:R2|R8DFFs:inst|inst2 ; DtpOM:inst1|Register8:R3|R8DFFs:inst|inst3 ; CLK          ; CLK         ; 0.000        ; -0.002     ; 0.667      ;
; 0.529 ; ControllerOM:inst|ctrDFFs:inst1|inst2      ; ControllerOM:inst|ctrDFFs:inst1|inst1      ; CLK          ; CLK         ; 0.000        ; -0.002     ; 0.679      ;
; 0.559 ; DtpOM:inst1|Register8:R1|R8DFFs:inst|inst2 ; DtpOM:inst1|Register8:R2|R8DFFs:inst|inst5 ; CLK          ; CLK         ; 0.000        ; 0.001      ; 0.712      ;
; 0.582 ; ControllerOM:inst|ctrDFFs:inst1|inst3      ; DtpOM:inst1|Register8:R1|R8DFFs:inst|inst4 ; CLK          ; CLK         ; 0.000        ; 0.003      ; 0.737      ;
; 0.587 ; ControllerOM:inst|ctrDFFs:inst1|inst1      ; ControllerOM:inst|ctrDFFs:inst1|inst3      ; CLK          ; CLK         ; 0.000        ; -0.001     ; 0.738      ;
; 0.590 ; DtpOM:inst1|Register8:R2|R8DFFs:inst|inst1 ; DtpOM:inst1|Register8:R3|R8DFFs:inst|inst2 ; CLK          ; CLK         ; 0.000        ; -0.003     ; 0.739      ;
; 0.591 ; ControllerOM:inst|ctrDFFs:inst1|inst3      ; DtpOM:inst1|Register8:R1|R8DFFs:inst|inst1 ; CLK          ; CLK         ; 0.000        ; 0.004      ; 0.747      ;
; 0.593 ; ControllerOM:inst|ctrDFFs:inst1|inst3      ; DtpOM:inst1|Register8:R1|R8DFFs:inst|inst3 ; CLK          ; CLK         ; 0.000        ; 0.004      ; 0.749      ;
; 0.602 ; ControllerOM:inst|ctrDFFs:inst1|inst3      ; DtpOM:inst1|Register8:R1|R8DFFs:inst|inst7 ; CLK          ; CLK         ; 0.000        ; -0.002     ; 0.752      ;
; 0.604 ; ControllerOM:inst|ctrDFFs:inst1|inst3      ; DtpOM:inst1|Register8:R1|R8DFFs:inst|inst6 ; CLK          ; CLK         ; 0.000        ; -0.002     ; 0.754      ;
; 0.610 ; ControllerOM:inst|ctrDFFs:inst1|inst3      ; DtpOM:inst1|Register8:R1|R8DFFs:inst|inst5 ; CLK          ; CLK         ; 0.000        ; 0.001      ; 0.763      ;
; 0.610 ; ControllerOM:inst|ctrDFFs:inst1|inst3      ; DtpOM:inst1|Register8:R1|R8DFFs:inst|inst  ; CLK          ; CLK         ; 0.000        ; 0.001      ; 0.763      ;
; 0.619 ; ControllerOM:inst|ctrDFFs:inst1|inst3      ; ControllerOM:inst|ctrDFFs:inst1|inst1      ; CLK          ; CLK         ; 0.000        ; 0.001      ; 0.772      ;
; 0.622 ; ControllerOM:inst|ctrDFFs:inst1|inst3      ; DtpOM:inst1|Register8:R1|R8DFFs:inst|inst2 ; CLK          ; CLK         ; 0.000        ; 0.000      ; 0.774      ;
; 0.636 ; DtpOM:inst1|Register8:R2|R8DFFs:inst|inst6 ; DtpOM:inst1|Register8:R3|R8DFFs:inst|inst7 ; CLK          ; CLK         ; 0.000        ; 0.003      ; 0.791      ;
; 0.637 ; DtpOM:inst1|Register8:R1|R8DFFs:inst|inst7 ; DtpOM:inst1|Register8:R2|R8DFFs:inst|inst7 ; CLK          ; CLK         ; 0.000        ; 0.000      ; 0.789      ;
; 0.645 ; DtpOM:inst1|Register8:R2|R8DFFs:inst|inst7 ; DtpOM:inst1|Register8:R1|R8DFFs:inst|inst7 ; CLK          ; CLK         ; 0.000        ; 0.000      ; 0.797      ;
; 0.667 ; DtpOM:inst1|Register8:R2|R8DFFs:inst|inst7 ; DtpOM:inst1|Register8:R2|R8DFFs:inst|inst7 ; CLK          ; CLK         ; 0.000        ; 0.000      ; 0.819      ;
; 0.677 ; DtpOM:inst1|Register8:R2|R8DFFs:inst|inst4 ; DtpOM:inst1|Register8:R3|R8DFFs:inst|inst5 ; CLK          ; CLK         ; 0.000        ; -0.002     ; 0.827      ;
; 0.692 ; DtpOM:inst1|Register8:R1|R8DFFs:inst|inst4 ; DtpOM:inst1|Register8:R1|R8DFFs:inst|inst4 ; CLK          ; CLK         ; 0.000        ; 0.000      ; 0.844      ;
; 0.695 ; DtpOM:inst1|Register8:R1|R8DFFs:inst|inst4 ; DtpOM:inst1|Register8:R2|R8DFFs:inst|inst4 ; CLK          ; CLK         ; 0.000        ; 0.000      ; 0.847      ;
; 0.723 ; ControllerOM:inst|ctrDFFs:inst1|inst3      ; ControllerOM:inst|ctrDFFs:inst1|inst2      ; CLK          ; CLK         ; 0.000        ; 0.003      ; 0.878      ;
; 0.747 ; DtpOM:inst1|Register8:R1|R8DFFs:inst|inst3 ; DtpOM:inst1|Register8:R2|R8DFFs:inst|inst6 ; CLK          ; CLK         ; 0.000        ; -0.006     ; 0.893      ;
; 0.749 ; ControllerOM:inst|ctrDFFs:inst1|inst1      ; DtpOM:inst1|Register8:R1|R8DFFs:inst|inst6 ; CLK          ; CLK         ; 0.000        ; -0.003     ; 0.898      ;
; 0.764 ; DtpOM:inst1|Register8:R2|R8DFFs:inst|inst5 ; DtpOM:inst1|Register8:R2|R8DFFs:inst|inst5 ; CLK          ; CLK         ; 0.000        ; 0.000      ; 0.916      ;
; 0.773 ; DtpOM:inst1|Register8:R2|R8DFFs:inst|inst5 ; DtpOM:inst1|Register8:R1|R8DFFs:inst|inst5 ; CLK          ; CLK         ; 0.000        ; 0.000      ; 0.925      ;
; 0.800 ; ControllerOM:inst|ctrDFFs:inst1|inst2      ; DtpOM:inst1|Register8:R1|R8DFFs:inst|inst4 ; CLK          ; CLK         ; 0.000        ; 0.000      ; 0.952      ;
; 0.802 ; DtpOM:inst1|Register8:R2|R8DFFs:inst|inst3 ; DtpOM:inst1|Register8:R2|R8DFFs:inst|inst3 ; CLK          ; CLK         ; 0.000        ; 0.000      ; 0.954      ;
; 0.807 ; DtpOM:inst1|Register8:R2|R8DFFs:inst|inst5 ; DtpOM:inst1|Register8:R3|R8DFFs:inst|inst6 ; CLK          ; CLK         ; 0.000        ; 0.000      ; 0.959      ;
; 0.807 ; DtpOM:inst1|Register8:R2|R8DFFs:inst|inst1 ; DtpOM:inst1|Register8:R1|R8DFFs:inst|inst1 ; CLK          ; CLK         ; 0.000        ; 0.000      ; 0.959      ;
; 0.808 ; ControllerOM:inst|ctrDFFs:inst1|inst2      ; DtpOM:inst1|Register8:R1|R8DFFs:inst|inst5 ; CLK          ; CLK         ; 0.000        ; -0.002     ; 0.958      ;
; 0.808 ; ControllerOM:inst|ctrDFFs:inst1|inst2      ; DtpOM:inst1|Register8:R1|R8DFFs:inst|inst  ; CLK          ; CLK         ; 0.000        ; -0.002     ; 0.958      ;
; 0.814 ; ControllerOM:inst|ctrDFFs:inst1|inst2      ; DtpOM:inst1|Register8:R1|R8DFFs:inst|inst1 ; CLK          ; CLK         ; 0.000        ; 0.001      ; 0.967      ;
; 0.814 ; ControllerOM:inst|ctrDFFs:inst1|inst2      ; DtpOM:inst1|Register8:R1|R8DFFs:inst|inst3 ; CLK          ; CLK         ; 0.000        ; 0.001      ; 0.967      ;
; 0.821 ; DtpOM:inst1|Register8:R2|R8DFFs:inst|inst  ; DtpOM:inst1|Register8:R3|R8DFFs:inst|inst1 ; CLK          ; CLK         ; 0.000        ; -0.002     ; 0.971      ;
; 0.827 ; DtpOM:inst1|Register8:R1|R8DFFs:inst|inst7 ; DtpOM:inst1|Register8:R1|R8DFFs:inst|inst7 ; CLK          ; CLK         ; 0.000        ; 0.000      ; 0.979      ;
; 0.832 ; ControllerOM:inst|ctrDFFs:inst1|inst2      ; DtpOM:inst1|Register8:R2|R8DFFs:inst|inst3 ; CLK          ; CLK         ; 0.000        ; 0.001      ; 0.985      ;
; 0.834 ; DtpOM:inst1|Register8:R1|R8DFFs:inst|inst1 ; DtpOM:inst1|Register8:R2|R8DFFs:inst|inst4 ; CLK          ; CLK         ; 0.000        ; -0.001     ; 0.985      ;
; 0.838 ; ControllerOM:inst|ctrDFFs:inst1|inst1      ; DtpOM:inst1|Register8:R1|R8DFFs:inst|inst2 ; CLK          ; CLK         ; 0.000        ; -0.001     ; 0.989      ;
; 0.840 ; DtpOM:inst1|Register8:R2|R8DFFs:inst|inst3 ; DtpOM:inst1|Register8:R1|R8DFFs:inst|inst3 ; CLK          ; CLK         ; 0.000        ; 0.000      ; 0.992      ;
; 0.848 ; DtpOM:inst1|Register8:R1|R8DFFs:inst|inst  ; DtpOM:inst1|Register8:R2|R8DFFs:inst|inst3 ; CLK          ; CLK         ; 0.000        ; 0.003      ; 1.003      ;
; 0.849 ; DtpOM:inst1|Register8:R2|R8DFFs:inst|inst1 ; DtpOM:inst1|Register8:R2|R8DFFs:inst|inst1 ; CLK          ; CLK         ; 0.000        ; 0.000      ; 1.001      ;
; 0.851 ; ControllerOM:inst|ctrDFFs:inst1|inst2      ; DtpOM:inst1|Register8:R3|R8DFFs:inst|inst2 ; CLK          ; CLK         ; 0.000        ; -0.002     ; 1.001      ;
; 0.851 ; ControllerOM:inst|ctrDFFs:inst1|inst2      ; DtpOM:inst1|Register8:R3|R8DFFs:inst|inst1 ; CLK          ; CLK         ; 0.000        ; -0.002     ; 1.001      ;
; 0.851 ; ControllerOM:inst|ctrDFFs:inst1|inst2      ; DtpOM:inst1|Register8:R3|R8DFFs:inst|inst3 ; CLK          ; CLK         ; 0.000        ; -0.002     ; 1.001      ;
; 0.851 ; ControllerOM:inst|ctrDFFs:inst1|inst2      ; DtpOM:inst1|Register8:R3|R8DFFs:inst|inst4 ; CLK          ; CLK         ; 0.000        ; -0.002     ; 1.001      ;
; 0.851 ; ControllerOM:inst|ctrDFFs:inst1|inst2      ; DtpOM:inst1|Register8:R3|R8DFFs:inst|inst5 ; CLK          ; CLK         ; 0.000        ; -0.002     ; 1.001      ;
; 0.851 ; ControllerOM:inst|ctrDFFs:inst1|inst2      ; DtpOM:inst1|Register8:R3|R8DFFs:inst|inst6 ; CLK          ; CLK         ; 0.000        ; -0.002     ; 1.001      ;
; 0.851 ; ControllerOM:inst|ctrDFFs:inst1|inst2      ; DtpOM:inst1|Register8:R3|R8DFFs:inst|inst7 ; CLK          ; CLK         ; 0.000        ; -0.002     ; 1.001      ;
; 0.860 ; DtpOM:inst1|Register8:R1|R8DFFs:inst|inst1 ; DtpOM:inst1|Register8:R2|R8DFFs:inst|inst1 ; CLK          ; CLK         ; 0.000        ; 0.000      ; 1.012      ;
; 0.866 ; DtpOM:inst1|Register8:R1|R8DFFs:inst|inst1 ; DtpOM:inst1|Register8:R1|R8DFFs:inst|inst1 ; CLK          ; CLK         ; 0.000        ; 0.000      ; 1.018      ;
; 0.887 ; ControllerOM:inst|ctrDFFs:inst1|inst3      ; DtpOM:inst1|Register8:R2|R8DFFs:inst|inst  ; CLK          ; CLK         ; 0.000        ; 0.003      ; 1.042      ;
; 0.890 ; ControllerOM:inst|ctrDFFs:inst1|inst3      ; DtpOM:inst1|Register8:R2|R8DFFs:inst|inst4 ; CLK          ; CLK         ; 0.000        ; 0.003      ; 1.045      ;
; 0.903 ; DtpOM:inst1|Register8:R1|R8DFFs:inst|inst  ; DtpOM:inst1|Register8:R2|R8DFFs:inst|inst  ; CLK          ; CLK         ; 0.000        ; 0.002      ; 1.057      ;
; 0.905 ; ControllerOM:inst|ctrDFFs:inst1|inst3      ; DtpOM:inst1|Register8:R2|R8DFFs:inst|inst5 ; CLK          ; CLK         ; 0.000        ; 0.001      ; 1.058      ;
; 0.906 ; DtpOM:inst1|Register8:R1|R8DFFs:inst|inst  ; DtpOM:inst1|Register8:R1|R8DFFs:inst|inst  ; CLK          ; CLK         ; 0.000        ; 0.000      ; 1.058      ;
; 0.912 ; ControllerOM:inst|ctrDFFs:inst1|inst1      ; DtpOM:inst1|Register8:R1|R8DFFs:inst|inst7 ; CLK          ; CLK         ; 0.000        ; -0.003     ; 1.061      ;
; 0.915 ; DtpOM:inst1|Register8:R2|R8DFFs:inst|inst2 ; DtpOM:inst1|Register8:R1|R8DFFs:inst|inst2 ; CLK          ; CLK         ; 0.000        ; -0.003     ; 1.064      ;
; 0.932 ; DtpOM:inst1|Register8:R2|R8DFFs:inst|inst2 ; DtpOM:inst1|Register8:R2|R8DFFs:inst|inst2 ; CLK          ; CLK         ; 0.000        ; 0.000      ; 1.084      ;
; 0.933 ; ControllerOM:inst|ctrDFFs:inst1|inst2      ; DtpOM:inst1|Register8:R1|R8DFFs:inst|inst2 ; CLK          ; CLK         ; 0.000        ; -0.003     ; 1.082      ;
; 0.943 ; DtpOM:inst1|Register8:R1|R8DFFs:inst|inst5 ; DtpOM:inst1|Register8:R1|R8DFFs:inst|inst5 ; CLK          ; CLK         ; 0.000        ; 0.000      ; 1.095      ;
; 0.944 ; DtpOM:inst1|Register8:R1|R8DFFs:inst|inst5 ; DtpOM:inst1|Register8:R2|R8DFFs:inst|inst5 ; CLK          ; CLK         ; 0.000        ; 0.000      ; 1.096      ;
; 0.946 ; DtpOM:inst1|Register8:R1|R8DFFs:inst|inst3 ; DtpOM:inst1|Register8:R2|R8DFFs:inst|inst3 ; CLK          ; CLK         ; 0.000        ; 0.000      ; 1.098      ;
; 0.950 ; ControllerOM:inst|ctrDFFs:inst1|inst2      ; DtpOM:inst1|Register8:R2|R8DFFs:inst|inst  ; CLK          ; CLK         ; 0.000        ; 0.000      ; 1.102      ;
; 0.950 ; DtpOM:inst1|Register8:R1|R8DFFs:inst|inst2 ; DtpOM:inst1|Register8:R2|R8DFFs:inst|inst2 ; CLK          ; CLK         ; 0.000        ; 0.003      ; 1.105      ;
; 0.952 ; DtpOM:inst1|Register8:R2|R8DFFs:inst|inst4 ; DtpOM:inst1|Register8:R2|R8DFFs:inst|inst4 ; CLK          ; CLK         ; 0.000        ; 0.000      ; 1.104      ;
; 0.953 ; DtpOM:inst1|Register8:R2|R8DFFs:inst|inst  ; DtpOM:inst1|Register8:R2|R8DFFs:inst|inst3 ; CLK          ; CLK         ; 0.000        ; 0.001      ; 1.106      ;
; 0.953 ; ControllerOM:inst|ctrDFFs:inst1|inst2      ; DtpOM:inst1|Register8:R2|R8DFFs:inst|inst4 ; CLK          ; CLK         ; 0.000        ; 0.000      ; 1.105      ;
; 0.966 ; ControllerOM:inst|ctrDFFs:inst1|inst1      ; DtpOM:inst1|Register8:R1|R8DFFs:inst|inst5 ; CLK          ; CLK         ; 0.000        ; 0.000      ; 1.118      ;
; 0.968 ; ControllerOM:inst|ctrDFFs:inst1|inst2      ; DtpOM:inst1|Register8:R2|R8DFFs:inst|inst5 ; CLK          ; CLK         ; 0.000        ; -0.002     ; 1.118      ;
; 0.974 ; ControllerOM:inst|ctrDFFs:inst1|inst3      ; DtpOM:inst1|Register8:R3|R8DFFs:inst|inst2 ; CLK          ; CLK         ; 0.000        ; 0.001      ; 1.127      ;
; 0.974 ; ControllerOM:inst|ctrDFFs:inst1|inst3      ; DtpOM:inst1|Register8:R3|R8DFFs:inst|inst1 ; CLK          ; CLK         ; 0.000        ; 0.001      ; 1.127      ;
; 0.974 ; ControllerOM:inst|ctrDFFs:inst1|inst3      ; DtpOM:inst1|Register8:R3|R8DFFs:inst|inst3 ; CLK          ; CLK         ; 0.000        ; 0.001      ; 1.127      ;
; 0.974 ; ControllerOM:inst|ctrDFFs:inst1|inst3      ; DtpOM:inst1|Register8:R3|R8DFFs:inst|inst4 ; CLK          ; CLK         ; 0.000        ; 0.001      ; 1.127      ;
; 0.974 ; ControllerOM:inst|ctrDFFs:inst1|inst3      ; DtpOM:inst1|Register8:R3|R8DFFs:inst|inst5 ; CLK          ; CLK         ; 0.000        ; 0.001      ; 1.127      ;
; 0.974 ; ControllerOM:inst|ctrDFFs:inst1|inst3      ; DtpOM:inst1|Register8:R3|R8DFFs:inst|inst6 ; CLK          ; CLK         ; 0.000        ; 0.001      ; 1.127      ;
; 0.974 ; ControllerOM:inst|ctrDFFs:inst1|inst3      ; DtpOM:inst1|Register8:R3|R8DFFs:inst|inst7 ; CLK          ; CLK         ; 0.000        ; 0.001      ; 1.127      ;
; 0.975 ; ControllerOM:inst|ctrDFFs:inst1|inst1      ; DtpOM:inst1|Register8:R1|R8DFFs:inst|inst4 ; CLK          ; CLK         ; 0.000        ; 0.002      ; 1.129      ;
; 0.988 ; DtpOM:inst1|Register8:R2|R8DFFs:inst|inst4 ; DtpOM:inst1|Register8:R1|R8DFFs:inst|inst4 ; CLK          ; CLK         ; 0.000        ; 0.000      ; 1.140      ;
; 0.991 ; DtpOM:inst1|Register8:R2|R8DFFs:inst|inst  ; DtpOM:inst1|Register8:R1|R8DFFs:inst|inst3 ; CLK          ; CLK         ; 0.000        ; 0.001      ; 1.144      ;
; 1.013 ; DtpOM:inst1|Register8:R1|R8DFFs:inst|inst2 ; DtpOM:inst1|Register8:R1|R8DFFs:inst|inst2 ; CLK          ; CLK         ; 0.000        ; 0.000      ; 1.165      ;
; 1.016 ; DtpOM:inst1|Register8:R1|R8DFFs:inst|inst3 ; DtpOM:inst1|Register8:R1|R8DFFs:inst|inst3 ; CLK          ; CLK         ; 0.000        ; 0.000      ; 1.168      ;
; 1.033 ; ControllerOM:inst|ctrDFFs:inst1|inst3      ; DtpOM:inst1|Register8:R2|R8DFFs:inst|inst2 ; CLK          ; CLK         ; 0.000        ; 0.003      ; 1.188      ;
; 1.035 ; DtpOM:inst1|Register8:R2|R8DFFs:inst|inst  ; DtpOM:inst1|Register8:R1|R8DFFs:inst|inst1 ; CLK          ; CLK         ; 0.000        ; 0.001      ; 1.188      ;
; 1.038 ; DtpOM:inst1|Register8:R2|R8DFFs:inst|inst3 ; DtpOM:inst1|Register8:R3|R8DFFs:inst|inst4 ; CLK          ; CLK         ; 0.000        ; -0.003     ; 1.187      ;
; 1.040 ; ControllerOM:inst|ctrDFFs:inst1|inst2      ; ControllerOM:inst|ctrDFFs:inst1|inst3      ; CLK          ; CLK         ; 0.000        ; -0.003     ; 1.189      ;
; 1.043 ; DtpOM:inst1|Register8:R2|R8DFFs:inst|inst  ; DtpOM:inst1|Register8:R1|R8DFFs:inst|inst6 ; CLK          ; CLK         ; 0.000        ; -0.005     ; 1.190      ;
; 1.075 ; ControllerOM:inst|ctrDFFs:inst1|inst2      ; DtpOM:inst1|Register8:R1|R8DFFs:inst|inst6 ; CLK          ; CLK         ; 0.000        ; -0.005     ; 1.222      ;
; 1.075 ; ControllerOM:inst|ctrDFFs:inst1|inst2      ; DtpOM:inst1|Register8:R1|R8DFFs:inst|inst7 ; CLK          ; CLK         ; 0.000        ; -0.005     ; 1.222      ;
; 1.077 ; DtpOM:inst1|Register8:R2|R8DFFs:inst|inst  ; DtpOM:inst1|Register8:R2|R8DFFs:inst|inst1 ; CLK          ; CLK         ; 0.000        ; 0.001      ; 1.230      ;
; 1.082 ; ControllerOM:inst|ctrDFFs:inst1|inst3      ; DtpOM:inst1|Register8:R2|R8DFFs:inst|inst7 ; CLK          ; CLK         ; 0.000        ; -0.002     ; 1.232      ;
; 1.095 ; DtpOM:inst1|Register8:R1|R8DFFs:inst|inst4 ; DtpOM:inst1|Register8:R2|R8DFFs:inst|inst7 ; CLK          ; CLK         ; 0.000        ; -0.005     ; 1.242      ;
; 1.096 ; ControllerOM:inst|ctrDFFs:inst1|inst2      ; DtpOM:inst1|Register8:R2|R8DFFs:inst|inst2 ; CLK          ; CLK         ; 0.000        ; 0.000      ; 1.248      ;
; 1.098 ; DtpOM:inst1|Register8:R2|R8DFFs:inst|inst  ; DtpOM:inst1|Register8:R2|R8DFFs:inst|inst7 ; CLK          ; CLK         ; 0.000        ; -0.005     ; 1.245      ;
; 1.101 ; ControllerOM:inst|ctrDFFs:inst1|inst1      ; DtpOM:inst1|Register8:R1|R8DFFs:inst|inst1 ; CLK          ; CLK         ; 0.000        ; 0.003      ; 1.256      ;
; 1.104 ; ControllerOM:inst|ctrDFFs:inst1|inst1      ; ControllerOM:inst|ctrDFFs:inst1|inst2      ; CLK          ; CLK         ; 0.000        ; 0.002      ; 1.258      ;
; 1.122 ; ControllerOM:inst|ctrDFFs:inst1|inst3      ; DtpOM:inst1|Register8:R2|R8DFFs:inst|inst3 ; CLK          ; CLK         ; 0.000        ; 0.004      ; 1.278      ;
; 1.126 ; ControllerOM:inst|ctrDFFs:inst1|inst3      ; DtpOM:inst1|Register8:R2|R8DFFs:inst|inst1 ; CLK          ; CLK         ; 0.000        ; 0.004      ; 1.282      ;
+-------+--------------------------------------------+--------------------------------------------+--------------+-------------+--------------+------------+------------+


+-----------------------------------------------------------------------------------------------------------------------------+
; Fast Model Minimum Pulse Width: 'CLK'                                                                                       ;
+--------+--------------+----------------+------------------+-------+------------+--------------------------------------------+
; Slack  ; Actual Width ; Required Width ; Type             ; Clock ; Clock Edge ; Target                                     ;
+--------+--------------+----------------+------------------+-------+------------+--------------------------------------------+
; -1.380 ; 1.000        ; 2.380          ; Port Rate        ; CLK   ; Rise       ; CLK                                        ;
; -0.500 ; 0.500        ; 1.000          ; High Pulse Width ; CLK   ; Rise       ; ControllerOM:inst|ctrDFFs:inst1|inst1      ;
; -0.500 ; 0.500        ; 1.000          ; Low Pulse Width  ; CLK   ; Rise       ; ControllerOM:inst|ctrDFFs:inst1|inst1      ;
; -0.500 ; 0.500        ; 1.000          ; High Pulse Width ; CLK   ; Rise       ; ControllerOM:inst|ctrDFFs:inst1|inst2      ;
; -0.500 ; 0.500        ; 1.000          ; Low Pulse Width  ; CLK   ; Rise       ; ControllerOM:inst|ctrDFFs:inst1|inst2      ;
; -0.500 ; 0.500        ; 1.000          ; High Pulse Width ; CLK   ; Rise       ; ControllerOM:inst|ctrDFFs:inst1|inst3      ;
; -0.500 ; 0.500        ; 1.000          ; Low Pulse Width  ; CLK   ; Rise       ; ControllerOM:inst|ctrDFFs:inst1|inst3      ;
; -0.500 ; 0.500        ; 1.000          ; High Pulse Width ; CLK   ; Rise       ; DtpOM:inst1|Register8:R1|R8DFFs:inst|inst  ;
; -0.500 ; 0.500        ; 1.000          ; Low Pulse Width  ; CLK   ; Rise       ; DtpOM:inst1|Register8:R1|R8DFFs:inst|inst  ;
; -0.500 ; 0.500        ; 1.000          ; High Pulse Width ; CLK   ; Rise       ; DtpOM:inst1|Register8:R1|R8DFFs:inst|inst1 ;
; -0.500 ; 0.500        ; 1.000          ; Low Pulse Width  ; CLK   ; Rise       ; DtpOM:inst1|Register8:R1|R8DFFs:inst|inst1 ;
; -0.500 ; 0.500        ; 1.000          ; High Pulse Width ; CLK   ; Rise       ; DtpOM:inst1|Register8:R1|R8DFFs:inst|inst2 ;
; -0.500 ; 0.500        ; 1.000          ; Low Pulse Width  ; CLK   ; Rise       ; DtpOM:inst1|Register8:R1|R8DFFs:inst|inst2 ;
; -0.500 ; 0.500        ; 1.000          ; High Pulse Width ; CLK   ; Rise       ; DtpOM:inst1|Register8:R1|R8DFFs:inst|inst3 ;
; -0.500 ; 0.500        ; 1.000          ; Low Pulse Width  ; CLK   ; Rise       ; DtpOM:inst1|Register8:R1|R8DFFs:inst|inst3 ;
; -0.500 ; 0.500        ; 1.000          ; High Pulse Width ; CLK   ; Rise       ; DtpOM:inst1|Register8:R1|R8DFFs:inst|inst4 ;
; -0.500 ; 0.500        ; 1.000          ; Low Pulse Width  ; CLK   ; Rise       ; DtpOM:inst1|Register8:R1|R8DFFs:inst|inst4 ;
; -0.500 ; 0.500        ; 1.000          ; High Pulse Width ; CLK   ; Rise       ; DtpOM:inst1|Register8:R1|R8DFFs:inst|inst5 ;
; -0.500 ; 0.500        ; 1.000          ; Low Pulse Width  ; CLK   ; Rise       ; DtpOM:inst1|Register8:R1|R8DFFs:inst|inst5 ;
; -0.500 ; 0.500        ; 1.000          ; High Pulse Width ; CLK   ; Rise       ; DtpOM:inst1|Register8:R1|R8DFFs:inst|inst6 ;
; -0.500 ; 0.500        ; 1.000          ; Low Pulse Width  ; CLK   ; Rise       ; DtpOM:inst1|Register8:R1|R8DFFs:inst|inst6 ;
; -0.500 ; 0.500        ; 1.000          ; High Pulse Width ; CLK   ; Rise       ; DtpOM:inst1|Register8:R1|R8DFFs:inst|inst7 ;
; -0.500 ; 0.500        ; 1.000          ; Low Pulse Width  ; CLK   ; Rise       ; DtpOM:inst1|Register8:R1|R8DFFs:inst|inst7 ;
; -0.500 ; 0.500        ; 1.000          ; High Pulse Width ; CLK   ; Rise       ; DtpOM:inst1|Register8:R2|R8DFFs:inst|inst  ;
; -0.500 ; 0.500        ; 1.000          ; Low Pulse Width  ; CLK   ; Rise       ; DtpOM:inst1|Register8:R2|R8DFFs:inst|inst  ;
; -0.500 ; 0.500        ; 1.000          ; High Pulse Width ; CLK   ; Rise       ; DtpOM:inst1|Register8:R2|R8DFFs:inst|inst1 ;
; -0.500 ; 0.500        ; 1.000          ; Low Pulse Width  ; CLK   ; Rise       ; DtpOM:inst1|Register8:R2|R8DFFs:inst|inst1 ;
; -0.500 ; 0.500        ; 1.000          ; High Pulse Width ; CLK   ; Rise       ; DtpOM:inst1|Register8:R2|R8DFFs:inst|inst2 ;
; -0.500 ; 0.500        ; 1.000          ; Low Pulse Width  ; CLK   ; Rise       ; DtpOM:inst1|Register8:R2|R8DFFs:inst|inst2 ;
; -0.500 ; 0.500        ; 1.000          ; High Pulse Width ; CLK   ; Rise       ; DtpOM:inst1|Register8:R2|R8DFFs:inst|inst3 ;
; -0.500 ; 0.500        ; 1.000          ; Low Pulse Width  ; CLK   ; Rise       ; DtpOM:inst1|Register8:R2|R8DFFs:inst|inst3 ;
; -0.500 ; 0.500        ; 1.000          ; High Pulse Width ; CLK   ; Rise       ; DtpOM:inst1|Register8:R2|R8DFFs:inst|inst4 ;
; -0.500 ; 0.500        ; 1.000          ; Low Pulse Width  ; CLK   ; Rise       ; DtpOM:inst1|Register8:R2|R8DFFs:inst|inst4 ;
; -0.500 ; 0.500        ; 1.000          ; High Pulse Width ; CLK   ; Rise       ; DtpOM:inst1|Register8:R2|R8DFFs:inst|inst5 ;
; -0.500 ; 0.500        ; 1.000          ; Low Pulse Width  ; CLK   ; Rise       ; DtpOM:inst1|Register8:R2|R8DFFs:inst|inst5 ;
; -0.500 ; 0.500        ; 1.000          ; High Pulse Width ; CLK   ; Rise       ; DtpOM:inst1|Register8:R2|R8DFFs:inst|inst6 ;
; -0.500 ; 0.500        ; 1.000          ; Low Pulse Width  ; CLK   ; Rise       ; DtpOM:inst1|Register8:R2|R8DFFs:inst|inst6 ;
; -0.500 ; 0.500        ; 1.000          ; High Pulse Width ; CLK   ; Rise       ; DtpOM:inst1|Register8:R2|R8DFFs:inst|inst7 ;
; -0.500 ; 0.500        ; 1.000          ; Low Pulse Width  ; CLK   ; Rise       ; DtpOM:inst1|Register8:R2|R8DFFs:inst|inst7 ;
; -0.500 ; 0.500        ; 1.000          ; High Pulse Width ; CLK   ; Rise       ; DtpOM:inst1|Register8:R3|R8DFFs:inst|inst1 ;
; -0.500 ; 0.500        ; 1.000          ; Low Pulse Width  ; CLK   ; Rise       ; DtpOM:inst1|Register8:R3|R8DFFs:inst|inst1 ;
; -0.500 ; 0.500        ; 1.000          ; High Pulse Width ; CLK   ; Rise       ; DtpOM:inst1|Register8:R3|R8DFFs:inst|inst2 ;
; -0.500 ; 0.500        ; 1.000          ; Low Pulse Width  ; CLK   ; Rise       ; DtpOM:inst1|Register8:R3|R8DFFs:inst|inst2 ;
; -0.500 ; 0.500        ; 1.000          ; High Pulse Width ; CLK   ; Rise       ; DtpOM:inst1|Register8:R3|R8DFFs:inst|inst3 ;
; -0.500 ; 0.500        ; 1.000          ; Low Pulse Width  ; CLK   ; Rise       ; DtpOM:inst1|Register8:R3|R8DFFs:inst|inst3 ;
; -0.500 ; 0.500        ; 1.000          ; High Pulse Width ; CLK   ; Rise       ; DtpOM:inst1|Register8:R3|R8DFFs:inst|inst4 ;
; -0.500 ; 0.500        ; 1.000          ; Low Pulse Width  ; CLK   ; Rise       ; DtpOM:inst1|Register8:R3|R8DFFs:inst|inst4 ;
; -0.500 ; 0.500        ; 1.000          ; High Pulse Width ; CLK   ; Rise       ; DtpOM:inst1|Register8:R3|R8DFFs:inst|inst5 ;
; -0.500 ; 0.500        ; 1.000          ; Low Pulse Width  ; CLK   ; Rise       ; DtpOM:inst1|Register8:R3|R8DFFs:inst|inst5 ;
; -0.500 ; 0.500        ; 1.000          ; High Pulse Width ; CLK   ; Rise       ; DtpOM:inst1|Register8:R3|R8DFFs:inst|inst6 ;
; -0.500 ; 0.500        ; 1.000          ; Low Pulse Width  ; CLK   ; Rise       ; DtpOM:inst1|Register8:R3|R8DFFs:inst|inst6 ;
; -0.500 ; 0.500        ; 1.000          ; High Pulse Width ; CLK   ; Rise       ; DtpOM:inst1|Register8:R3|R8DFFs:inst|inst7 ;
; -0.500 ; 0.500        ; 1.000          ; Low Pulse Width  ; CLK   ; Rise       ; DtpOM:inst1|Register8:R3|R8DFFs:inst|inst7 ;
; 0.500  ; 0.500        ; 0.000          ; High Pulse Width ; CLK   ; Rise       ; CLK|combout                                ;
; 0.500  ; 0.500        ; 0.000          ; Low Pulse Width  ; CLK   ; Rise       ; CLK|combout                                ;
; 0.500  ; 0.500        ; 0.000          ; High Pulse Width ; CLK   ; Rise       ; CLK~clkctrl|inclk[0]                       ;
; 0.500  ; 0.500        ; 0.000          ; Low Pulse Width  ; CLK   ; Rise       ; CLK~clkctrl|inclk[0]                       ;
; 0.500  ; 0.500        ; 0.000          ; High Pulse Width ; CLK   ; Rise       ; CLK~clkctrl|outclk                         ;
; 0.500  ; 0.500        ; 0.000          ; Low Pulse Width  ; CLK   ; Rise       ; CLK~clkctrl|outclk                         ;
; 0.500  ; 0.500        ; 0.000          ; High Pulse Width ; CLK   ; Rise       ; inst1|R1|inst|inst1|clk                    ;
; 0.500  ; 0.500        ; 0.000          ; Low Pulse Width  ; CLK   ; Rise       ; inst1|R1|inst|inst1|clk                    ;
; 0.500  ; 0.500        ; 0.000          ; High Pulse Width ; CLK   ; Rise       ; inst1|R1|inst|inst2|clk                    ;
; 0.500  ; 0.500        ; 0.000          ; Low Pulse Width  ; CLK   ; Rise       ; inst1|R1|inst|inst2|clk                    ;
; 0.500  ; 0.500        ; 0.000          ; High Pulse Width ; CLK   ; Rise       ; inst1|R1|inst|inst3|clk                    ;
; 0.500  ; 0.500        ; 0.000          ; Low Pulse Width  ; CLK   ; Rise       ; inst1|R1|inst|inst3|clk                    ;
; 0.500  ; 0.500        ; 0.000          ; High Pulse Width ; CLK   ; Rise       ; inst1|R1|inst|inst4|clk                    ;
; 0.500  ; 0.500        ; 0.000          ; Low Pulse Width  ; CLK   ; Rise       ; inst1|R1|inst|inst4|clk                    ;
; 0.500  ; 0.500        ; 0.000          ; High Pulse Width ; CLK   ; Rise       ; inst1|R1|inst|inst5|clk                    ;
; 0.500  ; 0.500        ; 0.000          ; Low Pulse Width  ; CLK   ; Rise       ; inst1|R1|inst|inst5|clk                    ;
; 0.500  ; 0.500        ; 0.000          ; High Pulse Width ; CLK   ; Rise       ; inst1|R1|inst|inst6|clk                    ;
; 0.500  ; 0.500        ; 0.000          ; Low Pulse Width  ; CLK   ; Rise       ; inst1|R1|inst|inst6|clk                    ;
; 0.500  ; 0.500        ; 0.000          ; High Pulse Width ; CLK   ; Rise       ; inst1|R1|inst|inst7|clk                    ;
; 0.500  ; 0.500        ; 0.000          ; Low Pulse Width  ; CLK   ; Rise       ; inst1|R1|inst|inst7|clk                    ;
; 0.500  ; 0.500        ; 0.000          ; High Pulse Width ; CLK   ; Rise       ; inst1|R1|inst|inst|clk                     ;
; 0.500  ; 0.500        ; 0.000          ; Low Pulse Width  ; CLK   ; Rise       ; inst1|R1|inst|inst|clk                     ;
; 0.500  ; 0.500        ; 0.000          ; High Pulse Width ; CLK   ; Rise       ; inst1|R2|inst|inst1|clk                    ;
; 0.500  ; 0.500        ; 0.000          ; Low Pulse Width  ; CLK   ; Rise       ; inst1|R2|inst|inst1|clk                    ;
; 0.500  ; 0.500        ; 0.000          ; High Pulse Width ; CLK   ; Rise       ; inst1|R2|inst|inst2|clk                    ;
; 0.500  ; 0.500        ; 0.000          ; Low Pulse Width  ; CLK   ; Rise       ; inst1|R2|inst|inst2|clk                    ;
; 0.500  ; 0.500        ; 0.000          ; High Pulse Width ; CLK   ; Rise       ; inst1|R2|inst|inst3|clk                    ;
; 0.500  ; 0.500        ; 0.000          ; Low Pulse Width  ; CLK   ; Rise       ; inst1|R2|inst|inst3|clk                    ;
; 0.500  ; 0.500        ; 0.000          ; High Pulse Width ; CLK   ; Rise       ; inst1|R2|inst|inst4|clk                    ;
; 0.500  ; 0.500        ; 0.000          ; Low Pulse Width  ; CLK   ; Rise       ; inst1|R2|inst|inst4|clk                    ;
; 0.500  ; 0.500        ; 0.000          ; High Pulse Width ; CLK   ; Rise       ; inst1|R2|inst|inst5|clk                    ;
; 0.500  ; 0.500        ; 0.000          ; Low Pulse Width  ; CLK   ; Rise       ; inst1|R2|inst|inst5|clk                    ;
; 0.500  ; 0.500        ; 0.000          ; High Pulse Width ; CLK   ; Rise       ; inst1|R2|inst|inst6|clk                    ;
; 0.500  ; 0.500        ; 0.000          ; Low Pulse Width  ; CLK   ; Rise       ; inst1|R2|inst|inst6|clk                    ;
; 0.500  ; 0.500        ; 0.000          ; High Pulse Width ; CLK   ; Rise       ; inst1|R2|inst|inst7|clk                    ;
; 0.500  ; 0.500        ; 0.000          ; Low Pulse Width  ; CLK   ; Rise       ; inst1|R2|inst|inst7|clk                    ;
; 0.500  ; 0.500        ; 0.000          ; High Pulse Width ; CLK   ; Rise       ; inst1|R2|inst|inst|clk                     ;
; 0.500  ; 0.500        ; 0.000          ; Low Pulse Width  ; CLK   ; Rise       ; inst1|R2|inst|inst|clk                     ;
; 0.500  ; 0.500        ; 0.000          ; High Pulse Width ; CLK   ; Rise       ; inst1|R3|inst|inst1|clk                    ;
; 0.500  ; 0.500        ; 0.000          ; Low Pulse Width  ; CLK   ; Rise       ; inst1|R3|inst|inst1|clk                    ;
; 0.500  ; 0.500        ; 0.000          ; High Pulse Width ; CLK   ; Rise       ; inst1|R3|inst|inst2|clk                    ;
; 0.500  ; 0.500        ; 0.000          ; Low Pulse Width  ; CLK   ; Rise       ; inst1|R3|inst|inst2|clk                    ;
; 0.500  ; 0.500        ; 0.000          ; High Pulse Width ; CLK   ; Rise       ; inst1|R3|inst|inst3|clk                    ;
; 0.500  ; 0.500        ; 0.000          ; Low Pulse Width  ; CLK   ; Rise       ; inst1|R3|inst|inst3|clk                    ;
; 0.500  ; 0.500        ; 0.000          ; High Pulse Width ; CLK   ; Rise       ; inst1|R3|inst|inst4|clk                    ;
; 0.500  ; 0.500        ; 0.000          ; Low Pulse Width  ; CLK   ; Rise       ; inst1|R3|inst|inst4|clk                    ;
; 0.500  ; 0.500        ; 0.000          ; High Pulse Width ; CLK   ; Rise       ; inst1|R3|inst|inst5|clk                    ;
+--------+--------------+----------------+------------------+-------+------------+--------------------------------------------+


+-------------------------------------------------------------------------+
; Setup Times                                                             ;
+-----------+------------+--------+--------+------------+-----------------+
; Data Port ; Clock Port ; Rise   ; Fall   ; Clock Edge ; Clock Reference ;
+-----------+------------+--------+--------+------------+-----------------+
; In1[*]    ; CLK        ; 2.094  ; 2.094  ; Rise       ; CLK             ;
;  In1[0]   ; CLK        ; 1.977  ; 1.977  ; Rise       ; CLK             ;
;  In1[1]   ; CLK        ; 2.036  ; 2.036  ; Rise       ; CLK             ;
;  In1[2]   ; CLK        ; 2.094  ; 2.094  ; Rise       ; CLK             ;
;  In1[3]   ; CLK        ; 1.957  ; 1.957  ; Rise       ; CLK             ;
;  In1[4]   ; CLK        ; 1.968  ; 1.968  ; Rise       ; CLK             ;
;  In1[5]   ; CLK        ; 2.091  ; 2.091  ; Rise       ; CLK             ;
;  In1[6]   ; CLK        ; 1.958  ; 1.958  ; Rise       ; CLK             ;
;  In1[7]   ; CLK        ; -0.245 ; -0.245 ; Rise       ; CLK             ;
; In2[*]    ; CLK        ; 2.390  ; 2.390  ; Rise       ; CLK             ;
;  In2[0]   ; CLK        ; 2.390  ; 2.390  ; Rise       ; CLK             ;
;  In2[1]   ; CLK        ; 2.123  ; 2.123  ; Rise       ; CLK             ;
;  In2[2]   ; CLK        ; 2.089  ; 2.089  ; Rise       ; CLK             ;
;  In2[3]   ; CLK        ; 1.911  ; 1.911  ; Rise       ; CLK             ;
;  In2[4]   ; CLK        ; 2.281  ; 2.281  ; Rise       ; CLK             ;
;  In2[5]   ; CLK        ; 2.068  ; 2.068  ; Rise       ; CLK             ;
;  In2[6]   ; CLK        ; 2.214  ; 2.214  ; Rise       ; CLK             ;
;  In2[7]   ; CLK        ; 2.038  ; 2.038  ; Rise       ; CLK             ;
; START     ; CLK        ; -0.503 ; -0.503 ; Rise       ; CLK             ;
+-----------+------------+--------+--------+------------+-----------------+


+-------------------------------------------------------------------------+
; Hold Times                                                              ;
+-----------+------------+--------+--------+------------+-----------------+
; Data Port ; Clock Port ; Rise   ; Fall   ; Clock Edge ; Clock Reference ;
+-----------+------------+--------+--------+------------+-----------------+
; In1[*]    ; CLK        ; 0.365  ; 0.365  ; Rise       ; CLK             ;
;  In1[0]   ; CLK        ; -1.857 ; -1.857 ; Rise       ; CLK             ;
;  In1[1]   ; CLK        ; -1.916 ; -1.916 ; Rise       ; CLK             ;
;  In1[2]   ; CLK        ; -1.974 ; -1.974 ; Rise       ; CLK             ;
;  In1[3]   ; CLK        ; -1.837 ; -1.837 ; Rise       ; CLK             ;
;  In1[4]   ; CLK        ; -1.848 ; -1.848 ; Rise       ; CLK             ;
;  In1[5]   ; CLK        ; -1.971 ; -1.971 ; Rise       ; CLK             ;
;  In1[6]   ; CLK        ; -1.838 ; -1.838 ; Rise       ; CLK             ;
;  In1[7]   ; CLK        ; 0.365  ; 0.365  ; Rise       ; CLK             ;
; In2[*]    ; CLK        ; -1.791 ; -1.791 ; Rise       ; CLK             ;
;  In2[0]   ; CLK        ; -2.270 ; -2.270 ; Rise       ; CLK             ;
;  In2[1]   ; CLK        ; -2.003 ; -2.003 ; Rise       ; CLK             ;
;  In2[2]   ; CLK        ; -1.969 ; -1.969 ; Rise       ; CLK             ;
;  In2[3]   ; CLK        ; -1.791 ; -1.791 ; Rise       ; CLK             ;
;  In2[4]   ; CLK        ; -2.161 ; -2.161 ; Rise       ; CLK             ;
;  In2[5]   ; CLK        ; -1.948 ; -1.948 ; Rise       ; CLK             ;
;  In2[6]   ; CLK        ; -2.094 ; -2.094 ; Rise       ; CLK             ;
;  In2[7]   ; CLK        ; -1.918 ; -1.918 ; Rise       ; CLK             ;
; START     ; CLK        ; 0.636  ; 0.636  ; Rise       ; CLK             ;
+-----------+------------+--------+--------+------------+-----------------+


+-----------------------------------------------------------------------+
; Clock to Output Times                                                 ;
+-----------+------------+-------+-------+------------+-----------------+
; Data Port ; Clock Port ; Rise  ; Fall  ; Clock Edge ; Clock Reference ;
+-----------+------------+-------+-------+------------+-----------------+
; DONE      ; CLK        ; 4.475 ; 4.475 ; Rise       ; CLK             ;
; Res[*]    ; CLK        ; 4.019 ; 4.019 ; Rise       ; CLK             ;
;  Res[0]   ; CLK        ; 3.868 ; 3.868 ; Rise       ; CLK             ;
;  Res[1]   ; CLK        ; 3.671 ; 3.671 ; Rise       ; CLK             ;
;  Res[2]   ; CLK        ; 3.754 ; 3.754 ; Rise       ; CLK             ;
;  Res[3]   ; CLK        ; 3.657 ; 3.657 ; Rise       ; CLK             ;
;  Res[4]   ; CLK        ; 4.019 ; 4.019 ; Rise       ; CLK             ;
;  Res[5]   ; CLK        ; 3.638 ; 3.638 ; Rise       ; CLK             ;
;  Res[6]   ; CLK        ; 3.836 ; 3.836 ; Rise       ; CLK             ;
;  Res[7]   ; CLK        ; 3.925 ; 3.925 ; Rise       ; CLK             ;
+-----------+------------+-------+-------+------------+-----------------+


+-----------------------------------------------------------------------+
; Minimum Clock to Output Times                                         ;
+-----------+------------+-------+-------+------------+-----------------+
; Data Port ; Clock Port ; Rise  ; Fall  ; Clock Edge ; Clock Reference ;
+-----------+------------+-------+-------+------------+-----------------+
; DONE      ; CLK        ; 4.204 ; 4.204 ; Rise       ; CLK             ;
; Res[*]    ; CLK        ; 3.638 ; 3.638 ; Rise       ; CLK             ;
;  Res[0]   ; CLK        ; 3.868 ; 3.868 ; Rise       ; CLK             ;
;  Res[1]   ; CLK        ; 3.671 ; 3.671 ; Rise       ; CLK             ;
;  Res[2]   ; CLK        ; 3.754 ; 3.754 ; Rise       ; CLK             ;
;  Res[3]   ; CLK        ; 3.657 ; 3.657 ; Rise       ; CLK             ;
;  Res[4]   ; CLK        ; 4.019 ; 4.019 ; Rise       ; CLK             ;
;  Res[5]   ; CLK        ; 3.638 ; 3.638 ; Rise       ; CLK             ;
;  Res[6]   ; CLK        ; 3.836 ; 3.836 ; Rise       ; CLK             ;
;  Res[7]   ; CLK        ; 3.925 ; 3.925 ; Rise       ; CLK             ;
+-----------+------------+-------+-------+------------+-----------------+


+----------------------------------------------------------------------+
; Output Enable Times                                                  ;
+-----------+------------+-------+------+------------+-----------------+
; Data Port ; Clock Port ; Rise  ; Fall ; Clock Edge ; Clock Reference ;
+-----------+------------+-------+------+------------+-----------------+
; Res[*]    ; CLK        ; 4.325 ;      ; Rise       ; CLK             ;
;  Res[0]   ; CLK        ; 4.445 ;      ; Rise       ; CLK             ;
;  Res[1]   ; CLK        ; 4.448 ;      ; Rise       ; CLK             ;
;  Res[2]   ; CLK        ; 4.355 ;      ; Rise       ; CLK             ;
;  Res[3]   ; CLK        ; 4.355 ;      ; Rise       ; CLK             ;
;  Res[4]   ; CLK        ; 4.448 ;      ; Rise       ; CLK             ;
;  Res[5]   ; CLK        ; 4.428 ;      ; Rise       ; CLK             ;
;  Res[6]   ; CLK        ; 4.325 ;      ; Rise       ; CLK             ;
;  Res[7]   ; CLK        ; 4.325 ;      ; Rise       ; CLK             ;
+-----------+------------+-------+------+------------+-----------------+


+----------------------------------------------------------------------+
; Minimum Output Enable Times                                          ;
+-----------+------------+-------+------+------------+-----------------+
; Data Port ; Clock Port ; Rise  ; Fall ; Clock Edge ; Clock Reference ;
+-----------+------------+-------+------+------------+-----------------+
; Res[*]    ; CLK        ; 4.054 ;      ; Rise       ; CLK             ;
;  Res[0]   ; CLK        ; 4.174 ;      ; Rise       ; CLK             ;
;  Res[1]   ; CLK        ; 4.177 ;      ; Rise       ; CLK             ;
;  Res[2]   ; CLK        ; 4.084 ;      ; Rise       ; CLK             ;
;  Res[3]   ; CLK        ; 4.084 ;      ; Rise       ; CLK             ;
;  Res[4]   ; CLK        ; 4.177 ;      ; Rise       ; CLK             ;
;  Res[5]   ; CLK        ; 4.157 ;      ; Rise       ; CLK             ;
;  Res[6]   ; CLK        ; 4.054 ;      ; Rise       ; CLK             ;
;  Res[7]   ; CLK        ; 4.054 ;      ; Rise       ; CLK             ;
+-----------+------------+-------+------+------------+-----------------+


+-------------------------------------------------------------------------------+
; Output Disable Times                                                          ;
+-----------+------------+-----------+-----------+------------+-----------------+
; Data Port ; Clock Port ; 0 to Hi-Z ; 1 to Hi-Z ; Clock Edge ; Clock Reference ;
+-----------+------------+-----------+-----------+------------+-----------------+
; Res[*]    ; CLK        ; 4.325     ;           ; Rise       ; CLK             ;
;  Res[0]   ; CLK        ; 4.445     ;           ; Rise       ; CLK             ;
;  Res[1]   ; CLK        ; 4.448     ;           ; Rise       ; CLK             ;
;  Res[2]   ; CLK        ; 4.355     ;           ; Rise       ; CLK             ;
;  Res[3]   ; CLK        ; 4.355     ;           ; Rise       ; CLK             ;
;  Res[4]   ; CLK        ; 4.448     ;           ; Rise       ; CLK             ;
;  Res[5]   ; CLK        ; 4.428     ;           ; Rise       ; CLK             ;
;  Res[6]   ; CLK        ; 4.325     ;           ; Rise       ; CLK             ;
;  Res[7]   ; CLK        ; 4.325     ;           ; Rise       ; CLK             ;
+-----------+------------+-----------+-----------+------------+-----------------+


+-------------------------------------------------------------------------------+
; Minimum Output Disable Times                                                  ;
+-----------+------------+-----------+-----------+------------+-----------------+
; Data Port ; Clock Port ; 0 to Hi-Z ; 1 to Hi-Z ; Clock Edge ; Clock Reference ;
+-----------+------------+-----------+-----------+------------+-----------------+
; Res[*]    ; CLK        ; 4.054     ;           ; Rise       ; CLK             ;
;  Res[0]   ; CLK        ; 4.174     ;           ; Rise       ; CLK             ;
;  Res[1]   ; CLK        ; 4.177     ;           ; Rise       ; CLK             ;
;  Res[2]   ; CLK        ; 4.084     ;           ; Rise       ; CLK             ;
;  Res[3]   ; CLK        ; 4.084     ;           ; Rise       ; CLK             ;
;  Res[4]   ; CLK        ; 4.177     ;           ; Rise       ; CLK             ;
;  Res[5]   ; CLK        ; 4.157     ;           ; Rise       ; CLK             ;
;  Res[6]   ; CLK        ; 4.054     ;           ; Rise       ; CLK             ;
;  Res[7]   ; CLK        ; 4.054     ;           ; Rise       ; CLK             ;
+-----------+------------+-----------+-----------+------------+-----------------+


+--------------------------------------------------------------------------------+
; Multicorner Timing Analysis Summary                                            ;
+------------------+----------+-------+----------+---------+---------------------+
; Clock            ; Setup    ; Hold  ; Recovery ; Removal ; Minimum Pulse Width ;
+------------------+----------+-------+----------+---------+---------------------+
; Worst-case Slack ; -5.864   ; 0.215 ; N/A      ; N/A     ; -1.380              ;
;  CLK             ; -5.864   ; 0.215 ; N/A      ; N/A     ; -1.380              ;
; Design-wide TNS  ; -108.855 ; 0.0   ; 0.0      ; 0.0     ; -27.38              ;
;  CLK             ; -108.855 ; 0.000 ; N/A      ; N/A     ; -27.380             ;
+------------------+----------+-------+----------+---------+---------------------+


+-------------------------------------------------------------------------+
; Setup Times                                                             ;
+-----------+------------+--------+--------+------------+-----------------+
; Data Port ; Clock Port ; Rise   ; Fall   ; Clock Edge ; Clock Reference ;
+-----------+------------+--------+--------+------------+-----------------+
; In1[*]    ; CLK        ; 3.979  ; 3.979  ; Rise       ; CLK             ;
;  In1[0]   ; CLK        ; 3.718  ; 3.718  ; Rise       ; CLK             ;
;  In1[1]   ; CLK        ; 3.891  ; 3.891  ; Rise       ; CLK             ;
;  In1[2]   ; CLK        ; 3.979  ; 3.979  ; Rise       ; CLK             ;
;  In1[3]   ; CLK        ; 3.724  ; 3.724  ; Rise       ; CLK             ;
;  In1[4]   ; CLK        ; 3.731  ; 3.731  ; Rise       ; CLK             ;
;  In1[5]   ; CLK        ; 3.955  ; 3.955  ; Rise       ; CLK             ;
;  In1[6]   ; CLK        ; 3.729  ; 3.729  ; Rise       ; CLK             ;
;  In1[7]   ; CLK        ; 0.287  ; 0.287  ; Rise       ; CLK             ;
; In2[*]    ; CLK        ; 4.614  ; 4.614  ; Rise       ; CLK             ;
;  In2[0]   ; CLK        ; 4.614  ; 4.614  ; Rise       ; CLK             ;
;  In2[1]   ; CLK        ; 4.115  ; 4.115  ; Rise       ; CLK             ;
;  In2[2]   ; CLK        ; 4.043  ; 4.043  ; Rise       ; CLK             ;
;  In2[3]   ; CLK        ; 3.616  ; 3.616  ; Rise       ; CLK             ;
;  In2[4]   ; CLK        ; 4.436  ; 4.436  ; Rise       ; CLK             ;
;  In2[5]   ; CLK        ; 3.989  ; 3.989  ; Rise       ; CLK             ;
;  In2[6]   ; CLK        ; 4.306  ; 4.306  ; Rise       ; CLK             ;
;  In2[7]   ; CLK        ; 3.932  ; 3.932  ; Rise       ; CLK             ;
; START     ; CLK        ; -0.370 ; -0.370 ; Rise       ; CLK             ;
+-----------+------------+--------+--------+------------+-----------------+


+-------------------------------------------------------------------------+
; Hold Times                                                              ;
+-----------+------------+--------+--------+------------+-----------------+
; Data Port ; Clock Port ; Rise   ; Fall   ; Clock Edge ; Clock Reference ;
+-----------+------------+--------+--------+------------+-----------------+
; In1[*]    ; CLK        ; 0.365  ; 0.365  ; Rise       ; CLK             ;
;  In1[0]   ; CLK        ; -1.857 ; -1.857 ; Rise       ; CLK             ;
;  In1[1]   ; CLK        ; -1.916 ; -1.916 ; Rise       ; CLK             ;
;  In1[2]   ; CLK        ; -1.974 ; -1.974 ; Rise       ; CLK             ;
;  In1[3]   ; CLK        ; -1.837 ; -1.837 ; Rise       ; CLK             ;
;  In1[4]   ; CLK        ; -1.848 ; -1.848 ; Rise       ; CLK             ;
;  In1[5]   ; CLK        ; -1.971 ; -1.971 ; Rise       ; CLK             ;
;  In1[6]   ; CLK        ; -1.838 ; -1.838 ; Rise       ; CLK             ;
;  In1[7]   ; CLK        ; 0.365  ; 0.365  ; Rise       ; CLK             ;
; In2[*]    ; CLK        ; -1.791 ; -1.791 ; Rise       ; CLK             ;
;  In2[0]   ; CLK        ; -2.270 ; -2.270 ; Rise       ; CLK             ;
;  In2[1]   ; CLK        ; -2.003 ; -2.003 ; Rise       ; CLK             ;
;  In2[2]   ; CLK        ; -1.969 ; -1.969 ; Rise       ; CLK             ;
;  In2[3]   ; CLK        ; -1.791 ; -1.791 ; Rise       ; CLK             ;
;  In2[4]   ; CLK        ; -2.161 ; -2.161 ; Rise       ; CLK             ;
;  In2[5]   ; CLK        ; -1.948 ; -1.948 ; Rise       ; CLK             ;
;  In2[6]   ; CLK        ; -2.094 ; -2.094 ; Rise       ; CLK             ;
;  In2[7]   ; CLK        ; -1.918 ; -1.918 ; Rise       ; CLK             ;
; START     ; CLK        ; 0.636  ; 0.636  ; Rise       ; CLK             ;
+-----------+------------+--------+--------+------------+-----------------+


+-----------------------------------------------------------------------+
; Clock to Output Times                                                 ;
+-----------+------------+-------+-------+------------+-----------------+
; Data Port ; Clock Port ; Rise  ; Fall  ; Clock Edge ; Clock Reference ;
+-----------+------------+-------+-------+------------+-----------------+
; DONE      ; CLK        ; 8.256 ; 8.256 ; Rise       ; CLK             ;
; Res[*]    ; CLK        ; 7.116 ; 7.116 ; Rise       ; CLK             ;
;  Res[0]   ; CLK        ; 6.861 ; 6.861 ; Rise       ; CLK             ;
;  Res[1]   ; CLK        ; 6.419 ; 6.419 ; Rise       ; CLK             ;
;  Res[2]   ; CLK        ; 6.597 ; 6.597 ; Rise       ; CLK             ;
;  Res[3]   ; CLK        ; 6.382 ; 6.382 ; Rise       ; CLK             ;
;  Res[4]   ; CLK        ; 7.116 ; 7.116 ; Rise       ; CLK             ;
;  Res[5]   ; CLK        ; 6.367 ; 6.367 ; Rise       ; CLK             ;
;  Res[6]   ; CLK        ; 6.830 ; 6.830 ; Rise       ; CLK             ;
;  Res[7]   ; CLK        ; 6.966 ; 6.966 ; Rise       ; CLK             ;
+-----------+------------+-------+-------+------------+-----------------+


+-----------------------------------------------------------------------+
; Minimum Clock to Output Times                                         ;
+-----------+------------+-------+-------+------------+-----------------+
; Data Port ; Clock Port ; Rise  ; Fall  ; Clock Edge ; Clock Reference ;
+-----------+------------+-------+-------+------------+-----------------+
; DONE      ; CLK        ; 4.204 ; 4.204 ; Rise       ; CLK             ;
; Res[*]    ; CLK        ; 3.638 ; 3.638 ; Rise       ; CLK             ;
;  Res[0]   ; CLK        ; 3.868 ; 3.868 ; Rise       ; CLK             ;
;  Res[1]   ; CLK        ; 3.671 ; 3.671 ; Rise       ; CLK             ;
;  Res[2]   ; CLK        ; 3.754 ; 3.754 ; Rise       ; CLK             ;
;  Res[3]   ; CLK        ; 3.657 ; 3.657 ; Rise       ; CLK             ;
;  Res[4]   ; CLK        ; 4.019 ; 4.019 ; Rise       ; CLK             ;
;  Res[5]   ; CLK        ; 3.638 ; 3.638 ; Rise       ; CLK             ;
;  Res[6]   ; CLK        ; 3.836 ; 3.836 ; Rise       ; CLK             ;
;  Res[7]   ; CLK        ; 3.925 ; 3.925 ; Rise       ; CLK             ;
+-----------+------------+-------+-------+------------+-----------------+


+-------------------------------------------------------------------+
; Setup Transfers                                                   ;
+------------+----------+----------+----------+----------+----------+
; From Clock ; To Clock ; RR Paths ; FR Paths ; RF Paths ; FF Paths ;
+------------+----------+----------+----------+----------+----------+
; CLK        ; CLK      ; 5376     ; 0        ; 0        ; 0        ;
+------------+----------+----------+----------+----------+----------+
Entries labeled "false path" only account for clock-to-clock false paths and not path-based false paths. As a result, actual path counts may be lower than reported.


+-------------------------------------------------------------------+
; Hold Transfers                                                    ;
+------------+----------+----------+----------+----------+----------+
; From Clock ; To Clock ; RR Paths ; FR Paths ; RF Paths ; FF Paths ;
+------------+----------+----------+----------+----------+----------+
; CLK        ; CLK      ; 5376     ; 0        ; 0        ; 0        ;
+------------+----------+----------+----------+----------+----------+
Entries labeled "false path" only account for clock-to-clock false paths and not path-based false paths. As a result, actual path counts may be lower than reported.


---------------
; Report TCCS ;
---------------
No dedicated SERDES Transmitter circuitry present in device or used in design


---------------
; Report RSKM ;
---------------
No dedicated SERDES Receiver circuitry present in device or used in design


+------------------------------------------------+
; Unconstrained Paths                            ;
+---------------------------------+-------+------+
; Property                        ; Setup ; Hold ;
+---------------------------------+-------+------+
; Illegal Clocks                  ; 0     ; 0    ;
; Unconstrained Clocks            ; 0     ; 0    ;
; Unconstrained Input Ports       ; 17    ; 17   ;
; Unconstrained Input Port Paths  ; 18    ; 18   ;
; Unconstrained Output Ports      ; 9     ; 9    ;
; Unconstrained Output Port Paths ; 35    ; 35   ;
+---------------------------------+-------+------+


+------------------------------------+
; TimeQuest Timing Analyzer Messages ;
+------------------------------------+
Info: *******************************************************************
Info: Running Quartus II 64-Bit TimeQuest Timing Analyzer
    Info: Version 13.0.1 Build 232 06/12/2013 Service Pack 1 SJ Web Edition
    Info: Processing started: Sun Dec 14 14:37:23 2025
Info: Command: quartus_sta OM -c OM
Info: qsta_default_script.tcl version: #1
Warning (20028): Parallel compilation is not licensed and has been disabled
Info (21077): Low junction temperature is 0 degrees C
Info (21077): High junction temperature is 85 degrees C
Critical Warning (332012): Synopsys Design Constraints File file not found: 'OM.sdc'. A Synopsys Design Constraints File is required by the TimeQuest Timing Analyzer to get proper timing constraints. Without it, the Compiler will not properly optimize the design.
Info (332142): No user constrained base clocks found in the design. Calling "derive_clocks -period 1.0"
Info (332105): Deriving Clocks
    Info (332105): create_clock -period 1.000 -name CLK CLK
Info: Found TIMEQUEST_REPORT_SCRIPT_INCLUDE_DEFAULT_ANALYSIS = ON
Info: Analyzing Slow Model
Critical Warning (332148): Timing requirements not met
Info (332146): Worst-case setup slack is -5.864
    Info (332119):     Slack End Point TNS Clock 
    Info (332119): ========= ============= =====================
    Info (332119):    -5.864      -108.855 CLK 
Info (332146): Worst-case hold slack is 0.391
    Info (332119):     Slack End Point TNS Clock 
    Info (332119): ========= ============= =====================
    Info (332119):     0.391         0.000 CLK 
Info (332140): No Recovery paths to report
Info (332140): No Removal paths to report
Info (332146): Worst-case minimum pulse width slack is -1.380
    Info (332119):     Slack End Point TNS Clock 
    Info (332119): ========= ============= =====================
    Info (332119):    -1.380       -27.380 CLK 
Info (332001): The selected device family is not supported by the report_metastability command.
Info: Analyzing Fast Model
Critical Warning (332148): Timing requirements not met
Info (332146): Worst-case setup slack is -1.992
    Info (332119):     Slack End Point TNS Clock 
    Info (332119): ========= ============= =====================
    Info (332119):    -1.992       -34.473 CLK 
Info (332146): Worst-case hold slack is 0.215
    Info (332119):     Slack End Point TNS Clock 
    Info (332119): ========= ============= =====================
    Info (332119):     0.215         0.000 CLK 
Info (332140): No Recovery paths to report
Info (332140): No Removal paths to report
Info (332146): Worst-case minimum pulse width slack is -1.380
    Info (332119):     Slack End Point TNS Clock 
    Info (332119): ========= ============= =====================
    Info (332119):    -1.380       -27.380 CLK 
Info (332001): The selected device family is not supported by the report_metastability command.
Info (332102): Design is not fully constrained for setup requirements
Info (332102): Design is not fully constrained for hold requirements
Info: Quartus II 64-Bit TimeQuest Timing Analyzer was successful. 0 errors, 4 warnings
    Info: Peak virtual memory: 4556 megabytes
    Info: Processing ended: Sun Dec 14 14:37:24 2025
    Info: Elapsed time: 00:00:01
    Info: Total CPU time (on all processors): 00:00:01


