Simulator report for PD
Thu Dec 18 23:48:57 2025
Quartus II 64-Bit Version 13.0.1 Build 232 06/12/2013 Service Pack 1 SJ Web Edition


---------------------
; Table of Contents ;
---------------------
  1. Legal Notice
  2. Simulator Summary
  3. Simulator Settings
  4. Simulation Waveforms
  5. Coverage Summary
  6. Complete 1/0-Value Coverage
  7. Missing 1-Value Coverage
  8. Missing 0-Value Coverage
  9. Simulator INI Usage
 10. Simulator Messages



----------------
; Legal Notice ;
----------------
Copyright (C) 1991-2013 Altera Corporation
Your use of Altera Corporation's design tools, logic functions 
and other software and tools, and its AMPP partner logic 
functions, and any output files from any of the foregoing 
(including device programming or simulation files), and any 
associated documentation or information are expressly subject 
to the terms and conditions of the Altera Program License 
Subscription Agreement, Altera MegaCore Function License 
Agreement, or other applicable license agreement, including, 
without limitation, that your use is for the sole purpose of 
programming logic devices manufactured by Altera and sold by 
Altera or its authorized distributors.  Please refer to the 
applicable agreement for further details.



+--------------------------------------------+
; Simulator Summary                          ;
+-----------------------------+--------------+
; Type                        ; Value        ;
+-----------------------------+--------------+
; Simulation Start Time       ; 0 ps         ;
; Simulation End Time         ; 640.0 ns     ;
; Simulation Netlist Size     ; 4121 nodes   ;
; Simulation Coverage         ;      39.68 % ;
; Total Number of Transitions ; 51429        ;
; Simulation Breakpoints      ; 0            ;
; Family                      ; Cyclone II   ;
+-----------------------------+--------------+


+-----------------------------------------------------------------------------------------------------------------------------------------------------------------------------+
; Simulator Settings                                                                                                                                                          ;
+--------------------------------------------------------------------------------------------+----------------------------------------------------------------+---------------+
; Option                                                                                     ; Setting                                                        ; Default Value ;
+--------------------------------------------------------------------------------------------+----------------------------------------------------------------+---------------+
; Simulation mode                                                                            ; Functional                                                     ; Timing        ;
; Start time                                                                                 ; 0 ns                                                           ; 0 ns          ;
; Simulation results format                                                                  ; VWF                                                            ;               ;
; Vector input source                                                                        ; D:/HK5/CE118_DigitalLogicDesign/CircuitDesign/P-DStack/PDw.vwf ;               ;
; Add pins automatically to simulation output waveforms                                      ; On                                                             ; On            ;
; Check outputs                                                                              ; Off                                                            ; Off           ;
; Report simulation coverage                                                                 ; On                                                             ; On            ;
; Display complete 1/0 value coverage report                                                 ; On                                                             ; On            ;
; Display missing 1-value coverage report                                                    ; On                                                             ; On            ;
; Display missing 0-value coverage report                                                    ; On                                                             ; On            ;
; Detect setup and hold time violations                                                      ; Off                                                            ; Off           ;
; Detect glitches                                                                            ; Off                                                            ; Off           ;
; Disable timing delays in Timing Simulation                                                 ; Off                                                            ; Off           ;
; Generate Signal Activity File                                                              ; Off                                                            ; Off           ;
; Generate VCD File for PowerPlay Power Analyzer                                             ; Off                                                            ; Off           ;
; Group bus channels in simulation results                                                   ; Off                                                            ; Off           ;
; Preserve fewer signal transitions to reduce memory requirements                            ; On                                                             ; On            ;
; Trigger vector comparison with the specified mode                                          ; INPUT_EDGE                                                     ; INPUT_EDGE    ;
; Disable setup and hold time violations detection in input registers of bi-directional pins ; Off                                                            ; Off           ;
; Overwrite Waveform Inputs With Simulation Outputs                                          ; Off                                                            ;               ;
; Perform Glitch Filtering in Timing Simulation                                              ; Auto                                                           ; Auto          ;
+--------------------------------------------------------------------------------------------+----------------------------------------------------------------+---------------+


+----------------------+
; Simulation Waveforms ;
+----------------------+
Waveform report data cannot be output to ASCII.
Please use Quartus II 64-Bit to view the waveform report data.


+--------------------------------------------------------------------+
; Coverage Summary                                                   ;
+-----------------------------------------------------+--------------+
; Type                                                ; Value        ;
+-----------------------------------------------------+--------------+
; Total coverage as a percentage                      ;      39.68 % ;
; Total nodes checked                                 ; 4121         ;
; Total output ports checked                          ; 4153         ;
; Total output ports with complete 1/0-value coverage ; 1648         ;
; Total output ports with no 1/0-value coverage       ; 1243         ;
; Total output ports with no 1-value coverage         ; 2417         ;
; Total output ports with no 0-value coverage         ; 1331         ;
+-----------------------------------------------------+--------------+


The following table displays output ports that toggle between 1 and 0 during simulation.
+--------------------------------------------------------------------------------------------------------------------------------------------------------+
; Complete 1/0-Value Coverage                                                                                                                            ;
+------------------------------------------------------------------+------------------------------------------------------------------+------------------+
; Node Name                                                        ; Output Port Name                                                 ; Output Port Type ;
+------------------------------------------------------------------+------------------------------------------------------------------+------------------+
; |PD|Empty                                                        ; |PD|Empty                                                        ; pin_out          ;
; |PD|CLK                                                          ; |PD|CLK                                                          ; out              ;
; |PD|Full                                                         ; |PD|Full                                                         ; pin_out          ;
; |PD|IO[5]                                                        ; |PD|IO[5]~result                                                 ; pin_out          ;
; |PD|IO[4]                                                        ; |PD|IO[4]                                                        ; out              ;
; |PD|IO[4]                                                        ; |PD|IO[4]~result                                                 ; pin_out          ;
; |PD|IO[3]                                                        ; |PD|IO[3]                                                        ; out              ;
; |PD|IO[3]                                                        ; |PD|IO[3]~result                                                 ; pin_out          ;
; |PD|IO[2]                                                        ; |PD|IO[2]                                                        ; out              ;
; |PD|IO[2]                                                        ; |PD|IO[2]~result                                                 ; pin_out          ;
; |PD|IO[1]                                                        ; |PD|IO[1]                                                        ; out              ;
; |PD|IO[1]                                                        ; |PD|IO[1]~result                                                 ; pin_out          ;
; |PD|IO[0]                                                        ; |PD|IO[0]                                                        ; out              ;
; |PD|IO[0]                                                        ; |PD|IO[0]~result                                                 ; pin_out          ;
; |PD|IO~26                                                        ; |PD|IO~26                                                        ; out0             ;
; |PD|IO~27                                                        ; |PD|IO~27                                                        ; out0             ;
; |PD|IO~28                                                        ; |PD|IO~28                                                        ; out0             ;
; |PD|IO~29                                                        ; |PD|IO~29                                                        ; out0             ;
; |PD|IO~30                                                        ; |PD|IO~30                                                        ; out0             ;
; |PD|IO~31                                                        ; |PD|IO~31                                                        ; out0             ;
; |PD|TOP-1:inst7|inst                                             ; |PD|TOP-1:inst7|inst                                             ; regout           ;
; |PD|TOP-1:inst7|inst5                                            ; |PD|TOP-1:inst7|inst5                                            ; out0             ;
; |PD|TOP-1:inst7|inst13                                           ; |PD|TOP-1:inst7|inst13                                           ; out0             ;
; |PD|TOP-1:inst7|inst14                                           ; |PD|TOP-1:inst7|inst14                                           ; out0             ;
; |PD|TOP-1:inst7|inst1                                            ; |PD|TOP-1:inst7|inst1                                            ; regout           ;
; |PD|TOP-1:inst7|inst40                                           ; |PD|TOP-1:inst7|inst40                                           ; out0             ;
; |PD|TOP-1:inst7|inst10                                           ; |PD|TOP-1:inst7|inst10                                           ; out0             ;
; |PD|TOP-1:inst7|inst15                                           ; |PD|TOP-1:inst7|inst15                                           ; out0             ;
; |PD|TOP-1:inst7|inst22                                           ; |PD|TOP-1:inst7|inst22                                           ; out0             ;
; |PD|TOP-1:inst7|inst21                                           ; |PD|TOP-1:inst7|inst21                                           ; out0             ;
; |PD|TOP-1:inst7|inst2                                            ; |PD|TOP-1:inst7|inst2                                            ; regout           ;
; |PD|TOP-1:inst7|inst41                                           ; |PD|TOP-1:inst7|inst41                                           ; out0             ;
; |PD|TOP-1:inst7|inst11                                           ; |PD|TOP-1:inst7|inst11                                           ; out0             ;
; |PD|TOP-1:inst7|inst16                                           ; |PD|TOP-1:inst7|inst16                                           ; out0             ;
; |PD|TOP-1:inst7|inst24                                           ; |PD|TOP-1:inst7|inst24                                           ; out0             ;
; |PD|TOP-1:inst7|inst23                                           ; |PD|TOP-1:inst7|inst23                                           ; out0             ;
; |PD|TOP-1:inst7|inst3                                            ; |PD|TOP-1:inst7|inst3                                            ; regout           ;
; |PD|TOP-1:inst7|inst43                                           ; |PD|TOP-1:inst7|inst43                                           ; out0             ;
; |PD|TOP-1:inst7|inst12                                           ; |PD|TOP-1:inst7|inst12                                           ; out0             ;
; |PD|TOP-1:inst7|inst35                                           ; |PD|TOP-1:inst7|inst35                                           ; out0             ;
; |PD|TOP-1:inst7|inst4                                            ; |PD|TOP-1:inst7|inst4                                            ; regout           ;
; |PD|TOP-1:inst7|inst38                                           ; |PD|TOP-1:inst7|inst38                                           ; out0             ;
; |PD|TOP-1:inst7|inst20                                           ; |PD|TOP-1:inst7|inst20                                           ; out0             ;
; |PD|TOP-1:inst7|inst19                                           ; |PD|TOP-1:inst7|inst19                                           ; out0             ;
; |PD|5mux21:inst8|inst[4]                                         ; |PD|5mux21:inst8|inst[4]                                         ; out0             ;
; |PD|5mux21:inst8|inst[3]                                         ; |PD|5mux21:inst8|inst[3]                                         ; out0             ;
; |PD|5mux21:inst8|inst[2]                                         ; |PD|5mux21:inst8|inst[2]                                         ; out0             ;
; |PD|5mux21:inst8|inst[1]                                         ; |PD|5mux21:inst8|inst[1]                                         ; out0             ;
; |PD|5mux21:inst8|inst[0]                                         ; |PD|5mux21:inst8|inst[0]                                         ; out0             ;
; |PD|5mux21:inst8|inst2[4]                                        ; |PD|5mux21:inst8|inst2[4]                                        ; out0             ;
; |PD|5mux21:inst8|inst2[3]                                        ; |PD|5mux21:inst8|inst2[3]                                        ; out0             ;
; |PD|5mux21:inst8|inst2[2]                                        ; |PD|5mux21:inst8|inst2[2]                                        ; out0             ;
; |PD|5mux21:inst8|inst2[1]                                        ; |PD|5mux21:inst8|inst2[1]                                        ; out0             ;
; |PD|5mux21:inst8|inst2[0]                                        ; |PD|5mux21:inst8|inst2[0]                                        ; out0             ;
; |PD|5mux21:inst8|inst1[4]                                        ; |PD|5mux21:inst8|inst1[4]                                        ; out0             ;
; |PD|5mux21:inst8|inst1[3]                                        ; |PD|5mux21:inst8|inst1[3]                                        ; out0             ;
; |PD|5mux21:inst8|inst1[2]                                        ; |PD|5mux21:inst8|inst1[2]                                        ; out0             ;
; |PD|5mux21:inst8|inst1[1]                                        ; |PD|5mux21:inst8|inst1[1]                                        ; out0             ;
; |PD|5mux21:inst8|inst1[0]                                        ; |PD|5mux21:inst8|inst1[0]                                        ; out0             ;
; |PD|ram:inst|4x32ram:inst7|4x4ram:inst8|inst20                   ; |PD|ram:inst|4x32ram:inst7|4x4ram:inst8|inst20                   ; out              ;
; |PD|ram:inst|4x32ram:inst7|4x4ram:inst8|IN~0                     ; |PD|ram:inst|4x32ram:inst7|4x4ram:inst8|IN~0                     ; out0             ;
; |PD|ram:inst|4x32ram:inst7|4x4ram:inst8|inst18                   ; |PD|ram:inst|4x32ram:inst7|4x4ram:inst8|inst18                   ; out0             ;
; |PD|ram:inst|4x32ram:inst7|4x4ram:inst8|inst21                   ; |PD|ram:inst|4x32ram:inst7|4x4ram:inst8|inst21                   ; out              ;
; |PD|ram:inst|4x32ram:inst7|4x4ram:inst8|IN~1                     ; |PD|ram:inst|4x32ram:inst7|4x4ram:inst8|IN~1                     ; out0             ;
; |PD|ram:inst|4x32ram:inst7|4x4ram:inst8|inst22                   ; |PD|ram:inst|4x32ram:inst7|4x4ram:inst8|inst22                   ; out              ;
; |PD|ram:inst|4x32ram:inst7|4x4ram:inst8|IN~2                     ; |PD|ram:inst|4x32ram:inst7|4x4ram:inst8|IN~2                     ; out0             ;
; |PD|ram:inst|4x32ram:inst7|4x4ram:inst8|memory_cell:inst3|inst4  ; |PD|ram:inst|4x32ram:inst7|4x4ram:inst8|memory_cell:inst3|inst4  ; out0             ;
; |PD|ram:inst|4x32ram:inst7|4x4ram:inst8|memory_cell:inst5|inst4  ; |PD|ram:inst|4x32ram:inst7|4x4ram:inst8|memory_cell:inst5|inst4  ; out0             ;
; |PD|ram:inst|4x32ram:inst7|4x4ram:inst8|memory_cell:inst7|inst4  ; |PD|ram:inst|4x32ram:inst7|4x4ram:inst8|memory_cell:inst7|inst4  ; out0             ;
; |PD|ram:inst|4x32ram:inst7|4x4ram:inst8|memory_cell:inst1|inst4  ; |PD|ram:inst|4x32ram:inst7|4x4ram:inst8|memory_cell:inst1|inst4  ; out0             ;
; |PD|ram:inst|4x32ram:inst7|4x4ram:inst8|memory_cell:inst16|inst4 ; |PD|ram:inst|4x32ram:inst7|4x4ram:inst8|memory_cell:inst16|inst4 ; out0             ;
; |PD|ram:inst|4x32ram:inst7|4x4ram:inst8|memory_cell:inst14|inst3 ; |PD|ram:inst|4x32ram:inst7|4x4ram:inst8|memory_cell:inst14|inst3 ; out              ;
; |PD|ram:inst|4x32ram:inst7|4x4ram:inst8|memory_cell:inst14|inst4 ; |PD|ram:inst|4x32ram:inst7|4x4ram:inst8|memory_cell:inst14|inst4 ; out0             ;
; |PD|ram:inst|4x32ram:inst7|4x4ram:inst8|memory_cell:inst12|inst4 ; |PD|ram:inst|4x32ram:inst7|4x4ram:inst8|memory_cell:inst12|inst4 ; out0             ;
; |PD|ram:inst|4x32ram:inst7|4x4ram:inst8|memory_cell:inst10|inst4 ; |PD|ram:inst|4x32ram:inst7|4x4ram:inst8|memory_cell:inst10|inst4 ; out0             ;
; |PD|ram:inst|4x32ram:inst7|4x4ram:inst8|memory_cell:inst15|inst4 ; |PD|ram:inst|4x32ram:inst7|4x4ram:inst8|memory_cell:inst15|inst4 ; out0             ;
; |PD|ram:inst|4x32ram:inst7|4x4ram:inst8|memory_cell:inst13|inst3 ; |PD|ram:inst|4x32ram:inst7|4x4ram:inst8|memory_cell:inst13|inst3 ; out              ;
; |PD|ram:inst|4x32ram:inst7|4x4ram:inst8|memory_cell:inst13|inst4 ; |PD|ram:inst|4x32ram:inst7|4x4ram:inst8|memory_cell:inst13|inst4 ; out0             ;
; |PD|ram:inst|4x32ram:inst7|4x4ram:inst8|memory_cell:inst11|inst3 ; |PD|ram:inst|4x32ram:inst7|4x4ram:inst8|memory_cell:inst11|inst3 ; out              ;
; |PD|ram:inst|4x32ram:inst7|4x4ram:inst8|memory_cell:inst11|inst4 ; |PD|ram:inst|4x32ram:inst7|4x4ram:inst8|memory_cell:inst11|inst4 ; out0             ;
; |PD|ram:inst|4x32ram:inst7|4x4ram:inst8|memory_cell:inst9|inst4  ; |PD|ram:inst|4x32ram:inst7|4x4ram:inst8|memory_cell:inst9|inst4  ; out0             ;
; |PD|ram:inst|4x32ram:inst7|4x4ram:inst8|memory_cell:inst8|inst3  ; |PD|ram:inst|4x32ram:inst7|4x4ram:inst8|memory_cell:inst8|inst3  ; out              ;
; |PD|ram:inst|4x32ram:inst7|4x4ram:inst8|memory_cell:inst8|inst4  ; |PD|ram:inst|4x32ram:inst7|4x4ram:inst8|memory_cell:inst8|inst4  ; out0             ;
; |PD|ram:inst|4x32ram:inst7|4x4ram:inst8|memory_cell:inst6|inst4  ; |PD|ram:inst|4x32ram:inst7|4x4ram:inst8|memory_cell:inst6|inst4  ; out0             ;
; |PD|ram:inst|4x32ram:inst7|4x4ram:inst8|memory_cell:inst4|inst4  ; |PD|ram:inst|4x32ram:inst7|4x4ram:inst8|memory_cell:inst4|inst4  ; out0             ;
; |PD|ram:inst|4x32ram:inst7|4x4ram:inst8|24decoder:inst|inst2     ; |PD|ram:inst|4x32ram:inst7|4x4ram:inst8|24decoder:inst|inst2     ; out0             ;
; |PD|ram:inst|4x32ram:inst7|4x4ram:inst8|24decoder:inst|inst3     ; |PD|ram:inst|4x32ram:inst7|4x4ram:inst8|24decoder:inst|inst3     ; out0             ;
; |PD|ram:inst|4x32ram:inst7|4x4ram:inst8|24decoder:inst|inst4     ; |PD|ram:inst|4x32ram:inst7|4x4ram:inst8|24decoder:inst|inst4     ; out0             ;
; |PD|ram:inst|4x32ram:inst7|4x4ram:inst8|24decoder:inst|inst5     ; |PD|ram:inst|4x32ram:inst7|4x4ram:inst8|24decoder:inst|inst5     ; out0             ;
; |PD|ram:inst|4x32ram:inst7|4x4ram:inst8|memory_cell:inst2|inst4  ; |PD|ram:inst|4x32ram:inst7|4x4ram:inst8|memory_cell:inst2|inst4  ; out0             ;
; |PD|ram:inst|4x32ram:inst7|4x4ram:inst7|inst18                   ; |PD|ram:inst|4x32ram:inst7|4x4ram:inst7|inst18                   ; out0             ;
; |PD|ram:inst|4x32ram:inst7|4x4ram:inst7|memory_cell:inst3|inst4  ; |PD|ram:inst|4x32ram:inst7|4x4ram:inst7|memory_cell:inst3|inst4  ; out0             ;
; |PD|ram:inst|4x32ram:inst7|4x4ram:inst7|memory_cell:inst5|inst4  ; |PD|ram:inst|4x32ram:inst7|4x4ram:inst7|memory_cell:inst5|inst4  ; out0             ;
; |PD|ram:inst|4x32ram:inst7|4x4ram:inst7|memory_cell:inst7|inst4  ; |PD|ram:inst|4x32ram:inst7|4x4ram:inst7|memory_cell:inst7|inst4  ; out0             ;
; |PD|ram:inst|4x32ram:inst7|4x4ram:inst7|memory_cell:inst1|inst4  ; |PD|ram:inst|4x32ram:inst7|4x4ram:inst7|memory_cell:inst1|inst4  ; out0             ;
; |PD|ram:inst|4x32ram:inst7|4x4ram:inst7|memory_cell:inst16|inst4 ; |PD|ram:inst|4x32ram:inst7|4x4ram:inst7|memory_cell:inst16|inst4 ; out0             ;
; |PD|ram:inst|4x32ram:inst7|4x4ram:inst7|memory_cell:inst14|inst4 ; |PD|ram:inst|4x32ram:inst7|4x4ram:inst7|memory_cell:inst14|inst4 ; out0             ;
; |PD|ram:inst|4x32ram:inst7|4x4ram:inst7|memory_cell:inst12|inst4 ; |PD|ram:inst|4x32ram:inst7|4x4ram:inst7|memory_cell:inst12|inst4 ; out0             ;
; |PD|ram:inst|4x32ram:inst7|4x4ram:inst7|memory_cell:inst10|inst4 ; |PD|ram:inst|4x32ram:inst7|4x4ram:inst7|memory_cell:inst10|inst4 ; out0             ;
; |PD|ram:inst|4x32ram:inst7|4x4ram:inst7|memory_cell:inst15|inst4 ; |PD|ram:inst|4x32ram:inst7|4x4ram:inst7|memory_cell:inst15|inst4 ; out0             ;
; |PD|ram:inst|4x32ram:inst7|4x4ram:inst7|memory_cell:inst13|inst4 ; |PD|ram:inst|4x32ram:inst7|4x4ram:inst7|memory_cell:inst13|inst4 ; out0             ;
; |PD|ram:inst|4x32ram:inst7|4x4ram:inst7|memory_cell:inst11|inst4 ; |PD|ram:inst|4x32ram:inst7|4x4ram:inst7|memory_cell:inst11|inst4 ; out0             ;
; |PD|ram:inst|4x32ram:inst7|4x4ram:inst7|memory_cell:inst9|inst4  ; |PD|ram:inst|4x32ram:inst7|4x4ram:inst7|memory_cell:inst9|inst4  ; out0             ;
; |PD|ram:inst|4x32ram:inst7|4x4ram:inst7|memory_cell:inst8|inst4  ; |PD|ram:inst|4x32ram:inst7|4x4ram:inst7|memory_cell:inst8|inst4  ; out0             ;
; |PD|ram:inst|4x32ram:inst7|4x4ram:inst7|memory_cell:inst6|inst4  ; |PD|ram:inst|4x32ram:inst7|4x4ram:inst7|memory_cell:inst6|inst4  ; out0             ;
; |PD|ram:inst|4x32ram:inst7|4x4ram:inst7|memory_cell:inst4|inst4  ; |PD|ram:inst|4x32ram:inst7|4x4ram:inst7|memory_cell:inst4|inst4  ; out0             ;
; |PD|ram:inst|4x32ram:inst7|4x4ram:inst7|24decoder:inst|inst2     ; |PD|ram:inst|4x32ram:inst7|4x4ram:inst7|24decoder:inst|inst2     ; out0             ;
; |PD|ram:inst|4x32ram:inst7|4x4ram:inst7|24decoder:inst|inst3     ; |PD|ram:inst|4x32ram:inst7|4x4ram:inst7|24decoder:inst|inst3     ; out0             ;
; |PD|ram:inst|4x32ram:inst7|4x4ram:inst7|24decoder:inst|inst4     ; |PD|ram:inst|4x32ram:inst7|4x4ram:inst7|24decoder:inst|inst4     ; out0             ;
; |PD|ram:inst|4x32ram:inst7|4x4ram:inst7|24decoder:inst|inst5     ; |PD|ram:inst|4x32ram:inst7|4x4ram:inst7|24decoder:inst|inst5     ; out0             ;
; |PD|ram:inst|4x32ram:inst7|4x4ram:inst7|memory_cell:inst2|inst4  ; |PD|ram:inst|4x32ram:inst7|4x4ram:inst7|memory_cell:inst2|inst4  ; out0             ;
; |PD|ram:inst|4x32ram:inst7|4x4ram:inst6|inst18                   ; |PD|ram:inst|4x32ram:inst7|4x4ram:inst6|inst18                   ; out0             ;
; |PD|ram:inst|4x32ram:inst7|4x4ram:inst6|memory_cell:inst3|inst4  ; |PD|ram:inst|4x32ram:inst7|4x4ram:inst6|memory_cell:inst3|inst4  ; out0             ;
; |PD|ram:inst|4x32ram:inst7|4x4ram:inst6|memory_cell:inst5|inst4  ; |PD|ram:inst|4x32ram:inst7|4x4ram:inst6|memory_cell:inst5|inst4  ; out0             ;
; |PD|ram:inst|4x32ram:inst7|4x4ram:inst6|memory_cell:inst7|inst4  ; |PD|ram:inst|4x32ram:inst7|4x4ram:inst6|memory_cell:inst7|inst4  ; out0             ;
; |PD|ram:inst|4x32ram:inst7|4x4ram:inst6|memory_cell:inst1|inst4  ; |PD|ram:inst|4x32ram:inst7|4x4ram:inst6|memory_cell:inst1|inst4  ; out0             ;
; |PD|ram:inst|4x32ram:inst7|4x4ram:inst6|memory_cell:inst16|inst4 ; |PD|ram:inst|4x32ram:inst7|4x4ram:inst6|memory_cell:inst16|inst4 ; out0             ;
; |PD|ram:inst|4x32ram:inst7|4x4ram:inst6|memory_cell:inst14|inst4 ; |PD|ram:inst|4x32ram:inst7|4x4ram:inst6|memory_cell:inst14|inst4 ; out0             ;
; |PD|ram:inst|4x32ram:inst7|4x4ram:inst6|memory_cell:inst12|inst4 ; |PD|ram:inst|4x32ram:inst7|4x4ram:inst6|memory_cell:inst12|inst4 ; out0             ;
; |PD|ram:inst|4x32ram:inst7|4x4ram:inst6|memory_cell:inst10|inst4 ; |PD|ram:inst|4x32ram:inst7|4x4ram:inst6|memory_cell:inst10|inst4 ; out0             ;
; |PD|ram:inst|4x32ram:inst7|4x4ram:inst6|memory_cell:inst15|inst4 ; |PD|ram:inst|4x32ram:inst7|4x4ram:inst6|memory_cell:inst15|inst4 ; out0             ;
; |PD|ram:inst|4x32ram:inst7|4x4ram:inst6|memory_cell:inst13|inst4 ; |PD|ram:inst|4x32ram:inst7|4x4ram:inst6|memory_cell:inst13|inst4 ; out0             ;
; |PD|ram:inst|4x32ram:inst7|4x4ram:inst6|memory_cell:inst11|inst4 ; |PD|ram:inst|4x32ram:inst7|4x4ram:inst6|memory_cell:inst11|inst4 ; out0             ;
; |PD|ram:inst|4x32ram:inst7|4x4ram:inst6|memory_cell:inst9|inst4  ; |PD|ram:inst|4x32ram:inst7|4x4ram:inst6|memory_cell:inst9|inst4  ; out0             ;
; |PD|ram:inst|4x32ram:inst7|4x4ram:inst6|memory_cell:inst8|inst4  ; |PD|ram:inst|4x32ram:inst7|4x4ram:inst6|memory_cell:inst8|inst4  ; out0             ;
; |PD|ram:inst|4x32ram:inst7|4x4ram:inst6|memory_cell:inst6|inst4  ; |PD|ram:inst|4x32ram:inst7|4x4ram:inst6|memory_cell:inst6|inst4  ; out0             ;
; |PD|ram:inst|4x32ram:inst7|4x4ram:inst6|memory_cell:inst4|inst4  ; |PD|ram:inst|4x32ram:inst7|4x4ram:inst6|memory_cell:inst4|inst4  ; out0             ;
; |PD|ram:inst|4x32ram:inst7|4x4ram:inst6|24decoder:inst|inst2     ; |PD|ram:inst|4x32ram:inst7|4x4ram:inst6|24decoder:inst|inst2     ; out0             ;
; |PD|ram:inst|4x32ram:inst7|4x4ram:inst6|24decoder:inst|inst3     ; |PD|ram:inst|4x32ram:inst7|4x4ram:inst6|24decoder:inst|inst3     ; out0             ;
; |PD|ram:inst|4x32ram:inst7|4x4ram:inst6|24decoder:inst|inst4     ; |PD|ram:inst|4x32ram:inst7|4x4ram:inst6|24decoder:inst|inst4     ; out0             ;
; |PD|ram:inst|4x32ram:inst7|4x4ram:inst6|24decoder:inst|inst5     ; |PD|ram:inst|4x32ram:inst7|4x4ram:inst6|24decoder:inst|inst5     ; out0             ;
; |PD|ram:inst|4x32ram:inst7|4x4ram:inst6|memory_cell:inst2|inst4  ; |PD|ram:inst|4x32ram:inst7|4x4ram:inst6|memory_cell:inst2|inst4  ; out0             ;
; |PD|ram:inst|4x32ram:inst7|4x4ram:inst5|inst18                   ; |PD|ram:inst|4x32ram:inst7|4x4ram:inst5|inst18                   ; out0             ;
; |PD|ram:inst|4x32ram:inst7|4x4ram:inst5|memory_cell:inst3|inst4  ; |PD|ram:inst|4x32ram:inst7|4x4ram:inst5|memory_cell:inst3|inst4  ; out0             ;
; |PD|ram:inst|4x32ram:inst7|4x4ram:inst5|memory_cell:inst5|inst4  ; |PD|ram:inst|4x32ram:inst7|4x4ram:inst5|memory_cell:inst5|inst4  ; out0             ;
; |PD|ram:inst|4x32ram:inst7|4x4ram:inst5|memory_cell:inst7|inst4  ; |PD|ram:inst|4x32ram:inst7|4x4ram:inst5|memory_cell:inst7|inst4  ; out0             ;
; |PD|ram:inst|4x32ram:inst7|4x4ram:inst5|memory_cell:inst1|inst4  ; |PD|ram:inst|4x32ram:inst7|4x4ram:inst5|memory_cell:inst1|inst4  ; out0             ;
; |PD|ram:inst|4x32ram:inst7|4x4ram:inst5|memory_cell:inst16|inst4 ; |PD|ram:inst|4x32ram:inst7|4x4ram:inst5|memory_cell:inst16|inst4 ; out0             ;
; |PD|ram:inst|4x32ram:inst7|4x4ram:inst5|memory_cell:inst14|inst4 ; |PD|ram:inst|4x32ram:inst7|4x4ram:inst5|memory_cell:inst14|inst4 ; out0             ;
; |PD|ram:inst|4x32ram:inst7|4x4ram:inst5|memory_cell:inst12|inst4 ; |PD|ram:inst|4x32ram:inst7|4x4ram:inst5|memory_cell:inst12|inst4 ; out0             ;
; |PD|ram:inst|4x32ram:inst7|4x4ram:inst5|memory_cell:inst10|inst4 ; |PD|ram:inst|4x32ram:inst7|4x4ram:inst5|memory_cell:inst10|inst4 ; out0             ;
; |PD|ram:inst|4x32ram:inst7|4x4ram:inst5|memory_cell:inst15|inst4 ; |PD|ram:inst|4x32ram:inst7|4x4ram:inst5|memory_cell:inst15|inst4 ; out0             ;
; |PD|ram:inst|4x32ram:inst7|4x4ram:inst5|memory_cell:inst13|inst4 ; |PD|ram:inst|4x32ram:inst7|4x4ram:inst5|memory_cell:inst13|inst4 ; out0             ;
; |PD|ram:inst|4x32ram:inst7|4x4ram:inst5|memory_cell:inst11|inst4 ; |PD|ram:inst|4x32ram:inst7|4x4ram:inst5|memory_cell:inst11|inst4 ; out0             ;
; |PD|ram:inst|4x32ram:inst7|4x4ram:inst5|memory_cell:inst9|inst4  ; |PD|ram:inst|4x32ram:inst7|4x4ram:inst5|memory_cell:inst9|inst4  ; out0             ;
; |PD|ram:inst|4x32ram:inst7|4x4ram:inst5|memory_cell:inst8|inst4  ; |PD|ram:inst|4x32ram:inst7|4x4ram:inst5|memory_cell:inst8|inst4  ; out0             ;
; |PD|ram:inst|4x32ram:inst7|4x4ram:inst5|memory_cell:inst6|inst4  ; |PD|ram:inst|4x32ram:inst7|4x4ram:inst5|memory_cell:inst6|inst4  ; out0             ;
; |PD|ram:inst|4x32ram:inst7|4x4ram:inst5|memory_cell:inst4|inst4  ; |PD|ram:inst|4x32ram:inst7|4x4ram:inst5|memory_cell:inst4|inst4  ; out0             ;
; |PD|ram:inst|4x32ram:inst7|4x4ram:inst5|24decoder:inst|inst2     ; |PD|ram:inst|4x32ram:inst7|4x4ram:inst5|24decoder:inst|inst2     ; out0             ;
; |PD|ram:inst|4x32ram:inst7|4x4ram:inst5|24decoder:inst|inst3     ; |PD|ram:inst|4x32ram:inst7|4x4ram:inst5|24decoder:inst|inst3     ; out0             ;
; |PD|ram:inst|4x32ram:inst7|4x4ram:inst5|24decoder:inst|inst4     ; |PD|ram:inst|4x32ram:inst7|4x4ram:inst5|24decoder:inst|inst4     ; out0             ;
; |PD|ram:inst|4x32ram:inst7|4x4ram:inst5|24decoder:inst|inst5     ; |PD|ram:inst|4x32ram:inst7|4x4ram:inst5|24decoder:inst|inst5     ; out0             ;
; |PD|ram:inst|4x32ram:inst7|4x4ram:inst5|memory_cell:inst2|inst4  ; |PD|ram:inst|4x32ram:inst7|4x4ram:inst5|memory_cell:inst2|inst4  ; out0             ;
; |PD|ram:inst|4x32ram:inst7|4x4ram:inst4|inst18                   ; |PD|ram:inst|4x32ram:inst7|4x4ram:inst4|inst18                   ; out0             ;
; |PD|ram:inst|4x32ram:inst7|4x4ram:inst4|memory_cell:inst3|inst4  ; |PD|ram:inst|4x32ram:inst7|4x4ram:inst4|memory_cell:inst3|inst4  ; out0             ;
; |PD|ram:inst|4x32ram:inst7|4x4ram:inst4|memory_cell:inst5|inst4  ; |PD|ram:inst|4x32ram:inst7|4x4ram:inst4|memory_cell:inst5|inst4  ; out0             ;
; |PD|ram:inst|4x32ram:inst7|4x4ram:inst4|memory_cell:inst7|inst4  ; |PD|ram:inst|4x32ram:inst7|4x4ram:inst4|memory_cell:inst7|inst4  ; out0             ;
; |PD|ram:inst|4x32ram:inst7|4x4ram:inst4|memory_cell:inst1|inst4  ; |PD|ram:inst|4x32ram:inst7|4x4ram:inst4|memory_cell:inst1|inst4  ; out0             ;
; |PD|ram:inst|4x32ram:inst7|4x4ram:inst4|memory_cell:inst16|inst4 ; |PD|ram:inst|4x32ram:inst7|4x4ram:inst4|memory_cell:inst16|inst4 ; out0             ;
; |PD|ram:inst|4x32ram:inst7|4x4ram:inst4|memory_cell:inst14|inst4 ; |PD|ram:inst|4x32ram:inst7|4x4ram:inst4|memory_cell:inst14|inst4 ; out0             ;
; |PD|ram:inst|4x32ram:inst7|4x4ram:inst4|memory_cell:inst12|inst4 ; |PD|ram:inst|4x32ram:inst7|4x4ram:inst4|memory_cell:inst12|inst4 ; out0             ;
; |PD|ram:inst|4x32ram:inst7|4x4ram:inst4|memory_cell:inst10|inst4 ; |PD|ram:inst|4x32ram:inst7|4x4ram:inst4|memory_cell:inst10|inst4 ; out0             ;
; |PD|ram:inst|4x32ram:inst7|4x4ram:inst4|memory_cell:inst15|inst4 ; |PD|ram:inst|4x32ram:inst7|4x4ram:inst4|memory_cell:inst15|inst4 ; out0             ;
; |PD|ram:inst|4x32ram:inst7|4x4ram:inst4|memory_cell:inst13|inst4 ; |PD|ram:inst|4x32ram:inst7|4x4ram:inst4|memory_cell:inst13|inst4 ; out0             ;
; |PD|ram:inst|4x32ram:inst7|4x4ram:inst4|memory_cell:inst11|inst4 ; |PD|ram:inst|4x32ram:inst7|4x4ram:inst4|memory_cell:inst11|inst4 ; out0             ;
; |PD|ram:inst|4x32ram:inst7|4x4ram:inst4|memory_cell:inst9|inst4  ; |PD|ram:inst|4x32ram:inst7|4x4ram:inst4|memory_cell:inst9|inst4  ; out0             ;
; |PD|ram:inst|4x32ram:inst7|4x4ram:inst4|memory_cell:inst8|inst4  ; |PD|ram:inst|4x32ram:inst7|4x4ram:inst4|memory_cell:inst8|inst4  ; out0             ;
; |PD|ram:inst|4x32ram:inst7|4x4ram:inst4|memory_cell:inst6|inst4  ; |PD|ram:inst|4x32ram:inst7|4x4ram:inst4|memory_cell:inst6|inst4  ; out0             ;
; |PD|ram:inst|4x32ram:inst7|4x4ram:inst4|memory_cell:inst4|inst4  ; |PD|ram:inst|4x32ram:inst7|4x4ram:inst4|memory_cell:inst4|inst4  ; out0             ;
; |PD|ram:inst|4x32ram:inst7|4x4ram:inst4|24decoder:inst|inst2     ; |PD|ram:inst|4x32ram:inst7|4x4ram:inst4|24decoder:inst|inst2     ; out0             ;
; |PD|ram:inst|4x32ram:inst7|4x4ram:inst4|24decoder:inst|inst3     ; |PD|ram:inst|4x32ram:inst7|4x4ram:inst4|24decoder:inst|inst3     ; out0             ;
; |PD|ram:inst|4x32ram:inst7|4x4ram:inst4|24decoder:inst|inst4     ; |PD|ram:inst|4x32ram:inst7|4x4ram:inst4|24decoder:inst|inst4     ; out0             ;
; |PD|ram:inst|4x32ram:inst7|4x4ram:inst4|24decoder:inst|inst5     ; |PD|ram:inst|4x32ram:inst7|4x4ram:inst4|24decoder:inst|inst5     ; out0             ;
; |PD|ram:inst|4x32ram:inst7|4x4ram:inst4|memory_cell:inst2|inst4  ; |PD|ram:inst|4x32ram:inst7|4x4ram:inst4|memory_cell:inst2|inst4  ; out0             ;
; |PD|ram:inst|4x32ram:inst7|4x4ram:inst3|inst18                   ; |PD|ram:inst|4x32ram:inst7|4x4ram:inst3|inst18                   ; out0             ;
; |PD|ram:inst|4x32ram:inst7|4x4ram:inst3|memory_cell:inst3|inst4  ; |PD|ram:inst|4x32ram:inst7|4x4ram:inst3|memory_cell:inst3|inst4  ; out0             ;
; |PD|ram:inst|4x32ram:inst7|4x4ram:inst3|memory_cell:inst5|inst4  ; |PD|ram:inst|4x32ram:inst7|4x4ram:inst3|memory_cell:inst5|inst4  ; out0             ;
; |PD|ram:inst|4x32ram:inst7|4x4ram:inst3|memory_cell:inst7|inst4  ; |PD|ram:inst|4x32ram:inst7|4x4ram:inst3|memory_cell:inst7|inst4  ; out0             ;
; |PD|ram:inst|4x32ram:inst7|4x4ram:inst3|memory_cell:inst1|inst4  ; |PD|ram:inst|4x32ram:inst7|4x4ram:inst3|memory_cell:inst1|inst4  ; out0             ;
; |PD|ram:inst|4x32ram:inst7|4x4ram:inst3|memory_cell:inst16|inst4 ; |PD|ram:inst|4x32ram:inst7|4x4ram:inst3|memory_cell:inst16|inst4 ; out0             ;
; |PD|ram:inst|4x32ram:inst7|4x4ram:inst3|memory_cell:inst14|inst4 ; |PD|ram:inst|4x32ram:inst7|4x4ram:inst3|memory_cell:inst14|inst4 ; out0             ;
; |PD|ram:inst|4x32ram:inst7|4x4ram:inst3|memory_cell:inst12|inst4 ; |PD|ram:inst|4x32ram:inst7|4x4ram:inst3|memory_cell:inst12|inst4 ; out0             ;
; |PD|ram:inst|4x32ram:inst7|4x4ram:inst3|memory_cell:inst10|inst4 ; |PD|ram:inst|4x32ram:inst7|4x4ram:inst3|memory_cell:inst10|inst4 ; out0             ;
; |PD|ram:inst|4x32ram:inst7|4x4ram:inst3|memory_cell:inst15|inst4 ; |PD|ram:inst|4x32ram:inst7|4x4ram:inst3|memory_cell:inst15|inst4 ; out0             ;
; |PD|ram:inst|4x32ram:inst7|4x4ram:inst3|memory_cell:inst13|inst4 ; |PD|ram:inst|4x32ram:inst7|4x4ram:inst3|memory_cell:inst13|inst4 ; out0             ;
; |PD|ram:inst|4x32ram:inst7|4x4ram:inst3|memory_cell:inst11|inst4 ; |PD|ram:inst|4x32ram:inst7|4x4ram:inst3|memory_cell:inst11|inst4 ; out0             ;
; |PD|ram:inst|4x32ram:inst7|4x4ram:inst3|memory_cell:inst9|inst4  ; |PD|ram:inst|4x32ram:inst7|4x4ram:inst3|memory_cell:inst9|inst4  ; out0             ;
; |PD|ram:inst|4x32ram:inst7|4x4ram:inst3|memory_cell:inst8|inst4  ; |PD|ram:inst|4x32ram:inst7|4x4ram:inst3|memory_cell:inst8|inst4  ; out0             ;
; |PD|ram:inst|4x32ram:inst7|4x4ram:inst3|memory_cell:inst6|inst4  ; |PD|ram:inst|4x32ram:inst7|4x4ram:inst3|memory_cell:inst6|inst4  ; out0             ;
; |PD|ram:inst|4x32ram:inst7|4x4ram:inst3|memory_cell:inst4|inst4  ; |PD|ram:inst|4x32ram:inst7|4x4ram:inst3|memory_cell:inst4|inst4  ; out0             ;
; |PD|ram:inst|4x32ram:inst7|4x4ram:inst3|24decoder:inst|inst2     ; |PD|ram:inst|4x32ram:inst7|4x4ram:inst3|24decoder:inst|inst2     ; out0             ;
; |PD|ram:inst|4x32ram:inst7|4x4ram:inst3|24decoder:inst|inst3     ; |PD|ram:inst|4x32ram:inst7|4x4ram:inst3|24decoder:inst|inst3     ; out0             ;
; |PD|ram:inst|4x32ram:inst7|4x4ram:inst3|24decoder:inst|inst4     ; |PD|ram:inst|4x32ram:inst7|4x4ram:inst3|24decoder:inst|inst4     ; out0             ;
; |PD|ram:inst|4x32ram:inst7|4x4ram:inst3|24decoder:inst|inst5     ; |PD|ram:inst|4x32ram:inst7|4x4ram:inst3|24decoder:inst|inst5     ; out0             ;
; |PD|ram:inst|4x32ram:inst7|4x4ram:inst3|memory_cell:inst2|inst4  ; |PD|ram:inst|4x32ram:inst7|4x4ram:inst3|memory_cell:inst2|inst4  ; out0             ;
; |PD|ram:inst|4x32ram:inst7|4x4ram:inst1|inst18                   ; |PD|ram:inst|4x32ram:inst7|4x4ram:inst1|inst18                   ; out0             ;
; |PD|ram:inst|4x32ram:inst7|4x4ram:inst1|memory_cell:inst3|inst4  ; |PD|ram:inst|4x32ram:inst7|4x4ram:inst1|memory_cell:inst3|inst4  ; out0             ;
; |PD|ram:inst|4x32ram:inst7|4x4ram:inst1|memory_cell:inst5|inst4  ; |PD|ram:inst|4x32ram:inst7|4x4ram:inst1|memory_cell:inst5|inst4  ; out0             ;
; |PD|ram:inst|4x32ram:inst7|4x4ram:inst1|memory_cell:inst7|inst4  ; |PD|ram:inst|4x32ram:inst7|4x4ram:inst1|memory_cell:inst7|inst4  ; out0             ;
; |PD|ram:inst|4x32ram:inst7|4x4ram:inst1|memory_cell:inst1|inst4  ; |PD|ram:inst|4x32ram:inst7|4x4ram:inst1|memory_cell:inst1|inst4  ; out0             ;
; |PD|ram:inst|4x32ram:inst7|4x4ram:inst1|memory_cell:inst16|inst4 ; |PD|ram:inst|4x32ram:inst7|4x4ram:inst1|memory_cell:inst16|inst4 ; out0             ;
; |PD|ram:inst|4x32ram:inst7|4x4ram:inst1|memory_cell:inst14|inst4 ; |PD|ram:inst|4x32ram:inst7|4x4ram:inst1|memory_cell:inst14|inst4 ; out0             ;
; |PD|ram:inst|4x32ram:inst7|4x4ram:inst1|memory_cell:inst12|inst4 ; |PD|ram:inst|4x32ram:inst7|4x4ram:inst1|memory_cell:inst12|inst4 ; out0             ;
; |PD|ram:inst|4x32ram:inst7|4x4ram:inst1|memory_cell:inst10|inst4 ; |PD|ram:inst|4x32ram:inst7|4x4ram:inst1|memory_cell:inst10|inst4 ; out0             ;
; |PD|ram:inst|4x32ram:inst7|4x4ram:inst1|memory_cell:inst15|inst4 ; |PD|ram:inst|4x32ram:inst7|4x4ram:inst1|memory_cell:inst15|inst4 ; out0             ;
; |PD|ram:inst|4x32ram:inst7|4x4ram:inst1|memory_cell:inst13|inst4 ; |PD|ram:inst|4x32ram:inst7|4x4ram:inst1|memory_cell:inst13|inst4 ; out0             ;
; |PD|ram:inst|4x32ram:inst7|4x4ram:inst1|memory_cell:inst11|inst4 ; |PD|ram:inst|4x32ram:inst7|4x4ram:inst1|memory_cell:inst11|inst4 ; out0             ;
; |PD|ram:inst|4x32ram:inst7|4x4ram:inst1|memory_cell:inst9|inst4  ; |PD|ram:inst|4x32ram:inst7|4x4ram:inst1|memory_cell:inst9|inst4  ; out0             ;
; |PD|ram:inst|4x32ram:inst7|4x4ram:inst1|memory_cell:inst8|inst4  ; |PD|ram:inst|4x32ram:inst7|4x4ram:inst1|memory_cell:inst8|inst4  ; out0             ;
; |PD|ram:inst|4x32ram:inst7|4x4ram:inst1|memory_cell:inst6|inst4  ; |PD|ram:inst|4x32ram:inst7|4x4ram:inst1|memory_cell:inst6|inst4  ; out0             ;
; |PD|ram:inst|4x32ram:inst7|4x4ram:inst1|memory_cell:inst4|inst4  ; |PD|ram:inst|4x32ram:inst7|4x4ram:inst1|memory_cell:inst4|inst4  ; out0             ;
; |PD|ram:inst|4x32ram:inst7|4x4ram:inst1|24decoder:inst|inst2     ; |PD|ram:inst|4x32ram:inst7|4x4ram:inst1|24decoder:inst|inst2     ; out0             ;
; |PD|ram:inst|4x32ram:inst7|4x4ram:inst1|24decoder:inst|inst3     ; |PD|ram:inst|4x32ram:inst7|4x4ram:inst1|24decoder:inst|inst3     ; out0             ;
; |PD|ram:inst|4x32ram:inst7|4x4ram:inst1|24decoder:inst|inst4     ; |PD|ram:inst|4x32ram:inst7|4x4ram:inst1|24decoder:inst|inst4     ; out0             ;
; |PD|ram:inst|4x32ram:inst7|4x4ram:inst1|24decoder:inst|inst5     ; |PD|ram:inst|4x32ram:inst7|4x4ram:inst1|24decoder:inst|inst5     ; out0             ;
; |PD|ram:inst|4x32ram:inst7|4x4ram:inst1|memory_cell:inst2|inst4  ; |PD|ram:inst|4x32ram:inst7|4x4ram:inst1|memory_cell:inst2|inst4  ; out0             ;
; |PD|ram:inst|4x32ram:inst7|4x4ram:inst|inst18                    ; |PD|ram:inst|4x32ram:inst7|4x4ram:inst|inst18                    ; out0             ;
; |PD|ram:inst|4x32ram:inst7|4x4ram:inst|memory_cell:inst3|inst4   ; |PD|ram:inst|4x32ram:inst7|4x4ram:inst|memory_cell:inst3|inst4   ; out0             ;
; |PD|ram:inst|4x32ram:inst7|4x4ram:inst|memory_cell:inst5|inst4   ; |PD|ram:inst|4x32ram:inst7|4x4ram:inst|memory_cell:inst5|inst4   ; out0             ;
; |PD|ram:inst|4x32ram:inst7|4x4ram:inst|memory_cell:inst7|inst4   ; |PD|ram:inst|4x32ram:inst7|4x4ram:inst|memory_cell:inst7|inst4   ; out0             ;
; |PD|ram:inst|4x32ram:inst7|4x4ram:inst|memory_cell:inst1|inst4   ; |PD|ram:inst|4x32ram:inst7|4x4ram:inst|memory_cell:inst1|inst4   ; out0             ;
; |PD|ram:inst|4x32ram:inst7|4x4ram:inst|memory_cell:inst16|inst4  ; |PD|ram:inst|4x32ram:inst7|4x4ram:inst|memory_cell:inst16|inst4  ; out0             ;
; |PD|ram:inst|4x32ram:inst7|4x4ram:inst|memory_cell:inst14|inst4  ; |PD|ram:inst|4x32ram:inst7|4x4ram:inst|memory_cell:inst14|inst4  ; out0             ;
; |PD|ram:inst|4x32ram:inst7|4x4ram:inst|memory_cell:inst12|inst4  ; |PD|ram:inst|4x32ram:inst7|4x4ram:inst|memory_cell:inst12|inst4  ; out0             ;
; |PD|ram:inst|4x32ram:inst7|4x4ram:inst|memory_cell:inst10|inst4  ; |PD|ram:inst|4x32ram:inst7|4x4ram:inst|memory_cell:inst10|inst4  ; out0             ;
; |PD|ram:inst|4x32ram:inst7|4x4ram:inst|memory_cell:inst15|inst4  ; |PD|ram:inst|4x32ram:inst7|4x4ram:inst|memory_cell:inst15|inst4  ; out0             ;
; |PD|ram:inst|4x32ram:inst7|4x4ram:inst|memory_cell:inst13|inst4  ; |PD|ram:inst|4x32ram:inst7|4x4ram:inst|memory_cell:inst13|inst4  ; out0             ;
; |PD|ram:inst|4x32ram:inst7|4x4ram:inst|memory_cell:inst11|inst4  ; |PD|ram:inst|4x32ram:inst7|4x4ram:inst|memory_cell:inst11|inst4  ; out0             ;
; |PD|ram:inst|4x32ram:inst7|4x4ram:inst|memory_cell:inst9|inst4   ; |PD|ram:inst|4x32ram:inst7|4x4ram:inst|memory_cell:inst9|inst4   ; out0             ;
; |PD|ram:inst|4x32ram:inst7|4x4ram:inst|memory_cell:inst8|inst4   ; |PD|ram:inst|4x32ram:inst7|4x4ram:inst|memory_cell:inst8|inst4   ; out0             ;
; |PD|ram:inst|4x32ram:inst7|4x4ram:inst|memory_cell:inst6|inst4   ; |PD|ram:inst|4x32ram:inst7|4x4ram:inst|memory_cell:inst6|inst4   ; out0             ;
; |PD|ram:inst|4x32ram:inst7|4x4ram:inst|memory_cell:inst4|inst4   ; |PD|ram:inst|4x32ram:inst7|4x4ram:inst|memory_cell:inst4|inst4   ; out0             ;
; |PD|ram:inst|4x32ram:inst7|4x4ram:inst|24decoder:inst|inst2      ; |PD|ram:inst|4x32ram:inst7|4x4ram:inst|24decoder:inst|inst2      ; out0             ;
; |PD|ram:inst|4x32ram:inst7|4x4ram:inst|24decoder:inst|inst3      ; |PD|ram:inst|4x32ram:inst7|4x4ram:inst|24decoder:inst|inst3      ; out0             ;
; |PD|ram:inst|4x32ram:inst7|4x4ram:inst|24decoder:inst|inst4      ; |PD|ram:inst|4x32ram:inst7|4x4ram:inst|24decoder:inst|inst4      ; out0             ;
; |PD|ram:inst|4x32ram:inst7|4x4ram:inst|24decoder:inst|inst5      ; |PD|ram:inst|4x32ram:inst7|4x4ram:inst|24decoder:inst|inst5      ; out0             ;
; |PD|ram:inst|4x32ram:inst7|4x4ram:inst|memory_cell:inst2|inst4   ; |PD|ram:inst|4x32ram:inst7|4x4ram:inst|memory_cell:inst2|inst4   ; out0             ;
; |PD|ram:inst|4x32ram:inst6|4x4ram:inst8|inst20                   ; |PD|ram:inst|4x32ram:inst6|4x4ram:inst8|inst20                   ; out              ;
; |PD|ram:inst|4x32ram:inst6|4x4ram:inst8|IN~0                     ; |PD|ram:inst|4x32ram:inst6|4x4ram:inst8|IN~0                     ; out0             ;
; |PD|ram:inst|4x32ram:inst6|4x4ram:inst8|inst17                   ; |PD|ram:inst|4x32ram:inst6|4x4ram:inst8|inst17                   ; out0             ;
; |PD|ram:inst|4x32ram:inst6|4x4ram:inst8|inst18                   ; |PD|ram:inst|4x32ram:inst6|4x4ram:inst8|inst18                   ; out0             ;
; |PD|ram:inst|4x32ram:inst6|4x4ram:inst8|inst21                   ; |PD|ram:inst|4x32ram:inst6|4x4ram:inst8|inst21                   ; out              ;
; |PD|ram:inst|4x32ram:inst6|4x4ram:inst8|IN~1                     ; |PD|ram:inst|4x32ram:inst6|4x4ram:inst8|IN~1                     ; out0             ;
; |PD|ram:inst|4x32ram:inst6|4x4ram:inst8|inst22                   ; |PD|ram:inst|4x32ram:inst6|4x4ram:inst8|inst22                   ; out              ;
; |PD|ram:inst|4x32ram:inst6|4x4ram:inst8|IN~2                     ; |PD|ram:inst|4x32ram:inst6|4x4ram:inst8|IN~2                     ; out0             ;
; |PD|ram:inst|4x32ram:inst6|4x4ram:inst8|inst19                   ; |PD|ram:inst|4x32ram:inst6|4x4ram:inst8|inst19                   ; out              ;
; |PD|ram:inst|4x32ram:inst6|4x4ram:inst8|IN~3                     ; |PD|ram:inst|4x32ram:inst6|4x4ram:inst8|IN~3                     ; out0             ;
; |PD|ram:inst|4x32ram:inst6|4x4ram:inst8|memory_cell:inst3|inst4  ; |PD|ram:inst|4x32ram:inst6|4x4ram:inst8|memory_cell:inst3|inst4  ; out0             ;
; |PD|ram:inst|4x32ram:inst6|4x4ram:inst8|memory_cell:inst5|inst4  ; |PD|ram:inst|4x32ram:inst6|4x4ram:inst8|memory_cell:inst5|inst4  ; out0             ;
; |PD|ram:inst|4x32ram:inst6|4x4ram:inst8|memory_cell:inst7|inst3  ; |PD|ram:inst|4x32ram:inst6|4x4ram:inst8|memory_cell:inst7|inst3  ; out              ;
; |PD|ram:inst|4x32ram:inst6|4x4ram:inst8|memory_cell:inst7|inst4  ; |PD|ram:inst|4x32ram:inst6|4x4ram:inst8|memory_cell:inst7|inst4  ; out0             ;
; |PD|ram:inst|4x32ram:inst6|4x4ram:inst8|memory_cell:inst1|inst4  ; |PD|ram:inst|4x32ram:inst6|4x4ram:inst8|memory_cell:inst1|inst4  ; out0             ;
; |PD|ram:inst|4x32ram:inst6|4x4ram:inst8|memory_cell:inst16|inst4 ; |PD|ram:inst|4x32ram:inst6|4x4ram:inst8|memory_cell:inst16|inst4 ; out0             ;
; |PD|ram:inst|4x32ram:inst6|4x4ram:inst8|memory_cell:inst14|inst3 ; |PD|ram:inst|4x32ram:inst6|4x4ram:inst8|memory_cell:inst14|inst3 ; out              ;
; |PD|ram:inst|4x32ram:inst6|4x4ram:inst8|memory_cell:inst14|inst4 ; |PD|ram:inst|4x32ram:inst6|4x4ram:inst8|memory_cell:inst14|inst4 ; out0             ;
; |PD|ram:inst|4x32ram:inst6|4x4ram:inst8|memory_cell:inst12|inst4 ; |PD|ram:inst|4x32ram:inst6|4x4ram:inst8|memory_cell:inst12|inst4 ; out0             ;
; |PD|ram:inst|4x32ram:inst6|4x4ram:inst8|memory_cell:inst10|inst3 ; |PD|ram:inst|4x32ram:inst6|4x4ram:inst8|memory_cell:inst10|inst3 ; out              ;
; |PD|ram:inst|4x32ram:inst6|4x4ram:inst8|memory_cell:inst10|inst4 ; |PD|ram:inst|4x32ram:inst6|4x4ram:inst8|memory_cell:inst10|inst4 ; out0             ;
; |PD|ram:inst|4x32ram:inst6|4x4ram:inst8|memory_cell:inst15|inst4 ; |PD|ram:inst|4x32ram:inst6|4x4ram:inst8|memory_cell:inst15|inst4 ; out0             ;
; |PD|ram:inst|4x32ram:inst6|4x4ram:inst8|memory_cell:inst13|inst3 ; |PD|ram:inst|4x32ram:inst6|4x4ram:inst8|memory_cell:inst13|inst3 ; out              ;
; |PD|ram:inst|4x32ram:inst6|4x4ram:inst8|memory_cell:inst13|inst4 ; |PD|ram:inst|4x32ram:inst6|4x4ram:inst8|memory_cell:inst13|inst4 ; out0             ;
; |PD|ram:inst|4x32ram:inst6|4x4ram:inst8|memory_cell:inst11|inst3 ; |PD|ram:inst|4x32ram:inst6|4x4ram:inst8|memory_cell:inst11|inst3 ; out              ;
; |PD|ram:inst|4x32ram:inst6|4x4ram:inst8|memory_cell:inst11|inst4 ; |PD|ram:inst|4x32ram:inst6|4x4ram:inst8|memory_cell:inst11|inst4 ; out0             ;
; |PD|ram:inst|4x32ram:inst6|4x4ram:inst8|memory_cell:inst9|inst4  ; |PD|ram:inst|4x32ram:inst6|4x4ram:inst8|memory_cell:inst9|inst4  ; out0             ;
; |PD|ram:inst|4x32ram:inst6|4x4ram:inst8|memory_cell:inst8|inst4  ; |PD|ram:inst|4x32ram:inst6|4x4ram:inst8|memory_cell:inst8|inst4  ; out0             ;
; |PD|ram:inst|4x32ram:inst6|4x4ram:inst8|memory_cell:inst6|inst3  ; |PD|ram:inst|4x32ram:inst6|4x4ram:inst8|memory_cell:inst6|inst3  ; out              ;
; |PD|ram:inst|4x32ram:inst6|4x4ram:inst8|memory_cell:inst6|inst4  ; |PD|ram:inst|4x32ram:inst6|4x4ram:inst8|memory_cell:inst6|inst4  ; out0             ;
; |PD|ram:inst|4x32ram:inst6|4x4ram:inst8|memory_cell:inst4|inst3  ; |PD|ram:inst|4x32ram:inst6|4x4ram:inst8|memory_cell:inst4|inst3  ; out              ;
; |PD|ram:inst|4x32ram:inst6|4x4ram:inst8|memory_cell:inst4|inst4  ; |PD|ram:inst|4x32ram:inst6|4x4ram:inst8|memory_cell:inst4|inst4  ; out0             ;
; |PD|ram:inst|4x32ram:inst6|4x4ram:inst8|24decoder:inst|inst2     ; |PD|ram:inst|4x32ram:inst6|4x4ram:inst8|24decoder:inst|inst2     ; out0             ;
; |PD|ram:inst|4x32ram:inst6|4x4ram:inst8|24decoder:inst|inst3     ; |PD|ram:inst|4x32ram:inst6|4x4ram:inst8|24decoder:inst|inst3     ; out0             ;
; |PD|ram:inst|4x32ram:inst6|4x4ram:inst8|24decoder:inst|inst4     ; |PD|ram:inst|4x32ram:inst6|4x4ram:inst8|24decoder:inst|inst4     ; out0             ;
; |PD|ram:inst|4x32ram:inst6|4x4ram:inst8|24decoder:inst|inst5     ; |PD|ram:inst|4x32ram:inst6|4x4ram:inst8|24decoder:inst|inst5     ; out0             ;
; |PD|ram:inst|4x32ram:inst6|4x4ram:inst8|memory_cell:inst2|inst3  ; |PD|ram:inst|4x32ram:inst6|4x4ram:inst8|memory_cell:inst2|inst3  ; out              ;
; |PD|ram:inst|4x32ram:inst6|4x4ram:inst8|memory_cell:inst2|inst4  ; |PD|ram:inst|4x32ram:inst6|4x4ram:inst8|memory_cell:inst2|inst4  ; out0             ;
; |PD|ram:inst|4x32ram:inst6|4x4ram:inst7|inst17                   ; |PD|ram:inst|4x32ram:inst6|4x4ram:inst7|inst17                   ; out0             ;
; |PD|ram:inst|4x32ram:inst6|4x4ram:inst7|inst18                   ; |PD|ram:inst|4x32ram:inst6|4x4ram:inst7|inst18                   ; out0             ;
; |PD|ram:inst|4x32ram:inst6|4x4ram:inst7|memory_cell:inst3|inst4  ; |PD|ram:inst|4x32ram:inst6|4x4ram:inst7|memory_cell:inst3|inst4  ; out0             ;
; |PD|ram:inst|4x32ram:inst6|4x4ram:inst7|memory_cell:inst5|inst4  ; |PD|ram:inst|4x32ram:inst6|4x4ram:inst7|memory_cell:inst5|inst4  ; out0             ;
; |PD|ram:inst|4x32ram:inst6|4x4ram:inst7|memory_cell:inst7|inst4  ; |PD|ram:inst|4x32ram:inst6|4x4ram:inst7|memory_cell:inst7|inst4  ; out0             ;
; |PD|ram:inst|4x32ram:inst6|4x4ram:inst7|memory_cell:inst1|inst4  ; |PD|ram:inst|4x32ram:inst6|4x4ram:inst7|memory_cell:inst1|inst4  ; out0             ;
; |PD|ram:inst|4x32ram:inst6|4x4ram:inst7|memory_cell:inst16|inst4 ; |PD|ram:inst|4x32ram:inst6|4x4ram:inst7|memory_cell:inst16|inst4 ; out0             ;
; |PD|ram:inst|4x32ram:inst6|4x4ram:inst7|memory_cell:inst14|inst4 ; |PD|ram:inst|4x32ram:inst6|4x4ram:inst7|memory_cell:inst14|inst4 ; out0             ;
; |PD|ram:inst|4x32ram:inst6|4x4ram:inst7|memory_cell:inst12|inst4 ; |PD|ram:inst|4x32ram:inst6|4x4ram:inst7|memory_cell:inst12|inst4 ; out0             ;
; |PD|ram:inst|4x32ram:inst6|4x4ram:inst7|memory_cell:inst10|inst4 ; |PD|ram:inst|4x32ram:inst6|4x4ram:inst7|memory_cell:inst10|inst4 ; out0             ;
; |PD|ram:inst|4x32ram:inst6|4x4ram:inst7|memory_cell:inst15|inst4 ; |PD|ram:inst|4x32ram:inst6|4x4ram:inst7|memory_cell:inst15|inst4 ; out0             ;
; |PD|ram:inst|4x32ram:inst6|4x4ram:inst7|memory_cell:inst13|inst4 ; |PD|ram:inst|4x32ram:inst6|4x4ram:inst7|memory_cell:inst13|inst4 ; out0             ;
; |PD|ram:inst|4x32ram:inst6|4x4ram:inst7|memory_cell:inst11|inst4 ; |PD|ram:inst|4x32ram:inst6|4x4ram:inst7|memory_cell:inst11|inst4 ; out0             ;
; |PD|ram:inst|4x32ram:inst6|4x4ram:inst7|memory_cell:inst9|inst4  ; |PD|ram:inst|4x32ram:inst6|4x4ram:inst7|memory_cell:inst9|inst4  ; out0             ;
; |PD|ram:inst|4x32ram:inst6|4x4ram:inst7|memory_cell:inst8|inst4  ; |PD|ram:inst|4x32ram:inst6|4x4ram:inst7|memory_cell:inst8|inst4  ; out0             ;
; |PD|ram:inst|4x32ram:inst6|4x4ram:inst7|memory_cell:inst6|inst4  ; |PD|ram:inst|4x32ram:inst6|4x4ram:inst7|memory_cell:inst6|inst4  ; out0             ;
; |PD|ram:inst|4x32ram:inst6|4x4ram:inst7|memory_cell:inst4|inst4  ; |PD|ram:inst|4x32ram:inst6|4x4ram:inst7|memory_cell:inst4|inst4  ; out0             ;
; |PD|ram:inst|4x32ram:inst6|4x4ram:inst7|24decoder:inst|inst2     ; |PD|ram:inst|4x32ram:inst6|4x4ram:inst7|24decoder:inst|inst2     ; out0             ;
; |PD|ram:inst|4x32ram:inst6|4x4ram:inst7|24decoder:inst|inst3     ; |PD|ram:inst|4x32ram:inst6|4x4ram:inst7|24decoder:inst|inst3     ; out0             ;
; |PD|ram:inst|4x32ram:inst6|4x4ram:inst7|24decoder:inst|inst4     ; |PD|ram:inst|4x32ram:inst6|4x4ram:inst7|24decoder:inst|inst4     ; out0             ;
; |PD|ram:inst|4x32ram:inst6|4x4ram:inst7|24decoder:inst|inst5     ; |PD|ram:inst|4x32ram:inst6|4x4ram:inst7|24decoder:inst|inst5     ; out0             ;
; |PD|ram:inst|4x32ram:inst6|4x4ram:inst7|memory_cell:inst2|inst4  ; |PD|ram:inst|4x32ram:inst6|4x4ram:inst7|memory_cell:inst2|inst4  ; out0             ;
; |PD|ram:inst|4x32ram:inst6|4x4ram:inst6|inst17                   ; |PD|ram:inst|4x32ram:inst6|4x4ram:inst6|inst17                   ; out0             ;
; |PD|ram:inst|4x32ram:inst6|4x4ram:inst6|inst18                   ; |PD|ram:inst|4x32ram:inst6|4x4ram:inst6|inst18                   ; out0             ;
; |PD|ram:inst|4x32ram:inst6|4x4ram:inst6|memory_cell:inst3|inst4  ; |PD|ram:inst|4x32ram:inst6|4x4ram:inst6|memory_cell:inst3|inst4  ; out0             ;
; |PD|ram:inst|4x32ram:inst6|4x4ram:inst6|memory_cell:inst5|inst4  ; |PD|ram:inst|4x32ram:inst6|4x4ram:inst6|memory_cell:inst5|inst4  ; out0             ;
; |PD|ram:inst|4x32ram:inst6|4x4ram:inst6|memory_cell:inst7|inst4  ; |PD|ram:inst|4x32ram:inst6|4x4ram:inst6|memory_cell:inst7|inst4  ; out0             ;
; |PD|ram:inst|4x32ram:inst6|4x4ram:inst6|memory_cell:inst1|inst4  ; |PD|ram:inst|4x32ram:inst6|4x4ram:inst6|memory_cell:inst1|inst4  ; out0             ;
; |PD|ram:inst|4x32ram:inst6|4x4ram:inst6|memory_cell:inst16|inst4 ; |PD|ram:inst|4x32ram:inst6|4x4ram:inst6|memory_cell:inst16|inst4 ; out0             ;
; |PD|ram:inst|4x32ram:inst6|4x4ram:inst6|memory_cell:inst14|inst4 ; |PD|ram:inst|4x32ram:inst6|4x4ram:inst6|memory_cell:inst14|inst4 ; out0             ;
; |PD|ram:inst|4x32ram:inst6|4x4ram:inst6|memory_cell:inst12|inst4 ; |PD|ram:inst|4x32ram:inst6|4x4ram:inst6|memory_cell:inst12|inst4 ; out0             ;
; |PD|ram:inst|4x32ram:inst6|4x4ram:inst6|memory_cell:inst10|inst4 ; |PD|ram:inst|4x32ram:inst6|4x4ram:inst6|memory_cell:inst10|inst4 ; out0             ;
; |PD|ram:inst|4x32ram:inst6|4x4ram:inst6|memory_cell:inst15|inst4 ; |PD|ram:inst|4x32ram:inst6|4x4ram:inst6|memory_cell:inst15|inst4 ; out0             ;
; |PD|ram:inst|4x32ram:inst6|4x4ram:inst6|memory_cell:inst13|inst4 ; |PD|ram:inst|4x32ram:inst6|4x4ram:inst6|memory_cell:inst13|inst4 ; out0             ;
; |PD|ram:inst|4x32ram:inst6|4x4ram:inst6|memory_cell:inst11|inst4 ; |PD|ram:inst|4x32ram:inst6|4x4ram:inst6|memory_cell:inst11|inst4 ; out0             ;
; |PD|ram:inst|4x32ram:inst6|4x4ram:inst6|memory_cell:inst9|inst4  ; |PD|ram:inst|4x32ram:inst6|4x4ram:inst6|memory_cell:inst9|inst4  ; out0             ;
; |PD|ram:inst|4x32ram:inst6|4x4ram:inst6|memory_cell:inst8|inst4  ; |PD|ram:inst|4x32ram:inst6|4x4ram:inst6|memory_cell:inst8|inst4  ; out0             ;
; |PD|ram:inst|4x32ram:inst6|4x4ram:inst6|memory_cell:inst6|inst4  ; |PD|ram:inst|4x32ram:inst6|4x4ram:inst6|memory_cell:inst6|inst4  ; out0             ;
; |PD|ram:inst|4x32ram:inst6|4x4ram:inst6|memory_cell:inst4|inst4  ; |PD|ram:inst|4x32ram:inst6|4x4ram:inst6|memory_cell:inst4|inst4  ; out0             ;
; |PD|ram:inst|4x32ram:inst6|4x4ram:inst6|24decoder:inst|inst2     ; |PD|ram:inst|4x32ram:inst6|4x4ram:inst6|24decoder:inst|inst2     ; out0             ;
; |PD|ram:inst|4x32ram:inst6|4x4ram:inst6|24decoder:inst|inst3     ; |PD|ram:inst|4x32ram:inst6|4x4ram:inst6|24decoder:inst|inst3     ; out0             ;
; |PD|ram:inst|4x32ram:inst6|4x4ram:inst6|24decoder:inst|inst4     ; |PD|ram:inst|4x32ram:inst6|4x4ram:inst6|24decoder:inst|inst4     ; out0             ;
; |PD|ram:inst|4x32ram:inst6|4x4ram:inst6|24decoder:inst|inst5     ; |PD|ram:inst|4x32ram:inst6|4x4ram:inst6|24decoder:inst|inst5     ; out0             ;
; |PD|ram:inst|4x32ram:inst6|4x4ram:inst6|memory_cell:inst2|inst4  ; |PD|ram:inst|4x32ram:inst6|4x4ram:inst6|memory_cell:inst2|inst4  ; out0             ;
; |PD|ram:inst|4x32ram:inst6|4x4ram:inst5|inst17                   ; |PD|ram:inst|4x32ram:inst6|4x4ram:inst5|inst17                   ; out0             ;
; |PD|ram:inst|4x32ram:inst6|4x4ram:inst5|inst18                   ; |PD|ram:inst|4x32ram:inst6|4x4ram:inst5|inst18                   ; out0             ;
; |PD|ram:inst|4x32ram:inst6|4x4ram:inst5|memory_cell:inst3|inst4  ; |PD|ram:inst|4x32ram:inst6|4x4ram:inst5|memory_cell:inst3|inst4  ; out0             ;
; |PD|ram:inst|4x32ram:inst6|4x4ram:inst5|memory_cell:inst5|inst4  ; |PD|ram:inst|4x32ram:inst6|4x4ram:inst5|memory_cell:inst5|inst4  ; out0             ;
; |PD|ram:inst|4x32ram:inst6|4x4ram:inst5|memory_cell:inst7|inst4  ; |PD|ram:inst|4x32ram:inst6|4x4ram:inst5|memory_cell:inst7|inst4  ; out0             ;
; |PD|ram:inst|4x32ram:inst6|4x4ram:inst5|memory_cell:inst1|inst4  ; |PD|ram:inst|4x32ram:inst6|4x4ram:inst5|memory_cell:inst1|inst4  ; out0             ;
; |PD|ram:inst|4x32ram:inst6|4x4ram:inst5|memory_cell:inst16|inst4 ; |PD|ram:inst|4x32ram:inst6|4x4ram:inst5|memory_cell:inst16|inst4 ; out0             ;
; |PD|ram:inst|4x32ram:inst6|4x4ram:inst5|memory_cell:inst14|inst4 ; |PD|ram:inst|4x32ram:inst6|4x4ram:inst5|memory_cell:inst14|inst4 ; out0             ;
; |PD|ram:inst|4x32ram:inst6|4x4ram:inst5|memory_cell:inst12|inst4 ; |PD|ram:inst|4x32ram:inst6|4x4ram:inst5|memory_cell:inst12|inst4 ; out0             ;
; |PD|ram:inst|4x32ram:inst6|4x4ram:inst5|memory_cell:inst10|inst4 ; |PD|ram:inst|4x32ram:inst6|4x4ram:inst5|memory_cell:inst10|inst4 ; out0             ;
; |PD|ram:inst|4x32ram:inst6|4x4ram:inst5|memory_cell:inst15|inst4 ; |PD|ram:inst|4x32ram:inst6|4x4ram:inst5|memory_cell:inst15|inst4 ; out0             ;
; |PD|ram:inst|4x32ram:inst6|4x4ram:inst5|memory_cell:inst13|inst4 ; |PD|ram:inst|4x32ram:inst6|4x4ram:inst5|memory_cell:inst13|inst4 ; out0             ;
; |PD|ram:inst|4x32ram:inst6|4x4ram:inst5|memory_cell:inst11|inst4 ; |PD|ram:inst|4x32ram:inst6|4x4ram:inst5|memory_cell:inst11|inst4 ; out0             ;
; |PD|ram:inst|4x32ram:inst6|4x4ram:inst5|memory_cell:inst9|inst4  ; |PD|ram:inst|4x32ram:inst6|4x4ram:inst5|memory_cell:inst9|inst4  ; out0             ;
; |PD|ram:inst|4x32ram:inst6|4x4ram:inst5|memory_cell:inst8|inst4  ; |PD|ram:inst|4x32ram:inst6|4x4ram:inst5|memory_cell:inst8|inst4  ; out0             ;
; |PD|ram:inst|4x32ram:inst6|4x4ram:inst5|memory_cell:inst6|inst4  ; |PD|ram:inst|4x32ram:inst6|4x4ram:inst5|memory_cell:inst6|inst4  ; out0             ;
; |PD|ram:inst|4x32ram:inst6|4x4ram:inst5|memory_cell:inst4|inst4  ; |PD|ram:inst|4x32ram:inst6|4x4ram:inst5|memory_cell:inst4|inst4  ; out0             ;
; |PD|ram:inst|4x32ram:inst6|4x4ram:inst5|24decoder:inst|inst2     ; |PD|ram:inst|4x32ram:inst6|4x4ram:inst5|24decoder:inst|inst2     ; out0             ;
; |PD|ram:inst|4x32ram:inst6|4x4ram:inst5|24decoder:inst|inst3     ; |PD|ram:inst|4x32ram:inst6|4x4ram:inst5|24decoder:inst|inst3     ; out0             ;
; |PD|ram:inst|4x32ram:inst6|4x4ram:inst5|24decoder:inst|inst4     ; |PD|ram:inst|4x32ram:inst6|4x4ram:inst5|24decoder:inst|inst4     ; out0             ;
; |PD|ram:inst|4x32ram:inst6|4x4ram:inst5|24decoder:inst|inst5     ; |PD|ram:inst|4x32ram:inst6|4x4ram:inst5|24decoder:inst|inst5     ; out0             ;
; |PD|ram:inst|4x32ram:inst6|4x4ram:inst5|memory_cell:inst2|inst4  ; |PD|ram:inst|4x32ram:inst6|4x4ram:inst5|memory_cell:inst2|inst4  ; out0             ;
; |PD|ram:inst|4x32ram:inst6|4x4ram:inst4|inst17                   ; |PD|ram:inst|4x32ram:inst6|4x4ram:inst4|inst17                   ; out0             ;
; |PD|ram:inst|4x32ram:inst6|4x4ram:inst4|inst18                   ; |PD|ram:inst|4x32ram:inst6|4x4ram:inst4|inst18                   ; out0             ;
; |PD|ram:inst|4x32ram:inst6|4x4ram:inst4|memory_cell:inst3|inst4  ; |PD|ram:inst|4x32ram:inst6|4x4ram:inst4|memory_cell:inst3|inst4  ; out0             ;
; |PD|ram:inst|4x32ram:inst6|4x4ram:inst4|memory_cell:inst5|inst4  ; |PD|ram:inst|4x32ram:inst6|4x4ram:inst4|memory_cell:inst5|inst4  ; out0             ;
; |PD|ram:inst|4x32ram:inst6|4x4ram:inst4|memory_cell:inst7|inst4  ; |PD|ram:inst|4x32ram:inst6|4x4ram:inst4|memory_cell:inst7|inst4  ; out0             ;
; |PD|ram:inst|4x32ram:inst6|4x4ram:inst4|memory_cell:inst1|inst4  ; |PD|ram:inst|4x32ram:inst6|4x4ram:inst4|memory_cell:inst1|inst4  ; out0             ;
; |PD|ram:inst|4x32ram:inst6|4x4ram:inst4|memory_cell:inst16|inst4 ; |PD|ram:inst|4x32ram:inst6|4x4ram:inst4|memory_cell:inst16|inst4 ; out0             ;
; |PD|ram:inst|4x32ram:inst6|4x4ram:inst4|memory_cell:inst14|inst4 ; |PD|ram:inst|4x32ram:inst6|4x4ram:inst4|memory_cell:inst14|inst4 ; out0             ;
; |PD|ram:inst|4x32ram:inst6|4x4ram:inst4|memory_cell:inst12|inst4 ; |PD|ram:inst|4x32ram:inst6|4x4ram:inst4|memory_cell:inst12|inst4 ; out0             ;
; |PD|ram:inst|4x32ram:inst6|4x4ram:inst4|memory_cell:inst10|inst4 ; |PD|ram:inst|4x32ram:inst6|4x4ram:inst4|memory_cell:inst10|inst4 ; out0             ;
; |PD|ram:inst|4x32ram:inst6|4x4ram:inst4|memory_cell:inst15|inst4 ; |PD|ram:inst|4x32ram:inst6|4x4ram:inst4|memory_cell:inst15|inst4 ; out0             ;
; |PD|ram:inst|4x32ram:inst6|4x4ram:inst4|memory_cell:inst13|inst4 ; |PD|ram:inst|4x32ram:inst6|4x4ram:inst4|memory_cell:inst13|inst4 ; out0             ;
; |PD|ram:inst|4x32ram:inst6|4x4ram:inst4|memory_cell:inst11|inst4 ; |PD|ram:inst|4x32ram:inst6|4x4ram:inst4|memory_cell:inst11|inst4 ; out0             ;
; |PD|ram:inst|4x32ram:inst6|4x4ram:inst4|memory_cell:inst9|inst4  ; |PD|ram:inst|4x32ram:inst6|4x4ram:inst4|memory_cell:inst9|inst4  ; out0             ;
; |PD|ram:inst|4x32ram:inst6|4x4ram:inst4|memory_cell:inst8|inst4  ; |PD|ram:inst|4x32ram:inst6|4x4ram:inst4|memory_cell:inst8|inst4  ; out0             ;
; |PD|ram:inst|4x32ram:inst6|4x4ram:inst4|memory_cell:inst6|inst4  ; |PD|ram:inst|4x32ram:inst6|4x4ram:inst4|memory_cell:inst6|inst4  ; out0             ;
; |PD|ram:inst|4x32ram:inst6|4x4ram:inst4|memory_cell:inst4|inst4  ; |PD|ram:inst|4x32ram:inst6|4x4ram:inst4|memory_cell:inst4|inst4  ; out0             ;
; |PD|ram:inst|4x32ram:inst6|4x4ram:inst4|24decoder:inst|inst2     ; |PD|ram:inst|4x32ram:inst6|4x4ram:inst4|24decoder:inst|inst2     ; out0             ;
; |PD|ram:inst|4x32ram:inst6|4x4ram:inst4|24decoder:inst|inst3     ; |PD|ram:inst|4x32ram:inst6|4x4ram:inst4|24decoder:inst|inst3     ; out0             ;
; |PD|ram:inst|4x32ram:inst6|4x4ram:inst4|24decoder:inst|inst4     ; |PD|ram:inst|4x32ram:inst6|4x4ram:inst4|24decoder:inst|inst4     ; out0             ;
; |PD|ram:inst|4x32ram:inst6|4x4ram:inst4|24decoder:inst|inst5     ; |PD|ram:inst|4x32ram:inst6|4x4ram:inst4|24decoder:inst|inst5     ; out0             ;
; |PD|ram:inst|4x32ram:inst6|4x4ram:inst4|memory_cell:inst2|inst4  ; |PD|ram:inst|4x32ram:inst6|4x4ram:inst4|memory_cell:inst2|inst4  ; out0             ;
; |PD|ram:inst|4x32ram:inst6|4x4ram:inst3|inst17                   ; |PD|ram:inst|4x32ram:inst6|4x4ram:inst3|inst17                   ; out0             ;
; |PD|ram:inst|4x32ram:inst6|4x4ram:inst3|inst18                   ; |PD|ram:inst|4x32ram:inst6|4x4ram:inst3|inst18                   ; out0             ;
; |PD|ram:inst|4x32ram:inst6|4x4ram:inst3|memory_cell:inst3|inst4  ; |PD|ram:inst|4x32ram:inst6|4x4ram:inst3|memory_cell:inst3|inst4  ; out0             ;
; |PD|ram:inst|4x32ram:inst6|4x4ram:inst3|memory_cell:inst5|inst4  ; |PD|ram:inst|4x32ram:inst6|4x4ram:inst3|memory_cell:inst5|inst4  ; out0             ;
; |PD|ram:inst|4x32ram:inst6|4x4ram:inst3|memory_cell:inst7|inst4  ; |PD|ram:inst|4x32ram:inst6|4x4ram:inst3|memory_cell:inst7|inst4  ; out0             ;
; |PD|ram:inst|4x32ram:inst6|4x4ram:inst3|memory_cell:inst1|inst4  ; |PD|ram:inst|4x32ram:inst6|4x4ram:inst3|memory_cell:inst1|inst4  ; out0             ;
; |PD|ram:inst|4x32ram:inst6|4x4ram:inst3|memory_cell:inst16|inst4 ; |PD|ram:inst|4x32ram:inst6|4x4ram:inst3|memory_cell:inst16|inst4 ; out0             ;
; |PD|ram:inst|4x32ram:inst6|4x4ram:inst3|memory_cell:inst14|inst4 ; |PD|ram:inst|4x32ram:inst6|4x4ram:inst3|memory_cell:inst14|inst4 ; out0             ;
; |PD|ram:inst|4x32ram:inst6|4x4ram:inst3|memory_cell:inst12|inst4 ; |PD|ram:inst|4x32ram:inst6|4x4ram:inst3|memory_cell:inst12|inst4 ; out0             ;
; |PD|ram:inst|4x32ram:inst6|4x4ram:inst3|memory_cell:inst10|inst4 ; |PD|ram:inst|4x32ram:inst6|4x4ram:inst3|memory_cell:inst10|inst4 ; out0             ;
; |PD|ram:inst|4x32ram:inst6|4x4ram:inst3|memory_cell:inst15|inst4 ; |PD|ram:inst|4x32ram:inst6|4x4ram:inst3|memory_cell:inst15|inst4 ; out0             ;
; |PD|ram:inst|4x32ram:inst6|4x4ram:inst3|memory_cell:inst13|inst4 ; |PD|ram:inst|4x32ram:inst6|4x4ram:inst3|memory_cell:inst13|inst4 ; out0             ;
; |PD|ram:inst|4x32ram:inst6|4x4ram:inst3|memory_cell:inst11|inst4 ; |PD|ram:inst|4x32ram:inst6|4x4ram:inst3|memory_cell:inst11|inst4 ; out0             ;
; |PD|ram:inst|4x32ram:inst6|4x4ram:inst3|memory_cell:inst9|inst4  ; |PD|ram:inst|4x32ram:inst6|4x4ram:inst3|memory_cell:inst9|inst4  ; out0             ;
; |PD|ram:inst|4x32ram:inst6|4x4ram:inst3|memory_cell:inst8|inst4  ; |PD|ram:inst|4x32ram:inst6|4x4ram:inst3|memory_cell:inst8|inst4  ; out0             ;
; |PD|ram:inst|4x32ram:inst6|4x4ram:inst3|memory_cell:inst6|inst4  ; |PD|ram:inst|4x32ram:inst6|4x4ram:inst3|memory_cell:inst6|inst4  ; out0             ;
; |PD|ram:inst|4x32ram:inst6|4x4ram:inst3|memory_cell:inst4|inst4  ; |PD|ram:inst|4x32ram:inst6|4x4ram:inst3|memory_cell:inst4|inst4  ; out0             ;
; |PD|ram:inst|4x32ram:inst6|4x4ram:inst3|24decoder:inst|inst2     ; |PD|ram:inst|4x32ram:inst6|4x4ram:inst3|24decoder:inst|inst2     ; out0             ;
; |PD|ram:inst|4x32ram:inst6|4x4ram:inst3|24decoder:inst|inst3     ; |PD|ram:inst|4x32ram:inst6|4x4ram:inst3|24decoder:inst|inst3     ; out0             ;
; |PD|ram:inst|4x32ram:inst6|4x4ram:inst3|24decoder:inst|inst4     ; |PD|ram:inst|4x32ram:inst6|4x4ram:inst3|24decoder:inst|inst4     ; out0             ;
; |PD|ram:inst|4x32ram:inst6|4x4ram:inst3|24decoder:inst|inst5     ; |PD|ram:inst|4x32ram:inst6|4x4ram:inst3|24decoder:inst|inst5     ; out0             ;
; |PD|ram:inst|4x32ram:inst6|4x4ram:inst3|memory_cell:inst2|inst4  ; |PD|ram:inst|4x32ram:inst6|4x4ram:inst3|memory_cell:inst2|inst4  ; out0             ;
; |PD|ram:inst|4x32ram:inst6|4x4ram:inst1|inst17                   ; |PD|ram:inst|4x32ram:inst6|4x4ram:inst1|inst17                   ; out0             ;
; |PD|ram:inst|4x32ram:inst6|4x4ram:inst1|inst18                   ; |PD|ram:inst|4x32ram:inst6|4x4ram:inst1|inst18                   ; out0             ;
; |PD|ram:inst|4x32ram:inst6|4x4ram:inst1|memory_cell:inst3|inst4  ; |PD|ram:inst|4x32ram:inst6|4x4ram:inst1|memory_cell:inst3|inst4  ; out0             ;
; |PD|ram:inst|4x32ram:inst6|4x4ram:inst1|memory_cell:inst5|inst4  ; |PD|ram:inst|4x32ram:inst6|4x4ram:inst1|memory_cell:inst5|inst4  ; out0             ;
; |PD|ram:inst|4x32ram:inst6|4x4ram:inst1|memory_cell:inst7|inst4  ; |PD|ram:inst|4x32ram:inst6|4x4ram:inst1|memory_cell:inst7|inst4  ; out0             ;
; |PD|ram:inst|4x32ram:inst6|4x4ram:inst1|memory_cell:inst1|inst4  ; |PD|ram:inst|4x32ram:inst6|4x4ram:inst1|memory_cell:inst1|inst4  ; out0             ;
; |PD|ram:inst|4x32ram:inst6|4x4ram:inst1|memory_cell:inst16|inst4 ; |PD|ram:inst|4x32ram:inst6|4x4ram:inst1|memory_cell:inst16|inst4 ; out0             ;
; |PD|ram:inst|4x32ram:inst6|4x4ram:inst1|memory_cell:inst14|inst4 ; |PD|ram:inst|4x32ram:inst6|4x4ram:inst1|memory_cell:inst14|inst4 ; out0             ;
; |PD|ram:inst|4x32ram:inst6|4x4ram:inst1|memory_cell:inst12|inst4 ; |PD|ram:inst|4x32ram:inst6|4x4ram:inst1|memory_cell:inst12|inst4 ; out0             ;
; |PD|ram:inst|4x32ram:inst6|4x4ram:inst1|memory_cell:inst10|inst4 ; |PD|ram:inst|4x32ram:inst6|4x4ram:inst1|memory_cell:inst10|inst4 ; out0             ;
; |PD|ram:inst|4x32ram:inst6|4x4ram:inst1|memory_cell:inst15|inst4 ; |PD|ram:inst|4x32ram:inst6|4x4ram:inst1|memory_cell:inst15|inst4 ; out0             ;
; |PD|ram:inst|4x32ram:inst6|4x4ram:inst1|memory_cell:inst13|inst4 ; |PD|ram:inst|4x32ram:inst6|4x4ram:inst1|memory_cell:inst13|inst4 ; out0             ;
; |PD|ram:inst|4x32ram:inst6|4x4ram:inst1|memory_cell:inst11|inst4 ; |PD|ram:inst|4x32ram:inst6|4x4ram:inst1|memory_cell:inst11|inst4 ; out0             ;
; |PD|ram:inst|4x32ram:inst6|4x4ram:inst1|memory_cell:inst9|inst4  ; |PD|ram:inst|4x32ram:inst6|4x4ram:inst1|memory_cell:inst9|inst4  ; out0             ;
; |PD|ram:inst|4x32ram:inst6|4x4ram:inst1|memory_cell:inst8|inst4  ; |PD|ram:inst|4x32ram:inst6|4x4ram:inst1|memory_cell:inst8|inst4  ; out0             ;
; |PD|ram:inst|4x32ram:inst6|4x4ram:inst1|memory_cell:inst6|inst4  ; |PD|ram:inst|4x32ram:inst6|4x4ram:inst1|memory_cell:inst6|inst4  ; out0             ;
; |PD|ram:inst|4x32ram:inst6|4x4ram:inst1|memory_cell:inst4|inst4  ; |PD|ram:inst|4x32ram:inst6|4x4ram:inst1|memory_cell:inst4|inst4  ; out0             ;
; |PD|ram:inst|4x32ram:inst6|4x4ram:inst1|24decoder:inst|inst2     ; |PD|ram:inst|4x32ram:inst6|4x4ram:inst1|24decoder:inst|inst2     ; out0             ;
; |PD|ram:inst|4x32ram:inst6|4x4ram:inst1|24decoder:inst|inst3     ; |PD|ram:inst|4x32ram:inst6|4x4ram:inst1|24decoder:inst|inst3     ; out0             ;
; |PD|ram:inst|4x32ram:inst6|4x4ram:inst1|24decoder:inst|inst4     ; |PD|ram:inst|4x32ram:inst6|4x4ram:inst1|24decoder:inst|inst4     ; out0             ;
; |PD|ram:inst|4x32ram:inst6|4x4ram:inst1|24decoder:inst|inst5     ; |PD|ram:inst|4x32ram:inst6|4x4ram:inst1|24decoder:inst|inst5     ; out0             ;
; |PD|ram:inst|4x32ram:inst6|4x4ram:inst1|memory_cell:inst2|inst4  ; |PD|ram:inst|4x32ram:inst6|4x4ram:inst1|memory_cell:inst2|inst4  ; out0             ;
; |PD|ram:inst|4x32ram:inst6|4x4ram:inst|inst17                    ; |PD|ram:inst|4x32ram:inst6|4x4ram:inst|inst17                    ; out0             ;
; |PD|ram:inst|4x32ram:inst6|4x4ram:inst|inst18                    ; |PD|ram:inst|4x32ram:inst6|4x4ram:inst|inst18                    ; out0             ;
; |PD|ram:inst|4x32ram:inst6|4x4ram:inst|memory_cell:inst3|inst4   ; |PD|ram:inst|4x32ram:inst6|4x4ram:inst|memory_cell:inst3|inst4   ; out0             ;
; |PD|ram:inst|4x32ram:inst6|4x4ram:inst|memory_cell:inst5|inst4   ; |PD|ram:inst|4x32ram:inst6|4x4ram:inst|memory_cell:inst5|inst4   ; out0             ;
; |PD|ram:inst|4x32ram:inst6|4x4ram:inst|memory_cell:inst7|inst4   ; |PD|ram:inst|4x32ram:inst6|4x4ram:inst|memory_cell:inst7|inst4   ; out0             ;
; |PD|ram:inst|4x32ram:inst6|4x4ram:inst|memory_cell:inst1|inst4   ; |PD|ram:inst|4x32ram:inst6|4x4ram:inst|memory_cell:inst1|inst4   ; out0             ;
; |PD|ram:inst|4x32ram:inst6|4x4ram:inst|memory_cell:inst16|inst4  ; |PD|ram:inst|4x32ram:inst6|4x4ram:inst|memory_cell:inst16|inst4  ; out0             ;
; |PD|ram:inst|4x32ram:inst6|4x4ram:inst|memory_cell:inst14|inst4  ; |PD|ram:inst|4x32ram:inst6|4x4ram:inst|memory_cell:inst14|inst4  ; out0             ;
; |PD|ram:inst|4x32ram:inst6|4x4ram:inst|memory_cell:inst12|inst4  ; |PD|ram:inst|4x32ram:inst6|4x4ram:inst|memory_cell:inst12|inst4  ; out0             ;
; |PD|ram:inst|4x32ram:inst6|4x4ram:inst|memory_cell:inst10|inst4  ; |PD|ram:inst|4x32ram:inst6|4x4ram:inst|memory_cell:inst10|inst4  ; out0             ;
; |PD|ram:inst|4x32ram:inst6|4x4ram:inst|memory_cell:inst15|inst4  ; |PD|ram:inst|4x32ram:inst6|4x4ram:inst|memory_cell:inst15|inst4  ; out0             ;
; |PD|ram:inst|4x32ram:inst6|4x4ram:inst|memory_cell:inst13|inst4  ; |PD|ram:inst|4x32ram:inst6|4x4ram:inst|memory_cell:inst13|inst4  ; out0             ;
; |PD|ram:inst|4x32ram:inst6|4x4ram:inst|memory_cell:inst11|inst4  ; |PD|ram:inst|4x32ram:inst6|4x4ram:inst|memory_cell:inst11|inst4  ; out0             ;
; |PD|ram:inst|4x32ram:inst6|4x4ram:inst|memory_cell:inst9|inst4   ; |PD|ram:inst|4x32ram:inst6|4x4ram:inst|memory_cell:inst9|inst4   ; out0             ;
; |PD|ram:inst|4x32ram:inst6|4x4ram:inst|memory_cell:inst8|inst4   ; |PD|ram:inst|4x32ram:inst6|4x4ram:inst|memory_cell:inst8|inst4   ; out0             ;
; |PD|ram:inst|4x32ram:inst6|4x4ram:inst|memory_cell:inst6|inst4   ; |PD|ram:inst|4x32ram:inst6|4x4ram:inst|memory_cell:inst6|inst4   ; out0             ;
; |PD|ram:inst|4x32ram:inst6|4x4ram:inst|memory_cell:inst4|inst4   ; |PD|ram:inst|4x32ram:inst6|4x4ram:inst|memory_cell:inst4|inst4   ; out0             ;
; |PD|ram:inst|4x32ram:inst6|4x4ram:inst|24decoder:inst|inst2      ; |PD|ram:inst|4x32ram:inst6|4x4ram:inst|24decoder:inst|inst2      ; out0             ;
; |PD|ram:inst|4x32ram:inst6|4x4ram:inst|24decoder:inst|inst3      ; |PD|ram:inst|4x32ram:inst6|4x4ram:inst|24decoder:inst|inst3      ; out0             ;
; |PD|ram:inst|4x32ram:inst6|4x4ram:inst|24decoder:inst|inst4      ; |PD|ram:inst|4x32ram:inst6|4x4ram:inst|24decoder:inst|inst4      ; out0             ;
; |PD|ram:inst|4x32ram:inst6|4x4ram:inst|24decoder:inst|inst5      ; |PD|ram:inst|4x32ram:inst6|4x4ram:inst|24decoder:inst|inst5      ; out0             ;
; |PD|ram:inst|4x32ram:inst6|4x4ram:inst|memory_cell:inst2|inst4   ; |PD|ram:inst|4x32ram:inst6|4x4ram:inst|memory_cell:inst2|inst4   ; out0             ;
; |PD|ram:inst|4x32ram:inst5|4x4ram:inst8|inst20                   ; |PD|ram:inst|4x32ram:inst5|4x4ram:inst8|inst20                   ; out              ;
; |PD|ram:inst|4x32ram:inst5|4x4ram:inst8|IN~0                     ; |PD|ram:inst|4x32ram:inst5|4x4ram:inst8|IN~0                     ; out0             ;
; |PD|ram:inst|4x32ram:inst5|4x4ram:inst8|inst17                   ; |PD|ram:inst|4x32ram:inst5|4x4ram:inst8|inst17                   ; out0             ;
; |PD|ram:inst|4x32ram:inst5|4x4ram:inst8|inst18                   ; |PD|ram:inst|4x32ram:inst5|4x4ram:inst8|inst18                   ; out0             ;
; |PD|ram:inst|4x32ram:inst5|4x4ram:inst8|inst21                   ; |PD|ram:inst|4x32ram:inst5|4x4ram:inst8|inst21                   ; out              ;
; |PD|ram:inst|4x32ram:inst5|4x4ram:inst8|IN~1                     ; |PD|ram:inst|4x32ram:inst5|4x4ram:inst8|IN~1                     ; out0             ;
; |PD|ram:inst|4x32ram:inst5|4x4ram:inst8|inst22                   ; |PD|ram:inst|4x32ram:inst5|4x4ram:inst8|inst22                   ; out              ;
; |PD|ram:inst|4x32ram:inst5|4x4ram:inst8|IN~2                     ; |PD|ram:inst|4x32ram:inst5|4x4ram:inst8|IN~2                     ; out0             ;
; |PD|ram:inst|4x32ram:inst5|4x4ram:inst8|IN~3                     ; |PD|ram:inst|4x32ram:inst5|4x4ram:inst8|IN~3                     ; out0             ;
; |PD|ram:inst|4x32ram:inst5|4x4ram:inst8|memory_cell:inst3|inst3  ; |PD|ram:inst|4x32ram:inst5|4x4ram:inst8|memory_cell:inst3|inst3  ; out              ;
; |PD|ram:inst|4x32ram:inst5|4x4ram:inst8|memory_cell:inst3|inst4  ; |PD|ram:inst|4x32ram:inst5|4x4ram:inst8|memory_cell:inst3|inst4  ; out0             ;
; |PD|ram:inst|4x32ram:inst5|4x4ram:inst8|memory_cell:inst5|inst3  ; |PD|ram:inst|4x32ram:inst5|4x4ram:inst8|memory_cell:inst5|inst3  ; out              ;
; |PD|ram:inst|4x32ram:inst5|4x4ram:inst8|memory_cell:inst5|inst4  ; |PD|ram:inst|4x32ram:inst5|4x4ram:inst8|memory_cell:inst5|inst4  ; out0             ;
; |PD|ram:inst|4x32ram:inst5|4x4ram:inst8|memory_cell:inst7|inst3  ; |PD|ram:inst|4x32ram:inst5|4x4ram:inst8|memory_cell:inst7|inst3  ; out              ;
; |PD|ram:inst|4x32ram:inst5|4x4ram:inst8|memory_cell:inst7|inst4  ; |PD|ram:inst|4x32ram:inst5|4x4ram:inst8|memory_cell:inst7|inst4  ; out0             ;
; |PD|ram:inst|4x32ram:inst5|4x4ram:inst8|memory_cell:inst1|inst3  ; |PD|ram:inst|4x32ram:inst5|4x4ram:inst8|memory_cell:inst1|inst3  ; out              ;
; |PD|ram:inst|4x32ram:inst5|4x4ram:inst8|memory_cell:inst1|inst4  ; |PD|ram:inst|4x32ram:inst5|4x4ram:inst8|memory_cell:inst1|inst4  ; out0             ;
; |PD|ram:inst|4x32ram:inst5|4x4ram:inst8|memory_cell:inst16|inst4 ; |PD|ram:inst|4x32ram:inst5|4x4ram:inst8|memory_cell:inst16|inst4 ; out0             ;
; |PD|ram:inst|4x32ram:inst5|4x4ram:inst8|memory_cell:inst14|inst3 ; |PD|ram:inst|4x32ram:inst5|4x4ram:inst8|memory_cell:inst14|inst3 ; out              ;
; |PD|ram:inst|4x32ram:inst5|4x4ram:inst8|memory_cell:inst14|inst4 ; |PD|ram:inst|4x32ram:inst5|4x4ram:inst8|memory_cell:inst14|inst4 ; out0             ;
; |PD|ram:inst|4x32ram:inst5|4x4ram:inst8|memory_cell:inst12|inst4 ; |PD|ram:inst|4x32ram:inst5|4x4ram:inst8|memory_cell:inst12|inst4 ; out0             ;
; |PD|ram:inst|4x32ram:inst5|4x4ram:inst8|memory_cell:inst10|inst3 ; |PD|ram:inst|4x32ram:inst5|4x4ram:inst8|memory_cell:inst10|inst3 ; out              ;
; |PD|ram:inst|4x32ram:inst5|4x4ram:inst8|memory_cell:inst10|inst4 ; |PD|ram:inst|4x32ram:inst5|4x4ram:inst8|memory_cell:inst10|inst4 ; out0             ;
; |PD|ram:inst|4x32ram:inst5|4x4ram:inst8|memory_cell:inst15|inst4 ; |PD|ram:inst|4x32ram:inst5|4x4ram:inst8|memory_cell:inst15|inst4 ; out0             ;
; |PD|ram:inst|4x32ram:inst5|4x4ram:inst8|memory_cell:inst13|inst3 ; |PD|ram:inst|4x32ram:inst5|4x4ram:inst8|memory_cell:inst13|inst3 ; out              ;
; |PD|ram:inst|4x32ram:inst5|4x4ram:inst8|memory_cell:inst13|inst4 ; |PD|ram:inst|4x32ram:inst5|4x4ram:inst8|memory_cell:inst13|inst4 ; out0             ;
; |PD|ram:inst|4x32ram:inst5|4x4ram:inst8|memory_cell:inst11|inst3 ; |PD|ram:inst|4x32ram:inst5|4x4ram:inst8|memory_cell:inst11|inst3 ; out              ;
; |PD|ram:inst|4x32ram:inst5|4x4ram:inst8|memory_cell:inst11|inst4 ; |PD|ram:inst|4x32ram:inst5|4x4ram:inst8|memory_cell:inst11|inst4 ; out0             ;
; |PD|ram:inst|4x32ram:inst5|4x4ram:inst8|memory_cell:inst9|inst4  ; |PD|ram:inst|4x32ram:inst5|4x4ram:inst8|memory_cell:inst9|inst4  ; out0             ;
; |PD|ram:inst|4x32ram:inst5|4x4ram:inst8|memory_cell:inst8|inst3  ; |PD|ram:inst|4x32ram:inst5|4x4ram:inst8|memory_cell:inst8|inst3  ; out              ;
; |PD|ram:inst|4x32ram:inst5|4x4ram:inst8|memory_cell:inst8|inst4  ; |PD|ram:inst|4x32ram:inst5|4x4ram:inst8|memory_cell:inst8|inst4  ; out0             ;
; |PD|ram:inst|4x32ram:inst5|4x4ram:inst8|memory_cell:inst6|inst4  ; |PD|ram:inst|4x32ram:inst5|4x4ram:inst8|memory_cell:inst6|inst4  ; out0             ;
; |PD|ram:inst|4x32ram:inst5|4x4ram:inst8|memory_cell:inst4|inst4  ; |PD|ram:inst|4x32ram:inst5|4x4ram:inst8|memory_cell:inst4|inst4  ; out0             ;
; |PD|ram:inst|4x32ram:inst5|4x4ram:inst8|24decoder:inst|inst2     ; |PD|ram:inst|4x32ram:inst5|4x4ram:inst8|24decoder:inst|inst2     ; out0             ;
; |PD|ram:inst|4x32ram:inst5|4x4ram:inst8|24decoder:inst|inst3     ; |PD|ram:inst|4x32ram:inst5|4x4ram:inst8|24decoder:inst|inst3     ; out0             ;
; |PD|ram:inst|4x32ram:inst5|4x4ram:inst8|24decoder:inst|inst4     ; |PD|ram:inst|4x32ram:inst5|4x4ram:inst8|24decoder:inst|inst4     ; out0             ;
; |PD|ram:inst|4x32ram:inst5|4x4ram:inst8|24decoder:inst|inst5     ; |PD|ram:inst|4x32ram:inst5|4x4ram:inst8|24decoder:inst|inst5     ; out0             ;
; |PD|ram:inst|4x32ram:inst5|4x4ram:inst8|memory_cell:inst2|inst4  ; |PD|ram:inst|4x32ram:inst5|4x4ram:inst8|memory_cell:inst2|inst4  ; out0             ;
; |PD|ram:inst|4x32ram:inst5|4x4ram:inst7|inst17                   ; |PD|ram:inst|4x32ram:inst5|4x4ram:inst7|inst17                   ; out0             ;
; |PD|ram:inst|4x32ram:inst5|4x4ram:inst7|inst18                   ; |PD|ram:inst|4x32ram:inst5|4x4ram:inst7|inst18                   ; out0             ;
; |PD|ram:inst|4x32ram:inst5|4x4ram:inst7|memory_cell:inst3|inst4  ; |PD|ram:inst|4x32ram:inst5|4x4ram:inst7|memory_cell:inst3|inst4  ; out0             ;
; |PD|ram:inst|4x32ram:inst5|4x4ram:inst7|memory_cell:inst5|inst4  ; |PD|ram:inst|4x32ram:inst5|4x4ram:inst7|memory_cell:inst5|inst4  ; out0             ;
; |PD|ram:inst|4x32ram:inst5|4x4ram:inst7|memory_cell:inst7|inst4  ; |PD|ram:inst|4x32ram:inst5|4x4ram:inst7|memory_cell:inst7|inst4  ; out0             ;
; |PD|ram:inst|4x32ram:inst5|4x4ram:inst7|memory_cell:inst1|inst4  ; |PD|ram:inst|4x32ram:inst5|4x4ram:inst7|memory_cell:inst1|inst4  ; out0             ;
; |PD|ram:inst|4x32ram:inst5|4x4ram:inst7|memory_cell:inst16|inst4 ; |PD|ram:inst|4x32ram:inst5|4x4ram:inst7|memory_cell:inst16|inst4 ; out0             ;
; |PD|ram:inst|4x32ram:inst5|4x4ram:inst7|memory_cell:inst14|inst4 ; |PD|ram:inst|4x32ram:inst5|4x4ram:inst7|memory_cell:inst14|inst4 ; out0             ;
; |PD|ram:inst|4x32ram:inst5|4x4ram:inst7|memory_cell:inst12|inst4 ; |PD|ram:inst|4x32ram:inst5|4x4ram:inst7|memory_cell:inst12|inst4 ; out0             ;
; |PD|ram:inst|4x32ram:inst5|4x4ram:inst7|memory_cell:inst10|inst4 ; |PD|ram:inst|4x32ram:inst5|4x4ram:inst7|memory_cell:inst10|inst4 ; out0             ;
; |PD|ram:inst|4x32ram:inst5|4x4ram:inst7|memory_cell:inst15|inst4 ; |PD|ram:inst|4x32ram:inst5|4x4ram:inst7|memory_cell:inst15|inst4 ; out0             ;
; |PD|ram:inst|4x32ram:inst5|4x4ram:inst7|memory_cell:inst13|inst4 ; |PD|ram:inst|4x32ram:inst5|4x4ram:inst7|memory_cell:inst13|inst4 ; out0             ;
; |PD|ram:inst|4x32ram:inst5|4x4ram:inst7|memory_cell:inst11|inst4 ; |PD|ram:inst|4x32ram:inst5|4x4ram:inst7|memory_cell:inst11|inst4 ; out0             ;
; |PD|ram:inst|4x32ram:inst5|4x4ram:inst7|memory_cell:inst9|inst4  ; |PD|ram:inst|4x32ram:inst5|4x4ram:inst7|memory_cell:inst9|inst4  ; out0             ;
; |PD|ram:inst|4x32ram:inst5|4x4ram:inst7|memory_cell:inst8|inst4  ; |PD|ram:inst|4x32ram:inst5|4x4ram:inst7|memory_cell:inst8|inst4  ; out0             ;
; |PD|ram:inst|4x32ram:inst5|4x4ram:inst7|memory_cell:inst6|inst4  ; |PD|ram:inst|4x32ram:inst5|4x4ram:inst7|memory_cell:inst6|inst4  ; out0             ;
; |PD|ram:inst|4x32ram:inst5|4x4ram:inst7|memory_cell:inst4|inst4  ; |PD|ram:inst|4x32ram:inst5|4x4ram:inst7|memory_cell:inst4|inst4  ; out0             ;
; |PD|ram:inst|4x32ram:inst5|4x4ram:inst7|24decoder:inst|inst2     ; |PD|ram:inst|4x32ram:inst5|4x4ram:inst7|24decoder:inst|inst2     ; out0             ;
; |PD|ram:inst|4x32ram:inst5|4x4ram:inst7|24decoder:inst|inst3     ; |PD|ram:inst|4x32ram:inst5|4x4ram:inst7|24decoder:inst|inst3     ; out0             ;
; |PD|ram:inst|4x32ram:inst5|4x4ram:inst7|24decoder:inst|inst4     ; |PD|ram:inst|4x32ram:inst5|4x4ram:inst7|24decoder:inst|inst4     ; out0             ;
; |PD|ram:inst|4x32ram:inst5|4x4ram:inst7|24decoder:inst|inst5     ; |PD|ram:inst|4x32ram:inst5|4x4ram:inst7|24decoder:inst|inst5     ; out0             ;
; |PD|ram:inst|4x32ram:inst5|4x4ram:inst7|memory_cell:inst2|inst4  ; |PD|ram:inst|4x32ram:inst5|4x4ram:inst7|memory_cell:inst2|inst4  ; out0             ;
; |PD|ram:inst|4x32ram:inst5|4x4ram:inst6|inst17                   ; |PD|ram:inst|4x32ram:inst5|4x4ram:inst6|inst17                   ; out0             ;
; |PD|ram:inst|4x32ram:inst5|4x4ram:inst6|inst18                   ; |PD|ram:inst|4x32ram:inst5|4x4ram:inst6|inst18                   ; out0             ;
; |PD|ram:inst|4x32ram:inst5|4x4ram:inst6|memory_cell:inst3|inst4  ; |PD|ram:inst|4x32ram:inst5|4x4ram:inst6|memory_cell:inst3|inst4  ; out0             ;
; |PD|ram:inst|4x32ram:inst5|4x4ram:inst6|memory_cell:inst5|inst4  ; |PD|ram:inst|4x32ram:inst5|4x4ram:inst6|memory_cell:inst5|inst4  ; out0             ;
; |PD|ram:inst|4x32ram:inst5|4x4ram:inst6|memory_cell:inst7|inst4  ; |PD|ram:inst|4x32ram:inst5|4x4ram:inst6|memory_cell:inst7|inst4  ; out0             ;
; |PD|ram:inst|4x32ram:inst5|4x4ram:inst6|memory_cell:inst1|inst4  ; |PD|ram:inst|4x32ram:inst5|4x4ram:inst6|memory_cell:inst1|inst4  ; out0             ;
; |PD|ram:inst|4x32ram:inst5|4x4ram:inst6|memory_cell:inst16|inst4 ; |PD|ram:inst|4x32ram:inst5|4x4ram:inst6|memory_cell:inst16|inst4 ; out0             ;
; |PD|ram:inst|4x32ram:inst5|4x4ram:inst6|memory_cell:inst14|inst4 ; |PD|ram:inst|4x32ram:inst5|4x4ram:inst6|memory_cell:inst14|inst4 ; out0             ;
; |PD|ram:inst|4x32ram:inst5|4x4ram:inst6|memory_cell:inst12|inst4 ; |PD|ram:inst|4x32ram:inst5|4x4ram:inst6|memory_cell:inst12|inst4 ; out0             ;
; |PD|ram:inst|4x32ram:inst5|4x4ram:inst6|memory_cell:inst10|inst4 ; |PD|ram:inst|4x32ram:inst5|4x4ram:inst6|memory_cell:inst10|inst4 ; out0             ;
; |PD|ram:inst|4x32ram:inst5|4x4ram:inst6|memory_cell:inst15|inst4 ; |PD|ram:inst|4x32ram:inst5|4x4ram:inst6|memory_cell:inst15|inst4 ; out0             ;
; |PD|ram:inst|4x32ram:inst5|4x4ram:inst6|memory_cell:inst13|inst4 ; |PD|ram:inst|4x32ram:inst5|4x4ram:inst6|memory_cell:inst13|inst4 ; out0             ;
; |PD|ram:inst|4x32ram:inst5|4x4ram:inst6|memory_cell:inst11|inst4 ; |PD|ram:inst|4x32ram:inst5|4x4ram:inst6|memory_cell:inst11|inst4 ; out0             ;
; |PD|ram:inst|4x32ram:inst5|4x4ram:inst6|memory_cell:inst9|inst4  ; |PD|ram:inst|4x32ram:inst5|4x4ram:inst6|memory_cell:inst9|inst4  ; out0             ;
; |PD|ram:inst|4x32ram:inst5|4x4ram:inst6|memory_cell:inst8|inst4  ; |PD|ram:inst|4x32ram:inst5|4x4ram:inst6|memory_cell:inst8|inst4  ; out0             ;
; |PD|ram:inst|4x32ram:inst5|4x4ram:inst6|memory_cell:inst6|inst4  ; |PD|ram:inst|4x32ram:inst5|4x4ram:inst6|memory_cell:inst6|inst4  ; out0             ;
; |PD|ram:inst|4x32ram:inst5|4x4ram:inst6|memory_cell:inst4|inst4  ; |PD|ram:inst|4x32ram:inst5|4x4ram:inst6|memory_cell:inst4|inst4  ; out0             ;
; |PD|ram:inst|4x32ram:inst5|4x4ram:inst6|24decoder:inst|inst2     ; |PD|ram:inst|4x32ram:inst5|4x4ram:inst6|24decoder:inst|inst2     ; out0             ;
; |PD|ram:inst|4x32ram:inst5|4x4ram:inst6|24decoder:inst|inst3     ; |PD|ram:inst|4x32ram:inst5|4x4ram:inst6|24decoder:inst|inst3     ; out0             ;
; |PD|ram:inst|4x32ram:inst5|4x4ram:inst6|24decoder:inst|inst4     ; |PD|ram:inst|4x32ram:inst5|4x4ram:inst6|24decoder:inst|inst4     ; out0             ;
; |PD|ram:inst|4x32ram:inst5|4x4ram:inst6|24decoder:inst|inst5     ; |PD|ram:inst|4x32ram:inst5|4x4ram:inst6|24decoder:inst|inst5     ; out0             ;
; |PD|ram:inst|4x32ram:inst5|4x4ram:inst6|memory_cell:inst2|inst4  ; |PD|ram:inst|4x32ram:inst5|4x4ram:inst6|memory_cell:inst2|inst4  ; out0             ;
; |PD|ram:inst|4x32ram:inst5|4x4ram:inst5|inst17                   ; |PD|ram:inst|4x32ram:inst5|4x4ram:inst5|inst17                   ; out0             ;
; |PD|ram:inst|4x32ram:inst5|4x4ram:inst5|inst18                   ; |PD|ram:inst|4x32ram:inst5|4x4ram:inst5|inst18                   ; out0             ;
; |PD|ram:inst|4x32ram:inst5|4x4ram:inst5|memory_cell:inst3|inst4  ; |PD|ram:inst|4x32ram:inst5|4x4ram:inst5|memory_cell:inst3|inst4  ; out0             ;
; |PD|ram:inst|4x32ram:inst5|4x4ram:inst5|memory_cell:inst5|inst4  ; |PD|ram:inst|4x32ram:inst5|4x4ram:inst5|memory_cell:inst5|inst4  ; out0             ;
; |PD|ram:inst|4x32ram:inst5|4x4ram:inst5|memory_cell:inst7|inst4  ; |PD|ram:inst|4x32ram:inst5|4x4ram:inst5|memory_cell:inst7|inst4  ; out0             ;
; |PD|ram:inst|4x32ram:inst5|4x4ram:inst5|memory_cell:inst1|inst4  ; |PD|ram:inst|4x32ram:inst5|4x4ram:inst5|memory_cell:inst1|inst4  ; out0             ;
; |PD|ram:inst|4x32ram:inst5|4x4ram:inst5|memory_cell:inst16|inst4 ; |PD|ram:inst|4x32ram:inst5|4x4ram:inst5|memory_cell:inst16|inst4 ; out0             ;
; |PD|ram:inst|4x32ram:inst5|4x4ram:inst5|memory_cell:inst14|inst4 ; |PD|ram:inst|4x32ram:inst5|4x4ram:inst5|memory_cell:inst14|inst4 ; out0             ;
; |PD|ram:inst|4x32ram:inst5|4x4ram:inst5|memory_cell:inst12|inst4 ; |PD|ram:inst|4x32ram:inst5|4x4ram:inst5|memory_cell:inst12|inst4 ; out0             ;
; |PD|ram:inst|4x32ram:inst5|4x4ram:inst5|memory_cell:inst10|inst4 ; |PD|ram:inst|4x32ram:inst5|4x4ram:inst5|memory_cell:inst10|inst4 ; out0             ;
; |PD|ram:inst|4x32ram:inst5|4x4ram:inst5|memory_cell:inst15|inst4 ; |PD|ram:inst|4x32ram:inst5|4x4ram:inst5|memory_cell:inst15|inst4 ; out0             ;
; |PD|ram:inst|4x32ram:inst5|4x4ram:inst5|memory_cell:inst13|inst4 ; |PD|ram:inst|4x32ram:inst5|4x4ram:inst5|memory_cell:inst13|inst4 ; out0             ;
; |PD|ram:inst|4x32ram:inst5|4x4ram:inst5|memory_cell:inst11|inst4 ; |PD|ram:inst|4x32ram:inst5|4x4ram:inst5|memory_cell:inst11|inst4 ; out0             ;
; |PD|ram:inst|4x32ram:inst5|4x4ram:inst5|memory_cell:inst9|inst4  ; |PD|ram:inst|4x32ram:inst5|4x4ram:inst5|memory_cell:inst9|inst4  ; out0             ;
; |PD|ram:inst|4x32ram:inst5|4x4ram:inst5|memory_cell:inst8|inst4  ; |PD|ram:inst|4x32ram:inst5|4x4ram:inst5|memory_cell:inst8|inst4  ; out0             ;
; |PD|ram:inst|4x32ram:inst5|4x4ram:inst5|memory_cell:inst6|inst4  ; |PD|ram:inst|4x32ram:inst5|4x4ram:inst5|memory_cell:inst6|inst4  ; out0             ;
; |PD|ram:inst|4x32ram:inst5|4x4ram:inst5|memory_cell:inst4|inst4  ; |PD|ram:inst|4x32ram:inst5|4x4ram:inst5|memory_cell:inst4|inst4  ; out0             ;
; |PD|ram:inst|4x32ram:inst5|4x4ram:inst5|24decoder:inst|inst2     ; |PD|ram:inst|4x32ram:inst5|4x4ram:inst5|24decoder:inst|inst2     ; out0             ;
; |PD|ram:inst|4x32ram:inst5|4x4ram:inst5|24decoder:inst|inst3     ; |PD|ram:inst|4x32ram:inst5|4x4ram:inst5|24decoder:inst|inst3     ; out0             ;
; |PD|ram:inst|4x32ram:inst5|4x4ram:inst5|24decoder:inst|inst4     ; |PD|ram:inst|4x32ram:inst5|4x4ram:inst5|24decoder:inst|inst4     ; out0             ;
; |PD|ram:inst|4x32ram:inst5|4x4ram:inst5|24decoder:inst|inst5     ; |PD|ram:inst|4x32ram:inst5|4x4ram:inst5|24decoder:inst|inst5     ; out0             ;
; |PD|ram:inst|4x32ram:inst5|4x4ram:inst5|memory_cell:inst2|inst4  ; |PD|ram:inst|4x32ram:inst5|4x4ram:inst5|memory_cell:inst2|inst4  ; out0             ;
; |PD|ram:inst|4x32ram:inst5|4x4ram:inst4|inst17                   ; |PD|ram:inst|4x32ram:inst5|4x4ram:inst4|inst17                   ; out0             ;
; |PD|ram:inst|4x32ram:inst5|4x4ram:inst4|inst18                   ; |PD|ram:inst|4x32ram:inst5|4x4ram:inst4|inst18                   ; out0             ;
; |PD|ram:inst|4x32ram:inst5|4x4ram:inst4|memory_cell:inst3|inst4  ; |PD|ram:inst|4x32ram:inst5|4x4ram:inst4|memory_cell:inst3|inst4  ; out0             ;
; |PD|ram:inst|4x32ram:inst5|4x4ram:inst4|memory_cell:inst5|inst4  ; |PD|ram:inst|4x32ram:inst5|4x4ram:inst4|memory_cell:inst5|inst4  ; out0             ;
; |PD|ram:inst|4x32ram:inst5|4x4ram:inst4|memory_cell:inst7|inst4  ; |PD|ram:inst|4x32ram:inst5|4x4ram:inst4|memory_cell:inst7|inst4  ; out0             ;
; |PD|ram:inst|4x32ram:inst5|4x4ram:inst4|memory_cell:inst1|inst4  ; |PD|ram:inst|4x32ram:inst5|4x4ram:inst4|memory_cell:inst1|inst4  ; out0             ;
; |PD|ram:inst|4x32ram:inst5|4x4ram:inst4|memory_cell:inst16|inst4 ; |PD|ram:inst|4x32ram:inst5|4x4ram:inst4|memory_cell:inst16|inst4 ; out0             ;
; |PD|ram:inst|4x32ram:inst5|4x4ram:inst4|memory_cell:inst14|inst4 ; |PD|ram:inst|4x32ram:inst5|4x4ram:inst4|memory_cell:inst14|inst4 ; out0             ;
; |PD|ram:inst|4x32ram:inst5|4x4ram:inst4|memory_cell:inst12|inst4 ; |PD|ram:inst|4x32ram:inst5|4x4ram:inst4|memory_cell:inst12|inst4 ; out0             ;
; |PD|ram:inst|4x32ram:inst5|4x4ram:inst4|memory_cell:inst10|inst4 ; |PD|ram:inst|4x32ram:inst5|4x4ram:inst4|memory_cell:inst10|inst4 ; out0             ;
; |PD|ram:inst|4x32ram:inst5|4x4ram:inst4|memory_cell:inst15|inst4 ; |PD|ram:inst|4x32ram:inst5|4x4ram:inst4|memory_cell:inst15|inst4 ; out0             ;
; |PD|ram:inst|4x32ram:inst5|4x4ram:inst4|memory_cell:inst13|inst4 ; |PD|ram:inst|4x32ram:inst5|4x4ram:inst4|memory_cell:inst13|inst4 ; out0             ;
; |PD|ram:inst|4x32ram:inst5|4x4ram:inst4|memory_cell:inst11|inst4 ; |PD|ram:inst|4x32ram:inst5|4x4ram:inst4|memory_cell:inst11|inst4 ; out0             ;
; |PD|ram:inst|4x32ram:inst5|4x4ram:inst4|memory_cell:inst9|inst4  ; |PD|ram:inst|4x32ram:inst5|4x4ram:inst4|memory_cell:inst9|inst4  ; out0             ;
; |PD|ram:inst|4x32ram:inst5|4x4ram:inst4|memory_cell:inst8|inst4  ; |PD|ram:inst|4x32ram:inst5|4x4ram:inst4|memory_cell:inst8|inst4  ; out0             ;
; |PD|ram:inst|4x32ram:inst5|4x4ram:inst4|memory_cell:inst6|inst4  ; |PD|ram:inst|4x32ram:inst5|4x4ram:inst4|memory_cell:inst6|inst4  ; out0             ;
; |PD|ram:inst|4x32ram:inst5|4x4ram:inst4|memory_cell:inst4|inst4  ; |PD|ram:inst|4x32ram:inst5|4x4ram:inst4|memory_cell:inst4|inst4  ; out0             ;
; |PD|ram:inst|4x32ram:inst5|4x4ram:inst4|24decoder:inst|inst2     ; |PD|ram:inst|4x32ram:inst5|4x4ram:inst4|24decoder:inst|inst2     ; out0             ;
; |PD|ram:inst|4x32ram:inst5|4x4ram:inst4|24decoder:inst|inst3     ; |PD|ram:inst|4x32ram:inst5|4x4ram:inst4|24decoder:inst|inst3     ; out0             ;
; |PD|ram:inst|4x32ram:inst5|4x4ram:inst4|24decoder:inst|inst4     ; |PD|ram:inst|4x32ram:inst5|4x4ram:inst4|24decoder:inst|inst4     ; out0             ;
; |PD|ram:inst|4x32ram:inst5|4x4ram:inst4|24decoder:inst|inst5     ; |PD|ram:inst|4x32ram:inst5|4x4ram:inst4|24decoder:inst|inst5     ; out0             ;
; |PD|ram:inst|4x32ram:inst5|4x4ram:inst4|memory_cell:inst2|inst4  ; |PD|ram:inst|4x32ram:inst5|4x4ram:inst4|memory_cell:inst2|inst4  ; out0             ;
; |PD|ram:inst|4x32ram:inst5|4x4ram:inst3|inst17                   ; |PD|ram:inst|4x32ram:inst5|4x4ram:inst3|inst17                   ; out0             ;
; |PD|ram:inst|4x32ram:inst5|4x4ram:inst3|inst18                   ; |PD|ram:inst|4x32ram:inst5|4x4ram:inst3|inst18                   ; out0             ;
; |PD|ram:inst|4x32ram:inst5|4x4ram:inst3|memory_cell:inst3|inst4  ; |PD|ram:inst|4x32ram:inst5|4x4ram:inst3|memory_cell:inst3|inst4  ; out0             ;
; |PD|ram:inst|4x32ram:inst5|4x4ram:inst3|memory_cell:inst5|inst4  ; |PD|ram:inst|4x32ram:inst5|4x4ram:inst3|memory_cell:inst5|inst4  ; out0             ;
; |PD|ram:inst|4x32ram:inst5|4x4ram:inst3|memory_cell:inst7|inst4  ; |PD|ram:inst|4x32ram:inst5|4x4ram:inst3|memory_cell:inst7|inst4  ; out0             ;
; |PD|ram:inst|4x32ram:inst5|4x4ram:inst3|memory_cell:inst1|inst4  ; |PD|ram:inst|4x32ram:inst5|4x4ram:inst3|memory_cell:inst1|inst4  ; out0             ;
; |PD|ram:inst|4x32ram:inst5|4x4ram:inst3|memory_cell:inst16|inst4 ; |PD|ram:inst|4x32ram:inst5|4x4ram:inst3|memory_cell:inst16|inst4 ; out0             ;
; |PD|ram:inst|4x32ram:inst5|4x4ram:inst3|memory_cell:inst14|inst4 ; |PD|ram:inst|4x32ram:inst5|4x4ram:inst3|memory_cell:inst14|inst4 ; out0             ;
; |PD|ram:inst|4x32ram:inst5|4x4ram:inst3|memory_cell:inst12|inst4 ; |PD|ram:inst|4x32ram:inst5|4x4ram:inst3|memory_cell:inst12|inst4 ; out0             ;
; |PD|ram:inst|4x32ram:inst5|4x4ram:inst3|memory_cell:inst10|inst4 ; |PD|ram:inst|4x32ram:inst5|4x4ram:inst3|memory_cell:inst10|inst4 ; out0             ;
; |PD|ram:inst|4x32ram:inst5|4x4ram:inst3|memory_cell:inst15|inst4 ; |PD|ram:inst|4x32ram:inst5|4x4ram:inst3|memory_cell:inst15|inst4 ; out0             ;
; |PD|ram:inst|4x32ram:inst5|4x4ram:inst3|memory_cell:inst13|inst4 ; |PD|ram:inst|4x32ram:inst5|4x4ram:inst3|memory_cell:inst13|inst4 ; out0             ;
; |PD|ram:inst|4x32ram:inst5|4x4ram:inst3|memory_cell:inst11|inst4 ; |PD|ram:inst|4x32ram:inst5|4x4ram:inst3|memory_cell:inst11|inst4 ; out0             ;
; |PD|ram:inst|4x32ram:inst5|4x4ram:inst3|memory_cell:inst9|inst4  ; |PD|ram:inst|4x32ram:inst5|4x4ram:inst3|memory_cell:inst9|inst4  ; out0             ;
; |PD|ram:inst|4x32ram:inst5|4x4ram:inst3|memory_cell:inst8|inst4  ; |PD|ram:inst|4x32ram:inst5|4x4ram:inst3|memory_cell:inst8|inst4  ; out0             ;
; |PD|ram:inst|4x32ram:inst5|4x4ram:inst3|memory_cell:inst6|inst4  ; |PD|ram:inst|4x32ram:inst5|4x4ram:inst3|memory_cell:inst6|inst4  ; out0             ;
; |PD|ram:inst|4x32ram:inst5|4x4ram:inst3|memory_cell:inst4|inst4  ; |PD|ram:inst|4x32ram:inst5|4x4ram:inst3|memory_cell:inst4|inst4  ; out0             ;
; |PD|ram:inst|4x32ram:inst5|4x4ram:inst3|24decoder:inst|inst2     ; |PD|ram:inst|4x32ram:inst5|4x4ram:inst3|24decoder:inst|inst2     ; out0             ;
; |PD|ram:inst|4x32ram:inst5|4x4ram:inst3|24decoder:inst|inst3     ; |PD|ram:inst|4x32ram:inst5|4x4ram:inst3|24decoder:inst|inst3     ; out0             ;
; |PD|ram:inst|4x32ram:inst5|4x4ram:inst3|24decoder:inst|inst4     ; |PD|ram:inst|4x32ram:inst5|4x4ram:inst3|24decoder:inst|inst4     ; out0             ;
; |PD|ram:inst|4x32ram:inst5|4x4ram:inst3|24decoder:inst|inst5     ; |PD|ram:inst|4x32ram:inst5|4x4ram:inst3|24decoder:inst|inst5     ; out0             ;
; |PD|ram:inst|4x32ram:inst5|4x4ram:inst3|memory_cell:inst2|inst4  ; |PD|ram:inst|4x32ram:inst5|4x4ram:inst3|memory_cell:inst2|inst4  ; out0             ;
; |PD|ram:inst|4x32ram:inst5|4x4ram:inst1|inst17                   ; |PD|ram:inst|4x32ram:inst5|4x4ram:inst1|inst17                   ; out0             ;
; |PD|ram:inst|4x32ram:inst5|4x4ram:inst1|inst18                   ; |PD|ram:inst|4x32ram:inst5|4x4ram:inst1|inst18                   ; out0             ;
; |PD|ram:inst|4x32ram:inst5|4x4ram:inst1|memory_cell:inst3|inst4  ; |PD|ram:inst|4x32ram:inst5|4x4ram:inst1|memory_cell:inst3|inst4  ; out0             ;
; |PD|ram:inst|4x32ram:inst5|4x4ram:inst1|memory_cell:inst5|inst4  ; |PD|ram:inst|4x32ram:inst5|4x4ram:inst1|memory_cell:inst5|inst4  ; out0             ;
; |PD|ram:inst|4x32ram:inst5|4x4ram:inst1|memory_cell:inst7|inst4  ; |PD|ram:inst|4x32ram:inst5|4x4ram:inst1|memory_cell:inst7|inst4  ; out0             ;
; |PD|ram:inst|4x32ram:inst5|4x4ram:inst1|memory_cell:inst1|inst4  ; |PD|ram:inst|4x32ram:inst5|4x4ram:inst1|memory_cell:inst1|inst4  ; out0             ;
; |PD|ram:inst|4x32ram:inst5|4x4ram:inst1|memory_cell:inst16|inst4 ; |PD|ram:inst|4x32ram:inst5|4x4ram:inst1|memory_cell:inst16|inst4 ; out0             ;
; |PD|ram:inst|4x32ram:inst5|4x4ram:inst1|memory_cell:inst14|inst4 ; |PD|ram:inst|4x32ram:inst5|4x4ram:inst1|memory_cell:inst14|inst4 ; out0             ;
; |PD|ram:inst|4x32ram:inst5|4x4ram:inst1|memory_cell:inst12|inst4 ; |PD|ram:inst|4x32ram:inst5|4x4ram:inst1|memory_cell:inst12|inst4 ; out0             ;
; |PD|ram:inst|4x32ram:inst5|4x4ram:inst1|memory_cell:inst10|inst4 ; |PD|ram:inst|4x32ram:inst5|4x4ram:inst1|memory_cell:inst10|inst4 ; out0             ;
; |PD|ram:inst|4x32ram:inst5|4x4ram:inst1|memory_cell:inst15|inst4 ; |PD|ram:inst|4x32ram:inst5|4x4ram:inst1|memory_cell:inst15|inst4 ; out0             ;
; |PD|ram:inst|4x32ram:inst5|4x4ram:inst1|memory_cell:inst13|inst4 ; |PD|ram:inst|4x32ram:inst5|4x4ram:inst1|memory_cell:inst13|inst4 ; out0             ;
; |PD|ram:inst|4x32ram:inst5|4x4ram:inst1|memory_cell:inst11|inst4 ; |PD|ram:inst|4x32ram:inst5|4x4ram:inst1|memory_cell:inst11|inst4 ; out0             ;
; |PD|ram:inst|4x32ram:inst5|4x4ram:inst1|memory_cell:inst9|inst4  ; |PD|ram:inst|4x32ram:inst5|4x4ram:inst1|memory_cell:inst9|inst4  ; out0             ;
; |PD|ram:inst|4x32ram:inst5|4x4ram:inst1|memory_cell:inst8|inst4  ; |PD|ram:inst|4x32ram:inst5|4x4ram:inst1|memory_cell:inst8|inst4  ; out0             ;
; |PD|ram:inst|4x32ram:inst5|4x4ram:inst1|memory_cell:inst6|inst4  ; |PD|ram:inst|4x32ram:inst5|4x4ram:inst1|memory_cell:inst6|inst4  ; out0             ;
; |PD|ram:inst|4x32ram:inst5|4x4ram:inst1|memory_cell:inst4|inst4  ; |PD|ram:inst|4x32ram:inst5|4x4ram:inst1|memory_cell:inst4|inst4  ; out0             ;
; |PD|ram:inst|4x32ram:inst5|4x4ram:inst1|24decoder:inst|inst2     ; |PD|ram:inst|4x32ram:inst5|4x4ram:inst1|24decoder:inst|inst2     ; out0             ;
; |PD|ram:inst|4x32ram:inst5|4x4ram:inst1|24decoder:inst|inst3     ; |PD|ram:inst|4x32ram:inst5|4x4ram:inst1|24decoder:inst|inst3     ; out0             ;
; |PD|ram:inst|4x32ram:inst5|4x4ram:inst1|24decoder:inst|inst4     ; |PD|ram:inst|4x32ram:inst5|4x4ram:inst1|24decoder:inst|inst4     ; out0             ;
; |PD|ram:inst|4x32ram:inst5|4x4ram:inst1|24decoder:inst|inst5     ; |PD|ram:inst|4x32ram:inst5|4x4ram:inst1|24decoder:inst|inst5     ; out0             ;
; |PD|ram:inst|4x32ram:inst5|4x4ram:inst1|memory_cell:inst2|inst4  ; |PD|ram:inst|4x32ram:inst5|4x4ram:inst1|memory_cell:inst2|inst4  ; out0             ;
; |PD|ram:inst|4x32ram:inst5|4x4ram:inst|inst17                    ; |PD|ram:inst|4x32ram:inst5|4x4ram:inst|inst17                    ; out0             ;
; |PD|ram:inst|4x32ram:inst5|4x4ram:inst|inst18                    ; |PD|ram:inst|4x32ram:inst5|4x4ram:inst|inst18                    ; out0             ;
; |PD|ram:inst|4x32ram:inst5|4x4ram:inst|memory_cell:inst3|inst4   ; |PD|ram:inst|4x32ram:inst5|4x4ram:inst|memory_cell:inst3|inst4   ; out0             ;
; |PD|ram:inst|4x32ram:inst5|4x4ram:inst|memory_cell:inst5|inst4   ; |PD|ram:inst|4x32ram:inst5|4x4ram:inst|memory_cell:inst5|inst4   ; out0             ;
; |PD|ram:inst|4x32ram:inst5|4x4ram:inst|memory_cell:inst7|inst4   ; |PD|ram:inst|4x32ram:inst5|4x4ram:inst|memory_cell:inst7|inst4   ; out0             ;
; |PD|ram:inst|4x32ram:inst5|4x4ram:inst|memory_cell:inst1|inst4   ; |PD|ram:inst|4x32ram:inst5|4x4ram:inst|memory_cell:inst1|inst4   ; out0             ;
; |PD|ram:inst|4x32ram:inst5|4x4ram:inst|memory_cell:inst16|inst4  ; |PD|ram:inst|4x32ram:inst5|4x4ram:inst|memory_cell:inst16|inst4  ; out0             ;
; |PD|ram:inst|4x32ram:inst5|4x4ram:inst|memory_cell:inst14|inst4  ; |PD|ram:inst|4x32ram:inst5|4x4ram:inst|memory_cell:inst14|inst4  ; out0             ;
; |PD|ram:inst|4x32ram:inst5|4x4ram:inst|memory_cell:inst12|inst4  ; |PD|ram:inst|4x32ram:inst5|4x4ram:inst|memory_cell:inst12|inst4  ; out0             ;
; |PD|ram:inst|4x32ram:inst5|4x4ram:inst|memory_cell:inst10|inst4  ; |PD|ram:inst|4x32ram:inst5|4x4ram:inst|memory_cell:inst10|inst4  ; out0             ;
; |PD|ram:inst|4x32ram:inst5|4x4ram:inst|memory_cell:inst15|inst4  ; |PD|ram:inst|4x32ram:inst5|4x4ram:inst|memory_cell:inst15|inst4  ; out0             ;
; |PD|ram:inst|4x32ram:inst5|4x4ram:inst|memory_cell:inst13|inst4  ; |PD|ram:inst|4x32ram:inst5|4x4ram:inst|memory_cell:inst13|inst4  ; out0             ;
; |PD|ram:inst|4x32ram:inst5|4x4ram:inst|memory_cell:inst11|inst4  ; |PD|ram:inst|4x32ram:inst5|4x4ram:inst|memory_cell:inst11|inst4  ; out0             ;
; |PD|ram:inst|4x32ram:inst5|4x4ram:inst|memory_cell:inst9|inst4   ; |PD|ram:inst|4x32ram:inst5|4x4ram:inst|memory_cell:inst9|inst4   ; out0             ;
; |PD|ram:inst|4x32ram:inst5|4x4ram:inst|memory_cell:inst8|inst4   ; |PD|ram:inst|4x32ram:inst5|4x4ram:inst|memory_cell:inst8|inst4   ; out0             ;
; |PD|ram:inst|4x32ram:inst5|4x4ram:inst|memory_cell:inst6|inst4   ; |PD|ram:inst|4x32ram:inst5|4x4ram:inst|memory_cell:inst6|inst4   ; out0             ;
; |PD|ram:inst|4x32ram:inst5|4x4ram:inst|memory_cell:inst4|inst4   ; |PD|ram:inst|4x32ram:inst5|4x4ram:inst|memory_cell:inst4|inst4   ; out0             ;
; |PD|ram:inst|4x32ram:inst5|4x4ram:inst|24decoder:inst|inst2      ; |PD|ram:inst|4x32ram:inst5|4x4ram:inst|24decoder:inst|inst2      ; out0             ;
; |PD|ram:inst|4x32ram:inst5|4x4ram:inst|24decoder:inst|inst3      ; |PD|ram:inst|4x32ram:inst5|4x4ram:inst|24decoder:inst|inst3      ; out0             ;
; |PD|ram:inst|4x32ram:inst5|4x4ram:inst|24decoder:inst|inst4      ; |PD|ram:inst|4x32ram:inst5|4x4ram:inst|24decoder:inst|inst4      ; out0             ;
; |PD|ram:inst|4x32ram:inst5|4x4ram:inst|24decoder:inst|inst5      ; |PD|ram:inst|4x32ram:inst5|4x4ram:inst|24decoder:inst|inst5      ; out0             ;
; |PD|ram:inst|4x32ram:inst5|4x4ram:inst|memory_cell:inst2|inst4   ; |PD|ram:inst|4x32ram:inst5|4x4ram:inst|memory_cell:inst2|inst4   ; out0             ;
; |PD|ram:inst|4x32ram:inst4|4x4ram:inst8|inst20                   ; |PD|ram:inst|4x32ram:inst4|4x4ram:inst8|inst20                   ; out              ;
; |PD|ram:inst|4x32ram:inst4|4x4ram:inst8|IN~0                     ; |PD|ram:inst|4x32ram:inst4|4x4ram:inst8|IN~0                     ; out0             ;
; |PD|ram:inst|4x32ram:inst4|4x4ram:inst8|inst17                   ; |PD|ram:inst|4x32ram:inst4|4x4ram:inst8|inst17                   ; out0             ;
; |PD|ram:inst|4x32ram:inst4|4x4ram:inst8|inst18                   ; |PD|ram:inst|4x32ram:inst4|4x4ram:inst8|inst18                   ; out0             ;
; |PD|ram:inst|4x32ram:inst4|4x4ram:inst8|inst21                   ; |PD|ram:inst|4x32ram:inst4|4x4ram:inst8|inst21                   ; out              ;
; |PD|ram:inst|4x32ram:inst4|4x4ram:inst8|IN~1                     ; |PD|ram:inst|4x32ram:inst4|4x4ram:inst8|IN~1                     ; out0             ;
; |PD|ram:inst|4x32ram:inst4|4x4ram:inst8|inst22                   ; |PD|ram:inst|4x32ram:inst4|4x4ram:inst8|inst22                   ; out              ;
; |PD|ram:inst|4x32ram:inst4|4x4ram:inst8|IN~2                     ; |PD|ram:inst|4x32ram:inst4|4x4ram:inst8|IN~2                     ; out0             ;
; |PD|ram:inst|4x32ram:inst4|4x4ram:inst8|inst19                   ; |PD|ram:inst|4x32ram:inst4|4x4ram:inst8|inst19                   ; out              ;
; |PD|ram:inst|4x32ram:inst4|4x4ram:inst8|IN~3                     ; |PD|ram:inst|4x32ram:inst4|4x4ram:inst8|IN~3                     ; out0             ;
; |PD|ram:inst|4x32ram:inst4|4x4ram:inst8|memory_cell:inst3|inst3  ; |PD|ram:inst|4x32ram:inst4|4x4ram:inst8|memory_cell:inst3|inst3  ; out              ;
; |PD|ram:inst|4x32ram:inst4|4x4ram:inst8|memory_cell:inst3|inst4  ; |PD|ram:inst|4x32ram:inst4|4x4ram:inst8|memory_cell:inst3|inst4  ; out0             ;
; |PD|ram:inst|4x32ram:inst4|4x4ram:inst8|memory_cell:inst5|inst3  ; |PD|ram:inst|4x32ram:inst4|4x4ram:inst8|memory_cell:inst5|inst3  ; out              ;
; |PD|ram:inst|4x32ram:inst4|4x4ram:inst8|memory_cell:inst5|inst4  ; |PD|ram:inst|4x32ram:inst4|4x4ram:inst8|memory_cell:inst5|inst4  ; out0             ;
; |PD|ram:inst|4x32ram:inst4|4x4ram:inst8|memory_cell:inst7|inst4  ; |PD|ram:inst|4x32ram:inst4|4x4ram:inst8|memory_cell:inst7|inst4  ; out0             ;
; |PD|ram:inst|4x32ram:inst4|4x4ram:inst8|memory_cell:inst1|inst3  ; |PD|ram:inst|4x32ram:inst4|4x4ram:inst8|memory_cell:inst1|inst3  ; out              ;
; |PD|ram:inst|4x32ram:inst4|4x4ram:inst8|memory_cell:inst1|inst4  ; |PD|ram:inst|4x32ram:inst4|4x4ram:inst8|memory_cell:inst1|inst4  ; out0             ;
; |PD|ram:inst|4x32ram:inst4|4x4ram:inst8|memory_cell:inst16|inst4 ; |PD|ram:inst|4x32ram:inst4|4x4ram:inst8|memory_cell:inst16|inst4 ; out0             ;
; |PD|ram:inst|4x32ram:inst4|4x4ram:inst8|memory_cell:inst14|inst3 ; |PD|ram:inst|4x32ram:inst4|4x4ram:inst8|memory_cell:inst14|inst3 ; out              ;
; |PD|ram:inst|4x32ram:inst4|4x4ram:inst8|memory_cell:inst14|inst4 ; |PD|ram:inst|4x32ram:inst4|4x4ram:inst8|memory_cell:inst14|inst4 ; out0             ;
; |PD|ram:inst|4x32ram:inst4|4x4ram:inst8|memory_cell:inst12|inst4 ; |PD|ram:inst|4x32ram:inst4|4x4ram:inst8|memory_cell:inst12|inst4 ; out0             ;
; |PD|ram:inst|4x32ram:inst4|4x4ram:inst8|memory_cell:inst10|inst3 ; |PD|ram:inst|4x32ram:inst4|4x4ram:inst8|memory_cell:inst10|inst3 ; out              ;
; |PD|ram:inst|4x32ram:inst4|4x4ram:inst8|memory_cell:inst10|inst4 ; |PD|ram:inst|4x32ram:inst4|4x4ram:inst8|memory_cell:inst10|inst4 ; out0             ;
; |PD|ram:inst|4x32ram:inst4|4x4ram:inst8|memory_cell:inst15|inst4 ; |PD|ram:inst|4x32ram:inst4|4x4ram:inst8|memory_cell:inst15|inst4 ; out0             ;
; |PD|ram:inst|4x32ram:inst4|4x4ram:inst8|memory_cell:inst13|inst3 ; |PD|ram:inst|4x32ram:inst4|4x4ram:inst8|memory_cell:inst13|inst3 ; out              ;
; |PD|ram:inst|4x32ram:inst4|4x4ram:inst8|memory_cell:inst13|inst4 ; |PD|ram:inst|4x32ram:inst4|4x4ram:inst8|memory_cell:inst13|inst4 ; out0             ;
; |PD|ram:inst|4x32ram:inst4|4x4ram:inst8|memory_cell:inst11|inst3 ; |PD|ram:inst|4x32ram:inst4|4x4ram:inst8|memory_cell:inst11|inst3 ; out              ;
; |PD|ram:inst|4x32ram:inst4|4x4ram:inst8|memory_cell:inst11|inst4 ; |PD|ram:inst|4x32ram:inst4|4x4ram:inst8|memory_cell:inst11|inst4 ; out0             ;
; |PD|ram:inst|4x32ram:inst4|4x4ram:inst8|memory_cell:inst9|inst4  ; |PD|ram:inst|4x32ram:inst4|4x4ram:inst8|memory_cell:inst9|inst4  ; out0             ;
; |PD|ram:inst|4x32ram:inst4|4x4ram:inst8|memory_cell:inst8|inst4  ; |PD|ram:inst|4x32ram:inst4|4x4ram:inst8|memory_cell:inst8|inst4  ; out0             ;
; |PD|ram:inst|4x32ram:inst4|4x4ram:inst8|memory_cell:inst6|inst3  ; |PD|ram:inst|4x32ram:inst4|4x4ram:inst8|memory_cell:inst6|inst3  ; out              ;
; |PD|ram:inst|4x32ram:inst4|4x4ram:inst8|memory_cell:inst6|inst4  ; |PD|ram:inst|4x32ram:inst4|4x4ram:inst8|memory_cell:inst6|inst4  ; out0             ;
; |PD|ram:inst|4x32ram:inst4|4x4ram:inst8|memory_cell:inst4|inst3  ; |PD|ram:inst|4x32ram:inst4|4x4ram:inst8|memory_cell:inst4|inst3  ; out              ;
; |PD|ram:inst|4x32ram:inst4|4x4ram:inst8|memory_cell:inst4|inst4  ; |PD|ram:inst|4x32ram:inst4|4x4ram:inst8|memory_cell:inst4|inst4  ; out0             ;
; |PD|ram:inst|4x32ram:inst4|4x4ram:inst8|24decoder:inst|inst2     ; |PD|ram:inst|4x32ram:inst4|4x4ram:inst8|24decoder:inst|inst2     ; out0             ;
; |PD|ram:inst|4x32ram:inst4|4x4ram:inst8|24decoder:inst|inst3     ; |PD|ram:inst|4x32ram:inst4|4x4ram:inst8|24decoder:inst|inst3     ; out0             ;
; |PD|ram:inst|4x32ram:inst4|4x4ram:inst8|24decoder:inst|inst4     ; |PD|ram:inst|4x32ram:inst4|4x4ram:inst8|24decoder:inst|inst4     ; out0             ;
; |PD|ram:inst|4x32ram:inst4|4x4ram:inst8|24decoder:inst|inst5     ; |PD|ram:inst|4x32ram:inst4|4x4ram:inst8|24decoder:inst|inst5     ; out0             ;
; |PD|ram:inst|4x32ram:inst4|4x4ram:inst8|memory_cell:inst2|inst3  ; |PD|ram:inst|4x32ram:inst4|4x4ram:inst8|memory_cell:inst2|inst3  ; out              ;
; |PD|ram:inst|4x32ram:inst4|4x4ram:inst8|memory_cell:inst2|inst4  ; |PD|ram:inst|4x32ram:inst4|4x4ram:inst8|memory_cell:inst2|inst4  ; out0             ;
; |PD|ram:inst|4x32ram:inst4|4x4ram:inst7|inst17                   ; |PD|ram:inst|4x32ram:inst4|4x4ram:inst7|inst17                   ; out0             ;
; |PD|ram:inst|4x32ram:inst4|4x4ram:inst7|inst18                   ; |PD|ram:inst|4x32ram:inst4|4x4ram:inst7|inst18                   ; out0             ;
; |PD|ram:inst|4x32ram:inst4|4x4ram:inst7|inst22                   ; |PD|ram:inst|4x32ram:inst4|4x4ram:inst7|inst22                   ; out              ;
; |PD|ram:inst|4x32ram:inst4|4x4ram:inst7|IN~2                     ; |PD|ram:inst|4x32ram:inst4|4x4ram:inst7|IN~2                     ; out0             ;
; |PD|ram:inst|4x32ram:inst4|4x4ram:inst7|memory_cell:inst3|inst4  ; |PD|ram:inst|4x32ram:inst4|4x4ram:inst7|memory_cell:inst3|inst4  ; out0             ;
; |PD|ram:inst|4x32ram:inst4|4x4ram:inst7|memory_cell:inst5|inst4  ; |PD|ram:inst|4x32ram:inst4|4x4ram:inst7|memory_cell:inst5|inst4  ; out0             ;
; |PD|ram:inst|4x32ram:inst4|4x4ram:inst7|memory_cell:inst7|inst4  ; |PD|ram:inst|4x32ram:inst4|4x4ram:inst7|memory_cell:inst7|inst4  ; out0             ;
; |PD|ram:inst|4x32ram:inst4|4x4ram:inst7|memory_cell:inst1|inst4  ; |PD|ram:inst|4x32ram:inst4|4x4ram:inst7|memory_cell:inst1|inst4  ; out0             ;
; |PD|ram:inst|4x32ram:inst4|4x4ram:inst7|memory_cell:inst16|inst3 ; |PD|ram:inst|4x32ram:inst4|4x4ram:inst7|memory_cell:inst16|inst3 ; out              ;
; |PD|ram:inst|4x32ram:inst4|4x4ram:inst7|memory_cell:inst16|inst4 ; |PD|ram:inst|4x32ram:inst4|4x4ram:inst7|memory_cell:inst16|inst4 ; out0             ;
; |PD|ram:inst|4x32ram:inst4|4x4ram:inst7|memory_cell:inst14|inst4 ; |PD|ram:inst|4x32ram:inst4|4x4ram:inst7|memory_cell:inst14|inst4 ; out0             ;
; |PD|ram:inst|4x32ram:inst4|4x4ram:inst7|memory_cell:inst12|inst4 ; |PD|ram:inst|4x32ram:inst4|4x4ram:inst7|memory_cell:inst12|inst4 ; out0             ;
; |PD|ram:inst|4x32ram:inst4|4x4ram:inst7|memory_cell:inst10|inst4 ; |PD|ram:inst|4x32ram:inst4|4x4ram:inst7|memory_cell:inst10|inst4 ; out0             ;
; |PD|ram:inst|4x32ram:inst4|4x4ram:inst7|memory_cell:inst15|inst4 ; |PD|ram:inst|4x32ram:inst4|4x4ram:inst7|memory_cell:inst15|inst4 ; out0             ;
; |PD|ram:inst|4x32ram:inst4|4x4ram:inst7|memory_cell:inst13|inst4 ; |PD|ram:inst|4x32ram:inst4|4x4ram:inst7|memory_cell:inst13|inst4 ; out0             ;
; |PD|ram:inst|4x32ram:inst4|4x4ram:inst7|memory_cell:inst11|inst4 ; |PD|ram:inst|4x32ram:inst4|4x4ram:inst7|memory_cell:inst11|inst4 ; out0             ;
; |PD|ram:inst|4x32ram:inst4|4x4ram:inst7|memory_cell:inst9|inst4  ; |PD|ram:inst|4x32ram:inst4|4x4ram:inst7|memory_cell:inst9|inst4  ; out0             ;
; |PD|ram:inst|4x32ram:inst4|4x4ram:inst7|memory_cell:inst8|inst4  ; |PD|ram:inst|4x32ram:inst4|4x4ram:inst7|memory_cell:inst8|inst4  ; out0             ;
; |PD|ram:inst|4x32ram:inst4|4x4ram:inst7|memory_cell:inst6|inst4  ; |PD|ram:inst|4x32ram:inst4|4x4ram:inst7|memory_cell:inst6|inst4  ; out0             ;
; |PD|ram:inst|4x32ram:inst4|4x4ram:inst7|memory_cell:inst4|inst4  ; |PD|ram:inst|4x32ram:inst4|4x4ram:inst7|memory_cell:inst4|inst4  ; out0             ;
; |PD|ram:inst|4x32ram:inst4|4x4ram:inst7|24decoder:inst|inst2     ; |PD|ram:inst|4x32ram:inst4|4x4ram:inst7|24decoder:inst|inst2     ; out0             ;
; |PD|ram:inst|4x32ram:inst4|4x4ram:inst7|24decoder:inst|inst3     ; |PD|ram:inst|4x32ram:inst4|4x4ram:inst7|24decoder:inst|inst3     ; out0             ;
; |PD|ram:inst|4x32ram:inst4|4x4ram:inst7|24decoder:inst|inst4     ; |PD|ram:inst|4x32ram:inst4|4x4ram:inst7|24decoder:inst|inst4     ; out0             ;
; |PD|ram:inst|4x32ram:inst4|4x4ram:inst7|24decoder:inst|inst5     ; |PD|ram:inst|4x32ram:inst4|4x4ram:inst7|24decoder:inst|inst5     ; out0             ;
; |PD|ram:inst|4x32ram:inst4|4x4ram:inst7|memory_cell:inst2|inst4  ; |PD|ram:inst|4x32ram:inst4|4x4ram:inst7|memory_cell:inst2|inst4  ; out0             ;
; |PD|ram:inst|4x32ram:inst4|4x4ram:inst6|inst17                   ; |PD|ram:inst|4x32ram:inst4|4x4ram:inst6|inst17                   ; out0             ;
; |PD|ram:inst|4x32ram:inst4|4x4ram:inst6|inst18                   ; |PD|ram:inst|4x32ram:inst4|4x4ram:inst6|inst18                   ; out0             ;
; |PD|ram:inst|4x32ram:inst4|4x4ram:inst6|memory_cell:inst3|inst4  ; |PD|ram:inst|4x32ram:inst4|4x4ram:inst6|memory_cell:inst3|inst4  ; out0             ;
; |PD|ram:inst|4x32ram:inst4|4x4ram:inst6|memory_cell:inst5|inst4  ; |PD|ram:inst|4x32ram:inst4|4x4ram:inst6|memory_cell:inst5|inst4  ; out0             ;
; |PD|ram:inst|4x32ram:inst4|4x4ram:inst6|memory_cell:inst7|inst4  ; |PD|ram:inst|4x32ram:inst4|4x4ram:inst6|memory_cell:inst7|inst4  ; out0             ;
; |PD|ram:inst|4x32ram:inst4|4x4ram:inst6|memory_cell:inst1|inst4  ; |PD|ram:inst|4x32ram:inst4|4x4ram:inst6|memory_cell:inst1|inst4  ; out0             ;
; |PD|ram:inst|4x32ram:inst4|4x4ram:inst6|memory_cell:inst16|inst4 ; |PD|ram:inst|4x32ram:inst4|4x4ram:inst6|memory_cell:inst16|inst4 ; out0             ;
; |PD|ram:inst|4x32ram:inst4|4x4ram:inst6|memory_cell:inst14|inst4 ; |PD|ram:inst|4x32ram:inst4|4x4ram:inst6|memory_cell:inst14|inst4 ; out0             ;
; |PD|ram:inst|4x32ram:inst4|4x4ram:inst6|memory_cell:inst12|inst4 ; |PD|ram:inst|4x32ram:inst4|4x4ram:inst6|memory_cell:inst12|inst4 ; out0             ;
; |PD|ram:inst|4x32ram:inst4|4x4ram:inst6|memory_cell:inst10|inst4 ; |PD|ram:inst|4x32ram:inst4|4x4ram:inst6|memory_cell:inst10|inst4 ; out0             ;
; |PD|ram:inst|4x32ram:inst4|4x4ram:inst6|memory_cell:inst15|inst4 ; |PD|ram:inst|4x32ram:inst4|4x4ram:inst6|memory_cell:inst15|inst4 ; out0             ;
; |PD|ram:inst|4x32ram:inst4|4x4ram:inst6|memory_cell:inst13|inst4 ; |PD|ram:inst|4x32ram:inst4|4x4ram:inst6|memory_cell:inst13|inst4 ; out0             ;
; |PD|ram:inst|4x32ram:inst4|4x4ram:inst6|memory_cell:inst11|inst4 ; |PD|ram:inst|4x32ram:inst4|4x4ram:inst6|memory_cell:inst11|inst4 ; out0             ;
; |PD|ram:inst|4x32ram:inst4|4x4ram:inst6|memory_cell:inst9|inst4  ; |PD|ram:inst|4x32ram:inst4|4x4ram:inst6|memory_cell:inst9|inst4  ; out0             ;
; |PD|ram:inst|4x32ram:inst4|4x4ram:inst6|memory_cell:inst8|inst4  ; |PD|ram:inst|4x32ram:inst4|4x4ram:inst6|memory_cell:inst8|inst4  ; out0             ;
; |PD|ram:inst|4x32ram:inst4|4x4ram:inst6|memory_cell:inst6|inst4  ; |PD|ram:inst|4x32ram:inst4|4x4ram:inst6|memory_cell:inst6|inst4  ; out0             ;
; |PD|ram:inst|4x32ram:inst4|4x4ram:inst6|memory_cell:inst4|inst4  ; |PD|ram:inst|4x32ram:inst4|4x4ram:inst6|memory_cell:inst4|inst4  ; out0             ;
; |PD|ram:inst|4x32ram:inst4|4x4ram:inst6|24decoder:inst|inst2     ; |PD|ram:inst|4x32ram:inst4|4x4ram:inst6|24decoder:inst|inst2     ; out0             ;
; |PD|ram:inst|4x32ram:inst4|4x4ram:inst6|24decoder:inst|inst3     ; |PD|ram:inst|4x32ram:inst4|4x4ram:inst6|24decoder:inst|inst3     ; out0             ;
; |PD|ram:inst|4x32ram:inst4|4x4ram:inst6|24decoder:inst|inst4     ; |PD|ram:inst|4x32ram:inst4|4x4ram:inst6|24decoder:inst|inst4     ; out0             ;
; |PD|ram:inst|4x32ram:inst4|4x4ram:inst6|24decoder:inst|inst5     ; |PD|ram:inst|4x32ram:inst4|4x4ram:inst6|24decoder:inst|inst5     ; out0             ;
; |PD|ram:inst|4x32ram:inst4|4x4ram:inst6|memory_cell:inst2|inst4  ; |PD|ram:inst|4x32ram:inst4|4x4ram:inst6|memory_cell:inst2|inst4  ; out0             ;
; |PD|ram:inst|4x32ram:inst4|4x4ram:inst5|inst17                   ; |PD|ram:inst|4x32ram:inst4|4x4ram:inst5|inst17                   ; out0             ;
; |PD|ram:inst|4x32ram:inst4|4x4ram:inst5|inst18                   ; |PD|ram:inst|4x32ram:inst4|4x4ram:inst5|inst18                   ; out0             ;
; |PD|ram:inst|4x32ram:inst4|4x4ram:inst5|memory_cell:inst3|inst4  ; |PD|ram:inst|4x32ram:inst4|4x4ram:inst5|memory_cell:inst3|inst4  ; out0             ;
; |PD|ram:inst|4x32ram:inst4|4x4ram:inst5|memory_cell:inst5|inst4  ; |PD|ram:inst|4x32ram:inst4|4x4ram:inst5|memory_cell:inst5|inst4  ; out0             ;
; |PD|ram:inst|4x32ram:inst4|4x4ram:inst5|memory_cell:inst7|inst4  ; |PD|ram:inst|4x32ram:inst4|4x4ram:inst5|memory_cell:inst7|inst4  ; out0             ;
; |PD|ram:inst|4x32ram:inst4|4x4ram:inst5|memory_cell:inst1|inst4  ; |PD|ram:inst|4x32ram:inst4|4x4ram:inst5|memory_cell:inst1|inst4  ; out0             ;
; |PD|ram:inst|4x32ram:inst4|4x4ram:inst5|memory_cell:inst16|inst4 ; |PD|ram:inst|4x32ram:inst4|4x4ram:inst5|memory_cell:inst16|inst4 ; out0             ;
; |PD|ram:inst|4x32ram:inst4|4x4ram:inst5|memory_cell:inst14|inst4 ; |PD|ram:inst|4x32ram:inst4|4x4ram:inst5|memory_cell:inst14|inst4 ; out0             ;
; |PD|ram:inst|4x32ram:inst4|4x4ram:inst5|memory_cell:inst12|inst4 ; |PD|ram:inst|4x32ram:inst4|4x4ram:inst5|memory_cell:inst12|inst4 ; out0             ;
; |PD|ram:inst|4x32ram:inst4|4x4ram:inst5|memory_cell:inst10|inst4 ; |PD|ram:inst|4x32ram:inst4|4x4ram:inst5|memory_cell:inst10|inst4 ; out0             ;
; |PD|ram:inst|4x32ram:inst4|4x4ram:inst5|memory_cell:inst15|inst4 ; |PD|ram:inst|4x32ram:inst4|4x4ram:inst5|memory_cell:inst15|inst4 ; out0             ;
; |PD|ram:inst|4x32ram:inst4|4x4ram:inst5|memory_cell:inst13|inst4 ; |PD|ram:inst|4x32ram:inst4|4x4ram:inst5|memory_cell:inst13|inst4 ; out0             ;
; |PD|ram:inst|4x32ram:inst4|4x4ram:inst5|memory_cell:inst11|inst4 ; |PD|ram:inst|4x32ram:inst4|4x4ram:inst5|memory_cell:inst11|inst4 ; out0             ;
; |PD|ram:inst|4x32ram:inst4|4x4ram:inst5|memory_cell:inst9|inst4  ; |PD|ram:inst|4x32ram:inst4|4x4ram:inst5|memory_cell:inst9|inst4  ; out0             ;
; |PD|ram:inst|4x32ram:inst4|4x4ram:inst5|memory_cell:inst8|inst4  ; |PD|ram:inst|4x32ram:inst4|4x4ram:inst5|memory_cell:inst8|inst4  ; out0             ;
; |PD|ram:inst|4x32ram:inst4|4x4ram:inst5|memory_cell:inst6|inst4  ; |PD|ram:inst|4x32ram:inst4|4x4ram:inst5|memory_cell:inst6|inst4  ; out0             ;
; |PD|ram:inst|4x32ram:inst4|4x4ram:inst5|memory_cell:inst4|inst4  ; |PD|ram:inst|4x32ram:inst4|4x4ram:inst5|memory_cell:inst4|inst4  ; out0             ;
; |PD|ram:inst|4x32ram:inst4|4x4ram:inst5|24decoder:inst|inst2     ; |PD|ram:inst|4x32ram:inst4|4x4ram:inst5|24decoder:inst|inst2     ; out0             ;
; |PD|ram:inst|4x32ram:inst4|4x4ram:inst5|24decoder:inst|inst3     ; |PD|ram:inst|4x32ram:inst4|4x4ram:inst5|24decoder:inst|inst3     ; out0             ;
; |PD|ram:inst|4x32ram:inst4|4x4ram:inst5|24decoder:inst|inst4     ; |PD|ram:inst|4x32ram:inst4|4x4ram:inst5|24decoder:inst|inst4     ; out0             ;
; |PD|ram:inst|4x32ram:inst4|4x4ram:inst5|24decoder:inst|inst5     ; |PD|ram:inst|4x32ram:inst4|4x4ram:inst5|24decoder:inst|inst5     ; out0             ;
; |PD|ram:inst|4x32ram:inst4|4x4ram:inst5|memory_cell:inst2|inst4  ; |PD|ram:inst|4x32ram:inst4|4x4ram:inst5|memory_cell:inst2|inst4  ; out0             ;
; |PD|ram:inst|4x32ram:inst4|4x4ram:inst4|inst17                   ; |PD|ram:inst|4x32ram:inst4|4x4ram:inst4|inst17                   ; out0             ;
; |PD|ram:inst|4x32ram:inst4|4x4ram:inst4|inst18                   ; |PD|ram:inst|4x32ram:inst4|4x4ram:inst4|inst18                   ; out0             ;
; |PD|ram:inst|4x32ram:inst4|4x4ram:inst4|memory_cell:inst3|inst4  ; |PD|ram:inst|4x32ram:inst4|4x4ram:inst4|memory_cell:inst3|inst4  ; out0             ;
; |PD|ram:inst|4x32ram:inst4|4x4ram:inst4|memory_cell:inst5|inst4  ; |PD|ram:inst|4x32ram:inst4|4x4ram:inst4|memory_cell:inst5|inst4  ; out0             ;
; |PD|ram:inst|4x32ram:inst4|4x4ram:inst4|memory_cell:inst7|inst4  ; |PD|ram:inst|4x32ram:inst4|4x4ram:inst4|memory_cell:inst7|inst4  ; out0             ;
; |PD|ram:inst|4x32ram:inst4|4x4ram:inst4|memory_cell:inst1|inst4  ; |PD|ram:inst|4x32ram:inst4|4x4ram:inst4|memory_cell:inst1|inst4  ; out0             ;
; |PD|ram:inst|4x32ram:inst4|4x4ram:inst4|memory_cell:inst16|inst4 ; |PD|ram:inst|4x32ram:inst4|4x4ram:inst4|memory_cell:inst16|inst4 ; out0             ;
; |PD|ram:inst|4x32ram:inst4|4x4ram:inst4|memory_cell:inst14|inst4 ; |PD|ram:inst|4x32ram:inst4|4x4ram:inst4|memory_cell:inst14|inst4 ; out0             ;
; |PD|ram:inst|4x32ram:inst4|4x4ram:inst4|memory_cell:inst12|inst4 ; |PD|ram:inst|4x32ram:inst4|4x4ram:inst4|memory_cell:inst12|inst4 ; out0             ;
; |PD|ram:inst|4x32ram:inst4|4x4ram:inst4|memory_cell:inst10|inst4 ; |PD|ram:inst|4x32ram:inst4|4x4ram:inst4|memory_cell:inst10|inst4 ; out0             ;
; |PD|ram:inst|4x32ram:inst4|4x4ram:inst4|memory_cell:inst15|inst4 ; |PD|ram:inst|4x32ram:inst4|4x4ram:inst4|memory_cell:inst15|inst4 ; out0             ;
; |PD|ram:inst|4x32ram:inst4|4x4ram:inst4|memory_cell:inst13|inst4 ; |PD|ram:inst|4x32ram:inst4|4x4ram:inst4|memory_cell:inst13|inst4 ; out0             ;
; |PD|ram:inst|4x32ram:inst4|4x4ram:inst4|memory_cell:inst11|inst4 ; |PD|ram:inst|4x32ram:inst4|4x4ram:inst4|memory_cell:inst11|inst4 ; out0             ;
; |PD|ram:inst|4x32ram:inst4|4x4ram:inst4|memory_cell:inst9|inst4  ; |PD|ram:inst|4x32ram:inst4|4x4ram:inst4|memory_cell:inst9|inst4  ; out0             ;
; |PD|ram:inst|4x32ram:inst4|4x4ram:inst4|memory_cell:inst8|inst4  ; |PD|ram:inst|4x32ram:inst4|4x4ram:inst4|memory_cell:inst8|inst4  ; out0             ;
; |PD|ram:inst|4x32ram:inst4|4x4ram:inst4|memory_cell:inst6|inst4  ; |PD|ram:inst|4x32ram:inst4|4x4ram:inst4|memory_cell:inst6|inst4  ; out0             ;
; |PD|ram:inst|4x32ram:inst4|4x4ram:inst4|memory_cell:inst4|inst4  ; |PD|ram:inst|4x32ram:inst4|4x4ram:inst4|memory_cell:inst4|inst4  ; out0             ;
; |PD|ram:inst|4x32ram:inst4|4x4ram:inst4|24decoder:inst|inst2     ; |PD|ram:inst|4x32ram:inst4|4x4ram:inst4|24decoder:inst|inst2     ; out0             ;
; |PD|ram:inst|4x32ram:inst4|4x4ram:inst4|24decoder:inst|inst3     ; |PD|ram:inst|4x32ram:inst4|4x4ram:inst4|24decoder:inst|inst3     ; out0             ;
; |PD|ram:inst|4x32ram:inst4|4x4ram:inst4|24decoder:inst|inst4     ; |PD|ram:inst|4x32ram:inst4|4x4ram:inst4|24decoder:inst|inst4     ; out0             ;
; |PD|ram:inst|4x32ram:inst4|4x4ram:inst4|24decoder:inst|inst5     ; |PD|ram:inst|4x32ram:inst4|4x4ram:inst4|24decoder:inst|inst5     ; out0             ;
; |PD|ram:inst|4x32ram:inst4|4x4ram:inst4|memory_cell:inst2|inst4  ; |PD|ram:inst|4x32ram:inst4|4x4ram:inst4|memory_cell:inst2|inst4  ; out0             ;
; |PD|ram:inst|4x32ram:inst4|4x4ram:inst3|inst17                   ; |PD|ram:inst|4x32ram:inst4|4x4ram:inst3|inst17                   ; out0             ;
; |PD|ram:inst|4x32ram:inst4|4x4ram:inst3|inst18                   ; |PD|ram:inst|4x32ram:inst4|4x4ram:inst3|inst18                   ; out0             ;
; |PD|ram:inst|4x32ram:inst4|4x4ram:inst3|memory_cell:inst3|inst4  ; |PD|ram:inst|4x32ram:inst4|4x4ram:inst3|memory_cell:inst3|inst4  ; out0             ;
; |PD|ram:inst|4x32ram:inst4|4x4ram:inst3|memory_cell:inst5|inst4  ; |PD|ram:inst|4x32ram:inst4|4x4ram:inst3|memory_cell:inst5|inst4  ; out0             ;
; |PD|ram:inst|4x32ram:inst4|4x4ram:inst3|memory_cell:inst7|inst4  ; |PD|ram:inst|4x32ram:inst4|4x4ram:inst3|memory_cell:inst7|inst4  ; out0             ;
; |PD|ram:inst|4x32ram:inst4|4x4ram:inst3|memory_cell:inst1|inst4  ; |PD|ram:inst|4x32ram:inst4|4x4ram:inst3|memory_cell:inst1|inst4  ; out0             ;
; |PD|ram:inst|4x32ram:inst4|4x4ram:inst3|memory_cell:inst16|inst4 ; |PD|ram:inst|4x32ram:inst4|4x4ram:inst3|memory_cell:inst16|inst4 ; out0             ;
; |PD|ram:inst|4x32ram:inst4|4x4ram:inst3|memory_cell:inst14|inst4 ; |PD|ram:inst|4x32ram:inst4|4x4ram:inst3|memory_cell:inst14|inst4 ; out0             ;
; |PD|ram:inst|4x32ram:inst4|4x4ram:inst3|memory_cell:inst12|inst4 ; |PD|ram:inst|4x32ram:inst4|4x4ram:inst3|memory_cell:inst12|inst4 ; out0             ;
; |PD|ram:inst|4x32ram:inst4|4x4ram:inst3|memory_cell:inst10|inst4 ; |PD|ram:inst|4x32ram:inst4|4x4ram:inst3|memory_cell:inst10|inst4 ; out0             ;
; |PD|ram:inst|4x32ram:inst4|4x4ram:inst3|memory_cell:inst15|inst4 ; |PD|ram:inst|4x32ram:inst4|4x4ram:inst3|memory_cell:inst15|inst4 ; out0             ;
; |PD|ram:inst|4x32ram:inst4|4x4ram:inst3|memory_cell:inst13|inst4 ; |PD|ram:inst|4x32ram:inst4|4x4ram:inst3|memory_cell:inst13|inst4 ; out0             ;
; |PD|ram:inst|4x32ram:inst4|4x4ram:inst3|memory_cell:inst11|inst4 ; |PD|ram:inst|4x32ram:inst4|4x4ram:inst3|memory_cell:inst11|inst4 ; out0             ;
; |PD|ram:inst|4x32ram:inst4|4x4ram:inst3|memory_cell:inst9|inst4  ; |PD|ram:inst|4x32ram:inst4|4x4ram:inst3|memory_cell:inst9|inst4  ; out0             ;
; |PD|ram:inst|4x32ram:inst4|4x4ram:inst3|memory_cell:inst8|inst4  ; |PD|ram:inst|4x32ram:inst4|4x4ram:inst3|memory_cell:inst8|inst4  ; out0             ;
; |PD|ram:inst|4x32ram:inst4|4x4ram:inst3|memory_cell:inst6|inst4  ; |PD|ram:inst|4x32ram:inst4|4x4ram:inst3|memory_cell:inst6|inst4  ; out0             ;
; |PD|ram:inst|4x32ram:inst4|4x4ram:inst3|memory_cell:inst4|inst4  ; |PD|ram:inst|4x32ram:inst4|4x4ram:inst3|memory_cell:inst4|inst4  ; out0             ;
; |PD|ram:inst|4x32ram:inst4|4x4ram:inst3|24decoder:inst|inst2     ; |PD|ram:inst|4x32ram:inst4|4x4ram:inst3|24decoder:inst|inst2     ; out0             ;
; |PD|ram:inst|4x32ram:inst4|4x4ram:inst3|24decoder:inst|inst3     ; |PD|ram:inst|4x32ram:inst4|4x4ram:inst3|24decoder:inst|inst3     ; out0             ;
; |PD|ram:inst|4x32ram:inst4|4x4ram:inst3|24decoder:inst|inst4     ; |PD|ram:inst|4x32ram:inst4|4x4ram:inst3|24decoder:inst|inst4     ; out0             ;
; |PD|ram:inst|4x32ram:inst4|4x4ram:inst3|24decoder:inst|inst5     ; |PD|ram:inst|4x32ram:inst4|4x4ram:inst3|24decoder:inst|inst5     ; out0             ;
; |PD|ram:inst|4x32ram:inst4|4x4ram:inst3|memory_cell:inst2|inst4  ; |PD|ram:inst|4x32ram:inst4|4x4ram:inst3|memory_cell:inst2|inst4  ; out0             ;
; |PD|ram:inst|4x32ram:inst4|4x4ram:inst1|inst17                   ; |PD|ram:inst|4x32ram:inst4|4x4ram:inst1|inst17                   ; out0             ;
; |PD|ram:inst|4x32ram:inst4|4x4ram:inst1|inst18                   ; |PD|ram:inst|4x32ram:inst4|4x4ram:inst1|inst18                   ; out0             ;
; |PD|ram:inst|4x32ram:inst4|4x4ram:inst1|memory_cell:inst3|inst4  ; |PD|ram:inst|4x32ram:inst4|4x4ram:inst1|memory_cell:inst3|inst4  ; out0             ;
; |PD|ram:inst|4x32ram:inst4|4x4ram:inst1|memory_cell:inst5|inst4  ; |PD|ram:inst|4x32ram:inst4|4x4ram:inst1|memory_cell:inst5|inst4  ; out0             ;
; |PD|ram:inst|4x32ram:inst4|4x4ram:inst1|memory_cell:inst7|inst4  ; |PD|ram:inst|4x32ram:inst4|4x4ram:inst1|memory_cell:inst7|inst4  ; out0             ;
; |PD|ram:inst|4x32ram:inst4|4x4ram:inst1|memory_cell:inst1|inst4  ; |PD|ram:inst|4x32ram:inst4|4x4ram:inst1|memory_cell:inst1|inst4  ; out0             ;
; |PD|ram:inst|4x32ram:inst4|4x4ram:inst1|memory_cell:inst16|inst4 ; |PD|ram:inst|4x32ram:inst4|4x4ram:inst1|memory_cell:inst16|inst4 ; out0             ;
; |PD|ram:inst|4x32ram:inst4|4x4ram:inst1|memory_cell:inst14|inst4 ; |PD|ram:inst|4x32ram:inst4|4x4ram:inst1|memory_cell:inst14|inst4 ; out0             ;
; |PD|ram:inst|4x32ram:inst4|4x4ram:inst1|memory_cell:inst12|inst4 ; |PD|ram:inst|4x32ram:inst4|4x4ram:inst1|memory_cell:inst12|inst4 ; out0             ;
; |PD|ram:inst|4x32ram:inst4|4x4ram:inst1|memory_cell:inst10|inst4 ; |PD|ram:inst|4x32ram:inst4|4x4ram:inst1|memory_cell:inst10|inst4 ; out0             ;
; |PD|ram:inst|4x32ram:inst4|4x4ram:inst1|memory_cell:inst15|inst4 ; |PD|ram:inst|4x32ram:inst4|4x4ram:inst1|memory_cell:inst15|inst4 ; out0             ;
; |PD|ram:inst|4x32ram:inst4|4x4ram:inst1|memory_cell:inst13|inst4 ; |PD|ram:inst|4x32ram:inst4|4x4ram:inst1|memory_cell:inst13|inst4 ; out0             ;
; |PD|ram:inst|4x32ram:inst4|4x4ram:inst1|memory_cell:inst11|inst4 ; |PD|ram:inst|4x32ram:inst4|4x4ram:inst1|memory_cell:inst11|inst4 ; out0             ;
; |PD|ram:inst|4x32ram:inst4|4x4ram:inst1|memory_cell:inst9|inst4  ; |PD|ram:inst|4x32ram:inst4|4x4ram:inst1|memory_cell:inst9|inst4  ; out0             ;
; |PD|ram:inst|4x32ram:inst4|4x4ram:inst1|memory_cell:inst8|inst4  ; |PD|ram:inst|4x32ram:inst4|4x4ram:inst1|memory_cell:inst8|inst4  ; out0             ;
; |PD|ram:inst|4x32ram:inst4|4x4ram:inst1|memory_cell:inst6|inst4  ; |PD|ram:inst|4x32ram:inst4|4x4ram:inst1|memory_cell:inst6|inst4  ; out0             ;
; |PD|ram:inst|4x32ram:inst4|4x4ram:inst1|memory_cell:inst4|inst4  ; |PD|ram:inst|4x32ram:inst4|4x4ram:inst1|memory_cell:inst4|inst4  ; out0             ;
; |PD|ram:inst|4x32ram:inst4|4x4ram:inst1|24decoder:inst|inst2     ; |PD|ram:inst|4x32ram:inst4|4x4ram:inst1|24decoder:inst|inst2     ; out0             ;
; |PD|ram:inst|4x32ram:inst4|4x4ram:inst1|24decoder:inst|inst3     ; |PD|ram:inst|4x32ram:inst4|4x4ram:inst1|24decoder:inst|inst3     ; out0             ;
; |PD|ram:inst|4x32ram:inst4|4x4ram:inst1|24decoder:inst|inst4     ; |PD|ram:inst|4x32ram:inst4|4x4ram:inst1|24decoder:inst|inst4     ; out0             ;
; |PD|ram:inst|4x32ram:inst4|4x4ram:inst1|24decoder:inst|inst5     ; |PD|ram:inst|4x32ram:inst4|4x4ram:inst1|24decoder:inst|inst5     ; out0             ;
; |PD|ram:inst|4x32ram:inst4|4x4ram:inst1|memory_cell:inst2|inst4  ; |PD|ram:inst|4x32ram:inst4|4x4ram:inst1|memory_cell:inst2|inst4  ; out0             ;
; |PD|ram:inst|4x32ram:inst4|4x4ram:inst|inst17                    ; |PD|ram:inst|4x32ram:inst4|4x4ram:inst|inst17                    ; out0             ;
; |PD|ram:inst|4x32ram:inst4|4x4ram:inst|inst18                    ; |PD|ram:inst|4x32ram:inst4|4x4ram:inst|inst18                    ; out0             ;
; |PD|ram:inst|4x32ram:inst4|4x4ram:inst|memory_cell:inst3|inst4   ; |PD|ram:inst|4x32ram:inst4|4x4ram:inst|memory_cell:inst3|inst4   ; out0             ;
; |PD|ram:inst|4x32ram:inst4|4x4ram:inst|memory_cell:inst5|inst4   ; |PD|ram:inst|4x32ram:inst4|4x4ram:inst|memory_cell:inst5|inst4   ; out0             ;
; |PD|ram:inst|4x32ram:inst4|4x4ram:inst|memory_cell:inst7|inst4   ; |PD|ram:inst|4x32ram:inst4|4x4ram:inst|memory_cell:inst7|inst4   ; out0             ;
; |PD|ram:inst|4x32ram:inst4|4x4ram:inst|memory_cell:inst1|inst4   ; |PD|ram:inst|4x32ram:inst4|4x4ram:inst|memory_cell:inst1|inst4   ; out0             ;
; |PD|ram:inst|4x32ram:inst4|4x4ram:inst|memory_cell:inst16|inst4  ; |PD|ram:inst|4x32ram:inst4|4x4ram:inst|memory_cell:inst16|inst4  ; out0             ;
; |PD|ram:inst|4x32ram:inst4|4x4ram:inst|memory_cell:inst14|inst4  ; |PD|ram:inst|4x32ram:inst4|4x4ram:inst|memory_cell:inst14|inst4  ; out0             ;
; |PD|ram:inst|4x32ram:inst4|4x4ram:inst|memory_cell:inst12|inst4  ; |PD|ram:inst|4x32ram:inst4|4x4ram:inst|memory_cell:inst12|inst4  ; out0             ;
; |PD|ram:inst|4x32ram:inst4|4x4ram:inst|memory_cell:inst10|inst4  ; |PD|ram:inst|4x32ram:inst4|4x4ram:inst|memory_cell:inst10|inst4  ; out0             ;
; |PD|ram:inst|4x32ram:inst4|4x4ram:inst|memory_cell:inst15|inst4  ; |PD|ram:inst|4x32ram:inst4|4x4ram:inst|memory_cell:inst15|inst4  ; out0             ;
; |PD|ram:inst|4x32ram:inst4|4x4ram:inst|memory_cell:inst13|inst4  ; |PD|ram:inst|4x32ram:inst4|4x4ram:inst|memory_cell:inst13|inst4  ; out0             ;
; |PD|ram:inst|4x32ram:inst4|4x4ram:inst|memory_cell:inst11|inst4  ; |PD|ram:inst|4x32ram:inst4|4x4ram:inst|memory_cell:inst11|inst4  ; out0             ;
; |PD|ram:inst|4x32ram:inst4|4x4ram:inst|memory_cell:inst9|inst4   ; |PD|ram:inst|4x32ram:inst4|4x4ram:inst|memory_cell:inst9|inst4   ; out0             ;
; |PD|ram:inst|4x32ram:inst4|4x4ram:inst|memory_cell:inst8|inst4   ; |PD|ram:inst|4x32ram:inst4|4x4ram:inst|memory_cell:inst8|inst4   ; out0             ;
; |PD|ram:inst|4x32ram:inst4|4x4ram:inst|memory_cell:inst6|inst4   ; |PD|ram:inst|4x32ram:inst4|4x4ram:inst|memory_cell:inst6|inst4   ; out0             ;
; |PD|ram:inst|4x32ram:inst4|4x4ram:inst|memory_cell:inst4|inst4   ; |PD|ram:inst|4x32ram:inst4|4x4ram:inst|memory_cell:inst4|inst4   ; out0             ;
; |PD|ram:inst|4x32ram:inst4|4x4ram:inst|24decoder:inst|inst2      ; |PD|ram:inst|4x32ram:inst4|4x4ram:inst|24decoder:inst|inst2      ; out0             ;
; |PD|ram:inst|4x32ram:inst4|4x4ram:inst|24decoder:inst|inst3      ; |PD|ram:inst|4x32ram:inst4|4x4ram:inst|24decoder:inst|inst3      ; out0             ;
; |PD|ram:inst|4x32ram:inst4|4x4ram:inst|24decoder:inst|inst4      ; |PD|ram:inst|4x32ram:inst4|4x4ram:inst|24decoder:inst|inst4      ; out0             ;
; |PD|ram:inst|4x32ram:inst4|4x4ram:inst|24decoder:inst|inst5      ; |PD|ram:inst|4x32ram:inst4|4x4ram:inst|24decoder:inst|inst5      ; out0             ;
; |PD|ram:inst|4x32ram:inst4|4x4ram:inst|memory_cell:inst2|inst4   ; |PD|ram:inst|4x32ram:inst4|4x4ram:inst|memory_cell:inst2|inst4   ; out0             ;
; |PD|ram:inst|4x32ram:inst3|4x4ram:inst8|inst20                   ; |PD|ram:inst|4x32ram:inst3|4x4ram:inst8|inst20                   ; out              ;
; |PD|ram:inst|4x32ram:inst3|4x4ram:inst8|IN~0                     ; |PD|ram:inst|4x32ram:inst3|4x4ram:inst8|IN~0                     ; out0             ;
; |PD|ram:inst|4x32ram:inst3|4x4ram:inst8|inst17                   ; |PD|ram:inst|4x32ram:inst3|4x4ram:inst8|inst17                   ; out0             ;
; |PD|ram:inst|4x32ram:inst3|4x4ram:inst8|inst18                   ; |PD|ram:inst|4x32ram:inst3|4x4ram:inst8|inst18                   ; out0             ;
; |PD|ram:inst|4x32ram:inst3|4x4ram:inst8|inst21                   ; |PD|ram:inst|4x32ram:inst3|4x4ram:inst8|inst21                   ; out              ;
; |PD|ram:inst|4x32ram:inst3|4x4ram:inst8|IN~1                     ; |PD|ram:inst|4x32ram:inst3|4x4ram:inst8|IN~1                     ; out0             ;
; |PD|ram:inst|4x32ram:inst3|4x4ram:inst8|inst22                   ; |PD|ram:inst|4x32ram:inst3|4x4ram:inst8|inst22                   ; out              ;
; |PD|ram:inst|4x32ram:inst3|4x4ram:inst8|IN~2                     ; |PD|ram:inst|4x32ram:inst3|4x4ram:inst8|IN~2                     ; out0             ;
; |PD|ram:inst|4x32ram:inst3|4x4ram:inst8|memory_cell:inst3|inst4  ; |PD|ram:inst|4x32ram:inst3|4x4ram:inst8|memory_cell:inst3|inst4  ; out0             ;
; |PD|ram:inst|4x32ram:inst3|4x4ram:inst8|memory_cell:inst5|inst4  ; |PD|ram:inst|4x32ram:inst3|4x4ram:inst8|memory_cell:inst5|inst4  ; out0             ;
; |PD|ram:inst|4x32ram:inst3|4x4ram:inst8|memory_cell:inst7|inst4  ; |PD|ram:inst|4x32ram:inst3|4x4ram:inst8|memory_cell:inst7|inst4  ; out0             ;
; |PD|ram:inst|4x32ram:inst3|4x4ram:inst8|memory_cell:inst1|inst4  ; |PD|ram:inst|4x32ram:inst3|4x4ram:inst8|memory_cell:inst1|inst4  ; out0             ;
; |PD|ram:inst|4x32ram:inst3|4x4ram:inst8|memory_cell:inst16|inst4 ; |PD|ram:inst|4x32ram:inst3|4x4ram:inst8|memory_cell:inst16|inst4 ; out0             ;
; |PD|ram:inst|4x32ram:inst3|4x4ram:inst8|memory_cell:inst14|inst3 ; |PD|ram:inst|4x32ram:inst3|4x4ram:inst8|memory_cell:inst14|inst3 ; out              ;
; |PD|ram:inst|4x32ram:inst3|4x4ram:inst8|memory_cell:inst14|inst4 ; |PD|ram:inst|4x32ram:inst3|4x4ram:inst8|memory_cell:inst14|inst4 ; out0             ;
; |PD|ram:inst|4x32ram:inst3|4x4ram:inst8|memory_cell:inst12|inst4 ; |PD|ram:inst|4x32ram:inst3|4x4ram:inst8|memory_cell:inst12|inst4 ; out0             ;
; |PD|ram:inst|4x32ram:inst3|4x4ram:inst8|memory_cell:inst10|inst3 ; |PD|ram:inst|4x32ram:inst3|4x4ram:inst8|memory_cell:inst10|inst3 ; out              ;
; |PD|ram:inst|4x32ram:inst3|4x4ram:inst8|memory_cell:inst10|inst4 ; |PD|ram:inst|4x32ram:inst3|4x4ram:inst8|memory_cell:inst10|inst4 ; out0             ;
; |PD|ram:inst|4x32ram:inst3|4x4ram:inst8|memory_cell:inst15|inst4 ; |PD|ram:inst|4x32ram:inst3|4x4ram:inst8|memory_cell:inst15|inst4 ; out0             ;
; |PD|ram:inst|4x32ram:inst3|4x4ram:inst8|memory_cell:inst13|inst3 ; |PD|ram:inst|4x32ram:inst3|4x4ram:inst8|memory_cell:inst13|inst3 ; out              ;
; |PD|ram:inst|4x32ram:inst3|4x4ram:inst8|memory_cell:inst13|inst4 ; |PD|ram:inst|4x32ram:inst3|4x4ram:inst8|memory_cell:inst13|inst4 ; out0             ;
; |PD|ram:inst|4x32ram:inst3|4x4ram:inst8|memory_cell:inst11|inst3 ; |PD|ram:inst|4x32ram:inst3|4x4ram:inst8|memory_cell:inst11|inst3 ; out              ;
; |PD|ram:inst|4x32ram:inst3|4x4ram:inst8|memory_cell:inst11|inst4 ; |PD|ram:inst|4x32ram:inst3|4x4ram:inst8|memory_cell:inst11|inst4 ; out0             ;
; |PD|ram:inst|4x32ram:inst3|4x4ram:inst8|memory_cell:inst9|inst4  ; |PD|ram:inst|4x32ram:inst3|4x4ram:inst8|memory_cell:inst9|inst4  ; out0             ;
; |PD|ram:inst|4x32ram:inst3|4x4ram:inst8|memory_cell:inst8|inst3  ; |PD|ram:inst|4x32ram:inst3|4x4ram:inst8|memory_cell:inst8|inst3  ; out              ;
; |PD|ram:inst|4x32ram:inst3|4x4ram:inst8|memory_cell:inst8|inst4  ; |PD|ram:inst|4x32ram:inst3|4x4ram:inst8|memory_cell:inst8|inst4  ; out0             ;
; |PD|ram:inst|4x32ram:inst3|4x4ram:inst8|memory_cell:inst6|inst4  ; |PD|ram:inst|4x32ram:inst3|4x4ram:inst8|memory_cell:inst6|inst4  ; out0             ;
; |PD|ram:inst|4x32ram:inst3|4x4ram:inst8|memory_cell:inst4|inst4  ; |PD|ram:inst|4x32ram:inst3|4x4ram:inst8|memory_cell:inst4|inst4  ; out0             ;
; |PD|ram:inst|4x32ram:inst3|4x4ram:inst8|24decoder:inst|inst2     ; |PD|ram:inst|4x32ram:inst3|4x4ram:inst8|24decoder:inst|inst2     ; out0             ;
; |PD|ram:inst|4x32ram:inst3|4x4ram:inst8|24decoder:inst|inst3     ; |PD|ram:inst|4x32ram:inst3|4x4ram:inst8|24decoder:inst|inst3     ; out0             ;
; |PD|ram:inst|4x32ram:inst3|4x4ram:inst8|24decoder:inst|inst4     ; |PD|ram:inst|4x32ram:inst3|4x4ram:inst8|24decoder:inst|inst4     ; out0             ;
; |PD|ram:inst|4x32ram:inst3|4x4ram:inst8|24decoder:inst|inst5     ; |PD|ram:inst|4x32ram:inst3|4x4ram:inst8|24decoder:inst|inst5     ; out0             ;
; |PD|ram:inst|4x32ram:inst3|4x4ram:inst8|memory_cell:inst2|inst4  ; |PD|ram:inst|4x32ram:inst3|4x4ram:inst8|memory_cell:inst2|inst4  ; out0             ;
; |PD|ram:inst|4x32ram:inst3|4x4ram:inst7|inst17                   ; |PD|ram:inst|4x32ram:inst3|4x4ram:inst7|inst17                   ; out0             ;
; |PD|ram:inst|4x32ram:inst3|4x4ram:inst7|inst18                   ; |PD|ram:inst|4x32ram:inst3|4x4ram:inst7|inst18                   ; out0             ;
; |PD|ram:inst|4x32ram:inst3|4x4ram:inst7|IN~2                     ; |PD|ram:inst|4x32ram:inst3|4x4ram:inst7|IN~2                     ; out0             ;
; |PD|ram:inst|4x32ram:inst3|4x4ram:inst7|memory_cell:inst3|inst4  ; |PD|ram:inst|4x32ram:inst3|4x4ram:inst7|memory_cell:inst3|inst4  ; out0             ;
; |PD|ram:inst|4x32ram:inst3|4x4ram:inst7|memory_cell:inst5|inst4  ; |PD|ram:inst|4x32ram:inst3|4x4ram:inst7|memory_cell:inst5|inst4  ; out0             ;
; |PD|ram:inst|4x32ram:inst3|4x4ram:inst7|memory_cell:inst7|inst4  ; |PD|ram:inst|4x32ram:inst3|4x4ram:inst7|memory_cell:inst7|inst4  ; out0             ;
; |PD|ram:inst|4x32ram:inst3|4x4ram:inst7|memory_cell:inst1|inst4  ; |PD|ram:inst|4x32ram:inst3|4x4ram:inst7|memory_cell:inst1|inst4  ; out0             ;
; |PD|ram:inst|4x32ram:inst3|4x4ram:inst7|memory_cell:inst16|inst3 ; |PD|ram:inst|4x32ram:inst3|4x4ram:inst7|memory_cell:inst16|inst3 ; out              ;
; |PD|ram:inst|4x32ram:inst3|4x4ram:inst7|memory_cell:inst16|inst4 ; |PD|ram:inst|4x32ram:inst3|4x4ram:inst7|memory_cell:inst16|inst4 ; out0             ;
; |PD|ram:inst|4x32ram:inst3|4x4ram:inst7|memory_cell:inst14|inst3 ; |PD|ram:inst|4x32ram:inst3|4x4ram:inst7|memory_cell:inst14|inst3 ; out              ;
; |PD|ram:inst|4x32ram:inst3|4x4ram:inst7|memory_cell:inst14|inst4 ; |PD|ram:inst|4x32ram:inst3|4x4ram:inst7|memory_cell:inst14|inst4 ; out0             ;
; |PD|ram:inst|4x32ram:inst3|4x4ram:inst7|memory_cell:inst12|inst3 ; |PD|ram:inst|4x32ram:inst3|4x4ram:inst7|memory_cell:inst12|inst3 ; out              ;
; |PD|ram:inst|4x32ram:inst3|4x4ram:inst7|memory_cell:inst12|inst4 ; |PD|ram:inst|4x32ram:inst3|4x4ram:inst7|memory_cell:inst12|inst4 ; out0             ;
; |PD|ram:inst|4x32ram:inst3|4x4ram:inst7|memory_cell:inst10|inst3 ; |PD|ram:inst|4x32ram:inst3|4x4ram:inst7|memory_cell:inst10|inst3 ; out              ;
; |PD|ram:inst|4x32ram:inst3|4x4ram:inst7|memory_cell:inst10|inst4 ; |PD|ram:inst|4x32ram:inst3|4x4ram:inst7|memory_cell:inst10|inst4 ; out0             ;
; |PD|ram:inst|4x32ram:inst3|4x4ram:inst7|memory_cell:inst15|inst4 ; |PD|ram:inst|4x32ram:inst3|4x4ram:inst7|memory_cell:inst15|inst4 ; out0             ;
; |PD|ram:inst|4x32ram:inst3|4x4ram:inst7|memory_cell:inst13|inst4 ; |PD|ram:inst|4x32ram:inst3|4x4ram:inst7|memory_cell:inst13|inst4 ; out0             ;
; |PD|ram:inst|4x32ram:inst3|4x4ram:inst7|memory_cell:inst11|inst4 ; |PD|ram:inst|4x32ram:inst3|4x4ram:inst7|memory_cell:inst11|inst4 ; out0             ;
; |PD|ram:inst|4x32ram:inst3|4x4ram:inst7|memory_cell:inst9|inst4  ; |PD|ram:inst|4x32ram:inst3|4x4ram:inst7|memory_cell:inst9|inst4  ; out0             ;
; |PD|ram:inst|4x32ram:inst3|4x4ram:inst7|memory_cell:inst8|inst4  ; |PD|ram:inst|4x32ram:inst3|4x4ram:inst7|memory_cell:inst8|inst4  ; out0             ;
; |PD|ram:inst|4x32ram:inst3|4x4ram:inst7|memory_cell:inst6|inst4  ; |PD|ram:inst|4x32ram:inst3|4x4ram:inst7|memory_cell:inst6|inst4  ; out0             ;
; |PD|ram:inst|4x32ram:inst3|4x4ram:inst7|memory_cell:inst4|inst4  ; |PD|ram:inst|4x32ram:inst3|4x4ram:inst7|memory_cell:inst4|inst4  ; out0             ;
; |PD|ram:inst|4x32ram:inst3|4x4ram:inst7|24decoder:inst|inst2     ; |PD|ram:inst|4x32ram:inst3|4x4ram:inst7|24decoder:inst|inst2     ; out0             ;
; |PD|ram:inst|4x32ram:inst3|4x4ram:inst7|24decoder:inst|inst3     ; |PD|ram:inst|4x32ram:inst3|4x4ram:inst7|24decoder:inst|inst3     ; out0             ;
; |PD|ram:inst|4x32ram:inst3|4x4ram:inst7|24decoder:inst|inst4     ; |PD|ram:inst|4x32ram:inst3|4x4ram:inst7|24decoder:inst|inst4     ; out0             ;
; |PD|ram:inst|4x32ram:inst3|4x4ram:inst7|24decoder:inst|inst5     ; |PD|ram:inst|4x32ram:inst3|4x4ram:inst7|24decoder:inst|inst5     ; out0             ;
; |PD|ram:inst|4x32ram:inst3|4x4ram:inst7|memory_cell:inst2|inst4  ; |PD|ram:inst|4x32ram:inst3|4x4ram:inst7|memory_cell:inst2|inst4  ; out0             ;
; |PD|ram:inst|4x32ram:inst3|4x4ram:inst6|inst17                   ; |PD|ram:inst|4x32ram:inst3|4x4ram:inst6|inst17                   ; out0             ;
; |PD|ram:inst|4x32ram:inst3|4x4ram:inst6|inst18                   ; |PD|ram:inst|4x32ram:inst3|4x4ram:inst6|inst18                   ; out0             ;
; |PD|ram:inst|4x32ram:inst3|4x4ram:inst6|memory_cell:inst3|inst4  ; |PD|ram:inst|4x32ram:inst3|4x4ram:inst6|memory_cell:inst3|inst4  ; out0             ;
; |PD|ram:inst|4x32ram:inst3|4x4ram:inst6|memory_cell:inst5|inst4  ; |PD|ram:inst|4x32ram:inst3|4x4ram:inst6|memory_cell:inst5|inst4  ; out0             ;
; |PD|ram:inst|4x32ram:inst3|4x4ram:inst6|memory_cell:inst7|inst4  ; |PD|ram:inst|4x32ram:inst3|4x4ram:inst6|memory_cell:inst7|inst4  ; out0             ;
; |PD|ram:inst|4x32ram:inst3|4x4ram:inst6|memory_cell:inst1|inst4  ; |PD|ram:inst|4x32ram:inst3|4x4ram:inst6|memory_cell:inst1|inst4  ; out0             ;
; |PD|ram:inst|4x32ram:inst3|4x4ram:inst6|memory_cell:inst16|inst4 ; |PD|ram:inst|4x32ram:inst3|4x4ram:inst6|memory_cell:inst16|inst4 ; out0             ;
; |PD|ram:inst|4x32ram:inst3|4x4ram:inst6|memory_cell:inst14|inst4 ; |PD|ram:inst|4x32ram:inst3|4x4ram:inst6|memory_cell:inst14|inst4 ; out0             ;
; |PD|ram:inst|4x32ram:inst3|4x4ram:inst6|memory_cell:inst12|inst4 ; |PD|ram:inst|4x32ram:inst3|4x4ram:inst6|memory_cell:inst12|inst4 ; out0             ;
; |PD|ram:inst|4x32ram:inst3|4x4ram:inst6|memory_cell:inst10|inst4 ; |PD|ram:inst|4x32ram:inst3|4x4ram:inst6|memory_cell:inst10|inst4 ; out0             ;
; |PD|ram:inst|4x32ram:inst3|4x4ram:inst6|memory_cell:inst15|inst4 ; |PD|ram:inst|4x32ram:inst3|4x4ram:inst6|memory_cell:inst15|inst4 ; out0             ;
; |PD|ram:inst|4x32ram:inst3|4x4ram:inst6|memory_cell:inst13|inst4 ; |PD|ram:inst|4x32ram:inst3|4x4ram:inst6|memory_cell:inst13|inst4 ; out0             ;
; |PD|ram:inst|4x32ram:inst3|4x4ram:inst6|memory_cell:inst11|inst4 ; |PD|ram:inst|4x32ram:inst3|4x4ram:inst6|memory_cell:inst11|inst4 ; out0             ;
; |PD|ram:inst|4x32ram:inst3|4x4ram:inst6|memory_cell:inst9|inst4  ; |PD|ram:inst|4x32ram:inst3|4x4ram:inst6|memory_cell:inst9|inst4  ; out0             ;
; |PD|ram:inst|4x32ram:inst3|4x4ram:inst6|memory_cell:inst8|inst4  ; |PD|ram:inst|4x32ram:inst3|4x4ram:inst6|memory_cell:inst8|inst4  ; out0             ;
; |PD|ram:inst|4x32ram:inst3|4x4ram:inst6|memory_cell:inst6|inst4  ; |PD|ram:inst|4x32ram:inst3|4x4ram:inst6|memory_cell:inst6|inst4  ; out0             ;
; |PD|ram:inst|4x32ram:inst3|4x4ram:inst6|memory_cell:inst4|inst4  ; |PD|ram:inst|4x32ram:inst3|4x4ram:inst6|memory_cell:inst4|inst4  ; out0             ;
; |PD|ram:inst|4x32ram:inst3|4x4ram:inst6|24decoder:inst|inst2     ; |PD|ram:inst|4x32ram:inst3|4x4ram:inst6|24decoder:inst|inst2     ; out0             ;
; |PD|ram:inst|4x32ram:inst3|4x4ram:inst6|24decoder:inst|inst3     ; |PD|ram:inst|4x32ram:inst3|4x4ram:inst6|24decoder:inst|inst3     ; out0             ;
; |PD|ram:inst|4x32ram:inst3|4x4ram:inst6|24decoder:inst|inst4     ; |PD|ram:inst|4x32ram:inst3|4x4ram:inst6|24decoder:inst|inst4     ; out0             ;
; |PD|ram:inst|4x32ram:inst3|4x4ram:inst6|24decoder:inst|inst5     ; |PD|ram:inst|4x32ram:inst3|4x4ram:inst6|24decoder:inst|inst5     ; out0             ;
; |PD|ram:inst|4x32ram:inst3|4x4ram:inst6|memory_cell:inst2|inst4  ; |PD|ram:inst|4x32ram:inst3|4x4ram:inst6|memory_cell:inst2|inst4  ; out0             ;
; |PD|ram:inst|4x32ram:inst3|4x4ram:inst5|inst17                   ; |PD|ram:inst|4x32ram:inst3|4x4ram:inst5|inst17                   ; out0             ;
; |PD|ram:inst|4x32ram:inst3|4x4ram:inst5|inst18                   ; |PD|ram:inst|4x32ram:inst3|4x4ram:inst5|inst18                   ; out0             ;
; |PD|ram:inst|4x32ram:inst3|4x4ram:inst5|memory_cell:inst3|inst4  ; |PD|ram:inst|4x32ram:inst3|4x4ram:inst5|memory_cell:inst3|inst4  ; out0             ;
; |PD|ram:inst|4x32ram:inst3|4x4ram:inst5|memory_cell:inst5|inst4  ; |PD|ram:inst|4x32ram:inst3|4x4ram:inst5|memory_cell:inst5|inst4  ; out0             ;
; |PD|ram:inst|4x32ram:inst3|4x4ram:inst5|memory_cell:inst7|inst4  ; |PD|ram:inst|4x32ram:inst3|4x4ram:inst5|memory_cell:inst7|inst4  ; out0             ;
; |PD|ram:inst|4x32ram:inst3|4x4ram:inst5|memory_cell:inst1|inst4  ; |PD|ram:inst|4x32ram:inst3|4x4ram:inst5|memory_cell:inst1|inst4  ; out0             ;
; |PD|ram:inst|4x32ram:inst3|4x4ram:inst5|memory_cell:inst16|inst4 ; |PD|ram:inst|4x32ram:inst3|4x4ram:inst5|memory_cell:inst16|inst4 ; out0             ;
; |PD|ram:inst|4x32ram:inst3|4x4ram:inst5|memory_cell:inst14|inst4 ; |PD|ram:inst|4x32ram:inst3|4x4ram:inst5|memory_cell:inst14|inst4 ; out0             ;
; |PD|ram:inst|4x32ram:inst3|4x4ram:inst5|memory_cell:inst12|inst4 ; |PD|ram:inst|4x32ram:inst3|4x4ram:inst5|memory_cell:inst12|inst4 ; out0             ;
; |PD|ram:inst|4x32ram:inst3|4x4ram:inst5|memory_cell:inst10|inst4 ; |PD|ram:inst|4x32ram:inst3|4x4ram:inst5|memory_cell:inst10|inst4 ; out0             ;
; |PD|ram:inst|4x32ram:inst3|4x4ram:inst5|memory_cell:inst15|inst4 ; |PD|ram:inst|4x32ram:inst3|4x4ram:inst5|memory_cell:inst15|inst4 ; out0             ;
; |PD|ram:inst|4x32ram:inst3|4x4ram:inst5|memory_cell:inst13|inst4 ; |PD|ram:inst|4x32ram:inst3|4x4ram:inst5|memory_cell:inst13|inst4 ; out0             ;
; |PD|ram:inst|4x32ram:inst3|4x4ram:inst5|memory_cell:inst11|inst4 ; |PD|ram:inst|4x32ram:inst3|4x4ram:inst5|memory_cell:inst11|inst4 ; out0             ;
; |PD|ram:inst|4x32ram:inst3|4x4ram:inst5|memory_cell:inst9|inst4  ; |PD|ram:inst|4x32ram:inst3|4x4ram:inst5|memory_cell:inst9|inst4  ; out0             ;
; |PD|ram:inst|4x32ram:inst3|4x4ram:inst5|memory_cell:inst8|inst4  ; |PD|ram:inst|4x32ram:inst3|4x4ram:inst5|memory_cell:inst8|inst4  ; out0             ;
; |PD|ram:inst|4x32ram:inst3|4x4ram:inst5|memory_cell:inst6|inst4  ; |PD|ram:inst|4x32ram:inst3|4x4ram:inst5|memory_cell:inst6|inst4  ; out0             ;
; |PD|ram:inst|4x32ram:inst3|4x4ram:inst5|memory_cell:inst4|inst4  ; |PD|ram:inst|4x32ram:inst3|4x4ram:inst5|memory_cell:inst4|inst4  ; out0             ;
; |PD|ram:inst|4x32ram:inst3|4x4ram:inst5|24decoder:inst|inst2     ; |PD|ram:inst|4x32ram:inst3|4x4ram:inst5|24decoder:inst|inst2     ; out0             ;
; |PD|ram:inst|4x32ram:inst3|4x4ram:inst5|24decoder:inst|inst3     ; |PD|ram:inst|4x32ram:inst3|4x4ram:inst5|24decoder:inst|inst3     ; out0             ;
; |PD|ram:inst|4x32ram:inst3|4x4ram:inst5|24decoder:inst|inst4     ; |PD|ram:inst|4x32ram:inst3|4x4ram:inst5|24decoder:inst|inst4     ; out0             ;
; |PD|ram:inst|4x32ram:inst3|4x4ram:inst5|24decoder:inst|inst5     ; |PD|ram:inst|4x32ram:inst3|4x4ram:inst5|24decoder:inst|inst5     ; out0             ;
; |PD|ram:inst|4x32ram:inst3|4x4ram:inst5|memory_cell:inst2|inst4  ; |PD|ram:inst|4x32ram:inst3|4x4ram:inst5|memory_cell:inst2|inst4  ; out0             ;
; |PD|ram:inst|4x32ram:inst3|4x4ram:inst4|inst17                   ; |PD|ram:inst|4x32ram:inst3|4x4ram:inst4|inst17                   ; out0             ;
; |PD|ram:inst|4x32ram:inst3|4x4ram:inst4|inst18                   ; |PD|ram:inst|4x32ram:inst3|4x4ram:inst4|inst18                   ; out0             ;
; |PD|ram:inst|4x32ram:inst3|4x4ram:inst4|memory_cell:inst3|inst4  ; |PD|ram:inst|4x32ram:inst3|4x4ram:inst4|memory_cell:inst3|inst4  ; out0             ;
; |PD|ram:inst|4x32ram:inst3|4x4ram:inst4|memory_cell:inst5|inst4  ; |PD|ram:inst|4x32ram:inst3|4x4ram:inst4|memory_cell:inst5|inst4  ; out0             ;
; |PD|ram:inst|4x32ram:inst3|4x4ram:inst4|memory_cell:inst7|inst4  ; |PD|ram:inst|4x32ram:inst3|4x4ram:inst4|memory_cell:inst7|inst4  ; out0             ;
; |PD|ram:inst|4x32ram:inst3|4x4ram:inst4|memory_cell:inst1|inst4  ; |PD|ram:inst|4x32ram:inst3|4x4ram:inst4|memory_cell:inst1|inst4  ; out0             ;
; |PD|ram:inst|4x32ram:inst3|4x4ram:inst4|memory_cell:inst16|inst4 ; |PD|ram:inst|4x32ram:inst3|4x4ram:inst4|memory_cell:inst16|inst4 ; out0             ;
; |PD|ram:inst|4x32ram:inst3|4x4ram:inst4|memory_cell:inst14|inst4 ; |PD|ram:inst|4x32ram:inst3|4x4ram:inst4|memory_cell:inst14|inst4 ; out0             ;
; |PD|ram:inst|4x32ram:inst3|4x4ram:inst4|memory_cell:inst12|inst4 ; |PD|ram:inst|4x32ram:inst3|4x4ram:inst4|memory_cell:inst12|inst4 ; out0             ;
; |PD|ram:inst|4x32ram:inst3|4x4ram:inst4|memory_cell:inst10|inst4 ; |PD|ram:inst|4x32ram:inst3|4x4ram:inst4|memory_cell:inst10|inst4 ; out0             ;
; |PD|ram:inst|4x32ram:inst3|4x4ram:inst4|memory_cell:inst15|inst4 ; |PD|ram:inst|4x32ram:inst3|4x4ram:inst4|memory_cell:inst15|inst4 ; out0             ;
; |PD|ram:inst|4x32ram:inst3|4x4ram:inst4|memory_cell:inst13|inst4 ; |PD|ram:inst|4x32ram:inst3|4x4ram:inst4|memory_cell:inst13|inst4 ; out0             ;
; |PD|ram:inst|4x32ram:inst3|4x4ram:inst4|memory_cell:inst11|inst4 ; |PD|ram:inst|4x32ram:inst3|4x4ram:inst4|memory_cell:inst11|inst4 ; out0             ;
; |PD|ram:inst|4x32ram:inst3|4x4ram:inst4|memory_cell:inst9|inst4  ; |PD|ram:inst|4x32ram:inst3|4x4ram:inst4|memory_cell:inst9|inst4  ; out0             ;
; |PD|ram:inst|4x32ram:inst3|4x4ram:inst4|memory_cell:inst8|inst4  ; |PD|ram:inst|4x32ram:inst3|4x4ram:inst4|memory_cell:inst8|inst4  ; out0             ;
; |PD|ram:inst|4x32ram:inst3|4x4ram:inst4|memory_cell:inst6|inst4  ; |PD|ram:inst|4x32ram:inst3|4x4ram:inst4|memory_cell:inst6|inst4  ; out0             ;
; |PD|ram:inst|4x32ram:inst3|4x4ram:inst4|memory_cell:inst4|inst4  ; |PD|ram:inst|4x32ram:inst3|4x4ram:inst4|memory_cell:inst4|inst4  ; out0             ;
; |PD|ram:inst|4x32ram:inst3|4x4ram:inst4|24decoder:inst|inst2     ; |PD|ram:inst|4x32ram:inst3|4x4ram:inst4|24decoder:inst|inst2     ; out0             ;
; |PD|ram:inst|4x32ram:inst3|4x4ram:inst4|24decoder:inst|inst3     ; |PD|ram:inst|4x32ram:inst3|4x4ram:inst4|24decoder:inst|inst3     ; out0             ;
; |PD|ram:inst|4x32ram:inst3|4x4ram:inst4|24decoder:inst|inst4     ; |PD|ram:inst|4x32ram:inst3|4x4ram:inst4|24decoder:inst|inst4     ; out0             ;
; |PD|ram:inst|4x32ram:inst3|4x4ram:inst4|24decoder:inst|inst5     ; |PD|ram:inst|4x32ram:inst3|4x4ram:inst4|24decoder:inst|inst5     ; out0             ;
; |PD|ram:inst|4x32ram:inst3|4x4ram:inst4|memory_cell:inst2|inst4  ; |PD|ram:inst|4x32ram:inst3|4x4ram:inst4|memory_cell:inst2|inst4  ; out0             ;
; |PD|ram:inst|4x32ram:inst3|4x4ram:inst3|inst17                   ; |PD|ram:inst|4x32ram:inst3|4x4ram:inst3|inst17                   ; out0             ;
; |PD|ram:inst|4x32ram:inst3|4x4ram:inst3|inst18                   ; |PD|ram:inst|4x32ram:inst3|4x4ram:inst3|inst18                   ; out0             ;
; |PD|ram:inst|4x32ram:inst3|4x4ram:inst3|memory_cell:inst3|inst4  ; |PD|ram:inst|4x32ram:inst3|4x4ram:inst3|memory_cell:inst3|inst4  ; out0             ;
; |PD|ram:inst|4x32ram:inst3|4x4ram:inst3|memory_cell:inst5|inst4  ; |PD|ram:inst|4x32ram:inst3|4x4ram:inst3|memory_cell:inst5|inst4  ; out0             ;
; |PD|ram:inst|4x32ram:inst3|4x4ram:inst3|memory_cell:inst7|inst4  ; |PD|ram:inst|4x32ram:inst3|4x4ram:inst3|memory_cell:inst7|inst4  ; out0             ;
; |PD|ram:inst|4x32ram:inst3|4x4ram:inst3|memory_cell:inst1|inst4  ; |PD|ram:inst|4x32ram:inst3|4x4ram:inst3|memory_cell:inst1|inst4  ; out0             ;
; |PD|ram:inst|4x32ram:inst3|4x4ram:inst3|memory_cell:inst16|inst4 ; |PD|ram:inst|4x32ram:inst3|4x4ram:inst3|memory_cell:inst16|inst4 ; out0             ;
; |PD|ram:inst|4x32ram:inst3|4x4ram:inst3|memory_cell:inst14|inst4 ; |PD|ram:inst|4x32ram:inst3|4x4ram:inst3|memory_cell:inst14|inst4 ; out0             ;
; |PD|ram:inst|4x32ram:inst3|4x4ram:inst3|memory_cell:inst12|inst4 ; |PD|ram:inst|4x32ram:inst3|4x4ram:inst3|memory_cell:inst12|inst4 ; out0             ;
; |PD|ram:inst|4x32ram:inst3|4x4ram:inst3|memory_cell:inst10|inst4 ; |PD|ram:inst|4x32ram:inst3|4x4ram:inst3|memory_cell:inst10|inst4 ; out0             ;
; |PD|ram:inst|4x32ram:inst3|4x4ram:inst3|memory_cell:inst15|inst4 ; |PD|ram:inst|4x32ram:inst3|4x4ram:inst3|memory_cell:inst15|inst4 ; out0             ;
; |PD|ram:inst|4x32ram:inst3|4x4ram:inst3|memory_cell:inst13|inst4 ; |PD|ram:inst|4x32ram:inst3|4x4ram:inst3|memory_cell:inst13|inst4 ; out0             ;
; |PD|ram:inst|4x32ram:inst3|4x4ram:inst3|memory_cell:inst11|inst4 ; |PD|ram:inst|4x32ram:inst3|4x4ram:inst3|memory_cell:inst11|inst4 ; out0             ;
; |PD|ram:inst|4x32ram:inst3|4x4ram:inst3|memory_cell:inst9|inst4  ; |PD|ram:inst|4x32ram:inst3|4x4ram:inst3|memory_cell:inst9|inst4  ; out0             ;
; |PD|ram:inst|4x32ram:inst3|4x4ram:inst3|memory_cell:inst8|inst4  ; |PD|ram:inst|4x32ram:inst3|4x4ram:inst3|memory_cell:inst8|inst4  ; out0             ;
; |PD|ram:inst|4x32ram:inst3|4x4ram:inst3|memory_cell:inst6|inst4  ; |PD|ram:inst|4x32ram:inst3|4x4ram:inst3|memory_cell:inst6|inst4  ; out0             ;
; |PD|ram:inst|4x32ram:inst3|4x4ram:inst3|memory_cell:inst4|inst4  ; |PD|ram:inst|4x32ram:inst3|4x4ram:inst3|memory_cell:inst4|inst4  ; out0             ;
; |PD|ram:inst|4x32ram:inst3|4x4ram:inst3|24decoder:inst|inst2     ; |PD|ram:inst|4x32ram:inst3|4x4ram:inst3|24decoder:inst|inst2     ; out0             ;
; |PD|ram:inst|4x32ram:inst3|4x4ram:inst3|24decoder:inst|inst3     ; |PD|ram:inst|4x32ram:inst3|4x4ram:inst3|24decoder:inst|inst3     ; out0             ;
; |PD|ram:inst|4x32ram:inst3|4x4ram:inst3|24decoder:inst|inst4     ; |PD|ram:inst|4x32ram:inst3|4x4ram:inst3|24decoder:inst|inst4     ; out0             ;
; |PD|ram:inst|4x32ram:inst3|4x4ram:inst3|24decoder:inst|inst5     ; |PD|ram:inst|4x32ram:inst3|4x4ram:inst3|24decoder:inst|inst5     ; out0             ;
; |PD|ram:inst|4x32ram:inst3|4x4ram:inst3|memory_cell:inst2|inst4  ; |PD|ram:inst|4x32ram:inst3|4x4ram:inst3|memory_cell:inst2|inst4  ; out0             ;
; |PD|ram:inst|4x32ram:inst3|4x4ram:inst1|inst17                   ; |PD|ram:inst|4x32ram:inst3|4x4ram:inst1|inst17                   ; out0             ;
; |PD|ram:inst|4x32ram:inst3|4x4ram:inst1|inst18                   ; |PD|ram:inst|4x32ram:inst3|4x4ram:inst1|inst18                   ; out0             ;
; |PD|ram:inst|4x32ram:inst3|4x4ram:inst1|memory_cell:inst3|inst4  ; |PD|ram:inst|4x32ram:inst3|4x4ram:inst1|memory_cell:inst3|inst4  ; out0             ;
; |PD|ram:inst|4x32ram:inst3|4x4ram:inst1|memory_cell:inst5|inst4  ; |PD|ram:inst|4x32ram:inst3|4x4ram:inst1|memory_cell:inst5|inst4  ; out0             ;
; |PD|ram:inst|4x32ram:inst3|4x4ram:inst1|memory_cell:inst7|inst4  ; |PD|ram:inst|4x32ram:inst3|4x4ram:inst1|memory_cell:inst7|inst4  ; out0             ;
; |PD|ram:inst|4x32ram:inst3|4x4ram:inst1|memory_cell:inst1|inst4  ; |PD|ram:inst|4x32ram:inst3|4x4ram:inst1|memory_cell:inst1|inst4  ; out0             ;
; |PD|ram:inst|4x32ram:inst3|4x4ram:inst1|memory_cell:inst16|inst4 ; |PD|ram:inst|4x32ram:inst3|4x4ram:inst1|memory_cell:inst16|inst4 ; out0             ;
; |PD|ram:inst|4x32ram:inst3|4x4ram:inst1|memory_cell:inst14|inst4 ; |PD|ram:inst|4x32ram:inst3|4x4ram:inst1|memory_cell:inst14|inst4 ; out0             ;
; |PD|ram:inst|4x32ram:inst3|4x4ram:inst1|memory_cell:inst12|inst4 ; |PD|ram:inst|4x32ram:inst3|4x4ram:inst1|memory_cell:inst12|inst4 ; out0             ;
; |PD|ram:inst|4x32ram:inst3|4x4ram:inst1|memory_cell:inst10|inst4 ; |PD|ram:inst|4x32ram:inst3|4x4ram:inst1|memory_cell:inst10|inst4 ; out0             ;
; |PD|ram:inst|4x32ram:inst3|4x4ram:inst1|memory_cell:inst15|inst4 ; |PD|ram:inst|4x32ram:inst3|4x4ram:inst1|memory_cell:inst15|inst4 ; out0             ;
; |PD|ram:inst|4x32ram:inst3|4x4ram:inst1|memory_cell:inst13|inst4 ; |PD|ram:inst|4x32ram:inst3|4x4ram:inst1|memory_cell:inst13|inst4 ; out0             ;
; |PD|ram:inst|4x32ram:inst3|4x4ram:inst1|memory_cell:inst11|inst4 ; |PD|ram:inst|4x32ram:inst3|4x4ram:inst1|memory_cell:inst11|inst4 ; out0             ;
; |PD|ram:inst|4x32ram:inst3|4x4ram:inst1|memory_cell:inst9|inst4  ; |PD|ram:inst|4x32ram:inst3|4x4ram:inst1|memory_cell:inst9|inst4  ; out0             ;
; |PD|ram:inst|4x32ram:inst3|4x4ram:inst1|memory_cell:inst8|inst4  ; |PD|ram:inst|4x32ram:inst3|4x4ram:inst1|memory_cell:inst8|inst4  ; out0             ;
; |PD|ram:inst|4x32ram:inst3|4x4ram:inst1|memory_cell:inst6|inst4  ; |PD|ram:inst|4x32ram:inst3|4x4ram:inst1|memory_cell:inst6|inst4  ; out0             ;
; |PD|ram:inst|4x32ram:inst3|4x4ram:inst1|memory_cell:inst4|inst4  ; |PD|ram:inst|4x32ram:inst3|4x4ram:inst1|memory_cell:inst4|inst4  ; out0             ;
; |PD|ram:inst|4x32ram:inst3|4x4ram:inst1|24decoder:inst|inst2     ; |PD|ram:inst|4x32ram:inst3|4x4ram:inst1|24decoder:inst|inst2     ; out0             ;
; |PD|ram:inst|4x32ram:inst3|4x4ram:inst1|24decoder:inst|inst3     ; |PD|ram:inst|4x32ram:inst3|4x4ram:inst1|24decoder:inst|inst3     ; out0             ;
; |PD|ram:inst|4x32ram:inst3|4x4ram:inst1|24decoder:inst|inst4     ; |PD|ram:inst|4x32ram:inst3|4x4ram:inst1|24decoder:inst|inst4     ; out0             ;
; |PD|ram:inst|4x32ram:inst3|4x4ram:inst1|24decoder:inst|inst5     ; |PD|ram:inst|4x32ram:inst3|4x4ram:inst1|24decoder:inst|inst5     ; out0             ;
; |PD|ram:inst|4x32ram:inst3|4x4ram:inst1|memory_cell:inst2|inst4  ; |PD|ram:inst|4x32ram:inst3|4x4ram:inst1|memory_cell:inst2|inst4  ; out0             ;
; |PD|ram:inst|4x32ram:inst3|4x4ram:inst|inst17                    ; |PD|ram:inst|4x32ram:inst3|4x4ram:inst|inst17                    ; out0             ;
; |PD|ram:inst|4x32ram:inst3|4x4ram:inst|inst18                    ; |PD|ram:inst|4x32ram:inst3|4x4ram:inst|inst18                    ; out0             ;
; |PD|ram:inst|4x32ram:inst3|4x4ram:inst|memory_cell:inst3|inst4   ; |PD|ram:inst|4x32ram:inst3|4x4ram:inst|memory_cell:inst3|inst4   ; out0             ;
; |PD|ram:inst|4x32ram:inst3|4x4ram:inst|memory_cell:inst5|inst4   ; |PD|ram:inst|4x32ram:inst3|4x4ram:inst|memory_cell:inst5|inst4   ; out0             ;
; |PD|ram:inst|4x32ram:inst3|4x4ram:inst|memory_cell:inst7|inst4   ; |PD|ram:inst|4x32ram:inst3|4x4ram:inst|memory_cell:inst7|inst4   ; out0             ;
; |PD|ram:inst|4x32ram:inst3|4x4ram:inst|memory_cell:inst1|inst4   ; |PD|ram:inst|4x32ram:inst3|4x4ram:inst|memory_cell:inst1|inst4   ; out0             ;
; |PD|ram:inst|4x32ram:inst3|4x4ram:inst|memory_cell:inst16|inst4  ; |PD|ram:inst|4x32ram:inst3|4x4ram:inst|memory_cell:inst16|inst4  ; out0             ;
; |PD|ram:inst|4x32ram:inst3|4x4ram:inst|memory_cell:inst14|inst4  ; |PD|ram:inst|4x32ram:inst3|4x4ram:inst|memory_cell:inst14|inst4  ; out0             ;
; |PD|ram:inst|4x32ram:inst3|4x4ram:inst|memory_cell:inst12|inst4  ; |PD|ram:inst|4x32ram:inst3|4x4ram:inst|memory_cell:inst12|inst4  ; out0             ;
; |PD|ram:inst|4x32ram:inst3|4x4ram:inst|memory_cell:inst10|inst4  ; |PD|ram:inst|4x32ram:inst3|4x4ram:inst|memory_cell:inst10|inst4  ; out0             ;
; |PD|ram:inst|4x32ram:inst3|4x4ram:inst|memory_cell:inst15|inst4  ; |PD|ram:inst|4x32ram:inst3|4x4ram:inst|memory_cell:inst15|inst4  ; out0             ;
; |PD|ram:inst|4x32ram:inst3|4x4ram:inst|memory_cell:inst13|inst4  ; |PD|ram:inst|4x32ram:inst3|4x4ram:inst|memory_cell:inst13|inst4  ; out0             ;
; |PD|ram:inst|4x32ram:inst3|4x4ram:inst|memory_cell:inst11|inst4  ; |PD|ram:inst|4x32ram:inst3|4x4ram:inst|memory_cell:inst11|inst4  ; out0             ;
; |PD|ram:inst|4x32ram:inst3|4x4ram:inst|memory_cell:inst9|inst4   ; |PD|ram:inst|4x32ram:inst3|4x4ram:inst|memory_cell:inst9|inst4   ; out0             ;
; |PD|ram:inst|4x32ram:inst3|4x4ram:inst|memory_cell:inst8|inst4   ; |PD|ram:inst|4x32ram:inst3|4x4ram:inst|memory_cell:inst8|inst4   ; out0             ;
; |PD|ram:inst|4x32ram:inst3|4x4ram:inst|memory_cell:inst6|inst4   ; |PD|ram:inst|4x32ram:inst3|4x4ram:inst|memory_cell:inst6|inst4   ; out0             ;
; |PD|ram:inst|4x32ram:inst3|4x4ram:inst|memory_cell:inst4|inst4   ; |PD|ram:inst|4x32ram:inst3|4x4ram:inst|memory_cell:inst4|inst4   ; out0             ;
; |PD|ram:inst|4x32ram:inst3|4x4ram:inst|24decoder:inst|inst2      ; |PD|ram:inst|4x32ram:inst3|4x4ram:inst|24decoder:inst|inst2      ; out0             ;
; |PD|ram:inst|4x32ram:inst3|4x4ram:inst|24decoder:inst|inst3      ; |PD|ram:inst|4x32ram:inst3|4x4ram:inst|24decoder:inst|inst3      ; out0             ;
; |PD|ram:inst|4x32ram:inst3|4x4ram:inst|24decoder:inst|inst4      ; |PD|ram:inst|4x32ram:inst3|4x4ram:inst|24decoder:inst|inst4      ; out0             ;
; |PD|ram:inst|4x32ram:inst3|4x4ram:inst|24decoder:inst|inst5      ; |PD|ram:inst|4x32ram:inst3|4x4ram:inst|24decoder:inst|inst5      ; out0             ;
; |PD|ram:inst|4x32ram:inst3|4x4ram:inst|memory_cell:inst2|inst4   ; |PD|ram:inst|4x32ram:inst3|4x4ram:inst|memory_cell:inst2|inst4   ; out0             ;
; |PD|ram:inst|4x32ram:inst2|4x4ram:inst8|inst20                   ; |PD|ram:inst|4x32ram:inst2|4x4ram:inst8|inst20                   ; out              ;
; |PD|ram:inst|4x32ram:inst2|4x4ram:inst8|IN~0                     ; |PD|ram:inst|4x32ram:inst2|4x4ram:inst8|IN~0                     ; out0             ;
; |PD|ram:inst|4x32ram:inst2|4x4ram:inst8|inst17                   ; |PD|ram:inst|4x32ram:inst2|4x4ram:inst8|inst17                   ; out0             ;
; |PD|ram:inst|4x32ram:inst2|4x4ram:inst8|inst18                   ; |PD|ram:inst|4x32ram:inst2|4x4ram:inst8|inst18                   ; out0             ;
; |PD|ram:inst|4x32ram:inst2|4x4ram:inst8|inst21                   ; |PD|ram:inst|4x32ram:inst2|4x4ram:inst8|inst21                   ; out              ;
; |PD|ram:inst|4x32ram:inst2|4x4ram:inst8|IN~1                     ; |PD|ram:inst|4x32ram:inst2|4x4ram:inst8|IN~1                     ; out0             ;
; |PD|ram:inst|4x32ram:inst2|4x4ram:inst8|inst22                   ; |PD|ram:inst|4x32ram:inst2|4x4ram:inst8|inst22                   ; out              ;
; |PD|ram:inst|4x32ram:inst2|4x4ram:inst8|IN~2                     ; |PD|ram:inst|4x32ram:inst2|4x4ram:inst8|IN~2                     ; out0             ;
; |PD|ram:inst|4x32ram:inst2|4x4ram:inst8|inst19                   ; |PD|ram:inst|4x32ram:inst2|4x4ram:inst8|inst19                   ; out              ;
; |PD|ram:inst|4x32ram:inst2|4x4ram:inst8|IN~3                     ; |PD|ram:inst|4x32ram:inst2|4x4ram:inst8|IN~3                     ; out0             ;
; |PD|ram:inst|4x32ram:inst2|4x4ram:inst8|memory_cell:inst3|inst4  ; |PD|ram:inst|4x32ram:inst2|4x4ram:inst8|memory_cell:inst3|inst4  ; out0             ;
; |PD|ram:inst|4x32ram:inst2|4x4ram:inst8|memory_cell:inst5|inst4  ; |PD|ram:inst|4x32ram:inst2|4x4ram:inst8|memory_cell:inst5|inst4  ; out0             ;
; |PD|ram:inst|4x32ram:inst2|4x4ram:inst8|memory_cell:inst7|inst3  ; |PD|ram:inst|4x32ram:inst2|4x4ram:inst8|memory_cell:inst7|inst3  ; out              ;
; |PD|ram:inst|4x32ram:inst2|4x4ram:inst8|memory_cell:inst7|inst4  ; |PD|ram:inst|4x32ram:inst2|4x4ram:inst8|memory_cell:inst7|inst4  ; out0             ;
; |PD|ram:inst|4x32ram:inst2|4x4ram:inst8|memory_cell:inst1|inst4  ; |PD|ram:inst|4x32ram:inst2|4x4ram:inst8|memory_cell:inst1|inst4  ; out0             ;
; |PD|ram:inst|4x32ram:inst2|4x4ram:inst8|memory_cell:inst16|inst4 ; |PD|ram:inst|4x32ram:inst2|4x4ram:inst8|memory_cell:inst16|inst4 ; out0             ;
; |PD|ram:inst|4x32ram:inst2|4x4ram:inst8|memory_cell:inst14|inst3 ; |PD|ram:inst|4x32ram:inst2|4x4ram:inst8|memory_cell:inst14|inst3 ; out              ;
; |PD|ram:inst|4x32ram:inst2|4x4ram:inst8|memory_cell:inst14|inst4 ; |PD|ram:inst|4x32ram:inst2|4x4ram:inst8|memory_cell:inst14|inst4 ; out0             ;
; |PD|ram:inst|4x32ram:inst2|4x4ram:inst8|memory_cell:inst12|inst4 ; |PD|ram:inst|4x32ram:inst2|4x4ram:inst8|memory_cell:inst12|inst4 ; out0             ;
; |PD|ram:inst|4x32ram:inst2|4x4ram:inst8|memory_cell:inst10|inst3 ; |PD|ram:inst|4x32ram:inst2|4x4ram:inst8|memory_cell:inst10|inst3 ; out              ;
; |PD|ram:inst|4x32ram:inst2|4x4ram:inst8|memory_cell:inst10|inst4 ; |PD|ram:inst|4x32ram:inst2|4x4ram:inst8|memory_cell:inst10|inst4 ; out0             ;
; |PD|ram:inst|4x32ram:inst2|4x4ram:inst8|memory_cell:inst15|inst4 ; |PD|ram:inst|4x32ram:inst2|4x4ram:inst8|memory_cell:inst15|inst4 ; out0             ;
; |PD|ram:inst|4x32ram:inst2|4x4ram:inst8|memory_cell:inst13|inst3 ; |PD|ram:inst|4x32ram:inst2|4x4ram:inst8|memory_cell:inst13|inst3 ; out              ;
; |PD|ram:inst|4x32ram:inst2|4x4ram:inst8|memory_cell:inst13|inst4 ; |PD|ram:inst|4x32ram:inst2|4x4ram:inst8|memory_cell:inst13|inst4 ; out0             ;
; |PD|ram:inst|4x32ram:inst2|4x4ram:inst8|memory_cell:inst11|inst3 ; |PD|ram:inst|4x32ram:inst2|4x4ram:inst8|memory_cell:inst11|inst3 ; out              ;
; |PD|ram:inst|4x32ram:inst2|4x4ram:inst8|memory_cell:inst11|inst4 ; |PD|ram:inst|4x32ram:inst2|4x4ram:inst8|memory_cell:inst11|inst4 ; out0             ;
; |PD|ram:inst|4x32ram:inst2|4x4ram:inst8|memory_cell:inst9|inst4  ; |PD|ram:inst|4x32ram:inst2|4x4ram:inst8|memory_cell:inst9|inst4  ; out0             ;
; |PD|ram:inst|4x32ram:inst2|4x4ram:inst8|memory_cell:inst8|inst4  ; |PD|ram:inst|4x32ram:inst2|4x4ram:inst8|memory_cell:inst8|inst4  ; out0             ;
; |PD|ram:inst|4x32ram:inst2|4x4ram:inst8|memory_cell:inst6|inst3  ; |PD|ram:inst|4x32ram:inst2|4x4ram:inst8|memory_cell:inst6|inst3  ; out              ;
; |PD|ram:inst|4x32ram:inst2|4x4ram:inst8|memory_cell:inst6|inst4  ; |PD|ram:inst|4x32ram:inst2|4x4ram:inst8|memory_cell:inst6|inst4  ; out0             ;
; |PD|ram:inst|4x32ram:inst2|4x4ram:inst8|memory_cell:inst4|inst3  ; |PD|ram:inst|4x32ram:inst2|4x4ram:inst8|memory_cell:inst4|inst3  ; out              ;
; |PD|ram:inst|4x32ram:inst2|4x4ram:inst8|memory_cell:inst4|inst4  ; |PD|ram:inst|4x32ram:inst2|4x4ram:inst8|memory_cell:inst4|inst4  ; out0             ;
; |PD|ram:inst|4x32ram:inst2|4x4ram:inst8|24decoder:inst|inst2     ; |PD|ram:inst|4x32ram:inst2|4x4ram:inst8|24decoder:inst|inst2     ; out0             ;
; |PD|ram:inst|4x32ram:inst2|4x4ram:inst8|24decoder:inst|inst3     ; |PD|ram:inst|4x32ram:inst2|4x4ram:inst8|24decoder:inst|inst3     ; out0             ;
; |PD|ram:inst|4x32ram:inst2|4x4ram:inst8|24decoder:inst|inst4     ; |PD|ram:inst|4x32ram:inst2|4x4ram:inst8|24decoder:inst|inst4     ; out0             ;
; |PD|ram:inst|4x32ram:inst2|4x4ram:inst8|24decoder:inst|inst5     ; |PD|ram:inst|4x32ram:inst2|4x4ram:inst8|24decoder:inst|inst5     ; out0             ;
; |PD|ram:inst|4x32ram:inst2|4x4ram:inst8|memory_cell:inst2|inst3  ; |PD|ram:inst|4x32ram:inst2|4x4ram:inst8|memory_cell:inst2|inst3  ; out              ;
; |PD|ram:inst|4x32ram:inst2|4x4ram:inst8|memory_cell:inst2|inst4  ; |PD|ram:inst|4x32ram:inst2|4x4ram:inst8|memory_cell:inst2|inst4  ; out0             ;
; |PD|ram:inst|4x32ram:inst2|4x4ram:inst7|inst17                   ; |PD|ram:inst|4x32ram:inst2|4x4ram:inst7|inst17                   ; out0             ;
; |PD|ram:inst|4x32ram:inst2|4x4ram:inst7|inst18                   ; |PD|ram:inst|4x32ram:inst2|4x4ram:inst7|inst18                   ; out0             ;
; |PD|ram:inst|4x32ram:inst2|4x4ram:inst7|IN~2                     ; |PD|ram:inst|4x32ram:inst2|4x4ram:inst7|IN~2                     ; out0             ;
; |PD|ram:inst|4x32ram:inst2|4x4ram:inst7|memory_cell:inst3|inst4  ; |PD|ram:inst|4x32ram:inst2|4x4ram:inst7|memory_cell:inst3|inst4  ; out0             ;
; |PD|ram:inst|4x32ram:inst2|4x4ram:inst7|memory_cell:inst5|inst4  ; |PD|ram:inst|4x32ram:inst2|4x4ram:inst7|memory_cell:inst5|inst4  ; out0             ;
; |PD|ram:inst|4x32ram:inst2|4x4ram:inst7|memory_cell:inst7|inst4  ; |PD|ram:inst|4x32ram:inst2|4x4ram:inst7|memory_cell:inst7|inst4  ; out0             ;
; |PD|ram:inst|4x32ram:inst2|4x4ram:inst7|memory_cell:inst1|inst4  ; |PD|ram:inst|4x32ram:inst2|4x4ram:inst7|memory_cell:inst1|inst4  ; out0             ;
; |PD|ram:inst|4x32ram:inst2|4x4ram:inst7|memory_cell:inst16|inst3 ; |PD|ram:inst|4x32ram:inst2|4x4ram:inst7|memory_cell:inst16|inst3 ; out              ;
; |PD|ram:inst|4x32ram:inst2|4x4ram:inst7|memory_cell:inst16|inst4 ; |PD|ram:inst|4x32ram:inst2|4x4ram:inst7|memory_cell:inst16|inst4 ; out0             ;
; |PD|ram:inst|4x32ram:inst2|4x4ram:inst7|memory_cell:inst14|inst3 ; |PD|ram:inst|4x32ram:inst2|4x4ram:inst7|memory_cell:inst14|inst3 ; out              ;
; |PD|ram:inst|4x32ram:inst2|4x4ram:inst7|memory_cell:inst14|inst4 ; |PD|ram:inst|4x32ram:inst2|4x4ram:inst7|memory_cell:inst14|inst4 ; out0             ;
; |PD|ram:inst|4x32ram:inst2|4x4ram:inst7|memory_cell:inst12|inst3 ; |PD|ram:inst|4x32ram:inst2|4x4ram:inst7|memory_cell:inst12|inst3 ; out              ;
; |PD|ram:inst|4x32ram:inst2|4x4ram:inst7|memory_cell:inst12|inst4 ; |PD|ram:inst|4x32ram:inst2|4x4ram:inst7|memory_cell:inst12|inst4 ; out0             ;
; |PD|ram:inst|4x32ram:inst2|4x4ram:inst7|memory_cell:inst10|inst3 ; |PD|ram:inst|4x32ram:inst2|4x4ram:inst7|memory_cell:inst10|inst3 ; out              ;
; |PD|ram:inst|4x32ram:inst2|4x4ram:inst7|memory_cell:inst10|inst4 ; |PD|ram:inst|4x32ram:inst2|4x4ram:inst7|memory_cell:inst10|inst4 ; out0             ;
; |PD|ram:inst|4x32ram:inst2|4x4ram:inst7|memory_cell:inst15|inst4 ; |PD|ram:inst|4x32ram:inst2|4x4ram:inst7|memory_cell:inst15|inst4 ; out0             ;
; |PD|ram:inst|4x32ram:inst2|4x4ram:inst7|memory_cell:inst13|inst4 ; |PD|ram:inst|4x32ram:inst2|4x4ram:inst7|memory_cell:inst13|inst4 ; out0             ;
; |PD|ram:inst|4x32ram:inst2|4x4ram:inst7|memory_cell:inst11|inst4 ; |PD|ram:inst|4x32ram:inst2|4x4ram:inst7|memory_cell:inst11|inst4 ; out0             ;
; |PD|ram:inst|4x32ram:inst2|4x4ram:inst7|memory_cell:inst9|inst4  ; |PD|ram:inst|4x32ram:inst2|4x4ram:inst7|memory_cell:inst9|inst4  ; out0             ;
; |PD|ram:inst|4x32ram:inst2|4x4ram:inst7|memory_cell:inst8|inst4  ; |PD|ram:inst|4x32ram:inst2|4x4ram:inst7|memory_cell:inst8|inst4  ; out0             ;
; |PD|ram:inst|4x32ram:inst2|4x4ram:inst7|memory_cell:inst6|inst4  ; |PD|ram:inst|4x32ram:inst2|4x4ram:inst7|memory_cell:inst6|inst4  ; out0             ;
; |PD|ram:inst|4x32ram:inst2|4x4ram:inst7|memory_cell:inst4|inst4  ; |PD|ram:inst|4x32ram:inst2|4x4ram:inst7|memory_cell:inst4|inst4  ; out0             ;
; |PD|ram:inst|4x32ram:inst2|4x4ram:inst7|24decoder:inst|inst2     ; |PD|ram:inst|4x32ram:inst2|4x4ram:inst7|24decoder:inst|inst2     ; out0             ;
; |PD|ram:inst|4x32ram:inst2|4x4ram:inst7|24decoder:inst|inst3     ; |PD|ram:inst|4x32ram:inst2|4x4ram:inst7|24decoder:inst|inst3     ; out0             ;
; |PD|ram:inst|4x32ram:inst2|4x4ram:inst7|24decoder:inst|inst4     ; |PD|ram:inst|4x32ram:inst2|4x4ram:inst7|24decoder:inst|inst4     ; out0             ;
; |PD|ram:inst|4x32ram:inst2|4x4ram:inst7|24decoder:inst|inst5     ; |PD|ram:inst|4x32ram:inst2|4x4ram:inst7|24decoder:inst|inst5     ; out0             ;
; |PD|ram:inst|4x32ram:inst2|4x4ram:inst7|memory_cell:inst2|inst4  ; |PD|ram:inst|4x32ram:inst2|4x4ram:inst7|memory_cell:inst2|inst4  ; out0             ;
; |PD|ram:inst|4x32ram:inst2|4x4ram:inst6|inst17                   ; |PD|ram:inst|4x32ram:inst2|4x4ram:inst6|inst17                   ; out0             ;
; |PD|ram:inst|4x32ram:inst2|4x4ram:inst6|inst18                   ; |PD|ram:inst|4x32ram:inst2|4x4ram:inst6|inst18                   ; out0             ;
; |PD|ram:inst|4x32ram:inst2|4x4ram:inst6|memory_cell:inst3|inst4  ; |PD|ram:inst|4x32ram:inst2|4x4ram:inst6|memory_cell:inst3|inst4  ; out0             ;
; |PD|ram:inst|4x32ram:inst2|4x4ram:inst6|memory_cell:inst5|inst4  ; |PD|ram:inst|4x32ram:inst2|4x4ram:inst6|memory_cell:inst5|inst4  ; out0             ;
; |PD|ram:inst|4x32ram:inst2|4x4ram:inst6|memory_cell:inst7|inst4  ; |PD|ram:inst|4x32ram:inst2|4x4ram:inst6|memory_cell:inst7|inst4  ; out0             ;
; |PD|ram:inst|4x32ram:inst2|4x4ram:inst6|memory_cell:inst1|inst4  ; |PD|ram:inst|4x32ram:inst2|4x4ram:inst6|memory_cell:inst1|inst4  ; out0             ;
; |PD|ram:inst|4x32ram:inst2|4x4ram:inst6|memory_cell:inst16|inst4 ; |PD|ram:inst|4x32ram:inst2|4x4ram:inst6|memory_cell:inst16|inst4 ; out0             ;
; |PD|ram:inst|4x32ram:inst2|4x4ram:inst6|memory_cell:inst14|inst4 ; |PD|ram:inst|4x32ram:inst2|4x4ram:inst6|memory_cell:inst14|inst4 ; out0             ;
; |PD|ram:inst|4x32ram:inst2|4x4ram:inst6|memory_cell:inst12|inst4 ; |PD|ram:inst|4x32ram:inst2|4x4ram:inst6|memory_cell:inst12|inst4 ; out0             ;
; |PD|ram:inst|4x32ram:inst2|4x4ram:inst6|memory_cell:inst10|inst4 ; |PD|ram:inst|4x32ram:inst2|4x4ram:inst6|memory_cell:inst10|inst4 ; out0             ;
; |PD|ram:inst|4x32ram:inst2|4x4ram:inst6|memory_cell:inst15|inst4 ; |PD|ram:inst|4x32ram:inst2|4x4ram:inst6|memory_cell:inst15|inst4 ; out0             ;
; |PD|ram:inst|4x32ram:inst2|4x4ram:inst6|memory_cell:inst13|inst4 ; |PD|ram:inst|4x32ram:inst2|4x4ram:inst6|memory_cell:inst13|inst4 ; out0             ;
; |PD|ram:inst|4x32ram:inst2|4x4ram:inst6|memory_cell:inst11|inst4 ; |PD|ram:inst|4x32ram:inst2|4x4ram:inst6|memory_cell:inst11|inst4 ; out0             ;
; |PD|ram:inst|4x32ram:inst2|4x4ram:inst6|memory_cell:inst9|inst4  ; |PD|ram:inst|4x32ram:inst2|4x4ram:inst6|memory_cell:inst9|inst4  ; out0             ;
; |PD|ram:inst|4x32ram:inst2|4x4ram:inst6|memory_cell:inst8|inst4  ; |PD|ram:inst|4x32ram:inst2|4x4ram:inst6|memory_cell:inst8|inst4  ; out0             ;
; |PD|ram:inst|4x32ram:inst2|4x4ram:inst6|memory_cell:inst6|inst4  ; |PD|ram:inst|4x32ram:inst2|4x4ram:inst6|memory_cell:inst6|inst4  ; out0             ;
; |PD|ram:inst|4x32ram:inst2|4x4ram:inst6|memory_cell:inst4|inst4  ; |PD|ram:inst|4x32ram:inst2|4x4ram:inst6|memory_cell:inst4|inst4  ; out0             ;
; |PD|ram:inst|4x32ram:inst2|4x4ram:inst6|24decoder:inst|inst2     ; |PD|ram:inst|4x32ram:inst2|4x4ram:inst6|24decoder:inst|inst2     ; out0             ;
; |PD|ram:inst|4x32ram:inst2|4x4ram:inst6|24decoder:inst|inst3     ; |PD|ram:inst|4x32ram:inst2|4x4ram:inst6|24decoder:inst|inst3     ; out0             ;
; |PD|ram:inst|4x32ram:inst2|4x4ram:inst6|24decoder:inst|inst4     ; |PD|ram:inst|4x32ram:inst2|4x4ram:inst6|24decoder:inst|inst4     ; out0             ;
; |PD|ram:inst|4x32ram:inst2|4x4ram:inst6|24decoder:inst|inst5     ; |PD|ram:inst|4x32ram:inst2|4x4ram:inst6|24decoder:inst|inst5     ; out0             ;
; |PD|ram:inst|4x32ram:inst2|4x4ram:inst6|memory_cell:inst2|inst4  ; |PD|ram:inst|4x32ram:inst2|4x4ram:inst6|memory_cell:inst2|inst4  ; out0             ;
; |PD|ram:inst|4x32ram:inst2|4x4ram:inst5|inst17                   ; |PD|ram:inst|4x32ram:inst2|4x4ram:inst5|inst17                   ; out0             ;
; |PD|ram:inst|4x32ram:inst2|4x4ram:inst5|inst18                   ; |PD|ram:inst|4x32ram:inst2|4x4ram:inst5|inst18                   ; out0             ;
; |PD|ram:inst|4x32ram:inst2|4x4ram:inst5|memory_cell:inst3|inst4  ; |PD|ram:inst|4x32ram:inst2|4x4ram:inst5|memory_cell:inst3|inst4  ; out0             ;
; |PD|ram:inst|4x32ram:inst2|4x4ram:inst5|memory_cell:inst5|inst4  ; |PD|ram:inst|4x32ram:inst2|4x4ram:inst5|memory_cell:inst5|inst4  ; out0             ;
; |PD|ram:inst|4x32ram:inst2|4x4ram:inst5|memory_cell:inst7|inst4  ; |PD|ram:inst|4x32ram:inst2|4x4ram:inst5|memory_cell:inst7|inst4  ; out0             ;
; |PD|ram:inst|4x32ram:inst2|4x4ram:inst5|memory_cell:inst1|inst4  ; |PD|ram:inst|4x32ram:inst2|4x4ram:inst5|memory_cell:inst1|inst4  ; out0             ;
; |PD|ram:inst|4x32ram:inst2|4x4ram:inst5|memory_cell:inst16|inst4 ; |PD|ram:inst|4x32ram:inst2|4x4ram:inst5|memory_cell:inst16|inst4 ; out0             ;
; |PD|ram:inst|4x32ram:inst2|4x4ram:inst5|memory_cell:inst14|inst4 ; |PD|ram:inst|4x32ram:inst2|4x4ram:inst5|memory_cell:inst14|inst4 ; out0             ;
; |PD|ram:inst|4x32ram:inst2|4x4ram:inst5|memory_cell:inst12|inst4 ; |PD|ram:inst|4x32ram:inst2|4x4ram:inst5|memory_cell:inst12|inst4 ; out0             ;
; |PD|ram:inst|4x32ram:inst2|4x4ram:inst5|memory_cell:inst10|inst4 ; |PD|ram:inst|4x32ram:inst2|4x4ram:inst5|memory_cell:inst10|inst4 ; out0             ;
; |PD|ram:inst|4x32ram:inst2|4x4ram:inst5|memory_cell:inst15|inst4 ; |PD|ram:inst|4x32ram:inst2|4x4ram:inst5|memory_cell:inst15|inst4 ; out0             ;
; |PD|ram:inst|4x32ram:inst2|4x4ram:inst5|memory_cell:inst13|inst4 ; |PD|ram:inst|4x32ram:inst2|4x4ram:inst5|memory_cell:inst13|inst4 ; out0             ;
; |PD|ram:inst|4x32ram:inst2|4x4ram:inst5|memory_cell:inst11|inst4 ; |PD|ram:inst|4x32ram:inst2|4x4ram:inst5|memory_cell:inst11|inst4 ; out0             ;
; |PD|ram:inst|4x32ram:inst2|4x4ram:inst5|memory_cell:inst9|inst4  ; |PD|ram:inst|4x32ram:inst2|4x4ram:inst5|memory_cell:inst9|inst4  ; out0             ;
; |PD|ram:inst|4x32ram:inst2|4x4ram:inst5|memory_cell:inst8|inst4  ; |PD|ram:inst|4x32ram:inst2|4x4ram:inst5|memory_cell:inst8|inst4  ; out0             ;
; |PD|ram:inst|4x32ram:inst2|4x4ram:inst5|memory_cell:inst6|inst4  ; |PD|ram:inst|4x32ram:inst2|4x4ram:inst5|memory_cell:inst6|inst4  ; out0             ;
; |PD|ram:inst|4x32ram:inst2|4x4ram:inst5|memory_cell:inst4|inst4  ; |PD|ram:inst|4x32ram:inst2|4x4ram:inst5|memory_cell:inst4|inst4  ; out0             ;
; |PD|ram:inst|4x32ram:inst2|4x4ram:inst5|24decoder:inst|inst2     ; |PD|ram:inst|4x32ram:inst2|4x4ram:inst5|24decoder:inst|inst2     ; out0             ;
; |PD|ram:inst|4x32ram:inst2|4x4ram:inst5|24decoder:inst|inst3     ; |PD|ram:inst|4x32ram:inst2|4x4ram:inst5|24decoder:inst|inst3     ; out0             ;
; |PD|ram:inst|4x32ram:inst2|4x4ram:inst5|24decoder:inst|inst4     ; |PD|ram:inst|4x32ram:inst2|4x4ram:inst5|24decoder:inst|inst4     ; out0             ;
; |PD|ram:inst|4x32ram:inst2|4x4ram:inst5|24decoder:inst|inst5     ; |PD|ram:inst|4x32ram:inst2|4x4ram:inst5|24decoder:inst|inst5     ; out0             ;
; |PD|ram:inst|4x32ram:inst2|4x4ram:inst5|memory_cell:inst2|inst4  ; |PD|ram:inst|4x32ram:inst2|4x4ram:inst5|memory_cell:inst2|inst4  ; out0             ;
; |PD|ram:inst|4x32ram:inst2|4x4ram:inst4|inst17                   ; |PD|ram:inst|4x32ram:inst2|4x4ram:inst4|inst17                   ; out0             ;
; |PD|ram:inst|4x32ram:inst2|4x4ram:inst4|inst18                   ; |PD|ram:inst|4x32ram:inst2|4x4ram:inst4|inst18                   ; out0             ;
; |PD|ram:inst|4x32ram:inst2|4x4ram:inst4|memory_cell:inst3|inst4  ; |PD|ram:inst|4x32ram:inst2|4x4ram:inst4|memory_cell:inst3|inst4  ; out0             ;
; |PD|ram:inst|4x32ram:inst2|4x4ram:inst4|memory_cell:inst5|inst4  ; |PD|ram:inst|4x32ram:inst2|4x4ram:inst4|memory_cell:inst5|inst4  ; out0             ;
; |PD|ram:inst|4x32ram:inst2|4x4ram:inst4|memory_cell:inst7|inst4  ; |PD|ram:inst|4x32ram:inst2|4x4ram:inst4|memory_cell:inst7|inst4  ; out0             ;
; |PD|ram:inst|4x32ram:inst2|4x4ram:inst4|memory_cell:inst1|inst4  ; |PD|ram:inst|4x32ram:inst2|4x4ram:inst4|memory_cell:inst1|inst4  ; out0             ;
; |PD|ram:inst|4x32ram:inst2|4x4ram:inst4|memory_cell:inst16|inst4 ; |PD|ram:inst|4x32ram:inst2|4x4ram:inst4|memory_cell:inst16|inst4 ; out0             ;
; |PD|ram:inst|4x32ram:inst2|4x4ram:inst4|memory_cell:inst14|inst4 ; |PD|ram:inst|4x32ram:inst2|4x4ram:inst4|memory_cell:inst14|inst4 ; out0             ;
; |PD|ram:inst|4x32ram:inst2|4x4ram:inst4|memory_cell:inst12|inst4 ; |PD|ram:inst|4x32ram:inst2|4x4ram:inst4|memory_cell:inst12|inst4 ; out0             ;
; |PD|ram:inst|4x32ram:inst2|4x4ram:inst4|memory_cell:inst10|inst4 ; |PD|ram:inst|4x32ram:inst2|4x4ram:inst4|memory_cell:inst10|inst4 ; out0             ;
; |PD|ram:inst|4x32ram:inst2|4x4ram:inst4|memory_cell:inst15|inst4 ; |PD|ram:inst|4x32ram:inst2|4x4ram:inst4|memory_cell:inst15|inst4 ; out0             ;
; |PD|ram:inst|4x32ram:inst2|4x4ram:inst4|memory_cell:inst13|inst4 ; |PD|ram:inst|4x32ram:inst2|4x4ram:inst4|memory_cell:inst13|inst4 ; out0             ;
; |PD|ram:inst|4x32ram:inst2|4x4ram:inst4|memory_cell:inst11|inst4 ; |PD|ram:inst|4x32ram:inst2|4x4ram:inst4|memory_cell:inst11|inst4 ; out0             ;
; |PD|ram:inst|4x32ram:inst2|4x4ram:inst4|memory_cell:inst9|inst4  ; |PD|ram:inst|4x32ram:inst2|4x4ram:inst4|memory_cell:inst9|inst4  ; out0             ;
; |PD|ram:inst|4x32ram:inst2|4x4ram:inst4|memory_cell:inst8|inst4  ; |PD|ram:inst|4x32ram:inst2|4x4ram:inst4|memory_cell:inst8|inst4  ; out0             ;
; |PD|ram:inst|4x32ram:inst2|4x4ram:inst4|memory_cell:inst6|inst4  ; |PD|ram:inst|4x32ram:inst2|4x4ram:inst4|memory_cell:inst6|inst4  ; out0             ;
; |PD|ram:inst|4x32ram:inst2|4x4ram:inst4|memory_cell:inst4|inst4  ; |PD|ram:inst|4x32ram:inst2|4x4ram:inst4|memory_cell:inst4|inst4  ; out0             ;
; |PD|ram:inst|4x32ram:inst2|4x4ram:inst4|24decoder:inst|inst2     ; |PD|ram:inst|4x32ram:inst2|4x4ram:inst4|24decoder:inst|inst2     ; out0             ;
; |PD|ram:inst|4x32ram:inst2|4x4ram:inst4|24decoder:inst|inst3     ; |PD|ram:inst|4x32ram:inst2|4x4ram:inst4|24decoder:inst|inst3     ; out0             ;
; |PD|ram:inst|4x32ram:inst2|4x4ram:inst4|24decoder:inst|inst4     ; |PD|ram:inst|4x32ram:inst2|4x4ram:inst4|24decoder:inst|inst4     ; out0             ;
; |PD|ram:inst|4x32ram:inst2|4x4ram:inst4|24decoder:inst|inst5     ; |PD|ram:inst|4x32ram:inst2|4x4ram:inst4|24decoder:inst|inst5     ; out0             ;
; |PD|ram:inst|4x32ram:inst2|4x4ram:inst4|memory_cell:inst2|inst4  ; |PD|ram:inst|4x32ram:inst2|4x4ram:inst4|memory_cell:inst2|inst4  ; out0             ;
; |PD|ram:inst|4x32ram:inst2|4x4ram:inst3|inst17                   ; |PD|ram:inst|4x32ram:inst2|4x4ram:inst3|inst17                   ; out0             ;
; |PD|ram:inst|4x32ram:inst2|4x4ram:inst3|inst18                   ; |PD|ram:inst|4x32ram:inst2|4x4ram:inst3|inst18                   ; out0             ;
; |PD|ram:inst|4x32ram:inst2|4x4ram:inst3|memory_cell:inst3|inst4  ; |PD|ram:inst|4x32ram:inst2|4x4ram:inst3|memory_cell:inst3|inst4  ; out0             ;
; |PD|ram:inst|4x32ram:inst2|4x4ram:inst3|memory_cell:inst5|inst4  ; |PD|ram:inst|4x32ram:inst2|4x4ram:inst3|memory_cell:inst5|inst4  ; out0             ;
; |PD|ram:inst|4x32ram:inst2|4x4ram:inst3|memory_cell:inst7|inst4  ; |PD|ram:inst|4x32ram:inst2|4x4ram:inst3|memory_cell:inst7|inst4  ; out0             ;
; |PD|ram:inst|4x32ram:inst2|4x4ram:inst3|memory_cell:inst1|inst4  ; |PD|ram:inst|4x32ram:inst2|4x4ram:inst3|memory_cell:inst1|inst4  ; out0             ;
; |PD|ram:inst|4x32ram:inst2|4x4ram:inst3|memory_cell:inst16|inst4 ; |PD|ram:inst|4x32ram:inst2|4x4ram:inst3|memory_cell:inst16|inst4 ; out0             ;
; |PD|ram:inst|4x32ram:inst2|4x4ram:inst3|memory_cell:inst14|inst4 ; |PD|ram:inst|4x32ram:inst2|4x4ram:inst3|memory_cell:inst14|inst4 ; out0             ;
; |PD|ram:inst|4x32ram:inst2|4x4ram:inst3|memory_cell:inst12|inst4 ; |PD|ram:inst|4x32ram:inst2|4x4ram:inst3|memory_cell:inst12|inst4 ; out0             ;
; |PD|ram:inst|4x32ram:inst2|4x4ram:inst3|memory_cell:inst10|inst4 ; |PD|ram:inst|4x32ram:inst2|4x4ram:inst3|memory_cell:inst10|inst4 ; out0             ;
; |PD|ram:inst|4x32ram:inst2|4x4ram:inst3|memory_cell:inst15|inst4 ; |PD|ram:inst|4x32ram:inst2|4x4ram:inst3|memory_cell:inst15|inst4 ; out0             ;
; |PD|ram:inst|4x32ram:inst2|4x4ram:inst3|memory_cell:inst13|inst4 ; |PD|ram:inst|4x32ram:inst2|4x4ram:inst3|memory_cell:inst13|inst4 ; out0             ;
; |PD|ram:inst|4x32ram:inst2|4x4ram:inst3|memory_cell:inst11|inst4 ; |PD|ram:inst|4x32ram:inst2|4x4ram:inst3|memory_cell:inst11|inst4 ; out0             ;
; |PD|ram:inst|4x32ram:inst2|4x4ram:inst3|memory_cell:inst9|inst4  ; |PD|ram:inst|4x32ram:inst2|4x4ram:inst3|memory_cell:inst9|inst4  ; out0             ;
; |PD|ram:inst|4x32ram:inst2|4x4ram:inst3|memory_cell:inst8|inst4  ; |PD|ram:inst|4x32ram:inst2|4x4ram:inst3|memory_cell:inst8|inst4  ; out0             ;
; |PD|ram:inst|4x32ram:inst2|4x4ram:inst3|memory_cell:inst6|inst4  ; |PD|ram:inst|4x32ram:inst2|4x4ram:inst3|memory_cell:inst6|inst4  ; out0             ;
; |PD|ram:inst|4x32ram:inst2|4x4ram:inst3|memory_cell:inst4|inst4  ; |PD|ram:inst|4x32ram:inst2|4x4ram:inst3|memory_cell:inst4|inst4  ; out0             ;
; |PD|ram:inst|4x32ram:inst2|4x4ram:inst3|24decoder:inst|inst2     ; |PD|ram:inst|4x32ram:inst2|4x4ram:inst3|24decoder:inst|inst2     ; out0             ;
; |PD|ram:inst|4x32ram:inst2|4x4ram:inst3|24decoder:inst|inst3     ; |PD|ram:inst|4x32ram:inst2|4x4ram:inst3|24decoder:inst|inst3     ; out0             ;
; |PD|ram:inst|4x32ram:inst2|4x4ram:inst3|24decoder:inst|inst4     ; |PD|ram:inst|4x32ram:inst2|4x4ram:inst3|24decoder:inst|inst4     ; out0             ;
; |PD|ram:inst|4x32ram:inst2|4x4ram:inst3|24decoder:inst|inst5     ; |PD|ram:inst|4x32ram:inst2|4x4ram:inst3|24decoder:inst|inst5     ; out0             ;
; |PD|ram:inst|4x32ram:inst2|4x4ram:inst3|memory_cell:inst2|inst4  ; |PD|ram:inst|4x32ram:inst2|4x4ram:inst3|memory_cell:inst2|inst4  ; out0             ;
; |PD|ram:inst|4x32ram:inst2|4x4ram:inst1|inst17                   ; |PD|ram:inst|4x32ram:inst2|4x4ram:inst1|inst17                   ; out0             ;
; |PD|ram:inst|4x32ram:inst2|4x4ram:inst1|inst18                   ; |PD|ram:inst|4x32ram:inst2|4x4ram:inst1|inst18                   ; out0             ;
; |PD|ram:inst|4x32ram:inst2|4x4ram:inst1|memory_cell:inst3|inst4  ; |PD|ram:inst|4x32ram:inst2|4x4ram:inst1|memory_cell:inst3|inst4  ; out0             ;
; |PD|ram:inst|4x32ram:inst2|4x4ram:inst1|memory_cell:inst5|inst4  ; |PD|ram:inst|4x32ram:inst2|4x4ram:inst1|memory_cell:inst5|inst4  ; out0             ;
; |PD|ram:inst|4x32ram:inst2|4x4ram:inst1|memory_cell:inst7|inst4  ; |PD|ram:inst|4x32ram:inst2|4x4ram:inst1|memory_cell:inst7|inst4  ; out0             ;
; |PD|ram:inst|4x32ram:inst2|4x4ram:inst1|memory_cell:inst1|inst4  ; |PD|ram:inst|4x32ram:inst2|4x4ram:inst1|memory_cell:inst1|inst4  ; out0             ;
; |PD|ram:inst|4x32ram:inst2|4x4ram:inst1|memory_cell:inst16|inst4 ; |PD|ram:inst|4x32ram:inst2|4x4ram:inst1|memory_cell:inst16|inst4 ; out0             ;
; |PD|ram:inst|4x32ram:inst2|4x4ram:inst1|memory_cell:inst14|inst4 ; |PD|ram:inst|4x32ram:inst2|4x4ram:inst1|memory_cell:inst14|inst4 ; out0             ;
; |PD|ram:inst|4x32ram:inst2|4x4ram:inst1|memory_cell:inst12|inst4 ; |PD|ram:inst|4x32ram:inst2|4x4ram:inst1|memory_cell:inst12|inst4 ; out0             ;
; |PD|ram:inst|4x32ram:inst2|4x4ram:inst1|memory_cell:inst10|inst4 ; |PD|ram:inst|4x32ram:inst2|4x4ram:inst1|memory_cell:inst10|inst4 ; out0             ;
; |PD|ram:inst|4x32ram:inst2|4x4ram:inst1|memory_cell:inst15|inst4 ; |PD|ram:inst|4x32ram:inst2|4x4ram:inst1|memory_cell:inst15|inst4 ; out0             ;
; |PD|ram:inst|4x32ram:inst2|4x4ram:inst1|memory_cell:inst13|inst4 ; |PD|ram:inst|4x32ram:inst2|4x4ram:inst1|memory_cell:inst13|inst4 ; out0             ;
; |PD|ram:inst|4x32ram:inst2|4x4ram:inst1|memory_cell:inst11|inst4 ; |PD|ram:inst|4x32ram:inst2|4x4ram:inst1|memory_cell:inst11|inst4 ; out0             ;
; |PD|ram:inst|4x32ram:inst2|4x4ram:inst1|memory_cell:inst9|inst4  ; |PD|ram:inst|4x32ram:inst2|4x4ram:inst1|memory_cell:inst9|inst4  ; out0             ;
; |PD|ram:inst|4x32ram:inst2|4x4ram:inst1|memory_cell:inst8|inst4  ; |PD|ram:inst|4x32ram:inst2|4x4ram:inst1|memory_cell:inst8|inst4  ; out0             ;
; |PD|ram:inst|4x32ram:inst2|4x4ram:inst1|memory_cell:inst6|inst4  ; |PD|ram:inst|4x32ram:inst2|4x4ram:inst1|memory_cell:inst6|inst4  ; out0             ;
; |PD|ram:inst|4x32ram:inst2|4x4ram:inst1|memory_cell:inst4|inst4  ; |PD|ram:inst|4x32ram:inst2|4x4ram:inst1|memory_cell:inst4|inst4  ; out0             ;
; |PD|ram:inst|4x32ram:inst2|4x4ram:inst1|24decoder:inst|inst2     ; |PD|ram:inst|4x32ram:inst2|4x4ram:inst1|24decoder:inst|inst2     ; out0             ;
; |PD|ram:inst|4x32ram:inst2|4x4ram:inst1|24decoder:inst|inst3     ; |PD|ram:inst|4x32ram:inst2|4x4ram:inst1|24decoder:inst|inst3     ; out0             ;
; |PD|ram:inst|4x32ram:inst2|4x4ram:inst1|24decoder:inst|inst4     ; |PD|ram:inst|4x32ram:inst2|4x4ram:inst1|24decoder:inst|inst4     ; out0             ;
; |PD|ram:inst|4x32ram:inst2|4x4ram:inst1|24decoder:inst|inst5     ; |PD|ram:inst|4x32ram:inst2|4x4ram:inst1|24decoder:inst|inst5     ; out0             ;
; |PD|ram:inst|4x32ram:inst2|4x4ram:inst1|memory_cell:inst2|inst4  ; |PD|ram:inst|4x32ram:inst2|4x4ram:inst1|memory_cell:inst2|inst4  ; out0             ;
; |PD|ram:inst|4x32ram:inst2|4x4ram:inst|inst17                    ; |PD|ram:inst|4x32ram:inst2|4x4ram:inst|inst17                    ; out0             ;
; |PD|ram:inst|4x32ram:inst2|4x4ram:inst|inst18                    ; |PD|ram:inst|4x32ram:inst2|4x4ram:inst|inst18                    ; out0             ;
; |PD|ram:inst|4x32ram:inst2|4x4ram:inst|memory_cell:inst3|inst4   ; |PD|ram:inst|4x32ram:inst2|4x4ram:inst|memory_cell:inst3|inst4   ; out0             ;
; |PD|ram:inst|4x32ram:inst2|4x4ram:inst|memory_cell:inst5|inst4   ; |PD|ram:inst|4x32ram:inst2|4x4ram:inst|memory_cell:inst5|inst4   ; out0             ;
; |PD|ram:inst|4x32ram:inst2|4x4ram:inst|memory_cell:inst7|inst4   ; |PD|ram:inst|4x32ram:inst2|4x4ram:inst|memory_cell:inst7|inst4   ; out0             ;
; |PD|ram:inst|4x32ram:inst2|4x4ram:inst|memory_cell:inst1|inst4   ; |PD|ram:inst|4x32ram:inst2|4x4ram:inst|memory_cell:inst1|inst4   ; out0             ;
; |PD|ram:inst|4x32ram:inst2|4x4ram:inst|memory_cell:inst16|inst4  ; |PD|ram:inst|4x32ram:inst2|4x4ram:inst|memory_cell:inst16|inst4  ; out0             ;
; |PD|ram:inst|4x32ram:inst2|4x4ram:inst|memory_cell:inst14|inst4  ; |PD|ram:inst|4x32ram:inst2|4x4ram:inst|memory_cell:inst14|inst4  ; out0             ;
; |PD|ram:inst|4x32ram:inst2|4x4ram:inst|memory_cell:inst12|inst4  ; |PD|ram:inst|4x32ram:inst2|4x4ram:inst|memory_cell:inst12|inst4  ; out0             ;
; |PD|ram:inst|4x32ram:inst2|4x4ram:inst|memory_cell:inst10|inst4  ; |PD|ram:inst|4x32ram:inst2|4x4ram:inst|memory_cell:inst10|inst4  ; out0             ;
; |PD|ram:inst|4x32ram:inst2|4x4ram:inst|memory_cell:inst15|inst4  ; |PD|ram:inst|4x32ram:inst2|4x4ram:inst|memory_cell:inst15|inst4  ; out0             ;
; |PD|ram:inst|4x32ram:inst2|4x4ram:inst|memory_cell:inst13|inst4  ; |PD|ram:inst|4x32ram:inst2|4x4ram:inst|memory_cell:inst13|inst4  ; out0             ;
; |PD|ram:inst|4x32ram:inst2|4x4ram:inst|memory_cell:inst11|inst4  ; |PD|ram:inst|4x32ram:inst2|4x4ram:inst|memory_cell:inst11|inst4  ; out0             ;
; |PD|ram:inst|4x32ram:inst2|4x4ram:inst|memory_cell:inst9|inst4   ; |PD|ram:inst|4x32ram:inst2|4x4ram:inst|memory_cell:inst9|inst4   ; out0             ;
; |PD|ram:inst|4x32ram:inst2|4x4ram:inst|memory_cell:inst8|inst4   ; |PD|ram:inst|4x32ram:inst2|4x4ram:inst|memory_cell:inst8|inst4   ; out0             ;
; |PD|ram:inst|4x32ram:inst2|4x4ram:inst|memory_cell:inst6|inst4   ; |PD|ram:inst|4x32ram:inst2|4x4ram:inst|memory_cell:inst6|inst4   ; out0             ;
; |PD|ram:inst|4x32ram:inst2|4x4ram:inst|memory_cell:inst4|inst4   ; |PD|ram:inst|4x32ram:inst2|4x4ram:inst|memory_cell:inst4|inst4   ; out0             ;
; |PD|ram:inst|4x32ram:inst2|4x4ram:inst|24decoder:inst|inst2      ; |PD|ram:inst|4x32ram:inst2|4x4ram:inst|24decoder:inst|inst2      ; out0             ;
; |PD|ram:inst|4x32ram:inst2|4x4ram:inst|24decoder:inst|inst3      ; |PD|ram:inst|4x32ram:inst2|4x4ram:inst|24decoder:inst|inst3      ; out0             ;
; |PD|ram:inst|4x32ram:inst2|4x4ram:inst|24decoder:inst|inst4      ; |PD|ram:inst|4x32ram:inst2|4x4ram:inst|24decoder:inst|inst4      ; out0             ;
; |PD|ram:inst|4x32ram:inst2|4x4ram:inst|24decoder:inst|inst5      ; |PD|ram:inst|4x32ram:inst2|4x4ram:inst|24decoder:inst|inst5      ; out0             ;
; |PD|ram:inst|4x32ram:inst2|4x4ram:inst|memory_cell:inst2|inst4   ; |PD|ram:inst|4x32ram:inst2|4x4ram:inst|memory_cell:inst2|inst4   ; out0             ;
; |PD|ram:inst|4x32ram:inst1|4x4ram:inst8|inst20                   ; |PD|ram:inst|4x32ram:inst1|4x4ram:inst8|inst20                   ; out              ;
; |PD|ram:inst|4x32ram:inst1|4x4ram:inst8|IN~0                     ; |PD|ram:inst|4x32ram:inst1|4x4ram:inst8|IN~0                     ; out0             ;
; |PD|ram:inst|4x32ram:inst1|4x4ram:inst8|inst17                   ; |PD|ram:inst|4x32ram:inst1|4x4ram:inst8|inst17                   ; out0             ;
; |PD|ram:inst|4x32ram:inst1|4x4ram:inst8|inst18                   ; |PD|ram:inst|4x32ram:inst1|4x4ram:inst8|inst18                   ; out0             ;
; |PD|ram:inst|4x32ram:inst1|4x4ram:inst8|inst21                   ; |PD|ram:inst|4x32ram:inst1|4x4ram:inst8|inst21                   ; out              ;
; |PD|ram:inst|4x32ram:inst1|4x4ram:inst8|IN~1                     ; |PD|ram:inst|4x32ram:inst1|4x4ram:inst8|IN~1                     ; out0             ;
; |PD|ram:inst|4x32ram:inst1|4x4ram:inst8|inst22                   ; |PD|ram:inst|4x32ram:inst1|4x4ram:inst8|inst22                   ; out              ;
; |PD|ram:inst|4x32ram:inst1|4x4ram:inst8|IN~2                     ; |PD|ram:inst|4x32ram:inst1|4x4ram:inst8|IN~2                     ; out0             ;
; |PD|ram:inst|4x32ram:inst1|4x4ram:inst8|IN~3                     ; |PD|ram:inst|4x32ram:inst1|4x4ram:inst8|IN~3                     ; out0             ;
; |PD|ram:inst|4x32ram:inst1|4x4ram:inst8|memory_cell:inst3|inst3  ; |PD|ram:inst|4x32ram:inst1|4x4ram:inst8|memory_cell:inst3|inst3  ; out              ;
; |PD|ram:inst|4x32ram:inst1|4x4ram:inst8|memory_cell:inst3|inst4  ; |PD|ram:inst|4x32ram:inst1|4x4ram:inst8|memory_cell:inst3|inst4  ; out0             ;
; |PD|ram:inst|4x32ram:inst1|4x4ram:inst8|memory_cell:inst5|inst3  ; |PD|ram:inst|4x32ram:inst1|4x4ram:inst8|memory_cell:inst5|inst3  ; out              ;
; |PD|ram:inst|4x32ram:inst1|4x4ram:inst8|memory_cell:inst5|inst4  ; |PD|ram:inst|4x32ram:inst1|4x4ram:inst8|memory_cell:inst5|inst4  ; out0             ;
; |PD|ram:inst|4x32ram:inst1|4x4ram:inst8|memory_cell:inst7|inst3  ; |PD|ram:inst|4x32ram:inst1|4x4ram:inst8|memory_cell:inst7|inst3  ; out              ;
; |PD|ram:inst|4x32ram:inst1|4x4ram:inst8|memory_cell:inst7|inst4  ; |PD|ram:inst|4x32ram:inst1|4x4ram:inst8|memory_cell:inst7|inst4  ; out0             ;
; |PD|ram:inst|4x32ram:inst1|4x4ram:inst8|memory_cell:inst1|inst3  ; |PD|ram:inst|4x32ram:inst1|4x4ram:inst8|memory_cell:inst1|inst3  ; out              ;
; |PD|ram:inst|4x32ram:inst1|4x4ram:inst8|memory_cell:inst1|inst4  ; |PD|ram:inst|4x32ram:inst1|4x4ram:inst8|memory_cell:inst1|inst4  ; out0             ;
; |PD|ram:inst|4x32ram:inst1|4x4ram:inst8|memory_cell:inst16|inst4 ; |PD|ram:inst|4x32ram:inst1|4x4ram:inst8|memory_cell:inst16|inst4 ; out0             ;
; |PD|ram:inst|4x32ram:inst1|4x4ram:inst8|memory_cell:inst14|inst3 ; |PD|ram:inst|4x32ram:inst1|4x4ram:inst8|memory_cell:inst14|inst3 ; out              ;
; |PD|ram:inst|4x32ram:inst1|4x4ram:inst8|memory_cell:inst14|inst4 ; |PD|ram:inst|4x32ram:inst1|4x4ram:inst8|memory_cell:inst14|inst4 ; out0             ;
; |PD|ram:inst|4x32ram:inst1|4x4ram:inst8|memory_cell:inst12|inst4 ; |PD|ram:inst|4x32ram:inst1|4x4ram:inst8|memory_cell:inst12|inst4 ; out0             ;
; |PD|ram:inst|4x32ram:inst1|4x4ram:inst8|memory_cell:inst10|inst3 ; |PD|ram:inst|4x32ram:inst1|4x4ram:inst8|memory_cell:inst10|inst3 ; out              ;
; |PD|ram:inst|4x32ram:inst1|4x4ram:inst8|memory_cell:inst10|inst4 ; |PD|ram:inst|4x32ram:inst1|4x4ram:inst8|memory_cell:inst10|inst4 ; out0             ;
; |PD|ram:inst|4x32ram:inst1|4x4ram:inst8|memory_cell:inst15|inst4 ; |PD|ram:inst|4x32ram:inst1|4x4ram:inst8|memory_cell:inst15|inst4 ; out0             ;
; |PD|ram:inst|4x32ram:inst1|4x4ram:inst8|memory_cell:inst13|inst3 ; |PD|ram:inst|4x32ram:inst1|4x4ram:inst8|memory_cell:inst13|inst3 ; out              ;
; |PD|ram:inst|4x32ram:inst1|4x4ram:inst8|memory_cell:inst13|inst4 ; |PD|ram:inst|4x32ram:inst1|4x4ram:inst8|memory_cell:inst13|inst4 ; out0             ;
; |PD|ram:inst|4x32ram:inst1|4x4ram:inst8|memory_cell:inst11|inst3 ; |PD|ram:inst|4x32ram:inst1|4x4ram:inst8|memory_cell:inst11|inst3 ; out              ;
; |PD|ram:inst|4x32ram:inst1|4x4ram:inst8|memory_cell:inst11|inst4 ; |PD|ram:inst|4x32ram:inst1|4x4ram:inst8|memory_cell:inst11|inst4 ; out0             ;
; |PD|ram:inst|4x32ram:inst1|4x4ram:inst8|memory_cell:inst9|inst4  ; |PD|ram:inst|4x32ram:inst1|4x4ram:inst8|memory_cell:inst9|inst4  ; out0             ;
; |PD|ram:inst|4x32ram:inst1|4x4ram:inst8|memory_cell:inst8|inst3  ; |PD|ram:inst|4x32ram:inst1|4x4ram:inst8|memory_cell:inst8|inst3  ; out              ;
; |PD|ram:inst|4x32ram:inst1|4x4ram:inst8|memory_cell:inst8|inst4  ; |PD|ram:inst|4x32ram:inst1|4x4ram:inst8|memory_cell:inst8|inst4  ; out0             ;
; |PD|ram:inst|4x32ram:inst1|4x4ram:inst8|memory_cell:inst6|inst4  ; |PD|ram:inst|4x32ram:inst1|4x4ram:inst8|memory_cell:inst6|inst4  ; out0             ;
; |PD|ram:inst|4x32ram:inst1|4x4ram:inst8|memory_cell:inst4|inst4  ; |PD|ram:inst|4x32ram:inst1|4x4ram:inst8|memory_cell:inst4|inst4  ; out0             ;
; |PD|ram:inst|4x32ram:inst1|4x4ram:inst8|24decoder:inst|inst2     ; |PD|ram:inst|4x32ram:inst1|4x4ram:inst8|24decoder:inst|inst2     ; out0             ;
; |PD|ram:inst|4x32ram:inst1|4x4ram:inst8|24decoder:inst|inst3     ; |PD|ram:inst|4x32ram:inst1|4x4ram:inst8|24decoder:inst|inst3     ; out0             ;
; |PD|ram:inst|4x32ram:inst1|4x4ram:inst8|24decoder:inst|inst4     ; |PD|ram:inst|4x32ram:inst1|4x4ram:inst8|24decoder:inst|inst4     ; out0             ;
; |PD|ram:inst|4x32ram:inst1|4x4ram:inst8|24decoder:inst|inst5     ; |PD|ram:inst|4x32ram:inst1|4x4ram:inst8|24decoder:inst|inst5     ; out0             ;
; |PD|ram:inst|4x32ram:inst1|4x4ram:inst8|memory_cell:inst2|inst4  ; |PD|ram:inst|4x32ram:inst1|4x4ram:inst8|memory_cell:inst2|inst4  ; out0             ;
; |PD|ram:inst|4x32ram:inst1|4x4ram:inst7|inst17                   ; |PD|ram:inst|4x32ram:inst1|4x4ram:inst7|inst17                   ; out0             ;
; |PD|ram:inst|4x32ram:inst1|4x4ram:inst7|inst18                   ; |PD|ram:inst|4x32ram:inst1|4x4ram:inst7|inst18                   ; out0             ;
; |PD|ram:inst|4x32ram:inst1|4x4ram:inst7|IN~2                     ; |PD|ram:inst|4x32ram:inst1|4x4ram:inst7|IN~2                     ; out0             ;
; |PD|ram:inst|4x32ram:inst1|4x4ram:inst7|memory_cell:inst3|inst4  ; |PD|ram:inst|4x32ram:inst1|4x4ram:inst7|memory_cell:inst3|inst4  ; out0             ;
; |PD|ram:inst|4x32ram:inst1|4x4ram:inst7|memory_cell:inst5|inst4  ; |PD|ram:inst|4x32ram:inst1|4x4ram:inst7|memory_cell:inst5|inst4  ; out0             ;
; |PD|ram:inst|4x32ram:inst1|4x4ram:inst7|memory_cell:inst7|inst4  ; |PD|ram:inst|4x32ram:inst1|4x4ram:inst7|memory_cell:inst7|inst4  ; out0             ;
; |PD|ram:inst|4x32ram:inst1|4x4ram:inst7|memory_cell:inst1|inst4  ; |PD|ram:inst|4x32ram:inst1|4x4ram:inst7|memory_cell:inst1|inst4  ; out0             ;
; |PD|ram:inst|4x32ram:inst1|4x4ram:inst7|memory_cell:inst16|inst3 ; |PD|ram:inst|4x32ram:inst1|4x4ram:inst7|memory_cell:inst16|inst3 ; out              ;
; |PD|ram:inst|4x32ram:inst1|4x4ram:inst7|memory_cell:inst16|inst4 ; |PD|ram:inst|4x32ram:inst1|4x4ram:inst7|memory_cell:inst16|inst4 ; out0             ;
; |PD|ram:inst|4x32ram:inst1|4x4ram:inst7|memory_cell:inst14|inst3 ; |PD|ram:inst|4x32ram:inst1|4x4ram:inst7|memory_cell:inst14|inst3 ; out              ;
; |PD|ram:inst|4x32ram:inst1|4x4ram:inst7|memory_cell:inst14|inst4 ; |PD|ram:inst|4x32ram:inst1|4x4ram:inst7|memory_cell:inst14|inst4 ; out0             ;
; |PD|ram:inst|4x32ram:inst1|4x4ram:inst7|memory_cell:inst12|inst3 ; |PD|ram:inst|4x32ram:inst1|4x4ram:inst7|memory_cell:inst12|inst3 ; out              ;
; |PD|ram:inst|4x32ram:inst1|4x4ram:inst7|memory_cell:inst12|inst4 ; |PD|ram:inst|4x32ram:inst1|4x4ram:inst7|memory_cell:inst12|inst4 ; out0             ;
; |PD|ram:inst|4x32ram:inst1|4x4ram:inst7|memory_cell:inst10|inst3 ; |PD|ram:inst|4x32ram:inst1|4x4ram:inst7|memory_cell:inst10|inst3 ; out              ;
; |PD|ram:inst|4x32ram:inst1|4x4ram:inst7|memory_cell:inst10|inst4 ; |PD|ram:inst|4x32ram:inst1|4x4ram:inst7|memory_cell:inst10|inst4 ; out0             ;
; |PD|ram:inst|4x32ram:inst1|4x4ram:inst7|memory_cell:inst15|inst4 ; |PD|ram:inst|4x32ram:inst1|4x4ram:inst7|memory_cell:inst15|inst4 ; out0             ;
; |PD|ram:inst|4x32ram:inst1|4x4ram:inst7|memory_cell:inst13|inst4 ; |PD|ram:inst|4x32ram:inst1|4x4ram:inst7|memory_cell:inst13|inst4 ; out0             ;
; |PD|ram:inst|4x32ram:inst1|4x4ram:inst7|memory_cell:inst11|inst4 ; |PD|ram:inst|4x32ram:inst1|4x4ram:inst7|memory_cell:inst11|inst4 ; out0             ;
; |PD|ram:inst|4x32ram:inst1|4x4ram:inst7|memory_cell:inst9|inst4  ; |PD|ram:inst|4x32ram:inst1|4x4ram:inst7|memory_cell:inst9|inst4  ; out0             ;
; |PD|ram:inst|4x32ram:inst1|4x4ram:inst7|memory_cell:inst8|inst4  ; |PD|ram:inst|4x32ram:inst1|4x4ram:inst7|memory_cell:inst8|inst4  ; out0             ;
; |PD|ram:inst|4x32ram:inst1|4x4ram:inst7|memory_cell:inst6|inst4  ; |PD|ram:inst|4x32ram:inst1|4x4ram:inst7|memory_cell:inst6|inst4  ; out0             ;
; |PD|ram:inst|4x32ram:inst1|4x4ram:inst7|memory_cell:inst4|inst4  ; |PD|ram:inst|4x32ram:inst1|4x4ram:inst7|memory_cell:inst4|inst4  ; out0             ;
; |PD|ram:inst|4x32ram:inst1|4x4ram:inst7|24decoder:inst|inst2     ; |PD|ram:inst|4x32ram:inst1|4x4ram:inst7|24decoder:inst|inst2     ; out0             ;
; |PD|ram:inst|4x32ram:inst1|4x4ram:inst7|24decoder:inst|inst3     ; |PD|ram:inst|4x32ram:inst1|4x4ram:inst7|24decoder:inst|inst3     ; out0             ;
; |PD|ram:inst|4x32ram:inst1|4x4ram:inst7|24decoder:inst|inst4     ; |PD|ram:inst|4x32ram:inst1|4x4ram:inst7|24decoder:inst|inst4     ; out0             ;
; |PD|ram:inst|4x32ram:inst1|4x4ram:inst7|24decoder:inst|inst5     ; |PD|ram:inst|4x32ram:inst1|4x4ram:inst7|24decoder:inst|inst5     ; out0             ;
; |PD|ram:inst|4x32ram:inst1|4x4ram:inst7|memory_cell:inst2|inst4  ; |PD|ram:inst|4x32ram:inst1|4x4ram:inst7|memory_cell:inst2|inst4  ; out0             ;
; |PD|ram:inst|4x32ram:inst1|4x4ram:inst6|inst17                   ; |PD|ram:inst|4x32ram:inst1|4x4ram:inst6|inst17                   ; out0             ;
; |PD|ram:inst|4x32ram:inst1|4x4ram:inst6|inst18                   ; |PD|ram:inst|4x32ram:inst1|4x4ram:inst6|inst18                   ; out0             ;
; |PD|ram:inst|4x32ram:inst1|4x4ram:inst6|memory_cell:inst3|inst4  ; |PD|ram:inst|4x32ram:inst1|4x4ram:inst6|memory_cell:inst3|inst4  ; out0             ;
; |PD|ram:inst|4x32ram:inst1|4x4ram:inst6|memory_cell:inst5|inst4  ; |PD|ram:inst|4x32ram:inst1|4x4ram:inst6|memory_cell:inst5|inst4  ; out0             ;
; |PD|ram:inst|4x32ram:inst1|4x4ram:inst6|memory_cell:inst7|inst4  ; |PD|ram:inst|4x32ram:inst1|4x4ram:inst6|memory_cell:inst7|inst4  ; out0             ;
; |PD|ram:inst|4x32ram:inst1|4x4ram:inst6|memory_cell:inst1|inst4  ; |PD|ram:inst|4x32ram:inst1|4x4ram:inst6|memory_cell:inst1|inst4  ; out0             ;
; |PD|ram:inst|4x32ram:inst1|4x4ram:inst6|memory_cell:inst16|inst4 ; |PD|ram:inst|4x32ram:inst1|4x4ram:inst6|memory_cell:inst16|inst4 ; out0             ;
; |PD|ram:inst|4x32ram:inst1|4x4ram:inst6|memory_cell:inst14|inst4 ; |PD|ram:inst|4x32ram:inst1|4x4ram:inst6|memory_cell:inst14|inst4 ; out0             ;
; |PD|ram:inst|4x32ram:inst1|4x4ram:inst6|memory_cell:inst12|inst4 ; |PD|ram:inst|4x32ram:inst1|4x4ram:inst6|memory_cell:inst12|inst4 ; out0             ;
; |PD|ram:inst|4x32ram:inst1|4x4ram:inst6|memory_cell:inst10|inst4 ; |PD|ram:inst|4x32ram:inst1|4x4ram:inst6|memory_cell:inst10|inst4 ; out0             ;
; |PD|ram:inst|4x32ram:inst1|4x4ram:inst6|memory_cell:inst15|inst4 ; |PD|ram:inst|4x32ram:inst1|4x4ram:inst6|memory_cell:inst15|inst4 ; out0             ;
; |PD|ram:inst|4x32ram:inst1|4x4ram:inst6|memory_cell:inst13|inst4 ; |PD|ram:inst|4x32ram:inst1|4x4ram:inst6|memory_cell:inst13|inst4 ; out0             ;
; |PD|ram:inst|4x32ram:inst1|4x4ram:inst6|memory_cell:inst11|inst4 ; |PD|ram:inst|4x32ram:inst1|4x4ram:inst6|memory_cell:inst11|inst4 ; out0             ;
; |PD|ram:inst|4x32ram:inst1|4x4ram:inst6|memory_cell:inst9|inst4  ; |PD|ram:inst|4x32ram:inst1|4x4ram:inst6|memory_cell:inst9|inst4  ; out0             ;
; |PD|ram:inst|4x32ram:inst1|4x4ram:inst6|memory_cell:inst8|inst4  ; |PD|ram:inst|4x32ram:inst1|4x4ram:inst6|memory_cell:inst8|inst4  ; out0             ;
; |PD|ram:inst|4x32ram:inst1|4x4ram:inst6|memory_cell:inst6|inst4  ; |PD|ram:inst|4x32ram:inst1|4x4ram:inst6|memory_cell:inst6|inst4  ; out0             ;
; |PD|ram:inst|4x32ram:inst1|4x4ram:inst6|memory_cell:inst4|inst4  ; |PD|ram:inst|4x32ram:inst1|4x4ram:inst6|memory_cell:inst4|inst4  ; out0             ;
; |PD|ram:inst|4x32ram:inst1|4x4ram:inst6|24decoder:inst|inst2     ; |PD|ram:inst|4x32ram:inst1|4x4ram:inst6|24decoder:inst|inst2     ; out0             ;
; |PD|ram:inst|4x32ram:inst1|4x4ram:inst6|24decoder:inst|inst3     ; |PD|ram:inst|4x32ram:inst1|4x4ram:inst6|24decoder:inst|inst3     ; out0             ;
; |PD|ram:inst|4x32ram:inst1|4x4ram:inst6|24decoder:inst|inst4     ; |PD|ram:inst|4x32ram:inst1|4x4ram:inst6|24decoder:inst|inst4     ; out0             ;
; |PD|ram:inst|4x32ram:inst1|4x4ram:inst6|24decoder:inst|inst5     ; |PD|ram:inst|4x32ram:inst1|4x4ram:inst6|24decoder:inst|inst5     ; out0             ;
; |PD|ram:inst|4x32ram:inst1|4x4ram:inst6|memory_cell:inst2|inst4  ; |PD|ram:inst|4x32ram:inst1|4x4ram:inst6|memory_cell:inst2|inst4  ; out0             ;
; |PD|ram:inst|4x32ram:inst1|4x4ram:inst5|inst17                   ; |PD|ram:inst|4x32ram:inst1|4x4ram:inst5|inst17                   ; out0             ;
; |PD|ram:inst|4x32ram:inst1|4x4ram:inst5|inst18                   ; |PD|ram:inst|4x32ram:inst1|4x4ram:inst5|inst18                   ; out0             ;
; |PD|ram:inst|4x32ram:inst1|4x4ram:inst5|memory_cell:inst3|inst4  ; |PD|ram:inst|4x32ram:inst1|4x4ram:inst5|memory_cell:inst3|inst4  ; out0             ;
; |PD|ram:inst|4x32ram:inst1|4x4ram:inst5|memory_cell:inst5|inst4  ; |PD|ram:inst|4x32ram:inst1|4x4ram:inst5|memory_cell:inst5|inst4  ; out0             ;
; |PD|ram:inst|4x32ram:inst1|4x4ram:inst5|memory_cell:inst7|inst4  ; |PD|ram:inst|4x32ram:inst1|4x4ram:inst5|memory_cell:inst7|inst4  ; out0             ;
; |PD|ram:inst|4x32ram:inst1|4x4ram:inst5|memory_cell:inst1|inst4  ; |PD|ram:inst|4x32ram:inst1|4x4ram:inst5|memory_cell:inst1|inst4  ; out0             ;
; |PD|ram:inst|4x32ram:inst1|4x4ram:inst5|memory_cell:inst16|inst4 ; |PD|ram:inst|4x32ram:inst1|4x4ram:inst5|memory_cell:inst16|inst4 ; out0             ;
; |PD|ram:inst|4x32ram:inst1|4x4ram:inst5|memory_cell:inst14|inst4 ; |PD|ram:inst|4x32ram:inst1|4x4ram:inst5|memory_cell:inst14|inst4 ; out0             ;
; |PD|ram:inst|4x32ram:inst1|4x4ram:inst5|memory_cell:inst12|inst4 ; |PD|ram:inst|4x32ram:inst1|4x4ram:inst5|memory_cell:inst12|inst4 ; out0             ;
; |PD|ram:inst|4x32ram:inst1|4x4ram:inst5|memory_cell:inst10|inst4 ; |PD|ram:inst|4x32ram:inst1|4x4ram:inst5|memory_cell:inst10|inst4 ; out0             ;
; |PD|ram:inst|4x32ram:inst1|4x4ram:inst5|memory_cell:inst15|inst4 ; |PD|ram:inst|4x32ram:inst1|4x4ram:inst5|memory_cell:inst15|inst4 ; out0             ;
; |PD|ram:inst|4x32ram:inst1|4x4ram:inst5|memory_cell:inst13|inst4 ; |PD|ram:inst|4x32ram:inst1|4x4ram:inst5|memory_cell:inst13|inst4 ; out0             ;
; |PD|ram:inst|4x32ram:inst1|4x4ram:inst5|memory_cell:inst11|inst4 ; |PD|ram:inst|4x32ram:inst1|4x4ram:inst5|memory_cell:inst11|inst4 ; out0             ;
; |PD|ram:inst|4x32ram:inst1|4x4ram:inst5|memory_cell:inst9|inst4  ; |PD|ram:inst|4x32ram:inst1|4x4ram:inst5|memory_cell:inst9|inst4  ; out0             ;
; |PD|ram:inst|4x32ram:inst1|4x4ram:inst5|memory_cell:inst8|inst4  ; |PD|ram:inst|4x32ram:inst1|4x4ram:inst5|memory_cell:inst8|inst4  ; out0             ;
; |PD|ram:inst|4x32ram:inst1|4x4ram:inst5|memory_cell:inst6|inst4  ; |PD|ram:inst|4x32ram:inst1|4x4ram:inst5|memory_cell:inst6|inst4  ; out0             ;
; |PD|ram:inst|4x32ram:inst1|4x4ram:inst5|memory_cell:inst4|inst4  ; |PD|ram:inst|4x32ram:inst1|4x4ram:inst5|memory_cell:inst4|inst4  ; out0             ;
; |PD|ram:inst|4x32ram:inst1|4x4ram:inst5|24decoder:inst|inst2     ; |PD|ram:inst|4x32ram:inst1|4x4ram:inst5|24decoder:inst|inst2     ; out0             ;
; |PD|ram:inst|4x32ram:inst1|4x4ram:inst5|24decoder:inst|inst3     ; |PD|ram:inst|4x32ram:inst1|4x4ram:inst5|24decoder:inst|inst3     ; out0             ;
; |PD|ram:inst|4x32ram:inst1|4x4ram:inst5|24decoder:inst|inst4     ; |PD|ram:inst|4x32ram:inst1|4x4ram:inst5|24decoder:inst|inst4     ; out0             ;
; |PD|ram:inst|4x32ram:inst1|4x4ram:inst5|24decoder:inst|inst5     ; |PD|ram:inst|4x32ram:inst1|4x4ram:inst5|24decoder:inst|inst5     ; out0             ;
; |PD|ram:inst|4x32ram:inst1|4x4ram:inst5|memory_cell:inst2|inst4  ; |PD|ram:inst|4x32ram:inst1|4x4ram:inst5|memory_cell:inst2|inst4  ; out0             ;
; |PD|ram:inst|4x32ram:inst1|4x4ram:inst4|inst17                   ; |PD|ram:inst|4x32ram:inst1|4x4ram:inst4|inst17                   ; out0             ;
; |PD|ram:inst|4x32ram:inst1|4x4ram:inst4|inst18                   ; |PD|ram:inst|4x32ram:inst1|4x4ram:inst4|inst18                   ; out0             ;
; |PD|ram:inst|4x32ram:inst1|4x4ram:inst4|memory_cell:inst3|inst4  ; |PD|ram:inst|4x32ram:inst1|4x4ram:inst4|memory_cell:inst3|inst4  ; out0             ;
; |PD|ram:inst|4x32ram:inst1|4x4ram:inst4|memory_cell:inst5|inst4  ; |PD|ram:inst|4x32ram:inst1|4x4ram:inst4|memory_cell:inst5|inst4  ; out0             ;
; |PD|ram:inst|4x32ram:inst1|4x4ram:inst4|memory_cell:inst7|inst4  ; |PD|ram:inst|4x32ram:inst1|4x4ram:inst4|memory_cell:inst7|inst4  ; out0             ;
; |PD|ram:inst|4x32ram:inst1|4x4ram:inst4|memory_cell:inst1|inst4  ; |PD|ram:inst|4x32ram:inst1|4x4ram:inst4|memory_cell:inst1|inst4  ; out0             ;
; |PD|ram:inst|4x32ram:inst1|4x4ram:inst4|memory_cell:inst16|inst4 ; |PD|ram:inst|4x32ram:inst1|4x4ram:inst4|memory_cell:inst16|inst4 ; out0             ;
; |PD|ram:inst|4x32ram:inst1|4x4ram:inst4|memory_cell:inst14|inst4 ; |PD|ram:inst|4x32ram:inst1|4x4ram:inst4|memory_cell:inst14|inst4 ; out0             ;
; |PD|ram:inst|4x32ram:inst1|4x4ram:inst4|memory_cell:inst12|inst4 ; |PD|ram:inst|4x32ram:inst1|4x4ram:inst4|memory_cell:inst12|inst4 ; out0             ;
; |PD|ram:inst|4x32ram:inst1|4x4ram:inst4|memory_cell:inst10|inst4 ; |PD|ram:inst|4x32ram:inst1|4x4ram:inst4|memory_cell:inst10|inst4 ; out0             ;
; |PD|ram:inst|4x32ram:inst1|4x4ram:inst4|memory_cell:inst15|inst4 ; |PD|ram:inst|4x32ram:inst1|4x4ram:inst4|memory_cell:inst15|inst4 ; out0             ;
; |PD|ram:inst|4x32ram:inst1|4x4ram:inst4|memory_cell:inst13|inst4 ; |PD|ram:inst|4x32ram:inst1|4x4ram:inst4|memory_cell:inst13|inst4 ; out0             ;
; |PD|ram:inst|4x32ram:inst1|4x4ram:inst4|memory_cell:inst11|inst4 ; |PD|ram:inst|4x32ram:inst1|4x4ram:inst4|memory_cell:inst11|inst4 ; out0             ;
; |PD|ram:inst|4x32ram:inst1|4x4ram:inst4|memory_cell:inst9|inst4  ; |PD|ram:inst|4x32ram:inst1|4x4ram:inst4|memory_cell:inst9|inst4  ; out0             ;
; |PD|ram:inst|4x32ram:inst1|4x4ram:inst4|memory_cell:inst8|inst4  ; |PD|ram:inst|4x32ram:inst1|4x4ram:inst4|memory_cell:inst8|inst4  ; out0             ;
; |PD|ram:inst|4x32ram:inst1|4x4ram:inst4|memory_cell:inst6|inst4  ; |PD|ram:inst|4x32ram:inst1|4x4ram:inst4|memory_cell:inst6|inst4  ; out0             ;
; |PD|ram:inst|4x32ram:inst1|4x4ram:inst4|memory_cell:inst4|inst4  ; |PD|ram:inst|4x32ram:inst1|4x4ram:inst4|memory_cell:inst4|inst4  ; out0             ;
; |PD|ram:inst|4x32ram:inst1|4x4ram:inst4|24decoder:inst|inst2     ; |PD|ram:inst|4x32ram:inst1|4x4ram:inst4|24decoder:inst|inst2     ; out0             ;
; |PD|ram:inst|4x32ram:inst1|4x4ram:inst4|24decoder:inst|inst3     ; |PD|ram:inst|4x32ram:inst1|4x4ram:inst4|24decoder:inst|inst3     ; out0             ;
; |PD|ram:inst|4x32ram:inst1|4x4ram:inst4|24decoder:inst|inst4     ; |PD|ram:inst|4x32ram:inst1|4x4ram:inst4|24decoder:inst|inst4     ; out0             ;
; |PD|ram:inst|4x32ram:inst1|4x4ram:inst4|24decoder:inst|inst5     ; |PD|ram:inst|4x32ram:inst1|4x4ram:inst4|24decoder:inst|inst5     ; out0             ;
; |PD|ram:inst|4x32ram:inst1|4x4ram:inst4|memory_cell:inst2|inst4  ; |PD|ram:inst|4x32ram:inst1|4x4ram:inst4|memory_cell:inst2|inst4  ; out0             ;
; |PD|ram:inst|4x32ram:inst1|4x4ram:inst3|inst17                   ; |PD|ram:inst|4x32ram:inst1|4x4ram:inst3|inst17                   ; out0             ;
; |PD|ram:inst|4x32ram:inst1|4x4ram:inst3|inst18                   ; |PD|ram:inst|4x32ram:inst1|4x4ram:inst3|inst18                   ; out0             ;
; |PD|ram:inst|4x32ram:inst1|4x4ram:inst3|memory_cell:inst3|inst4  ; |PD|ram:inst|4x32ram:inst1|4x4ram:inst3|memory_cell:inst3|inst4  ; out0             ;
; |PD|ram:inst|4x32ram:inst1|4x4ram:inst3|memory_cell:inst5|inst4  ; |PD|ram:inst|4x32ram:inst1|4x4ram:inst3|memory_cell:inst5|inst4  ; out0             ;
; |PD|ram:inst|4x32ram:inst1|4x4ram:inst3|memory_cell:inst7|inst4  ; |PD|ram:inst|4x32ram:inst1|4x4ram:inst3|memory_cell:inst7|inst4  ; out0             ;
; |PD|ram:inst|4x32ram:inst1|4x4ram:inst3|memory_cell:inst1|inst4  ; |PD|ram:inst|4x32ram:inst1|4x4ram:inst3|memory_cell:inst1|inst4  ; out0             ;
; |PD|ram:inst|4x32ram:inst1|4x4ram:inst3|memory_cell:inst16|inst4 ; |PD|ram:inst|4x32ram:inst1|4x4ram:inst3|memory_cell:inst16|inst4 ; out0             ;
; |PD|ram:inst|4x32ram:inst1|4x4ram:inst3|memory_cell:inst14|inst4 ; |PD|ram:inst|4x32ram:inst1|4x4ram:inst3|memory_cell:inst14|inst4 ; out0             ;
; |PD|ram:inst|4x32ram:inst1|4x4ram:inst3|memory_cell:inst12|inst4 ; |PD|ram:inst|4x32ram:inst1|4x4ram:inst3|memory_cell:inst12|inst4 ; out0             ;
; |PD|ram:inst|4x32ram:inst1|4x4ram:inst3|memory_cell:inst10|inst4 ; |PD|ram:inst|4x32ram:inst1|4x4ram:inst3|memory_cell:inst10|inst4 ; out0             ;
; |PD|ram:inst|4x32ram:inst1|4x4ram:inst3|memory_cell:inst15|inst4 ; |PD|ram:inst|4x32ram:inst1|4x4ram:inst3|memory_cell:inst15|inst4 ; out0             ;
; |PD|ram:inst|4x32ram:inst1|4x4ram:inst3|memory_cell:inst13|inst4 ; |PD|ram:inst|4x32ram:inst1|4x4ram:inst3|memory_cell:inst13|inst4 ; out0             ;
; |PD|ram:inst|4x32ram:inst1|4x4ram:inst3|memory_cell:inst11|inst4 ; |PD|ram:inst|4x32ram:inst1|4x4ram:inst3|memory_cell:inst11|inst4 ; out0             ;
; |PD|ram:inst|4x32ram:inst1|4x4ram:inst3|memory_cell:inst9|inst4  ; |PD|ram:inst|4x32ram:inst1|4x4ram:inst3|memory_cell:inst9|inst4  ; out0             ;
; |PD|ram:inst|4x32ram:inst1|4x4ram:inst3|memory_cell:inst8|inst4  ; |PD|ram:inst|4x32ram:inst1|4x4ram:inst3|memory_cell:inst8|inst4  ; out0             ;
; |PD|ram:inst|4x32ram:inst1|4x4ram:inst3|memory_cell:inst6|inst4  ; |PD|ram:inst|4x32ram:inst1|4x4ram:inst3|memory_cell:inst6|inst4  ; out0             ;
; |PD|ram:inst|4x32ram:inst1|4x4ram:inst3|memory_cell:inst4|inst4  ; |PD|ram:inst|4x32ram:inst1|4x4ram:inst3|memory_cell:inst4|inst4  ; out0             ;
; |PD|ram:inst|4x32ram:inst1|4x4ram:inst3|24decoder:inst|inst2     ; |PD|ram:inst|4x32ram:inst1|4x4ram:inst3|24decoder:inst|inst2     ; out0             ;
; |PD|ram:inst|4x32ram:inst1|4x4ram:inst3|24decoder:inst|inst3     ; |PD|ram:inst|4x32ram:inst1|4x4ram:inst3|24decoder:inst|inst3     ; out0             ;
; |PD|ram:inst|4x32ram:inst1|4x4ram:inst3|24decoder:inst|inst4     ; |PD|ram:inst|4x32ram:inst1|4x4ram:inst3|24decoder:inst|inst4     ; out0             ;
; |PD|ram:inst|4x32ram:inst1|4x4ram:inst3|24decoder:inst|inst5     ; |PD|ram:inst|4x32ram:inst1|4x4ram:inst3|24decoder:inst|inst5     ; out0             ;
; |PD|ram:inst|4x32ram:inst1|4x4ram:inst3|memory_cell:inst2|inst4  ; |PD|ram:inst|4x32ram:inst1|4x4ram:inst3|memory_cell:inst2|inst4  ; out0             ;
; |PD|ram:inst|4x32ram:inst1|4x4ram:inst1|inst17                   ; |PD|ram:inst|4x32ram:inst1|4x4ram:inst1|inst17                   ; out0             ;
; |PD|ram:inst|4x32ram:inst1|4x4ram:inst1|inst18                   ; |PD|ram:inst|4x32ram:inst1|4x4ram:inst1|inst18                   ; out0             ;
; |PD|ram:inst|4x32ram:inst1|4x4ram:inst1|memory_cell:inst3|inst4  ; |PD|ram:inst|4x32ram:inst1|4x4ram:inst1|memory_cell:inst3|inst4  ; out0             ;
; |PD|ram:inst|4x32ram:inst1|4x4ram:inst1|memory_cell:inst5|inst4  ; |PD|ram:inst|4x32ram:inst1|4x4ram:inst1|memory_cell:inst5|inst4  ; out0             ;
; |PD|ram:inst|4x32ram:inst1|4x4ram:inst1|memory_cell:inst7|inst4  ; |PD|ram:inst|4x32ram:inst1|4x4ram:inst1|memory_cell:inst7|inst4  ; out0             ;
; |PD|ram:inst|4x32ram:inst1|4x4ram:inst1|memory_cell:inst1|inst4  ; |PD|ram:inst|4x32ram:inst1|4x4ram:inst1|memory_cell:inst1|inst4  ; out0             ;
; |PD|ram:inst|4x32ram:inst1|4x4ram:inst1|memory_cell:inst16|inst4 ; |PD|ram:inst|4x32ram:inst1|4x4ram:inst1|memory_cell:inst16|inst4 ; out0             ;
; |PD|ram:inst|4x32ram:inst1|4x4ram:inst1|memory_cell:inst14|inst4 ; |PD|ram:inst|4x32ram:inst1|4x4ram:inst1|memory_cell:inst14|inst4 ; out0             ;
; |PD|ram:inst|4x32ram:inst1|4x4ram:inst1|memory_cell:inst12|inst4 ; |PD|ram:inst|4x32ram:inst1|4x4ram:inst1|memory_cell:inst12|inst4 ; out0             ;
; |PD|ram:inst|4x32ram:inst1|4x4ram:inst1|memory_cell:inst10|inst4 ; |PD|ram:inst|4x32ram:inst1|4x4ram:inst1|memory_cell:inst10|inst4 ; out0             ;
; |PD|ram:inst|4x32ram:inst1|4x4ram:inst1|memory_cell:inst15|inst4 ; |PD|ram:inst|4x32ram:inst1|4x4ram:inst1|memory_cell:inst15|inst4 ; out0             ;
; |PD|ram:inst|4x32ram:inst1|4x4ram:inst1|memory_cell:inst13|inst4 ; |PD|ram:inst|4x32ram:inst1|4x4ram:inst1|memory_cell:inst13|inst4 ; out0             ;
; |PD|ram:inst|4x32ram:inst1|4x4ram:inst1|memory_cell:inst11|inst4 ; |PD|ram:inst|4x32ram:inst1|4x4ram:inst1|memory_cell:inst11|inst4 ; out0             ;
; |PD|ram:inst|4x32ram:inst1|4x4ram:inst1|memory_cell:inst9|inst4  ; |PD|ram:inst|4x32ram:inst1|4x4ram:inst1|memory_cell:inst9|inst4  ; out0             ;
; |PD|ram:inst|4x32ram:inst1|4x4ram:inst1|memory_cell:inst8|inst4  ; |PD|ram:inst|4x32ram:inst1|4x4ram:inst1|memory_cell:inst8|inst4  ; out0             ;
; |PD|ram:inst|4x32ram:inst1|4x4ram:inst1|memory_cell:inst6|inst4  ; |PD|ram:inst|4x32ram:inst1|4x4ram:inst1|memory_cell:inst6|inst4  ; out0             ;
; |PD|ram:inst|4x32ram:inst1|4x4ram:inst1|memory_cell:inst4|inst4  ; |PD|ram:inst|4x32ram:inst1|4x4ram:inst1|memory_cell:inst4|inst4  ; out0             ;
; |PD|ram:inst|4x32ram:inst1|4x4ram:inst1|24decoder:inst|inst2     ; |PD|ram:inst|4x32ram:inst1|4x4ram:inst1|24decoder:inst|inst2     ; out0             ;
; |PD|ram:inst|4x32ram:inst1|4x4ram:inst1|24decoder:inst|inst3     ; |PD|ram:inst|4x32ram:inst1|4x4ram:inst1|24decoder:inst|inst3     ; out0             ;
; |PD|ram:inst|4x32ram:inst1|4x4ram:inst1|24decoder:inst|inst4     ; |PD|ram:inst|4x32ram:inst1|4x4ram:inst1|24decoder:inst|inst4     ; out0             ;
; |PD|ram:inst|4x32ram:inst1|4x4ram:inst1|24decoder:inst|inst5     ; |PD|ram:inst|4x32ram:inst1|4x4ram:inst1|24decoder:inst|inst5     ; out0             ;
; |PD|ram:inst|4x32ram:inst1|4x4ram:inst1|memory_cell:inst2|inst4  ; |PD|ram:inst|4x32ram:inst1|4x4ram:inst1|memory_cell:inst2|inst4  ; out0             ;
; |PD|ram:inst|4x32ram:inst1|4x4ram:inst|inst17                    ; |PD|ram:inst|4x32ram:inst1|4x4ram:inst|inst17                    ; out0             ;
; |PD|ram:inst|4x32ram:inst1|4x4ram:inst|inst18                    ; |PD|ram:inst|4x32ram:inst1|4x4ram:inst|inst18                    ; out0             ;
; |PD|ram:inst|4x32ram:inst1|4x4ram:inst|memory_cell:inst3|inst4   ; |PD|ram:inst|4x32ram:inst1|4x4ram:inst|memory_cell:inst3|inst4   ; out0             ;
; |PD|ram:inst|4x32ram:inst1|4x4ram:inst|memory_cell:inst5|inst4   ; |PD|ram:inst|4x32ram:inst1|4x4ram:inst|memory_cell:inst5|inst4   ; out0             ;
; |PD|ram:inst|4x32ram:inst1|4x4ram:inst|memory_cell:inst7|inst4   ; |PD|ram:inst|4x32ram:inst1|4x4ram:inst|memory_cell:inst7|inst4   ; out0             ;
; |PD|ram:inst|4x32ram:inst1|4x4ram:inst|memory_cell:inst1|inst4   ; |PD|ram:inst|4x32ram:inst1|4x4ram:inst|memory_cell:inst1|inst4   ; out0             ;
; |PD|ram:inst|4x32ram:inst1|4x4ram:inst|memory_cell:inst16|inst4  ; |PD|ram:inst|4x32ram:inst1|4x4ram:inst|memory_cell:inst16|inst4  ; out0             ;
; |PD|ram:inst|4x32ram:inst1|4x4ram:inst|memory_cell:inst14|inst4  ; |PD|ram:inst|4x32ram:inst1|4x4ram:inst|memory_cell:inst14|inst4  ; out0             ;
; |PD|ram:inst|4x32ram:inst1|4x4ram:inst|memory_cell:inst12|inst4  ; |PD|ram:inst|4x32ram:inst1|4x4ram:inst|memory_cell:inst12|inst4  ; out0             ;
; |PD|ram:inst|4x32ram:inst1|4x4ram:inst|memory_cell:inst10|inst4  ; |PD|ram:inst|4x32ram:inst1|4x4ram:inst|memory_cell:inst10|inst4  ; out0             ;
; |PD|ram:inst|4x32ram:inst1|4x4ram:inst|memory_cell:inst15|inst4  ; |PD|ram:inst|4x32ram:inst1|4x4ram:inst|memory_cell:inst15|inst4  ; out0             ;
; |PD|ram:inst|4x32ram:inst1|4x4ram:inst|memory_cell:inst13|inst4  ; |PD|ram:inst|4x32ram:inst1|4x4ram:inst|memory_cell:inst13|inst4  ; out0             ;
; |PD|ram:inst|4x32ram:inst1|4x4ram:inst|memory_cell:inst11|inst4  ; |PD|ram:inst|4x32ram:inst1|4x4ram:inst|memory_cell:inst11|inst4  ; out0             ;
; |PD|ram:inst|4x32ram:inst1|4x4ram:inst|memory_cell:inst9|inst4   ; |PD|ram:inst|4x32ram:inst1|4x4ram:inst|memory_cell:inst9|inst4   ; out0             ;
; |PD|ram:inst|4x32ram:inst1|4x4ram:inst|memory_cell:inst8|inst4   ; |PD|ram:inst|4x32ram:inst1|4x4ram:inst|memory_cell:inst8|inst4   ; out0             ;
; |PD|ram:inst|4x32ram:inst1|4x4ram:inst|memory_cell:inst6|inst4   ; |PD|ram:inst|4x32ram:inst1|4x4ram:inst|memory_cell:inst6|inst4   ; out0             ;
; |PD|ram:inst|4x32ram:inst1|4x4ram:inst|memory_cell:inst4|inst4   ; |PD|ram:inst|4x32ram:inst1|4x4ram:inst|memory_cell:inst4|inst4   ; out0             ;
; |PD|ram:inst|4x32ram:inst1|4x4ram:inst|24decoder:inst|inst2      ; |PD|ram:inst|4x32ram:inst1|4x4ram:inst|24decoder:inst|inst2      ; out0             ;
; |PD|ram:inst|4x32ram:inst1|4x4ram:inst|24decoder:inst|inst3      ; |PD|ram:inst|4x32ram:inst1|4x4ram:inst|24decoder:inst|inst3      ; out0             ;
; |PD|ram:inst|4x32ram:inst1|4x4ram:inst|24decoder:inst|inst4      ; |PD|ram:inst|4x32ram:inst1|4x4ram:inst|24decoder:inst|inst4      ; out0             ;
; |PD|ram:inst|4x32ram:inst1|4x4ram:inst|24decoder:inst|inst5      ; |PD|ram:inst|4x32ram:inst1|4x4ram:inst|24decoder:inst|inst5      ; out0             ;
; |PD|ram:inst|4x32ram:inst1|4x4ram:inst|memory_cell:inst2|inst4   ; |PD|ram:inst|4x32ram:inst1|4x4ram:inst|memory_cell:inst2|inst4   ; out0             ;
; |PD|ram:inst|38decoder:inst8|inst2                               ; |PD|ram:inst|38decoder:inst8|inst2                               ; out0             ;
; |PD|ram:inst|38decoder:inst8|inst4                               ; |PD|ram:inst|38decoder:inst8|inst4                               ; out0             ;
; |PD|ram:inst|38decoder:inst8|inst5                               ; |PD|ram:inst|38decoder:inst8|inst5                               ; out0             ;
; |PD|ram:inst|38decoder:inst8|inst6                               ; |PD|ram:inst|38decoder:inst8|inst6                               ; out0             ;
; |PD|ram:inst|38decoder:inst8|inst7                               ; |PD|ram:inst|38decoder:inst8|inst7                               ; out0             ;
; |PD|ram:inst|38decoder:inst8|inst8                               ; |PD|ram:inst|38decoder:inst8|inst8                               ; out0             ;
; |PD|ram:inst|38decoder:inst8|inst9                               ; |PD|ram:inst|38decoder:inst8|inst9                               ; out0             ;
; |PD|ram:inst|38decoder:inst8|inst11                              ; |PD|ram:inst|38decoder:inst8|inst11                              ; out0             ;
; |PD|ram:inst|38decoder:inst8|24decoder:inst1|inst2               ; |PD|ram:inst|38decoder:inst8|24decoder:inst1|inst2               ; out0             ;
; |PD|ram:inst|38decoder:inst8|24decoder:inst1|inst3               ; |PD|ram:inst|38decoder:inst8|24decoder:inst1|inst3               ; out0             ;
; |PD|ram:inst|38decoder:inst8|24decoder:inst1|inst4               ; |PD|ram:inst|38decoder:inst8|24decoder:inst1|inst4               ; out0             ;
; |PD|ram:inst|38decoder:inst8|24decoder:inst1|inst5               ; |PD|ram:inst|38decoder:inst8|24decoder:inst1|inst5               ; out0             ;
; |PD|ram:inst|38decoder:inst8|24decoder:inst|inst2                ; |PD|ram:inst|38decoder:inst8|24decoder:inst|inst2                ; out0             ;
; |PD|ram:inst|38decoder:inst8|24decoder:inst|inst3                ; |PD|ram:inst|38decoder:inst8|24decoder:inst|inst3                ; out0             ;
; |PD|ram:inst|38decoder:inst8|24decoder:inst|inst4                ; |PD|ram:inst|38decoder:inst8|24decoder:inst|inst4                ; out0             ;
; |PD|ram:inst|38decoder:inst8|24decoder:inst|inst5                ; |PD|ram:inst|38decoder:inst8|24decoder:inst|inst5                ; out0             ;
; |PD|ram:inst|4x32ram:inst|4x4ram:inst8|inst20                    ; |PD|ram:inst|4x32ram:inst|4x4ram:inst8|inst20                    ; out              ;
; |PD|ram:inst|4x32ram:inst|4x4ram:inst8|IN~0                      ; |PD|ram:inst|4x32ram:inst|4x4ram:inst8|IN~0                      ; out0             ;
; |PD|ram:inst|4x32ram:inst|4x4ram:inst8|inst17                    ; |PD|ram:inst|4x32ram:inst|4x4ram:inst8|inst17                    ; out0             ;
; |PD|ram:inst|4x32ram:inst|4x4ram:inst8|inst18                    ; |PD|ram:inst|4x32ram:inst|4x4ram:inst8|inst18                    ; out0             ;
; |PD|ram:inst|4x32ram:inst|4x4ram:inst8|inst21                    ; |PD|ram:inst|4x32ram:inst|4x4ram:inst8|inst21                    ; out              ;
; |PD|ram:inst|4x32ram:inst|4x4ram:inst8|IN~1                      ; |PD|ram:inst|4x32ram:inst|4x4ram:inst8|IN~1                      ; out0             ;
; |PD|ram:inst|4x32ram:inst|4x4ram:inst8|inst22                    ; |PD|ram:inst|4x32ram:inst|4x4ram:inst8|inst22                    ; out              ;
; |PD|ram:inst|4x32ram:inst|4x4ram:inst8|IN~2                      ; |PD|ram:inst|4x32ram:inst|4x4ram:inst8|IN~2                      ; out0             ;
; |PD|ram:inst|4x32ram:inst|4x4ram:inst8|inst19                    ; |PD|ram:inst|4x32ram:inst|4x4ram:inst8|inst19                    ; out              ;
; |PD|ram:inst|4x32ram:inst|4x4ram:inst8|IN~3                      ; |PD|ram:inst|4x32ram:inst|4x4ram:inst8|IN~3                      ; out0             ;
; |PD|ram:inst|4x32ram:inst|4x4ram:inst8|memory_cell:inst3|inst3   ; |PD|ram:inst|4x32ram:inst|4x4ram:inst8|memory_cell:inst3|inst3   ; out              ;
; |PD|ram:inst|4x32ram:inst|4x4ram:inst8|memory_cell:inst3|inst4   ; |PD|ram:inst|4x32ram:inst|4x4ram:inst8|memory_cell:inst3|inst4   ; out0             ;
; |PD|ram:inst|4x32ram:inst|4x4ram:inst8|memory_cell:inst5|inst3   ; |PD|ram:inst|4x32ram:inst|4x4ram:inst8|memory_cell:inst5|inst3   ; out              ;
; |PD|ram:inst|4x32ram:inst|4x4ram:inst8|memory_cell:inst5|inst4   ; |PD|ram:inst|4x32ram:inst|4x4ram:inst8|memory_cell:inst5|inst4   ; out0             ;
; |PD|ram:inst|4x32ram:inst|4x4ram:inst8|memory_cell:inst7|inst4   ; |PD|ram:inst|4x32ram:inst|4x4ram:inst8|memory_cell:inst7|inst4   ; out0             ;
; |PD|ram:inst|4x32ram:inst|4x4ram:inst8|memory_cell:inst1|inst3   ; |PD|ram:inst|4x32ram:inst|4x4ram:inst8|memory_cell:inst1|inst3   ; out              ;
; |PD|ram:inst|4x32ram:inst|4x4ram:inst8|memory_cell:inst1|inst4   ; |PD|ram:inst|4x32ram:inst|4x4ram:inst8|memory_cell:inst1|inst4   ; out0             ;
; |PD|ram:inst|4x32ram:inst|4x4ram:inst8|memory_cell:inst16|inst4  ; |PD|ram:inst|4x32ram:inst|4x4ram:inst8|memory_cell:inst16|inst4  ; out0             ;
; |PD|ram:inst|4x32ram:inst|4x4ram:inst8|memory_cell:inst14|inst3  ; |PD|ram:inst|4x32ram:inst|4x4ram:inst8|memory_cell:inst14|inst3  ; out              ;
; |PD|ram:inst|4x32ram:inst|4x4ram:inst8|memory_cell:inst14|inst4  ; |PD|ram:inst|4x32ram:inst|4x4ram:inst8|memory_cell:inst14|inst4  ; out0             ;
; |PD|ram:inst|4x32ram:inst|4x4ram:inst8|memory_cell:inst12|inst4  ; |PD|ram:inst|4x32ram:inst|4x4ram:inst8|memory_cell:inst12|inst4  ; out0             ;
; |PD|ram:inst|4x32ram:inst|4x4ram:inst8|memory_cell:inst10|inst3  ; |PD|ram:inst|4x32ram:inst|4x4ram:inst8|memory_cell:inst10|inst3  ; out              ;
; |PD|ram:inst|4x32ram:inst|4x4ram:inst8|memory_cell:inst10|inst4  ; |PD|ram:inst|4x32ram:inst|4x4ram:inst8|memory_cell:inst10|inst4  ; out0             ;
; |PD|ram:inst|4x32ram:inst|4x4ram:inst8|memory_cell:inst15|inst4  ; |PD|ram:inst|4x32ram:inst|4x4ram:inst8|memory_cell:inst15|inst4  ; out0             ;
; |PD|ram:inst|4x32ram:inst|4x4ram:inst8|memory_cell:inst13|inst3  ; |PD|ram:inst|4x32ram:inst|4x4ram:inst8|memory_cell:inst13|inst3  ; out              ;
; |PD|ram:inst|4x32ram:inst|4x4ram:inst8|memory_cell:inst13|inst4  ; |PD|ram:inst|4x32ram:inst|4x4ram:inst8|memory_cell:inst13|inst4  ; out0             ;
; |PD|ram:inst|4x32ram:inst|4x4ram:inst8|memory_cell:inst11|inst3  ; |PD|ram:inst|4x32ram:inst|4x4ram:inst8|memory_cell:inst11|inst3  ; out              ;
; |PD|ram:inst|4x32ram:inst|4x4ram:inst8|memory_cell:inst11|inst4  ; |PD|ram:inst|4x32ram:inst|4x4ram:inst8|memory_cell:inst11|inst4  ; out0             ;
; |PD|ram:inst|4x32ram:inst|4x4ram:inst8|memory_cell:inst9|inst4   ; |PD|ram:inst|4x32ram:inst|4x4ram:inst8|memory_cell:inst9|inst4   ; out0             ;
; |PD|ram:inst|4x32ram:inst|4x4ram:inst8|memory_cell:inst8|inst4   ; |PD|ram:inst|4x32ram:inst|4x4ram:inst8|memory_cell:inst8|inst4   ; out0             ;
; |PD|ram:inst|4x32ram:inst|4x4ram:inst8|memory_cell:inst6|inst3   ; |PD|ram:inst|4x32ram:inst|4x4ram:inst8|memory_cell:inst6|inst3   ; out              ;
; |PD|ram:inst|4x32ram:inst|4x4ram:inst8|memory_cell:inst6|inst4   ; |PD|ram:inst|4x32ram:inst|4x4ram:inst8|memory_cell:inst6|inst4   ; out0             ;
; |PD|ram:inst|4x32ram:inst|4x4ram:inst8|memory_cell:inst4|inst3   ; |PD|ram:inst|4x32ram:inst|4x4ram:inst8|memory_cell:inst4|inst3   ; out              ;
; |PD|ram:inst|4x32ram:inst|4x4ram:inst8|memory_cell:inst4|inst4   ; |PD|ram:inst|4x32ram:inst|4x4ram:inst8|memory_cell:inst4|inst4   ; out0             ;
; |PD|ram:inst|4x32ram:inst|4x4ram:inst8|24decoder:inst|inst2      ; |PD|ram:inst|4x32ram:inst|4x4ram:inst8|24decoder:inst|inst2      ; out0             ;
; |PD|ram:inst|4x32ram:inst|4x4ram:inst8|24decoder:inst|inst3      ; |PD|ram:inst|4x32ram:inst|4x4ram:inst8|24decoder:inst|inst3      ; out0             ;
; |PD|ram:inst|4x32ram:inst|4x4ram:inst8|24decoder:inst|inst4      ; |PD|ram:inst|4x32ram:inst|4x4ram:inst8|24decoder:inst|inst4      ; out0             ;
; |PD|ram:inst|4x32ram:inst|4x4ram:inst8|24decoder:inst|inst5      ; |PD|ram:inst|4x32ram:inst|4x4ram:inst8|24decoder:inst|inst5      ; out0             ;
; |PD|ram:inst|4x32ram:inst|4x4ram:inst8|memory_cell:inst2|inst3   ; |PD|ram:inst|4x32ram:inst|4x4ram:inst8|memory_cell:inst2|inst3   ; out              ;
; |PD|ram:inst|4x32ram:inst|4x4ram:inst8|memory_cell:inst2|inst4   ; |PD|ram:inst|4x32ram:inst|4x4ram:inst8|memory_cell:inst2|inst4   ; out0             ;
; |PD|ram:inst|4x32ram:inst|4x4ram:inst7|inst17                    ; |PD|ram:inst|4x32ram:inst|4x4ram:inst7|inst17                    ; out0             ;
; |PD|ram:inst|4x32ram:inst|4x4ram:inst7|inst18                    ; |PD|ram:inst|4x32ram:inst|4x4ram:inst7|inst18                    ; out0             ;
; |PD|ram:inst|4x32ram:inst|4x4ram:inst7|inst21                    ; |PD|ram:inst|4x32ram:inst|4x4ram:inst7|inst21                    ; out              ;
; |PD|ram:inst|4x32ram:inst|4x4ram:inst7|IN~1                      ; |PD|ram:inst|4x32ram:inst|4x4ram:inst7|IN~1                      ; out0             ;
; |PD|ram:inst|4x32ram:inst|4x4ram:inst7|inst22                    ; |PD|ram:inst|4x32ram:inst|4x4ram:inst7|inst22                    ; out              ;
; |PD|ram:inst|4x32ram:inst|4x4ram:inst7|IN~2                      ; |PD|ram:inst|4x32ram:inst|4x4ram:inst7|IN~2                      ; out0             ;
; |PD|ram:inst|4x32ram:inst|4x4ram:inst7|memory_cell:inst3|inst4   ; |PD|ram:inst|4x32ram:inst|4x4ram:inst7|memory_cell:inst3|inst4   ; out0             ;
; |PD|ram:inst|4x32ram:inst|4x4ram:inst7|memory_cell:inst5|inst4   ; |PD|ram:inst|4x32ram:inst|4x4ram:inst7|memory_cell:inst5|inst4   ; out0             ;
; |PD|ram:inst|4x32ram:inst|4x4ram:inst7|memory_cell:inst7|inst4   ; |PD|ram:inst|4x32ram:inst|4x4ram:inst7|memory_cell:inst7|inst4   ; out0             ;
; |PD|ram:inst|4x32ram:inst|4x4ram:inst7|memory_cell:inst1|inst4   ; |PD|ram:inst|4x32ram:inst|4x4ram:inst7|memory_cell:inst1|inst4   ; out0             ;
; |PD|ram:inst|4x32ram:inst|4x4ram:inst7|memory_cell:inst16|inst4  ; |PD|ram:inst|4x32ram:inst|4x4ram:inst7|memory_cell:inst16|inst4  ; out0             ;
; |PD|ram:inst|4x32ram:inst|4x4ram:inst7|memory_cell:inst14|inst3  ; |PD|ram:inst|4x32ram:inst|4x4ram:inst7|memory_cell:inst14|inst3  ; out              ;
; |PD|ram:inst|4x32ram:inst|4x4ram:inst7|memory_cell:inst14|inst4  ; |PD|ram:inst|4x32ram:inst|4x4ram:inst7|memory_cell:inst14|inst4  ; out0             ;
; |PD|ram:inst|4x32ram:inst|4x4ram:inst7|memory_cell:inst12|inst3  ; |PD|ram:inst|4x32ram:inst|4x4ram:inst7|memory_cell:inst12|inst3  ; out              ;
; |PD|ram:inst|4x32ram:inst|4x4ram:inst7|memory_cell:inst12|inst4  ; |PD|ram:inst|4x32ram:inst|4x4ram:inst7|memory_cell:inst12|inst4  ; out0             ;
; |PD|ram:inst|4x32ram:inst|4x4ram:inst7|memory_cell:inst10|inst3  ; |PD|ram:inst|4x32ram:inst|4x4ram:inst7|memory_cell:inst10|inst3  ; out              ;
; |PD|ram:inst|4x32ram:inst|4x4ram:inst7|memory_cell:inst10|inst4  ; |PD|ram:inst|4x32ram:inst|4x4ram:inst7|memory_cell:inst10|inst4  ; out0             ;
; |PD|ram:inst|4x32ram:inst|4x4ram:inst7|memory_cell:inst15|inst3  ; |PD|ram:inst|4x32ram:inst|4x4ram:inst7|memory_cell:inst15|inst3  ; out              ;
; |PD|ram:inst|4x32ram:inst|4x4ram:inst7|memory_cell:inst15|inst4  ; |PD|ram:inst|4x32ram:inst|4x4ram:inst7|memory_cell:inst15|inst4  ; out0             ;
; |PD|ram:inst|4x32ram:inst|4x4ram:inst7|memory_cell:inst13|inst4  ; |PD|ram:inst|4x32ram:inst|4x4ram:inst7|memory_cell:inst13|inst4  ; out0             ;
; |PD|ram:inst|4x32ram:inst|4x4ram:inst7|memory_cell:inst11|inst4  ; |PD|ram:inst|4x32ram:inst|4x4ram:inst7|memory_cell:inst11|inst4  ; out0             ;
; |PD|ram:inst|4x32ram:inst|4x4ram:inst7|memory_cell:inst9|inst4   ; |PD|ram:inst|4x32ram:inst|4x4ram:inst7|memory_cell:inst9|inst4   ; out0             ;
; |PD|ram:inst|4x32ram:inst|4x4ram:inst7|memory_cell:inst8|inst4   ; |PD|ram:inst|4x32ram:inst|4x4ram:inst7|memory_cell:inst8|inst4   ; out0             ;
; |PD|ram:inst|4x32ram:inst|4x4ram:inst7|memory_cell:inst6|inst4   ; |PD|ram:inst|4x32ram:inst|4x4ram:inst7|memory_cell:inst6|inst4   ; out0             ;
; |PD|ram:inst|4x32ram:inst|4x4ram:inst7|memory_cell:inst4|inst4   ; |PD|ram:inst|4x32ram:inst|4x4ram:inst7|memory_cell:inst4|inst4   ; out0             ;
; |PD|ram:inst|4x32ram:inst|4x4ram:inst7|24decoder:inst|inst2      ; |PD|ram:inst|4x32ram:inst|4x4ram:inst7|24decoder:inst|inst2      ; out0             ;
; |PD|ram:inst|4x32ram:inst|4x4ram:inst7|24decoder:inst|inst3      ; |PD|ram:inst|4x32ram:inst|4x4ram:inst7|24decoder:inst|inst3      ; out0             ;
; |PD|ram:inst|4x32ram:inst|4x4ram:inst7|24decoder:inst|inst4      ; |PD|ram:inst|4x32ram:inst|4x4ram:inst7|24decoder:inst|inst4      ; out0             ;
; |PD|ram:inst|4x32ram:inst|4x4ram:inst7|24decoder:inst|inst5      ; |PD|ram:inst|4x32ram:inst|4x4ram:inst7|24decoder:inst|inst5      ; out0             ;
; |PD|ram:inst|4x32ram:inst|4x4ram:inst7|memory_cell:inst2|inst4   ; |PD|ram:inst|4x32ram:inst|4x4ram:inst7|memory_cell:inst2|inst4   ; out0             ;
; |PD|ram:inst|4x32ram:inst|4x4ram:inst6|inst17                    ; |PD|ram:inst|4x32ram:inst|4x4ram:inst6|inst17                    ; out0             ;
; |PD|ram:inst|4x32ram:inst|4x4ram:inst6|inst18                    ; |PD|ram:inst|4x32ram:inst|4x4ram:inst6|inst18                    ; out0             ;
; |PD|ram:inst|4x32ram:inst|4x4ram:inst6|memory_cell:inst3|inst4   ; |PD|ram:inst|4x32ram:inst|4x4ram:inst6|memory_cell:inst3|inst4   ; out0             ;
; |PD|ram:inst|4x32ram:inst|4x4ram:inst6|memory_cell:inst5|inst4   ; |PD|ram:inst|4x32ram:inst|4x4ram:inst6|memory_cell:inst5|inst4   ; out0             ;
; |PD|ram:inst|4x32ram:inst|4x4ram:inst6|memory_cell:inst7|inst4   ; |PD|ram:inst|4x32ram:inst|4x4ram:inst6|memory_cell:inst7|inst4   ; out0             ;
; |PD|ram:inst|4x32ram:inst|4x4ram:inst6|memory_cell:inst1|inst4   ; |PD|ram:inst|4x32ram:inst|4x4ram:inst6|memory_cell:inst1|inst4   ; out0             ;
; |PD|ram:inst|4x32ram:inst|4x4ram:inst6|memory_cell:inst16|inst4  ; |PD|ram:inst|4x32ram:inst|4x4ram:inst6|memory_cell:inst16|inst4  ; out0             ;
; |PD|ram:inst|4x32ram:inst|4x4ram:inst6|memory_cell:inst14|inst4  ; |PD|ram:inst|4x32ram:inst|4x4ram:inst6|memory_cell:inst14|inst4  ; out0             ;
; |PD|ram:inst|4x32ram:inst|4x4ram:inst6|memory_cell:inst12|inst4  ; |PD|ram:inst|4x32ram:inst|4x4ram:inst6|memory_cell:inst12|inst4  ; out0             ;
; |PD|ram:inst|4x32ram:inst|4x4ram:inst6|memory_cell:inst10|inst4  ; |PD|ram:inst|4x32ram:inst|4x4ram:inst6|memory_cell:inst10|inst4  ; out0             ;
; |PD|ram:inst|4x32ram:inst|4x4ram:inst6|memory_cell:inst15|inst4  ; |PD|ram:inst|4x32ram:inst|4x4ram:inst6|memory_cell:inst15|inst4  ; out0             ;
; |PD|ram:inst|4x32ram:inst|4x4ram:inst6|memory_cell:inst13|inst4  ; |PD|ram:inst|4x32ram:inst|4x4ram:inst6|memory_cell:inst13|inst4  ; out0             ;
; |PD|ram:inst|4x32ram:inst|4x4ram:inst6|memory_cell:inst11|inst4  ; |PD|ram:inst|4x32ram:inst|4x4ram:inst6|memory_cell:inst11|inst4  ; out0             ;
; |PD|ram:inst|4x32ram:inst|4x4ram:inst6|memory_cell:inst9|inst4   ; |PD|ram:inst|4x32ram:inst|4x4ram:inst6|memory_cell:inst9|inst4   ; out0             ;
; |PD|ram:inst|4x32ram:inst|4x4ram:inst6|memory_cell:inst8|inst4   ; |PD|ram:inst|4x32ram:inst|4x4ram:inst6|memory_cell:inst8|inst4   ; out0             ;
; |PD|ram:inst|4x32ram:inst|4x4ram:inst6|memory_cell:inst6|inst4   ; |PD|ram:inst|4x32ram:inst|4x4ram:inst6|memory_cell:inst6|inst4   ; out0             ;
; |PD|ram:inst|4x32ram:inst|4x4ram:inst6|memory_cell:inst4|inst4   ; |PD|ram:inst|4x32ram:inst|4x4ram:inst6|memory_cell:inst4|inst4   ; out0             ;
; |PD|ram:inst|4x32ram:inst|4x4ram:inst6|24decoder:inst|inst2      ; |PD|ram:inst|4x32ram:inst|4x4ram:inst6|24decoder:inst|inst2      ; out0             ;
; |PD|ram:inst|4x32ram:inst|4x4ram:inst6|24decoder:inst|inst3      ; |PD|ram:inst|4x32ram:inst|4x4ram:inst6|24decoder:inst|inst3      ; out0             ;
; |PD|ram:inst|4x32ram:inst|4x4ram:inst6|24decoder:inst|inst4      ; |PD|ram:inst|4x32ram:inst|4x4ram:inst6|24decoder:inst|inst4      ; out0             ;
; |PD|ram:inst|4x32ram:inst|4x4ram:inst6|24decoder:inst|inst5      ; |PD|ram:inst|4x32ram:inst|4x4ram:inst6|24decoder:inst|inst5      ; out0             ;
; |PD|ram:inst|4x32ram:inst|4x4ram:inst6|memory_cell:inst2|inst4   ; |PD|ram:inst|4x32ram:inst|4x4ram:inst6|memory_cell:inst2|inst4   ; out0             ;
; |PD|ram:inst|4x32ram:inst|4x4ram:inst5|inst17                    ; |PD|ram:inst|4x32ram:inst|4x4ram:inst5|inst17                    ; out0             ;
; |PD|ram:inst|4x32ram:inst|4x4ram:inst5|inst18                    ; |PD|ram:inst|4x32ram:inst|4x4ram:inst5|inst18                    ; out0             ;
; |PD|ram:inst|4x32ram:inst|4x4ram:inst5|memory_cell:inst3|inst4   ; |PD|ram:inst|4x32ram:inst|4x4ram:inst5|memory_cell:inst3|inst4   ; out0             ;
; |PD|ram:inst|4x32ram:inst|4x4ram:inst5|memory_cell:inst5|inst4   ; |PD|ram:inst|4x32ram:inst|4x4ram:inst5|memory_cell:inst5|inst4   ; out0             ;
; |PD|ram:inst|4x32ram:inst|4x4ram:inst5|memory_cell:inst7|inst4   ; |PD|ram:inst|4x32ram:inst|4x4ram:inst5|memory_cell:inst7|inst4   ; out0             ;
; |PD|ram:inst|4x32ram:inst|4x4ram:inst5|memory_cell:inst1|inst4   ; |PD|ram:inst|4x32ram:inst|4x4ram:inst5|memory_cell:inst1|inst4   ; out0             ;
; |PD|ram:inst|4x32ram:inst|4x4ram:inst5|memory_cell:inst16|inst4  ; |PD|ram:inst|4x32ram:inst|4x4ram:inst5|memory_cell:inst16|inst4  ; out0             ;
; |PD|ram:inst|4x32ram:inst|4x4ram:inst5|memory_cell:inst14|inst4  ; |PD|ram:inst|4x32ram:inst|4x4ram:inst5|memory_cell:inst14|inst4  ; out0             ;
; |PD|ram:inst|4x32ram:inst|4x4ram:inst5|memory_cell:inst12|inst4  ; |PD|ram:inst|4x32ram:inst|4x4ram:inst5|memory_cell:inst12|inst4  ; out0             ;
; |PD|ram:inst|4x32ram:inst|4x4ram:inst5|memory_cell:inst10|inst4  ; |PD|ram:inst|4x32ram:inst|4x4ram:inst5|memory_cell:inst10|inst4  ; out0             ;
; |PD|ram:inst|4x32ram:inst|4x4ram:inst5|memory_cell:inst15|inst4  ; |PD|ram:inst|4x32ram:inst|4x4ram:inst5|memory_cell:inst15|inst4  ; out0             ;
; |PD|ram:inst|4x32ram:inst|4x4ram:inst5|memory_cell:inst13|inst4  ; |PD|ram:inst|4x32ram:inst|4x4ram:inst5|memory_cell:inst13|inst4  ; out0             ;
; |PD|ram:inst|4x32ram:inst|4x4ram:inst5|memory_cell:inst11|inst4  ; |PD|ram:inst|4x32ram:inst|4x4ram:inst5|memory_cell:inst11|inst4  ; out0             ;
; |PD|ram:inst|4x32ram:inst|4x4ram:inst5|memory_cell:inst9|inst4   ; |PD|ram:inst|4x32ram:inst|4x4ram:inst5|memory_cell:inst9|inst4   ; out0             ;
; |PD|ram:inst|4x32ram:inst|4x4ram:inst5|memory_cell:inst8|inst4   ; |PD|ram:inst|4x32ram:inst|4x4ram:inst5|memory_cell:inst8|inst4   ; out0             ;
; |PD|ram:inst|4x32ram:inst|4x4ram:inst5|memory_cell:inst6|inst4   ; |PD|ram:inst|4x32ram:inst|4x4ram:inst5|memory_cell:inst6|inst4   ; out0             ;
; |PD|ram:inst|4x32ram:inst|4x4ram:inst5|memory_cell:inst4|inst4   ; |PD|ram:inst|4x32ram:inst|4x4ram:inst5|memory_cell:inst4|inst4   ; out0             ;
; |PD|ram:inst|4x32ram:inst|4x4ram:inst5|24decoder:inst|inst2      ; |PD|ram:inst|4x32ram:inst|4x4ram:inst5|24decoder:inst|inst2      ; out0             ;
; |PD|ram:inst|4x32ram:inst|4x4ram:inst5|24decoder:inst|inst3      ; |PD|ram:inst|4x32ram:inst|4x4ram:inst5|24decoder:inst|inst3      ; out0             ;
; |PD|ram:inst|4x32ram:inst|4x4ram:inst5|24decoder:inst|inst4      ; |PD|ram:inst|4x32ram:inst|4x4ram:inst5|24decoder:inst|inst4      ; out0             ;
; |PD|ram:inst|4x32ram:inst|4x4ram:inst5|24decoder:inst|inst5      ; |PD|ram:inst|4x32ram:inst|4x4ram:inst5|24decoder:inst|inst5      ; out0             ;
; |PD|ram:inst|4x32ram:inst|4x4ram:inst5|memory_cell:inst2|inst4   ; |PD|ram:inst|4x32ram:inst|4x4ram:inst5|memory_cell:inst2|inst4   ; out0             ;
; |PD|ram:inst|4x32ram:inst|4x4ram:inst4|inst17                    ; |PD|ram:inst|4x32ram:inst|4x4ram:inst4|inst17                    ; out0             ;
; |PD|ram:inst|4x32ram:inst|4x4ram:inst4|inst18                    ; |PD|ram:inst|4x32ram:inst|4x4ram:inst4|inst18                    ; out0             ;
; |PD|ram:inst|4x32ram:inst|4x4ram:inst4|memory_cell:inst3|inst4   ; |PD|ram:inst|4x32ram:inst|4x4ram:inst4|memory_cell:inst3|inst4   ; out0             ;
; |PD|ram:inst|4x32ram:inst|4x4ram:inst4|memory_cell:inst5|inst4   ; |PD|ram:inst|4x32ram:inst|4x4ram:inst4|memory_cell:inst5|inst4   ; out0             ;
; |PD|ram:inst|4x32ram:inst|4x4ram:inst4|memory_cell:inst7|inst4   ; |PD|ram:inst|4x32ram:inst|4x4ram:inst4|memory_cell:inst7|inst4   ; out0             ;
; |PD|ram:inst|4x32ram:inst|4x4ram:inst4|memory_cell:inst1|inst4   ; |PD|ram:inst|4x32ram:inst|4x4ram:inst4|memory_cell:inst1|inst4   ; out0             ;
; |PD|ram:inst|4x32ram:inst|4x4ram:inst4|memory_cell:inst16|inst4  ; |PD|ram:inst|4x32ram:inst|4x4ram:inst4|memory_cell:inst16|inst4  ; out0             ;
; |PD|ram:inst|4x32ram:inst|4x4ram:inst4|memory_cell:inst14|inst4  ; |PD|ram:inst|4x32ram:inst|4x4ram:inst4|memory_cell:inst14|inst4  ; out0             ;
; |PD|ram:inst|4x32ram:inst|4x4ram:inst4|memory_cell:inst12|inst4  ; |PD|ram:inst|4x32ram:inst|4x4ram:inst4|memory_cell:inst12|inst4  ; out0             ;
; |PD|ram:inst|4x32ram:inst|4x4ram:inst4|memory_cell:inst10|inst4  ; |PD|ram:inst|4x32ram:inst|4x4ram:inst4|memory_cell:inst10|inst4  ; out0             ;
; |PD|ram:inst|4x32ram:inst|4x4ram:inst4|memory_cell:inst15|inst4  ; |PD|ram:inst|4x32ram:inst|4x4ram:inst4|memory_cell:inst15|inst4  ; out0             ;
; |PD|ram:inst|4x32ram:inst|4x4ram:inst4|memory_cell:inst13|inst4  ; |PD|ram:inst|4x32ram:inst|4x4ram:inst4|memory_cell:inst13|inst4  ; out0             ;
; |PD|ram:inst|4x32ram:inst|4x4ram:inst4|memory_cell:inst11|inst4  ; |PD|ram:inst|4x32ram:inst|4x4ram:inst4|memory_cell:inst11|inst4  ; out0             ;
; |PD|ram:inst|4x32ram:inst|4x4ram:inst4|memory_cell:inst9|inst4   ; |PD|ram:inst|4x32ram:inst|4x4ram:inst4|memory_cell:inst9|inst4   ; out0             ;
; |PD|ram:inst|4x32ram:inst|4x4ram:inst4|memory_cell:inst8|inst4   ; |PD|ram:inst|4x32ram:inst|4x4ram:inst4|memory_cell:inst8|inst4   ; out0             ;
; |PD|ram:inst|4x32ram:inst|4x4ram:inst4|memory_cell:inst6|inst4   ; |PD|ram:inst|4x32ram:inst|4x4ram:inst4|memory_cell:inst6|inst4   ; out0             ;
; |PD|ram:inst|4x32ram:inst|4x4ram:inst4|memory_cell:inst4|inst4   ; |PD|ram:inst|4x32ram:inst|4x4ram:inst4|memory_cell:inst4|inst4   ; out0             ;
; |PD|ram:inst|4x32ram:inst|4x4ram:inst4|24decoder:inst|inst2      ; |PD|ram:inst|4x32ram:inst|4x4ram:inst4|24decoder:inst|inst2      ; out0             ;
; |PD|ram:inst|4x32ram:inst|4x4ram:inst4|24decoder:inst|inst3      ; |PD|ram:inst|4x32ram:inst|4x4ram:inst4|24decoder:inst|inst3      ; out0             ;
; |PD|ram:inst|4x32ram:inst|4x4ram:inst4|24decoder:inst|inst4      ; |PD|ram:inst|4x32ram:inst|4x4ram:inst4|24decoder:inst|inst4      ; out0             ;
; |PD|ram:inst|4x32ram:inst|4x4ram:inst4|24decoder:inst|inst5      ; |PD|ram:inst|4x32ram:inst|4x4ram:inst4|24decoder:inst|inst5      ; out0             ;
; |PD|ram:inst|4x32ram:inst|4x4ram:inst4|memory_cell:inst2|inst4   ; |PD|ram:inst|4x32ram:inst|4x4ram:inst4|memory_cell:inst2|inst4   ; out0             ;
; |PD|ram:inst|4x32ram:inst|4x4ram:inst3|inst17                    ; |PD|ram:inst|4x32ram:inst|4x4ram:inst3|inst17                    ; out0             ;
; |PD|ram:inst|4x32ram:inst|4x4ram:inst3|inst18                    ; |PD|ram:inst|4x32ram:inst|4x4ram:inst3|inst18                    ; out0             ;
; |PD|ram:inst|4x32ram:inst|4x4ram:inst3|memory_cell:inst3|inst4   ; |PD|ram:inst|4x32ram:inst|4x4ram:inst3|memory_cell:inst3|inst4   ; out0             ;
; |PD|ram:inst|4x32ram:inst|4x4ram:inst3|memory_cell:inst5|inst4   ; |PD|ram:inst|4x32ram:inst|4x4ram:inst3|memory_cell:inst5|inst4   ; out0             ;
; |PD|ram:inst|4x32ram:inst|4x4ram:inst3|memory_cell:inst7|inst4   ; |PD|ram:inst|4x32ram:inst|4x4ram:inst3|memory_cell:inst7|inst4   ; out0             ;
; |PD|ram:inst|4x32ram:inst|4x4ram:inst3|memory_cell:inst1|inst4   ; |PD|ram:inst|4x32ram:inst|4x4ram:inst3|memory_cell:inst1|inst4   ; out0             ;
; |PD|ram:inst|4x32ram:inst|4x4ram:inst3|memory_cell:inst16|inst4  ; |PD|ram:inst|4x32ram:inst|4x4ram:inst3|memory_cell:inst16|inst4  ; out0             ;
; |PD|ram:inst|4x32ram:inst|4x4ram:inst3|memory_cell:inst14|inst4  ; |PD|ram:inst|4x32ram:inst|4x4ram:inst3|memory_cell:inst14|inst4  ; out0             ;
; |PD|ram:inst|4x32ram:inst|4x4ram:inst3|memory_cell:inst12|inst4  ; |PD|ram:inst|4x32ram:inst|4x4ram:inst3|memory_cell:inst12|inst4  ; out0             ;
; |PD|ram:inst|4x32ram:inst|4x4ram:inst3|memory_cell:inst10|inst4  ; |PD|ram:inst|4x32ram:inst|4x4ram:inst3|memory_cell:inst10|inst4  ; out0             ;
; |PD|ram:inst|4x32ram:inst|4x4ram:inst3|memory_cell:inst15|inst4  ; |PD|ram:inst|4x32ram:inst|4x4ram:inst3|memory_cell:inst15|inst4  ; out0             ;
; |PD|ram:inst|4x32ram:inst|4x4ram:inst3|memory_cell:inst13|inst4  ; |PD|ram:inst|4x32ram:inst|4x4ram:inst3|memory_cell:inst13|inst4  ; out0             ;
; |PD|ram:inst|4x32ram:inst|4x4ram:inst3|memory_cell:inst11|inst4  ; |PD|ram:inst|4x32ram:inst|4x4ram:inst3|memory_cell:inst11|inst4  ; out0             ;
; |PD|ram:inst|4x32ram:inst|4x4ram:inst3|memory_cell:inst9|inst4   ; |PD|ram:inst|4x32ram:inst|4x4ram:inst3|memory_cell:inst9|inst4   ; out0             ;
; |PD|ram:inst|4x32ram:inst|4x4ram:inst3|memory_cell:inst8|inst4   ; |PD|ram:inst|4x32ram:inst|4x4ram:inst3|memory_cell:inst8|inst4   ; out0             ;
; |PD|ram:inst|4x32ram:inst|4x4ram:inst3|memory_cell:inst6|inst4   ; |PD|ram:inst|4x32ram:inst|4x4ram:inst3|memory_cell:inst6|inst4   ; out0             ;
; |PD|ram:inst|4x32ram:inst|4x4ram:inst3|memory_cell:inst4|inst4   ; |PD|ram:inst|4x32ram:inst|4x4ram:inst3|memory_cell:inst4|inst4   ; out0             ;
; |PD|ram:inst|4x32ram:inst|4x4ram:inst3|24decoder:inst|inst2      ; |PD|ram:inst|4x32ram:inst|4x4ram:inst3|24decoder:inst|inst2      ; out0             ;
; |PD|ram:inst|4x32ram:inst|4x4ram:inst3|24decoder:inst|inst3      ; |PD|ram:inst|4x32ram:inst|4x4ram:inst3|24decoder:inst|inst3      ; out0             ;
; |PD|ram:inst|4x32ram:inst|4x4ram:inst3|24decoder:inst|inst4      ; |PD|ram:inst|4x32ram:inst|4x4ram:inst3|24decoder:inst|inst4      ; out0             ;
; |PD|ram:inst|4x32ram:inst|4x4ram:inst3|24decoder:inst|inst5      ; |PD|ram:inst|4x32ram:inst|4x4ram:inst3|24decoder:inst|inst5      ; out0             ;
; |PD|ram:inst|4x32ram:inst|4x4ram:inst3|memory_cell:inst2|inst4   ; |PD|ram:inst|4x32ram:inst|4x4ram:inst3|memory_cell:inst2|inst4   ; out0             ;
; |PD|ram:inst|4x32ram:inst|4x4ram:inst1|inst17                    ; |PD|ram:inst|4x32ram:inst|4x4ram:inst1|inst17                    ; out0             ;
; |PD|ram:inst|4x32ram:inst|4x4ram:inst1|inst18                    ; |PD|ram:inst|4x32ram:inst|4x4ram:inst1|inst18                    ; out0             ;
; |PD|ram:inst|4x32ram:inst|4x4ram:inst1|memory_cell:inst3|inst4   ; |PD|ram:inst|4x32ram:inst|4x4ram:inst1|memory_cell:inst3|inst4   ; out0             ;
; |PD|ram:inst|4x32ram:inst|4x4ram:inst1|memory_cell:inst5|inst4   ; |PD|ram:inst|4x32ram:inst|4x4ram:inst1|memory_cell:inst5|inst4   ; out0             ;
; |PD|ram:inst|4x32ram:inst|4x4ram:inst1|memory_cell:inst7|inst4   ; |PD|ram:inst|4x32ram:inst|4x4ram:inst1|memory_cell:inst7|inst4   ; out0             ;
; |PD|ram:inst|4x32ram:inst|4x4ram:inst1|memory_cell:inst1|inst4   ; |PD|ram:inst|4x32ram:inst|4x4ram:inst1|memory_cell:inst1|inst4   ; out0             ;
; |PD|ram:inst|4x32ram:inst|4x4ram:inst1|memory_cell:inst16|inst4  ; |PD|ram:inst|4x32ram:inst|4x4ram:inst1|memory_cell:inst16|inst4  ; out0             ;
; |PD|ram:inst|4x32ram:inst|4x4ram:inst1|memory_cell:inst14|inst4  ; |PD|ram:inst|4x32ram:inst|4x4ram:inst1|memory_cell:inst14|inst4  ; out0             ;
; |PD|ram:inst|4x32ram:inst|4x4ram:inst1|memory_cell:inst12|inst4  ; |PD|ram:inst|4x32ram:inst|4x4ram:inst1|memory_cell:inst12|inst4  ; out0             ;
; |PD|ram:inst|4x32ram:inst|4x4ram:inst1|memory_cell:inst10|inst4  ; |PD|ram:inst|4x32ram:inst|4x4ram:inst1|memory_cell:inst10|inst4  ; out0             ;
; |PD|ram:inst|4x32ram:inst|4x4ram:inst1|memory_cell:inst15|inst4  ; |PD|ram:inst|4x32ram:inst|4x4ram:inst1|memory_cell:inst15|inst4  ; out0             ;
; |PD|ram:inst|4x32ram:inst|4x4ram:inst1|memory_cell:inst13|inst4  ; |PD|ram:inst|4x32ram:inst|4x4ram:inst1|memory_cell:inst13|inst4  ; out0             ;
; |PD|ram:inst|4x32ram:inst|4x4ram:inst1|memory_cell:inst11|inst4  ; |PD|ram:inst|4x32ram:inst|4x4ram:inst1|memory_cell:inst11|inst4  ; out0             ;
; |PD|ram:inst|4x32ram:inst|4x4ram:inst1|memory_cell:inst9|inst4   ; |PD|ram:inst|4x32ram:inst|4x4ram:inst1|memory_cell:inst9|inst4   ; out0             ;
; |PD|ram:inst|4x32ram:inst|4x4ram:inst1|memory_cell:inst8|inst4   ; |PD|ram:inst|4x32ram:inst|4x4ram:inst1|memory_cell:inst8|inst4   ; out0             ;
; |PD|ram:inst|4x32ram:inst|4x4ram:inst1|memory_cell:inst6|inst4   ; |PD|ram:inst|4x32ram:inst|4x4ram:inst1|memory_cell:inst6|inst4   ; out0             ;
; |PD|ram:inst|4x32ram:inst|4x4ram:inst1|memory_cell:inst4|inst4   ; |PD|ram:inst|4x32ram:inst|4x4ram:inst1|memory_cell:inst4|inst4   ; out0             ;
; |PD|ram:inst|4x32ram:inst|4x4ram:inst1|24decoder:inst|inst2      ; |PD|ram:inst|4x32ram:inst|4x4ram:inst1|24decoder:inst|inst2      ; out0             ;
; |PD|ram:inst|4x32ram:inst|4x4ram:inst1|24decoder:inst|inst3      ; |PD|ram:inst|4x32ram:inst|4x4ram:inst1|24decoder:inst|inst3      ; out0             ;
; |PD|ram:inst|4x32ram:inst|4x4ram:inst1|24decoder:inst|inst4      ; |PD|ram:inst|4x32ram:inst|4x4ram:inst1|24decoder:inst|inst4      ; out0             ;
; |PD|ram:inst|4x32ram:inst|4x4ram:inst1|24decoder:inst|inst5      ; |PD|ram:inst|4x32ram:inst|4x4ram:inst1|24decoder:inst|inst5      ; out0             ;
; |PD|ram:inst|4x32ram:inst|4x4ram:inst1|memory_cell:inst2|inst4   ; |PD|ram:inst|4x32ram:inst|4x4ram:inst1|memory_cell:inst2|inst4   ; out0             ;
; |PD|ram:inst|4x32ram:inst|4x4ram:inst|inst17                     ; |PD|ram:inst|4x32ram:inst|4x4ram:inst|inst17                     ; out0             ;
; |PD|ram:inst|4x32ram:inst|4x4ram:inst|inst18                     ; |PD|ram:inst|4x32ram:inst|4x4ram:inst|inst18                     ; out0             ;
; |PD|ram:inst|4x32ram:inst|4x4ram:inst|memory_cell:inst3|inst4    ; |PD|ram:inst|4x32ram:inst|4x4ram:inst|memory_cell:inst3|inst4    ; out0             ;
; |PD|ram:inst|4x32ram:inst|4x4ram:inst|memory_cell:inst5|inst4    ; |PD|ram:inst|4x32ram:inst|4x4ram:inst|memory_cell:inst5|inst4    ; out0             ;
; |PD|ram:inst|4x32ram:inst|4x4ram:inst|memory_cell:inst7|inst4    ; |PD|ram:inst|4x32ram:inst|4x4ram:inst|memory_cell:inst7|inst4    ; out0             ;
; |PD|ram:inst|4x32ram:inst|4x4ram:inst|memory_cell:inst1|inst4    ; |PD|ram:inst|4x32ram:inst|4x4ram:inst|memory_cell:inst1|inst4    ; out0             ;
; |PD|ram:inst|4x32ram:inst|4x4ram:inst|memory_cell:inst16|inst4   ; |PD|ram:inst|4x32ram:inst|4x4ram:inst|memory_cell:inst16|inst4   ; out0             ;
; |PD|ram:inst|4x32ram:inst|4x4ram:inst|memory_cell:inst14|inst4   ; |PD|ram:inst|4x32ram:inst|4x4ram:inst|memory_cell:inst14|inst4   ; out0             ;
; |PD|ram:inst|4x32ram:inst|4x4ram:inst|memory_cell:inst12|inst4   ; |PD|ram:inst|4x32ram:inst|4x4ram:inst|memory_cell:inst12|inst4   ; out0             ;
; |PD|ram:inst|4x32ram:inst|4x4ram:inst|memory_cell:inst10|inst4   ; |PD|ram:inst|4x32ram:inst|4x4ram:inst|memory_cell:inst10|inst4   ; out0             ;
; |PD|ram:inst|4x32ram:inst|4x4ram:inst|memory_cell:inst15|inst4   ; |PD|ram:inst|4x32ram:inst|4x4ram:inst|memory_cell:inst15|inst4   ; out0             ;
; |PD|ram:inst|4x32ram:inst|4x4ram:inst|memory_cell:inst13|inst4   ; |PD|ram:inst|4x32ram:inst|4x4ram:inst|memory_cell:inst13|inst4   ; out0             ;
; |PD|ram:inst|4x32ram:inst|4x4ram:inst|memory_cell:inst11|inst4   ; |PD|ram:inst|4x32ram:inst|4x4ram:inst|memory_cell:inst11|inst4   ; out0             ;
; |PD|ram:inst|4x32ram:inst|4x4ram:inst|memory_cell:inst9|inst4    ; |PD|ram:inst|4x32ram:inst|4x4ram:inst|memory_cell:inst9|inst4    ; out0             ;
; |PD|ram:inst|4x32ram:inst|4x4ram:inst|memory_cell:inst8|inst4    ; |PD|ram:inst|4x32ram:inst|4x4ram:inst|memory_cell:inst8|inst4    ; out0             ;
; |PD|ram:inst|4x32ram:inst|4x4ram:inst|memory_cell:inst6|inst4    ; |PD|ram:inst|4x32ram:inst|4x4ram:inst|memory_cell:inst6|inst4    ; out0             ;
; |PD|ram:inst|4x32ram:inst|4x4ram:inst|memory_cell:inst4|inst4    ; |PD|ram:inst|4x32ram:inst|4x4ram:inst|memory_cell:inst4|inst4    ; out0             ;
; |PD|ram:inst|4x32ram:inst|4x4ram:inst|24decoder:inst|inst2       ; |PD|ram:inst|4x32ram:inst|4x4ram:inst|24decoder:inst|inst2       ; out0             ;
; |PD|ram:inst|4x32ram:inst|4x4ram:inst|24decoder:inst|inst3       ; |PD|ram:inst|4x32ram:inst|4x4ram:inst|24decoder:inst|inst3       ; out0             ;
; |PD|ram:inst|4x32ram:inst|4x4ram:inst|24decoder:inst|inst4       ; |PD|ram:inst|4x32ram:inst|4x4ram:inst|24decoder:inst|inst4       ; out0             ;
; |PD|ram:inst|4x32ram:inst|4x4ram:inst|24decoder:inst|inst5       ; |PD|ram:inst|4x32ram:inst|4x4ram:inst|24decoder:inst|inst5       ; out0             ;
; |PD|ram:inst|4x32ram:inst|4x4ram:inst|memory_cell:inst2|inst4    ; |PD|ram:inst|4x32ram:inst|4x4ram:inst|memory_cell:inst2|inst4    ; out0             ;
; |PD|TOP:inst6|inst                                               ; |PD|TOP:inst6|inst                                               ; regout           ;
; |PD|TOP:inst6|inst5                                              ; |PD|TOP:inst6|inst5                                              ; out0             ;
; |PD|TOP:inst6|inst13                                             ; |PD|TOP:inst6|inst13                                             ; out0             ;
; |PD|TOP:inst6|inst14                                             ; |PD|TOP:inst6|inst14                                             ; out0             ;
; |PD|TOP:inst6|inst1                                              ; |PD|TOP:inst6|inst1                                              ; regout           ;
; |PD|TOP:inst6|inst40                                             ; |PD|TOP:inst6|inst40                                             ; out0             ;
; |PD|TOP:inst6|inst10                                             ; |PD|TOP:inst6|inst10                                             ; out0             ;
; |PD|TOP:inst6|inst15                                             ; |PD|TOP:inst6|inst15                                             ; out0             ;
; |PD|TOP:inst6|inst22                                             ; |PD|TOP:inst6|inst22                                             ; out0             ;
; |PD|TOP:inst6|inst21                                             ; |PD|TOP:inst6|inst21                                             ; out0             ;
; |PD|TOP:inst6|inst2                                              ; |PD|TOP:inst6|inst2                                              ; regout           ;
; |PD|TOP:inst6|inst41                                             ; |PD|TOP:inst6|inst41                                             ; out0             ;
; |PD|TOP:inst6|inst11                                             ; |PD|TOP:inst6|inst11                                             ; out0             ;
; |PD|TOP:inst6|inst16                                             ; |PD|TOP:inst6|inst16                                             ; out0             ;
; |PD|TOP:inst6|inst24                                             ; |PD|TOP:inst6|inst24                                             ; out0             ;
; |PD|TOP:inst6|inst23                                             ; |PD|TOP:inst6|inst23                                             ; out0             ;
; |PD|TOP:inst6|inst3                                              ; |PD|TOP:inst6|inst3                                              ; regout           ;
; |PD|TOP:inst6|inst43                                             ; |PD|TOP:inst6|inst43                                             ; out0             ;
; |PD|TOP:inst6|inst12                                             ; |PD|TOP:inst6|inst12                                             ; out0             ;
; |PD|TOP:inst6|inst35                                             ; |PD|TOP:inst6|inst35                                             ; out0             ;
; |PD|TOP:inst6|inst4                                              ; |PD|TOP:inst6|inst4                                              ; regout           ;
; |PD|TOP:inst6|inst38                                             ; |PD|TOP:inst6|inst38                                             ; out0             ;
; |PD|TOP:inst6|inst20                                             ; |PD|TOP:inst6|inst20                                             ; out0             ;
; |PD|TOP:inst6|inst19                                             ; |PD|TOP:inst6|inst19                                             ; out0             ;
; |PD|OPLogic:inst1|inst                                           ; |PD|OPLogic:inst1|inst                                           ; out0             ;
; |PD|OPLogic:inst1|inst2                                          ; |PD|OPLogic:inst1|inst2                                          ; out0             ;
+------------------------------------------------------------------+------------------------------------------------------------------+------------------+


The following table displays output ports that do not toggle to 1 during simulation.
+--------------------------------------------------------------------------------------------------------------------------------------------------------+
; Missing 1-Value Coverage                                                                                                                               ;
+------------------------------------------------------------------+------------------------------------------------------------------+------------------+
; Node Name                                                        ; Output Port Name                                                 ; Output Port Type ;
+------------------------------------------------------------------+------------------------------------------------------------------+------------------+
; |PD|Enable                                                       ; |PD|Enable                                                       ; out              ;
; |PD|Reset                                                        ; |PD|Reset                                                        ; out              ;
; |PD|IO[31]                                                       ; |PD|IO[31]                                                       ; out              ;
; |PD|IO[31]                                                       ; |PD|IO[31]~result                                                ; pin_out          ;
; |PD|IO[30]                                                       ; |PD|IO[30]                                                       ; out              ;
; |PD|IO[30]                                                       ; |PD|IO[30]~result                                                ; pin_out          ;
; |PD|IO[29]                                                       ; |PD|IO[29]                                                       ; out              ;
; |PD|IO[29]                                                       ; |PD|IO[29]~result                                                ; pin_out          ;
; |PD|IO[28]                                                       ; |PD|IO[28]                                                       ; out              ;
; |PD|IO[28]                                                       ; |PD|IO[28]~result                                                ; pin_out          ;
; |PD|IO[27]                                                       ; |PD|IO[27]                                                       ; out              ;
; |PD|IO[27]                                                       ; |PD|IO[27]~result                                                ; pin_out          ;
; |PD|IO[26]                                                       ; |PD|IO[26]                                                       ; out              ;
; |PD|IO[26]                                                       ; |PD|IO[26]~result                                                ; pin_out          ;
; |PD|IO[25]                                                       ; |PD|IO[25]                                                       ; out              ;
; |PD|IO[25]                                                       ; |PD|IO[25]~result                                                ; pin_out          ;
; |PD|IO[24]                                                       ; |PD|IO[24]                                                       ; out              ;
; |PD|IO[24]                                                       ; |PD|IO[24]~result                                                ; pin_out          ;
; |PD|IO[23]                                                       ; |PD|IO[23]                                                       ; out              ;
; |PD|IO[23]                                                       ; |PD|IO[23]~result                                                ; pin_out          ;
; |PD|IO[22]                                                       ; |PD|IO[22]                                                       ; out              ;
; |PD|IO[22]                                                       ; |PD|IO[22]~result                                                ; pin_out          ;
; |PD|IO[21]                                                       ; |PD|IO[21]                                                       ; out              ;
; |PD|IO[21]                                                       ; |PD|IO[21]~result                                                ; pin_out          ;
; |PD|IO[20]                                                       ; |PD|IO[20]                                                       ; out              ;
; |PD|IO[20]                                                       ; |PD|IO[20]~result                                                ; pin_out          ;
; |PD|IO[19]                                                       ; |PD|IO[19]                                                       ; out              ;
; |PD|IO[19]                                                       ; |PD|IO[19]~result                                                ; pin_out          ;
; |PD|IO[18]                                                       ; |PD|IO[18]                                                       ; out              ;
; |PD|IO[18]                                                       ; |PD|IO[18]~result                                                ; pin_out          ;
; |PD|IO[17]                                                       ; |PD|IO[17]                                                       ; out              ;
; |PD|IO[17]                                                       ; |PD|IO[17]~result                                                ; pin_out          ;
; |PD|IO[16]                                                       ; |PD|IO[16]                                                       ; out              ;
; |PD|IO[16]                                                       ; |PD|IO[16]~result                                                ; pin_out          ;
; |PD|IO[15]                                                       ; |PD|IO[15]                                                       ; out              ;
; |PD|IO[15]                                                       ; |PD|IO[15]~result                                                ; pin_out          ;
; |PD|IO[14]                                                       ; |PD|IO[14]                                                       ; out              ;
; |PD|IO[14]                                                       ; |PD|IO[14]~result                                                ; pin_out          ;
; |PD|IO[13]                                                       ; |PD|IO[13]                                                       ; out              ;
; |PD|IO[13]                                                       ; |PD|IO[13]~result                                                ; pin_out          ;
; |PD|IO[12]                                                       ; |PD|IO[12]                                                       ; out              ;
; |PD|IO[12]                                                       ; |PD|IO[12]~result                                                ; pin_out          ;
; |PD|IO[11]                                                       ; |PD|IO[11]                                                       ; out              ;
; |PD|IO[11]                                                       ; |PD|IO[11]~result                                                ; pin_out          ;
; |PD|IO[10]                                                       ; |PD|IO[10]                                                       ; out              ;
; |PD|IO[10]                                                       ; |PD|IO[10]~result                                                ; pin_out          ;
; |PD|IO[9]                                                        ; |PD|IO[9]                                                        ; out              ;
; |PD|IO[9]                                                        ; |PD|IO[9]~result                                                 ; pin_out          ;
; |PD|IO[8]                                                        ; |PD|IO[8]                                                        ; out              ;
; |PD|IO[8]                                                        ; |PD|IO[8]~result                                                 ; pin_out          ;
; |PD|IO[7]                                                        ; |PD|IO[7]                                                        ; out              ;
; |PD|IO[7]                                                        ; |PD|IO[7]~result                                                 ; pin_out          ;
; |PD|IO[6]                                                        ; |PD|IO[6]                                                        ; out              ;
; |PD|IO[6]                                                        ; |PD|IO[6]~result                                                 ; pin_out          ;
; |PD|IO~0                                                         ; |PD|IO~0                                                         ; out0             ;
; |PD|IO~1                                                         ; |PD|IO~1                                                         ; out0             ;
; |PD|IO~2                                                         ; |PD|IO~2                                                         ; out0             ;
; |PD|IO~3                                                         ; |PD|IO~3                                                         ; out0             ;
; |PD|IO~4                                                         ; |PD|IO~4                                                         ; out0             ;
; |PD|IO~5                                                         ; |PD|IO~5                                                         ; out0             ;
; |PD|IO~6                                                         ; |PD|IO~6                                                         ; out0             ;
; |PD|IO~7                                                         ; |PD|IO~7                                                         ; out0             ;
; |PD|IO~8                                                         ; |PD|IO~8                                                         ; out0             ;
; |PD|IO~9                                                         ; |PD|IO~9                                                         ; out0             ;
; |PD|IO~10                                                        ; |PD|IO~10                                                        ; out0             ;
; |PD|IO~11                                                        ; |PD|IO~11                                                        ; out0             ;
; |PD|IO~12                                                        ; |PD|IO~12                                                        ; out0             ;
; |PD|IO~13                                                        ; |PD|IO~13                                                        ; out0             ;
; |PD|IO~14                                                        ; |PD|IO~14                                                        ; out0             ;
; |PD|IO~15                                                        ; |PD|IO~15                                                        ; out0             ;
; |PD|IO~16                                                        ; |PD|IO~16                                                        ; out0             ;
; |PD|IO~17                                                        ; |PD|IO~17                                                        ; out0             ;
; |PD|IO~18                                                        ; |PD|IO~18                                                        ; out0             ;
; |PD|IO~19                                                        ; |PD|IO~19                                                        ; out0             ;
; |PD|IO~20                                                        ; |PD|IO~20                                                        ; out0             ;
; |PD|IO~21                                                        ; |PD|IO~21                                                        ; out0             ;
; |PD|IO~22                                                        ; |PD|IO~22                                                        ; out0             ;
; |PD|IO~23                                                        ; |PD|IO~23                                                        ; out0             ;
; |PD|IO~24                                                        ; |PD|IO~24                                                        ; out0             ;
; |PD|IO~25                                                        ; |PD|IO~25                                                        ; out0             ;
; |PD|ram:inst|4x32ram:inst7|4x4ram:inst8|inst17                   ; |PD|ram:inst|4x32ram:inst7|4x4ram:inst8|inst17                   ; out0             ;
; |PD|ram:inst|4x32ram:inst7|4x4ram:inst8|inst19                   ; |PD|ram:inst|4x32ram:inst7|4x4ram:inst8|inst19                   ; out              ;
; |PD|ram:inst|4x32ram:inst7|4x4ram:inst8|IN~3                     ; |PD|ram:inst|4x32ram:inst7|4x4ram:inst8|IN~3                     ; out0             ;
; |PD|ram:inst|4x32ram:inst7|4x4ram:inst8|memory_cell:inst3|inst3  ; |PD|ram:inst|4x32ram:inst7|4x4ram:inst8|memory_cell:inst3|inst3  ; out              ;
; |PD|ram:inst|4x32ram:inst7|4x4ram:inst8|memory_cell:inst3|inst   ; |PD|ram:inst|4x32ram:inst7|4x4ram:inst8|memory_cell:inst3|inst   ; regout           ;
; |PD|ram:inst|4x32ram:inst7|4x4ram:inst8|memory_cell:inst5|inst3  ; |PD|ram:inst|4x32ram:inst7|4x4ram:inst8|memory_cell:inst5|inst3  ; out              ;
; |PD|ram:inst|4x32ram:inst7|4x4ram:inst8|memory_cell:inst5|inst   ; |PD|ram:inst|4x32ram:inst7|4x4ram:inst8|memory_cell:inst5|inst   ; regout           ;
; |PD|ram:inst|4x32ram:inst7|4x4ram:inst8|memory_cell:inst7|inst3  ; |PD|ram:inst|4x32ram:inst7|4x4ram:inst8|memory_cell:inst7|inst3  ; out              ;
; |PD|ram:inst|4x32ram:inst7|4x4ram:inst8|memory_cell:inst7|inst   ; |PD|ram:inst|4x32ram:inst7|4x4ram:inst8|memory_cell:inst7|inst   ; regout           ;
; |PD|ram:inst|4x32ram:inst7|4x4ram:inst8|memory_cell:inst1|inst3  ; |PD|ram:inst|4x32ram:inst7|4x4ram:inst8|memory_cell:inst1|inst3  ; out              ;
; |PD|ram:inst|4x32ram:inst7|4x4ram:inst8|memory_cell:inst1|inst   ; |PD|ram:inst|4x32ram:inst7|4x4ram:inst8|memory_cell:inst1|inst   ; regout           ;
; |PD|ram:inst|4x32ram:inst7|4x4ram:inst8|memory_cell:inst16|inst3 ; |PD|ram:inst|4x32ram:inst7|4x4ram:inst8|memory_cell:inst16|inst3 ; out              ;
; |PD|ram:inst|4x32ram:inst7|4x4ram:inst8|memory_cell:inst16|inst  ; |PD|ram:inst|4x32ram:inst7|4x4ram:inst8|memory_cell:inst16|inst  ; regout           ;
; |PD|ram:inst|4x32ram:inst7|4x4ram:inst8|memory_cell:inst12|inst3 ; |PD|ram:inst|4x32ram:inst7|4x4ram:inst8|memory_cell:inst12|inst3 ; out              ;
; |PD|ram:inst|4x32ram:inst7|4x4ram:inst8|memory_cell:inst12|inst  ; |PD|ram:inst|4x32ram:inst7|4x4ram:inst8|memory_cell:inst12|inst  ; regout           ;
; |PD|ram:inst|4x32ram:inst7|4x4ram:inst8|memory_cell:inst10|inst3 ; |PD|ram:inst|4x32ram:inst7|4x4ram:inst8|memory_cell:inst10|inst3 ; out              ;
; |PD|ram:inst|4x32ram:inst7|4x4ram:inst8|memory_cell:inst10|inst  ; |PD|ram:inst|4x32ram:inst7|4x4ram:inst8|memory_cell:inst10|inst  ; regout           ;
; |PD|ram:inst|4x32ram:inst7|4x4ram:inst8|memory_cell:inst15|inst3 ; |PD|ram:inst|4x32ram:inst7|4x4ram:inst8|memory_cell:inst15|inst3 ; out              ;
; |PD|ram:inst|4x32ram:inst7|4x4ram:inst8|memory_cell:inst15|inst  ; |PD|ram:inst|4x32ram:inst7|4x4ram:inst8|memory_cell:inst15|inst  ; regout           ;
; |PD|ram:inst|4x32ram:inst7|4x4ram:inst8|memory_cell:inst9|inst3  ; |PD|ram:inst|4x32ram:inst7|4x4ram:inst8|memory_cell:inst9|inst3  ; out              ;
; |PD|ram:inst|4x32ram:inst7|4x4ram:inst8|memory_cell:inst9|inst   ; |PD|ram:inst|4x32ram:inst7|4x4ram:inst8|memory_cell:inst9|inst   ; regout           ;
; |PD|ram:inst|4x32ram:inst7|4x4ram:inst8|memory_cell:inst6|inst3  ; |PD|ram:inst|4x32ram:inst7|4x4ram:inst8|memory_cell:inst6|inst3  ; out              ;
; |PD|ram:inst|4x32ram:inst7|4x4ram:inst8|memory_cell:inst6|inst   ; |PD|ram:inst|4x32ram:inst7|4x4ram:inst8|memory_cell:inst6|inst   ; regout           ;
; |PD|ram:inst|4x32ram:inst7|4x4ram:inst8|memory_cell:inst4|inst3  ; |PD|ram:inst|4x32ram:inst7|4x4ram:inst8|memory_cell:inst4|inst3  ; out              ;
; |PD|ram:inst|4x32ram:inst7|4x4ram:inst8|memory_cell:inst4|inst   ; |PD|ram:inst|4x32ram:inst7|4x4ram:inst8|memory_cell:inst4|inst   ; regout           ;
; |PD|ram:inst|4x32ram:inst7|4x4ram:inst8|memory_cell:inst2|inst3  ; |PD|ram:inst|4x32ram:inst7|4x4ram:inst8|memory_cell:inst2|inst3  ; out              ;
; |PD|ram:inst|4x32ram:inst7|4x4ram:inst8|memory_cell:inst2|inst   ; |PD|ram:inst|4x32ram:inst7|4x4ram:inst8|memory_cell:inst2|inst   ; regout           ;
; |PD|ram:inst|4x32ram:inst7|4x4ram:inst7|inst20                   ; |PD|ram:inst|4x32ram:inst7|4x4ram:inst7|inst20                   ; out              ;
; |PD|ram:inst|4x32ram:inst7|4x4ram:inst7|IN~0                     ; |PD|ram:inst|4x32ram:inst7|4x4ram:inst7|IN~0                     ; out0             ;
; |PD|ram:inst|4x32ram:inst7|4x4ram:inst7|inst17                   ; |PD|ram:inst|4x32ram:inst7|4x4ram:inst7|inst17                   ; out0             ;
; |PD|ram:inst|4x32ram:inst7|4x4ram:inst7|inst21                   ; |PD|ram:inst|4x32ram:inst7|4x4ram:inst7|inst21                   ; out              ;
; |PD|ram:inst|4x32ram:inst7|4x4ram:inst7|IN~1                     ; |PD|ram:inst|4x32ram:inst7|4x4ram:inst7|IN~1                     ; out0             ;
; |PD|ram:inst|4x32ram:inst7|4x4ram:inst7|inst22                   ; |PD|ram:inst|4x32ram:inst7|4x4ram:inst7|inst22                   ; out              ;
; |PD|ram:inst|4x32ram:inst7|4x4ram:inst7|IN~2                     ; |PD|ram:inst|4x32ram:inst7|4x4ram:inst7|IN~2                     ; out0             ;
; |PD|ram:inst|4x32ram:inst7|4x4ram:inst7|inst19                   ; |PD|ram:inst|4x32ram:inst7|4x4ram:inst7|inst19                   ; out              ;
; |PD|ram:inst|4x32ram:inst7|4x4ram:inst7|IN~3                     ; |PD|ram:inst|4x32ram:inst7|4x4ram:inst7|IN~3                     ; out0             ;
; |PD|ram:inst|4x32ram:inst7|4x4ram:inst7|memory_cell:inst3|inst3  ; |PD|ram:inst|4x32ram:inst7|4x4ram:inst7|memory_cell:inst3|inst3  ; out              ;
; |PD|ram:inst|4x32ram:inst7|4x4ram:inst7|memory_cell:inst3|inst   ; |PD|ram:inst|4x32ram:inst7|4x4ram:inst7|memory_cell:inst3|inst   ; regout           ;
; |PD|ram:inst|4x32ram:inst7|4x4ram:inst7|memory_cell:inst5|inst3  ; |PD|ram:inst|4x32ram:inst7|4x4ram:inst7|memory_cell:inst5|inst3  ; out              ;
; |PD|ram:inst|4x32ram:inst7|4x4ram:inst7|memory_cell:inst5|inst   ; |PD|ram:inst|4x32ram:inst7|4x4ram:inst7|memory_cell:inst5|inst   ; regout           ;
; |PD|ram:inst|4x32ram:inst7|4x4ram:inst7|memory_cell:inst7|inst3  ; |PD|ram:inst|4x32ram:inst7|4x4ram:inst7|memory_cell:inst7|inst3  ; out              ;
; |PD|ram:inst|4x32ram:inst7|4x4ram:inst7|memory_cell:inst7|inst   ; |PD|ram:inst|4x32ram:inst7|4x4ram:inst7|memory_cell:inst7|inst   ; regout           ;
; |PD|ram:inst|4x32ram:inst7|4x4ram:inst7|memory_cell:inst1|inst3  ; |PD|ram:inst|4x32ram:inst7|4x4ram:inst7|memory_cell:inst1|inst3  ; out              ;
; |PD|ram:inst|4x32ram:inst7|4x4ram:inst7|memory_cell:inst1|inst   ; |PD|ram:inst|4x32ram:inst7|4x4ram:inst7|memory_cell:inst1|inst   ; regout           ;
; |PD|ram:inst|4x32ram:inst7|4x4ram:inst7|memory_cell:inst16|inst3 ; |PD|ram:inst|4x32ram:inst7|4x4ram:inst7|memory_cell:inst16|inst3 ; out              ;
; |PD|ram:inst|4x32ram:inst7|4x4ram:inst7|memory_cell:inst16|inst  ; |PD|ram:inst|4x32ram:inst7|4x4ram:inst7|memory_cell:inst16|inst  ; regout           ;
; |PD|ram:inst|4x32ram:inst7|4x4ram:inst7|memory_cell:inst14|inst3 ; |PD|ram:inst|4x32ram:inst7|4x4ram:inst7|memory_cell:inst14|inst3 ; out              ;
; |PD|ram:inst|4x32ram:inst7|4x4ram:inst7|memory_cell:inst14|inst  ; |PD|ram:inst|4x32ram:inst7|4x4ram:inst7|memory_cell:inst14|inst  ; regout           ;
; |PD|ram:inst|4x32ram:inst7|4x4ram:inst7|memory_cell:inst12|inst3 ; |PD|ram:inst|4x32ram:inst7|4x4ram:inst7|memory_cell:inst12|inst3 ; out              ;
; |PD|ram:inst|4x32ram:inst7|4x4ram:inst7|memory_cell:inst12|inst  ; |PD|ram:inst|4x32ram:inst7|4x4ram:inst7|memory_cell:inst12|inst  ; regout           ;
; |PD|ram:inst|4x32ram:inst7|4x4ram:inst7|memory_cell:inst10|inst3 ; |PD|ram:inst|4x32ram:inst7|4x4ram:inst7|memory_cell:inst10|inst3 ; out              ;
; |PD|ram:inst|4x32ram:inst7|4x4ram:inst7|memory_cell:inst10|inst  ; |PD|ram:inst|4x32ram:inst7|4x4ram:inst7|memory_cell:inst10|inst  ; regout           ;
; |PD|ram:inst|4x32ram:inst7|4x4ram:inst7|memory_cell:inst15|inst3 ; |PD|ram:inst|4x32ram:inst7|4x4ram:inst7|memory_cell:inst15|inst3 ; out              ;
; |PD|ram:inst|4x32ram:inst7|4x4ram:inst7|memory_cell:inst15|inst  ; |PD|ram:inst|4x32ram:inst7|4x4ram:inst7|memory_cell:inst15|inst  ; regout           ;
; |PD|ram:inst|4x32ram:inst7|4x4ram:inst7|memory_cell:inst13|inst3 ; |PD|ram:inst|4x32ram:inst7|4x4ram:inst7|memory_cell:inst13|inst3 ; out              ;
; |PD|ram:inst|4x32ram:inst7|4x4ram:inst7|memory_cell:inst13|inst  ; |PD|ram:inst|4x32ram:inst7|4x4ram:inst7|memory_cell:inst13|inst  ; regout           ;
; |PD|ram:inst|4x32ram:inst7|4x4ram:inst7|memory_cell:inst11|inst3 ; |PD|ram:inst|4x32ram:inst7|4x4ram:inst7|memory_cell:inst11|inst3 ; out              ;
; |PD|ram:inst|4x32ram:inst7|4x4ram:inst7|memory_cell:inst11|inst  ; |PD|ram:inst|4x32ram:inst7|4x4ram:inst7|memory_cell:inst11|inst  ; regout           ;
; |PD|ram:inst|4x32ram:inst7|4x4ram:inst7|memory_cell:inst9|inst3  ; |PD|ram:inst|4x32ram:inst7|4x4ram:inst7|memory_cell:inst9|inst3  ; out              ;
; |PD|ram:inst|4x32ram:inst7|4x4ram:inst7|memory_cell:inst9|inst   ; |PD|ram:inst|4x32ram:inst7|4x4ram:inst7|memory_cell:inst9|inst   ; regout           ;
; |PD|ram:inst|4x32ram:inst7|4x4ram:inst7|memory_cell:inst8|inst3  ; |PD|ram:inst|4x32ram:inst7|4x4ram:inst7|memory_cell:inst8|inst3  ; out              ;
; |PD|ram:inst|4x32ram:inst7|4x4ram:inst7|memory_cell:inst8|inst   ; |PD|ram:inst|4x32ram:inst7|4x4ram:inst7|memory_cell:inst8|inst   ; regout           ;
; |PD|ram:inst|4x32ram:inst7|4x4ram:inst7|memory_cell:inst6|inst3  ; |PD|ram:inst|4x32ram:inst7|4x4ram:inst7|memory_cell:inst6|inst3  ; out              ;
; |PD|ram:inst|4x32ram:inst7|4x4ram:inst7|memory_cell:inst6|inst   ; |PD|ram:inst|4x32ram:inst7|4x4ram:inst7|memory_cell:inst6|inst   ; regout           ;
; |PD|ram:inst|4x32ram:inst7|4x4ram:inst7|memory_cell:inst4|inst3  ; |PD|ram:inst|4x32ram:inst7|4x4ram:inst7|memory_cell:inst4|inst3  ; out              ;
; |PD|ram:inst|4x32ram:inst7|4x4ram:inst7|memory_cell:inst4|inst   ; |PD|ram:inst|4x32ram:inst7|4x4ram:inst7|memory_cell:inst4|inst   ; regout           ;
; |PD|ram:inst|4x32ram:inst7|4x4ram:inst7|memory_cell:inst2|inst3  ; |PD|ram:inst|4x32ram:inst7|4x4ram:inst7|memory_cell:inst2|inst3  ; out              ;
; |PD|ram:inst|4x32ram:inst7|4x4ram:inst7|memory_cell:inst2|inst   ; |PD|ram:inst|4x32ram:inst7|4x4ram:inst7|memory_cell:inst2|inst   ; regout           ;
; |PD|ram:inst|4x32ram:inst7|4x4ram:inst6|inst20                   ; |PD|ram:inst|4x32ram:inst7|4x4ram:inst6|inst20                   ; out              ;
; |PD|ram:inst|4x32ram:inst7|4x4ram:inst6|IN~0                     ; |PD|ram:inst|4x32ram:inst7|4x4ram:inst6|IN~0                     ; out0             ;
; |PD|ram:inst|4x32ram:inst7|4x4ram:inst6|inst17                   ; |PD|ram:inst|4x32ram:inst7|4x4ram:inst6|inst17                   ; out0             ;
; |PD|ram:inst|4x32ram:inst7|4x4ram:inst6|inst21                   ; |PD|ram:inst|4x32ram:inst7|4x4ram:inst6|inst21                   ; out              ;
; |PD|ram:inst|4x32ram:inst7|4x4ram:inst6|IN~1                     ; |PD|ram:inst|4x32ram:inst7|4x4ram:inst6|IN~1                     ; out0             ;
; |PD|ram:inst|4x32ram:inst7|4x4ram:inst6|inst22                   ; |PD|ram:inst|4x32ram:inst7|4x4ram:inst6|inst22                   ; out              ;
; |PD|ram:inst|4x32ram:inst7|4x4ram:inst6|IN~2                     ; |PD|ram:inst|4x32ram:inst7|4x4ram:inst6|IN~2                     ; out0             ;
; |PD|ram:inst|4x32ram:inst7|4x4ram:inst6|inst19                   ; |PD|ram:inst|4x32ram:inst7|4x4ram:inst6|inst19                   ; out              ;
; |PD|ram:inst|4x32ram:inst7|4x4ram:inst6|IN~3                     ; |PD|ram:inst|4x32ram:inst7|4x4ram:inst6|IN~3                     ; out0             ;
; |PD|ram:inst|4x32ram:inst7|4x4ram:inst6|memory_cell:inst3|inst3  ; |PD|ram:inst|4x32ram:inst7|4x4ram:inst6|memory_cell:inst3|inst3  ; out              ;
; |PD|ram:inst|4x32ram:inst7|4x4ram:inst6|memory_cell:inst3|inst   ; |PD|ram:inst|4x32ram:inst7|4x4ram:inst6|memory_cell:inst3|inst   ; regout           ;
; |PD|ram:inst|4x32ram:inst7|4x4ram:inst6|memory_cell:inst5|inst3  ; |PD|ram:inst|4x32ram:inst7|4x4ram:inst6|memory_cell:inst5|inst3  ; out              ;
; |PD|ram:inst|4x32ram:inst7|4x4ram:inst6|memory_cell:inst5|inst   ; |PD|ram:inst|4x32ram:inst7|4x4ram:inst6|memory_cell:inst5|inst   ; regout           ;
; |PD|ram:inst|4x32ram:inst7|4x4ram:inst6|memory_cell:inst7|inst3  ; |PD|ram:inst|4x32ram:inst7|4x4ram:inst6|memory_cell:inst7|inst3  ; out              ;
; |PD|ram:inst|4x32ram:inst7|4x4ram:inst6|memory_cell:inst7|inst   ; |PD|ram:inst|4x32ram:inst7|4x4ram:inst6|memory_cell:inst7|inst   ; regout           ;
; |PD|ram:inst|4x32ram:inst7|4x4ram:inst6|memory_cell:inst1|inst3  ; |PD|ram:inst|4x32ram:inst7|4x4ram:inst6|memory_cell:inst1|inst3  ; out              ;
; |PD|ram:inst|4x32ram:inst7|4x4ram:inst6|memory_cell:inst1|inst   ; |PD|ram:inst|4x32ram:inst7|4x4ram:inst6|memory_cell:inst1|inst   ; regout           ;
; |PD|ram:inst|4x32ram:inst7|4x4ram:inst6|memory_cell:inst16|inst3 ; |PD|ram:inst|4x32ram:inst7|4x4ram:inst6|memory_cell:inst16|inst3 ; out              ;
; |PD|ram:inst|4x32ram:inst7|4x4ram:inst6|memory_cell:inst16|inst  ; |PD|ram:inst|4x32ram:inst7|4x4ram:inst6|memory_cell:inst16|inst  ; regout           ;
; |PD|ram:inst|4x32ram:inst7|4x4ram:inst6|memory_cell:inst14|inst3 ; |PD|ram:inst|4x32ram:inst7|4x4ram:inst6|memory_cell:inst14|inst3 ; out              ;
; |PD|ram:inst|4x32ram:inst7|4x4ram:inst6|memory_cell:inst14|inst  ; |PD|ram:inst|4x32ram:inst7|4x4ram:inst6|memory_cell:inst14|inst  ; regout           ;
; |PD|ram:inst|4x32ram:inst7|4x4ram:inst6|memory_cell:inst12|inst3 ; |PD|ram:inst|4x32ram:inst7|4x4ram:inst6|memory_cell:inst12|inst3 ; out              ;
; |PD|ram:inst|4x32ram:inst7|4x4ram:inst6|memory_cell:inst12|inst  ; |PD|ram:inst|4x32ram:inst7|4x4ram:inst6|memory_cell:inst12|inst  ; regout           ;
; |PD|ram:inst|4x32ram:inst7|4x4ram:inst6|memory_cell:inst10|inst3 ; |PD|ram:inst|4x32ram:inst7|4x4ram:inst6|memory_cell:inst10|inst3 ; out              ;
; |PD|ram:inst|4x32ram:inst7|4x4ram:inst6|memory_cell:inst10|inst  ; |PD|ram:inst|4x32ram:inst7|4x4ram:inst6|memory_cell:inst10|inst  ; regout           ;
; |PD|ram:inst|4x32ram:inst7|4x4ram:inst6|memory_cell:inst15|inst3 ; |PD|ram:inst|4x32ram:inst7|4x4ram:inst6|memory_cell:inst15|inst3 ; out              ;
; |PD|ram:inst|4x32ram:inst7|4x4ram:inst6|memory_cell:inst15|inst  ; |PD|ram:inst|4x32ram:inst7|4x4ram:inst6|memory_cell:inst15|inst  ; regout           ;
; |PD|ram:inst|4x32ram:inst7|4x4ram:inst6|memory_cell:inst13|inst3 ; |PD|ram:inst|4x32ram:inst7|4x4ram:inst6|memory_cell:inst13|inst3 ; out              ;
; |PD|ram:inst|4x32ram:inst7|4x4ram:inst6|memory_cell:inst13|inst  ; |PD|ram:inst|4x32ram:inst7|4x4ram:inst6|memory_cell:inst13|inst  ; regout           ;
; |PD|ram:inst|4x32ram:inst7|4x4ram:inst6|memory_cell:inst11|inst3 ; |PD|ram:inst|4x32ram:inst7|4x4ram:inst6|memory_cell:inst11|inst3 ; out              ;
; |PD|ram:inst|4x32ram:inst7|4x4ram:inst6|memory_cell:inst11|inst  ; |PD|ram:inst|4x32ram:inst7|4x4ram:inst6|memory_cell:inst11|inst  ; regout           ;
; |PD|ram:inst|4x32ram:inst7|4x4ram:inst6|memory_cell:inst9|inst3  ; |PD|ram:inst|4x32ram:inst7|4x4ram:inst6|memory_cell:inst9|inst3  ; out              ;
; |PD|ram:inst|4x32ram:inst7|4x4ram:inst6|memory_cell:inst9|inst   ; |PD|ram:inst|4x32ram:inst7|4x4ram:inst6|memory_cell:inst9|inst   ; regout           ;
; |PD|ram:inst|4x32ram:inst7|4x4ram:inst6|memory_cell:inst8|inst3  ; |PD|ram:inst|4x32ram:inst7|4x4ram:inst6|memory_cell:inst8|inst3  ; out              ;
; |PD|ram:inst|4x32ram:inst7|4x4ram:inst6|memory_cell:inst8|inst   ; |PD|ram:inst|4x32ram:inst7|4x4ram:inst6|memory_cell:inst8|inst   ; regout           ;
; |PD|ram:inst|4x32ram:inst7|4x4ram:inst6|memory_cell:inst6|inst3  ; |PD|ram:inst|4x32ram:inst7|4x4ram:inst6|memory_cell:inst6|inst3  ; out              ;
; |PD|ram:inst|4x32ram:inst7|4x4ram:inst6|memory_cell:inst6|inst   ; |PD|ram:inst|4x32ram:inst7|4x4ram:inst6|memory_cell:inst6|inst   ; regout           ;
; |PD|ram:inst|4x32ram:inst7|4x4ram:inst6|memory_cell:inst4|inst3  ; |PD|ram:inst|4x32ram:inst7|4x4ram:inst6|memory_cell:inst4|inst3  ; out              ;
; |PD|ram:inst|4x32ram:inst7|4x4ram:inst6|memory_cell:inst4|inst   ; |PD|ram:inst|4x32ram:inst7|4x4ram:inst6|memory_cell:inst4|inst   ; regout           ;
; |PD|ram:inst|4x32ram:inst7|4x4ram:inst6|memory_cell:inst2|inst3  ; |PD|ram:inst|4x32ram:inst7|4x4ram:inst6|memory_cell:inst2|inst3  ; out              ;
; |PD|ram:inst|4x32ram:inst7|4x4ram:inst6|memory_cell:inst2|inst   ; |PD|ram:inst|4x32ram:inst7|4x4ram:inst6|memory_cell:inst2|inst   ; regout           ;
; |PD|ram:inst|4x32ram:inst7|4x4ram:inst5|inst20                   ; |PD|ram:inst|4x32ram:inst7|4x4ram:inst5|inst20                   ; out              ;
; |PD|ram:inst|4x32ram:inst7|4x4ram:inst5|IN~0                     ; |PD|ram:inst|4x32ram:inst7|4x4ram:inst5|IN~0                     ; out0             ;
; |PD|ram:inst|4x32ram:inst7|4x4ram:inst5|inst17                   ; |PD|ram:inst|4x32ram:inst7|4x4ram:inst5|inst17                   ; out0             ;
; |PD|ram:inst|4x32ram:inst7|4x4ram:inst5|inst21                   ; |PD|ram:inst|4x32ram:inst7|4x4ram:inst5|inst21                   ; out              ;
; |PD|ram:inst|4x32ram:inst7|4x4ram:inst5|IN~1                     ; |PD|ram:inst|4x32ram:inst7|4x4ram:inst5|IN~1                     ; out0             ;
; |PD|ram:inst|4x32ram:inst7|4x4ram:inst5|inst22                   ; |PD|ram:inst|4x32ram:inst7|4x4ram:inst5|inst22                   ; out              ;
; |PD|ram:inst|4x32ram:inst7|4x4ram:inst5|IN~2                     ; |PD|ram:inst|4x32ram:inst7|4x4ram:inst5|IN~2                     ; out0             ;
; |PD|ram:inst|4x32ram:inst7|4x4ram:inst5|inst19                   ; |PD|ram:inst|4x32ram:inst7|4x4ram:inst5|inst19                   ; out              ;
; |PD|ram:inst|4x32ram:inst7|4x4ram:inst5|IN~3                     ; |PD|ram:inst|4x32ram:inst7|4x4ram:inst5|IN~3                     ; out0             ;
; |PD|ram:inst|4x32ram:inst7|4x4ram:inst5|memory_cell:inst3|inst3  ; |PD|ram:inst|4x32ram:inst7|4x4ram:inst5|memory_cell:inst3|inst3  ; out              ;
; |PD|ram:inst|4x32ram:inst7|4x4ram:inst5|memory_cell:inst3|inst   ; |PD|ram:inst|4x32ram:inst7|4x4ram:inst5|memory_cell:inst3|inst   ; regout           ;
; |PD|ram:inst|4x32ram:inst7|4x4ram:inst5|memory_cell:inst5|inst3  ; |PD|ram:inst|4x32ram:inst7|4x4ram:inst5|memory_cell:inst5|inst3  ; out              ;
; |PD|ram:inst|4x32ram:inst7|4x4ram:inst5|memory_cell:inst5|inst   ; |PD|ram:inst|4x32ram:inst7|4x4ram:inst5|memory_cell:inst5|inst   ; regout           ;
; |PD|ram:inst|4x32ram:inst7|4x4ram:inst5|memory_cell:inst7|inst3  ; |PD|ram:inst|4x32ram:inst7|4x4ram:inst5|memory_cell:inst7|inst3  ; out              ;
; |PD|ram:inst|4x32ram:inst7|4x4ram:inst5|memory_cell:inst7|inst   ; |PD|ram:inst|4x32ram:inst7|4x4ram:inst5|memory_cell:inst7|inst   ; regout           ;
; |PD|ram:inst|4x32ram:inst7|4x4ram:inst5|memory_cell:inst1|inst3  ; |PD|ram:inst|4x32ram:inst7|4x4ram:inst5|memory_cell:inst1|inst3  ; out              ;
; |PD|ram:inst|4x32ram:inst7|4x4ram:inst5|memory_cell:inst1|inst   ; |PD|ram:inst|4x32ram:inst7|4x4ram:inst5|memory_cell:inst1|inst   ; regout           ;
; |PD|ram:inst|4x32ram:inst7|4x4ram:inst5|memory_cell:inst16|inst3 ; |PD|ram:inst|4x32ram:inst7|4x4ram:inst5|memory_cell:inst16|inst3 ; out              ;
; |PD|ram:inst|4x32ram:inst7|4x4ram:inst5|memory_cell:inst16|inst  ; |PD|ram:inst|4x32ram:inst7|4x4ram:inst5|memory_cell:inst16|inst  ; regout           ;
; |PD|ram:inst|4x32ram:inst7|4x4ram:inst5|memory_cell:inst14|inst3 ; |PD|ram:inst|4x32ram:inst7|4x4ram:inst5|memory_cell:inst14|inst3 ; out              ;
; |PD|ram:inst|4x32ram:inst7|4x4ram:inst5|memory_cell:inst14|inst  ; |PD|ram:inst|4x32ram:inst7|4x4ram:inst5|memory_cell:inst14|inst  ; regout           ;
; |PD|ram:inst|4x32ram:inst7|4x4ram:inst5|memory_cell:inst12|inst3 ; |PD|ram:inst|4x32ram:inst7|4x4ram:inst5|memory_cell:inst12|inst3 ; out              ;
; |PD|ram:inst|4x32ram:inst7|4x4ram:inst5|memory_cell:inst12|inst  ; |PD|ram:inst|4x32ram:inst7|4x4ram:inst5|memory_cell:inst12|inst  ; regout           ;
; |PD|ram:inst|4x32ram:inst7|4x4ram:inst5|memory_cell:inst10|inst3 ; |PD|ram:inst|4x32ram:inst7|4x4ram:inst5|memory_cell:inst10|inst3 ; out              ;
; |PD|ram:inst|4x32ram:inst7|4x4ram:inst5|memory_cell:inst10|inst  ; |PD|ram:inst|4x32ram:inst7|4x4ram:inst5|memory_cell:inst10|inst  ; regout           ;
; |PD|ram:inst|4x32ram:inst7|4x4ram:inst5|memory_cell:inst15|inst3 ; |PD|ram:inst|4x32ram:inst7|4x4ram:inst5|memory_cell:inst15|inst3 ; out              ;
; |PD|ram:inst|4x32ram:inst7|4x4ram:inst5|memory_cell:inst15|inst  ; |PD|ram:inst|4x32ram:inst7|4x4ram:inst5|memory_cell:inst15|inst  ; regout           ;
; |PD|ram:inst|4x32ram:inst7|4x4ram:inst5|memory_cell:inst13|inst3 ; |PD|ram:inst|4x32ram:inst7|4x4ram:inst5|memory_cell:inst13|inst3 ; out              ;
; |PD|ram:inst|4x32ram:inst7|4x4ram:inst5|memory_cell:inst13|inst  ; |PD|ram:inst|4x32ram:inst7|4x4ram:inst5|memory_cell:inst13|inst  ; regout           ;
; |PD|ram:inst|4x32ram:inst7|4x4ram:inst5|memory_cell:inst11|inst3 ; |PD|ram:inst|4x32ram:inst7|4x4ram:inst5|memory_cell:inst11|inst3 ; out              ;
; |PD|ram:inst|4x32ram:inst7|4x4ram:inst5|memory_cell:inst11|inst  ; |PD|ram:inst|4x32ram:inst7|4x4ram:inst5|memory_cell:inst11|inst  ; regout           ;
; |PD|ram:inst|4x32ram:inst7|4x4ram:inst5|memory_cell:inst9|inst3  ; |PD|ram:inst|4x32ram:inst7|4x4ram:inst5|memory_cell:inst9|inst3  ; out              ;
; |PD|ram:inst|4x32ram:inst7|4x4ram:inst5|memory_cell:inst9|inst   ; |PD|ram:inst|4x32ram:inst7|4x4ram:inst5|memory_cell:inst9|inst   ; regout           ;
; |PD|ram:inst|4x32ram:inst7|4x4ram:inst5|memory_cell:inst8|inst3  ; |PD|ram:inst|4x32ram:inst7|4x4ram:inst5|memory_cell:inst8|inst3  ; out              ;
; |PD|ram:inst|4x32ram:inst7|4x4ram:inst5|memory_cell:inst8|inst   ; |PD|ram:inst|4x32ram:inst7|4x4ram:inst5|memory_cell:inst8|inst   ; regout           ;
; |PD|ram:inst|4x32ram:inst7|4x4ram:inst5|memory_cell:inst6|inst3  ; |PD|ram:inst|4x32ram:inst7|4x4ram:inst5|memory_cell:inst6|inst3  ; out              ;
; |PD|ram:inst|4x32ram:inst7|4x4ram:inst5|memory_cell:inst6|inst   ; |PD|ram:inst|4x32ram:inst7|4x4ram:inst5|memory_cell:inst6|inst   ; regout           ;
; |PD|ram:inst|4x32ram:inst7|4x4ram:inst5|memory_cell:inst4|inst3  ; |PD|ram:inst|4x32ram:inst7|4x4ram:inst5|memory_cell:inst4|inst3  ; out              ;
; |PD|ram:inst|4x32ram:inst7|4x4ram:inst5|memory_cell:inst4|inst   ; |PD|ram:inst|4x32ram:inst7|4x4ram:inst5|memory_cell:inst4|inst   ; regout           ;
; |PD|ram:inst|4x32ram:inst7|4x4ram:inst5|memory_cell:inst2|inst3  ; |PD|ram:inst|4x32ram:inst7|4x4ram:inst5|memory_cell:inst2|inst3  ; out              ;
; |PD|ram:inst|4x32ram:inst7|4x4ram:inst5|memory_cell:inst2|inst   ; |PD|ram:inst|4x32ram:inst7|4x4ram:inst5|memory_cell:inst2|inst   ; regout           ;
; |PD|ram:inst|4x32ram:inst7|4x4ram:inst4|inst20                   ; |PD|ram:inst|4x32ram:inst7|4x4ram:inst4|inst20                   ; out              ;
; |PD|ram:inst|4x32ram:inst7|4x4ram:inst4|IN~0                     ; |PD|ram:inst|4x32ram:inst7|4x4ram:inst4|IN~0                     ; out0             ;
; |PD|ram:inst|4x32ram:inst7|4x4ram:inst4|inst17                   ; |PD|ram:inst|4x32ram:inst7|4x4ram:inst4|inst17                   ; out0             ;
; |PD|ram:inst|4x32ram:inst7|4x4ram:inst4|inst21                   ; |PD|ram:inst|4x32ram:inst7|4x4ram:inst4|inst21                   ; out              ;
; |PD|ram:inst|4x32ram:inst7|4x4ram:inst4|IN~1                     ; |PD|ram:inst|4x32ram:inst7|4x4ram:inst4|IN~1                     ; out0             ;
; |PD|ram:inst|4x32ram:inst7|4x4ram:inst4|inst22                   ; |PD|ram:inst|4x32ram:inst7|4x4ram:inst4|inst22                   ; out              ;
; |PD|ram:inst|4x32ram:inst7|4x4ram:inst4|IN~2                     ; |PD|ram:inst|4x32ram:inst7|4x4ram:inst4|IN~2                     ; out0             ;
; |PD|ram:inst|4x32ram:inst7|4x4ram:inst4|inst19                   ; |PD|ram:inst|4x32ram:inst7|4x4ram:inst4|inst19                   ; out              ;
; |PD|ram:inst|4x32ram:inst7|4x4ram:inst4|IN~3                     ; |PD|ram:inst|4x32ram:inst7|4x4ram:inst4|IN~3                     ; out0             ;
; |PD|ram:inst|4x32ram:inst7|4x4ram:inst4|memory_cell:inst3|inst3  ; |PD|ram:inst|4x32ram:inst7|4x4ram:inst4|memory_cell:inst3|inst3  ; out              ;
; |PD|ram:inst|4x32ram:inst7|4x4ram:inst4|memory_cell:inst3|inst   ; |PD|ram:inst|4x32ram:inst7|4x4ram:inst4|memory_cell:inst3|inst   ; regout           ;
; |PD|ram:inst|4x32ram:inst7|4x4ram:inst4|memory_cell:inst5|inst3  ; |PD|ram:inst|4x32ram:inst7|4x4ram:inst4|memory_cell:inst5|inst3  ; out              ;
; |PD|ram:inst|4x32ram:inst7|4x4ram:inst4|memory_cell:inst5|inst   ; |PD|ram:inst|4x32ram:inst7|4x4ram:inst4|memory_cell:inst5|inst   ; regout           ;
; |PD|ram:inst|4x32ram:inst7|4x4ram:inst4|memory_cell:inst7|inst3  ; |PD|ram:inst|4x32ram:inst7|4x4ram:inst4|memory_cell:inst7|inst3  ; out              ;
; |PD|ram:inst|4x32ram:inst7|4x4ram:inst4|memory_cell:inst7|inst   ; |PD|ram:inst|4x32ram:inst7|4x4ram:inst4|memory_cell:inst7|inst   ; regout           ;
; |PD|ram:inst|4x32ram:inst7|4x4ram:inst4|memory_cell:inst1|inst3  ; |PD|ram:inst|4x32ram:inst7|4x4ram:inst4|memory_cell:inst1|inst3  ; out              ;
; |PD|ram:inst|4x32ram:inst7|4x4ram:inst4|memory_cell:inst1|inst   ; |PD|ram:inst|4x32ram:inst7|4x4ram:inst4|memory_cell:inst1|inst   ; regout           ;
; |PD|ram:inst|4x32ram:inst7|4x4ram:inst4|memory_cell:inst16|inst3 ; |PD|ram:inst|4x32ram:inst7|4x4ram:inst4|memory_cell:inst16|inst3 ; out              ;
; |PD|ram:inst|4x32ram:inst7|4x4ram:inst4|memory_cell:inst16|inst  ; |PD|ram:inst|4x32ram:inst7|4x4ram:inst4|memory_cell:inst16|inst  ; regout           ;
; |PD|ram:inst|4x32ram:inst7|4x4ram:inst4|memory_cell:inst14|inst3 ; |PD|ram:inst|4x32ram:inst7|4x4ram:inst4|memory_cell:inst14|inst3 ; out              ;
; |PD|ram:inst|4x32ram:inst7|4x4ram:inst4|memory_cell:inst14|inst  ; |PD|ram:inst|4x32ram:inst7|4x4ram:inst4|memory_cell:inst14|inst  ; regout           ;
; |PD|ram:inst|4x32ram:inst7|4x4ram:inst4|memory_cell:inst12|inst3 ; |PD|ram:inst|4x32ram:inst7|4x4ram:inst4|memory_cell:inst12|inst3 ; out              ;
; |PD|ram:inst|4x32ram:inst7|4x4ram:inst4|memory_cell:inst12|inst  ; |PD|ram:inst|4x32ram:inst7|4x4ram:inst4|memory_cell:inst12|inst  ; regout           ;
; |PD|ram:inst|4x32ram:inst7|4x4ram:inst4|memory_cell:inst10|inst3 ; |PD|ram:inst|4x32ram:inst7|4x4ram:inst4|memory_cell:inst10|inst3 ; out              ;
; |PD|ram:inst|4x32ram:inst7|4x4ram:inst4|memory_cell:inst10|inst  ; |PD|ram:inst|4x32ram:inst7|4x4ram:inst4|memory_cell:inst10|inst  ; regout           ;
; |PD|ram:inst|4x32ram:inst7|4x4ram:inst4|memory_cell:inst15|inst3 ; |PD|ram:inst|4x32ram:inst7|4x4ram:inst4|memory_cell:inst15|inst3 ; out              ;
; |PD|ram:inst|4x32ram:inst7|4x4ram:inst4|memory_cell:inst15|inst  ; |PD|ram:inst|4x32ram:inst7|4x4ram:inst4|memory_cell:inst15|inst  ; regout           ;
; |PD|ram:inst|4x32ram:inst7|4x4ram:inst4|memory_cell:inst13|inst3 ; |PD|ram:inst|4x32ram:inst7|4x4ram:inst4|memory_cell:inst13|inst3 ; out              ;
; |PD|ram:inst|4x32ram:inst7|4x4ram:inst4|memory_cell:inst13|inst  ; |PD|ram:inst|4x32ram:inst7|4x4ram:inst4|memory_cell:inst13|inst  ; regout           ;
; |PD|ram:inst|4x32ram:inst7|4x4ram:inst4|memory_cell:inst11|inst3 ; |PD|ram:inst|4x32ram:inst7|4x4ram:inst4|memory_cell:inst11|inst3 ; out              ;
; |PD|ram:inst|4x32ram:inst7|4x4ram:inst4|memory_cell:inst11|inst  ; |PD|ram:inst|4x32ram:inst7|4x4ram:inst4|memory_cell:inst11|inst  ; regout           ;
; |PD|ram:inst|4x32ram:inst7|4x4ram:inst4|memory_cell:inst9|inst3  ; |PD|ram:inst|4x32ram:inst7|4x4ram:inst4|memory_cell:inst9|inst3  ; out              ;
; |PD|ram:inst|4x32ram:inst7|4x4ram:inst4|memory_cell:inst9|inst   ; |PD|ram:inst|4x32ram:inst7|4x4ram:inst4|memory_cell:inst9|inst   ; regout           ;
; |PD|ram:inst|4x32ram:inst7|4x4ram:inst4|memory_cell:inst8|inst3  ; |PD|ram:inst|4x32ram:inst7|4x4ram:inst4|memory_cell:inst8|inst3  ; out              ;
; |PD|ram:inst|4x32ram:inst7|4x4ram:inst4|memory_cell:inst8|inst   ; |PD|ram:inst|4x32ram:inst7|4x4ram:inst4|memory_cell:inst8|inst   ; regout           ;
; |PD|ram:inst|4x32ram:inst7|4x4ram:inst4|memory_cell:inst6|inst3  ; |PD|ram:inst|4x32ram:inst7|4x4ram:inst4|memory_cell:inst6|inst3  ; out              ;
; |PD|ram:inst|4x32ram:inst7|4x4ram:inst4|memory_cell:inst6|inst   ; |PD|ram:inst|4x32ram:inst7|4x4ram:inst4|memory_cell:inst6|inst   ; regout           ;
; |PD|ram:inst|4x32ram:inst7|4x4ram:inst4|memory_cell:inst4|inst3  ; |PD|ram:inst|4x32ram:inst7|4x4ram:inst4|memory_cell:inst4|inst3  ; out              ;
; |PD|ram:inst|4x32ram:inst7|4x4ram:inst4|memory_cell:inst4|inst   ; |PD|ram:inst|4x32ram:inst7|4x4ram:inst4|memory_cell:inst4|inst   ; regout           ;
; |PD|ram:inst|4x32ram:inst7|4x4ram:inst4|memory_cell:inst2|inst3  ; |PD|ram:inst|4x32ram:inst7|4x4ram:inst4|memory_cell:inst2|inst3  ; out              ;
; |PD|ram:inst|4x32ram:inst7|4x4ram:inst4|memory_cell:inst2|inst   ; |PD|ram:inst|4x32ram:inst7|4x4ram:inst4|memory_cell:inst2|inst   ; regout           ;
; |PD|ram:inst|4x32ram:inst7|4x4ram:inst3|inst20                   ; |PD|ram:inst|4x32ram:inst7|4x4ram:inst3|inst20                   ; out              ;
; |PD|ram:inst|4x32ram:inst7|4x4ram:inst3|IN~0                     ; |PD|ram:inst|4x32ram:inst7|4x4ram:inst3|IN~0                     ; out0             ;
; |PD|ram:inst|4x32ram:inst7|4x4ram:inst3|inst17                   ; |PD|ram:inst|4x32ram:inst7|4x4ram:inst3|inst17                   ; out0             ;
; |PD|ram:inst|4x32ram:inst7|4x4ram:inst3|inst21                   ; |PD|ram:inst|4x32ram:inst7|4x4ram:inst3|inst21                   ; out              ;
; |PD|ram:inst|4x32ram:inst7|4x4ram:inst3|IN~1                     ; |PD|ram:inst|4x32ram:inst7|4x4ram:inst3|IN~1                     ; out0             ;
; |PD|ram:inst|4x32ram:inst7|4x4ram:inst3|inst22                   ; |PD|ram:inst|4x32ram:inst7|4x4ram:inst3|inst22                   ; out              ;
; |PD|ram:inst|4x32ram:inst7|4x4ram:inst3|IN~2                     ; |PD|ram:inst|4x32ram:inst7|4x4ram:inst3|IN~2                     ; out0             ;
; |PD|ram:inst|4x32ram:inst7|4x4ram:inst3|inst19                   ; |PD|ram:inst|4x32ram:inst7|4x4ram:inst3|inst19                   ; out              ;
; |PD|ram:inst|4x32ram:inst7|4x4ram:inst3|IN~3                     ; |PD|ram:inst|4x32ram:inst7|4x4ram:inst3|IN~3                     ; out0             ;
; |PD|ram:inst|4x32ram:inst7|4x4ram:inst3|memory_cell:inst3|inst3  ; |PD|ram:inst|4x32ram:inst7|4x4ram:inst3|memory_cell:inst3|inst3  ; out              ;
; |PD|ram:inst|4x32ram:inst7|4x4ram:inst3|memory_cell:inst3|inst   ; |PD|ram:inst|4x32ram:inst7|4x4ram:inst3|memory_cell:inst3|inst   ; regout           ;
; |PD|ram:inst|4x32ram:inst7|4x4ram:inst3|memory_cell:inst5|inst3  ; |PD|ram:inst|4x32ram:inst7|4x4ram:inst3|memory_cell:inst5|inst3  ; out              ;
; |PD|ram:inst|4x32ram:inst7|4x4ram:inst3|memory_cell:inst5|inst   ; |PD|ram:inst|4x32ram:inst7|4x4ram:inst3|memory_cell:inst5|inst   ; regout           ;
; |PD|ram:inst|4x32ram:inst7|4x4ram:inst3|memory_cell:inst7|inst3  ; |PD|ram:inst|4x32ram:inst7|4x4ram:inst3|memory_cell:inst7|inst3  ; out              ;
; |PD|ram:inst|4x32ram:inst7|4x4ram:inst3|memory_cell:inst7|inst   ; |PD|ram:inst|4x32ram:inst7|4x4ram:inst3|memory_cell:inst7|inst   ; regout           ;
; |PD|ram:inst|4x32ram:inst7|4x4ram:inst3|memory_cell:inst1|inst3  ; |PD|ram:inst|4x32ram:inst7|4x4ram:inst3|memory_cell:inst1|inst3  ; out              ;
; |PD|ram:inst|4x32ram:inst7|4x4ram:inst3|memory_cell:inst1|inst   ; |PD|ram:inst|4x32ram:inst7|4x4ram:inst3|memory_cell:inst1|inst   ; regout           ;
; |PD|ram:inst|4x32ram:inst7|4x4ram:inst3|memory_cell:inst16|inst3 ; |PD|ram:inst|4x32ram:inst7|4x4ram:inst3|memory_cell:inst16|inst3 ; out              ;
; |PD|ram:inst|4x32ram:inst7|4x4ram:inst3|memory_cell:inst16|inst  ; |PD|ram:inst|4x32ram:inst7|4x4ram:inst3|memory_cell:inst16|inst  ; regout           ;
; |PD|ram:inst|4x32ram:inst7|4x4ram:inst3|memory_cell:inst14|inst3 ; |PD|ram:inst|4x32ram:inst7|4x4ram:inst3|memory_cell:inst14|inst3 ; out              ;
; |PD|ram:inst|4x32ram:inst7|4x4ram:inst3|memory_cell:inst14|inst  ; |PD|ram:inst|4x32ram:inst7|4x4ram:inst3|memory_cell:inst14|inst  ; regout           ;
; |PD|ram:inst|4x32ram:inst7|4x4ram:inst3|memory_cell:inst12|inst3 ; |PD|ram:inst|4x32ram:inst7|4x4ram:inst3|memory_cell:inst12|inst3 ; out              ;
; |PD|ram:inst|4x32ram:inst7|4x4ram:inst3|memory_cell:inst12|inst  ; |PD|ram:inst|4x32ram:inst7|4x4ram:inst3|memory_cell:inst12|inst  ; regout           ;
; |PD|ram:inst|4x32ram:inst7|4x4ram:inst3|memory_cell:inst10|inst3 ; |PD|ram:inst|4x32ram:inst7|4x4ram:inst3|memory_cell:inst10|inst3 ; out              ;
; |PD|ram:inst|4x32ram:inst7|4x4ram:inst3|memory_cell:inst10|inst  ; |PD|ram:inst|4x32ram:inst7|4x4ram:inst3|memory_cell:inst10|inst  ; regout           ;
; |PD|ram:inst|4x32ram:inst7|4x4ram:inst3|memory_cell:inst15|inst3 ; |PD|ram:inst|4x32ram:inst7|4x4ram:inst3|memory_cell:inst15|inst3 ; out              ;
; |PD|ram:inst|4x32ram:inst7|4x4ram:inst3|memory_cell:inst15|inst  ; |PD|ram:inst|4x32ram:inst7|4x4ram:inst3|memory_cell:inst15|inst  ; regout           ;
; |PD|ram:inst|4x32ram:inst7|4x4ram:inst3|memory_cell:inst13|inst3 ; |PD|ram:inst|4x32ram:inst7|4x4ram:inst3|memory_cell:inst13|inst3 ; out              ;
; |PD|ram:inst|4x32ram:inst7|4x4ram:inst3|memory_cell:inst13|inst  ; |PD|ram:inst|4x32ram:inst7|4x4ram:inst3|memory_cell:inst13|inst  ; regout           ;
; |PD|ram:inst|4x32ram:inst7|4x4ram:inst3|memory_cell:inst11|inst3 ; |PD|ram:inst|4x32ram:inst7|4x4ram:inst3|memory_cell:inst11|inst3 ; out              ;
; |PD|ram:inst|4x32ram:inst7|4x4ram:inst3|memory_cell:inst11|inst  ; |PD|ram:inst|4x32ram:inst7|4x4ram:inst3|memory_cell:inst11|inst  ; regout           ;
; |PD|ram:inst|4x32ram:inst7|4x4ram:inst3|memory_cell:inst9|inst3  ; |PD|ram:inst|4x32ram:inst7|4x4ram:inst3|memory_cell:inst9|inst3  ; out              ;
; |PD|ram:inst|4x32ram:inst7|4x4ram:inst3|memory_cell:inst9|inst   ; |PD|ram:inst|4x32ram:inst7|4x4ram:inst3|memory_cell:inst9|inst   ; regout           ;
; |PD|ram:inst|4x32ram:inst7|4x4ram:inst3|memory_cell:inst8|inst3  ; |PD|ram:inst|4x32ram:inst7|4x4ram:inst3|memory_cell:inst8|inst3  ; out              ;
; |PD|ram:inst|4x32ram:inst7|4x4ram:inst3|memory_cell:inst8|inst   ; |PD|ram:inst|4x32ram:inst7|4x4ram:inst3|memory_cell:inst8|inst   ; regout           ;
; |PD|ram:inst|4x32ram:inst7|4x4ram:inst3|memory_cell:inst6|inst3  ; |PD|ram:inst|4x32ram:inst7|4x4ram:inst3|memory_cell:inst6|inst3  ; out              ;
; |PD|ram:inst|4x32ram:inst7|4x4ram:inst3|memory_cell:inst6|inst   ; |PD|ram:inst|4x32ram:inst7|4x4ram:inst3|memory_cell:inst6|inst   ; regout           ;
; |PD|ram:inst|4x32ram:inst7|4x4ram:inst3|memory_cell:inst4|inst3  ; |PD|ram:inst|4x32ram:inst7|4x4ram:inst3|memory_cell:inst4|inst3  ; out              ;
; |PD|ram:inst|4x32ram:inst7|4x4ram:inst3|memory_cell:inst4|inst   ; |PD|ram:inst|4x32ram:inst7|4x4ram:inst3|memory_cell:inst4|inst   ; regout           ;
; |PD|ram:inst|4x32ram:inst7|4x4ram:inst3|memory_cell:inst2|inst3  ; |PD|ram:inst|4x32ram:inst7|4x4ram:inst3|memory_cell:inst2|inst3  ; out              ;
; |PD|ram:inst|4x32ram:inst7|4x4ram:inst3|memory_cell:inst2|inst   ; |PD|ram:inst|4x32ram:inst7|4x4ram:inst3|memory_cell:inst2|inst   ; regout           ;
; |PD|ram:inst|4x32ram:inst7|4x4ram:inst1|inst20                   ; |PD|ram:inst|4x32ram:inst7|4x4ram:inst1|inst20                   ; out              ;
; |PD|ram:inst|4x32ram:inst7|4x4ram:inst1|IN~0                     ; |PD|ram:inst|4x32ram:inst7|4x4ram:inst1|IN~0                     ; out0             ;
; |PD|ram:inst|4x32ram:inst7|4x4ram:inst1|inst17                   ; |PD|ram:inst|4x32ram:inst7|4x4ram:inst1|inst17                   ; out0             ;
; |PD|ram:inst|4x32ram:inst7|4x4ram:inst1|inst21                   ; |PD|ram:inst|4x32ram:inst7|4x4ram:inst1|inst21                   ; out              ;
; |PD|ram:inst|4x32ram:inst7|4x4ram:inst1|IN~1                     ; |PD|ram:inst|4x32ram:inst7|4x4ram:inst1|IN~1                     ; out0             ;
; |PD|ram:inst|4x32ram:inst7|4x4ram:inst1|inst22                   ; |PD|ram:inst|4x32ram:inst7|4x4ram:inst1|inst22                   ; out              ;
; |PD|ram:inst|4x32ram:inst7|4x4ram:inst1|IN~2                     ; |PD|ram:inst|4x32ram:inst7|4x4ram:inst1|IN~2                     ; out0             ;
; |PD|ram:inst|4x32ram:inst7|4x4ram:inst1|inst19                   ; |PD|ram:inst|4x32ram:inst7|4x4ram:inst1|inst19                   ; out              ;
; |PD|ram:inst|4x32ram:inst7|4x4ram:inst1|IN~3                     ; |PD|ram:inst|4x32ram:inst7|4x4ram:inst1|IN~3                     ; out0             ;
; |PD|ram:inst|4x32ram:inst7|4x4ram:inst1|memory_cell:inst3|inst3  ; |PD|ram:inst|4x32ram:inst7|4x4ram:inst1|memory_cell:inst3|inst3  ; out              ;
; |PD|ram:inst|4x32ram:inst7|4x4ram:inst1|memory_cell:inst3|inst   ; |PD|ram:inst|4x32ram:inst7|4x4ram:inst1|memory_cell:inst3|inst   ; regout           ;
; |PD|ram:inst|4x32ram:inst7|4x4ram:inst1|memory_cell:inst5|inst3  ; |PD|ram:inst|4x32ram:inst7|4x4ram:inst1|memory_cell:inst5|inst3  ; out              ;
; |PD|ram:inst|4x32ram:inst7|4x4ram:inst1|memory_cell:inst5|inst   ; |PD|ram:inst|4x32ram:inst7|4x4ram:inst1|memory_cell:inst5|inst   ; regout           ;
; |PD|ram:inst|4x32ram:inst7|4x4ram:inst1|memory_cell:inst7|inst3  ; |PD|ram:inst|4x32ram:inst7|4x4ram:inst1|memory_cell:inst7|inst3  ; out              ;
; |PD|ram:inst|4x32ram:inst7|4x4ram:inst1|memory_cell:inst7|inst   ; |PD|ram:inst|4x32ram:inst7|4x4ram:inst1|memory_cell:inst7|inst   ; regout           ;
; |PD|ram:inst|4x32ram:inst7|4x4ram:inst1|memory_cell:inst1|inst3  ; |PD|ram:inst|4x32ram:inst7|4x4ram:inst1|memory_cell:inst1|inst3  ; out              ;
; |PD|ram:inst|4x32ram:inst7|4x4ram:inst1|memory_cell:inst1|inst   ; |PD|ram:inst|4x32ram:inst7|4x4ram:inst1|memory_cell:inst1|inst   ; regout           ;
; |PD|ram:inst|4x32ram:inst7|4x4ram:inst1|memory_cell:inst16|inst3 ; |PD|ram:inst|4x32ram:inst7|4x4ram:inst1|memory_cell:inst16|inst3 ; out              ;
; |PD|ram:inst|4x32ram:inst7|4x4ram:inst1|memory_cell:inst16|inst  ; |PD|ram:inst|4x32ram:inst7|4x4ram:inst1|memory_cell:inst16|inst  ; regout           ;
; |PD|ram:inst|4x32ram:inst7|4x4ram:inst1|memory_cell:inst14|inst3 ; |PD|ram:inst|4x32ram:inst7|4x4ram:inst1|memory_cell:inst14|inst3 ; out              ;
; |PD|ram:inst|4x32ram:inst7|4x4ram:inst1|memory_cell:inst14|inst  ; |PD|ram:inst|4x32ram:inst7|4x4ram:inst1|memory_cell:inst14|inst  ; regout           ;
; |PD|ram:inst|4x32ram:inst7|4x4ram:inst1|memory_cell:inst12|inst3 ; |PD|ram:inst|4x32ram:inst7|4x4ram:inst1|memory_cell:inst12|inst3 ; out              ;
; |PD|ram:inst|4x32ram:inst7|4x4ram:inst1|memory_cell:inst12|inst  ; |PD|ram:inst|4x32ram:inst7|4x4ram:inst1|memory_cell:inst12|inst  ; regout           ;
; |PD|ram:inst|4x32ram:inst7|4x4ram:inst1|memory_cell:inst10|inst3 ; |PD|ram:inst|4x32ram:inst7|4x4ram:inst1|memory_cell:inst10|inst3 ; out              ;
; |PD|ram:inst|4x32ram:inst7|4x4ram:inst1|memory_cell:inst10|inst  ; |PD|ram:inst|4x32ram:inst7|4x4ram:inst1|memory_cell:inst10|inst  ; regout           ;
; |PD|ram:inst|4x32ram:inst7|4x4ram:inst1|memory_cell:inst15|inst3 ; |PD|ram:inst|4x32ram:inst7|4x4ram:inst1|memory_cell:inst15|inst3 ; out              ;
; |PD|ram:inst|4x32ram:inst7|4x4ram:inst1|memory_cell:inst15|inst  ; |PD|ram:inst|4x32ram:inst7|4x4ram:inst1|memory_cell:inst15|inst  ; regout           ;
; |PD|ram:inst|4x32ram:inst7|4x4ram:inst1|memory_cell:inst13|inst3 ; |PD|ram:inst|4x32ram:inst7|4x4ram:inst1|memory_cell:inst13|inst3 ; out              ;
; |PD|ram:inst|4x32ram:inst7|4x4ram:inst1|memory_cell:inst13|inst  ; |PD|ram:inst|4x32ram:inst7|4x4ram:inst1|memory_cell:inst13|inst  ; regout           ;
; |PD|ram:inst|4x32ram:inst7|4x4ram:inst1|memory_cell:inst11|inst3 ; |PD|ram:inst|4x32ram:inst7|4x4ram:inst1|memory_cell:inst11|inst3 ; out              ;
; |PD|ram:inst|4x32ram:inst7|4x4ram:inst1|memory_cell:inst11|inst  ; |PD|ram:inst|4x32ram:inst7|4x4ram:inst1|memory_cell:inst11|inst  ; regout           ;
; |PD|ram:inst|4x32ram:inst7|4x4ram:inst1|memory_cell:inst9|inst3  ; |PD|ram:inst|4x32ram:inst7|4x4ram:inst1|memory_cell:inst9|inst3  ; out              ;
; |PD|ram:inst|4x32ram:inst7|4x4ram:inst1|memory_cell:inst9|inst   ; |PD|ram:inst|4x32ram:inst7|4x4ram:inst1|memory_cell:inst9|inst   ; regout           ;
; |PD|ram:inst|4x32ram:inst7|4x4ram:inst1|memory_cell:inst8|inst3  ; |PD|ram:inst|4x32ram:inst7|4x4ram:inst1|memory_cell:inst8|inst3  ; out              ;
; |PD|ram:inst|4x32ram:inst7|4x4ram:inst1|memory_cell:inst8|inst   ; |PD|ram:inst|4x32ram:inst7|4x4ram:inst1|memory_cell:inst8|inst   ; regout           ;
; |PD|ram:inst|4x32ram:inst7|4x4ram:inst1|memory_cell:inst6|inst3  ; |PD|ram:inst|4x32ram:inst7|4x4ram:inst1|memory_cell:inst6|inst3  ; out              ;
; |PD|ram:inst|4x32ram:inst7|4x4ram:inst1|memory_cell:inst6|inst   ; |PD|ram:inst|4x32ram:inst7|4x4ram:inst1|memory_cell:inst6|inst   ; regout           ;
; |PD|ram:inst|4x32ram:inst7|4x4ram:inst1|memory_cell:inst4|inst3  ; |PD|ram:inst|4x32ram:inst7|4x4ram:inst1|memory_cell:inst4|inst3  ; out              ;
; |PD|ram:inst|4x32ram:inst7|4x4ram:inst1|memory_cell:inst4|inst   ; |PD|ram:inst|4x32ram:inst7|4x4ram:inst1|memory_cell:inst4|inst   ; regout           ;
; |PD|ram:inst|4x32ram:inst7|4x4ram:inst1|memory_cell:inst2|inst3  ; |PD|ram:inst|4x32ram:inst7|4x4ram:inst1|memory_cell:inst2|inst3  ; out              ;
; |PD|ram:inst|4x32ram:inst7|4x4ram:inst1|memory_cell:inst2|inst   ; |PD|ram:inst|4x32ram:inst7|4x4ram:inst1|memory_cell:inst2|inst   ; regout           ;
; |PD|ram:inst|4x32ram:inst7|4x4ram:inst|inst20                    ; |PD|ram:inst|4x32ram:inst7|4x4ram:inst|inst20                    ; out              ;
; |PD|ram:inst|4x32ram:inst7|4x4ram:inst|IN~0                      ; |PD|ram:inst|4x32ram:inst7|4x4ram:inst|IN~0                      ; out0             ;
; |PD|ram:inst|4x32ram:inst7|4x4ram:inst|inst17                    ; |PD|ram:inst|4x32ram:inst7|4x4ram:inst|inst17                    ; out0             ;
; |PD|ram:inst|4x32ram:inst7|4x4ram:inst|inst21                    ; |PD|ram:inst|4x32ram:inst7|4x4ram:inst|inst21                    ; out              ;
; |PD|ram:inst|4x32ram:inst7|4x4ram:inst|IN~1                      ; |PD|ram:inst|4x32ram:inst7|4x4ram:inst|IN~1                      ; out0             ;
; |PD|ram:inst|4x32ram:inst7|4x4ram:inst|inst22                    ; |PD|ram:inst|4x32ram:inst7|4x4ram:inst|inst22                    ; out              ;
; |PD|ram:inst|4x32ram:inst7|4x4ram:inst|IN~2                      ; |PD|ram:inst|4x32ram:inst7|4x4ram:inst|IN~2                      ; out0             ;
; |PD|ram:inst|4x32ram:inst7|4x4ram:inst|inst19                    ; |PD|ram:inst|4x32ram:inst7|4x4ram:inst|inst19                    ; out              ;
; |PD|ram:inst|4x32ram:inst7|4x4ram:inst|IN~3                      ; |PD|ram:inst|4x32ram:inst7|4x4ram:inst|IN~3                      ; out0             ;
; |PD|ram:inst|4x32ram:inst7|4x4ram:inst|memory_cell:inst3|inst3   ; |PD|ram:inst|4x32ram:inst7|4x4ram:inst|memory_cell:inst3|inst3   ; out              ;
; |PD|ram:inst|4x32ram:inst7|4x4ram:inst|memory_cell:inst3|inst    ; |PD|ram:inst|4x32ram:inst7|4x4ram:inst|memory_cell:inst3|inst    ; regout           ;
; |PD|ram:inst|4x32ram:inst7|4x4ram:inst|memory_cell:inst5|inst3   ; |PD|ram:inst|4x32ram:inst7|4x4ram:inst|memory_cell:inst5|inst3   ; out              ;
; |PD|ram:inst|4x32ram:inst7|4x4ram:inst|memory_cell:inst5|inst    ; |PD|ram:inst|4x32ram:inst7|4x4ram:inst|memory_cell:inst5|inst    ; regout           ;
; |PD|ram:inst|4x32ram:inst7|4x4ram:inst|memory_cell:inst7|inst3   ; |PD|ram:inst|4x32ram:inst7|4x4ram:inst|memory_cell:inst7|inst3   ; out              ;
; |PD|ram:inst|4x32ram:inst7|4x4ram:inst|memory_cell:inst7|inst    ; |PD|ram:inst|4x32ram:inst7|4x4ram:inst|memory_cell:inst7|inst    ; regout           ;
; |PD|ram:inst|4x32ram:inst7|4x4ram:inst|memory_cell:inst1|inst3   ; |PD|ram:inst|4x32ram:inst7|4x4ram:inst|memory_cell:inst1|inst3   ; out              ;
; |PD|ram:inst|4x32ram:inst7|4x4ram:inst|memory_cell:inst1|inst    ; |PD|ram:inst|4x32ram:inst7|4x4ram:inst|memory_cell:inst1|inst    ; regout           ;
; |PD|ram:inst|4x32ram:inst7|4x4ram:inst|memory_cell:inst16|inst3  ; |PD|ram:inst|4x32ram:inst7|4x4ram:inst|memory_cell:inst16|inst3  ; out              ;
; |PD|ram:inst|4x32ram:inst7|4x4ram:inst|memory_cell:inst16|inst   ; |PD|ram:inst|4x32ram:inst7|4x4ram:inst|memory_cell:inst16|inst   ; regout           ;
; |PD|ram:inst|4x32ram:inst7|4x4ram:inst|memory_cell:inst14|inst3  ; |PD|ram:inst|4x32ram:inst7|4x4ram:inst|memory_cell:inst14|inst3  ; out              ;
; |PD|ram:inst|4x32ram:inst7|4x4ram:inst|memory_cell:inst14|inst   ; |PD|ram:inst|4x32ram:inst7|4x4ram:inst|memory_cell:inst14|inst   ; regout           ;
; |PD|ram:inst|4x32ram:inst7|4x4ram:inst|memory_cell:inst12|inst3  ; |PD|ram:inst|4x32ram:inst7|4x4ram:inst|memory_cell:inst12|inst3  ; out              ;
; |PD|ram:inst|4x32ram:inst7|4x4ram:inst|memory_cell:inst12|inst   ; |PD|ram:inst|4x32ram:inst7|4x4ram:inst|memory_cell:inst12|inst   ; regout           ;
; |PD|ram:inst|4x32ram:inst7|4x4ram:inst|memory_cell:inst10|inst3  ; |PD|ram:inst|4x32ram:inst7|4x4ram:inst|memory_cell:inst10|inst3  ; out              ;
; |PD|ram:inst|4x32ram:inst7|4x4ram:inst|memory_cell:inst10|inst   ; |PD|ram:inst|4x32ram:inst7|4x4ram:inst|memory_cell:inst10|inst   ; regout           ;
; |PD|ram:inst|4x32ram:inst7|4x4ram:inst|memory_cell:inst15|inst3  ; |PD|ram:inst|4x32ram:inst7|4x4ram:inst|memory_cell:inst15|inst3  ; out              ;
; |PD|ram:inst|4x32ram:inst7|4x4ram:inst|memory_cell:inst15|inst   ; |PD|ram:inst|4x32ram:inst7|4x4ram:inst|memory_cell:inst15|inst   ; regout           ;
; |PD|ram:inst|4x32ram:inst7|4x4ram:inst|memory_cell:inst13|inst3  ; |PD|ram:inst|4x32ram:inst7|4x4ram:inst|memory_cell:inst13|inst3  ; out              ;
; |PD|ram:inst|4x32ram:inst7|4x4ram:inst|memory_cell:inst13|inst   ; |PD|ram:inst|4x32ram:inst7|4x4ram:inst|memory_cell:inst13|inst   ; regout           ;
; |PD|ram:inst|4x32ram:inst7|4x4ram:inst|memory_cell:inst11|inst3  ; |PD|ram:inst|4x32ram:inst7|4x4ram:inst|memory_cell:inst11|inst3  ; out              ;
; |PD|ram:inst|4x32ram:inst7|4x4ram:inst|memory_cell:inst11|inst   ; |PD|ram:inst|4x32ram:inst7|4x4ram:inst|memory_cell:inst11|inst   ; regout           ;
; |PD|ram:inst|4x32ram:inst7|4x4ram:inst|memory_cell:inst9|inst3   ; |PD|ram:inst|4x32ram:inst7|4x4ram:inst|memory_cell:inst9|inst3   ; out              ;
; |PD|ram:inst|4x32ram:inst7|4x4ram:inst|memory_cell:inst9|inst    ; |PD|ram:inst|4x32ram:inst7|4x4ram:inst|memory_cell:inst9|inst    ; regout           ;
; |PD|ram:inst|4x32ram:inst7|4x4ram:inst|memory_cell:inst8|inst3   ; |PD|ram:inst|4x32ram:inst7|4x4ram:inst|memory_cell:inst8|inst3   ; out              ;
; |PD|ram:inst|4x32ram:inst7|4x4ram:inst|memory_cell:inst8|inst    ; |PD|ram:inst|4x32ram:inst7|4x4ram:inst|memory_cell:inst8|inst    ; regout           ;
; |PD|ram:inst|4x32ram:inst7|4x4ram:inst|memory_cell:inst6|inst3   ; |PD|ram:inst|4x32ram:inst7|4x4ram:inst|memory_cell:inst6|inst3   ; out              ;
; |PD|ram:inst|4x32ram:inst7|4x4ram:inst|memory_cell:inst6|inst    ; |PD|ram:inst|4x32ram:inst7|4x4ram:inst|memory_cell:inst6|inst    ; regout           ;
; |PD|ram:inst|4x32ram:inst7|4x4ram:inst|memory_cell:inst4|inst3   ; |PD|ram:inst|4x32ram:inst7|4x4ram:inst|memory_cell:inst4|inst3   ; out              ;
; |PD|ram:inst|4x32ram:inst7|4x4ram:inst|memory_cell:inst4|inst    ; |PD|ram:inst|4x32ram:inst7|4x4ram:inst|memory_cell:inst4|inst    ; regout           ;
; |PD|ram:inst|4x32ram:inst7|4x4ram:inst|memory_cell:inst2|inst3   ; |PD|ram:inst|4x32ram:inst7|4x4ram:inst|memory_cell:inst2|inst3   ; out              ;
; |PD|ram:inst|4x32ram:inst7|4x4ram:inst|memory_cell:inst2|inst    ; |PD|ram:inst|4x32ram:inst7|4x4ram:inst|memory_cell:inst2|inst    ; regout           ;
; |PD|ram:inst|4x32ram:inst6|4x4ram:inst8|memory_cell:inst3|inst3  ; |PD|ram:inst|4x32ram:inst6|4x4ram:inst8|memory_cell:inst3|inst3  ; out              ;
; |PD|ram:inst|4x32ram:inst6|4x4ram:inst8|memory_cell:inst3|inst   ; |PD|ram:inst|4x32ram:inst6|4x4ram:inst8|memory_cell:inst3|inst   ; regout           ;
; |PD|ram:inst|4x32ram:inst6|4x4ram:inst8|memory_cell:inst5|inst3  ; |PD|ram:inst|4x32ram:inst6|4x4ram:inst8|memory_cell:inst5|inst3  ; out              ;
; |PD|ram:inst|4x32ram:inst6|4x4ram:inst8|memory_cell:inst5|inst   ; |PD|ram:inst|4x32ram:inst6|4x4ram:inst8|memory_cell:inst5|inst   ; regout           ;
; |PD|ram:inst|4x32ram:inst6|4x4ram:inst8|memory_cell:inst1|inst3  ; |PD|ram:inst|4x32ram:inst6|4x4ram:inst8|memory_cell:inst1|inst3  ; out              ;
; |PD|ram:inst|4x32ram:inst6|4x4ram:inst8|memory_cell:inst1|inst   ; |PD|ram:inst|4x32ram:inst6|4x4ram:inst8|memory_cell:inst1|inst   ; regout           ;
; |PD|ram:inst|4x32ram:inst6|4x4ram:inst8|memory_cell:inst16|inst3 ; |PD|ram:inst|4x32ram:inst6|4x4ram:inst8|memory_cell:inst16|inst3 ; out              ;
; |PD|ram:inst|4x32ram:inst6|4x4ram:inst8|memory_cell:inst16|inst  ; |PD|ram:inst|4x32ram:inst6|4x4ram:inst8|memory_cell:inst16|inst  ; regout           ;
; |PD|ram:inst|4x32ram:inst6|4x4ram:inst8|memory_cell:inst12|inst3 ; |PD|ram:inst|4x32ram:inst6|4x4ram:inst8|memory_cell:inst12|inst3 ; out              ;
; |PD|ram:inst|4x32ram:inst6|4x4ram:inst8|memory_cell:inst12|inst  ; |PD|ram:inst|4x32ram:inst6|4x4ram:inst8|memory_cell:inst12|inst  ; regout           ;
; |PD|ram:inst|4x32ram:inst6|4x4ram:inst8|memory_cell:inst15|inst3 ; |PD|ram:inst|4x32ram:inst6|4x4ram:inst8|memory_cell:inst15|inst3 ; out              ;
; |PD|ram:inst|4x32ram:inst6|4x4ram:inst8|memory_cell:inst15|inst  ; |PD|ram:inst|4x32ram:inst6|4x4ram:inst8|memory_cell:inst15|inst  ; regout           ;
; |PD|ram:inst|4x32ram:inst6|4x4ram:inst8|memory_cell:inst9|inst3  ; |PD|ram:inst|4x32ram:inst6|4x4ram:inst8|memory_cell:inst9|inst3  ; out              ;
; |PD|ram:inst|4x32ram:inst6|4x4ram:inst8|memory_cell:inst9|inst   ; |PD|ram:inst|4x32ram:inst6|4x4ram:inst8|memory_cell:inst9|inst   ; regout           ;
; |PD|ram:inst|4x32ram:inst6|4x4ram:inst8|memory_cell:inst8|inst3  ; |PD|ram:inst|4x32ram:inst6|4x4ram:inst8|memory_cell:inst8|inst3  ; out              ;
; |PD|ram:inst|4x32ram:inst6|4x4ram:inst8|memory_cell:inst8|inst   ; |PD|ram:inst|4x32ram:inst6|4x4ram:inst8|memory_cell:inst8|inst   ; regout           ;
; |PD|ram:inst|4x32ram:inst6|4x4ram:inst7|inst20                   ; |PD|ram:inst|4x32ram:inst6|4x4ram:inst7|inst20                   ; out              ;
; |PD|ram:inst|4x32ram:inst6|4x4ram:inst7|IN~0                     ; |PD|ram:inst|4x32ram:inst6|4x4ram:inst7|IN~0                     ; out0             ;
; |PD|ram:inst|4x32ram:inst6|4x4ram:inst7|inst21                   ; |PD|ram:inst|4x32ram:inst6|4x4ram:inst7|inst21                   ; out              ;
; |PD|ram:inst|4x32ram:inst6|4x4ram:inst7|IN~1                     ; |PD|ram:inst|4x32ram:inst6|4x4ram:inst7|IN~1                     ; out0             ;
; |PD|ram:inst|4x32ram:inst6|4x4ram:inst7|inst22                   ; |PD|ram:inst|4x32ram:inst6|4x4ram:inst7|inst22                   ; out              ;
; |PD|ram:inst|4x32ram:inst6|4x4ram:inst7|IN~2                     ; |PD|ram:inst|4x32ram:inst6|4x4ram:inst7|IN~2                     ; out0             ;
; |PD|ram:inst|4x32ram:inst6|4x4ram:inst7|inst19                   ; |PD|ram:inst|4x32ram:inst6|4x4ram:inst7|inst19                   ; out              ;
; |PD|ram:inst|4x32ram:inst6|4x4ram:inst7|IN~3                     ; |PD|ram:inst|4x32ram:inst6|4x4ram:inst7|IN~3                     ; out0             ;
; |PD|ram:inst|4x32ram:inst6|4x4ram:inst7|memory_cell:inst3|inst3  ; |PD|ram:inst|4x32ram:inst6|4x4ram:inst7|memory_cell:inst3|inst3  ; out              ;
; |PD|ram:inst|4x32ram:inst6|4x4ram:inst7|memory_cell:inst3|inst   ; |PD|ram:inst|4x32ram:inst6|4x4ram:inst7|memory_cell:inst3|inst   ; regout           ;
; |PD|ram:inst|4x32ram:inst6|4x4ram:inst7|memory_cell:inst5|inst3  ; |PD|ram:inst|4x32ram:inst6|4x4ram:inst7|memory_cell:inst5|inst3  ; out              ;
; |PD|ram:inst|4x32ram:inst6|4x4ram:inst7|memory_cell:inst5|inst   ; |PD|ram:inst|4x32ram:inst6|4x4ram:inst7|memory_cell:inst5|inst   ; regout           ;
; |PD|ram:inst|4x32ram:inst6|4x4ram:inst7|memory_cell:inst7|inst3  ; |PD|ram:inst|4x32ram:inst6|4x4ram:inst7|memory_cell:inst7|inst3  ; out              ;
; |PD|ram:inst|4x32ram:inst6|4x4ram:inst7|memory_cell:inst7|inst   ; |PD|ram:inst|4x32ram:inst6|4x4ram:inst7|memory_cell:inst7|inst   ; regout           ;
; |PD|ram:inst|4x32ram:inst6|4x4ram:inst7|memory_cell:inst1|inst3  ; |PD|ram:inst|4x32ram:inst6|4x4ram:inst7|memory_cell:inst1|inst3  ; out              ;
; |PD|ram:inst|4x32ram:inst6|4x4ram:inst7|memory_cell:inst1|inst   ; |PD|ram:inst|4x32ram:inst6|4x4ram:inst7|memory_cell:inst1|inst   ; regout           ;
; |PD|ram:inst|4x32ram:inst6|4x4ram:inst7|memory_cell:inst16|inst3 ; |PD|ram:inst|4x32ram:inst6|4x4ram:inst7|memory_cell:inst16|inst3 ; out              ;
; |PD|ram:inst|4x32ram:inst6|4x4ram:inst7|memory_cell:inst16|inst  ; |PD|ram:inst|4x32ram:inst6|4x4ram:inst7|memory_cell:inst16|inst  ; regout           ;
; |PD|ram:inst|4x32ram:inst6|4x4ram:inst7|memory_cell:inst14|inst3 ; |PD|ram:inst|4x32ram:inst6|4x4ram:inst7|memory_cell:inst14|inst3 ; out              ;
; |PD|ram:inst|4x32ram:inst6|4x4ram:inst7|memory_cell:inst14|inst  ; |PD|ram:inst|4x32ram:inst6|4x4ram:inst7|memory_cell:inst14|inst  ; regout           ;
; |PD|ram:inst|4x32ram:inst6|4x4ram:inst7|memory_cell:inst12|inst3 ; |PD|ram:inst|4x32ram:inst6|4x4ram:inst7|memory_cell:inst12|inst3 ; out              ;
; |PD|ram:inst|4x32ram:inst6|4x4ram:inst7|memory_cell:inst12|inst  ; |PD|ram:inst|4x32ram:inst6|4x4ram:inst7|memory_cell:inst12|inst  ; regout           ;
; |PD|ram:inst|4x32ram:inst6|4x4ram:inst7|memory_cell:inst10|inst3 ; |PD|ram:inst|4x32ram:inst6|4x4ram:inst7|memory_cell:inst10|inst3 ; out              ;
; |PD|ram:inst|4x32ram:inst6|4x4ram:inst7|memory_cell:inst10|inst  ; |PD|ram:inst|4x32ram:inst6|4x4ram:inst7|memory_cell:inst10|inst  ; regout           ;
; |PD|ram:inst|4x32ram:inst6|4x4ram:inst7|memory_cell:inst15|inst3 ; |PD|ram:inst|4x32ram:inst6|4x4ram:inst7|memory_cell:inst15|inst3 ; out              ;
; |PD|ram:inst|4x32ram:inst6|4x4ram:inst7|memory_cell:inst15|inst  ; |PD|ram:inst|4x32ram:inst6|4x4ram:inst7|memory_cell:inst15|inst  ; regout           ;
; |PD|ram:inst|4x32ram:inst6|4x4ram:inst7|memory_cell:inst13|inst3 ; |PD|ram:inst|4x32ram:inst6|4x4ram:inst7|memory_cell:inst13|inst3 ; out              ;
; |PD|ram:inst|4x32ram:inst6|4x4ram:inst7|memory_cell:inst13|inst  ; |PD|ram:inst|4x32ram:inst6|4x4ram:inst7|memory_cell:inst13|inst  ; regout           ;
; |PD|ram:inst|4x32ram:inst6|4x4ram:inst7|memory_cell:inst11|inst3 ; |PD|ram:inst|4x32ram:inst6|4x4ram:inst7|memory_cell:inst11|inst3 ; out              ;
; |PD|ram:inst|4x32ram:inst6|4x4ram:inst7|memory_cell:inst11|inst  ; |PD|ram:inst|4x32ram:inst6|4x4ram:inst7|memory_cell:inst11|inst  ; regout           ;
; |PD|ram:inst|4x32ram:inst6|4x4ram:inst7|memory_cell:inst9|inst3  ; |PD|ram:inst|4x32ram:inst6|4x4ram:inst7|memory_cell:inst9|inst3  ; out              ;
; |PD|ram:inst|4x32ram:inst6|4x4ram:inst7|memory_cell:inst9|inst   ; |PD|ram:inst|4x32ram:inst6|4x4ram:inst7|memory_cell:inst9|inst   ; regout           ;
; |PD|ram:inst|4x32ram:inst6|4x4ram:inst7|memory_cell:inst8|inst3  ; |PD|ram:inst|4x32ram:inst6|4x4ram:inst7|memory_cell:inst8|inst3  ; out              ;
; |PD|ram:inst|4x32ram:inst6|4x4ram:inst7|memory_cell:inst8|inst   ; |PD|ram:inst|4x32ram:inst6|4x4ram:inst7|memory_cell:inst8|inst   ; regout           ;
; |PD|ram:inst|4x32ram:inst6|4x4ram:inst7|memory_cell:inst6|inst3  ; |PD|ram:inst|4x32ram:inst6|4x4ram:inst7|memory_cell:inst6|inst3  ; out              ;
; |PD|ram:inst|4x32ram:inst6|4x4ram:inst7|memory_cell:inst6|inst   ; |PD|ram:inst|4x32ram:inst6|4x4ram:inst7|memory_cell:inst6|inst   ; regout           ;
; |PD|ram:inst|4x32ram:inst6|4x4ram:inst7|memory_cell:inst4|inst3  ; |PD|ram:inst|4x32ram:inst6|4x4ram:inst7|memory_cell:inst4|inst3  ; out              ;
; |PD|ram:inst|4x32ram:inst6|4x4ram:inst7|memory_cell:inst4|inst   ; |PD|ram:inst|4x32ram:inst6|4x4ram:inst7|memory_cell:inst4|inst   ; regout           ;
; |PD|ram:inst|4x32ram:inst6|4x4ram:inst7|memory_cell:inst2|inst3  ; |PD|ram:inst|4x32ram:inst6|4x4ram:inst7|memory_cell:inst2|inst3  ; out              ;
; |PD|ram:inst|4x32ram:inst6|4x4ram:inst7|memory_cell:inst2|inst   ; |PD|ram:inst|4x32ram:inst6|4x4ram:inst7|memory_cell:inst2|inst   ; regout           ;
; |PD|ram:inst|4x32ram:inst6|4x4ram:inst6|inst20                   ; |PD|ram:inst|4x32ram:inst6|4x4ram:inst6|inst20                   ; out              ;
; |PD|ram:inst|4x32ram:inst6|4x4ram:inst6|IN~0                     ; |PD|ram:inst|4x32ram:inst6|4x4ram:inst6|IN~0                     ; out0             ;
; |PD|ram:inst|4x32ram:inst6|4x4ram:inst6|inst21                   ; |PD|ram:inst|4x32ram:inst6|4x4ram:inst6|inst21                   ; out              ;
; |PD|ram:inst|4x32ram:inst6|4x4ram:inst6|IN~1                     ; |PD|ram:inst|4x32ram:inst6|4x4ram:inst6|IN~1                     ; out0             ;
; |PD|ram:inst|4x32ram:inst6|4x4ram:inst6|inst22                   ; |PD|ram:inst|4x32ram:inst6|4x4ram:inst6|inst22                   ; out              ;
; |PD|ram:inst|4x32ram:inst6|4x4ram:inst6|IN~2                     ; |PD|ram:inst|4x32ram:inst6|4x4ram:inst6|IN~2                     ; out0             ;
; |PD|ram:inst|4x32ram:inst6|4x4ram:inst6|inst19                   ; |PD|ram:inst|4x32ram:inst6|4x4ram:inst6|inst19                   ; out              ;
; |PD|ram:inst|4x32ram:inst6|4x4ram:inst6|IN~3                     ; |PD|ram:inst|4x32ram:inst6|4x4ram:inst6|IN~3                     ; out0             ;
; |PD|ram:inst|4x32ram:inst6|4x4ram:inst6|memory_cell:inst3|inst3  ; |PD|ram:inst|4x32ram:inst6|4x4ram:inst6|memory_cell:inst3|inst3  ; out              ;
; |PD|ram:inst|4x32ram:inst6|4x4ram:inst6|memory_cell:inst3|inst   ; |PD|ram:inst|4x32ram:inst6|4x4ram:inst6|memory_cell:inst3|inst   ; regout           ;
; |PD|ram:inst|4x32ram:inst6|4x4ram:inst6|memory_cell:inst5|inst3  ; |PD|ram:inst|4x32ram:inst6|4x4ram:inst6|memory_cell:inst5|inst3  ; out              ;
; |PD|ram:inst|4x32ram:inst6|4x4ram:inst6|memory_cell:inst5|inst   ; |PD|ram:inst|4x32ram:inst6|4x4ram:inst6|memory_cell:inst5|inst   ; regout           ;
; |PD|ram:inst|4x32ram:inst6|4x4ram:inst6|memory_cell:inst7|inst3  ; |PD|ram:inst|4x32ram:inst6|4x4ram:inst6|memory_cell:inst7|inst3  ; out              ;
; |PD|ram:inst|4x32ram:inst6|4x4ram:inst6|memory_cell:inst7|inst   ; |PD|ram:inst|4x32ram:inst6|4x4ram:inst6|memory_cell:inst7|inst   ; regout           ;
; |PD|ram:inst|4x32ram:inst6|4x4ram:inst6|memory_cell:inst1|inst3  ; |PD|ram:inst|4x32ram:inst6|4x4ram:inst6|memory_cell:inst1|inst3  ; out              ;
; |PD|ram:inst|4x32ram:inst6|4x4ram:inst6|memory_cell:inst1|inst   ; |PD|ram:inst|4x32ram:inst6|4x4ram:inst6|memory_cell:inst1|inst   ; regout           ;
; |PD|ram:inst|4x32ram:inst6|4x4ram:inst6|memory_cell:inst16|inst3 ; |PD|ram:inst|4x32ram:inst6|4x4ram:inst6|memory_cell:inst16|inst3 ; out              ;
; |PD|ram:inst|4x32ram:inst6|4x4ram:inst6|memory_cell:inst16|inst  ; |PD|ram:inst|4x32ram:inst6|4x4ram:inst6|memory_cell:inst16|inst  ; regout           ;
; |PD|ram:inst|4x32ram:inst6|4x4ram:inst6|memory_cell:inst14|inst3 ; |PD|ram:inst|4x32ram:inst6|4x4ram:inst6|memory_cell:inst14|inst3 ; out              ;
; |PD|ram:inst|4x32ram:inst6|4x4ram:inst6|memory_cell:inst14|inst  ; |PD|ram:inst|4x32ram:inst6|4x4ram:inst6|memory_cell:inst14|inst  ; regout           ;
; |PD|ram:inst|4x32ram:inst6|4x4ram:inst6|memory_cell:inst12|inst3 ; |PD|ram:inst|4x32ram:inst6|4x4ram:inst6|memory_cell:inst12|inst3 ; out              ;
; |PD|ram:inst|4x32ram:inst6|4x4ram:inst6|memory_cell:inst12|inst  ; |PD|ram:inst|4x32ram:inst6|4x4ram:inst6|memory_cell:inst12|inst  ; regout           ;
; |PD|ram:inst|4x32ram:inst6|4x4ram:inst6|memory_cell:inst10|inst3 ; |PD|ram:inst|4x32ram:inst6|4x4ram:inst6|memory_cell:inst10|inst3 ; out              ;
; |PD|ram:inst|4x32ram:inst6|4x4ram:inst6|memory_cell:inst10|inst  ; |PD|ram:inst|4x32ram:inst6|4x4ram:inst6|memory_cell:inst10|inst  ; regout           ;
; |PD|ram:inst|4x32ram:inst6|4x4ram:inst6|memory_cell:inst15|inst3 ; |PD|ram:inst|4x32ram:inst6|4x4ram:inst6|memory_cell:inst15|inst3 ; out              ;
; |PD|ram:inst|4x32ram:inst6|4x4ram:inst6|memory_cell:inst15|inst  ; |PD|ram:inst|4x32ram:inst6|4x4ram:inst6|memory_cell:inst15|inst  ; regout           ;
; |PD|ram:inst|4x32ram:inst6|4x4ram:inst6|memory_cell:inst13|inst3 ; |PD|ram:inst|4x32ram:inst6|4x4ram:inst6|memory_cell:inst13|inst3 ; out              ;
; |PD|ram:inst|4x32ram:inst6|4x4ram:inst6|memory_cell:inst13|inst  ; |PD|ram:inst|4x32ram:inst6|4x4ram:inst6|memory_cell:inst13|inst  ; regout           ;
; |PD|ram:inst|4x32ram:inst6|4x4ram:inst6|memory_cell:inst11|inst3 ; |PD|ram:inst|4x32ram:inst6|4x4ram:inst6|memory_cell:inst11|inst3 ; out              ;
; |PD|ram:inst|4x32ram:inst6|4x4ram:inst6|memory_cell:inst11|inst  ; |PD|ram:inst|4x32ram:inst6|4x4ram:inst6|memory_cell:inst11|inst  ; regout           ;
; |PD|ram:inst|4x32ram:inst6|4x4ram:inst6|memory_cell:inst9|inst3  ; |PD|ram:inst|4x32ram:inst6|4x4ram:inst6|memory_cell:inst9|inst3  ; out              ;
; |PD|ram:inst|4x32ram:inst6|4x4ram:inst6|memory_cell:inst9|inst   ; |PD|ram:inst|4x32ram:inst6|4x4ram:inst6|memory_cell:inst9|inst   ; regout           ;
; |PD|ram:inst|4x32ram:inst6|4x4ram:inst6|memory_cell:inst8|inst3  ; |PD|ram:inst|4x32ram:inst6|4x4ram:inst6|memory_cell:inst8|inst3  ; out              ;
; |PD|ram:inst|4x32ram:inst6|4x4ram:inst6|memory_cell:inst8|inst   ; |PD|ram:inst|4x32ram:inst6|4x4ram:inst6|memory_cell:inst8|inst   ; regout           ;
; |PD|ram:inst|4x32ram:inst6|4x4ram:inst6|memory_cell:inst6|inst3  ; |PD|ram:inst|4x32ram:inst6|4x4ram:inst6|memory_cell:inst6|inst3  ; out              ;
; |PD|ram:inst|4x32ram:inst6|4x4ram:inst6|memory_cell:inst6|inst   ; |PD|ram:inst|4x32ram:inst6|4x4ram:inst6|memory_cell:inst6|inst   ; regout           ;
; |PD|ram:inst|4x32ram:inst6|4x4ram:inst6|memory_cell:inst4|inst3  ; |PD|ram:inst|4x32ram:inst6|4x4ram:inst6|memory_cell:inst4|inst3  ; out              ;
; |PD|ram:inst|4x32ram:inst6|4x4ram:inst6|memory_cell:inst4|inst   ; |PD|ram:inst|4x32ram:inst6|4x4ram:inst6|memory_cell:inst4|inst   ; regout           ;
; |PD|ram:inst|4x32ram:inst6|4x4ram:inst6|memory_cell:inst2|inst3  ; |PD|ram:inst|4x32ram:inst6|4x4ram:inst6|memory_cell:inst2|inst3  ; out              ;
; |PD|ram:inst|4x32ram:inst6|4x4ram:inst6|memory_cell:inst2|inst   ; |PD|ram:inst|4x32ram:inst6|4x4ram:inst6|memory_cell:inst2|inst   ; regout           ;
; |PD|ram:inst|4x32ram:inst6|4x4ram:inst5|inst20                   ; |PD|ram:inst|4x32ram:inst6|4x4ram:inst5|inst20                   ; out              ;
; |PD|ram:inst|4x32ram:inst6|4x4ram:inst5|IN~0                     ; |PD|ram:inst|4x32ram:inst6|4x4ram:inst5|IN~0                     ; out0             ;
; |PD|ram:inst|4x32ram:inst6|4x4ram:inst5|inst21                   ; |PD|ram:inst|4x32ram:inst6|4x4ram:inst5|inst21                   ; out              ;
; |PD|ram:inst|4x32ram:inst6|4x4ram:inst5|IN~1                     ; |PD|ram:inst|4x32ram:inst6|4x4ram:inst5|IN~1                     ; out0             ;
; |PD|ram:inst|4x32ram:inst6|4x4ram:inst5|inst22                   ; |PD|ram:inst|4x32ram:inst6|4x4ram:inst5|inst22                   ; out              ;
; |PD|ram:inst|4x32ram:inst6|4x4ram:inst5|IN~2                     ; |PD|ram:inst|4x32ram:inst6|4x4ram:inst5|IN~2                     ; out0             ;
; |PD|ram:inst|4x32ram:inst6|4x4ram:inst5|inst19                   ; |PD|ram:inst|4x32ram:inst6|4x4ram:inst5|inst19                   ; out              ;
; |PD|ram:inst|4x32ram:inst6|4x4ram:inst5|IN~3                     ; |PD|ram:inst|4x32ram:inst6|4x4ram:inst5|IN~3                     ; out0             ;
; |PD|ram:inst|4x32ram:inst6|4x4ram:inst5|memory_cell:inst3|inst3  ; |PD|ram:inst|4x32ram:inst6|4x4ram:inst5|memory_cell:inst3|inst3  ; out              ;
; |PD|ram:inst|4x32ram:inst6|4x4ram:inst5|memory_cell:inst3|inst   ; |PD|ram:inst|4x32ram:inst6|4x4ram:inst5|memory_cell:inst3|inst   ; regout           ;
; |PD|ram:inst|4x32ram:inst6|4x4ram:inst5|memory_cell:inst5|inst3  ; |PD|ram:inst|4x32ram:inst6|4x4ram:inst5|memory_cell:inst5|inst3  ; out              ;
; |PD|ram:inst|4x32ram:inst6|4x4ram:inst5|memory_cell:inst5|inst   ; |PD|ram:inst|4x32ram:inst6|4x4ram:inst5|memory_cell:inst5|inst   ; regout           ;
; |PD|ram:inst|4x32ram:inst6|4x4ram:inst5|memory_cell:inst7|inst3  ; |PD|ram:inst|4x32ram:inst6|4x4ram:inst5|memory_cell:inst7|inst3  ; out              ;
; |PD|ram:inst|4x32ram:inst6|4x4ram:inst5|memory_cell:inst7|inst   ; |PD|ram:inst|4x32ram:inst6|4x4ram:inst5|memory_cell:inst7|inst   ; regout           ;
; |PD|ram:inst|4x32ram:inst6|4x4ram:inst5|memory_cell:inst1|inst3  ; |PD|ram:inst|4x32ram:inst6|4x4ram:inst5|memory_cell:inst1|inst3  ; out              ;
; |PD|ram:inst|4x32ram:inst6|4x4ram:inst5|memory_cell:inst1|inst   ; |PD|ram:inst|4x32ram:inst6|4x4ram:inst5|memory_cell:inst1|inst   ; regout           ;
; |PD|ram:inst|4x32ram:inst6|4x4ram:inst5|memory_cell:inst16|inst3 ; |PD|ram:inst|4x32ram:inst6|4x4ram:inst5|memory_cell:inst16|inst3 ; out              ;
; |PD|ram:inst|4x32ram:inst6|4x4ram:inst5|memory_cell:inst16|inst  ; |PD|ram:inst|4x32ram:inst6|4x4ram:inst5|memory_cell:inst16|inst  ; regout           ;
; |PD|ram:inst|4x32ram:inst6|4x4ram:inst5|memory_cell:inst14|inst3 ; |PD|ram:inst|4x32ram:inst6|4x4ram:inst5|memory_cell:inst14|inst3 ; out              ;
; |PD|ram:inst|4x32ram:inst6|4x4ram:inst5|memory_cell:inst14|inst  ; |PD|ram:inst|4x32ram:inst6|4x4ram:inst5|memory_cell:inst14|inst  ; regout           ;
; |PD|ram:inst|4x32ram:inst6|4x4ram:inst5|memory_cell:inst12|inst3 ; |PD|ram:inst|4x32ram:inst6|4x4ram:inst5|memory_cell:inst12|inst3 ; out              ;
; |PD|ram:inst|4x32ram:inst6|4x4ram:inst5|memory_cell:inst12|inst  ; |PD|ram:inst|4x32ram:inst6|4x4ram:inst5|memory_cell:inst12|inst  ; regout           ;
; |PD|ram:inst|4x32ram:inst6|4x4ram:inst5|memory_cell:inst10|inst3 ; |PD|ram:inst|4x32ram:inst6|4x4ram:inst5|memory_cell:inst10|inst3 ; out              ;
; |PD|ram:inst|4x32ram:inst6|4x4ram:inst5|memory_cell:inst10|inst  ; |PD|ram:inst|4x32ram:inst6|4x4ram:inst5|memory_cell:inst10|inst  ; regout           ;
; |PD|ram:inst|4x32ram:inst6|4x4ram:inst5|memory_cell:inst15|inst3 ; |PD|ram:inst|4x32ram:inst6|4x4ram:inst5|memory_cell:inst15|inst3 ; out              ;
; |PD|ram:inst|4x32ram:inst6|4x4ram:inst5|memory_cell:inst15|inst  ; |PD|ram:inst|4x32ram:inst6|4x4ram:inst5|memory_cell:inst15|inst  ; regout           ;
; |PD|ram:inst|4x32ram:inst6|4x4ram:inst5|memory_cell:inst13|inst3 ; |PD|ram:inst|4x32ram:inst6|4x4ram:inst5|memory_cell:inst13|inst3 ; out              ;
; |PD|ram:inst|4x32ram:inst6|4x4ram:inst5|memory_cell:inst13|inst  ; |PD|ram:inst|4x32ram:inst6|4x4ram:inst5|memory_cell:inst13|inst  ; regout           ;
; |PD|ram:inst|4x32ram:inst6|4x4ram:inst5|memory_cell:inst11|inst3 ; |PD|ram:inst|4x32ram:inst6|4x4ram:inst5|memory_cell:inst11|inst3 ; out              ;
; |PD|ram:inst|4x32ram:inst6|4x4ram:inst5|memory_cell:inst11|inst  ; |PD|ram:inst|4x32ram:inst6|4x4ram:inst5|memory_cell:inst11|inst  ; regout           ;
; |PD|ram:inst|4x32ram:inst6|4x4ram:inst5|memory_cell:inst9|inst3  ; |PD|ram:inst|4x32ram:inst6|4x4ram:inst5|memory_cell:inst9|inst3  ; out              ;
; |PD|ram:inst|4x32ram:inst6|4x4ram:inst5|memory_cell:inst9|inst   ; |PD|ram:inst|4x32ram:inst6|4x4ram:inst5|memory_cell:inst9|inst   ; regout           ;
; |PD|ram:inst|4x32ram:inst6|4x4ram:inst5|memory_cell:inst8|inst3  ; |PD|ram:inst|4x32ram:inst6|4x4ram:inst5|memory_cell:inst8|inst3  ; out              ;
; |PD|ram:inst|4x32ram:inst6|4x4ram:inst5|memory_cell:inst8|inst   ; |PD|ram:inst|4x32ram:inst6|4x4ram:inst5|memory_cell:inst8|inst   ; regout           ;
; |PD|ram:inst|4x32ram:inst6|4x4ram:inst5|memory_cell:inst6|inst3  ; |PD|ram:inst|4x32ram:inst6|4x4ram:inst5|memory_cell:inst6|inst3  ; out              ;
; |PD|ram:inst|4x32ram:inst6|4x4ram:inst5|memory_cell:inst6|inst   ; |PD|ram:inst|4x32ram:inst6|4x4ram:inst5|memory_cell:inst6|inst   ; regout           ;
; |PD|ram:inst|4x32ram:inst6|4x4ram:inst5|memory_cell:inst4|inst3  ; |PD|ram:inst|4x32ram:inst6|4x4ram:inst5|memory_cell:inst4|inst3  ; out              ;
; |PD|ram:inst|4x32ram:inst6|4x4ram:inst5|memory_cell:inst4|inst   ; |PD|ram:inst|4x32ram:inst6|4x4ram:inst5|memory_cell:inst4|inst   ; regout           ;
; |PD|ram:inst|4x32ram:inst6|4x4ram:inst5|memory_cell:inst2|inst3  ; |PD|ram:inst|4x32ram:inst6|4x4ram:inst5|memory_cell:inst2|inst3  ; out              ;
; |PD|ram:inst|4x32ram:inst6|4x4ram:inst5|memory_cell:inst2|inst   ; |PD|ram:inst|4x32ram:inst6|4x4ram:inst5|memory_cell:inst2|inst   ; regout           ;
; |PD|ram:inst|4x32ram:inst6|4x4ram:inst4|inst20                   ; |PD|ram:inst|4x32ram:inst6|4x4ram:inst4|inst20                   ; out              ;
; |PD|ram:inst|4x32ram:inst6|4x4ram:inst4|IN~0                     ; |PD|ram:inst|4x32ram:inst6|4x4ram:inst4|IN~0                     ; out0             ;
; |PD|ram:inst|4x32ram:inst6|4x4ram:inst4|inst21                   ; |PD|ram:inst|4x32ram:inst6|4x4ram:inst4|inst21                   ; out              ;
; |PD|ram:inst|4x32ram:inst6|4x4ram:inst4|IN~1                     ; |PD|ram:inst|4x32ram:inst6|4x4ram:inst4|IN~1                     ; out0             ;
; |PD|ram:inst|4x32ram:inst6|4x4ram:inst4|inst22                   ; |PD|ram:inst|4x32ram:inst6|4x4ram:inst4|inst22                   ; out              ;
; |PD|ram:inst|4x32ram:inst6|4x4ram:inst4|IN~2                     ; |PD|ram:inst|4x32ram:inst6|4x4ram:inst4|IN~2                     ; out0             ;
; |PD|ram:inst|4x32ram:inst6|4x4ram:inst4|inst19                   ; |PD|ram:inst|4x32ram:inst6|4x4ram:inst4|inst19                   ; out              ;
; |PD|ram:inst|4x32ram:inst6|4x4ram:inst4|IN~3                     ; |PD|ram:inst|4x32ram:inst6|4x4ram:inst4|IN~3                     ; out0             ;
; |PD|ram:inst|4x32ram:inst6|4x4ram:inst4|memory_cell:inst3|inst3  ; |PD|ram:inst|4x32ram:inst6|4x4ram:inst4|memory_cell:inst3|inst3  ; out              ;
; |PD|ram:inst|4x32ram:inst6|4x4ram:inst4|memory_cell:inst3|inst   ; |PD|ram:inst|4x32ram:inst6|4x4ram:inst4|memory_cell:inst3|inst   ; regout           ;
; |PD|ram:inst|4x32ram:inst6|4x4ram:inst4|memory_cell:inst5|inst3  ; |PD|ram:inst|4x32ram:inst6|4x4ram:inst4|memory_cell:inst5|inst3  ; out              ;
; |PD|ram:inst|4x32ram:inst6|4x4ram:inst4|memory_cell:inst5|inst   ; |PD|ram:inst|4x32ram:inst6|4x4ram:inst4|memory_cell:inst5|inst   ; regout           ;
; |PD|ram:inst|4x32ram:inst6|4x4ram:inst4|memory_cell:inst7|inst3  ; |PD|ram:inst|4x32ram:inst6|4x4ram:inst4|memory_cell:inst7|inst3  ; out              ;
; |PD|ram:inst|4x32ram:inst6|4x4ram:inst4|memory_cell:inst7|inst   ; |PD|ram:inst|4x32ram:inst6|4x4ram:inst4|memory_cell:inst7|inst   ; regout           ;
; |PD|ram:inst|4x32ram:inst6|4x4ram:inst4|memory_cell:inst1|inst3  ; |PD|ram:inst|4x32ram:inst6|4x4ram:inst4|memory_cell:inst1|inst3  ; out              ;
; |PD|ram:inst|4x32ram:inst6|4x4ram:inst4|memory_cell:inst1|inst   ; |PD|ram:inst|4x32ram:inst6|4x4ram:inst4|memory_cell:inst1|inst   ; regout           ;
; |PD|ram:inst|4x32ram:inst6|4x4ram:inst4|memory_cell:inst16|inst3 ; |PD|ram:inst|4x32ram:inst6|4x4ram:inst4|memory_cell:inst16|inst3 ; out              ;
; |PD|ram:inst|4x32ram:inst6|4x4ram:inst4|memory_cell:inst16|inst  ; |PD|ram:inst|4x32ram:inst6|4x4ram:inst4|memory_cell:inst16|inst  ; regout           ;
; |PD|ram:inst|4x32ram:inst6|4x4ram:inst4|memory_cell:inst14|inst3 ; |PD|ram:inst|4x32ram:inst6|4x4ram:inst4|memory_cell:inst14|inst3 ; out              ;
; |PD|ram:inst|4x32ram:inst6|4x4ram:inst4|memory_cell:inst14|inst  ; |PD|ram:inst|4x32ram:inst6|4x4ram:inst4|memory_cell:inst14|inst  ; regout           ;
; |PD|ram:inst|4x32ram:inst6|4x4ram:inst4|memory_cell:inst12|inst3 ; |PD|ram:inst|4x32ram:inst6|4x4ram:inst4|memory_cell:inst12|inst3 ; out              ;
; |PD|ram:inst|4x32ram:inst6|4x4ram:inst4|memory_cell:inst12|inst  ; |PD|ram:inst|4x32ram:inst6|4x4ram:inst4|memory_cell:inst12|inst  ; regout           ;
; |PD|ram:inst|4x32ram:inst6|4x4ram:inst4|memory_cell:inst10|inst3 ; |PD|ram:inst|4x32ram:inst6|4x4ram:inst4|memory_cell:inst10|inst3 ; out              ;
; |PD|ram:inst|4x32ram:inst6|4x4ram:inst4|memory_cell:inst10|inst  ; |PD|ram:inst|4x32ram:inst6|4x4ram:inst4|memory_cell:inst10|inst  ; regout           ;
; |PD|ram:inst|4x32ram:inst6|4x4ram:inst4|memory_cell:inst15|inst3 ; |PD|ram:inst|4x32ram:inst6|4x4ram:inst4|memory_cell:inst15|inst3 ; out              ;
; |PD|ram:inst|4x32ram:inst6|4x4ram:inst4|memory_cell:inst15|inst  ; |PD|ram:inst|4x32ram:inst6|4x4ram:inst4|memory_cell:inst15|inst  ; regout           ;
; |PD|ram:inst|4x32ram:inst6|4x4ram:inst4|memory_cell:inst13|inst3 ; |PD|ram:inst|4x32ram:inst6|4x4ram:inst4|memory_cell:inst13|inst3 ; out              ;
; |PD|ram:inst|4x32ram:inst6|4x4ram:inst4|memory_cell:inst13|inst  ; |PD|ram:inst|4x32ram:inst6|4x4ram:inst4|memory_cell:inst13|inst  ; regout           ;
; |PD|ram:inst|4x32ram:inst6|4x4ram:inst4|memory_cell:inst11|inst3 ; |PD|ram:inst|4x32ram:inst6|4x4ram:inst4|memory_cell:inst11|inst3 ; out              ;
; |PD|ram:inst|4x32ram:inst6|4x4ram:inst4|memory_cell:inst11|inst  ; |PD|ram:inst|4x32ram:inst6|4x4ram:inst4|memory_cell:inst11|inst  ; regout           ;
; |PD|ram:inst|4x32ram:inst6|4x4ram:inst4|memory_cell:inst9|inst3  ; |PD|ram:inst|4x32ram:inst6|4x4ram:inst4|memory_cell:inst9|inst3  ; out              ;
; |PD|ram:inst|4x32ram:inst6|4x4ram:inst4|memory_cell:inst9|inst   ; |PD|ram:inst|4x32ram:inst6|4x4ram:inst4|memory_cell:inst9|inst   ; regout           ;
; |PD|ram:inst|4x32ram:inst6|4x4ram:inst4|memory_cell:inst8|inst3  ; |PD|ram:inst|4x32ram:inst6|4x4ram:inst4|memory_cell:inst8|inst3  ; out              ;
; |PD|ram:inst|4x32ram:inst6|4x4ram:inst4|memory_cell:inst8|inst   ; |PD|ram:inst|4x32ram:inst6|4x4ram:inst4|memory_cell:inst8|inst   ; regout           ;
; |PD|ram:inst|4x32ram:inst6|4x4ram:inst4|memory_cell:inst6|inst3  ; |PD|ram:inst|4x32ram:inst6|4x4ram:inst4|memory_cell:inst6|inst3  ; out              ;
; |PD|ram:inst|4x32ram:inst6|4x4ram:inst4|memory_cell:inst6|inst   ; |PD|ram:inst|4x32ram:inst6|4x4ram:inst4|memory_cell:inst6|inst   ; regout           ;
; |PD|ram:inst|4x32ram:inst6|4x4ram:inst4|memory_cell:inst4|inst3  ; |PD|ram:inst|4x32ram:inst6|4x4ram:inst4|memory_cell:inst4|inst3  ; out              ;
; |PD|ram:inst|4x32ram:inst6|4x4ram:inst4|memory_cell:inst4|inst   ; |PD|ram:inst|4x32ram:inst6|4x4ram:inst4|memory_cell:inst4|inst   ; regout           ;
; |PD|ram:inst|4x32ram:inst6|4x4ram:inst4|memory_cell:inst2|inst3  ; |PD|ram:inst|4x32ram:inst6|4x4ram:inst4|memory_cell:inst2|inst3  ; out              ;
; |PD|ram:inst|4x32ram:inst6|4x4ram:inst4|memory_cell:inst2|inst   ; |PD|ram:inst|4x32ram:inst6|4x4ram:inst4|memory_cell:inst2|inst   ; regout           ;
; |PD|ram:inst|4x32ram:inst6|4x4ram:inst3|inst20                   ; |PD|ram:inst|4x32ram:inst6|4x4ram:inst3|inst20                   ; out              ;
; |PD|ram:inst|4x32ram:inst6|4x4ram:inst3|IN~0                     ; |PD|ram:inst|4x32ram:inst6|4x4ram:inst3|IN~0                     ; out0             ;
; |PD|ram:inst|4x32ram:inst6|4x4ram:inst3|inst21                   ; |PD|ram:inst|4x32ram:inst6|4x4ram:inst3|inst21                   ; out              ;
; |PD|ram:inst|4x32ram:inst6|4x4ram:inst3|IN~1                     ; |PD|ram:inst|4x32ram:inst6|4x4ram:inst3|IN~1                     ; out0             ;
; |PD|ram:inst|4x32ram:inst6|4x4ram:inst3|inst22                   ; |PD|ram:inst|4x32ram:inst6|4x4ram:inst3|inst22                   ; out              ;
; |PD|ram:inst|4x32ram:inst6|4x4ram:inst3|IN~2                     ; |PD|ram:inst|4x32ram:inst6|4x4ram:inst3|IN~2                     ; out0             ;
; |PD|ram:inst|4x32ram:inst6|4x4ram:inst3|inst19                   ; |PD|ram:inst|4x32ram:inst6|4x4ram:inst3|inst19                   ; out              ;
; |PD|ram:inst|4x32ram:inst6|4x4ram:inst3|IN~3                     ; |PD|ram:inst|4x32ram:inst6|4x4ram:inst3|IN~3                     ; out0             ;
; |PD|ram:inst|4x32ram:inst6|4x4ram:inst3|memory_cell:inst3|inst3  ; |PD|ram:inst|4x32ram:inst6|4x4ram:inst3|memory_cell:inst3|inst3  ; out              ;
; |PD|ram:inst|4x32ram:inst6|4x4ram:inst3|memory_cell:inst3|inst   ; |PD|ram:inst|4x32ram:inst6|4x4ram:inst3|memory_cell:inst3|inst   ; regout           ;
; |PD|ram:inst|4x32ram:inst6|4x4ram:inst3|memory_cell:inst5|inst3  ; |PD|ram:inst|4x32ram:inst6|4x4ram:inst3|memory_cell:inst5|inst3  ; out              ;
; |PD|ram:inst|4x32ram:inst6|4x4ram:inst3|memory_cell:inst5|inst   ; |PD|ram:inst|4x32ram:inst6|4x4ram:inst3|memory_cell:inst5|inst   ; regout           ;
; |PD|ram:inst|4x32ram:inst6|4x4ram:inst3|memory_cell:inst7|inst3  ; |PD|ram:inst|4x32ram:inst6|4x4ram:inst3|memory_cell:inst7|inst3  ; out              ;
; |PD|ram:inst|4x32ram:inst6|4x4ram:inst3|memory_cell:inst7|inst   ; |PD|ram:inst|4x32ram:inst6|4x4ram:inst3|memory_cell:inst7|inst   ; regout           ;
; |PD|ram:inst|4x32ram:inst6|4x4ram:inst3|memory_cell:inst1|inst3  ; |PD|ram:inst|4x32ram:inst6|4x4ram:inst3|memory_cell:inst1|inst3  ; out              ;
; |PD|ram:inst|4x32ram:inst6|4x4ram:inst3|memory_cell:inst1|inst   ; |PD|ram:inst|4x32ram:inst6|4x4ram:inst3|memory_cell:inst1|inst   ; regout           ;
; |PD|ram:inst|4x32ram:inst6|4x4ram:inst3|memory_cell:inst16|inst3 ; |PD|ram:inst|4x32ram:inst6|4x4ram:inst3|memory_cell:inst16|inst3 ; out              ;
; |PD|ram:inst|4x32ram:inst6|4x4ram:inst3|memory_cell:inst16|inst  ; |PD|ram:inst|4x32ram:inst6|4x4ram:inst3|memory_cell:inst16|inst  ; regout           ;
; |PD|ram:inst|4x32ram:inst6|4x4ram:inst3|memory_cell:inst14|inst3 ; |PD|ram:inst|4x32ram:inst6|4x4ram:inst3|memory_cell:inst14|inst3 ; out              ;
; |PD|ram:inst|4x32ram:inst6|4x4ram:inst3|memory_cell:inst14|inst  ; |PD|ram:inst|4x32ram:inst6|4x4ram:inst3|memory_cell:inst14|inst  ; regout           ;
; |PD|ram:inst|4x32ram:inst6|4x4ram:inst3|memory_cell:inst12|inst3 ; |PD|ram:inst|4x32ram:inst6|4x4ram:inst3|memory_cell:inst12|inst3 ; out              ;
; |PD|ram:inst|4x32ram:inst6|4x4ram:inst3|memory_cell:inst12|inst  ; |PD|ram:inst|4x32ram:inst6|4x4ram:inst3|memory_cell:inst12|inst  ; regout           ;
; |PD|ram:inst|4x32ram:inst6|4x4ram:inst3|memory_cell:inst10|inst3 ; |PD|ram:inst|4x32ram:inst6|4x4ram:inst3|memory_cell:inst10|inst3 ; out              ;
; |PD|ram:inst|4x32ram:inst6|4x4ram:inst3|memory_cell:inst10|inst  ; |PD|ram:inst|4x32ram:inst6|4x4ram:inst3|memory_cell:inst10|inst  ; regout           ;
; |PD|ram:inst|4x32ram:inst6|4x4ram:inst3|memory_cell:inst15|inst3 ; |PD|ram:inst|4x32ram:inst6|4x4ram:inst3|memory_cell:inst15|inst3 ; out              ;
; |PD|ram:inst|4x32ram:inst6|4x4ram:inst3|memory_cell:inst15|inst  ; |PD|ram:inst|4x32ram:inst6|4x4ram:inst3|memory_cell:inst15|inst  ; regout           ;
; |PD|ram:inst|4x32ram:inst6|4x4ram:inst3|memory_cell:inst13|inst3 ; |PD|ram:inst|4x32ram:inst6|4x4ram:inst3|memory_cell:inst13|inst3 ; out              ;
; |PD|ram:inst|4x32ram:inst6|4x4ram:inst3|memory_cell:inst13|inst  ; |PD|ram:inst|4x32ram:inst6|4x4ram:inst3|memory_cell:inst13|inst  ; regout           ;
; |PD|ram:inst|4x32ram:inst6|4x4ram:inst3|memory_cell:inst11|inst3 ; |PD|ram:inst|4x32ram:inst6|4x4ram:inst3|memory_cell:inst11|inst3 ; out              ;
; |PD|ram:inst|4x32ram:inst6|4x4ram:inst3|memory_cell:inst11|inst  ; |PD|ram:inst|4x32ram:inst6|4x4ram:inst3|memory_cell:inst11|inst  ; regout           ;
; |PD|ram:inst|4x32ram:inst6|4x4ram:inst3|memory_cell:inst9|inst3  ; |PD|ram:inst|4x32ram:inst6|4x4ram:inst3|memory_cell:inst9|inst3  ; out              ;
; |PD|ram:inst|4x32ram:inst6|4x4ram:inst3|memory_cell:inst9|inst   ; |PD|ram:inst|4x32ram:inst6|4x4ram:inst3|memory_cell:inst9|inst   ; regout           ;
; |PD|ram:inst|4x32ram:inst6|4x4ram:inst3|memory_cell:inst8|inst3  ; |PD|ram:inst|4x32ram:inst6|4x4ram:inst3|memory_cell:inst8|inst3  ; out              ;
; |PD|ram:inst|4x32ram:inst6|4x4ram:inst3|memory_cell:inst8|inst   ; |PD|ram:inst|4x32ram:inst6|4x4ram:inst3|memory_cell:inst8|inst   ; regout           ;
; |PD|ram:inst|4x32ram:inst6|4x4ram:inst3|memory_cell:inst6|inst3  ; |PD|ram:inst|4x32ram:inst6|4x4ram:inst3|memory_cell:inst6|inst3  ; out              ;
; |PD|ram:inst|4x32ram:inst6|4x4ram:inst3|memory_cell:inst6|inst   ; |PD|ram:inst|4x32ram:inst6|4x4ram:inst3|memory_cell:inst6|inst   ; regout           ;
; |PD|ram:inst|4x32ram:inst6|4x4ram:inst3|memory_cell:inst4|inst3  ; |PD|ram:inst|4x32ram:inst6|4x4ram:inst3|memory_cell:inst4|inst3  ; out              ;
; |PD|ram:inst|4x32ram:inst6|4x4ram:inst3|memory_cell:inst4|inst   ; |PD|ram:inst|4x32ram:inst6|4x4ram:inst3|memory_cell:inst4|inst   ; regout           ;
; |PD|ram:inst|4x32ram:inst6|4x4ram:inst3|memory_cell:inst2|inst3  ; |PD|ram:inst|4x32ram:inst6|4x4ram:inst3|memory_cell:inst2|inst3  ; out              ;
; |PD|ram:inst|4x32ram:inst6|4x4ram:inst3|memory_cell:inst2|inst   ; |PD|ram:inst|4x32ram:inst6|4x4ram:inst3|memory_cell:inst2|inst   ; regout           ;
; |PD|ram:inst|4x32ram:inst6|4x4ram:inst1|inst20                   ; |PD|ram:inst|4x32ram:inst6|4x4ram:inst1|inst20                   ; out              ;
; |PD|ram:inst|4x32ram:inst6|4x4ram:inst1|IN~0                     ; |PD|ram:inst|4x32ram:inst6|4x4ram:inst1|IN~0                     ; out0             ;
; |PD|ram:inst|4x32ram:inst6|4x4ram:inst1|inst21                   ; |PD|ram:inst|4x32ram:inst6|4x4ram:inst1|inst21                   ; out              ;
; |PD|ram:inst|4x32ram:inst6|4x4ram:inst1|IN~1                     ; |PD|ram:inst|4x32ram:inst6|4x4ram:inst1|IN~1                     ; out0             ;
; |PD|ram:inst|4x32ram:inst6|4x4ram:inst1|inst22                   ; |PD|ram:inst|4x32ram:inst6|4x4ram:inst1|inst22                   ; out              ;
; |PD|ram:inst|4x32ram:inst6|4x4ram:inst1|IN~2                     ; |PD|ram:inst|4x32ram:inst6|4x4ram:inst1|IN~2                     ; out0             ;
; |PD|ram:inst|4x32ram:inst6|4x4ram:inst1|inst19                   ; |PD|ram:inst|4x32ram:inst6|4x4ram:inst1|inst19                   ; out              ;
; |PD|ram:inst|4x32ram:inst6|4x4ram:inst1|IN~3                     ; |PD|ram:inst|4x32ram:inst6|4x4ram:inst1|IN~3                     ; out0             ;
; |PD|ram:inst|4x32ram:inst6|4x4ram:inst1|memory_cell:inst3|inst3  ; |PD|ram:inst|4x32ram:inst6|4x4ram:inst1|memory_cell:inst3|inst3  ; out              ;
; |PD|ram:inst|4x32ram:inst6|4x4ram:inst1|memory_cell:inst3|inst   ; |PD|ram:inst|4x32ram:inst6|4x4ram:inst1|memory_cell:inst3|inst   ; regout           ;
; |PD|ram:inst|4x32ram:inst6|4x4ram:inst1|memory_cell:inst5|inst3  ; |PD|ram:inst|4x32ram:inst6|4x4ram:inst1|memory_cell:inst5|inst3  ; out              ;
; |PD|ram:inst|4x32ram:inst6|4x4ram:inst1|memory_cell:inst5|inst   ; |PD|ram:inst|4x32ram:inst6|4x4ram:inst1|memory_cell:inst5|inst   ; regout           ;
; |PD|ram:inst|4x32ram:inst6|4x4ram:inst1|memory_cell:inst7|inst3  ; |PD|ram:inst|4x32ram:inst6|4x4ram:inst1|memory_cell:inst7|inst3  ; out              ;
; |PD|ram:inst|4x32ram:inst6|4x4ram:inst1|memory_cell:inst7|inst   ; |PD|ram:inst|4x32ram:inst6|4x4ram:inst1|memory_cell:inst7|inst   ; regout           ;
; |PD|ram:inst|4x32ram:inst6|4x4ram:inst1|memory_cell:inst1|inst3  ; |PD|ram:inst|4x32ram:inst6|4x4ram:inst1|memory_cell:inst1|inst3  ; out              ;
; |PD|ram:inst|4x32ram:inst6|4x4ram:inst1|memory_cell:inst1|inst   ; |PD|ram:inst|4x32ram:inst6|4x4ram:inst1|memory_cell:inst1|inst   ; regout           ;
; |PD|ram:inst|4x32ram:inst6|4x4ram:inst1|memory_cell:inst16|inst3 ; |PD|ram:inst|4x32ram:inst6|4x4ram:inst1|memory_cell:inst16|inst3 ; out              ;
; |PD|ram:inst|4x32ram:inst6|4x4ram:inst1|memory_cell:inst16|inst  ; |PD|ram:inst|4x32ram:inst6|4x4ram:inst1|memory_cell:inst16|inst  ; regout           ;
; |PD|ram:inst|4x32ram:inst6|4x4ram:inst1|memory_cell:inst14|inst3 ; |PD|ram:inst|4x32ram:inst6|4x4ram:inst1|memory_cell:inst14|inst3 ; out              ;
; |PD|ram:inst|4x32ram:inst6|4x4ram:inst1|memory_cell:inst14|inst  ; |PD|ram:inst|4x32ram:inst6|4x4ram:inst1|memory_cell:inst14|inst  ; regout           ;
; |PD|ram:inst|4x32ram:inst6|4x4ram:inst1|memory_cell:inst12|inst3 ; |PD|ram:inst|4x32ram:inst6|4x4ram:inst1|memory_cell:inst12|inst3 ; out              ;
; |PD|ram:inst|4x32ram:inst6|4x4ram:inst1|memory_cell:inst12|inst  ; |PD|ram:inst|4x32ram:inst6|4x4ram:inst1|memory_cell:inst12|inst  ; regout           ;
; |PD|ram:inst|4x32ram:inst6|4x4ram:inst1|memory_cell:inst10|inst3 ; |PD|ram:inst|4x32ram:inst6|4x4ram:inst1|memory_cell:inst10|inst3 ; out              ;
; |PD|ram:inst|4x32ram:inst6|4x4ram:inst1|memory_cell:inst10|inst  ; |PD|ram:inst|4x32ram:inst6|4x4ram:inst1|memory_cell:inst10|inst  ; regout           ;
; |PD|ram:inst|4x32ram:inst6|4x4ram:inst1|memory_cell:inst15|inst3 ; |PD|ram:inst|4x32ram:inst6|4x4ram:inst1|memory_cell:inst15|inst3 ; out              ;
; |PD|ram:inst|4x32ram:inst6|4x4ram:inst1|memory_cell:inst15|inst  ; |PD|ram:inst|4x32ram:inst6|4x4ram:inst1|memory_cell:inst15|inst  ; regout           ;
; |PD|ram:inst|4x32ram:inst6|4x4ram:inst1|memory_cell:inst13|inst3 ; |PD|ram:inst|4x32ram:inst6|4x4ram:inst1|memory_cell:inst13|inst3 ; out              ;
; |PD|ram:inst|4x32ram:inst6|4x4ram:inst1|memory_cell:inst13|inst  ; |PD|ram:inst|4x32ram:inst6|4x4ram:inst1|memory_cell:inst13|inst  ; regout           ;
; |PD|ram:inst|4x32ram:inst6|4x4ram:inst1|memory_cell:inst11|inst3 ; |PD|ram:inst|4x32ram:inst6|4x4ram:inst1|memory_cell:inst11|inst3 ; out              ;
; |PD|ram:inst|4x32ram:inst6|4x4ram:inst1|memory_cell:inst11|inst  ; |PD|ram:inst|4x32ram:inst6|4x4ram:inst1|memory_cell:inst11|inst  ; regout           ;
; |PD|ram:inst|4x32ram:inst6|4x4ram:inst1|memory_cell:inst9|inst3  ; |PD|ram:inst|4x32ram:inst6|4x4ram:inst1|memory_cell:inst9|inst3  ; out              ;
; |PD|ram:inst|4x32ram:inst6|4x4ram:inst1|memory_cell:inst9|inst   ; |PD|ram:inst|4x32ram:inst6|4x4ram:inst1|memory_cell:inst9|inst   ; regout           ;
; |PD|ram:inst|4x32ram:inst6|4x4ram:inst1|memory_cell:inst8|inst3  ; |PD|ram:inst|4x32ram:inst6|4x4ram:inst1|memory_cell:inst8|inst3  ; out              ;
; |PD|ram:inst|4x32ram:inst6|4x4ram:inst1|memory_cell:inst8|inst   ; |PD|ram:inst|4x32ram:inst6|4x4ram:inst1|memory_cell:inst8|inst   ; regout           ;
; |PD|ram:inst|4x32ram:inst6|4x4ram:inst1|memory_cell:inst6|inst3  ; |PD|ram:inst|4x32ram:inst6|4x4ram:inst1|memory_cell:inst6|inst3  ; out              ;
; |PD|ram:inst|4x32ram:inst6|4x4ram:inst1|memory_cell:inst6|inst   ; |PD|ram:inst|4x32ram:inst6|4x4ram:inst1|memory_cell:inst6|inst   ; regout           ;
; |PD|ram:inst|4x32ram:inst6|4x4ram:inst1|memory_cell:inst4|inst3  ; |PD|ram:inst|4x32ram:inst6|4x4ram:inst1|memory_cell:inst4|inst3  ; out              ;
; |PD|ram:inst|4x32ram:inst6|4x4ram:inst1|memory_cell:inst4|inst   ; |PD|ram:inst|4x32ram:inst6|4x4ram:inst1|memory_cell:inst4|inst   ; regout           ;
; |PD|ram:inst|4x32ram:inst6|4x4ram:inst1|memory_cell:inst2|inst3  ; |PD|ram:inst|4x32ram:inst6|4x4ram:inst1|memory_cell:inst2|inst3  ; out              ;
; |PD|ram:inst|4x32ram:inst6|4x4ram:inst1|memory_cell:inst2|inst   ; |PD|ram:inst|4x32ram:inst6|4x4ram:inst1|memory_cell:inst2|inst   ; regout           ;
; |PD|ram:inst|4x32ram:inst6|4x4ram:inst|inst20                    ; |PD|ram:inst|4x32ram:inst6|4x4ram:inst|inst20                    ; out              ;
; |PD|ram:inst|4x32ram:inst6|4x4ram:inst|IN~0                      ; |PD|ram:inst|4x32ram:inst6|4x4ram:inst|IN~0                      ; out0             ;
; |PD|ram:inst|4x32ram:inst6|4x4ram:inst|inst21                    ; |PD|ram:inst|4x32ram:inst6|4x4ram:inst|inst21                    ; out              ;
; |PD|ram:inst|4x32ram:inst6|4x4ram:inst|IN~1                      ; |PD|ram:inst|4x32ram:inst6|4x4ram:inst|IN~1                      ; out0             ;
; |PD|ram:inst|4x32ram:inst6|4x4ram:inst|inst22                    ; |PD|ram:inst|4x32ram:inst6|4x4ram:inst|inst22                    ; out              ;
; |PD|ram:inst|4x32ram:inst6|4x4ram:inst|IN~2                      ; |PD|ram:inst|4x32ram:inst6|4x4ram:inst|IN~2                      ; out0             ;
; |PD|ram:inst|4x32ram:inst6|4x4ram:inst|inst19                    ; |PD|ram:inst|4x32ram:inst6|4x4ram:inst|inst19                    ; out              ;
; |PD|ram:inst|4x32ram:inst6|4x4ram:inst|IN~3                      ; |PD|ram:inst|4x32ram:inst6|4x4ram:inst|IN~3                      ; out0             ;
; |PD|ram:inst|4x32ram:inst6|4x4ram:inst|memory_cell:inst3|inst3   ; |PD|ram:inst|4x32ram:inst6|4x4ram:inst|memory_cell:inst3|inst3   ; out              ;
; |PD|ram:inst|4x32ram:inst6|4x4ram:inst|memory_cell:inst3|inst    ; |PD|ram:inst|4x32ram:inst6|4x4ram:inst|memory_cell:inst3|inst    ; regout           ;
; |PD|ram:inst|4x32ram:inst6|4x4ram:inst|memory_cell:inst5|inst3   ; |PD|ram:inst|4x32ram:inst6|4x4ram:inst|memory_cell:inst5|inst3   ; out              ;
; |PD|ram:inst|4x32ram:inst6|4x4ram:inst|memory_cell:inst5|inst    ; |PD|ram:inst|4x32ram:inst6|4x4ram:inst|memory_cell:inst5|inst    ; regout           ;
; |PD|ram:inst|4x32ram:inst6|4x4ram:inst|memory_cell:inst7|inst3   ; |PD|ram:inst|4x32ram:inst6|4x4ram:inst|memory_cell:inst7|inst3   ; out              ;
; |PD|ram:inst|4x32ram:inst6|4x4ram:inst|memory_cell:inst7|inst    ; |PD|ram:inst|4x32ram:inst6|4x4ram:inst|memory_cell:inst7|inst    ; regout           ;
; |PD|ram:inst|4x32ram:inst6|4x4ram:inst|memory_cell:inst1|inst3   ; |PD|ram:inst|4x32ram:inst6|4x4ram:inst|memory_cell:inst1|inst3   ; out              ;
; |PD|ram:inst|4x32ram:inst6|4x4ram:inst|memory_cell:inst1|inst    ; |PD|ram:inst|4x32ram:inst6|4x4ram:inst|memory_cell:inst1|inst    ; regout           ;
; |PD|ram:inst|4x32ram:inst6|4x4ram:inst|memory_cell:inst16|inst3  ; |PD|ram:inst|4x32ram:inst6|4x4ram:inst|memory_cell:inst16|inst3  ; out              ;
; |PD|ram:inst|4x32ram:inst6|4x4ram:inst|memory_cell:inst16|inst   ; |PD|ram:inst|4x32ram:inst6|4x4ram:inst|memory_cell:inst16|inst   ; regout           ;
; |PD|ram:inst|4x32ram:inst6|4x4ram:inst|memory_cell:inst14|inst3  ; |PD|ram:inst|4x32ram:inst6|4x4ram:inst|memory_cell:inst14|inst3  ; out              ;
; |PD|ram:inst|4x32ram:inst6|4x4ram:inst|memory_cell:inst14|inst   ; |PD|ram:inst|4x32ram:inst6|4x4ram:inst|memory_cell:inst14|inst   ; regout           ;
; |PD|ram:inst|4x32ram:inst6|4x4ram:inst|memory_cell:inst12|inst3  ; |PD|ram:inst|4x32ram:inst6|4x4ram:inst|memory_cell:inst12|inst3  ; out              ;
; |PD|ram:inst|4x32ram:inst6|4x4ram:inst|memory_cell:inst12|inst   ; |PD|ram:inst|4x32ram:inst6|4x4ram:inst|memory_cell:inst12|inst   ; regout           ;
; |PD|ram:inst|4x32ram:inst6|4x4ram:inst|memory_cell:inst10|inst3  ; |PD|ram:inst|4x32ram:inst6|4x4ram:inst|memory_cell:inst10|inst3  ; out              ;
; |PD|ram:inst|4x32ram:inst6|4x4ram:inst|memory_cell:inst10|inst   ; |PD|ram:inst|4x32ram:inst6|4x4ram:inst|memory_cell:inst10|inst   ; regout           ;
; |PD|ram:inst|4x32ram:inst6|4x4ram:inst|memory_cell:inst15|inst3  ; |PD|ram:inst|4x32ram:inst6|4x4ram:inst|memory_cell:inst15|inst3  ; out              ;
; |PD|ram:inst|4x32ram:inst6|4x4ram:inst|memory_cell:inst15|inst   ; |PD|ram:inst|4x32ram:inst6|4x4ram:inst|memory_cell:inst15|inst   ; regout           ;
; |PD|ram:inst|4x32ram:inst6|4x4ram:inst|memory_cell:inst13|inst3  ; |PD|ram:inst|4x32ram:inst6|4x4ram:inst|memory_cell:inst13|inst3  ; out              ;
; |PD|ram:inst|4x32ram:inst6|4x4ram:inst|memory_cell:inst13|inst   ; |PD|ram:inst|4x32ram:inst6|4x4ram:inst|memory_cell:inst13|inst   ; regout           ;
; |PD|ram:inst|4x32ram:inst6|4x4ram:inst|memory_cell:inst11|inst3  ; |PD|ram:inst|4x32ram:inst6|4x4ram:inst|memory_cell:inst11|inst3  ; out              ;
; |PD|ram:inst|4x32ram:inst6|4x4ram:inst|memory_cell:inst11|inst   ; |PD|ram:inst|4x32ram:inst6|4x4ram:inst|memory_cell:inst11|inst   ; regout           ;
; |PD|ram:inst|4x32ram:inst6|4x4ram:inst|memory_cell:inst9|inst3   ; |PD|ram:inst|4x32ram:inst6|4x4ram:inst|memory_cell:inst9|inst3   ; out              ;
; |PD|ram:inst|4x32ram:inst6|4x4ram:inst|memory_cell:inst9|inst    ; |PD|ram:inst|4x32ram:inst6|4x4ram:inst|memory_cell:inst9|inst    ; regout           ;
; |PD|ram:inst|4x32ram:inst6|4x4ram:inst|memory_cell:inst8|inst3   ; |PD|ram:inst|4x32ram:inst6|4x4ram:inst|memory_cell:inst8|inst3   ; out              ;
; |PD|ram:inst|4x32ram:inst6|4x4ram:inst|memory_cell:inst8|inst    ; |PD|ram:inst|4x32ram:inst6|4x4ram:inst|memory_cell:inst8|inst    ; regout           ;
; |PD|ram:inst|4x32ram:inst6|4x4ram:inst|memory_cell:inst6|inst3   ; |PD|ram:inst|4x32ram:inst6|4x4ram:inst|memory_cell:inst6|inst3   ; out              ;
; |PD|ram:inst|4x32ram:inst6|4x4ram:inst|memory_cell:inst6|inst    ; |PD|ram:inst|4x32ram:inst6|4x4ram:inst|memory_cell:inst6|inst    ; regout           ;
; |PD|ram:inst|4x32ram:inst6|4x4ram:inst|memory_cell:inst4|inst3   ; |PD|ram:inst|4x32ram:inst6|4x4ram:inst|memory_cell:inst4|inst3   ; out              ;
; |PD|ram:inst|4x32ram:inst6|4x4ram:inst|memory_cell:inst4|inst    ; |PD|ram:inst|4x32ram:inst6|4x4ram:inst|memory_cell:inst4|inst    ; regout           ;
; |PD|ram:inst|4x32ram:inst6|4x4ram:inst|memory_cell:inst2|inst3   ; |PD|ram:inst|4x32ram:inst6|4x4ram:inst|memory_cell:inst2|inst3   ; out              ;
; |PD|ram:inst|4x32ram:inst6|4x4ram:inst|memory_cell:inst2|inst    ; |PD|ram:inst|4x32ram:inst6|4x4ram:inst|memory_cell:inst2|inst    ; regout           ;
; |PD|ram:inst|4x32ram:inst5|4x4ram:inst8|memory_cell:inst16|inst3 ; |PD|ram:inst|4x32ram:inst5|4x4ram:inst8|memory_cell:inst16|inst3 ; out              ;
; |PD|ram:inst|4x32ram:inst5|4x4ram:inst8|memory_cell:inst16|inst  ; |PD|ram:inst|4x32ram:inst5|4x4ram:inst8|memory_cell:inst16|inst  ; regout           ;
; |PD|ram:inst|4x32ram:inst5|4x4ram:inst8|memory_cell:inst12|inst3 ; |PD|ram:inst|4x32ram:inst5|4x4ram:inst8|memory_cell:inst12|inst3 ; out              ;
; |PD|ram:inst|4x32ram:inst5|4x4ram:inst8|memory_cell:inst12|inst  ; |PD|ram:inst|4x32ram:inst5|4x4ram:inst8|memory_cell:inst12|inst  ; regout           ;
; |PD|ram:inst|4x32ram:inst5|4x4ram:inst8|memory_cell:inst15|inst3 ; |PD|ram:inst|4x32ram:inst5|4x4ram:inst8|memory_cell:inst15|inst3 ; out              ;
; |PD|ram:inst|4x32ram:inst5|4x4ram:inst8|memory_cell:inst15|inst  ; |PD|ram:inst|4x32ram:inst5|4x4ram:inst8|memory_cell:inst15|inst  ; regout           ;
; |PD|ram:inst|4x32ram:inst5|4x4ram:inst8|memory_cell:inst9|inst3  ; |PD|ram:inst|4x32ram:inst5|4x4ram:inst8|memory_cell:inst9|inst3  ; out              ;
; |PD|ram:inst|4x32ram:inst5|4x4ram:inst8|memory_cell:inst9|inst   ; |PD|ram:inst|4x32ram:inst5|4x4ram:inst8|memory_cell:inst9|inst   ; regout           ;
; |PD|ram:inst|4x32ram:inst5|4x4ram:inst8|memory_cell:inst6|inst3  ; |PD|ram:inst|4x32ram:inst5|4x4ram:inst8|memory_cell:inst6|inst3  ; out              ;
; |PD|ram:inst|4x32ram:inst5|4x4ram:inst8|memory_cell:inst6|inst   ; |PD|ram:inst|4x32ram:inst5|4x4ram:inst8|memory_cell:inst6|inst   ; regout           ;
; |PD|ram:inst|4x32ram:inst5|4x4ram:inst8|memory_cell:inst4|inst3  ; |PD|ram:inst|4x32ram:inst5|4x4ram:inst8|memory_cell:inst4|inst3  ; out              ;
; |PD|ram:inst|4x32ram:inst5|4x4ram:inst8|memory_cell:inst4|inst   ; |PD|ram:inst|4x32ram:inst5|4x4ram:inst8|memory_cell:inst4|inst   ; regout           ;
; |PD|ram:inst|4x32ram:inst5|4x4ram:inst8|memory_cell:inst2|inst3  ; |PD|ram:inst|4x32ram:inst5|4x4ram:inst8|memory_cell:inst2|inst3  ; out              ;
; |PD|ram:inst|4x32ram:inst5|4x4ram:inst8|memory_cell:inst2|inst   ; |PD|ram:inst|4x32ram:inst5|4x4ram:inst8|memory_cell:inst2|inst   ; regout           ;
; |PD|ram:inst|4x32ram:inst5|4x4ram:inst7|inst20                   ; |PD|ram:inst|4x32ram:inst5|4x4ram:inst7|inst20                   ; out              ;
; |PD|ram:inst|4x32ram:inst5|4x4ram:inst7|IN~0                     ; |PD|ram:inst|4x32ram:inst5|4x4ram:inst7|IN~0                     ; out0             ;
; |PD|ram:inst|4x32ram:inst5|4x4ram:inst7|inst21                   ; |PD|ram:inst|4x32ram:inst5|4x4ram:inst7|inst21                   ; out              ;
; |PD|ram:inst|4x32ram:inst5|4x4ram:inst7|IN~1                     ; |PD|ram:inst|4x32ram:inst5|4x4ram:inst7|IN~1                     ; out0             ;
; |PD|ram:inst|4x32ram:inst5|4x4ram:inst7|inst22                   ; |PD|ram:inst|4x32ram:inst5|4x4ram:inst7|inst22                   ; out              ;
; |PD|ram:inst|4x32ram:inst5|4x4ram:inst7|IN~2                     ; |PD|ram:inst|4x32ram:inst5|4x4ram:inst7|IN~2                     ; out0             ;
; |PD|ram:inst|4x32ram:inst5|4x4ram:inst7|inst19                   ; |PD|ram:inst|4x32ram:inst5|4x4ram:inst7|inst19                   ; out              ;
; |PD|ram:inst|4x32ram:inst5|4x4ram:inst7|IN~3                     ; |PD|ram:inst|4x32ram:inst5|4x4ram:inst7|IN~3                     ; out0             ;
; |PD|ram:inst|4x32ram:inst5|4x4ram:inst7|memory_cell:inst3|inst3  ; |PD|ram:inst|4x32ram:inst5|4x4ram:inst7|memory_cell:inst3|inst3  ; out              ;
; |PD|ram:inst|4x32ram:inst5|4x4ram:inst7|memory_cell:inst3|inst   ; |PD|ram:inst|4x32ram:inst5|4x4ram:inst7|memory_cell:inst3|inst   ; regout           ;
; |PD|ram:inst|4x32ram:inst5|4x4ram:inst7|memory_cell:inst5|inst3  ; |PD|ram:inst|4x32ram:inst5|4x4ram:inst7|memory_cell:inst5|inst3  ; out              ;
; |PD|ram:inst|4x32ram:inst5|4x4ram:inst7|memory_cell:inst5|inst   ; |PD|ram:inst|4x32ram:inst5|4x4ram:inst7|memory_cell:inst5|inst   ; regout           ;
; |PD|ram:inst|4x32ram:inst5|4x4ram:inst7|memory_cell:inst7|inst3  ; |PD|ram:inst|4x32ram:inst5|4x4ram:inst7|memory_cell:inst7|inst3  ; out              ;
; |PD|ram:inst|4x32ram:inst5|4x4ram:inst7|memory_cell:inst7|inst   ; |PD|ram:inst|4x32ram:inst5|4x4ram:inst7|memory_cell:inst7|inst   ; regout           ;
; |PD|ram:inst|4x32ram:inst5|4x4ram:inst7|memory_cell:inst1|inst3  ; |PD|ram:inst|4x32ram:inst5|4x4ram:inst7|memory_cell:inst1|inst3  ; out              ;
; |PD|ram:inst|4x32ram:inst5|4x4ram:inst7|memory_cell:inst1|inst   ; |PD|ram:inst|4x32ram:inst5|4x4ram:inst7|memory_cell:inst1|inst   ; regout           ;
; |PD|ram:inst|4x32ram:inst5|4x4ram:inst7|memory_cell:inst16|inst3 ; |PD|ram:inst|4x32ram:inst5|4x4ram:inst7|memory_cell:inst16|inst3 ; out              ;
; |PD|ram:inst|4x32ram:inst5|4x4ram:inst7|memory_cell:inst16|inst  ; |PD|ram:inst|4x32ram:inst5|4x4ram:inst7|memory_cell:inst16|inst  ; regout           ;
; |PD|ram:inst|4x32ram:inst5|4x4ram:inst7|memory_cell:inst14|inst3 ; |PD|ram:inst|4x32ram:inst5|4x4ram:inst7|memory_cell:inst14|inst3 ; out              ;
; |PD|ram:inst|4x32ram:inst5|4x4ram:inst7|memory_cell:inst14|inst  ; |PD|ram:inst|4x32ram:inst5|4x4ram:inst7|memory_cell:inst14|inst  ; regout           ;
; |PD|ram:inst|4x32ram:inst5|4x4ram:inst7|memory_cell:inst12|inst3 ; |PD|ram:inst|4x32ram:inst5|4x4ram:inst7|memory_cell:inst12|inst3 ; out              ;
; |PD|ram:inst|4x32ram:inst5|4x4ram:inst7|memory_cell:inst12|inst  ; |PD|ram:inst|4x32ram:inst5|4x4ram:inst7|memory_cell:inst12|inst  ; regout           ;
; |PD|ram:inst|4x32ram:inst5|4x4ram:inst7|memory_cell:inst10|inst3 ; |PD|ram:inst|4x32ram:inst5|4x4ram:inst7|memory_cell:inst10|inst3 ; out              ;
; |PD|ram:inst|4x32ram:inst5|4x4ram:inst7|memory_cell:inst10|inst  ; |PD|ram:inst|4x32ram:inst5|4x4ram:inst7|memory_cell:inst10|inst  ; regout           ;
; |PD|ram:inst|4x32ram:inst5|4x4ram:inst7|memory_cell:inst15|inst3 ; |PD|ram:inst|4x32ram:inst5|4x4ram:inst7|memory_cell:inst15|inst3 ; out              ;
; |PD|ram:inst|4x32ram:inst5|4x4ram:inst7|memory_cell:inst15|inst  ; |PD|ram:inst|4x32ram:inst5|4x4ram:inst7|memory_cell:inst15|inst  ; regout           ;
; |PD|ram:inst|4x32ram:inst5|4x4ram:inst7|memory_cell:inst13|inst3 ; |PD|ram:inst|4x32ram:inst5|4x4ram:inst7|memory_cell:inst13|inst3 ; out              ;
; |PD|ram:inst|4x32ram:inst5|4x4ram:inst7|memory_cell:inst13|inst  ; |PD|ram:inst|4x32ram:inst5|4x4ram:inst7|memory_cell:inst13|inst  ; regout           ;
; |PD|ram:inst|4x32ram:inst5|4x4ram:inst7|memory_cell:inst11|inst3 ; |PD|ram:inst|4x32ram:inst5|4x4ram:inst7|memory_cell:inst11|inst3 ; out              ;
; |PD|ram:inst|4x32ram:inst5|4x4ram:inst7|memory_cell:inst11|inst  ; |PD|ram:inst|4x32ram:inst5|4x4ram:inst7|memory_cell:inst11|inst  ; regout           ;
; |PD|ram:inst|4x32ram:inst5|4x4ram:inst7|memory_cell:inst9|inst3  ; |PD|ram:inst|4x32ram:inst5|4x4ram:inst7|memory_cell:inst9|inst3  ; out              ;
; |PD|ram:inst|4x32ram:inst5|4x4ram:inst7|memory_cell:inst9|inst   ; |PD|ram:inst|4x32ram:inst5|4x4ram:inst7|memory_cell:inst9|inst   ; regout           ;
; |PD|ram:inst|4x32ram:inst5|4x4ram:inst7|memory_cell:inst8|inst3  ; |PD|ram:inst|4x32ram:inst5|4x4ram:inst7|memory_cell:inst8|inst3  ; out              ;
; |PD|ram:inst|4x32ram:inst5|4x4ram:inst7|memory_cell:inst8|inst   ; |PD|ram:inst|4x32ram:inst5|4x4ram:inst7|memory_cell:inst8|inst   ; regout           ;
; |PD|ram:inst|4x32ram:inst5|4x4ram:inst7|memory_cell:inst6|inst3  ; |PD|ram:inst|4x32ram:inst5|4x4ram:inst7|memory_cell:inst6|inst3  ; out              ;
; |PD|ram:inst|4x32ram:inst5|4x4ram:inst7|memory_cell:inst6|inst   ; |PD|ram:inst|4x32ram:inst5|4x4ram:inst7|memory_cell:inst6|inst   ; regout           ;
; |PD|ram:inst|4x32ram:inst5|4x4ram:inst7|memory_cell:inst4|inst3  ; |PD|ram:inst|4x32ram:inst5|4x4ram:inst7|memory_cell:inst4|inst3  ; out              ;
; |PD|ram:inst|4x32ram:inst5|4x4ram:inst7|memory_cell:inst4|inst   ; |PD|ram:inst|4x32ram:inst5|4x4ram:inst7|memory_cell:inst4|inst   ; regout           ;
; |PD|ram:inst|4x32ram:inst5|4x4ram:inst7|memory_cell:inst2|inst3  ; |PD|ram:inst|4x32ram:inst5|4x4ram:inst7|memory_cell:inst2|inst3  ; out              ;
; |PD|ram:inst|4x32ram:inst5|4x4ram:inst7|memory_cell:inst2|inst   ; |PD|ram:inst|4x32ram:inst5|4x4ram:inst7|memory_cell:inst2|inst   ; regout           ;
; |PD|ram:inst|4x32ram:inst5|4x4ram:inst6|inst20                   ; |PD|ram:inst|4x32ram:inst5|4x4ram:inst6|inst20                   ; out              ;
; |PD|ram:inst|4x32ram:inst5|4x4ram:inst6|IN~0                     ; |PD|ram:inst|4x32ram:inst5|4x4ram:inst6|IN~0                     ; out0             ;
; |PD|ram:inst|4x32ram:inst5|4x4ram:inst6|inst21                   ; |PD|ram:inst|4x32ram:inst5|4x4ram:inst6|inst21                   ; out              ;
; |PD|ram:inst|4x32ram:inst5|4x4ram:inst6|IN~1                     ; |PD|ram:inst|4x32ram:inst5|4x4ram:inst6|IN~1                     ; out0             ;
; |PD|ram:inst|4x32ram:inst5|4x4ram:inst6|inst22                   ; |PD|ram:inst|4x32ram:inst5|4x4ram:inst6|inst22                   ; out              ;
; |PD|ram:inst|4x32ram:inst5|4x4ram:inst6|IN~2                     ; |PD|ram:inst|4x32ram:inst5|4x4ram:inst6|IN~2                     ; out0             ;
; |PD|ram:inst|4x32ram:inst5|4x4ram:inst6|inst19                   ; |PD|ram:inst|4x32ram:inst5|4x4ram:inst6|inst19                   ; out              ;
; |PD|ram:inst|4x32ram:inst5|4x4ram:inst6|IN~3                     ; |PD|ram:inst|4x32ram:inst5|4x4ram:inst6|IN~3                     ; out0             ;
; |PD|ram:inst|4x32ram:inst5|4x4ram:inst6|memory_cell:inst3|inst3  ; |PD|ram:inst|4x32ram:inst5|4x4ram:inst6|memory_cell:inst3|inst3  ; out              ;
; |PD|ram:inst|4x32ram:inst5|4x4ram:inst6|memory_cell:inst3|inst   ; |PD|ram:inst|4x32ram:inst5|4x4ram:inst6|memory_cell:inst3|inst   ; regout           ;
; |PD|ram:inst|4x32ram:inst5|4x4ram:inst6|memory_cell:inst5|inst3  ; |PD|ram:inst|4x32ram:inst5|4x4ram:inst6|memory_cell:inst5|inst3  ; out              ;
; |PD|ram:inst|4x32ram:inst5|4x4ram:inst6|memory_cell:inst5|inst   ; |PD|ram:inst|4x32ram:inst5|4x4ram:inst6|memory_cell:inst5|inst   ; regout           ;
; |PD|ram:inst|4x32ram:inst5|4x4ram:inst6|memory_cell:inst7|inst3  ; |PD|ram:inst|4x32ram:inst5|4x4ram:inst6|memory_cell:inst7|inst3  ; out              ;
; |PD|ram:inst|4x32ram:inst5|4x4ram:inst6|memory_cell:inst7|inst   ; |PD|ram:inst|4x32ram:inst5|4x4ram:inst6|memory_cell:inst7|inst   ; regout           ;
; |PD|ram:inst|4x32ram:inst5|4x4ram:inst6|memory_cell:inst1|inst3  ; |PD|ram:inst|4x32ram:inst5|4x4ram:inst6|memory_cell:inst1|inst3  ; out              ;
; |PD|ram:inst|4x32ram:inst5|4x4ram:inst6|memory_cell:inst1|inst   ; |PD|ram:inst|4x32ram:inst5|4x4ram:inst6|memory_cell:inst1|inst   ; regout           ;
; |PD|ram:inst|4x32ram:inst5|4x4ram:inst6|memory_cell:inst16|inst3 ; |PD|ram:inst|4x32ram:inst5|4x4ram:inst6|memory_cell:inst16|inst3 ; out              ;
; |PD|ram:inst|4x32ram:inst5|4x4ram:inst6|memory_cell:inst16|inst  ; |PD|ram:inst|4x32ram:inst5|4x4ram:inst6|memory_cell:inst16|inst  ; regout           ;
; |PD|ram:inst|4x32ram:inst5|4x4ram:inst6|memory_cell:inst14|inst3 ; |PD|ram:inst|4x32ram:inst5|4x4ram:inst6|memory_cell:inst14|inst3 ; out              ;
; |PD|ram:inst|4x32ram:inst5|4x4ram:inst6|memory_cell:inst14|inst  ; |PD|ram:inst|4x32ram:inst5|4x4ram:inst6|memory_cell:inst14|inst  ; regout           ;
; |PD|ram:inst|4x32ram:inst5|4x4ram:inst6|memory_cell:inst12|inst3 ; |PD|ram:inst|4x32ram:inst5|4x4ram:inst6|memory_cell:inst12|inst3 ; out              ;
; |PD|ram:inst|4x32ram:inst5|4x4ram:inst6|memory_cell:inst12|inst  ; |PD|ram:inst|4x32ram:inst5|4x4ram:inst6|memory_cell:inst12|inst  ; regout           ;
; |PD|ram:inst|4x32ram:inst5|4x4ram:inst6|memory_cell:inst10|inst3 ; |PD|ram:inst|4x32ram:inst5|4x4ram:inst6|memory_cell:inst10|inst3 ; out              ;
; |PD|ram:inst|4x32ram:inst5|4x4ram:inst6|memory_cell:inst10|inst  ; |PD|ram:inst|4x32ram:inst5|4x4ram:inst6|memory_cell:inst10|inst  ; regout           ;
; |PD|ram:inst|4x32ram:inst5|4x4ram:inst6|memory_cell:inst15|inst3 ; |PD|ram:inst|4x32ram:inst5|4x4ram:inst6|memory_cell:inst15|inst3 ; out              ;
; |PD|ram:inst|4x32ram:inst5|4x4ram:inst6|memory_cell:inst15|inst  ; |PD|ram:inst|4x32ram:inst5|4x4ram:inst6|memory_cell:inst15|inst  ; regout           ;
; |PD|ram:inst|4x32ram:inst5|4x4ram:inst6|memory_cell:inst13|inst3 ; |PD|ram:inst|4x32ram:inst5|4x4ram:inst6|memory_cell:inst13|inst3 ; out              ;
; |PD|ram:inst|4x32ram:inst5|4x4ram:inst6|memory_cell:inst13|inst  ; |PD|ram:inst|4x32ram:inst5|4x4ram:inst6|memory_cell:inst13|inst  ; regout           ;
; |PD|ram:inst|4x32ram:inst5|4x4ram:inst6|memory_cell:inst11|inst3 ; |PD|ram:inst|4x32ram:inst5|4x4ram:inst6|memory_cell:inst11|inst3 ; out              ;
; |PD|ram:inst|4x32ram:inst5|4x4ram:inst6|memory_cell:inst11|inst  ; |PD|ram:inst|4x32ram:inst5|4x4ram:inst6|memory_cell:inst11|inst  ; regout           ;
; |PD|ram:inst|4x32ram:inst5|4x4ram:inst6|memory_cell:inst9|inst3  ; |PD|ram:inst|4x32ram:inst5|4x4ram:inst6|memory_cell:inst9|inst3  ; out              ;
; |PD|ram:inst|4x32ram:inst5|4x4ram:inst6|memory_cell:inst9|inst   ; |PD|ram:inst|4x32ram:inst5|4x4ram:inst6|memory_cell:inst9|inst   ; regout           ;
; |PD|ram:inst|4x32ram:inst5|4x4ram:inst6|memory_cell:inst8|inst3  ; |PD|ram:inst|4x32ram:inst5|4x4ram:inst6|memory_cell:inst8|inst3  ; out              ;
; |PD|ram:inst|4x32ram:inst5|4x4ram:inst6|memory_cell:inst8|inst   ; |PD|ram:inst|4x32ram:inst5|4x4ram:inst6|memory_cell:inst8|inst   ; regout           ;
; |PD|ram:inst|4x32ram:inst5|4x4ram:inst6|memory_cell:inst6|inst3  ; |PD|ram:inst|4x32ram:inst5|4x4ram:inst6|memory_cell:inst6|inst3  ; out              ;
; |PD|ram:inst|4x32ram:inst5|4x4ram:inst6|memory_cell:inst6|inst   ; |PD|ram:inst|4x32ram:inst5|4x4ram:inst6|memory_cell:inst6|inst   ; regout           ;
; |PD|ram:inst|4x32ram:inst5|4x4ram:inst6|memory_cell:inst4|inst3  ; |PD|ram:inst|4x32ram:inst5|4x4ram:inst6|memory_cell:inst4|inst3  ; out              ;
; |PD|ram:inst|4x32ram:inst5|4x4ram:inst6|memory_cell:inst4|inst   ; |PD|ram:inst|4x32ram:inst5|4x4ram:inst6|memory_cell:inst4|inst   ; regout           ;
; |PD|ram:inst|4x32ram:inst5|4x4ram:inst6|memory_cell:inst2|inst3  ; |PD|ram:inst|4x32ram:inst5|4x4ram:inst6|memory_cell:inst2|inst3  ; out              ;
; |PD|ram:inst|4x32ram:inst5|4x4ram:inst6|memory_cell:inst2|inst   ; |PD|ram:inst|4x32ram:inst5|4x4ram:inst6|memory_cell:inst2|inst   ; regout           ;
; |PD|ram:inst|4x32ram:inst5|4x4ram:inst5|inst20                   ; |PD|ram:inst|4x32ram:inst5|4x4ram:inst5|inst20                   ; out              ;
; |PD|ram:inst|4x32ram:inst5|4x4ram:inst5|IN~0                     ; |PD|ram:inst|4x32ram:inst5|4x4ram:inst5|IN~0                     ; out0             ;
; |PD|ram:inst|4x32ram:inst5|4x4ram:inst5|inst21                   ; |PD|ram:inst|4x32ram:inst5|4x4ram:inst5|inst21                   ; out              ;
; |PD|ram:inst|4x32ram:inst5|4x4ram:inst5|IN~1                     ; |PD|ram:inst|4x32ram:inst5|4x4ram:inst5|IN~1                     ; out0             ;
; |PD|ram:inst|4x32ram:inst5|4x4ram:inst5|inst22                   ; |PD|ram:inst|4x32ram:inst5|4x4ram:inst5|inst22                   ; out              ;
; |PD|ram:inst|4x32ram:inst5|4x4ram:inst5|IN~2                     ; |PD|ram:inst|4x32ram:inst5|4x4ram:inst5|IN~2                     ; out0             ;
; |PD|ram:inst|4x32ram:inst5|4x4ram:inst5|inst19                   ; |PD|ram:inst|4x32ram:inst5|4x4ram:inst5|inst19                   ; out              ;
; |PD|ram:inst|4x32ram:inst5|4x4ram:inst5|IN~3                     ; |PD|ram:inst|4x32ram:inst5|4x4ram:inst5|IN~3                     ; out0             ;
; |PD|ram:inst|4x32ram:inst5|4x4ram:inst5|memory_cell:inst3|inst3  ; |PD|ram:inst|4x32ram:inst5|4x4ram:inst5|memory_cell:inst3|inst3  ; out              ;
; |PD|ram:inst|4x32ram:inst5|4x4ram:inst5|memory_cell:inst3|inst   ; |PD|ram:inst|4x32ram:inst5|4x4ram:inst5|memory_cell:inst3|inst   ; regout           ;
; |PD|ram:inst|4x32ram:inst5|4x4ram:inst5|memory_cell:inst5|inst3  ; |PD|ram:inst|4x32ram:inst5|4x4ram:inst5|memory_cell:inst5|inst3  ; out              ;
; |PD|ram:inst|4x32ram:inst5|4x4ram:inst5|memory_cell:inst5|inst   ; |PD|ram:inst|4x32ram:inst5|4x4ram:inst5|memory_cell:inst5|inst   ; regout           ;
; |PD|ram:inst|4x32ram:inst5|4x4ram:inst5|memory_cell:inst7|inst3  ; |PD|ram:inst|4x32ram:inst5|4x4ram:inst5|memory_cell:inst7|inst3  ; out              ;
; |PD|ram:inst|4x32ram:inst5|4x4ram:inst5|memory_cell:inst7|inst   ; |PD|ram:inst|4x32ram:inst5|4x4ram:inst5|memory_cell:inst7|inst   ; regout           ;
; |PD|ram:inst|4x32ram:inst5|4x4ram:inst5|memory_cell:inst1|inst3  ; |PD|ram:inst|4x32ram:inst5|4x4ram:inst5|memory_cell:inst1|inst3  ; out              ;
; |PD|ram:inst|4x32ram:inst5|4x4ram:inst5|memory_cell:inst1|inst   ; |PD|ram:inst|4x32ram:inst5|4x4ram:inst5|memory_cell:inst1|inst   ; regout           ;
; |PD|ram:inst|4x32ram:inst5|4x4ram:inst5|memory_cell:inst16|inst3 ; |PD|ram:inst|4x32ram:inst5|4x4ram:inst5|memory_cell:inst16|inst3 ; out              ;
; |PD|ram:inst|4x32ram:inst5|4x4ram:inst5|memory_cell:inst16|inst  ; |PD|ram:inst|4x32ram:inst5|4x4ram:inst5|memory_cell:inst16|inst  ; regout           ;
; |PD|ram:inst|4x32ram:inst5|4x4ram:inst5|memory_cell:inst14|inst3 ; |PD|ram:inst|4x32ram:inst5|4x4ram:inst5|memory_cell:inst14|inst3 ; out              ;
; |PD|ram:inst|4x32ram:inst5|4x4ram:inst5|memory_cell:inst14|inst  ; |PD|ram:inst|4x32ram:inst5|4x4ram:inst5|memory_cell:inst14|inst  ; regout           ;
; |PD|ram:inst|4x32ram:inst5|4x4ram:inst5|memory_cell:inst12|inst3 ; |PD|ram:inst|4x32ram:inst5|4x4ram:inst5|memory_cell:inst12|inst3 ; out              ;
; |PD|ram:inst|4x32ram:inst5|4x4ram:inst5|memory_cell:inst12|inst  ; |PD|ram:inst|4x32ram:inst5|4x4ram:inst5|memory_cell:inst12|inst  ; regout           ;
; |PD|ram:inst|4x32ram:inst5|4x4ram:inst5|memory_cell:inst10|inst3 ; |PD|ram:inst|4x32ram:inst5|4x4ram:inst5|memory_cell:inst10|inst3 ; out              ;
; |PD|ram:inst|4x32ram:inst5|4x4ram:inst5|memory_cell:inst10|inst  ; |PD|ram:inst|4x32ram:inst5|4x4ram:inst5|memory_cell:inst10|inst  ; regout           ;
; |PD|ram:inst|4x32ram:inst5|4x4ram:inst5|memory_cell:inst15|inst3 ; |PD|ram:inst|4x32ram:inst5|4x4ram:inst5|memory_cell:inst15|inst3 ; out              ;
; |PD|ram:inst|4x32ram:inst5|4x4ram:inst5|memory_cell:inst15|inst  ; |PD|ram:inst|4x32ram:inst5|4x4ram:inst5|memory_cell:inst15|inst  ; regout           ;
; |PD|ram:inst|4x32ram:inst5|4x4ram:inst5|memory_cell:inst13|inst3 ; |PD|ram:inst|4x32ram:inst5|4x4ram:inst5|memory_cell:inst13|inst3 ; out              ;
; |PD|ram:inst|4x32ram:inst5|4x4ram:inst5|memory_cell:inst13|inst  ; |PD|ram:inst|4x32ram:inst5|4x4ram:inst5|memory_cell:inst13|inst  ; regout           ;
; |PD|ram:inst|4x32ram:inst5|4x4ram:inst5|memory_cell:inst11|inst3 ; |PD|ram:inst|4x32ram:inst5|4x4ram:inst5|memory_cell:inst11|inst3 ; out              ;
; |PD|ram:inst|4x32ram:inst5|4x4ram:inst5|memory_cell:inst11|inst  ; |PD|ram:inst|4x32ram:inst5|4x4ram:inst5|memory_cell:inst11|inst  ; regout           ;
; |PD|ram:inst|4x32ram:inst5|4x4ram:inst5|memory_cell:inst9|inst3  ; |PD|ram:inst|4x32ram:inst5|4x4ram:inst5|memory_cell:inst9|inst3  ; out              ;
; |PD|ram:inst|4x32ram:inst5|4x4ram:inst5|memory_cell:inst9|inst   ; |PD|ram:inst|4x32ram:inst5|4x4ram:inst5|memory_cell:inst9|inst   ; regout           ;
; |PD|ram:inst|4x32ram:inst5|4x4ram:inst5|memory_cell:inst8|inst3  ; |PD|ram:inst|4x32ram:inst5|4x4ram:inst5|memory_cell:inst8|inst3  ; out              ;
; |PD|ram:inst|4x32ram:inst5|4x4ram:inst5|memory_cell:inst8|inst   ; |PD|ram:inst|4x32ram:inst5|4x4ram:inst5|memory_cell:inst8|inst   ; regout           ;
; |PD|ram:inst|4x32ram:inst5|4x4ram:inst5|memory_cell:inst6|inst3  ; |PD|ram:inst|4x32ram:inst5|4x4ram:inst5|memory_cell:inst6|inst3  ; out              ;
; |PD|ram:inst|4x32ram:inst5|4x4ram:inst5|memory_cell:inst6|inst   ; |PD|ram:inst|4x32ram:inst5|4x4ram:inst5|memory_cell:inst6|inst   ; regout           ;
; |PD|ram:inst|4x32ram:inst5|4x4ram:inst5|memory_cell:inst4|inst3  ; |PD|ram:inst|4x32ram:inst5|4x4ram:inst5|memory_cell:inst4|inst3  ; out              ;
; |PD|ram:inst|4x32ram:inst5|4x4ram:inst5|memory_cell:inst4|inst   ; |PD|ram:inst|4x32ram:inst5|4x4ram:inst5|memory_cell:inst4|inst   ; regout           ;
; |PD|ram:inst|4x32ram:inst5|4x4ram:inst5|memory_cell:inst2|inst3  ; |PD|ram:inst|4x32ram:inst5|4x4ram:inst5|memory_cell:inst2|inst3  ; out              ;
; |PD|ram:inst|4x32ram:inst5|4x4ram:inst5|memory_cell:inst2|inst   ; |PD|ram:inst|4x32ram:inst5|4x4ram:inst5|memory_cell:inst2|inst   ; regout           ;
; |PD|ram:inst|4x32ram:inst5|4x4ram:inst4|inst20                   ; |PD|ram:inst|4x32ram:inst5|4x4ram:inst4|inst20                   ; out              ;
; |PD|ram:inst|4x32ram:inst5|4x4ram:inst4|IN~0                     ; |PD|ram:inst|4x32ram:inst5|4x4ram:inst4|IN~0                     ; out0             ;
; |PD|ram:inst|4x32ram:inst5|4x4ram:inst4|inst21                   ; |PD|ram:inst|4x32ram:inst5|4x4ram:inst4|inst21                   ; out              ;
; |PD|ram:inst|4x32ram:inst5|4x4ram:inst4|IN~1                     ; |PD|ram:inst|4x32ram:inst5|4x4ram:inst4|IN~1                     ; out0             ;
; |PD|ram:inst|4x32ram:inst5|4x4ram:inst4|inst22                   ; |PD|ram:inst|4x32ram:inst5|4x4ram:inst4|inst22                   ; out              ;
; |PD|ram:inst|4x32ram:inst5|4x4ram:inst4|IN~2                     ; |PD|ram:inst|4x32ram:inst5|4x4ram:inst4|IN~2                     ; out0             ;
; |PD|ram:inst|4x32ram:inst5|4x4ram:inst4|inst19                   ; |PD|ram:inst|4x32ram:inst5|4x4ram:inst4|inst19                   ; out              ;
; |PD|ram:inst|4x32ram:inst5|4x4ram:inst4|IN~3                     ; |PD|ram:inst|4x32ram:inst5|4x4ram:inst4|IN~3                     ; out0             ;
; |PD|ram:inst|4x32ram:inst5|4x4ram:inst4|memory_cell:inst3|inst3  ; |PD|ram:inst|4x32ram:inst5|4x4ram:inst4|memory_cell:inst3|inst3  ; out              ;
; |PD|ram:inst|4x32ram:inst5|4x4ram:inst4|memory_cell:inst3|inst   ; |PD|ram:inst|4x32ram:inst5|4x4ram:inst4|memory_cell:inst3|inst   ; regout           ;
; |PD|ram:inst|4x32ram:inst5|4x4ram:inst4|memory_cell:inst5|inst3  ; |PD|ram:inst|4x32ram:inst5|4x4ram:inst4|memory_cell:inst5|inst3  ; out              ;
; |PD|ram:inst|4x32ram:inst5|4x4ram:inst4|memory_cell:inst5|inst   ; |PD|ram:inst|4x32ram:inst5|4x4ram:inst4|memory_cell:inst5|inst   ; regout           ;
; |PD|ram:inst|4x32ram:inst5|4x4ram:inst4|memory_cell:inst7|inst3  ; |PD|ram:inst|4x32ram:inst5|4x4ram:inst4|memory_cell:inst7|inst3  ; out              ;
; |PD|ram:inst|4x32ram:inst5|4x4ram:inst4|memory_cell:inst7|inst   ; |PD|ram:inst|4x32ram:inst5|4x4ram:inst4|memory_cell:inst7|inst   ; regout           ;
; |PD|ram:inst|4x32ram:inst5|4x4ram:inst4|memory_cell:inst1|inst3  ; |PD|ram:inst|4x32ram:inst5|4x4ram:inst4|memory_cell:inst1|inst3  ; out              ;
; |PD|ram:inst|4x32ram:inst5|4x4ram:inst4|memory_cell:inst1|inst   ; |PD|ram:inst|4x32ram:inst5|4x4ram:inst4|memory_cell:inst1|inst   ; regout           ;
; |PD|ram:inst|4x32ram:inst5|4x4ram:inst4|memory_cell:inst16|inst3 ; |PD|ram:inst|4x32ram:inst5|4x4ram:inst4|memory_cell:inst16|inst3 ; out              ;
; |PD|ram:inst|4x32ram:inst5|4x4ram:inst4|memory_cell:inst16|inst  ; |PD|ram:inst|4x32ram:inst5|4x4ram:inst4|memory_cell:inst16|inst  ; regout           ;
; |PD|ram:inst|4x32ram:inst5|4x4ram:inst4|memory_cell:inst14|inst3 ; |PD|ram:inst|4x32ram:inst5|4x4ram:inst4|memory_cell:inst14|inst3 ; out              ;
; |PD|ram:inst|4x32ram:inst5|4x4ram:inst4|memory_cell:inst14|inst  ; |PD|ram:inst|4x32ram:inst5|4x4ram:inst4|memory_cell:inst14|inst  ; regout           ;
; |PD|ram:inst|4x32ram:inst5|4x4ram:inst4|memory_cell:inst12|inst3 ; |PD|ram:inst|4x32ram:inst5|4x4ram:inst4|memory_cell:inst12|inst3 ; out              ;
; |PD|ram:inst|4x32ram:inst5|4x4ram:inst4|memory_cell:inst12|inst  ; |PD|ram:inst|4x32ram:inst5|4x4ram:inst4|memory_cell:inst12|inst  ; regout           ;
; |PD|ram:inst|4x32ram:inst5|4x4ram:inst4|memory_cell:inst10|inst3 ; |PD|ram:inst|4x32ram:inst5|4x4ram:inst4|memory_cell:inst10|inst3 ; out              ;
; |PD|ram:inst|4x32ram:inst5|4x4ram:inst4|memory_cell:inst10|inst  ; |PD|ram:inst|4x32ram:inst5|4x4ram:inst4|memory_cell:inst10|inst  ; regout           ;
; |PD|ram:inst|4x32ram:inst5|4x4ram:inst4|memory_cell:inst15|inst3 ; |PD|ram:inst|4x32ram:inst5|4x4ram:inst4|memory_cell:inst15|inst3 ; out              ;
; |PD|ram:inst|4x32ram:inst5|4x4ram:inst4|memory_cell:inst15|inst  ; |PD|ram:inst|4x32ram:inst5|4x4ram:inst4|memory_cell:inst15|inst  ; regout           ;
; |PD|ram:inst|4x32ram:inst5|4x4ram:inst4|memory_cell:inst13|inst3 ; |PD|ram:inst|4x32ram:inst5|4x4ram:inst4|memory_cell:inst13|inst3 ; out              ;
; |PD|ram:inst|4x32ram:inst5|4x4ram:inst4|memory_cell:inst13|inst  ; |PD|ram:inst|4x32ram:inst5|4x4ram:inst4|memory_cell:inst13|inst  ; regout           ;
; |PD|ram:inst|4x32ram:inst5|4x4ram:inst4|memory_cell:inst11|inst3 ; |PD|ram:inst|4x32ram:inst5|4x4ram:inst4|memory_cell:inst11|inst3 ; out              ;
; |PD|ram:inst|4x32ram:inst5|4x4ram:inst4|memory_cell:inst11|inst  ; |PD|ram:inst|4x32ram:inst5|4x4ram:inst4|memory_cell:inst11|inst  ; regout           ;
; |PD|ram:inst|4x32ram:inst5|4x4ram:inst4|memory_cell:inst9|inst3  ; |PD|ram:inst|4x32ram:inst5|4x4ram:inst4|memory_cell:inst9|inst3  ; out              ;
; |PD|ram:inst|4x32ram:inst5|4x4ram:inst4|memory_cell:inst9|inst   ; |PD|ram:inst|4x32ram:inst5|4x4ram:inst4|memory_cell:inst9|inst   ; regout           ;
; |PD|ram:inst|4x32ram:inst5|4x4ram:inst4|memory_cell:inst8|inst3  ; |PD|ram:inst|4x32ram:inst5|4x4ram:inst4|memory_cell:inst8|inst3  ; out              ;
; |PD|ram:inst|4x32ram:inst5|4x4ram:inst4|memory_cell:inst8|inst   ; |PD|ram:inst|4x32ram:inst5|4x4ram:inst4|memory_cell:inst8|inst   ; regout           ;
; |PD|ram:inst|4x32ram:inst5|4x4ram:inst4|memory_cell:inst6|inst3  ; |PD|ram:inst|4x32ram:inst5|4x4ram:inst4|memory_cell:inst6|inst3  ; out              ;
; |PD|ram:inst|4x32ram:inst5|4x4ram:inst4|memory_cell:inst6|inst   ; |PD|ram:inst|4x32ram:inst5|4x4ram:inst4|memory_cell:inst6|inst   ; regout           ;
; |PD|ram:inst|4x32ram:inst5|4x4ram:inst4|memory_cell:inst4|inst3  ; |PD|ram:inst|4x32ram:inst5|4x4ram:inst4|memory_cell:inst4|inst3  ; out              ;
; |PD|ram:inst|4x32ram:inst5|4x4ram:inst4|memory_cell:inst4|inst   ; |PD|ram:inst|4x32ram:inst5|4x4ram:inst4|memory_cell:inst4|inst   ; regout           ;
; |PD|ram:inst|4x32ram:inst5|4x4ram:inst4|memory_cell:inst2|inst3  ; |PD|ram:inst|4x32ram:inst5|4x4ram:inst4|memory_cell:inst2|inst3  ; out              ;
; |PD|ram:inst|4x32ram:inst5|4x4ram:inst4|memory_cell:inst2|inst   ; |PD|ram:inst|4x32ram:inst5|4x4ram:inst4|memory_cell:inst2|inst   ; regout           ;
; |PD|ram:inst|4x32ram:inst5|4x4ram:inst3|inst20                   ; |PD|ram:inst|4x32ram:inst5|4x4ram:inst3|inst20                   ; out              ;
; |PD|ram:inst|4x32ram:inst5|4x4ram:inst3|IN~0                     ; |PD|ram:inst|4x32ram:inst5|4x4ram:inst3|IN~0                     ; out0             ;
; |PD|ram:inst|4x32ram:inst5|4x4ram:inst3|inst21                   ; |PD|ram:inst|4x32ram:inst5|4x4ram:inst3|inst21                   ; out              ;
; |PD|ram:inst|4x32ram:inst5|4x4ram:inst3|IN~1                     ; |PD|ram:inst|4x32ram:inst5|4x4ram:inst3|IN~1                     ; out0             ;
; |PD|ram:inst|4x32ram:inst5|4x4ram:inst3|inst22                   ; |PD|ram:inst|4x32ram:inst5|4x4ram:inst3|inst22                   ; out              ;
; |PD|ram:inst|4x32ram:inst5|4x4ram:inst3|IN~2                     ; |PD|ram:inst|4x32ram:inst5|4x4ram:inst3|IN~2                     ; out0             ;
; |PD|ram:inst|4x32ram:inst5|4x4ram:inst3|inst19                   ; |PD|ram:inst|4x32ram:inst5|4x4ram:inst3|inst19                   ; out              ;
; |PD|ram:inst|4x32ram:inst5|4x4ram:inst3|IN~3                     ; |PD|ram:inst|4x32ram:inst5|4x4ram:inst3|IN~3                     ; out0             ;
; |PD|ram:inst|4x32ram:inst5|4x4ram:inst3|memory_cell:inst3|inst3  ; |PD|ram:inst|4x32ram:inst5|4x4ram:inst3|memory_cell:inst3|inst3  ; out              ;
; |PD|ram:inst|4x32ram:inst5|4x4ram:inst3|memory_cell:inst3|inst   ; |PD|ram:inst|4x32ram:inst5|4x4ram:inst3|memory_cell:inst3|inst   ; regout           ;
; |PD|ram:inst|4x32ram:inst5|4x4ram:inst3|memory_cell:inst5|inst3  ; |PD|ram:inst|4x32ram:inst5|4x4ram:inst3|memory_cell:inst5|inst3  ; out              ;
; |PD|ram:inst|4x32ram:inst5|4x4ram:inst3|memory_cell:inst5|inst   ; |PD|ram:inst|4x32ram:inst5|4x4ram:inst3|memory_cell:inst5|inst   ; regout           ;
; |PD|ram:inst|4x32ram:inst5|4x4ram:inst3|memory_cell:inst7|inst3  ; |PD|ram:inst|4x32ram:inst5|4x4ram:inst3|memory_cell:inst7|inst3  ; out              ;
; |PD|ram:inst|4x32ram:inst5|4x4ram:inst3|memory_cell:inst7|inst   ; |PD|ram:inst|4x32ram:inst5|4x4ram:inst3|memory_cell:inst7|inst   ; regout           ;
; |PD|ram:inst|4x32ram:inst5|4x4ram:inst3|memory_cell:inst1|inst3  ; |PD|ram:inst|4x32ram:inst5|4x4ram:inst3|memory_cell:inst1|inst3  ; out              ;
; |PD|ram:inst|4x32ram:inst5|4x4ram:inst3|memory_cell:inst1|inst   ; |PD|ram:inst|4x32ram:inst5|4x4ram:inst3|memory_cell:inst1|inst   ; regout           ;
; |PD|ram:inst|4x32ram:inst5|4x4ram:inst3|memory_cell:inst16|inst3 ; |PD|ram:inst|4x32ram:inst5|4x4ram:inst3|memory_cell:inst16|inst3 ; out              ;
; |PD|ram:inst|4x32ram:inst5|4x4ram:inst3|memory_cell:inst16|inst  ; |PD|ram:inst|4x32ram:inst5|4x4ram:inst3|memory_cell:inst16|inst  ; regout           ;
; |PD|ram:inst|4x32ram:inst5|4x4ram:inst3|memory_cell:inst14|inst3 ; |PD|ram:inst|4x32ram:inst5|4x4ram:inst3|memory_cell:inst14|inst3 ; out              ;
; |PD|ram:inst|4x32ram:inst5|4x4ram:inst3|memory_cell:inst14|inst  ; |PD|ram:inst|4x32ram:inst5|4x4ram:inst3|memory_cell:inst14|inst  ; regout           ;
; |PD|ram:inst|4x32ram:inst5|4x4ram:inst3|memory_cell:inst12|inst3 ; |PD|ram:inst|4x32ram:inst5|4x4ram:inst3|memory_cell:inst12|inst3 ; out              ;
; |PD|ram:inst|4x32ram:inst5|4x4ram:inst3|memory_cell:inst12|inst  ; |PD|ram:inst|4x32ram:inst5|4x4ram:inst3|memory_cell:inst12|inst  ; regout           ;
; |PD|ram:inst|4x32ram:inst5|4x4ram:inst3|memory_cell:inst10|inst3 ; |PD|ram:inst|4x32ram:inst5|4x4ram:inst3|memory_cell:inst10|inst3 ; out              ;
; |PD|ram:inst|4x32ram:inst5|4x4ram:inst3|memory_cell:inst10|inst  ; |PD|ram:inst|4x32ram:inst5|4x4ram:inst3|memory_cell:inst10|inst  ; regout           ;
; |PD|ram:inst|4x32ram:inst5|4x4ram:inst3|memory_cell:inst15|inst3 ; |PD|ram:inst|4x32ram:inst5|4x4ram:inst3|memory_cell:inst15|inst3 ; out              ;
; |PD|ram:inst|4x32ram:inst5|4x4ram:inst3|memory_cell:inst15|inst  ; |PD|ram:inst|4x32ram:inst5|4x4ram:inst3|memory_cell:inst15|inst  ; regout           ;
; |PD|ram:inst|4x32ram:inst5|4x4ram:inst3|memory_cell:inst13|inst3 ; |PD|ram:inst|4x32ram:inst5|4x4ram:inst3|memory_cell:inst13|inst3 ; out              ;
; |PD|ram:inst|4x32ram:inst5|4x4ram:inst3|memory_cell:inst13|inst  ; |PD|ram:inst|4x32ram:inst5|4x4ram:inst3|memory_cell:inst13|inst  ; regout           ;
; |PD|ram:inst|4x32ram:inst5|4x4ram:inst3|memory_cell:inst11|inst3 ; |PD|ram:inst|4x32ram:inst5|4x4ram:inst3|memory_cell:inst11|inst3 ; out              ;
; |PD|ram:inst|4x32ram:inst5|4x4ram:inst3|memory_cell:inst11|inst  ; |PD|ram:inst|4x32ram:inst5|4x4ram:inst3|memory_cell:inst11|inst  ; regout           ;
; |PD|ram:inst|4x32ram:inst5|4x4ram:inst3|memory_cell:inst9|inst3  ; |PD|ram:inst|4x32ram:inst5|4x4ram:inst3|memory_cell:inst9|inst3  ; out              ;
; |PD|ram:inst|4x32ram:inst5|4x4ram:inst3|memory_cell:inst9|inst   ; |PD|ram:inst|4x32ram:inst5|4x4ram:inst3|memory_cell:inst9|inst   ; regout           ;
; |PD|ram:inst|4x32ram:inst5|4x4ram:inst3|memory_cell:inst8|inst3  ; |PD|ram:inst|4x32ram:inst5|4x4ram:inst3|memory_cell:inst8|inst3  ; out              ;
; |PD|ram:inst|4x32ram:inst5|4x4ram:inst3|memory_cell:inst8|inst   ; |PD|ram:inst|4x32ram:inst5|4x4ram:inst3|memory_cell:inst8|inst   ; regout           ;
; |PD|ram:inst|4x32ram:inst5|4x4ram:inst3|memory_cell:inst6|inst3  ; |PD|ram:inst|4x32ram:inst5|4x4ram:inst3|memory_cell:inst6|inst3  ; out              ;
; |PD|ram:inst|4x32ram:inst5|4x4ram:inst3|memory_cell:inst6|inst   ; |PD|ram:inst|4x32ram:inst5|4x4ram:inst3|memory_cell:inst6|inst   ; regout           ;
; |PD|ram:inst|4x32ram:inst5|4x4ram:inst3|memory_cell:inst4|inst3  ; |PD|ram:inst|4x32ram:inst5|4x4ram:inst3|memory_cell:inst4|inst3  ; out              ;
; |PD|ram:inst|4x32ram:inst5|4x4ram:inst3|memory_cell:inst4|inst   ; |PD|ram:inst|4x32ram:inst5|4x4ram:inst3|memory_cell:inst4|inst   ; regout           ;
; |PD|ram:inst|4x32ram:inst5|4x4ram:inst3|memory_cell:inst2|inst3  ; |PD|ram:inst|4x32ram:inst5|4x4ram:inst3|memory_cell:inst2|inst3  ; out              ;
; |PD|ram:inst|4x32ram:inst5|4x4ram:inst3|memory_cell:inst2|inst   ; |PD|ram:inst|4x32ram:inst5|4x4ram:inst3|memory_cell:inst2|inst   ; regout           ;
; |PD|ram:inst|4x32ram:inst5|4x4ram:inst1|inst20                   ; |PD|ram:inst|4x32ram:inst5|4x4ram:inst1|inst20                   ; out              ;
; |PD|ram:inst|4x32ram:inst5|4x4ram:inst1|IN~0                     ; |PD|ram:inst|4x32ram:inst5|4x4ram:inst1|IN~0                     ; out0             ;
; |PD|ram:inst|4x32ram:inst5|4x4ram:inst1|inst21                   ; |PD|ram:inst|4x32ram:inst5|4x4ram:inst1|inst21                   ; out              ;
; |PD|ram:inst|4x32ram:inst5|4x4ram:inst1|IN~1                     ; |PD|ram:inst|4x32ram:inst5|4x4ram:inst1|IN~1                     ; out0             ;
; |PD|ram:inst|4x32ram:inst5|4x4ram:inst1|inst22                   ; |PD|ram:inst|4x32ram:inst5|4x4ram:inst1|inst22                   ; out              ;
; |PD|ram:inst|4x32ram:inst5|4x4ram:inst1|IN~2                     ; |PD|ram:inst|4x32ram:inst5|4x4ram:inst1|IN~2                     ; out0             ;
; |PD|ram:inst|4x32ram:inst5|4x4ram:inst1|inst19                   ; |PD|ram:inst|4x32ram:inst5|4x4ram:inst1|inst19                   ; out              ;
; |PD|ram:inst|4x32ram:inst5|4x4ram:inst1|IN~3                     ; |PD|ram:inst|4x32ram:inst5|4x4ram:inst1|IN~3                     ; out0             ;
; |PD|ram:inst|4x32ram:inst5|4x4ram:inst1|memory_cell:inst3|inst3  ; |PD|ram:inst|4x32ram:inst5|4x4ram:inst1|memory_cell:inst3|inst3  ; out              ;
; |PD|ram:inst|4x32ram:inst5|4x4ram:inst1|memory_cell:inst3|inst   ; |PD|ram:inst|4x32ram:inst5|4x4ram:inst1|memory_cell:inst3|inst   ; regout           ;
; |PD|ram:inst|4x32ram:inst5|4x4ram:inst1|memory_cell:inst5|inst3  ; |PD|ram:inst|4x32ram:inst5|4x4ram:inst1|memory_cell:inst5|inst3  ; out              ;
; |PD|ram:inst|4x32ram:inst5|4x4ram:inst1|memory_cell:inst5|inst   ; |PD|ram:inst|4x32ram:inst5|4x4ram:inst1|memory_cell:inst5|inst   ; regout           ;
; |PD|ram:inst|4x32ram:inst5|4x4ram:inst1|memory_cell:inst7|inst3  ; |PD|ram:inst|4x32ram:inst5|4x4ram:inst1|memory_cell:inst7|inst3  ; out              ;
; |PD|ram:inst|4x32ram:inst5|4x4ram:inst1|memory_cell:inst7|inst   ; |PD|ram:inst|4x32ram:inst5|4x4ram:inst1|memory_cell:inst7|inst   ; regout           ;
; |PD|ram:inst|4x32ram:inst5|4x4ram:inst1|memory_cell:inst1|inst3  ; |PD|ram:inst|4x32ram:inst5|4x4ram:inst1|memory_cell:inst1|inst3  ; out              ;
; |PD|ram:inst|4x32ram:inst5|4x4ram:inst1|memory_cell:inst1|inst   ; |PD|ram:inst|4x32ram:inst5|4x4ram:inst1|memory_cell:inst1|inst   ; regout           ;
; |PD|ram:inst|4x32ram:inst5|4x4ram:inst1|memory_cell:inst16|inst3 ; |PD|ram:inst|4x32ram:inst5|4x4ram:inst1|memory_cell:inst16|inst3 ; out              ;
; |PD|ram:inst|4x32ram:inst5|4x4ram:inst1|memory_cell:inst16|inst  ; |PD|ram:inst|4x32ram:inst5|4x4ram:inst1|memory_cell:inst16|inst  ; regout           ;
; |PD|ram:inst|4x32ram:inst5|4x4ram:inst1|memory_cell:inst14|inst3 ; |PD|ram:inst|4x32ram:inst5|4x4ram:inst1|memory_cell:inst14|inst3 ; out              ;
; |PD|ram:inst|4x32ram:inst5|4x4ram:inst1|memory_cell:inst14|inst  ; |PD|ram:inst|4x32ram:inst5|4x4ram:inst1|memory_cell:inst14|inst  ; regout           ;
; |PD|ram:inst|4x32ram:inst5|4x4ram:inst1|memory_cell:inst12|inst3 ; |PD|ram:inst|4x32ram:inst5|4x4ram:inst1|memory_cell:inst12|inst3 ; out              ;
; |PD|ram:inst|4x32ram:inst5|4x4ram:inst1|memory_cell:inst12|inst  ; |PD|ram:inst|4x32ram:inst5|4x4ram:inst1|memory_cell:inst12|inst  ; regout           ;
; |PD|ram:inst|4x32ram:inst5|4x4ram:inst1|memory_cell:inst10|inst3 ; |PD|ram:inst|4x32ram:inst5|4x4ram:inst1|memory_cell:inst10|inst3 ; out              ;
; |PD|ram:inst|4x32ram:inst5|4x4ram:inst1|memory_cell:inst10|inst  ; |PD|ram:inst|4x32ram:inst5|4x4ram:inst1|memory_cell:inst10|inst  ; regout           ;
; |PD|ram:inst|4x32ram:inst5|4x4ram:inst1|memory_cell:inst15|inst3 ; |PD|ram:inst|4x32ram:inst5|4x4ram:inst1|memory_cell:inst15|inst3 ; out              ;
; |PD|ram:inst|4x32ram:inst5|4x4ram:inst1|memory_cell:inst15|inst  ; |PD|ram:inst|4x32ram:inst5|4x4ram:inst1|memory_cell:inst15|inst  ; regout           ;
; |PD|ram:inst|4x32ram:inst5|4x4ram:inst1|memory_cell:inst13|inst3 ; |PD|ram:inst|4x32ram:inst5|4x4ram:inst1|memory_cell:inst13|inst3 ; out              ;
; |PD|ram:inst|4x32ram:inst5|4x4ram:inst1|memory_cell:inst13|inst  ; |PD|ram:inst|4x32ram:inst5|4x4ram:inst1|memory_cell:inst13|inst  ; regout           ;
; |PD|ram:inst|4x32ram:inst5|4x4ram:inst1|memory_cell:inst11|inst3 ; |PD|ram:inst|4x32ram:inst5|4x4ram:inst1|memory_cell:inst11|inst3 ; out              ;
; |PD|ram:inst|4x32ram:inst5|4x4ram:inst1|memory_cell:inst11|inst  ; |PD|ram:inst|4x32ram:inst5|4x4ram:inst1|memory_cell:inst11|inst  ; regout           ;
; |PD|ram:inst|4x32ram:inst5|4x4ram:inst1|memory_cell:inst9|inst3  ; |PD|ram:inst|4x32ram:inst5|4x4ram:inst1|memory_cell:inst9|inst3  ; out              ;
; |PD|ram:inst|4x32ram:inst5|4x4ram:inst1|memory_cell:inst9|inst   ; |PD|ram:inst|4x32ram:inst5|4x4ram:inst1|memory_cell:inst9|inst   ; regout           ;
; |PD|ram:inst|4x32ram:inst5|4x4ram:inst1|memory_cell:inst8|inst3  ; |PD|ram:inst|4x32ram:inst5|4x4ram:inst1|memory_cell:inst8|inst3  ; out              ;
; |PD|ram:inst|4x32ram:inst5|4x4ram:inst1|memory_cell:inst8|inst   ; |PD|ram:inst|4x32ram:inst5|4x4ram:inst1|memory_cell:inst8|inst   ; regout           ;
; |PD|ram:inst|4x32ram:inst5|4x4ram:inst1|memory_cell:inst6|inst3  ; |PD|ram:inst|4x32ram:inst5|4x4ram:inst1|memory_cell:inst6|inst3  ; out              ;
; |PD|ram:inst|4x32ram:inst5|4x4ram:inst1|memory_cell:inst6|inst   ; |PD|ram:inst|4x32ram:inst5|4x4ram:inst1|memory_cell:inst6|inst   ; regout           ;
; |PD|ram:inst|4x32ram:inst5|4x4ram:inst1|memory_cell:inst4|inst3  ; |PD|ram:inst|4x32ram:inst5|4x4ram:inst1|memory_cell:inst4|inst3  ; out              ;
; |PD|ram:inst|4x32ram:inst5|4x4ram:inst1|memory_cell:inst4|inst   ; |PD|ram:inst|4x32ram:inst5|4x4ram:inst1|memory_cell:inst4|inst   ; regout           ;
; |PD|ram:inst|4x32ram:inst5|4x4ram:inst1|memory_cell:inst2|inst3  ; |PD|ram:inst|4x32ram:inst5|4x4ram:inst1|memory_cell:inst2|inst3  ; out              ;
; |PD|ram:inst|4x32ram:inst5|4x4ram:inst1|memory_cell:inst2|inst   ; |PD|ram:inst|4x32ram:inst5|4x4ram:inst1|memory_cell:inst2|inst   ; regout           ;
; |PD|ram:inst|4x32ram:inst5|4x4ram:inst|inst20                    ; |PD|ram:inst|4x32ram:inst5|4x4ram:inst|inst20                    ; out              ;
; |PD|ram:inst|4x32ram:inst5|4x4ram:inst|IN~0                      ; |PD|ram:inst|4x32ram:inst5|4x4ram:inst|IN~0                      ; out0             ;
; |PD|ram:inst|4x32ram:inst5|4x4ram:inst|inst21                    ; |PD|ram:inst|4x32ram:inst5|4x4ram:inst|inst21                    ; out              ;
; |PD|ram:inst|4x32ram:inst5|4x4ram:inst|IN~1                      ; |PD|ram:inst|4x32ram:inst5|4x4ram:inst|IN~1                      ; out0             ;
; |PD|ram:inst|4x32ram:inst5|4x4ram:inst|inst22                    ; |PD|ram:inst|4x32ram:inst5|4x4ram:inst|inst22                    ; out              ;
; |PD|ram:inst|4x32ram:inst5|4x4ram:inst|IN~2                      ; |PD|ram:inst|4x32ram:inst5|4x4ram:inst|IN~2                      ; out0             ;
; |PD|ram:inst|4x32ram:inst5|4x4ram:inst|inst19                    ; |PD|ram:inst|4x32ram:inst5|4x4ram:inst|inst19                    ; out              ;
; |PD|ram:inst|4x32ram:inst5|4x4ram:inst|IN~3                      ; |PD|ram:inst|4x32ram:inst5|4x4ram:inst|IN~3                      ; out0             ;
; |PD|ram:inst|4x32ram:inst5|4x4ram:inst|memory_cell:inst3|inst3   ; |PD|ram:inst|4x32ram:inst5|4x4ram:inst|memory_cell:inst3|inst3   ; out              ;
; |PD|ram:inst|4x32ram:inst5|4x4ram:inst|memory_cell:inst3|inst    ; |PD|ram:inst|4x32ram:inst5|4x4ram:inst|memory_cell:inst3|inst    ; regout           ;
; |PD|ram:inst|4x32ram:inst5|4x4ram:inst|memory_cell:inst5|inst3   ; |PD|ram:inst|4x32ram:inst5|4x4ram:inst|memory_cell:inst5|inst3   ; out              ;
; |PD|ram:inst|4x32ram:inst5|4x4ram:inst|memory_cell:inst5|inst    ; |PD|ram:inst|4x32ram:inst5|4x4ram:inst|memory_cell:inst5|inst    ; regout           ;
; |PD|ram:inst|4x32ram:inst5|4x4ram:inst|memory_cell:inst7|inst3   ; |PD|ram:inst|4x32ram:inst5|4x4ram:inst|memory_cell:inst7|inst3   ; out              ;
; |PD|ram:inst|4x32ram:inst5|4x4ram:inst|memory_cell:inst7|inst    ; |PD|ram:inst|4x32ram:inst5|4x4ram:inst|memory_cell:inst7|inst    ; regout           ;
; |PD|ram:inst|4x32ram:inst5|4x4ram:inst|memory_cell:inst1|inst3   ; |PD|ram:inst|4x32ram:inst5|4x4ram:inst|memory_cell:inst1|inst3   ; out              ;
; |PD|ram:inst|4x32ram:inst5|4x4ram:inst|memory_cell:inst1|inst    ; |PD|ram:inst|4x32ram:inst5|4x4ram:inst|memory_cell:inst1|inst    ; regout           ;
; |PD|ram:inst|4x32ram:inst5|4x4ram:inst|memory_cell:inst16|inst3  ; |PD|ram:inst|4x32ram:inst5|4x4ram:inst|memory_cell:inst16|inst3  ; out              ;
; |PD|ram:inst|4x32ram:inst5|4x4ram:inst|memory_cell:inst16|inst   ; |PD|ram:inst|4x32ram:inst5|4x4ram:inst|memory_cell:inst16|inst   ; regout           ;
; |PD|ram:inst|4x32ram:inst5|4x4ram:inst|memory_cell:inst14|inst3  ; |PD|ram:inst|4x32ram:inst5|4x4ram:inst|memory_cell:inst14|inst3  ; out              ;
; |PD|ram:inst|4x32ram:inst5|4x4ram:inst|memory_cell:inst14|inst   ; |PD|ram:inst|4x32ram:inst5|4x4ram:inst|memory_cell:inst14|inst   ; regout           ;
; |PD|ram:inst|4x32ram:inst5|4x4ram:inst|memory_cell:inst12|inst3  ; |PD|ram:inst|4x32ram:inst5|4x4ram:inst|memory_cell:inst12|inst3  ; out              ;
; |PD|ram:inst|4x32ram:inst5|4x4ram:inst|memory_cell:inst12|inst   ; |PD|ram:inst|4x32ram:inst5|4x4ram:inst|memory_cell:inst12|inst   ; regout           ;
; |PD|ram:inst|4x32ram:inst5|4x4ram:inst|memory_cell:inst10|inst3  ; |PD|ram:inst|4x32ram:inst5|4x4ram:inst|memory_cell:inst10|inst3  ; out              ;
; |PD|ram:inst|4x32ram:inst5|4x4ram:inst|memory_cell:inst10|inst   ; |PD|ram:inst|4x32ram:inst5|4x4ram:inst|memory_cell:inst10|inst   ; regout           ;
; |PD|ram:inst|4x32ram:inst5|4x4ram:inst|memory_cell:inst15|inst3  ; |PD|ram:inst|4x32ram:inst5|4x4ram:inst|memory_cell:inst15|inst3  ; out              ;
; |PD|ram:inst|4x32ram:inst5|4x4ram:inst|memory_cell:inst15|inst   ; |PD|ram:inst|4x32ram:inst5|4x4ram:inst|memory_cell:inst15|inst   ; regout           ;
; |PD|ram:inst|4x32ram:inst5|4x4ram:inst|memory_cell:inst13|inst3  ; |PD|ram:inst|4x32ram:inst5|4x4ram:inst|memory_cell:inst13|inst3  ; out              ;
; |PD|ram:inst|4x32ram:inst5|4x4ram:inst|memory_cell:inst13|inst   ; |PD|ram:inst|4x32ram:inst5|4x4ram:inst|memory_cell:inst13|inst   ; regout           ;
; |PD|ram:inst|4x32ram:inst5|4x4ram:inst|memory_cell:inst11|inst3  ; |PD|ram:inst|4x32ram:inst5|4x4ram:inst|memory_cell:inst11|inst3  ; out              ;
; |PD|ram:inst|4x32ram:inst5|4x4ram:inst|memory_cell:inst11|inst   ; |PD|ram:inst|4x32ram:inst5|4x4ram:inst|memory_cell:inst11|inst   ; regout           ;
; |PD|ram:inst|4x32ram:inst5|4x4ram:inst|memory_cell:inst9|inst3   ; |PD|ram:inst|4x32ram:inst5|4x4ram:inst|memory_cell:inst9|inst3   ; out              ;
; |PD|ram:inst|4x32ram:inst5|4x4ram:inst|memory_cell:inst9|inst    ; |PD|ram:inst|4x32ram:inst5|4x4ram:inst|memory_cell:inst9|inst    ; regout           ;
; |PD|ram:inst|4x32ram:inst5|4x4ram:inst|memory_cell:inst8|inst3   ; |PD|ram:inst|4x32ram:inst5|4x4ram:inst|memory_cell:inst8|inst3   ; out              ;
; |PD|ram:inst|4x32ram:inst5|4x4ram:inst|memory_cell:inst8|inst    ; |PD|ram:inst|4x32ram:inst5|4x4ram:inst|memory_cell:inst8|inst    ; regout           ;
; |PD|ram:inst|4x32ram:inst5|4x4ram:inst|memory_cell:inst6|inst3   ; |PD|ram:inst|4x32ram:inst5|4x4ram:inst|memory_cell:inst6|inst3   ; out              ;
; |PD|ram:inst|4x32ram:inst5|4x4ram:inst|memory_cell:inst6|inst    ; |PD|ram:inst|4x32ram:inst5|4x4ram:inst|memory_cell:inst6|inst    ; regout           ;
; |PD|ram:inst|4x32ram:inst5|4x4ram:inst|memory_cell:inst4|inst3   ; |PD|ram:inst|4x32ram:inst5|4x4ram:inst|memory_cell:inst4|inst3   ; out              ;
; |PD|ram:inst|4x32ram:inst5|4x4ram:inst|memory_cell:inst4|inst    ; |PD|ram:inst|4x32ram:inst5|4x4ram:inst|memory_cell:inst4|inst    ; regout           ;
; |PD|ram:inst|4x32ram:inst5|4x4ram:inst|memory_cell:inst2|inst3   ; |PD|ram:inst|4x32ram:inst5|4x4ram:inst|memory_cell:inst2|inst3   ; out              ;
; |PD|ram:inst|4x32ram:inst5|4x4ram:inst|memory_cell:inst2|inst    ; |PD|ram:inst|4x32ram:inst5|4x4ram:inst|memory_cell:inst2|inst    ; regout           ;
; |PD|ram:inst|4x32ram:inst4|4x4ram:inst8|memory_cell:inst7|inst3  ; |PD|ram:inst|4x32ram:inst4|4x4ram:inst8|memory_cell:inst7|inst3  ; out              ;
; |PD|ram:inst|4x32ram:inst4|4x4ram:inst8|memory_cell:inst7|inst   ; |PD|ram:inst|4x32ram:inst4|4x4ram:inst8|memory_cell:inst7|inst   ; regout           ;
; |PD|ram:inst|4x32ram:inst4|4x4ram:inst8|memory_cell:inst16|inst3 ; |PD|ram:inst|4x32ram:inst4|4x4ram:inst8|memory_cell:inst16|inst3 ; out              ;
; |PD|ram:inst|4x32ram:inst4|4x4ram:inst8|memory_cell:inst16|inst  ; |PD|ram:inst|4x32ram:inst4|4x4ram:inst8|memory_cell:inst16|inst  ; regout           ;
; |PD|ram:inst|4x32ram:inst4|4x4ram:inst8|memory_cell:inst12|inst3 ; |PD|ram:inst|4x32ram:inst4|4x4ram:inst8|memory_cell:inst12|inst3 ; out              ;
; |PD|ram:inst|4x32ram:inst4|4x4ram:inst8|memory_cell:inst12|inst  ; |PD|ram:inst|4x32ram:inst4|4x4ram:inst8|memory_cell:inst12|inst  ; regout           ;
; |PD|ram:inst|4x32ram:inst4|4x4ram:inst8|memory_cell:inst15|inst3 ; |PD|ram:inst|4x32ram:inst4|4x4ram:inst8|memory_cell:inst15|inst3 ; out              ;
; |PD|ram:inst|4x32ram:inst4|4x4ram:inst8|memory_cell:inst15|inst  ; |PD|ram:inst|4x32ram:inst4|4x4ram:inst8|memory_cell:inst15|inst  ; regout           ;
; |PD|ram:inst|4x32ram:inst4|4x4ram:inst8|memory_cell:inst9|inst3  ; |PD|ram:inst|4x32ram:inst4|4x4ram:inst8|memory_cell:inst9|inst3  ; out              ;
; |PD|ram:inst|4x32ram:inst4|4x4ram:inst8|memory_cell:inst9|inst   ; |PD|ram:inst|4x32ram:inst4|4x4ram:inst8|memory_cell:inst9|inst   ; regout           ;
; |PD|ram:inst|4x32ram:inst4|4x4ram:inst8|memory_cell:inst8|inst3  ; |PD|ram:inst|4x32ram:inst4|4x4ram:inst8|memory_cell:inst8|inst3  ; out              ;
; |PD|ram:inst|4x32ram:inst4|4x4ram:inst8|memory_cell:inst8|inst   ; |PD|ram:inst|4x32ram:inst4|4x4ram:inst8|memory_cell:inst8|inst   ; regout           ;
; |PD|ram:inst|4x32ram:inst4|4x4ram:inst7|inst20                   ; |PD|ram:inst|4x32ram:inst4|4x4ram:inst7|inst20                   ; out              ;
; |PD|ram:inst|4x32ram:inst4|4x4ram:inst7|IN~0                     ; |PD|ram:inst|4x32ram:inst4|4x4ram:inst7|IN~0                     ; out0             ;
; |PD|ram:inst|4x32ram:inst4|4x4ram:inst7|inst21                   ; |PD|ram:inst|4x32ram:inst4|4x4ram:inst7|inst21                   ; out              ;
; |PD|ram:inst|4x32ram:inst4|4x4ram:inst7|IN~1                     ; |PD|ram:inst|4x32ram:inst4|4x4ram:inst7|IN~1                     ; out0             ;
; |PD|ram:inst|4x32ram:inst4|4x4ram:inst7|inst19                   ; |PD|ram:inst|4x32ram:inst4|4x4ram:inst7|inst19                   ; out              ;
; |PD|ram:inst|4x32ram:inst4|4x4ram:inst7|IN~3                     ; |PD|ram:inst|4x32ram:inst4|4x4ram:inst7|IN~3                     ; out0             ;
; |PD|ram:inst|4x32ram:inst4|4x4ram:inst7|memory_cell:inst3|inst3  ; |PD|ram:inst|4x32ram:inst4|4x4ram:inst7|memory_cell:inst3|inst3  ; out              ;
; |PD|ram:inst|4x32ram:inst4|4x4ram:inst7|memory_cell:inst3|inst   ; |PD|ram:inst|4x32ram:inst4|4x4ram:inst7|memory_cell:inst3|inst   ; regout           ;
; |PD|ram:inst|4x32ram:inst4|4x4ram:inst7|memory_cell:inst5|inst3  ; |PD|ram:inst|4x32ram:inst4|4x4ram:inst7|memory_cell:inst5|inst3  ; out              ;
; |PD|ram:inst|4x32ram:inst4|4x4ram:inst7|memory_cell:inst5|inst   ; |PD|ram:inst|4x32ram:inst4|4x4ram:inst7|memory_cell:inst5|inst   ; regout           ;
; |PD|ram:inst|4x32ram:inst4|4x4ram:inst7|memory_cell:inst7|inst3  ; |PD|ram:inst|4x32ram:inst4|4x4ram:inst7|memory_cell:inst7|inst3  ; out              ;
; |PD|ram:inst|4x32ram:inst4|4x4ram:inst7|memory_cell:inst7|inst   ; |PD|ram:inst|4x32ram:inst4|4x4ram:inst7|memory_cell:inst7|inst   ; regout           ;
; |PD|ram:inst|4x32ram:inst4|4x4ram:inst7|memory_cell:inst1|inst3  ; |PD|ram:inst|4x32ram:inst4|4x4ram:inst7|memory_cell:inst1|inst3  ; out              ;
; |PD|ram:inst|4x32ram:inst4|4x4ram:inst7|memory_cell:inst1|inst   ; |PD|ram:inst|4x32ram:inst4|4x4ram:inst7|memory_cell:inst1|inst   ; regout           ;
; |PD|ram:inst|4x32ram:inst4|4x4ram:inst7|memory_cell:inst14|inst3 ; |PD|ram:inst|4x32ram:inst4|4x4ram:inst7|memory_cell:inst14|inst3 ; out              ;
; |PD|ram:inst|4x32ram:inst4|4x4ram:inst7|memory_cell:inst14|inst  ; |PD|ram:inst|4x32ram:inst4|4x4ram:inst7|memory_cell:inst14|inst  ; regout           ;
; |PD|ram:inst|4x32ram:inst4|4x4ram:inst7|memory_cell:inst12|inst3 ; |PD|ram:inst|4x32ram:inst4|4x4ram:inst7|memory_cell:inst12|inst3 ; out              ;
; |PD|ram:inst|4x32ram:inst4|4x4ram:inst7|memory_cell:inst12|inst  ; |PD|ram:inst|4x32ram:inst4|4x4ram:inst7|memory_cell:inst12|inst  ; regout           ;
; |PD|ram:inst|4x32ram:inst4|4x4ram:inst7|memory_cell:inst10|inst3 ; |PD|ram:inst|4x32ram:inst4|4x4ram:inst7|memory_cell:inst10|inst3 ; out              ;
; |PD|ram:inst|4x32ram:inst4|4x4ram:inst7|memory_cell:inst10|inst  ; |PD|ram:inst|4x32ram:inst4|4x4ram:inst7|memory_cell:inst10|inst  ; regout           ;
; |PD|ram:inst|4x32ram:inst4|4x4ram:inst7|memory_cell:inst15|inst3 ; |PD|ram:inst|4x32ram:inst4|4x4ram:inst7|memory_cell:inst15|inst3 ; out              ;
; |PD|ram:inst|4x32ram:inst4|4x4ram:inst7|memory_cell:inst15|inst  ; |PD|ram:inst|4x32ram:inst4|4x4ram:inst7|memory_cell:inst15|inst  ; regout           ;
; |PD|ram:inst|4x32ram:inst4|4x4ram:inst7|memory_cell:inst13|inst3 ; |PD|ram:inst|4x32ram:inst4|4x4ram:inst7|memory_cell:inst13|inst3 ; out              ;
; |PD|ram:inst|4x32ram:inst4|4x4ram:inst7|memory_cell:inst13|inst  ; |PD|ram:inst|4x32ram:inst4|4x4ram:inst7|memory_cell:inst13|inst  ; regout           ;
; |PD|ram:inst|4x32ram:inst4|4x4ram:inst7|memory_cell:inst11|inst3 ; |PD|ram:inst|4x32ram:inst4|4x4ram:inst7|memory_cell:inst11|inst3 ; out              ;
; |PD|ram:inst|4x32ram:inst4|4x4ram:inst7|memory_cell:inst11|inst  ; |PD|ram:inst|4x32ram:inst4|4x4ram:inst7|memory_cell:inst11|inst  ; regout           ;
; |PD|ram:inst|4x32ram:inst4|4x4ram:inst7|memory_cell:inst9|inst3  ; |PD|ram:inst|4x32ram:inst4|4x4ram:inst7|memory_cell:inst9|inst3  ; out              ;
; |PD|ram:inst|4x32ram:inst4|4x4ram:inst7|memory_cell:inst9|inst   ; |PD|ram:inst|4x32ram:inst4|4x4ram:inst7|memory_cell:inst9|inst   ; regout           ;
; |PD|ram:inst|4x32ram:inst4|4x4ram:inst7|memory_cell:inst8|inst3  ; |PD|ram:inst|4x32ram:inst4|4x4ram:inst7|memory_cell:inst8|inst3  ; out              ;
; |PD|ram:inst|4x32ram:inst4|4x4ram:inst7|memory_cell:inst8|inst   ; |PD|ram:inst|4x32ram:inst4|4x4ram:inst7|memory_cell:inst8|inst   ; regout           ;
; |PD|ram:inst|4x32ram:inst4|4x4ram:inst7|memory_cell:inst6|inst3  ; |PD|ram:inst|4x32ram:inst4|4x4ram:inst7|memory_cell:inst6|inst3  ; out              ;
; |PD|ram:inst|4x32ram:inst4|4x4ram:inst7|memory_cell:inst6|inst   ; |PD|ram:inst|4x32ram:inst4|4x4ram:inst7|memory_cell:inst6|inst   ; regout           ;
; |PD|ram:inst|4x32ram:inst4|4x4ram:inst7|memory_cell:inst4|inst3  ; |PD|ram:inst|4x32ram:inst4|4x4ram:inst7|memory_cell:inst4|inst3  ; out              ;
; |PD|ram:inst|4x32ram:inst4|4x4ram:inst7|memory_cell:inst4|inst   ; |PD|ram:inst|4x32ram:inst4|4x4ram:inst7|memory_cell:inst4|inst   ; regout           ;
; |PD|ram:inst|4x32ram:inst4|4x4ram:inst7|memory_cell:inst2|inst3  ; |PD|ram:inst|4x32ram:inst4|4x4ram:inst7|memory_cell:inst2|inst3  ; out              ;
; |PD|ram:inst|4x32ram:inst4|4x4ram:inst7|memory_cell:inst2|inst   ; |PD|ram:inst|4x32ram:inst4|4x4ram:inst7|memory_cell:inst2|inst   ; regout           ;
; |PD|ram:inst|4x32ram:inst4|4x4ram:inst6|inst20                   ; |PD|ram:inst|4x32ram:inst4|4x4ram:inst6|inst20                   ; out              ;
; |PD|ram:inst|4x32ram:inst4|4x4ram:inst6|IN~0                     ; |PD|ram:inst|4x32ram:inst4|4x4ram:inst6|IN~0                     ; out0             ;
; |PD|ram:inst|4x32ram:inst4|4x4ram:inst6|inst21                   ; |PD|ram:inst|4x32ram:inst4|4x4ram:inst6|inst21                   ; out              ;
; |PD|ram:inst|4x32ram:inst4|4x4ram:inst6|IN~1                     ; |PD|ram:inst|4x32ram:inst4|4x4ram:inst6|IN~1                     ; out0             ;
; |PD|ram:inst|4x32ram:inst4|4x4ram:inst6|inst22                   ; |PD|ram:inst|4x32ram:inst4|4x4ram:inst6|inst22                   ; out              ;
; |PD|ram:inst|4x32ram:inst4|4x4ram:inst6|IN~2                     ; |PD|ram:inst|4x32ram:inst4|4x4ram:inst6|IN~2                     ; out0             ;
; |PD|ram:inst|4x32ram:inst4|4x4ram:inst6|inst19                   ; |PD|ram:inst|4x32ram:inst4|4x4ram:inst6|inst19                   ; out              ;
; |PD|ram:inst|4x32ram:inst4|4x4ram:inst6|IN~3                     ; |PD|ram:inst|4x32ram:inst4|4x4ram:inst6|IN~3                     ; out0             ;
; |PD|ram:inst|4x32ram:inst4|4x4ram:inst6|memory_cell:inst3|inst3  ; |PD|ram:inst|4x32ram:inst4|4x4ram:inst6|memory_cell:inst3|inst3  ; out              ;
; |PD|ram:inst|4x32ram:inst4|4x4ram:inst6|memory_cell:inst3|inst   ; |PD|ram:inst|4x32ram:inst4|4x4ram:inst6|memory_cell:inst3|inst   ; regout           ;
; |PD|ram:inst|4x32ram:inst4|4x4ram:inst6|memory_cell:inst5|inst3  ; |PD|ram:inst|4x32ram:inst4|4x4ram:inst6|memory_cell:inst5|inst3  ; out              ;
; |PD|ram:inst|4x32ram:inst4|4x4ram:inst6|memory_cell:inst5|inst   ; |PD|ram:inst|4x32ram:inst4|4x4ram:inst6|memory_cell:inst5|inst   ; regout           ;
; |PD|ram:inst|4x32ram:inst4|4x4ram:inst6|memory_cell:inst7|inst3  ; |PD|ram:inst|4x32ram:inst4|4x4ram:inst6|memory_cell:inst7|inst3  ; out              ;
; |PD|ram:inst|4x32ram:inst4|4x4ram:inst6|memory_cell:inst7|inst   ; |PD|ram:inst|4x32ram:inst4|4x4ram:inst6|memory_cell:inst7|inst   ; regout           ;
; |PD|ram:inst|4x32ram:inst4|4x4ram:inst6|memory_cell:inst1|inst3  ; |PD|ram:inst|4x32ram:inst4|4x4ram:inst6|memory_cell:inst1|inst3  ; out              ;
; |PD|ram:inst|4x32ram:inst4|4x4ram:inst6|memory_cell:inst1|inst   ; |PD|ram:inst|4x32ram:inst4|4x4ram:inst6|memory_cell:inst1|inst   ; regout           ;
; |PD|ram:inst|4x32ram:inst4|4x4ram:inst6|memory_cell:inst16|inst3 ; |PD|ram:inst|4x32ram:inst4|4x4ram:inst6|memory_cell:inst16|inst3 ; out              ;
; |PD|ram:inst|4x32ram:inst4|4x4ram:inst6|memory_cell:inst16|inst  ; |PD|ram:inst|4x32ram:inst4|4x4ram:inst6|memory_cell:inst16|inst  ; regout           ;
; |PD|ram:inst|4x32ram:inst4|4x4ram:inst6|memory_cell:inst14|inst3 ; |PD|ram:inst|4x32ram:inst4|4x4ram:inst6|memory_cell:inst14|inst3 ; out              ;
; |PD|ram:inst|4x32ram:inst4|4x4ram:inst6|memory_cell:inst14|inst  ; |PD|ram:inst|4x32ram:inst4|4x4ram:inst6|memory_cell:inst14|inst  ; regout           ;
; |PD|ram:inst|4x32ram:inst4|4x4ram:inst6|memory_cell:inst12|inst3 ; |PD|ram:inst|4x32ram:inst4|4x4ram:inst6|memory_cell:inst12|inst3 ; out              ;
; |PD|ram:inst|4x32ram:inst4|4x4ram:inst6|memory_cell:inst12|inst  ; |PD|ram:inst|4x32ram:inst4|4x4ram:inst6|memory_cell:inst12|inst  ; regout           ;
; |PD|ram:inst|4x32ram:inst4|4x4ram:inst6|memory_cell:inst10|inst3 ; |PD|ram:inst|4x32ram:inst4|4x4ram:inst6|memory_cell:inst10|inst3 ; out              ;
; |PD|ram:inst|4x32ram:inst4|4x4ram:inst6|memory_cell:inst10|inst  ; |PD|ram:inst|4x32ram:inst4|4x4ram:inst6|memory_cell:inst10|inst  ; regout           ;
; |PD|ram:inst|4x32ram:inst4|4x4ram:inst6|memory_cell:inst15|inst3 ; |PD|ram:inst|4x32ram:inst4|4x4ram:inst6|memory_cell:inst15|inst3 ; out              ;
; |PD|ram:inst|4x32ram:inst4|4x4ram:inst6|memory_cell:inst15|inst  ; |PD|ram:inst|4x32ram:inst4|4x4ram:inst6|memory_cell:inst15|inst  ; regout           ;
; |PD|ram:inst|4x32ram:inst4|4x4ram:inst6|memory_cell:inst13|inst3 ; |PD|ram:inst|4x32ram:inst4|4x4ram:inst6|memory_cell:inst13|inst3 ; out              ;
; |PD|ram:inst|4x32ram:inst4|4x4ram:inst6|memory_cell:inst13|inst  ; |PD|ram:inst|4x32ram:inst4|4x4ram:inst6|memory_cell:inst13|inst  ; regout           ;
; |PD|ram:inst|4x32ram:inst4|4x4ram:inst6|memory_cell:inst11|inst3 ; |PD|ram:inst|4x32ram:inst4|4x4ram:inst6|memory_cell:inst11|inst3 ; out              ;
; |PD|ram:inst|4x32ram:inst4|4x4ram:inst6|memory_cell:inst11|inst  ; |PD|ram:inst|4x32ram:inst4|4x4ram:inst6|memory_cell:inst11|inst  ; regout           ;
; |PD|ram:inst|4x32ram:inst4|4x4ram:inst6|memory_cell:inst9|inst3  ; |PD|ram:inst|4x32ram:inst4|4x4ram:inst6|memory_cell:inst9|inst3  ; out              ;
; |PD|ram:inst|4x32ram:inst4|4x4ram:inst6|memory_cell:inst9|inst   ; |PD|ram:inst|4x32ram:inst4|4x4ram:inst6|memory_cell:inst9|inst   ; regout           ;
; |PD|ram:inst|4x32ram:inst4|4x4ram:inst6|memory_cell:inst8|inst3  ; |PD|ram:inst|4x32ram:inst4|4x4ram:inst6|memory_cell:inst8|inst3  ; out              ;
; |PD|ram:inst|4x32ram:inst4|4x4ram:inst6|memory_cell:inst8|inst   ; |PD|ram:inst|4x32ram:inst4|4x4ram:inst6|memory_cell:inst8|inst   ; regout           ;
; |PD|ram:inst|4x32ram:inst4|4x4ram:inst6|memory_cell:inst6|inst3  ; |PD|ram:inst|4x32ram:inst4|4x4ram:inst6|memory_cell:inst6|inst3  ; out              ;
; |PD|ram:inst|4x32ram:inst4|4x4ram:inst6|memory_cell:inst6|inst   ; |PD|ram:inst|4x32ram:inst4|4x4ram:inst6|memory_cell:inst6|inst   ; regout           ;
; |PD|ram:inst|4x32ram:inst4|4x4ram:inst6|memory_cell:inst4|inst3  ; |PD|ram:inst|4x32ram:inst4|4x4ram:inst6|memory_cell:inst4|inst3  ; out              ;
; |PD|ram:inst|4x32ram:inst4|4x4ram:inst6|memory_cell:inst4|inst   ; |PD|ram:inst|4x32ram:inst4|4x4ram:inst6|memory_cell:inst4|inst   ; regout           ;
; |PD|ram:inst|4x32ram:inst4|4x4ram:inst6|memory_cell:inst2|inst3  ; |PD|ram:inst|4x32ram:inst4|4x4ram:inst6|memory_cell:inst2|inst3  ; out              ;
; |PD|ram:inst|4x32ram:inst4|4x4ram:inst6|memory_cell:inst2|inst   ; |PD|ram:inst|4x32ram:inst4|4x4ram:inst6|memory_cell:inst2|inst   ; regout           ;
; |PD|ram:inst|4x32ram:inst4|4x4ram:inst5|inst20                   ; |PD|ram:inst|4x32ram:inst4|4x4ram:inst5|inst20                   ; out              ;
; |PD|ram:inst|4x32ram:inst4|4x4ram:inst5|IN~0                     ; |PD|ram:inst|4x32ram:inst4|4x4ram:inst5|IN~0                     ; out0             ;
; |PD|ram:inst|4x32ram:inst4|4x4ram:inst5|inst21                   ; |PD|ram:inst|4x32ram:inst4|4x4ram:inst5|inst21                   ; out              ;
; |PD|ram:inst|4x32ram:inst4|4x4ram:inst5|IN~1                     ; |PD|ram:inst|4x32ram:inst4|4x4ram:inst5|IN~1                     ; out0             ;
; |PD|ram:inst|4x32ram:inst4|4x4ram:inst5|inst22                   ; |PD|ram:inst|4x32ram:inst4|4x4ram:inst5|inst22                   ; out              ;
; |PD|ram:inst|4x32ram:inst4|4x4ram:inst5|IN~2                     ; |PD|ram:inst|4x32ram:inst4|4x4ram:inst5|IN~2                     ; out0             ;
; |PD|ram:inst|4x32ram:inst4|4x4ram:inst5|inst19                   ; |PD|ram:inst|4x32ram:inst4|4x4ram:inst5|inst19                   ; out              ;
; |PD|ram:inst|4x32ram:inst4|4x4ram:inst5|IN~3                     ; |PD|ram:inst|4x32ram:inst4|4x4ram:inst5|IN~3                     ; out0             ;
; |PD|ram:inst|4x32ram:inst4|4x4ram:inst5|memory_cell:inst3|inst3  ; |PD|ram:inst|4x32ram:inst4|4x4ram:inst5|memory_cell:inst3|inst3  ; out              ;
; |PD|ram:inst|4x32ram:inst4|4x4ram:inst5|memory_cell:inst3|inst   ; |PD|ram:inst|4x32ram:inst4|4x4ram:inst5|memory_cell:inst3|inst   ; regout           ;
; |PD|ram:inst|4x32ram:inst4|4x4ram:inst5|memory_cell:inst5|inst3  ; |PD|ram:inst|4x32ram:inst4|4x4ram:inst5|memory_cell:inst5|inst3  ; out              ;
; |PD|ram:inst|4x32ram:inst4|4x4ram:inst5|memory_cell:inst5|inst   ; |PD|ram:inst|4x32ram:inst4|4x4ram:inst5|memory_cell:inst5|inst   ; regout           ;
; |PD|ram:inst|4x32ram:inst4|4x4ram:inst5|memory_cell:inst7|inst3  ; |PD|ram:inst|4x32ram:inst4|4x4ram:inst5|memory_cell:inst7|inst3  ; out              ;
; |PD|ram:inst|4x32ram:inst4|4x4ram:inst5|memory_cell:inst7|inst   ; |PD|ram:inst|4x32ram:inst4|4x4ram:inst5|memory_cell:inst7|inst   ; regout           ;
; |PD|ram:inst|4x32ram:inst4|4x4ram:inst5|memory_cell:inst1|inst3  ; |PD|ram:inst|4x32ram:inst4|4x4ram:inst5|memory_cell:inst1|inst3  ; out              ;
; |PD|ram:inst|4x32ram:inst4|4x4ram:inst5|memory_cell:inst1|inst   ; |PD|ram:inst|4x32ram:inst4|4x4ram:inst5|memory_cell:inst1|inst   ; regout           ;
; |PD|ram:inst|4x32ram:inst4|4x4ram:inst5|memory_cell:inst16|inst3 ; |PD|ram:inst|4x32ram:inst4|4x4ram:inst5|memory_cell:inst16|inst3 ; out              ;
; |PD|ram:inst|4x32ram:inst4|4x4ram:inst5|memory_cell:inst16|inst  ; |PD|ram:inst|4x32ram:inst4|4x4ram:inst5|memory_cell:inst16|inst  ; regout           ;
; |PD|ram:inst|4x32ram:inst4|4x4ram:inst5|memory_cell:inst14|inst3 ; |PD|ram:inst|4x32ram:inst4|4x4ram:inst5|memory_cell:inst14|inst3 ; out              ;
; |PD|ram:inst|4x32ram:inst4|4x4ram:inst5|memory_cell:inst14|inst  ; |PD|ram:inst|4x32ram:inst4|4x4ram:inst5|memory_cell:inst14|inst  ; regout           ;
; |PD|ram:inst|4x32ram:inst4|4x4ram:inst5|memory_cell:inst12|inst3 ; |PD|ram:inst|4x32ram:inst4|4x4ram:inst5|memory_cell:inst12|inst3 ; out              ;
; |PD|ram:inst|4x32ram:inst4|4x4ram:inst5|memory_cell:inst12|inst  ; |PD|ram:inst|4x32ram:inst4|4x4ram:inst5|memory_cell:inst12|inst  ; regout           ;
; |PD|ram:inst|4x32ram:inst4|4x4ram:inst5|memory_cell:inst10|inst3 ; |PD|ram:inst|4x32ram:inst4|4x4ram:inst5|memory_cell:inst10|inst3 ; out              ;
; |PD|ram:inst|4x32ram:inst4|4x4ram:inst5|memory_cell:inst10|inst  ; |PD|ram:inst|4x32ram:inst4|4x4ram:inst5|memory_cell:inst10|inst  ; regout           ;
; |PD|ram:inst|4x32ram:inst4|4x4ram:inst5|memory_cell:inst15|inst3 ; |PD|ram:inst|4x32ram:inst4|4x4ram:inst5|memory_cell:inst15|inst3 ; out              ;
; |PD|ram:inst|4x32ram:inst4|4x4ram:inst5|memory_cell:inst15|inst  ; |PD|ram:inst|4x32ram:inst4|4x4ram:inst5|memory_cell:inst15|inst  ; regout           ;
; |PD|ram:inst|4x32ram:inst4|4x4ram:inst5|memory_cell:inst13|inst3 ; |PD|ram:inst|4x32ram:inst4|4x4ram:inst5|memory_cell:inst13|inst3 ; out              ;
; |PD|ram:inst|4x32ram:inst4|4x4ram:inst5|memory_cell:inst13|inst  ; |PD|ram:inst|4x32ram:inst4|4x4ram:inst5|memory_cell:inst13|inst  ; regout           ;
; |PD|ram:inst|4x32ram:inst4|4x4ram:inst5|memory_cell:inst11|inst3 ; |PD|ram:inst|4x32ram:inst4|4x4ram:inst5|memory_cell:inst11|inst3 ; out              ;
; |PD|ram:inst|4x32ram:inst4|4x4ram:inst5|memory_cell:inst11|inst  ; |PD|ram:inst|4x32ram:inst4|4x4ram:inst5|memory_cell:inst11|inst  ; regout           ;
; |PD|ram:inst|4x32ram:inst4|4x4ram:inst5|memory_cell:inst9|inst3  ; |PD|ram:inst|4x32ram:inst4|4x4ram:inst5|memory_cell:inst9|inst3  ; out              ;
; |PD|ram:inst|4x32ram:inst4|4x4ram:inst5|memory_cell:inst9|inst   ; |PD|ram:inst|4x32ram:inst4|4x4ram:inst5|memory_cell:inst9|inst   ; regout           ;
; |PD|ram:inst|4x32ram:inst4|4x4ram:inst5|memory_cell:inst8|inst3  ; |PD|ram:inst|4x32ram:inst4|4x4ram:inst5|memory_cell:inst8|inst3  ; out              ;
; |PD|ram:inst|4x32ram:inst4|4x4ram:inst5|memory_cell:inst8|inst   ; |PD|ram:inst|4x32ram:inst4|4x4ram:inst5|memory_cell:inst8|inst   ; regout           ;
; |PD|ram:inst|4x32ram:inst4|4x4ram:inst5|memory_cell:inst6|inst3  ; |PD|ram:inst|4x32ram:inst4|4x4ram:inst5|memory_cell:inst6|inst3  ; out              ;
; |PD|ram:inst|4x32ram:inst4|4x4ram:inst5|memory_cell:inst6|inst   ; |PD|ram:inst|4x32ram:inst4|4x4ram:inst5|memory_cell:inst6|inst   ; regout           ;
; |PD|ram:inst|4x32ram:inst4|4x4ram:inst5|memory_cell:inst4|inst3  ; |PD|ram:inst|4x32ram:inst4|4x4ram:inst5|memory_cell:inst4|inst3  ; out              ;
; |PD|ram:inst|4x32ram:inst4|4x4ram:inst5|memory_cell:inst4|inst   ; |PD|ram:inst|4x32ram:inst4|4x4ram:inst5|memory_cell:inst4|inst   ; regout           ;
; |PD|ram:inst|4x32ram:inst4|4x4ram:inst5|memory_cell:inst2|inst3  ; |PD|ram:inst|4x32ram:inst4|4x4ram:inst5|memory_cell:inst2|inst3  ; out              ;
; |PD|ram:inst|4x32ram:inst4|4x4ram:inst5|memory_cell:inst2|inst   ; |PD|ram:inst|4x32ram:inst4|4x4ram:inst5|memory_cell:inst2|inst   ; regout           ;
; |PD|ram:inst|4x32ram:inst4|4x4ram:inst4|inst20                   ; |PD|ram:inst|4x32ram:inst4|4x4ram:inst4|inst20                   ; out              ;
; |PD|ram:inst|4x32ram:inst4|4x4ram:inst4|IN~0                     ; |PD|ram:inst|4x32ram:inst4|4x4ram:inst4|IN~0                     ; out0             ;
; |PD|ram:inst|4x32ram:inst4|4x4ram:inst4|inst21                   ; |PD|ram:inst|4x32ram:inst4|4x4ram:inst4|inst21                   ; out              ;
; |PD|ram:inst|4x32ram:inst4|4x4ram:inst4|IN~1                     ; |PD|ram:inst|4x32ram:inst4|4x4ram:inst4|IN~1                     ; out0             ;
; |PD|ram:inst|4x32ram:inst4|4x4ram:inst4|inst22                   ; |PD|ram:inst|4x32ram:inst4|4x4ram:inst4|inst22                   ; out              ;
; |PD|ram:inst|4x32ram:inst4|4x4ram:inst4|IN~2                     ; |PD|ram:inst|4x32ram:inst4|4x4ram:inst4|IN~2                     ; out0             ;
; |PD|ram:inst|4x32ram:inst4|4x4ram:inst4|inst19                   ; |PD|ram:inst|4x32ram:inst4|4x4ram:inst4|inst19                   ; out              ;
; |PD|ram:inst|4x32ram:inst4|4x4ram:inst4|IN~3                     ; |PD|ram:inst|4x32ram:inst4|4x4ram:inst4|IN~3                     ; out0             ;
; |PD|ram:inst|4x32ram:inst4|4x4ram:inst4|memory_cell:inst3|inst3  ; |PD|ram:inst|4x32ram:inst4|4x4ram:inst4|memory_cell:inst3|inst3  ; out              ;
; |PD|ram:inst|4x32ram:inst4|4x4ram:inst4|memory_cell:inst3|inst   ; |PD|ram:inst|4x32ram:inst4|4x4ram:inst4|memory_cell:inst3|inst   ; regout           ;
; |PD|ram:inst|4x32ram:inst4|4x4ram:inst4|memory_cell:inst5|inst3  ; |PD|ram:inst|4x32ram:inst4|4x4ram:inst4|memory_cell:inst5|inst3  ; out              ;
; |PD|ram:inst|4x32ram:inst4|4x4ram:inst4|memory_cell:inst5|inst   ; |PD|ram:inst|4x32ram:inst4|4x4ram:inst4|memory_cell:inst5|inst   ; regout           ;
; |PD|ram:inst|4x32ram:inst4|4x4ram:inst4|memory_cell:inst7|inst3  ; |PD|ram:inst|4x32ram:inst4|4x4ram:inst4|memory_cell:inst7|inst3  ; out              ;
; |PD|ram:inst|4x32ram:inst4|4x4ram:inst4|memory_cell:inst7|inst   ; |PD|ram:inst|4x32ram:inst4|4x4ram:inst4|memory_cell:inst7|inst   ; regout           ;
; |PD|ram:inst|4x32ram:inst4|4x4ram:inst4|memory_cell:inst1|inst3  ; |PD|ram:inst|4x32ram:inst4|4x4ram:inst4|memory_cell:inst1|inst3  ; out              ;
; |PD|ram:inst|4x32ram:inst4|4x4ram:inst4|memory_cell:inst1|inst   ; |PD|ram:inst|4x32ram:inst4|4x4ram:inst4|memory_cell:inst1|inst   ; regout           ;
; |PD|ram:inst|4x32ram:inst4|4x4ram:inst4|memory_cell:inst16|inst3 ; |PD|ram:inst|4x32ram:inst4|4x4ram:inst4|memory_cell:inst16|inst3 ; out              ;
; |PD|ram:inst|4x32ram:inst4|4x4ram:inst4|memory_cell:inst16|inst  ; |PD|ram:inst|4x32ram:inst4|4x4ram:inst4|memory_cell:inst16|inst  ; regout           ;
; |PD|ram:inst|4x32ram:inst4|4x4ram:inst4|memory_cell:inst14|inst3 ; |PD|ram:inst|4x32ram:inst4|4x4ram:inst4|memory_cell:inst14|inst3 ; out              ;
; |PD|ram:inst|4x32ram:inst4|4x4ram:inst4|memory_cell:inst14|inst  ; |PD|ram:inst|4x32ram:inst4|4x4ram:inst4|memory_cell:inst14|inst  ; regout           ;
; |PD|ram:inst|4x32ram:inst4|4x4ram:inst4|memory_cell:inst12|inst3 ; |PD|ram:inst|4x32ram:inst4|4x4ram:inst4|memory_cell:inst12|inst3 ; out              ;
; |PD|ram:inst|4x32ram:inst4|4x4ram:inst4|memory_cell:inst12|inst  ; |PD|ram:inst|4x32ram:inst4|4x4ram:inst4|memory_cell:inst12|inst  ; regout           ;
; |PD|ram:inst|4x32ram:inst4|4x4ram:inst4|memory_cell:inst10|inst3 ; |PD|ram:inst|4x32ram:inst4|4x4ram:inst4|memory_cell:inst10|inst3 ; out              ;
; |PD|ram:inst|4x32ram:inst4|4x4ram:inst4|memory_cell:inst10|inst  ; |PD|ram:inst|4x32ram:inst4|4x4ram:inst4|memory_cell:inst10|inst  ; regout           ;
; |PD|ram:inst|4x32ram:inst4|4x4ram:inst4|memory_cell:inst15|inst3 ; |PD|ram:inst|4x32ram:inst4|4x4ram:inst4|memory_cell:inst15|inst3 ; out              ;
; |PD|ram:inst|4x32ram:inst4|4x4ram:inst4|memory_cell:inst15|inst  ; |PD|ram:inst|4x32ram:inst4|4x4ram:inst4|memory_cell:inst15|inst  ; regout           ;
; |PD|ram:inst|4x32ram:inst4|4x4ram:inst4|memory_cell:inst13|inst3 ; |PD|ram:inst|4x32ram:inst4|4x4ram:inst4|memory_cell:inst13|inst3 ; out              ;
; |PD|ram:inst|4x32ram:inst4|4x4ram:inst4|memory_cell:inst13|inst  ; |PD|ram:inst|4x32ram:inst4|4x4ram:inst4|memory_cell:inst13|inst  ; regout           ;
; |PD|ram:inst|4x32ram:inst4|4x4ram:inst4|memory_cell:inst11|inst3 ; |PD|ram:inst|4x32ram:inst4|4x4ram:inst4|memory_cell:inst11|inst3 ; out              ;
; |PD|ram:inst|4x32ram:inst4|4x4ram:inst4|memory_cell:inst11|inst  ; |PD|ram:inst|4x32ram:inst4|4x4ram:inst4|memory_cell:inst11|inst  ; regout           ;
; |PD|ram:inst|4x32ram:inst4|4x4ram:inst4|memory_cell:inst9|inst3  ; |PD|ram:inst|4x32ram:inst4|4x4ram:inst4|memory_cell:inst9|inst3  ; out              ;
; |PD|ram:inst|4x32ram:inst4|4x4ram:inst4|memory_cell:inst9|inst   ; |PD|ram:inst|4x32ram:inst4|4x4ram:inst4|memory_cell:inst9|inst   ; regout           ;
; |PD|ram:inst|4x32ram:inst4|4x4ram:inst4|memory_cell:inst8|inst3  ; |PD|ram:inst|4x32ram:inst4|4x4ram:inst4|memory_cell:inst8|inst3  ; out              ;
; |PD|ram:inst|4x32ram:inst4|4x4ram:inst4|memory_cell:inst8|inst   ; |PD|ram:inst|4x32ram:inst4|4x4ram:inst4|memory_cell:inst8|inst   ; regout           ;
; |PD|ram:inst|4x32ram:inst4|4x4ram:inst4|memory_cell:inst6|inst3  ; |PD|ram:inst|4x32ram:inst4|4x4ram:inst4|memory_cell:inst6|inst3  ; out              ;
; |PD|ram:inst|4x32ram:inst4|4x4ram:inst4|memory_cell:inst6|inst   ; |PD|ram:inst|4x32ram:inst4|4x4ram:inst4|memory_cell:inst6|inst   ; regout           ;
; |PD|ram:inst|4x32ram:inst4|4x4ram:inst4|memory_cell:inst4|inst3  ; |PD|ram:inst|4x32ram:inst4|4x4ram:inst4|memory_cell:inst4|inst3  ; out              ;
; |PD|ram:inst|4x32ram:inst4|4x4ram:inst4|memory_cell:inst4|inst   ; |PD|ram:inst|4x32ram:inst4|4x4ram:inst4|memory_cell:inst4|inst   ; regout           ;
; |PD|ram:inst|4x32ram:inst4|4x4ram:inst4|memory_cell:inst2|inst3  ; |PD|ram:inst|4x32ram:inst4|4x4ram:inst4|memory_cell:inst2|inst3  ; out              ;
; |PD|ram:inst|4x32ram:inst4|4x4ram:inst4|memory_cell:inst2|inst   ; |PD|ram:inst|4x32ram:inst4|4x4ram:inst4|memory_cell:inst2|inst   ; regout           ;
; |PD|ram:inst|4x32ram:inst4|4x4ram:inst3|inst20                   ; |PD|ram:inst|4x32ram:inst4|4x4ram:inst3|inst20                   ; out              ;
; |PD|ram:inst|4x32ram:inst4|4x4ram:inst3|IN~0                     ; |PD|ram:inst|4x32ram:inst4|4x4ram:inst3|IN~0                     ; out0             ;
; |PD|ram:inst|4x32ram:inst4|4x4ram:inst3|inst21                   ; |PD|ram:inst|4x32ram:inst4|4x4ram:inst3|inst21                   ; out              ;
; |PD|ram:inst|4x32ram:inst4|4x4ram:inst3|IN~1                     ; |PD|ram:inst|4x32ram:inst4|4x4ram:inst3|IN~1                     ; out0             ;
; |PD|ram:inst|4x32ram:inst4|4x4ram:inst3|inst22                   ; |PD|ram:inst|4x32ram:inst4|4x4ram:inst3|inst22                   ; out              ;
; |PD|ram:inst|4x32ram:inst4|4x4ram:inst3|IN~2                     ; |PD|ram:inst|4x32ram:inst4|4x4ram:inst3|IN~2                     ; out0             ;
; |PD|ram:inst|4x32ram:inst4|4x4ram:inst3|inst19                   ; |PD|ram:inst|4x32ram:inst4|4x4ram:inst3|inst19                   ; out              ;
; |PD|ram:inst|4x32ram:inst4|4x4ram:inst3|IN~3                     ; |PD|ram:inst|4x32ram:inst4|4x4ram:inst3|IN~3                     ; out0             ;
; |PD|ram:inst|4x32ram:inst4|4x4ram:inst3|memory_cell:inst3|inst3  ; |PD|ram:inst|4x32ram:inst4|4x4ram:inst3|memory_cell:inst3|inst3  ; out              ;
; |PD|ram:inst|4x32ram:inst4|4x4ram:inst3|memory_cell:inst3|inst   ; |PD|ram:inst|4x32ram:inst4|4x4ram:inst3|memory_cell:inst3|inst   ; regout           ;
; |PD|ram:inst|4x32ram:inst4|4x4ram:inst3|memory_cell:inst5|inst3  ; |PD|ram:inst|4x32ram:inst4|4x4ram:inst3|memory_cell:inst5|inst3  ; out              ;
; |PD|ram:inst|4x32ram:inst4|4x4ram:inst3|memory_cell:inst5|inst   ; |PD|ram:inst|4x32ram:inst4|4x4ram:inst3|memory_cell:inst5|inst   ; regout           ;
; |PD|ram:inst|4x32ram:inst4|4x4ram:inst3|memory_cell:inst7|inst3  ; |PD|ram:inst|4x32ram:inst4|4x4ram:inst3|memory_cell:inst7|inst3  ; out              ;
; |PD|ram:inst|4x32ram:inst4|4x4ram:inst3|memory_cell:inst7|inst   ; |PD|ram:inst|4x32ram:inst4|4x4ram:inst3|memory_cell:inst7|inst   ; regout           ;
; |PD|ram:inst|4x32ram:inst4|4x4ram:inst3|memory_cell:inst1|inst3  ; |PD|ram:inst|4x32ram:inst4|4x4ram:inst3|memory_cell:inst1|inst3  ; out              ;
; |PD|ram:inst|4x32ram:inst4|4x4ram:inst3|memory_cell:inst1|inst   ; |PD|ram:inst|4x32ram:inst4|4x4ram:inst3|memory_cell:inst1|inst   ; regout           ;
; |PD|ram:inst|4x32ram:inst4|4x4ram:inst3|memory_cell:inst16|inst3 ; |PD|ram:inst|4x32ram:inst4|4x4ram:inst3|memory_cell:inst16|inst3 ; out              ;
; |PD|ram:inst|4x32ram:inst4|4x4ram:inst3|memory_cell:inst16|inst  ; |PD|ram:inst|4x32ram:inst4|4x4ram:inst3|memory_cell:inst16|inst  ; regout           ;
; |PD|ram:inst|4x32ram:inst4|4x4ram:inst3|memory_cell:inst14|inst3 ; |PD|ram:inst|4x32ram:inst4|4x4ram:inst3|memory_cell:inst14|inst3 ; out              ;
; |PD|ram:inst|4x32ram:inst4|4x4ram:inst3|memory_cell:inst14|inst  ; |PD|ram:inst|4x32ram:inst4|4x4ram:inst3|memory_cell:inst14|inst  ; regout           ;
; |PD|ram:inst|4x32ram:inst4|4x4ram:inst3|memory_cell:inst12|inst3 ; |PD|ram:inst|4x32ram:inst4|4x4ram:inst3|memory_cell:inst12|inst3 ; out              ;
; |PD|ram:inst|4x32ram:inst4|4x4ram:inst3|memory_cell:inst12|inst  ; |PD|ram:inst|4x32ram:inst4|4x4ram:inst3|memory_cell:inst12|inst  ; regout           ;
; |PD|ram:inst|4x32ram:inst4|4x4ram:inst3|memory_cell:inst10|inst3 ; |PD|ram:inst|4x32ram:inst4|4x4ram:inst3|memory_cell:inst10|inst3 ; out              ;
; |PD|ram:inst|4x32ram:inst4|4x4ram:inst3|memory_cell:inst10|inst  ; |PD|ram:inst|4x32ram:inst4|4x4ram:inst3|memory_cell:inst10|inst  ; regout           ;
; |PD|ram:inst|4x32ram:inst4|4x4ram:inst3|memory_cell:inst15|inst3 ; |PD|ram:inst|4x32ram:inst4|4x4ram:inst3|memory_cell:inst15|inst3 ; out              ;
; |PD|ram:inst|4x32ram:inst4|4x4ram:inst3|memory_cell:inst15|inst  ; |PD|ram:inst|4x32ram:inst4|4x4ram:inst3|memory_cell:inst15|inst  ; regout           ;
; |PD|ram:inst|4x32ram:inst4|4x4ram:inst3|memory_cell:inst13|inst3 ; |PD|ram:inst|4x32ram:inst4|4x4ram:inst3|memory_cell:inst13|inst3 ; out              ;
; |PD|ram:inst|4x32ram:inst4|4x4ram:inst3|memory_cell:inst13|inst  ; |PD|ram:inst|4x32ram:inst4|4x4ram:inst3|memory_cell:inst13|inst  ; regout           ;
; |PD|ram:inst|4x32ram:inst4|4x4ram:inst3|memory_cell:inst11|inst3 ; |PD|ram:inst|4x32ram:inst4|4x4ram:inst3|memory_cell:inst11|inst3 ; out              ;
; |PD|ram:inst|4x32ram:inst4|4x4ram:inst3|memory_cell:inst11|inst  ; |PD|ram:inst|4x32ram:inst4|4x4ram:inst3|memory_cell:inst11|inst  ; regout           ;
; |PD|ram:inst|4x32ram:inst4|4x4ram:inst3|memory_cell:inst9|inst3  ; |PD|ram:inst|4x32ram:inst4|4x4ram:inst3|memory_cell:inst9|inst3  ; out              ;
; |PD|ram:inst|4x32ram:inst4|4x4ram:inst3|memory_cell:inst9|inst   ; |PD|ram:inst|4x32ram:inst4|4x4ram:inst3|memory_cell:inst9|inst   ; regout           ;
; |PD|ram:inst|4x32ram:inst4|4x4ram:inst3|memory_cell:inst8|inst3  ; |PD|ram:inst|4x32ram:inst4|4x4ram:inst3|memory_cell:inst8|inst3  ; out              ;
; |PD|ram:inst|4x32ram:inst4|4x4ram:inst3|memory_cell:inst8|inst   ; |PD|ram:inst|4x32ram:inst4|4x4ram:inst3|memory_cell:inst8|inst   ; regout           ;
; |PD|ram:inst|4x32ram:inst4|4x4ram:inst3|memory_cell:inst6|inst3  ; |PD|ram:inst|4x32ram:inst4|4x4ram:inst3|memory_cell:inst6|inst3  ; out              ;
; |PD|ram:inst|4x32ram:inst4|4x4ram:inst3|memory_cell:inst6|inst   ; |PD|ram:inst|4x32ram:inst4|4x4ram:inst3|memory_cell:inst6|inst   ; regout           ;
; |PD|ram:inst|4x32ram:inst4|4x4ram:inst3|memory_cell:inst4|inst3  ; |PD|ram:inst|4x32ram:inst4|4x4ram:inst3|memory_cell:inst4|inst3  ; out              ;
; |PD|ram:inst|4x32ram:inst4|4x4ram:inst3|memory_cell:inst4|inst   ; |PD|ram:inst|4x32ram:inst4|4x4ram:inst3|memory_cell:inst4|inst   ; regout           ;
; |PD|ram:inst|4x32ram:inst4|4x4ram:inst3|memory_cell:inst2|inst3  ; |PD|ram:inst|4x32ram:inst4|4x4ram:inst3|memory_cell:inst2|inst3  ; out              ;
; |PD|ram:inst|4x32ram:inst4|4x4ram:inst3|memory_cell:inst2|inst   ; |PD|ram:inst|4x32ram:inst4|4x4ram:inst3|memory_cell:inst2|inst   ; regout           ;
; |PD|ram:inst|4x32ram:inst4|4x4ram:inst1|inst20                   ; |PD|ram:inst|4x32ram:inst4|4x4ram:inst1|inst20                   ; out              ;
; |PD|ram:inst|4x32ram:inst4|4x4ram:inst1|IN~0                     ; |PD|ram:inst|4x32ram:inst4|4x4ram:inst1|IN~0                     ; out0             ;
; |PD|ram:inst|4x32ram:inst4|4x4ram:inst1|inst21                   ; |PD|ram:inst|4x32ram:inst4|4x4ram:inst1|inst21                   ; out              ;
; |PD|ram:inst|4x32ram:inst4|4x4ram:inst1|IN~1                     ; |PD|ram:inst|4x32ram:inst4|4x4ram:inst1|IN~1                     ; out0             ;
; |PD|ram:inst|4x32ram:inst4|4x4ram:inst1|inst22                   ; |PD|ram:inst|4x32ram:inst4|4x4ram:inst1|inst22                   ; out              ;
; |PD|ram:inst|4x32ram:inst4|4x4ram:inst1|IN~2                     ; |PD|ram:inst|4x32ram:inst4|4x4ram:inst1|IN~2                     ; out0             ;
; |PD|ram:inst|4x32ram:inst4|4x4ram:inst1|inst19                   ; |PD|ram:inst|4x32ram:inst4|4x4ram:inst1|inst19                   ; out              ;
; |PD|ram:inst|4x32ram:inst4|4x4ram:inst1|IN~3                     ; |PD|ram:inst|4x32ram:inst4|4x4ram:inst1|IN~3                     ; out0             ;
; |PD|ram:inst|4x32ram:inst4|4x4ram:inst1|memory_cell:inst3|inst3  ; |PD|ram:inst|4x32ram:inst4|4x4ram:inst1|memory_cell:inst3|inst3  ; out              ;
; |PD|ram:inst|4x32ram:inst4|4x4ram:inst1|memory_cell:inst3|inst   ; |PD|ram:inst|4x32ram:inst4|4x4ram:inst1|memory_cell:inst3|inst   ; regout           ;
; |PD|ram:inst|4x32ram:inst4|4x4ram:inst1|memory_cell:inst5|inst3  ; |PD|ram:inst|4x32ram:inst4|4x4ram:inst1|memory_cell:inst5|inst3  ; out              ;
; |PD|ram:inst|4x32ram:inst4|4x4ram:inst1|memory_cell:inst5|inst   ; |PD|ram:inst|4x32ram:inst4|4x4ram:inst1|memory_cell:inst5|inst   ; regout           ;
; |PD|ram:inst|4x32ram:inst4|4x4ram:inst1|memory_cell:inst7|inst3  ; |PD|ram:inst|4x32ram:inst4|4x4ram:inst1|memory_cell:inst7|inst3  ; out              ;
; |PD|ram:inst|4x32ram:inst4|4x4ram:inst1|memory_cell:inst7|inst   ; |PD|ram:inst|4x32ram:inst4|4x4ram:inst1|memory_cell:inst7|inst   ; regout           ;
; |PD|ram:inst|4x32ram:inst4|4x4ram:inst1|memory_cell:inst1|inst3  ; |PD|ram:inst|4x32ram:inst4|4x4ram:inst1|memory_cell:inst1|inst3  ; out              ;
; |PD|ram:inst|4x32ram:inst4|4x4ram:inst1|memory_cell:inst1|inst   ; |PD|ram:inst|4x32ram:inst4|4x4ram:inst1|memory_cell:inst1|inst   ; regout           ;
; |PD|ram:inst|4x32ram:inst4|4x4ram:inst1|memory_cell:inst16|inst3 ; |PD|ram:inst|4x32ram:inst4|4x4ram:inst1|memory_cell:inst16|inst3 ; out              ;
; |PD|ram:inst|4x32ram:inst4|4x4ram:inst1|memory_cell:inst16|inst  ; |PD|ram:inst|4x32ram:inst4|4x4ram:inst1|memory_cell:inst16|inst  ; regout           ;
; |PD|ram:inst|4x32ram:inst4|4x4ram:inst1|memory_cell:inst14|inst3 ; |PD|ram:inst|4x32ram:inst4|4x4ram:inst1|memory_cell:inst14|inst3 ; out              ;
; |PD|ram:inst|4x32ram:inst4|4x4ram:inst1|memory_cell:inst14|inst  ; |PD|ram:inst|4x32ram:inst4|4x4ram:inst1|memory_cell:inst14|inst  ; regout           ;
; |PD|ram:inst|4x32ram:inst4|4x4ram:inst1|memory_cell:inst12|inst3 ; |PD|ram:inst|4x32ram:inst4|4x4ram:inst1|memory_cell:inst12|inst3 ; out              ;
; |PD|ram:inst|4x32ram:inst4|4x4ram:inst1|memory_cell:inst12|inst  ; |PD|ram:inst|4x32ram:inst4|4x4ram:inst1|memory_cell:inst12|inst  ; regout           ;
; |PD|ram:inst|4x32ram:inst4|4x4ram:inst1|memory_cell:inst10|inst3 ; |PD|ram:inst|4x32ram:inst4|4x4ram:inst1|memory_cell:inst10|inst3 ; out              ;
; |PD|ram:inst|4x32ram:inst4|4x4ram:inst1|memory_cell:inst10|inst  ; |PD|ram:inst|4x32ram:inst4|4x4ram:inst1|memory_cell:inst10|inst  ; regout           ;
; |PD|ram:inst|4x32ram:inst4|4x4ram:inst1|memory_cell:inst15|inst3 ; |PD|ram:inst|4x32ram:inst4|4x4ram:inst1|memory_cell:inst15|inst3 ; out              ;
; |PD|ram:inst|4x32ram:inst4|4x4ram:inst1|memory_cell:inst15|inst  ; |PD|ram:inst|4x32ram:inst4|4x4ram:inst1|memory_cell:inst15|inst  ; regout           ;
; |PD|ram:inst|4x32ram:inst4|4x4ram:inst1|memory_cell:inst13|inst3 ; |PD|ram:inst|4x32ram:inst4|4x4ram:inst1|memory_cell:inst13|inst3 ; out              ;
; |PD|ram:inst|4x32ram:inst4|4x4ram:inst1|memory_cell:inst13|inst  ; |PD|ram:inst|4x32ram:inst4|4x4ram:inst1|memory_cell:inst13|inst  ; regout           ;
; |PD|ram:inst|4x32ram:inst4|4x4ram:inst1|memory_cell:inst11|inst3 ; |PD|ram:inst|4x32ram:inst4|4x4ram:inst1|memory_cell:inst11|inst3 ; out              ;
; |PD|ram:inst|4x32ram:inst4|4x4ram:inst1|memory_cell:inst11|inst  ; |PD|ram:inst|4x32ram:inst4|4x4ram:inst1|memory_cell:inst11|inst  ; regout           ;
; |PD|ram:inst|4x32ram:inst4|4x4ram:inst1|memory_cell:inst9|inst3  ; |PD|ram:inst|4x32ram:inst4|4x4ram:inst1|memory_cell:inst9|inst3  ; out              ;
; |PD|ram:inst|4x32ram:inst4|4x4ram:inst1|memory_cell:inst9|inst   ; |PD|ram:inst|4x32ram:inst4|4x4ram:inst1|memory_cell:inst9|inst   ; regout           ;
; |PD|ram:inst|4x32ram:inst4|4x4ram:inst1|memory_cell:inst8|inst3  ; |PD|ram:inst|4x32ram:inst4|4x4ram:inst1|memory_cell:inst8|inst3  ; out              ;
; |PD|ram:inst|4x32ram:inst4|4x4ram:inst1|memory_cell:inst8|inst   ; |PD|ram:inst|4x32ram:inst4|4x4ram:inst1|memory_cell:inst8|inst   ; regout           ;
; |PD|ram:inst|4x32ram:inst4|4x4ram:inst1|memory_cell:inst6|inst3  ; |PD|ram:inst|4x32ram:inst4|4x4ram:inst1|memory_cell:inst6|inst3  ; out              ;
; |PD|ram:inst|4x32ram:inst4|4x4ram:inst1|memory_cell:inst6|inst   ; |PD|ram:inst|4x32ram:inst4|4x4ram:inst1|memory_cell:inst6|inst   ; regout           ;
; |PD|ram:inst|4x32ram:inst4|4x4ram:inst1|memory_cell:inst4|inst3  ; |PD|ram:inst|4x32ram:inst4|4x4ram:inst1|memory_cell:inst4|inst3  ; out              ;
; |PD|ram:inst|4x32ram:inst4|4x4ram:inst1|memory_cell:inst4|inst   ; |PD|ram:inst|4x32ram:inst4|4x4ram:inst1|memory_cell:inst4|inst   ; regout           ;
; |PD|ram:inst|4x32ram:inst4|4x4ram:inst1|memory_cell:inst2|inst3  ; |PD|ram:inst|4x32ram:inst4|4x4ram:inst1|memory_cell:inst2|inst3  ; out              ;
; |PD|ram:inst|4x32ram:inst4|4x4ram:inst1|memory_cell:inst2|inst   ; |PD|ram:inst|4x32ram:inst4|4x4ram:inst1|memory_cell:inst2|inst   ; regout           ;
; |PD|ram:inst|4x32ram:inst4|4x4ram:inst|inst20                    ; |PD|ram:inst|4x32ram:inst4|4x4ram:inst|inst20                    ; out              ;
; |PD|ram:inst|4x32ram:inst4|4x4ram:inst|IN~0                      ; |PD|ram:inst|4x32ram:inst4|4x4ram:inst|IN~0                      ; out0             ;
; |PD|ram:inst|4x32ram:inst4|4x4ram:inst|inst21                    ; |PD|ram:inst|4x32ram:inst4|4x4ram:inst|inst21                    ; out              ;
; |PD|ram:inst|4x32ram:inst4|4x4ram:inst|IN~1                      ; |PD|ram:inst|4x32ram:inst4|4x4ram:inst|IN~1                      ; out0             ;
; |PD|ram:inst|4x32ram:inst4|4x4ram:inst|inst22                    ; |PD|ram:inst|4x32ram:inst4|4x4ram:inst|inst22                    ; out              ;
; |PD|ram:inst|4x32ram:inst4|4x4ram:inst|IN~2                      ; |PD|ram:inst|4x32ram:inst4|4x4ram:inst|IN~2                      ; out0             ;
; |PD|ram:inst|4x32ram:inst4|4x4ram:inst|inst19                    ; |PD|ram:inst|4x32ram:inst4|4x4ram:inst|inst19                    ; out              ;
; |PD|ram:inst|4x32ram:inst4|4x4ram:inst|IN~3                      ; |PD|ram:inst|4x32ram:inst4|4x4ram:inst|IN~3                      ; out0             ;
; |PD|ram:inst|4x32ram:inst4|4x4ram:inst|memory_cell:inst3|inst3   ; |PD|ram:inst|4x32ram:inst4|4x4ram:inst|memory_cell:inst3|inst3   ; out              ;
; |PD|ram:inst|4x32ram:inst4|4x4ram:inst|memory_cell:inst3|inst    ; |PD|ram:inst|4x32ram:inst4|4x4ram:inst|memory_cell:inst3|inst    ; regout           ;
; |PD|ram:inst|4x32ram:inst4|4x4ram:inst|memory_cell:inst5|inst3   ; |PD|ram:inst|4x32ram:inst4|4x4ram:inst|memory_cell:inst5|inst3   ; out              ;
; |PD|ram:inst|4x32ram:inst4|4x4ram:inst|memory_cell:inst5|inst    ; |PD|ram:inst|4x32ram:inst4|4x4ram:inst|memory_cell:inst5|inst    ; regout           ;
; |PD|ram:inst|4x32ram:inst4|4x4ram:inst|memory_cell:inst7|inst3   ; |PD|ram:inst|4x32ram:inst4|4x4ram:inst|memory_cell:inst7|inst3   ; out              ;
; |PD|ram:inst|4x32ram:inst4|4x4ram:inst|memory_cell:inst7|inst    ; |PD|ram:inst|4x32ram:inst4|4x4ram:inst|memory_cell:inst7|inst    ; regout           ;
; |PD|ram:inst|4x32ram:inst4|4x4ram:inst|memory_cell:inst1|inst3   ; |PD|ram:inst|4x32ram:inst4|4x4ram:inst|memory_cell:inst1|inst3   ; out              ;
; |PD|ram:inst|4x32ram:inst4|4x4ram:inst|memory_cell:inst1|inst    ; |PD|ram:inst|4x32ram:inst4|4x4ram:inst|memory_cell:inst1|inst    ; regout           ;
; |PD|ram:inst|4x32ram:inst4|4x4ram:inst|memory_cell:inst16|inst3  ; |PD|ram:inst|4x32ram:inst4|4x4ram:inst|memory_cell:inst16|inst3  ; out              ;
; |PD|ram:inst|4x32ram:inst4|4x4ram:inst|memory_cell:inst16|inst   ; |PD|ram:inst|4x32ram:inst4|4x4ram:inst|memory_cell:inst16|inst   ; regout           ;
; |PD|ram:inst|4x32ram:inst4|4x4ram:inst|memory_cell:inst14|inst3  ; |PD|ram:inst|4x32ram:inst4|4x4ram:inst|memory_cell:inst14|inst3  ; out              ;
; |PD|ram:inst|4x32ram:inst4|4x4ram:inst|memory_cell:inst14|inst   ; |PD|ram:inst|4x32ram:inst4|4x4ram:inst|memory_cell:inst14|inst   ; regout           ;
; |PD|ram:inst|4x32ram:inst4|4x4ram:inst|memory_cell:inst12|inst3  ; |PD|ram:inst|4x32ram:inst4|4x4ram:inst|memory_cell:inst12|inst3  ; out              ;
; |PD|ram:inst|4x32ram:inst4|4x4ram:inst|memory_cell:inst12|inst   ; |PD|ram:inst|4x32ram:inst4|4x4ram:inst|memory_cell:inst12|inst   ; regout           ;
; |PD|ram:inst|4x32ram:inst4|4x4ram:inst|memory_cell:inst10|inst3  ; |PD|ram:inst|4x32ram:inst4|4x4ram:inst|memory_cell:inst10|inst3  ; out              ;
; |PD|ram:inst|4x32ram:inst4|4x4ram:inst|memory_cell:inst10|inst   ; |PD|ram:inst|4x32ram:inst4|4x4ram:inst|memory_cell:inst10|inst   ; regout           ;
; |PD|ram:inst|4x32ram:inst4|4x4ram:inst|memory_cell:inst15|inst3  ; |PD|ram:inst|4x32ram:inst4|4x4ram:inst|memory_cell:inst15|inst3  ; out              ;
; |PD|ram:inst|4x32ram:inst4|4x4ram:inst|memory_cell:inst15|inst   ; |PD|ram:inst|4x32ram:inst4|4x4ram:inst|memory_cell:inst15|inst   ; regout           ;
; |PD|ram:inst|4x32ram:inst4|4x4ram:inst|memory_cell:inst13|inst3  ; |PD|ram:inst|4x32ram:inst4|4x4ram:inst|memory_cell:inst13|inst3  ; out              ;
; |PD|ram:inst|4x32ram:inst4|4x4ram:inst|memory_cell:inst13|inst   ; |PD|ram:inst|4x32ram:inst4|4x4ram:inst|memory_cell:inst13|inst   ; regout           ;
; |PD|ram:inst|4x32ram:inst4|4x4ram:inst|memory_cell:inst11|inst3  ; |PD|ram:inst|4x32ram:inst4|4x4ram:inst|memory_cell:inst11|inst3  ; out              ;
; |PD|ram:inst|4x32ram:inst4|4x4ram:inst|memory_cell:inst11|inst   ; |PD|ram:inst|4x32ram:inst4|4x4ram:inst|memory_cell:inst11|inst   ; regout           ;
; |PD|ram:inst|4x32ram:inst4|4x4ram:inst|memory_cell:inst9|inst3   ; |PD|ram:inst|4x32ram:inst4|4x4ram:inst|memory_cell:inst9|inst3   ; out              ;
; |PD|ram:inst|4x32ram:inst4|4x4ram:inst|memory_cell:inst9|inst    ; |PD|ram:inst|4x32ram:inst4|4x4ram:inst|memory_cell:inst9|inst    ; regout           ;
; |PD|ram:inst|4x32ram:inst4|4x4ram:inst|memory_cell:inst8|inst3   ; |PD|ram:inst|4x32ram:inst4|4x4ram:inst|memory_cell:inst8|inst3   ; out              ;
; |PD|ram:inst|4x32ram:inst4|4x4ram:inst|memory_cell:inst8|inst    ; |PD|ram:inst|4x32ram:inst4|4x4ram:inst|memory_cell:inst8|inst    ; regout           ;
; |PD|ram:inst|4x32ram:inst4|4x4ram:inst|memory_cell:inst6|inst3   ; |PD|ram:inst|4x32ram:inst4|4x4ram:inst|memory_cell:inst6|inst3   ; out              ;
; |PD|ram:inst|4x32ram:inst4|4x4ram:inst|memory_cell:inst6|inst    ; |PD|ram:inst|4x32ram:inst4|4x4ram:inst|memory_cell:inst6|inst    ; regout           ;
; |PD|ram:inst|4x32ram:inst4|4x4ram:inst|memory_cell:inst4|inst3   ; |PD|ram:inst|4x32ram:inst4|4x4ram:inst|memory_cell:inst4|inst3   ; out              ;
; |PD|ram:inst|4x32ram:inst4|4x4ram:inst|memory_cell:inst4|inst    ; |PD|ram:inst|4x32ram:inst4|4x4ram:inst|memory_cell:inst4|inst    ; regout           ;
; |PD|ram:inst|4x32ram:inst4|4x4ram:inst|memory_cell:inst2|inst3   ; |PD|ram:inst|4x32ram:inst4|4x4ram:inst|memory_cell:inst2|inst3   ; out              ;
; |PD|ram:inst|4x32ram:inst4|4x4ram:inst|memory_cell:inst2|inst    ; |PD|ram:inst|4x32ram:inst4|4x4ram:inst|memory_cell:inst2|inst    ; regout           ;
; |PD|ram:inst|4x32ram:inst3|4x4ram:inst8|inst19                   ; |PD|ram:inst|4x32ram:inst3|4x4ram:inst8|inst19                   ; out              ;
; |PD|ram:inst|4x32ram:inst3|4x4ram:inst8|IN~3                     ; |PD|ram:inst|4x32ram:inst3|4x4ram:inst8|IN~3                     ; out0             ;
; |PD|ram:inst|4x32ram:inst3|4x4ram:inst8|memory_cell:inst3|inst3  ; |PD|ram:inst|4x32ram:inst3|4x4ram:inst8|memory_cell:inst3|inst3  ; out              ;
; |PD|ram:inst|4x32ram:inst3|4x4ram:inst8|memory_cell:inst3|inst   ; |PD|ram:inst|4x32ram:inst3|4x4ram:inst8|memory_cell:inst3|inst   ; regout           ;
; |PD|ram:inst|4x32ram:inst3|4x4ram:inst8|memory_cell:inst5|inst3  ; |PD|ram:inst|4x32ram:inst3|4x4ram:inst8|memory_cell:inst5|inst3  ; out              ;
; |PD|ram:inst|4x32ram:inst3|4x4ram:inst8|memory_cell:inst5|inst   ; |PD|ram:inst|4x32ram:inst3|4x4ram:inst8|memory_cell:inst5|inst   ; regout           ;
; |PD|ram:inst|4x32ram:inst3|4x4ram:inst8|memory_cell:inst7|inst3  ; |PD|ram:inst|4x32ram:inst3|4x4ram:inst8|memory_cell:inst7|inst3  ; out              ;
; |PD|ram:inst|4x32ram:inst3|4x4ram:inst8|memory_cell:inst7|inst   ; |PD|ram:inst|4x32ram:inst3|4x4ram:inst8|memory_cell:inst7|inst   ; regout           ;
; |PD|ram:inst|4x32ram:inst3|4x4ram:inst8|memory_cell:inst1|inst3  ; |PD|ram:inst|4x32ram:inst3|4x4ram:inst8|memory_cell:inst1|inst3  ; out              ;
; |PD|ram:inst|4x32ram:inst3|4x4ram:inst8|memory_cell:inst1|inst   ; |PD|ram:inst|4x32ram:inst3|4x4ram:inst8|memory_cell:inst1|inst   ; regout           ;
; |PD|ram:inst|4x32ram:inst3|4x4ram:inst8|memory_cell:inst16|inst3 ; |PD|ram:inst|4x32ram:inst3|4x4ram:inst8|memory_cell:inst16|inst3 ; out              ;
; |PD|ram:inst|4x32ram:inst3|4x4ram:inst8|memory_cell:inst16|inst  ; |PD|ram:inst|4x32ram:inst3|4x4ram:inst8|memory_cell:inst16|inst  ; regout           ;
; |PD|ram:inst|4x32ram:inst3|4x4ram:inst8|memory_cell:inst12|inst3 ; |PD|ram:inst|4x32ram:inst3|4x4ram:inst8|memory_cell:inst12|inst3 ; out              ;
; |PD|ram:inst|4x32ram:inst3|4x4ram:inst8|memory_cell:inst12|inst  ; |PD|ram:inst|4x32ram:inst3|4x4ram:inst8|memory_cell:inst12|inst  ; regout           ;
; |PD|ram:inst|4x32ram:inst3|4x4ram:inst8|memory_cell:inst15|inst3 ; |PD|ram:inst|4x32ram:inst3|4x4ram:inst8|memory_cell:inst15|inst3 ; out              ;
; |PD|ram:inst|4x32ram:inst3|4x4ram:inst8|memory_cell:inst15|inst  ; |PD|ram:inst|4x32ram:inst3|4x4ram:inst8|memory_cell:inst15|inst  ; regout           ;
; |PD|ram:inst|4x32ram:inst3|4x4ram:inst8|memory_cell:inst9|inst3  ; |PD|ram:inst|4x32ram:inst3|4x4ram:inst8|memory_cell:inst9|inst3  ; out              ;
; |PD|ram:inst|4x32ram:inst3|4x4ram:inst8|memory_cell:inst9|inst   ; |PD|ram:inst|4x32ram:inst3|4x4ram:inst8|memory_cell:inst9|inst   ; regout           ;
; |PD|ram:inst|4x32ram:inst3|4x4ram:inst8|memory_cell:inst6|inst3  ; |PD|ram:inst|4x32ram:inst3|4x4ram:inst8|memory_cell:inst6|inst3  ; out              ;
; |PD|ram:inst|4x32ram:inst3|4x4ram:inst8|memory_cell:inst6|inst   ; |PD|ram:inst|4x32ram:inst3|4x4ram:inst8|memory_cell:inst6|inst   ; regout           ;
; |PD|ram:inst|4x32ram:inst3|4x4ram:inst8|memory_cell:inst4|inst3  ; |PD|ram:inst|4x32ram:inst3|4x4ram:inst8|memory_cell:inst4|inst3  ; out              ;
; |PD|ram:inst|4x32ram:inst3|4x4ram:inst8|memory_cell:inst4|inst   ; |PD|ram:inst|4x32ram:inst3|4x4ram:inst8|memory_cell:inst4|inst   ; regout           ;
; |PD|ram:inst|4x32ram:inst3|4x4ram:inst8|memory_cell:inst2|inst3  ; |PD|ram:inst|4x32ram:inst3|4x4ram:inst8|memory_cell:inst2|inst3  ; out              ;
; |PD|ram:inst|4x32ram:inst3|4x4ram:inst8|memory_cell:inst2|inst   ; |PD|ram:inst|4x32ram:inst3|4x4ram:inst8|memory_cell:inst2|inst   ; regout           ;
; |PD|ram:inst|4x32ram:inst3|4x4ram:inst7|inst20                   ; |PD|ram:inst|4x32ram:inst3|4x4ram:inst7|inst20                   ; out              ;
; |PD|ram:inst|4x32ram:inst3|4x4ram:inst7|IN~0                     ; |PD|ram:inst|4x32ram:inst3|4x4ram:inst7|IN~0                     ; out0             ;
; |PD|ram:inst|4x32ram:inst3|4x4ram:inst7|inst21                   ; |PD|ram:inst|4x32ram:inst3|4x4ram:inst7|inst21                   ; out              ;
; |PD|ram:inst|4x32ram:inst3|4x4ram:inst7|IN~1                     ; |PD|ram:inst|4x32ram:inst3|4x4ram:inst7|IN~1                     ; out0             ;
; |PD|ram:inst|4x32ram:inst3|4x4ram:inst7|inst19                   ; |PD|ram:inst|4x32ram:inst3|4x4ram:inst7|inst19                   ; out              ;
; |PD|ram:inst|4x32ram:inst3|4x4ram:inst7|IN~3                     ; |PD|ram:inst|4x32ram:inst3|4x4ram:inst7|IN~3                     ; out0             ;
; |PD|ram:inst|4x32ram:inst3|4x4ram:inst7|memory_cell:inst3|inst3  ; |PD|ram:inst|4x32ram:inst3|4x4ram:inst7|memory_cell:inst3|inst3  ; out              ;
; |PD|ram:inst|4x32ram:inst3|4x4ram:inst7|memory_cell:inst3|inst   ; |PD|ram:inst|4x32ram:inst3|4x4ram:inst7|memory_cell:inst3|inst   ; regout           ;
; |PD|ram:inst|4x32ram:inst3|4x4ram:inst7|memory_cell:inst5|inst3  ; |PD|ram:inst|4x32ram:inst3|4x4ram:inst7|memory_cell:inst5|inst3  ; out              ;
; |PD|ram:inst|4x32ram:inst3|4x4ram:inst7|memory_cell:inst5|inst   ; |PD|ram:inst|4x32ram:inst3|4x4ram:inst7|memory_cell:inst5|inst   ; regout           ;
; |PD|ram:inst|4x32ram:inst3|4x4ram:inst7|memory_cell:inst7|inst3  ; |PD|ram:inst|4x32ram:inst3|4x4ram:inst7|memory_cell:inst7|inst3  ; out              ;
; |PD|ram:inst|4x32ram:inst3|4x4ram:inst7|memory_cell:inst7|inst   ; |PD|ram:inst|4x32ram:inst3|4x4ram:inst7|memory_cell:inst7|inst   ; regout           ;
; |PD|ram:inst|4x32ram:inst3|4x4ram:inst7|memory_cell:inst1|inst3  ; |PD|ram:inst|4x32ram:inst3|4x4ram:inst7|memory_cell:inst1|inst3  ; out              ;
; |PD|ram:inst|4x32ram:inst3|4x4ram:inst7|memory_cell:inst1|inst   ; |PD|ram:inst|4x32ram:inst3|4x4ram:inst7|memory_cell:inst1|inst   ; regout           ;
; |PD|ram:inst|4x32ram:inst3|4x4ram:inst7|memory_cell:inst15|inst3 ; |PD|ram:inst|4x32ram:inst3|4x4ram:inst7|memory_cell:inst15|inst3 ; out              ;
; |PD|ram:inst|4x32ram:inst3|4x4ram:inst7|memory_cell:inst15|inst  ; |PD|ram:inst|4x32ram:inst3|4x4ram:inst7|memory_cell:inst15|inst  ; regout           ;
; |PD|ram:inst|4x32ram:inst3|4x4ram:inst7|memory_cell:inst13|inst3 ; |PD|ram:inst|4x32ram:inst3|4x4ram:inst7|memory_cell:inst13|inst3 ; out              ;
; |PD|ram:inst|4x32ram:inst3|4x4ram:inst7|memory_cell:inst13|inst  ; |PD|ram:inst|4x32ram:inst3|4x4ram:inst7|memory_cell:inst13|inst  ; regout           ;
; |PD|ram:inst|4x32ram:inst3|4x4ram:inst7|memory_cell:inst11|inst3 ; |PD|ram:inst|4x32ram:inst3|4x4ram:inst7|memory_cell:inst11|inst3 ; out              ;
; |PD|ram:inst|4x32ram:inst3|4x4ram:inst7|memory_cell:inst11|inst  ; |PD|ram:inst|4x32ram:inst3|4x4ram:inst7|memory_cell:inst11|inst  ; regout           ;
; |PD|ram:inst|4x32ram:inst3|4x4ram:inst7|memory_cell:inst9|inst3  ; |PD|ram:inst|4x32ram:inst3|4x4ram:inst7|memory_cell:inst9|inst3  ; out              ;
; |PD|ram:inst|4x32ram:inst3|4x4ram:inst7|memory_cell:inst9|inst   ; |PD|ram:inst|4x32ram:inst3|4x4ram:inst7|memory_cell:inst9|inst   ; regout           ;
; |PD|ram:inst|4x32ram:inst3|4x4ram:inst7|memory_cell:inst8|inst3  ; |PD|ram:inst|4x32ram:inst3|4x4ram:inst7|memory_cell:inst8|inst3  ; out              ;
; |PD|ram:inst|4x32ram:inst3|4x4ram:inst7|memory_cell:inst8|inst   ; |PD|ram:inst|4x32ram:inst3|4x4ram:inst7|memory_cell:inst8|inst   ; regout           ;
; |PD|ram:inst|4x32ram:inst3|4x4ram:inst7|memory_cell:inst6|inst3  ; |PD|ram:inst|4x32ram:inst3|4x4ram:inst7|memory_cell:inst6|inst3  ; out              ;
; |PD|ram:inst|4x32ram:inst3|4x4ram:inst7|memory_cell:inst6|inst   ; |PD|ram:inst|4x32ram:inst3|4x4ram:inst7|memory_cell:inst6|inst   ; regout           ;
; |PD|ram:inst|4x32ram:inst3|4x4ram:inst7|memory_cell:inst4|inst3  ; |PD|ram:inst|4x32ram:inst3|4x4ram:inst7|memory_cell:inst4|inst3  ; out              ;
; |PD|ram:inst|4x32ram:inst3|4x4ram:inst7|memory_cell:inst4|inst   ; |PD|ram:inst|4x32ram:inst3|4x4ram:inst7|memory_cell:inst4|inst   ; regout           ;
; |PD|ram:inst|4x32ram:inst3|4x4ram:inst7|memory_cell:inst2|inst3  ; |PD|ram:inst|4x32ram:inst3|4x4ram:inst7|memory_cell:inst2|inst3  ; out              ;
; |PD|ram:inst|4x32ram:inst3|4x4ram:inst7|memory_cell:inst2|inst   ; |PD|ram:inst|4x32ram:inst3|4x4ram:inst7|memory_cell:inst2|inst   ; regout           ;
; |PD|ram:inst|4x32ram:inst3|4x4ram:inst6|inst20                   ; |PD|ram:inst|4x32ram:inst3|4x4ram:inst6|inst20                   ; out              ;
; |PD|ram:inst|4x32ram:inst3|4x4ram:inst6|IN~0                     ; |PD|ram:inst|4x32ram:inst3|4x4ram:inst6|IN~0                     ; out0             ;
; |PD|ram:inst|4x32ram:inst3|4x4ram:inst6|inst21                   ; |PD|ram:inst|4x32ram:inst3|4x4ram:inst6|inst21                   ; out              ;
; |PD|ram:inst|4x32ram:inst3|4x4ram:inst6|IN~1                     ; |PD|ram:inst|4x32ram:inst3|4x4ram:inst6|IN~1                     ; out0             ;
; |PD|ram:inst|4x32ram:inst3|4x4ram:inst6|inst22                   ; |PD|ram:inst|4x32ram:inst3|4x4ram:inst6|inst22                   ; out              ;
; |PD|ram:inst|4x32ram:inst3|4x4ram:inst6|IN~2                     ; |PD|ram:inst|4x32ram:inst3|4x4ram:inst6|IN~2                     ; out0             ;
; |PD|ram:inst|4x32ram:inst3|4x4ram:inst6|inst19                   ; |PD|ram:inst|4x32ram:inst3|4x4ram:inst6|inst19                   ; out              ;
; |PD|ram:inst|4x32ram:inst3|4x4ram:inst6|IN~3                     ; |PD|ram:inst|4x32ram:inst3|4x4ram:inst6|IN~3                     ; out0             ;
; |PD|ram:inst|4x32ram:inst3|4x4ram:inst6|memory_cell:inst3|inst3  ; |PD|ram:inst|4x32ram:inst3|4x4ram:inst6|memory_cell:inst3|inst3  ; out              ;
; |PD|ram:inst|4x32ram:inst3|4x4ram:inst6|memory_cell:inst3|inst   ; |PD|ram:inst|4x32ram:inst3|4x4ram:inst6|memory_cell:inst3|inst   ; regout           ;
; |PD|ram:inst|4x32ram:inst3|4x4ram:inst6|memory_cell:inst5|inst3  ; |PD|ram:inst|4x32ram:inst3|4x4ram:inst6|memory_cell:inst5|inst3  ; out              ;
; |PD|ram:inst|4x32ram:inst3|4x4ram:inst6|memory_cell:inst5|inst   ; |PD|ram:inst|4x32ram:inst3|4x4ram:inst6|memory_cell:inst5|inst   ; regout           ;
; |PD|ram:inst|4x32ram:inst3|4x4ram:inst6|memory_cell:inst7|inst3  ; |PD|ram:inst|4x32ram:inst3|4x4ram:inst6|memory_cell:inst7|inst3  ; out              ;
; |PD|ram:inst|4x32ram:inst3|4x4ram:inst6|memory_cell:inst7|inst   ; |PD|ram:inst|4x32ram:inst3|4x4ram:inst6|memory_cell:inst7|inst   ; regout           ;
; |PD|ram:inst|4x32ram:inst3|4x4ram:inst6|memory_cell:inst1|inst3  ; |PD|ram:inst|4x32ram:inst3|4x4ram:inst6|memory_cell:inst1|inst3  ; out              ;
; |PD|ram:inst|4x32ram:inst3|4x4ram:inst6|memory_cell:inst1|inst   ; |PD|ram:inst|4x32ram:inst3|4x4ram:inst6|memory_cell:inst1|inst   ; regout           ;
; |PD|ram:inst|4x32ram:inst3|4x4ram:inst6|memory_cell:inst16|inst3 ; |PD|ram:inst|4x32ram:inst3|4x4ram:inst6|memory_cell:inst16|inst3 ; out              ;
; |PD|ram:inst|4x32ram:inst3|4x4ram:inst6|memory_cell:inst16|inst  ; |PD|ram:inst|4x32ram:inst3|4x4ram:inst6|memory_cell:inst16|inst  ; regout           ;
; |PD|ram:inst|4x32ram:inst3|4x4ram:inst6|memory_cell:inst14|inst3 ; |PD|ram:inst|4x32ram:inst3|4x4ram:inst6|memory_cell:inst14|inst3 ; out              ;
; |PD|ram:inst|4x32ram:inst3|4x4ram:inst6|memory_cell:inst14|inst  ; |PD|ram:inst|4x32ram:inst3|4x4ram:inst6|memory_cell:inst14|inst  ; regout           ;
; |PD|ram:inst|4x32ram:inst3|4x4ram:inst6|memory_cell:inst12|inst3 ; |PD|ram:inst|4x32ram:inst3|4x4ram:inst6|memory_cell:inst12|inst3 ; out              ;
; |PD|ram:inst|4x32ram:inst3|4x4ram:inst6|memory_cell:inst12|inst  ; |PD|ram:inst|4x32ram:inst3|4x4ram:inst6|memory_cell:inst12|inst  ; regout           ;
; |PD|ram:inst|4x32ram:inst3|4x4ram:inst6|memory_cell:inst10|inst3 ; |PD|ram:inst|4x32ram:inst3|4x4ram:inst6|memory_cell:inst10|inst3 ; out              ;
; |PD|ram:inst|4x32ram:inst3|4x4ram:inst6|memory_cell:inst10|inst  ; |PD|ram:inst|4x32ram:inst3|4x4ram:inst6|memory_cell:inst10|inst  ; regout           ;
; |PD|ram:inst|4x32ram:inst3|4x4ram:inst6|memory_cell:inst15|inst3 ; |PD|ram:inst|4x32ram:inst3|4x4ram:inst6|memory_cell:inst15|inst3 ; out              ;
; |PD|ram:inst|4x32ram:inst3|4x4ram:inst6|memory_cell:inst15|inst  ; |PD|ram:inst|4x32ram:inst3|4x4ram:inst6|memory_cell:inst15|inst  ; regout           ;
; |PD|ram:inst|4x32ram:inst3|4x4ram:inst6|memory_cell:inst13|inst3 ; |PD|ram:inst|4x32ram:inst3|4x4ram:inst6|memory_cell:inst13|inst3 ; out              ;
; |PD|ram:inst|4x32ram:inst3|4x4ram:inst6|memory_cell:inst13|inst  ; |PD|ram:inst|4x32ram:inst3|4x4ram:inst6|memory_cell:inst13|inst  ; regout           ;
; |PD|ram:inst|4x32ram:inst3|4x4ram:inst6|memory_cell:inst11|inst3 ; |PD|ram:inst|4x32ram:inst3|4x4ram:inst6|memory_cell:inst11|inst3 ; out              ;
; |PD|ram:inst|4x32ram:inst3|4x4ram:inst6|memory_cell:inst11|inst  ; |PD|ram:inst|4x32ram:inst3|4x4ram:inst6|memory_cell:inst11|inst  ; regout           ;
; |PD|ram:inst|4x32ram:inst3|4x4ram:inst6|memory_cell:inst9|inst3  ; |PD|ram:inst|4x32ram:inst3|4x4ram:inst6|memory_cell:inst9|inst3  ; out              ;
; |PD|ram:inst|4x32ram:inst3|4x4ram:inst6|memory_cell:inst9|inst   ; |PD|ram:inst|4x32ram:inst3|4x4ram:inst6|memory_cell:inst9|inst   ; regout           ;
; |PD|ram:inst|4x32ram:inst3|4x4ram:inst6|memory_cell:inst8|inst3  ; |PD|ram:inst|4x32ram:inst3|4x4ram:inst6|memory_cell:inst8|inst3  ; out              ;
; |PD|ram:inst|4x32ram:inst3|4x4ram:inst6|memory_cell:inst8|inst   ; |PD|ram:inst|4x32ram:inst3|4x4ram:inst6|memory_cell:inst8|inst   ; regout           ;
; |PD|ram:inst|4x32ram:inst3|4x4ram:inst6|memory_cell:inst6|inst3  ; |PD|ram:inst|4x32ram:inst3|4x4ram:inst6|memory_cell:inst6|inst3  ; out              ;
; |PD|ram:inst|4x32ram:inst3|4x4ram:inst6|memory_cell:inst6|inst   ; |PD|ram:inst|4x32ram:inst3|4x4ram:inst6|memory_cell:inst6|inst   ; regout           ;
; |PD|ram:inst|4x32ram:inst3|4x4ram:inst6|memory_cell:inst4|inst3  ; |PD|ram:inst|4x32ram:inst3|4x4ram:inst6|memory_cell:inst4|inst3  ; out              ;
; |PD|ram:inst|4x32ram:inst3|4x4ram:inst6|memory_cell:inst4|inst   ; |PD|ram:inst|4x32ram:inst3|4x4ram:inst6|memory_cell:inst4|inst   ; regout           ;
; |PD|ram:inst|4x32ram:inst3|4x4ram:inst6|memory_cell:inst2|inst3  ; |PD|ram:inst|4x32ram:inst3|4x4ram:inst6|memory_cell:inst2|inst3  ; out              ;
; |PD|ram:inst|4x32ram:inst3|4x4ram:inst6|memory_cell:inst2|inst   ; |PD|ram:inst|4x32ram:inst3|4x4ram:inst6|memory_cell:inst2|inst   ; regout           ;
; |PD|ram:inst|4x32ram:inst3|4x4ram:inst5|inst20                   ; |PD|ram:inst|4x32ram:inst3|4x4ram:inst5|inst20                   ; out              ;
; |PD|ram:inst|4x32ram:inst3|4x4ram:inst5|IN~0                     ; |PD|ram:inst|4x32ram:inst3|4x4ram:inst5|IN~0                     ; out0             ;
; |PD|ram:inst|4x32ram:inst3|4x4ram:inst5|inst21                   ; |PD|ram:inst|4x32ram:inst3|4x4ram:inst5|inst21                   ; out              ;
; |PD|ram:inst|4x32ram:inst3|4x4ram:inst5|IN~1                     ; |PD|ram:inst|4x32ram:inst3|4x4ram:inst5|IN~1                     ; out0             ;
; |PD|ram:inst|4x32ram:inst3|4x4ram:inst5|inst22                   ; |PD|ram:inst|4x32ram:inst3|4x4ram:inst5|inst22                   ; out              ;
; |PD|ram:inst|4x32ram:inst3|4x4ram:inst5|IN~2                     ; |PD|ram:inst|4x32ram:inst3|4x4ram:inst5|IN~2                     ; out0             ;
; |PD|ram:inst|4x32ram:inst3|4x4ram:inst5|inst19                   ; |PD|ram:inst|4x32ram:inst3|4x4ram:inst5|inst19                   ; out              ;
; |PD|ram:inst|4x32ram:inst3|4x4ram:inst5|IN~3                     ; |PD|ram:inst|4x32ram:inst3|4x4ram:inst5|IN~3                     ; out0             ;
; |PD|ram:inst|4x32ram:inst3|4x4ram:inst5|memory_cell:inst3|inst3  ; |PD|ram:inst|4x32ram:inst3|4x4ram:inst5|memory_cell:inst3|inst3  ; out              ;
; |PD|ram:inst|4x32ram:inst3|4x4ram:inst5|memory_cell:inst3|inst   ; |PD|ram:inst|4x32ram:inst3|4x4ram:inst5|memory_cell:inst3|inst   ; regout           ;
; |PD|ram:inst|4x32ram:inst3|4x4ram:inst5|memory_cell:inst5|inst3  ; |PD|ram:inst|4x32ram:inst3|4x4ram:inst5|memory_cell:inst5|inst3  ; out              ;
; |PD|ram:inst|4x32ram:inst3|4x4ram:inst5|memory_cell:inst5|inst   ; |PD|ram:inst|4x32ram:inst3|4x4ram:inst5|memory_cell:inst5|inst   ; regout           ;
; |PD|ram:inst|4x32ram:inst3|4x4ram:inst5|memory_cell:inst7|inst3  ; |PD|ram:inst|4x32ram:inst3|4x4ram:inst5|memory_cell:inst7|inst3  ; out              ;
; |PD|ram:inst|4x32ram:inst3|4x4ram:inst5|memory_cell:inst7|inst   ; |PD|ram:inst|4x32ram:inst3|4x4ram:inst5|memory_cell:inst7|inst   ; regout           ;
; |PD|ram:inst|4x32ram:inst3|4x4ram:inst5|memory_cell:inst1|inst3  ; |PD|ram:inst|4x32ram:inst3|4x4ram:inst5|memory_cell:inst1|inst3  ; out              ;
; |PD|ram:inst|4x32ram:inst3|4x4ram:inst5|memory_cell:inst1|inst   ; |PD|ram:inst|4x32ram:inst3|4x4ram:inst5|memory_cell:inst1|inst   ; regout           ;
; |PD|ram:inst|4x32ram:inst3|4x4ram:inst5|memory_cell:inst16|inst3 ; |PD|ram:inst|4x32ram:inst3|4x4ram:inst5|memory_cell:inst16|inst3 ; out              ;
; |PD|ram:inst|4x32ram:inst3|4x4ram:inst5|memory_cell:inst16|inst  ; |PD|ram:inst|4x32ram:inst3|4x4ram:inst5|memory_cell:inst16|inst  ; regout           ;
; |PD|ram:inst|4x32ram:inst3|4x4ram:inst5|memory_cell:inst14|inst3 ; |PD|ram:inst|4x32ram:inst3|4x4ram:inst5|memory_cell:inst14|inst3 ; out              ;
; |PD|ram:inst|4x32ram:inst3|4x4ram:inst5|memory_cell:inst14|inst  ; |PD|ram:inst|4x32ram:inst3|4x4ram:inst5|memory_cell:inst14|inst  ; regout           ;
; |PD|ram:inst|4x32ram:inst3|4x4ram:inst5|memory_cell:inst12|inst3 ; |PD|ram:inst|4x32ram:inst3|4x4ram:inst5|memory_cell:inst12|inst3 ; out              ;
; |PD|ram:inst|4x32ram:inst3|4x4ram:inst5|memory_cell:inst12|inst  ; |PD|ram:inst|4x32ram:inst3|4x4ram:inst5|memory_cell:inst12|inst  ; regout           ;
; |PD|ram:inst|4x32ram:inst3|4x4ram:inst5|memory_cell:inst10|inst3 ; |PD|ram:inst|4x32ram:inst3|4x4ram:inst5|memory_cell:inst10|inst3 ; out              ;
; |PD|ram:inst|4x32ram:inst3|4x4ram:inst5|memory_cell:inst10|inst  ; |PD|ram:inst|4x32ram:inst3|4x4ram:inst5|memory_cell:inst10|inst  ; regout           ;
; |PD|ram:inst|4x32ram:inst3|4x4ram:inst5|memory_cell:inst15|inst3 ; |PD|ram:inst|4x32ram:inst3|4x4ram:inst5|memory_cell:inst15|inst3 ; out              ;
; |PD|ram:inst|4x32ram:inst3|4x4ram:inst5|memory_cell:inst15|inst  ; |PD|ram:inst|4x32ram:inst3|4x4ram:inst5|memory_cell:inst15|inst  ; regout           ;
; |PD|ram:inst|4x32ram:inst3|4x4ram:inst5|memory_cell:inst13|inst3 ; |PD|ram:inst|4x32ram:inst3|4x4ram:inst5|memory_cell:inst13|inst3 ; out              ;
; |PD|ram:inst|4x32ram:inst3|4x4ram:inst5|memory_cell:inst13|inst  ; |PD|ram:inst|4x32ram:inst3|4x4ram:inst5|memory_cell:inst13|inst  ; regout           ;
; |PD|ram:inst|4x32ram:inst3|4x4ram:inst5|memory_cell:inst11|inst3 ; |PD|ram:inst|4x32ram:inst3|4x4ram:inst5|memory_cell:inst11|inst3 ; out              ;
; |PD|ram:inst|4x32ram:inst3|4x4ram:inst5|memory_cell:inst11|inst  ; |PD|ram:inst|4x32ram:inst3|4x4ram:inst5|memory_cell:inst11|inst  ; regout           ;
; |PD|ram:inst|4x32ram:inst3|4x4ram:inst5|memory_cell:inst9|inst3  ; |PD|ram:inst|4x32ram:inst3|4x4ram:inst5|memory_cell:inst9|inst3  ; out              ;
; |PD|ram:inst|4x32ram:inst3|4x4ram:inst5|memory_cell:inst9|inst   ; |PD|ram:inst|4x32ram:inst3|4x4ram:inst5|memory_cell:inst9|inst   ; regout           ;
; |PD|ram:inst|4x32ram:inst3|4x4ram:inst5|memory_cell:inst8|inst3  ; |PD|ram:inst|4x32ram:inst3|4x4ram:inst5|memory_cell:inst8|inst3  ; out              ;
; |PD|ram:inst|4x32ram:inst3|4x4ram:inst5|memory_cell:inst8|inst   ; |PD|ram:inst|4x32ram:inst3|4x4ram:inst5|memory_cell:inst8|inst   ; regout           ;
; |PD|ram:inst|4x32ram:inst3|4x4ram:inst5|memory_cell:inst6|inst3  ; |PD|ram:inst|4x32ram:inst3|4x4ram:inst5|memory_cell:inst6|inst3  ; out              ;
; |PD|ram:inst|4x32ram:inst3|4x4ram:inst5|memory_cell:inst6|inst   ; |PD|ram:inst|4x32ram:inst3|4x4ram:inst5|memory_cell:inst6|inst   ; regout           ;
; |PD|ram:inst|4x32ram:inst3|4x4ram:inst5|memory_cell:inst4|inst3  ; |PD|ram:inst|4x32ram:inst3|4x4ram:inst5|memory_cell:inst4|inst3  ; out              ;
; |PD|ram:inst|4x32ram:inst3|4x4ram:inst5|memory_cell:inst4|inst   ; |PD|ram:inst|4x32ram:inst3|4x4ram:inst5|memory_cell:inst4|inst   ; regout           ;
; |PD|ram:inst|4x32ram:inst3|4x4ram:inst5|memory_cell:inst2|inst3  ; |PD|ram:inst|4x32ram:inst3|4x4ram:inst5|memory_cell:inst2|inst3  ; out              ;
; |PD|ram:inst|4x32ram:inst3|4x4ram:inst5|memory_cell:inst2|inst   ; |PD|ram:inst|4x32ram:inst3|4x4ram:inst5|memory_cell:inst2|inst   ; regout           ;
; |PD|ram:inst|4x32ram:inst3|4x4ram:inst4|inst20                   ; |PD|ram:inst|4x32ram:inst3|4x4ram:inst4|inst20                   ; out              ;
; |PD|ram:inst|4x32ram:inst3|4x4ram:inst4|IN~0                     ; |PD|ram:inst|4x32ram:inst3|4x4ram:inst4|IN~0                     ; out0             ;
; |PD|ram:inst|4x32ram:inst3|4x4ram:inst4|inst21                   ; |PD|ram:inst|4x32ram:inst3|4x4ram:inst4|inst21                   ; out              ;
; |PD|ram:inst|4x32ram:inst3|4x4ram:inst4|IN~1                     ; |PD|ram:inst|4x32ram:inst3|4x4ram:inst4|IN~1                     ; out0             ;
; |PD|ram:inst|4x32ram:inst3|4x4ram:inst4|inst22                   ; |PD|ram:inst|4x32ram:inst3|4x4ram:inst4|inst22                   ; out              ;
; |PD|ram:inst|4x32ram:inst3|4x4ram:inst4|IN~2                     ; |PD|ram:inst|4x32ram:inst3|4x4ram:inst4|IN~2                     ; out0             ;
; |PD|ram:inst|4x32ram:inst3|4x4ram:inst4|inst19                   ; |PD|ram:inst|4x32ram:inst3|4x4ram:inst4|inst19                   ; out              ;
; |PD|ram:inst|4x32ram:inst3|4x4ram:inst4|IN~3                     ; |PD|ram:inst|4x32ram:inst3|4x4ram:inst4|IN~3                     ; out0             ;
; |PD|ram:inst|4x32ram:inst3|4x4ram:inst4|memory_cell:inst3|inst3  ; |PD|ram:inst|4x32ram:inst3|4x4ram:inst4|memory_cell:inst3|inst3  ; out              ;
; |PD|ram:inst|4x32ram:inst3|4x4ram:inst4|memory_cell:inst3|inst   ; |PD|ram:inst|4x32ram:inst3|4x4ram:inst4|memory_cell:inst3|inst   ; regout           ;
; |PD|ram:inst|4x32ram:inst3|4x4ram:inst4|memory_cell:inst5|inst3  ; |PD|ram:inst|4x32ram:inst3|4x4ram:inst4|memory_cell:inst5|inst3  ; out              ;
; |PD|ram:inst|4x32ram:inst3|4x4ram:inst4|memory_cell:inst5|inst   ; |PD|ram:inst|4x32ram:inst3|4x4ram:inst4|memory_cell:inst5|inst   ; regout           ;
; |PD|ram:inst|4x32ram:inst3|4x4ram:inst4|memory_cell:inst7|inst3  ; |PD|ram:inst|4x32ram:inst3|4x4ram:inst4|memory_cell:inst7|inst3  ; out              ;
; |PD|ram:inst|4x32ram:inst3|4x4ram:inst4|memory_cell:inst7|inst   ; |PD|ram:inst|4x32ram:inst3|4x4ram:inst4|memory_cell:inst7|inst   ; regout           ;
; |PD|ram:inst|4x32ram:inst3|4x4ram:inst4|memory_cell:inst1|inst3  ; |PD|ram:inst|4x32ram:inst3|4x4ram:inst4|memory_cell:inst1|inst3  ; out              ;
; |PD|ram:inst|4x32ram:inst3|4x4ram:inst4|memory_cell:inst1|inst   ; |PD|ram:inst|4x32ram:inst3|4x4ram:inst4|memory_cell:inst1|inst   ; regout           ;
; |PD|ram:inst|4x32ram:inst3|4x4ram:inst4|memory_cell:inst16|inst3 ; |PD|ram:inst|4x32ram:inst3|4x4ram:inst4|memory_cell:inst16|inst3 ; out              ;
; |PD|ram:inst|4x32ram:inst3|4x4ram:inst4|memory_cell:inst16|inst  ; |PD|ram:inst|4x32ram:inst3|4x4ram:inst4|memory_cell:inst16|inst  ; regout           ;
; |PD|ram:inst|4x32ram:inst3|4x4ram:inst4|memory_cell:inst14|inst3 ; |PD|ram:inst|4x32ram:inst3|4x4ram:inst4|memory_cell:inst14|inst3 ; out              ;
; |PD|ram:inst|4x32ram:inst3|4x4ram:inst4|memory_cell:inst14|inst  ; |PD|ram:inst|4x32ram:inst3|4x4ram:inst4|memory_cell:inst14|inst  ; regout           ;
; |PD|ram:inst|4x32ram:inst3|4x4ram:inst4|memory_cell:inst12|inst3 ; |PD|ram:inst|4x32ram:inst3|4x4ram:inst4|memory_cell:inst12|inst3 ; out              ;
; |PD|ram:inst|4x32ram:inst3|4x4ram:inst4|memory_cell:inst12|inst  ; |PD|ram:inst|4x32ram:inst3|4x4ram:inst4|memory_cell:inst12|inst  ; regout           ;
; |PD|ram:inst|4x32ram:inst3|4x4ram:inst4|memory_cell:inst10|inst3 ; |PD|ram:inst|4x32ram:inst3|4x4ram:inst4|memory_cell:inst10|inst3 ; out              ;
; |PD|ram:inst|4x32ram:inst3|4x4ram:inst4|memory_cell:inst10|inst  ; |PD|ram:inst|4x32ram:inst3|4x4ram:inst4|memory_cell:inst10|inst  ; regout           ;
; |PD|ram:inst|4x32ram:inst3|4x4ram:inst4|memory_cell:inst15|inst3 ; |PD|ram:inst|4x32ram:inst3|4x4ram:inst4|memory_cell:inst15|inst3 ; out              ;
; |PD|ram:inst|4x32ram:inst3|4x4ram:inst4|memory_cell:inst15|inst  ; |PD|ram:inst|4x32ram:inst3|4x4ram:inst4|memory_cell:inst15|inst  ; regout           ;
; |PD|ram:inst|4x32ram:inst3|4x4ram:inst4|memory_cell:inst13|inst3 ; |PD|ram:inst|4x32ram:inst3|4x4ram:inst4|memory_cell:inst13|inst3 ; out              ;
; |PD|ram:inst|4x32ram:inst3|4x4ram:inst4|memory_cell:inst13|inst  ; |PD|ram:inst|4x32ram:inst3|4x4ram:inst4|memory_cell:inst13|inst  ; regout           ;
; |PD|ram:inst|4x32ram:inst3|4x4ram:inst4|memory_cell:inst11|inst3 ; |PD|ram:inst|4x32ram:inst3|4x4ram:inst4|memory_cell:inst11|inst3 ; out              ;
; |PD|ram:inst|4x32ram:inst3|4x4ram:inst4|memory_cell:inst11|inst  ; |PD|ram:inst|4x32ram:inst3|4x4ram:inst4|memory_cell:inst11|inst  ; regout           ;
; |PD|ram:inst|4x32ram:inst3|4x4ram:inst4|memory_cell:inst9|inst3  ; |PD|ram:inst|4x32ram:inst3|4x4ram:inst4|memory_cell:inst9|inst3  ; out              ;
; |PD|ram:inst|4x32ram:inst3|4x4ram:inst4|memory_cell:inst9|inst   ; |PD|ram:inst|4x32ram:inst3|4x4ram:inst4|memory_cell:inst9|inst   ; regout           ;
; |PD|ram:inst|4x32ram:inst3|4x4ram:inst4|memory_cell:inst8|inst3  ; |PD|ram:inst|4x32ram:inst3|4x4ram:inst4|memory_cell:inst8|inst3  ; out              ;
; |PD|ram:inst|4x32ram:inst3|4x4ram:inst4|memory_cell:inst8|inst   ; |PD|ram:inst|4x32ram:inst3|4x4ram:inst4|memory_cell:inst8|inst   ; regout           ;
; |PD|ram:inst|4x32ram:inst3|4x4ram:inst4|memory_cell:inst6|inst3  ; |PD|ram:inst|4x32ram:inst3|4x4ram:inst4|memory_cell:inst6|inst3  ; out              ;
; |PD|ram:inst|4x32ram:inst3|4x4ram:inst4|memory_cell:inst6|inst   ; |PD|ram:inst|4x32ram:inst3|4x4ram:inst4|memory_cell:inst6|inst   ; regout           ;
; |PD|ram:inst|4x32ram:inst3|4x4ram:inst4|memory_cell:inst4|inst3  ; |PD|ram:inst|4x32ram:inst3|4x4ram:inst4|memory_cell:inst4|inst3  ; out              ;
; |PD|ram:inst|4x32ram:inst3|4x4ram:inst4|memory_cell:inst4|inst   ; |PD|ram:inst|4x32ram:inst3|4x4ram:inst4|memory_cell:inst4|inst   ; regout           ;
; |PD|ram:inst|4x32ram:inst3|4x4ram:inst4|memory_cell:inst2|inst3  ; |PD|ram:inst|4x32ram:inst3|4x4ram:inst4|memory_cell:inst2|inst3  ; out              ;
; |PD|ram:inst|4x32ram:inst3|4x4ram:inst4|memory_cell:inst2|inst   ; |PD|ram:inst|4x32ram:inst3|4x4ram:inst4|memory_cell:inst2|inst   ; regout           ;
; |PD|ram:inst|4x32ram:inst3|4x4ram:inst3|inst20                   ; |PD|ram:inst|4x32ram:inst3|4x4ram:inst3|inst20                   ; out              ;
; |PD|ram:inst|4x32ram:inst3|4x4ram:inst3|IN~0                     ; |PD|ram:inst|4x32ram:inst3|4x4ram:inst3|IN~0                     ; out0             ;
; |PD|ram:inst|4x32ram:inst3|4x4ram:inst3|inst21                   ; |PD|ram:inst|4x32ram:inst3|4x4ram:inst3|inst21                   ; out              ;
; |PD|ram:inst|4x32ram:inst3|4x4ram:inst3|IN~1                     ; |PD|ram:inst|4x32ram:inst3|4x4ram:inst3|IN~1                     ; out0             ;
; |PD|ram:inst|4x32ram:inst3|4x4ram:inst3|inst22                   ; |PD|ram:inst|4x32ram:inst3|4x4ram:inst3|inst22                   ; out              ;
; |PD|ram:inst|4x32ram:inst3|4x4ram:inst3|IN~2                     ; |PD|ram:inst|4x32ram:inst3|4x4ram:inst3|IN~2                     ; out0             ;
; |PD|ram:inst|4x32ram:inst3|4x4ram:inst3|inst19                   ; |PD|ram:inst|4x32ram:inst3|4x4ram:inst3|inst19                   ; out              ;
; |PD|ram:inst|4x32ram:inst3|4x4ram:inst3|IN~3                     ; |PD|ram:inst|4x32ram:inst3|4x4ram:inst3|IN~3                     ; out0             ;
; |PD|ram:inst|4x32ram:inst3|4x4ram:inst3|memory_cell:inst3|inst3  ; |PD|ram:inst|4x32ram:inst3|4x4ram:inst3|memory_cell:inst3|inst3  ; out              ;
; |PD|ram:inst|4x32ram:inst3|4x4ram:inst3|memory_cell:inst3|inst   ; |PD|ram:inst|4x32ram:inst3|4x4ram:inst3|memory_cell:inst3|inst   ; regout           ;
; |PD|ram:inst|4x32ram:inst3|4x4ram:inst3|memory_cell:inst5|inst3  ; |PD|ram:inst|4x32ram:inst3|4x4ram:inst3|memory_cell:inst5|inst3  ; out              ;
; |PD|ram:inst|4x32ram:inst3|4x4ram:inst3|memory_cell:inst5|inst   ; |PD|ram:inst|4x32ram:inst3|4x4ram:inst3|memory_cell:inst5|inst   ; regout           ;
; |PD|ram:inst|4x32ram:inst3|4x4ram:inst3|memory_cell:inst7|inst3  ; |PD|ram:inst|4x32ram:inst3|4x4ram:inst3|memory_cell:inst7|inst3  ; out              ;
; |PD|ram:inst|4x32ram:inst3|4x4ram:inst3|memory_cell:inst7|inst   ; |PD|ram:inst|4x32ram:inst3|4x4ram:inst3|memory_cell:inst7|inst   ; regout           ;
; |PD|ram:inst|4x32ram:inst3|4x4ram:inst3|memory_cell:inst1|inst3  ; |PD|ram:inst|4x32ram:inst3|4x4ram:inst3|memory_cell:inst1|inst3  ; out              ;
; |PD|ram:inst|4x32ram:inst3|4x4ram:inst3|memory_cell:inst1|inst   ; |PD|ram:inst|4x32ram:inst3|4x4ram:inst3|memory_cell:inst1|inst   ; regout           ;
; |PD|ram:inst|4x32ram:inst3|4x4ram:inst3|memory_cell:inst16|inst3 ; |PD|ram:inst|4x32ram:inst3|4x4ram:inst3|memory_cell:inst16|inst3 ; out              ;
; |PD|ram:inst|4x32ram:inst3|4x4ram:inst3|memory_cell:inst16|inst  ; |PD|ram:inst|4x32ram:inst3|4x4ram:inst3|memory_cell:inst16|inst  ; regout           ;
; |PD|ram:inst|4x32ram:inst3|4x4ram:inst3|memory_cell:inst14|inst3 ; |PD|ram:inst|4x32ram:inst3|4x4ram:inst3|memory_cell:inst14|inst3 ; out              ;
; |PD|ram:inst|4x32ram:inst3|4x4ram:inst3|memory_cell:inst14|inst  ; |PD|ram:inst|4x32ram:inst3|4x4ram:inst3|memory_cell:inst14|inst  ; regout           ;
; |PD|ram:inst|4x32ram:inst3|4x4ram:inst3|memory_cell:inst12|inst3 ; |PD|ram:inst|4x32ram:inst3|4x4ram:inst3|memory_cell:inst12|inst3 ; out              ;
; |PD|ram:inst|4x32ram:inst3|4x4ram:inst3|memory_cell:inst12|inst  ; |PD|ram:inst|4x32ram:inst3|4x4ram:inst3|memory_cell:inst12|inst  ; regout           ;
; |PD|ram:inst|4x32ram:inst3|4x4ram:inst3|memory_cell:inst10|inst3 ; |PD|ram:inst|4x32ram:inst3|4x4ram:inst3|memory_cell:inst10|inst3 ; out              ;
; |PD|ram:inst|4x32ram:inst3|4x4ram:inst3|memory_cell:inst10|inst  ; |PD|ram:inst|4x32ram:inst3|4x4ram:inst3|memory_cell:inst10|inst  ; regout           ;
; |PD|ram:inst|4x32ram:inst3|4x4ram:inst3|memory_cell:inst15|inst3 ; |PD|ram:inst|4x32ram:inst3|4x4ram:inst3|memory_cell:inst15|inst3 ; out              ;
; |PD|ram:inst|4x32ram:inst3|4x4ram:inst3|memory_cell:inst15|inst  ; |PD|ram:inst|4x32ram:inst3|4x4ram:inst3|memory_cell:inst15|inst  ; regout           ;
; |PD|ram:inst|4x32ram:inst3|4x4ram:inst3|memory_cell:inst13|inst3 ; |PD|ram:inst|4x32ram:inst3|4x4ram:inst3|memory_cell:inst13|inst3 ; out              ;
; |PD|ram:inst|4x32ram:inst3|4x4ram:inst3|memory_cell:inst13|inst  ; |PD|ram:inst|4x32ram:inst3|4x4ram:inst3|memory_cell:inst13|inst  ; regout           ;
; |PD|ram:inst|4x32ram:inst3|4x4ram:inst3|memory_cell:inst11|inst3 ; |PD|ram:inst|4x32ram:inst3|4x4ram:inst3|memory_cell:inst11|inst3 ; out              ;
; |PD|ram:inst|4x32ram:inst3|4x4ram:inst3|memory_cell:inst11|inst  ; |PD|ram:inst|4x32ram:inst3|4x4ram:inst3|memory_cell:inst11|inst  ; regout           ;
; |PD|ram:inst|4x32ram:inst3|4x4ram:inst3|memory_cell:inst9|inst3  ; |PD|ram:inst|4x32ram:inst3|4x4ram:inst3|memory_cell:inst9|inst3  ; out              ;
; |PD|ram:inst|4x32ram:inst3|4x4ram:inst3|memory_cell:inst9|inst   ; |PD|ram:inst|4x32ram:inst3|4x4ram:inst3|memory_cell:inst9|inst   ; regout           ;
; |PD|ram:inst|4x32ram:inst3|4x4ram:inst3|memory_cell:inst8|inst3  ; |PD|ram:inst|4x32ram:inst3|4x4ram:inst3|memory_cell:inst8|inst3  ; out              ;
; |PD|ram:inst|4x32ram:inst3|4x4ram:inst3|memory_cell:inst8|inst   ; |PD|ram:inst|4x32ram:inst3|4x4ram:inst3|memory_cell:inst8|inst   ; regout           ;
; |PD|ram:inst|4x32ram:inst3|4x4ram:inst3|memory_cell:inst6|inst3  ; |PD|ram:inst|4x32ram:inst3|4x4ram:inst3|memory_cell:inst6|inst3  ; out              ;
; |PD|ram:inst|4x32ram:inst3|4x4ram:inst3|memory_cell:inst6|inst   ; |PD|ram:inst|4x32ram:inst3|4x4ram:inst3|memory_cell:inst6|inst   ; regout           ;
; |PD|ram:inst|4x32ram:inst3|4x4ram:inst3|memory_cell:inst4|inst3  ; |PD|ram:inst|4x32ram:inst3|4x4ram:inst3|memory_cell:inst4|inst3  ; out              ;
; |PD|ram:inst|4x32ram:inst3|4x4ram:inst3|memory_cell:inst4|inst   ; |PD|ram:inst|4x32ram:inst3|4x4ram:inst3|memory_cell:inst4|inst   ; regout           ;
; |PD|ram:inst|4x32ram:inst3|4x4ram:inst3|memory_cell:inst2|inst3  ; |PD|ram:inst|4x32ram:inst3|4x4ram:inst3|memory_cell:inst2|inst3  ; out              ;
; |PD|ram:inst|4x32ram:inst3|4x4ram:inst3|memory_cell:inst2|inst   ; |PD|ram:inst|4x32ram:inst3|4x4ram:inst3|memory_cell:inst2|inst   ; regout           ;
; |PD|ram:inst|4x32ram:inst3|4x4ram:inst1|inst20                   ; |PD|ram:inst|4x32ram:inst3|4x4ram:inst1|inst20                   ; out              ;
; |PD|ram:inst|4x32ram:inst3|4x4ram:inst1|IN~0                     ; |PD|ram:inst|4x32ram:inst3|4x4ram:inst1|IN~0                     ; out0             ;
; |PD|ram:inst|4x32ram:inst3|4x4ram:inst1|inst21                   ; |PD|ram:inst|4x32ram:inst3|4x4ram:inst1|inst21                   ; out              ;
; |PD|ram:inst|4x32ram:inst3|4x4ram:inst1|IN~1                     ; |PD|ram:inst|4x32ram:inst3|4x4ram:inst1|IN~1                     ; out0             ;
; |PD|ram:inst|4x32ram:inst3|4x4ram:inst1|inst22                   ; |PD|ram:inst|4x32ram:inst3|4x4ram:inst1|inst22                   ; out              ;
; |PD|ram:inst|4x32ram:inst3|4x4ram:inst1|IN~2                     ; |PD|ram:inst|4x32ram:inst3|4x4ram:inst1|IN~2                     ; out0             ;
; |PD|ram:inst|4x32ram:inst3|4x4ram:inst1|inst19                   ; |PD|ram:inst|4x32ram:inst3|4x4ram:inst1|inst19                   ; out              ;
; |PD|ram:inst|4x32ram:inst3|4x4ram:inst1|IN~3                     ; |PD|ram:inst|4x32ram:inst3|4x4ram:inst1|IN~3                     ; out0             ;
; |PD|ram:inst|4x32ram:inst3|4x4ram:inst1|memory_cell:inst3|inst3  ; |PD|ram:inst|4x32ram:inst3|4x4ram:inst1|memory_cell:inst3|inst3  ; out              ;
; |PD|ram:inst|4x32ram:inst3|4x4ram:inst1|memory_cell:inst3|inst   ; |PD|ram:inst|4x32ram:inst3|4x4ram:inst1|memory_cell:inst3|inst   ; regout           ;
; |PD|ram:inst|4x32ram:inst3|4x4ram:inst1|memory_cell:inst5|inst3  ; |PD|ram:inst|4x32ram:inst3|4x4ram:inst1|memory_cell:inst5|inst3  ; out              ;
; |PD|ram:inst|4x32ram:inst3|4x4ram:inst1|memory_cell:inst5|inst   ; |PD|ram:inst|4x32ram:inst3|4x4ram:inst1|memory_cell:inst5|inst   ; regout           ;
; |PD|ram:inst|4x32ram:inst3|4x4ram:inst1|memory_cell:inst7|inst3  ; |PD|ram:inst|4x32ram:inst3|4x4ram:inst1|memory_cell:inst7|inst3  ; out              ;
; |PD|ram:inst|4x32ram:inst3|4x4ram:inst1|memory_cell:inst7|inst   ; |PD|ram:inst|4x32ram:inst3|4x4ram:inst1|memory_cell:inst7|inst   ; regout           ;
; |PD|ram:inst|4x32ram:inst3|4x4ram:inst1|memory_cell:inst1|inst3  ; |PD|ram:inst|4x32ram:inst3|4x4ram:inst1|memory_cell:inst1|inst3  ; out              ;
; |PD|ram:inst|4x32ram:inst3|4x4ram:inst1|memory_cell:inst1|inst   ; |PD|ram:inst|4x32ram:inst3|4x4ram:inst1|memory_cell:inst1|inst   ; regout           ;
; |PD|ram:inst|4x32ram:inst3|4x4ram:inst1|memory_cell:inst16|inst3 ; |PD|ram:inst|4x32ram:inst3|4x4ram:inst1|memory_cell:inst16|inst3 ; out              ;
; |PD|ram:inst|4x32ram:inst3|4x4ram:inst1|memory_cell:inst16|inst  ; |PD|ram:inst|4x32ram:inst3|4x4ram:inst1|memory_cell:inst16|inst  ; regout           ;
; |PD|ram:inst|4x32ram:inst3|4x4ram:inst1|memory_cell:inst14|inst3 ; |PD|ram:inst|4x32ram:inst3|4x4ram:inst1|memory_cell:inst14|inst3 ; out              ;
; |PD|ram:inst|4x32ram:inst3|4x4ram:inst1|memory_cell:inst14|inst  ; |PD|ram:inst|4x32ram:inst3|4x4ram:inst1|memory_cell:inst14|inst  ; regout           ;
; |PD|ram:inst|4x32ram:inst3|4x4ram:inst1|memory_cell:inst12|inst3 ; |PD|ram:inst|4x32ram:inst3|4x4ram:inst1|memory_cell:inst12|inst3 ; out              ;
; |PD|ram:inst|4x32ram:inst3|4x4ram:inst1|memory_cell:inst12|inst  ; |PD|ram:inst|4x32ram:inst3|4x4ram:inst1|memory_cell:inst12|inst  ; regout           ;
; |PD|ram:inst|4x32ram:inst3|4x4ram:inst1|memory_cell:inst10|inst3 ; |PD|ram:inst|4x32ram:inst3|4x4ram:inst1|memory_cell:inst10|inst3 ; out              ;
; |PD|ram:inst|4x32ram:inst3|4x4ram:inst1|memory_cell:inst10|inst  ; |PD|ram:inst|4x32ram:inst3|4x4ram:inst1|memory_cell:inst10|inst  ; regout           ;
; |PD|ram:inst|4x32ram:inst3|4x4ram:inst1|memory_cell:inst15|inst3 ; |PD|ram:inst|4x32ram:inst3|4x4ram:inst1|memory_cell:inst15|inst3 ; out              ;
; |PD|ram:inst|4x32ram:inst3|4x4ram:inst1|memory_cell:inst15|inst  ; |PD|ram:inst|4x32ram:inst3|4x4ram:inst1|memory_cell:inst15|inst  ; regout           ;
; |PD|ram:inst|4x32ram:inst3|4x4ram:inst1|memory_cell:inst13|inst3 ; |PD|ram:inst|4x32ram:inst3|4x4ram:inst1|memory_cell:inst13|inst3 ; out              ;
; |PD|ram:inst|4x32ram:inst3|4x4ram:inst1|memory_cell:inst13|inst  ; |PD|ram:inst|4x32ram:inst3|4x4ram:inst1|memory_cell:inst13|inst  ; regout           ;
; |PD|ram:inst|4x32ram:inst3|4x4ram:inst1|memory_cell:inst11|inst3 ; |PD|ram:inst|4x32ram:inst3|4x4ram:inst1|memory_cell:inst11|inst3 ; out              ;
; |PD|ram:inst|4x32ram:inst3|4x4ram:inst1|memory_cell:inst11|inst  ; |PD|ram:inst|4x32ram:inst3|4x4ram:inst1|memory_cell:inst11|inst  ; regout           ;
; |PD|ram:inst|4x32ram:inst3|4x4ram:inst1|memory_cell:inst9|inst3  ; |PD|ram:inst|4x32ram:inst3|4x4ram:inst1|memory_cell:inst9|inst3  ; out              ;
; |PD|ram:inst|4x32ram:inst3|4x4ram:inst1|memory_cell:inst9|inst   ; |PD|ram:inst|4x32ram:inst3|4x4ram:inst1|memory_cell:inst9|inst   ; regout           ;
; |PD|ram:inst|4x32ram:inst3|4x4ram:inst1|memory_cell:inst8|inst3  ; |PD|ram:inst|4x32ram:inst3|4x4ram:inst1|memory_cell:inst8|inst3  ; out              ;
; |PD|ram:inst|4x32ram:inst3|4x4ram:inst1|memory_cell:inst8|inst   ; |PD|ram:inst|4x32ram:inst3|4x4ram:inst1|memory_cell:inst8|inst   ; regout           ;
; |PD|ram:inst|4x32ram:inst3|4x4ram:inst1|memory_cell:inst6|inst3  ; |PD|ram:inst|4x32ram:inst3|4x4ram:inst1|memory_cell:inst6|inst3  ; out              ;
; |PD|ram:inst|4x32ram:inst3|4x4ram:inst1|memory_cell:inst6|inst   ; |PD|ram:inst|4x32ram:inst3|4x4ram:inst1|memory_cell:inst6|inst   ; regout           ;
; |PD|ram:inst|4x32ram:inst3|4x4ram:inst1|memory_cell:inst4|inst3  ; |PD|ram:inst|4x32ram:inst3|4x4ram:inst1|memory_cell:inst4|inst3  ; out              ;
; |PD|ram:inst|4x32ram:inst3|4x4ram:inst1|memory_cell:inst4|inst   ; |PD|ram:inst|4x32ram:inst3|4x4ram:inst1|memory_cell:inst4|inst   ; regout           ;
; |PD|ram:inst|4x32ram:inst3|4x4ram:inst1|memory_cell:inst2|inst3  ; |PD|ram:inst|4x32ram:inst3|4x4ram:inst1|memory_cell:inst2|inst3  ; out              ;
; |PD|ram:inst|4x32ram:inst3|4x4ram:inst1|memory_cell:inst2|inst   ; |PD|ram:inst|4x32ram:inst3|4x4ram:inst1|memory_cell:inst2|inst   ; regout           ;
; |PD|ram:inst|4x32ram:inst3|4x4ram:inst|inst20                    ; |PD|ram:inst|4x32ram:inst3|4x4ram:inst|inst20                    ; out              ;
; |PD|ram:inst|4x32ram:inst3|4x4ram:inst|IN~0                      ; |PD|ram:inst|4x32ram:inst3|4x4ram:inst|IN~0                      ; out0             ;
; |PD|ram:inst|4x32ram:inst3|4x4ram:inst|inst21                    ; |PD|ram:inst|4x32ram:inst3|4x4ram:inst|inst21                    ; out              ;
; |PD|ram:inst|4x32ram:inst3|4x4ram:inst|IN~1                      ; |PD|ram:inst|4x32ram:inst3|4x4ram:inst|IN~1                      ; out0             ;
; |PD|ram:inst|4x32ram:inst3|4x4ram:inst|inst22                    ; |PD|ram:inst|4x32ram:inst3|4x4ram:inst|inst22                    ; out              ;
; |PD|ram:inst|4x32ram:inst3|4x4ram:inst|IN~2                      ; |PD|ram:inst|4x32ram:inst3|4x4ram:inst|IN~2                      ; out0             ;
; |PD|ram:inst|4x32ram:inst3|4x4ram:inst|inst19                    ; |PD|ram:inst|4x32ram:inst3|4x4ram:inst|inst19                    ; out              ;
; |PD|ram:inst|4x32ram:inst3|4x4ram:inst|IN~3                      ; |PD|ram:inst|4x32ram:inst3|4x4ram:inst|IN~3                      ; out0             ;
; |PD|ram:inst|4x32ram:inst3|4x4ram:inst|memory_cell:inst3|inst3   ; |PD|ram:inst|4x32ram:inst3|4x4ram:inst|memory_cell:inst3|inst3   ; out              ;
; |PD|ram:inst|4x32ram:inst3|4x4ram:inst|memory_cell:inst3|inst    ; |PD|ram:inst|4x32ram:inst3|4x4ram:inst|memory_cell:inst3|inst    ; regout           ;
; |PD|ram:inst|4x32ram:inst3|4x4ram:inst|memory_cell:inst5|inst3   ; |PD|ram:inst|4x32ram:inst3|4x4ram:inst|memory_cell:inst5|inst3   ; out              ;
; |PD|ram:inst|4x32ram:inst3|4x4ram:inst|memory_cell:inst5|inst    ; |PD|ram:inst|4x32ram:inst3|4x4ram:inst|memory_cell:inst5|inst    ; regout           ;
; |PD|ram:inst|4x32ram:inst3|4x4ram:inst|memory_cell:inst7|inst3   ; |PD|ram:inst|4x32ram:inst3|4x4ram:inst|memory_cell:inst7|inst3   ; out              ;
; |PD|ram:inst|4x32ram:inst3|4x4ram:inst|memory_cell:inst7|inst    ; |PD|ram:inst|4x32ram:inst3|4x4ram:inst|memory_cell:inst7|inst    ; regout           ;
; |PD|ram:inst|4x32ram:inst3|4x4ram:inst|memory_cell:inst1|inst3   ; |PD|ram:inst|4x32ram:inst3|4x4ram:inst|memory_cell:inst1|inst3   ; out              ;
; |PD|ram:inst|4x32ram:inst3|4x4ram:inst|memory_cell:inst1|inst    ; |PD|ram:inst|4x32ram:inst3|4x4ram:inst|memory_cell:inst1|inst    ; regout           ;
; |PD|ram:inst|4x32ram:inst3|4x4ram:inst|memory_cell:inst16|inst3  ; |PD|ram:inst|4x32ram:inst3|4x4ram:inst|memory_cell:inst16|inst3  ; out              ;
; |PD|ram:inst|4x32ram:inst3|4x4ram:inst|memory_cell:inst16|inst   ; |PD|ram:inst|4x32ram:inst3|4x4ram:inst|memory_cell:inst16|inst   ; regout           ;
; |PD|ram:inst|4x32ram:inst3|4x4ram:inst|memory_cell:inst14|inst3  ; |PD|ram:inst|4x32ram:inst3|4x4ram:inst|memory_cell:inst14|inst3  ; out              ;
; |PD|ram:inst|4x32ram:inst3|4x4ram:inst|memory_cell:inst14|inst   ; |PD|ram:inst|4x32ram:inst3|4x4ram:inst|memory_cell:inst14|inst   ; regout           ;
; |PD|ram:inst|4x32ram:inst3|4x4ram:inst|memory_cell:inst12|inst3  ; |PD|ram:inst|4x32ram:inst3|4x4ram:inst|memory_cell:inst12|inst3  ; out              ;
; |PD|ram:inst|4x32ram:inst3|4x4ram:inst|memory_cell:inst12|inst   ; |PD|ram:inst|4x32ram:inst3|4x4ram:inst|memory_cell:inst12|inst   ; regout           ;
; |PD|ram:inst|4x32ram:inst3|4x4ram:inst|memory_cell:inst10|inst3  ; |PD|ram:inst|4x32ram:inst3|4x4ram:inst|memory_cell:inst10|inst3  ; out              ;
; |PD|ram:inst|4x32ram:inst3|4x4ram:inst|memory_cell:inst10|inst   ; |PD|ram:inst|4x32ram:inst3|4x4ram:inst|memory_cell:inst10|inst   ; regout           ;
; |PD|ram:inst|4x32ram:inst3|4x4ram:inst|memory_cell:inst15|inst3  ; |PD|ram:inst|4x32ram:inst3|4x4ram:inst|memory_cell:inst15|inst3  ; out              ;
; |PD|ram:inst|4x32ram:inst3|4x4ram:inst|memory_cell:inst15|inst   ; |PD|ram:inst|4x32ram:inst3|4x4ram:inst|memory_cell:inst15|inst   ; regout           ;
; |PD|ram:inst|4x32ram:inst3|4x4ram:inst|memory_cell:inst13|inst3  ; |PD|ram:inst|4x32ram:inst3|4x4ram:inst|memory_cell:inst13|inst3  ; out              ;
; |PD|ram:inst|4x32ram:inst3|4x4ram:inst|memory_cell:inst13|inst   ; |PD|ram:inst|4x32ram:inst3|4x4ram:inst|memory_cell:inst13|inst   ; regout           ;
; |PD|ram:inst|4x32ram:inst3|4x4ram:inst|memory_cell:inst11|inst3  ; |PD|ram:inst|4x32ram:inst3|4x4ram:inst|memory_cell:inst11|inst3  ; out              ;
; |PD|ram:inst|4x32ram:inst3|4x4ram:inst|memory_cell:inst11|inst   ; |PD|ram:inst|4x32ram:inst3|4x4ram:inst|memory_cell:inst11|inst   ; regout           ;
; |PD|ram:inst|4x32ram:inst3|4x4ram:inst|memory_cell:inst9|inst3   ; |PD|ram:inst|4x32ram:inst3|4x4ram:inst|memory_cell:inst9|inst3   ; out              ;
; |PD|ram:inst|4x32ram:inst3|4x4ram:inst|memory_cell:inst9|inst    ; |PD|ram:inst|4x32ram:inst3|4x4ram:inst|memory_cell:inst9|inst    ; regout           ;
; |PD|ram:inst|4x32ram:inst3|4x4ram:inst|memory_cell:inst8|inst3   ; |PD|ram:inst|4x32ram:inst3|4x4ram:inst|memory_cell:inst8|inst3   ; out              ;
; |PD|ram:inst|4x32ram:inst3|4x4ram:inst|memory_cell:inst8|inst    ; |PD|ram:inst|4x32ram:inst3|4x4ram:inst|memory_cell:inst8|inst    ; regout           ;
; |PD|ram:inst|4x32ram:inst3|4x4ram:inst|memory_cell:inst6|inst3   ; |PD|ram:inst|4x32ram:inst3|4x4ram:inst|memory_cell:inst6|inst3   ; out              ;
; |PD|ram:inst|4x32ram:inst3|4x4ram:inst|memory_cell:inst6|inst    ; |PD|ram:inst|4x32ram:inst3|4x4ram:inst|memory_cell:inst6|inst    ; regout           ;
; |PD|ram:inst|4x32ram:inst3|4x4ram:inst|memory_cell:inst4|inst3   ; |PD|ram:inst|4x32ram:inst3|4x4ram:inst|memory_cell:inst4|inst3   ; out              ;
; |PD|ram:inst|4x32ram:inst3|4x4ram:inst|memory_cell:inst4|inst    ; |PD|ram:inst|4x32ram:inst3|4x4ram:inst|memory_cell:inst4|inst    ; regout           ;
; |PD|ram:inst|4x32ram:inst3|4x4ram:inst|memory_cell:inst2|inst3   ; |PD|ram:inst|4x32ram:inst3|4x4ram:inst|memory_cell:inst2|inst3   ; out              ;
; |PD|ram:inst|4x32ram:inst3|4x4ram:inst|memory_cell:inst2|inst    ; |PD|ram:inst|4x32ram:inst3|4x4ram:inst|memory_cell:inst2|inst    ; regout           ;
; |PD|ram:inst|4x32ram:inst2|4x4ram:inst8|memory_cell:inst3|inst3  ; |PD|ram:inst|4x32ram:inst2|4x4ram:inst8|memory_cell:inst3|inst3  ; out              ;
; |PD|ram:inst|4x32ram:inst2|4x4ram:inst8|memory_cell:inst3|inst   ; |PD|ram:inst|4x32ram:inst2|4x4ram:inst8|memory_cell:inst3|inst   ; regout           ;
; |PD|ram:inst|4x32ram:inst2|4x4ram:inst8|memory_cell:inst5|inst3  ; |PD|ram:inst|4x32ram:inst2|4x4ram:inst8|memory_cell:inst5|inst3  ; out              ;
; |PD|ram:inst|4x32ram:inst2|4x4ram:inst8|memory_cell:inst5|inst   ; |PD|ram:inst|4x32ram:inst2|4x4ram:inst8|memory_cell:inst5|inst   ; regout           ;
; |PD|ram:inst|4x32ram:inst2|4x4ram:inst8|memory_cell:inst1|inst3  ; |PD|ram:inst|4x32ram:inst2|4x4ram:inst8|memory_cell:inst1|inst3  ; out              ;
; |PD|ram:inst|4x32ram:inst2|4x4ram:inst8|memory_cell:inst1|inst   ; |PD|ram:inst|4x32ram:inst2|4x4ram:inst8|memory_cell:inst1|inst   ; regout           ;
; |PD|ram:inst|4x32ram:inst2|4x4ram:inst8|memory_cell:inst16|inst3 ; |PD|ram:inst|4x32ram:inst2|4x4ram:inst8|memory_cell:inst16|inst3 ; out              ;
; |PD|ram:inst|4x32ram:inst2|4x4ram:inst8|memory_cell:inst16|inst  ; |PD|ram:inst|4x32ram:inst2|4x4ram:inst8|memory_cell:inst16|inst  ; regout           ;
; |PD|ram:inst|4x32ram:inst2|4x4ram:inst8|memory_cell:inst12|inst3 ; |PD|ram:inst|4x32ram:inst2|4x4ram:inst8|memory_cell:inst12|inst3 ; out              ;
; |PD|ram:inst|4x32ram:inst2|4x4ram:inst8|memory_cell:inst12|inst  ; |PD|ram:inst|4x32ram:inst2|4x4ram:inst8|memory_cell:inst12|inst  ; regout           ;
; |PD|ram:inst|4x32ram:inst2|4x4ram:inst8|memory_cell:inst15|inst3 ; |PD|ram:inst|4x32ram:inst2|4x4ram:inst8|memory_cell:inst15|inst3 ; out              ;
; |PD|ram:inst|4x32ram:inst2|4x4ram:inst8|memory_cell:inst15|inst  ; |PD|ram:inst|4x32ram:inst2|4x4ram:inst8|memory_cell:inst15|inst  ; regout           ;
; |PD|ram:inst|4x32ram:inst2|4x4ram:inst8|memory_cell:inst9|inst3  ; |PD|ram:inst|4x32ram:inst2|4x4ram:inst8|memory_cell:inst9|inst3  ; out              ;
; |PD|ram:inst|4x32ram:inst2|4x4ram:inst8|memory_cell:inst9|inst   ; |PD|ram:inst|4x32ram:inst2|4x4ram:inst8|memory_cell:inst9|inst   ; regout           ;
; |PD|ram:inst|4x32ram:inst2|4x4ram:inst8|memory_cell:inst8|inst3  ; |PD|ram:inst|4x32ram:inst2|4x4ram:inst8|memory_cell:inst8|inst3  ; out              ;
; |PD|ram:inst|4x32ram:inst2|4x4ram:inst8|memory_cell:inst8|inst   ; |PD|ram:inst|4x32ram:inst2|4x4ram:inst8|memory_cell:inst8|inst   ; regout           ;
; |PD|ram:inst|4x32ram:inst2|4x4ram:inst7|inst20                   ; |PD|ram:inst|4x32ram:inst2|4x4ram:inst7|inst20                   ; out              ;
; |PD|ram:inst|4x32ram:inst2|4x4ram:inst7|IN~0                     ; |PD|ram:inst|4x32ram:inst2|4x4ram:inst7|IN~0                     ; out0             ;
; |PD|ram:inst|4x32ram:inst2|4x4ram:inst7|inst21                   ; |PD|ram:inst|4x32ram:inst2|4x4ram:inst7|inst21                   ; out              ;
; |PD|ram:inst|4x32ram:inst2|4x4ram:inst7|IN~1                     ; |PD|ram:inst|4x32ram:inst2|4x4ram:inst7|IN~1                     ; out0             ;
; |PD|ram:inst|4x32ram:inst2|4x4ram:inst7|inst19                   ; |PD|ram:inst|4x32ram:inst2|4x4ram:inst7|inst19                   ; out              ;
; |PD|ram:inst|4x32ram:inst2|4x4ram:inst7|IN~3                     ; |PD|ram:inst|4x32ram:inst2|4x4ram:inst7|IN~3                     ; out0             ;
; |PD|ram:inst|4x32ram:inst2|4x4ram:inst7|memory_cell:inst3|inst3  ; |PD|ram:inst|4x32ram:inst2|4x4ram:inst7|memory_cell:inst3|inst3  ; out              ;
; |PD|ram:inst|4x32ram:inst2|4x4ram:inst7|memory_cell:inst3|inst   ; |PD|ram:inst|4x32ram:inst2|4x4ram:inst7|memory_cell:inst3|inst   ; regout           ;
; |PD|ram:inst|4x32ram:inst2|4x4ram:inst7|memory_cell:inst5|inst3  ; |PD|ram:inst|4x32ram:inst2|4x4ram:inst7|memory_cell:inst5|inst3  ; out              ;
; |PD|ram:inst|4x32ram:inst2|4x4ram:inst7|memory_cell:inst5|inst   ; |PD|ram:inst|4x32ram:inst2|4x4ram:inst7|memory_cell:inst5|inst   ; regout           ;
; |PD|ram:inst|4x32ram:inst2|4x4ram:inst7|memory_cell:inst7|inst3  ; |PD|ram:inst|4x32ram:inst2|4x4ram:inst7|memory_cell:inst7|inst3  ; out              ;
; |PD|ram:inst|4x32ram:inst2|4x4ram:inst7|memory_cell:inst7|inst   ; |PD|ram:inst|4x32ram:inst2|4x4ram:inst7|memory_cell:inst7|inst   ; regout           ;
; |PD|ram:inst|4x32ram:inst2|4x4ram:inst7|memory_cell:inst1|inst3  ; |PD|ram:inst|4x32ram:inst2|4x4ram:inst7|memory_cell:inst1|inst3  ; out              ;
; |PD|ram:inst|4x32ram:inst2|4x4ram:inst7|memory_cell:inst1|inst   ; |PD|ram:inst|4x32ram:inst2|4x4ram:inst7|memory_cell:inst1|inst   ; regout           ;
; |PD|ram:inst|4x32ram:inst2|4x4ram:inst7|memory_cell:inst15|inst3 ; |PD|ram:inst|4x32ram:inst2|4x4ram:inst7|memory_cell:inst15|inst3 ; out              ;
; |PD|ram:inst|4x32ram:inst2|4x4ram:inst7|memory_cell:inst15|inst  ; |PD|ram:inst|4x32ram:inst2|4x4ram:inst7|memory_cell:inst15|inst  ; regout           ;
; |PD|ram:inst|4x32ram:inst2|4x4ram:inst7|memory_cell:inst13|inst3 ; |PD|ram:inst|4x32ram:inst2|4x4ram:inst7|memory_cell:inst13|inst3 ; out              ;
; |PD|ram:inst|4x32ram:inst2|4x4ram:inst7|memory_cell:inst13|inst  ; |PD|ram:inst|4x32ram:inst2|4x4ram:inst7|memory_cell:inst13|inst  ; regout           ;
; |PD|ram:inst|4x32ram:inst2|4x4ram:inst7|memory_cell:inst11|inst3 ; |PD|ram:inst|4x32ram:inst2|4x4ram:inst7|memory_cell:inst11|inst3 ; out              ;
; |PD|ram:inst|4x32ram:inst2|4x4ram:inst7|memory_cell:inst11|inst  ; |PD|ram:inst|4x32ram:inst2|4x4ram:inst7|memory_cell:inst11|inst  ; regout           ;
; |PD|ram:inst|4x32ram:inst2|4x4ram:inst7|memory_cell:inst9|inst3  ; |PD|ram:inst|4x32ram:inst2|4x4ram:inst7|memory_cell:inst9|inst3  ; out              ;
; |PD|ram:inst|4x32ram:inst2|4x4ram:inst7|memory_cell:inst9|inst   ; |PD|ram:inst|4x32ram:inst2|4x4ram:inst7|memory_cell:inst9|inst   ; regout           ;
; |PD|ram:inst|4x32ram:inst2|4x4ram:inst7|memory_cell:inst8|inst3  ; |PD|ram:inst|4x32ram:inst2|4x4ram:inst7|memory_cell:inst8|inst3  ; out              ;
; |PD|ram:inst|4x32ram:inst2|4x4ram:inst7|memory_cell:inst8|inst   ; |PD|ram:inst|4x32ram:inst2|4x4ram:inst7|memory_cell:inst8|inst   ; regout           ;
; |PD|ram:inst|4x32ram:inst2|4x4ram:inst7|memory_cell:inst6|inst3  ; |PD|ram:inst|4x32ram:inst2|4x4ram:inst7|memory_cell:inst6|inst3  ; out              ;
; |PD|ram:inst|4x32ram:inst2|4x4ram:inst7|memory_cell:inst6|inst   ; |PD|ram:inst|4x32ram:inst2|4x4ram:inst7|memory_cell:inst6|inst   ; regout           ;
; |PD|ram:inst|4x32ram:inst2|4x4ram:inst7|memory_cell:inst4|inst3  ; |PD|ram:inst|4x32ram:inst2|4x4ram:inst7|memory_cell:inst4|inst3  ; out              ;
; |PD|ram:inst|4x32ram:inst2|4x4ram:inst7|memory_cell:inst4|inst   ; |PD|ram:inst|4x32ram:inst2|4x4ram:inst7|memory_cell:inst4|inst   ; regout           ;
; |PD|ram:inst|4x32ram:inst2|4x4ram:inst7|memory_cell:inst2|inst3  ; |PD|ram:inst|4x32ram:inst2|4x4ram:inst7|memory_cell:inst2|inst3  ; out              ;
; |PD|ram:inst|4x32ram:inst2|4x4ram:inst7|memory_cell:inst2|inst   ; |PD|ram:inst|4x32ram:inst2|4x4ram:inst7|memory_cell:inst2|inst   ; regout           ;
; |PD|ram:inst|4x32ram:inst2|4x4ram:inst6|inst20                   ; |PD|ram:inst|4x32ram:inst2|4x4ram:inst6|inst20                   ; out              ;
; |PD|ram:inst|4x32ram:inst2|4x4ram:inst6|IN~0                     ; |PD|ram:inst|4x32ram:inst2|4x4ram:inst6|IN~0                     ; out0             ;
; |PD|ram:inst|4x32ram:inst2|4x4ram:inst6|inst21                   ; |PD|ram:inst|4x32ram:inst2|4x4ram:inst6|inst21                   ; out              ;
; |PD|ram:inst|4x32ram:inst2|4x4ram:inst6|IN~1                     ; |PD|ram:inst|4x32ram:inst2|4x4ram:inst6|IN~1                     ; out0             ;
; |PD|ram:inst|4x32ram:inst2|4x4ram:inst6|inst22                   ; |PD|ram:inst|4x32ram:inst2|4x4ram:inst6|inst22                   ; out              ;
; |PD|ram:inst|4x32ram:inst2|4x4ram:inst6|IN~2                     ; |PD|ram:inst|4x32ram:inst2|4x4ram:inst6|IN~2                     ; out0             ;
; |PD|ram:inst|4x32ram:inst2|4x4ram:inst6|inst19                   ; |PD|ram:inst|4x32ram:inst2|4x4ram:inst6|inst19                   ; out              ;
; |PD|ram:inst|4x32ram:inst2|4x4ram:inst6|IN~3                     ; |PD|ram:inst|4x32ram:inst2|4x4ram:inst6|IN~3                     ; out0             ;
; |PD|ram:inst|4x32ram:inst2|4x4ram:inst6|memory_cell:inst3|inst3  ; |PD|ram:inst|4x32ram:inst2|4x4ram:inst6|memory_cell:inst3|inst3  ; out              ;
; |PD|ram:inst|4x32ram:inst2|4x4ram:inst6|memory_cell:inst3|inst   ; |PD|ram:inst|4x32ram:inst2|4x4ram:inst6|memory_cell:inst3|inst   ; regout           ;
; |PD|ram:inst|4x32ram:inst2|4x4ram:inst6|memory_cell:inst5|inst3  ; |PD|ram:inst|4x32ram:inst2|4x4ram:inst6|memory_cell:inst5|inst3  ; out              ;
; |PD|ram:inst|4x32ram:inst2|4x4ram:inst6|memory_cell:inst5|inst   ; |PD|ram:inst|4x32ram:inst2|4x4ram:inst6|memory_cell:inst5|inst   ; regout           ;
; |PD|ram:inst|4x32ram:inst2|4x4ram:inst6|memory_cell:inst7|inst3  ; |PD|ram:inst|4x32ram:inst2|4x4ram:inst6|memory_cell:inst7|inst3  ; out              ;
; |PD|ram:inst|4x32ram:inst2|4x4ram:inst6|memory_cell:inst7|inst   ; |PD|ram:inst|4x32ram:inst2|4x4ram:inst6|memory_cell:inst7|inst   ; regout           ;
; |PD|ram:inst|4x32ram:inst2|4x4ram:inst6|memory_cell:inst1|inst3  ; |PD|ram:inst|4x32ram:inst2|4x4ram:inst6|memory_cell:inst1|inst3  ; out              ;
; |PD|ram:inst|4x32ram:inst2|4x4ram:inst6|memory_cell:inst1|inst   ; |PD|ram:inst|4x32ram:inst2|4x4ram:inst6|memory_cell:inst1|inst   ; regout           ;
; |PD|ram:inst|4x32ram:inst2|4x4ram:inst6|memory_cell:inst16|inst3 ; |PD|ram:inst|4x32ram:inst2|4x4ram:inst6|memory_cell:inst16|inst3 ; out              ;
; |PD|ram:inst|4x32ram:inst2|4x4ram:inst6|memory_cell:inst16|inst  ; |PD|ram:inst|4x32ram:inst2|4x4ram:inst6|memory_cell:inst16|inst  ; regout           ;
; |PD|ram:inst|4x32ram:inst2|4x4ram:inst6|memory_cell:inst14|inst3 ; |PD|ram:inst|4x32ram:inst2|4x4ram:inst6|memory_cell:inst14|inst3 ; out              ;
; |PD|ram:inst|4x32ram:inst2|4x4ram:inst6|memory_cell:inst14|inst  ; |PD|ram:inst|4x32ram:inst2|4x4ram:inst6|memory_cell:inst14|inst  ; regout           ;
; |PD|ram:inst|4x32ram:inst2|4x4ram:inst6|memory_cell:inst12|inst3 ; |PD|ram:inst|4x32ram:inst2|4x4ram:inst6|memory_cell:inst12|inst3 ; out              ;
; |PD|ram:inst|4x32ram:inst2|4x4ram:inst6|memory_cell:inst12|inst  ; |PD|ram:inst|4x32ram:inst2|4x4ram:inst6|memory_cell:inst12|inst  ; regout           ;
; |PD|ram:inst|4x32ram:inst2|4x4ram:inst6|memory_cell:inst10|inst3 ; |PD|ram:inst|4x32ram:inst2|4x4ram:inst6|memory_cell:inst10|inst3 ; out              ;
; |PD|ram:inst|4x32ram:inst2|4x4ram:inst6|memory_cell:inst10|inst  ; |PD|ram:inst|4x32ram:inst2|4x4ram:inst6|memory_cell:inst10|inst  ; regout           ;
; |PD|ram:inst|4x32ram:inst2|4x4ram:inst6|memory_cell:inst15|inst3 ; |PD|ram:inst|4x32ram:inst2|4x4ram:inst6|memory_cell:inst15|inst3 ; out              ;
; |PD|ram:inst|4x32ram:inst2|4x4ram:inst6|memory_cell:inst15|inst  ; |PD|ram:inst|4x32ram:inst2|4x4ram:inst6|memory_cell:inst15|inst  ; regout           ;
; |PD|ram:inst|4x32ram:inst2|4x4ram:inst6|memory_cell:inst13|inst3 ; |PD|ram:inst|4x32ram:inst2|4x4ram:inst6|memory_cell:inst13|inst3 ; out              ;
; |PD|ram:inst|4x32ram:inst2|4x4ram:inst6|memory_cell:inst13|inst  ; |PD|ram:inst|4x32ram:inst2|4x4ram:inst6|memory_cell:inst13|inst  ; regout           ;
; |PD|ram:inst|4x32ram:inst2|4x4ram:inst6|memory_cell:inst11|inst3 ; |PD|ram:inst|4x32ram:inst2|4x4ram:inst6|memory_cell:inst11|inst3 ; out              ;
; |PD|ram:inst|4x32ram:inst2|4x4ram:inst6|memory_cell:inst11|inst  ; |PD|ram:inst|4x32ram:inst2|4x4ram:inst6|memory_cell:inst11|inst  ; regout           ;
; |PD|ram:inst|4x32ram:inst2|4x4ram:inst6|memory_cell:inst9|inst3  ; |PD|ram:inst|4x32ram:inst2|4x4ram:inst6|memory_cell:inst9|inst3  ; out              ;
; |PD|ram:inst|4x32ram:inst2|4x4ram:inst6|memory_cell:inst9|inst   ; |PD|ram:inst|4x32ram:inst2|4x4ram:inst6|memory_cell:inst9|inst   ; regout           ;
; |PD|ram:inst|4x32ram:inst2|4x4ram:inst6|memory_cell:inst8|inst3  ; |PD|ram:inst|4x32ram:inst2|4x4ram:inst6|memory_cell:inst8|inst3  ; out              ;
; |PD|ram:inst|4x32ram:inst2|4x4ram:inst6|memory_cell:inst8|inst   ; |PD|ram:inst|4x32ram:inst2|4x4ram:inst6|memory_cell:inst8|inst   ; regout           ;
; |PD|ram:inst|4x32ram:inst2|4x4ram:inst6|memory_cell:inst6|inst3  ; |PD|ram:inst|4x32ram:inst2|4x4ram:inst6|memory_cell:inst6|inst3  ; out              ;
; |PD|ram:inst|4x32ram:inst2|4x4ram:inst6|memory_cell:inst6|inst   ; |PD|ram:inst|4x32ram:inst2|4x4ram:inst6|memory_cell:inst6|inst   ; regout           ;
; |PD|ram:inst|4x32ram:inst2|4x4ram:inst6|memory_cell:inst4|inst3  ; |PD|ram:inst|4x32ram:inst2|4x4ram:inst6|memory_cell:inst4|inst3  ; out              ;
; |PD|ram:inst|4x32ram:inst2|4x4ram:inst6|memory_cell:inst4|inst   ; |PD|ram:inst|4x32ram:inst2|4x4ram:inst6|memory_cell:inst4|inst   ; regout           ;
; |PD|ram:inst|4x32ram:inst2|4x4ram:inst6|memory_cell:inst2|inst3  ; |PD|ram:inst|4x32ram:inst2|4x4ram:inst6|memory_cell:inst2|inst3  ; out              ;
; |PD|ram:inst|4x32ram:inst2|4x4ram:inst6|memory_cell:inst2|inst   ; |PD|ram:inst|4x32ram:inst2|4x4ram:inst6|memory_cell:inst2|inst   ; regout           ;
; |PD|ram:inst|4x32ram:inst2|4x4ram:inst5|inst20                   ; |PD|ram:inst|4x32ram:inst2|4x4ram:inst5|inst20                   ; out              ;
; |PD|ram:inst|4x32ram:inst2|4x4ram:inst5|IN~0                     ; |PD|ram:inst|4x32ram:inst2|4x4ram:inst5|IN~0                     ; out0             ;
; |PD|ram:inst|4x32ram:inst2|4x4ram:inst5|inst21                   ; |PD|ram:inst|4x32ram:inst2|4x4ram:inst5|inst21                   ; out              ;
; |PD|ram:inst|4x32ram:inst2|4x4ram:inst5|IN~1                     ; |PD|ram:inst|4x32ram:inst2|4x4ram:inst5|IN~1                     ; out0             ;
; |PD|ram:inst|4x32ram:inst2|4x4ram:inst5|inst22                   ; |PD|ram:inst|4x32ram:inst2|4x4ram:inst5|inst22                   ; out              ;
; |PD|ram:inst|4x32ram:inst2|4x4ram:inst5|IN~2                     ; |PD|ram:inst|4x32ram:inst2|4x4ram:inst5|IN~2                     ; out0             ;
; |PD|ram:inst|4x32ram:inst2|4x4ram:inst5|inst19                   ; |PD|ram:inst|4x32ram:inst2|4x4ram:inst5|inst19                   ; out              ;
; |PD|ram:inst|4x32ram:inst2|4x4ram:inst5|IN~3                     ; |PD|ram:inst|4x32ram:inst2|4x4ram:inst5|IN~3                     ; out0             ;
; |PD|ram:inst|4x32ram:inst2|4x4ram:inst5|memory_cell:inst3|inst3  ; |PD|ram:inst|4x32ram:inst2|4x4ram:inst5|memory_cell:inst3|inst3  ; out              ;
; |PD|ram:inst|4x32ram:inst2|4x4ram:inst5|memory_cell:inst3|inst   ; |PD|ram:inst|4x32ram:inst2|4x4ram:inst5|memory_cell:inst3|inst   ; regout           ;
; |PD|ram:inst|4x32ram:inst2|4x4ram:inst5|memory_cell:inst5|inst3  ; |PD|ram:inst|4x32ram:inst2|4x4ram:inst5|memory_cell:inst5|inst3  ; out              ;
; |PD|ram:inst|4x32ram:inst2|4x4ram:inst5|memory_cell:inst5|inst   ; |PD|ram:inst|4x32ram:inst2|4x4ram:inst5|memory_cell:inst5|inst   ; regout           ;
; |PD|ram:inst|4x32ram:inst2|4x4ram:inst5|memory_cell:inst7|inst3  ; |PD|ram:inst|4x32ram:inst2|4x4ram:inst5|memory_cell:inst7|inst3  ; out              ;
; |PD|ram:inst|4x32ram:inst2|4x4ram:inst5|memory_cell:inst7|inst   ; |PD|ram:inst|4x32ram:inst2|4x4ram:inst5|memory_cell:inst7|inst   ; regout           ;
; |PD|ram:inst|4x32ram:inst2|4x4ram:inst5|memory_cell:inst1|inst3  ; |PD|ram:inst|4x32ram:inst2|4x4ram:inst5|memory_cell:inst1|inst3  ; out              ;
; |PD|ram:inst|4x32ram:inst2|4x4ram:inst5|memory_cell:inst1|inst   ; |PD|ram:inst|4x32ram:inst2|4x4ram:inst5|memory_cell:inst1|inst   ; regout           ;
; |PD|ram:inst|4x32ram:inst2|4x4ram:inst5|memory_cell:inst16|inst3 ; |PD|ram:inst|4x32ram:inst2|4x4ram:inst5|memory_cell:inst16|inst3 ; out              ;
; |PD|ram:inst|4x32ram:inst2|4x4ram:inst5|memory_cell:inst16|inst  ; |PD|ram:inst|4x32ram:inst2|4x4ram:inst5|memory_cell:inst16|inst  ; regout           ;
; |PD|ram:inst|4x32ram:inst2|4x4ram:inst5|memory_cell:inst14|inst3 ; |PD|ram:inst|4x32ram:inst2|4x4ram:inst5|memory_cell:inst14|inst3 ; out              ;
; |PD|ram:inst|4x32ram:inst2|4x4ram:inst5|memory_cell:inst14|inst  ; |PD|ram:inst|4x32ram:inst2|4x4ram:inst5|memory_cell:inst14|inst  ; regout           ;
; |PD|ram:inst|4x32ram:inst2|4x4ram:inst5|memory_cell:inst12|inst3 ; |PD|ram:inst|4x32ram:inst2|4x4ram:inst5|memory_cell:inst12|inst3 ; out              ;
; |PD|ram:inst|4x32ram:inst2|4x4ram:inst5|memory_cell:inst12|inst  ; |PD|ram:inst|4x32ram:inst2|4x4ram:inst5|memory_cell:inst12|inst  ; regout           ;
; |PD|ram:inst|4x32ram:inst2|4x4ram:inst5|memory_cell:inst10|inst3 ; |PD|ram:inst|4x32ram:inst2|4x4ram:inst5|memory_cell:inst10|inst3 ; out              ;
; |PD|ram:inst|4x32ram:inst2|4x4ram:inst5|memory_cell:inst10|inst  ; |PD|ram:inst|4x32ram:inst2|4x4ram:inst5|memory_cell:inst10|inst  ; regout           ;
; |PD|ram:inst|4x32ram:inst2|4x4ram:inst5|memory_cell:inst15|inst3 ; |PD|ram:inst|4x32ram:inst2|4x4ram:inst5|memory_cell:inst15|inst3 ; out              ;
; |PD|ram:inst|4x32ram:inst2|4x4ram:inst5|memory_cell:inst15|inst  ; |PD|ram:inst|4x32ram:inst2|4x4ram:inst5|memory_cell:inst15|inst  ; regout           ;
; |PD|ram:inst|4x32ram:inst2|4x4ram:inst5|memory_cell:inst13|inst3 ; |PD|ram:inst|4x32ram:inst2|4x4ram:inst5|memory_cell:inst13|inst3 ; out              ;
; |PD|ram:inst|4x32ram:inst2|4x4ram:inst5|memory_cell:inst13|inst  ; |PD|ram:inst|4x32ram:inst2|4x4ram:inst5|memory_cell:inst13|inst  ; regout           ;
; |PD|ram:inst|4x32ram:inst2|4x4ram:inst5|memory_cell:inst11|inst3 ; |PD|ram:inst|4x32ram:inst2|4x4ram:inst5|memory_cell:inst11|inst3 ; out              ;
; |PD|ram:inst|4x32ram:inst2|4x4ram:inst5|memory_cell:inst11|inst  ; |PD|ram:inst|4x32ram:inst2|4x4ram:inst5|memory_cell:inst11|inst  ; regout           ;
; |PD|ram:inst|4x32ram:inst2|4x4ram:inst5|memory_cell:inst9|inst3  ; |PD|ram:inst|4x32ram:inst2|4x4ram:inst5|memory_cell:inst9|inst3  ; out              ;
; |PD|ram:inst|4x32ram:inst2|4x4ram:inst5|memory_cell:inst9|inst   ; |PD|ram:inst|4x32ram:inst2|4x4ram:inst5|memory_cell:inst9|inst   ; regout           ;
; |PD|ram:inst|4x32ram:inst2|4x4ram:inst5|memory_cell:inst8|inst3  ; |PD|ram:inst|4x32ram:inst2|4x4ram:inst5|memory_cell:inst8|inst3  ; out              ;
; |PD|ram:inst|4x32ram:inst2|4x4ram:inst5|memory_cell:inst8|inst   ; |PD|ram:inst|4x32ram:inst2|4x4ram:inst5|memory_cell:inst8|inst   ; regout           ;
; |PD|ram:inst|4x32ram:inst2|4x4ram:inst5|memory_cell:inst6|inst3  ; |PD|ram:inst|4x32ram:inst2|4x4ram:inst5|memory_cell:inst6|inst3  ; out              ;
; |PD|ram:inst|4x32ram:inst2|4x4ram:inst5|memory_cell:inst6|inst   ; |PD|ram:inst|4x32ram:inst2|4x4ram:inst5|memory_cell:inst6|inst   ; regout           ;
; |PD|ram:inst|4x32ram:inst2|4x4ram:inst5|memory_cell:inst4|inst3  ; |PD|ram:inst|4x32ram:inst2|4x4ram:inst5|memory_cell:inst4|inst3  ; out              ;
; |PD|ram:inst|4x32ram:inst2|4x4ram:inst5|memory_cell:inst4|inst   ; |PD|ram:inst|4x32ram:inst2|4x4ram:inst5|memory_cell:inst4|inst   ; regout           ;
; |PD|ram:inst|4x32ram:inst2|4x4ram:inst5|memory_cell:inst2|inst3  ; |PD|ram:inst|4x32ram:inst2|4x4ram:inst5|memory_cell:inst2|inst3  ; out              ;
; |PD|ram:inst|4x32ram:inst2|4x4ram:inst5|memory_cell:inst2|inst   ; |PD|ram:inst|4x32ram:inst2|4x4ram:inst5|memory_cell:inst2|inst   ; regout           ;
; |PD|ram:inst|4x32ram:inst2|4x4ram:inst4|inst20                   ; |PD|ram:inst|4x32ram:inst2|4x4ram:inst4|inst20                   ; out              ;
; |PD|ram:inst|4x32ram:inst2|4x4ram:inst4|IN~0                     ; |PD|ram:inst|4x32ram:inst2|4x4ram:inst4|IN~0                     ; out0             ;
; |PD|ram:inst|4x32ram:inst2|4x4ram:inst4|inst21                   ; |PD|ram:inst|4x32ram:inst2|4x4ram:inst4|inst21                   ; out              ;
; |PD|ram:inst|4x32ram:inst2|4x4ram:inst4|IN~1                     ; |PD|ram:inst|4x32ram:inst2|4x4ram:inst4|IN~1                     ; out0             ;
; |PD|ram:inst|4x32ram:inst2|4x4ram:inst4|inst22                   ; |PD|ram:inst|4x32ram:inst2|4x4ram:inst4|inst22                   ; out              ;
; |PD|ram:inst|4x32ram:inst2|4x4ram:inst4|IN~2                     ; |PD|ram:inst|4x32ram:inst2|4x4ram:inst4|IN~2                     ; out0             ;
; |PD|ram:inst|4x32ram:inst2|4x4ram:inst4|inst19                   ; |PD|ram:inst|4x32ram:inst2|4x4ram:inst4|inst19                   ; out              ;
; |PD|ram:inst|4x32ram:inst2|4x4ram:inst4|IN~3                     ; |PD|ram:inst|4x32ram:inst2|4x4ram:inst4|IN~3                     ; out0             ;
; |PD|ram:inst|4x32ram:inst2|4x4ram:inst4|memory_cell:inst3|inst3  ; |PD|ram:inst|4x32ram:inst2|4x4ram:inst4|memory_cell:inst3|inst3  ; out              ;
; |PD|ram:inst|4x32ram:inst2|4x4ram:inst4|memory_cell:inst3|inst   ; |PD|ram:inst|4x32ram:inst2|4x4ram:inst4|memory_cell:inst3|inst   ; regout           ;
; |PD|ram:inst|4x32ram:inst2|4x4ram:inst4|memory_cell:inst5|inst3  ; |PD|ram:inst|4x32ram:inst2|4x4ram:inst4|memory_cell:inst5|inst3  ; out              ;
; |PD|ram:inst|4x32ram:inst2|4x4ram:inst4|memory_cell:inst5|inst   ; |PD|ram:inst|4x32ram:inst2|4x4ram:inst4|memory_cell:inst5|inst   ; regout           ;
; |PD|ram:inst|4x32ram:inst2|4x4ram:inst4|memory_cell:inst7|inst3  ; |PD|ram:inst|4x32ram:inst2|4x4ram:inst4|memory_cell:inst7|inst3  ; out              ;
; |PD|ram:inst|4x32ram:inst2|4x4ram:inst4|memory_cell:inst7|inst   ; |PD|ram:inst|4x32ram:inst2|4x4ram:inst4|memory_cell:inst7|inst   ; regout           ;
; |PD|ram:inst|4x32ram:inst2|4x4ram:inst4|memory_cell:inst1|inst3  ; |PD|ram:inst|4x32ram:inst2|4x4ram:inst4|memory_cell:inst1|inst3  ; out              ;
; |PD|ram:inst|4x32ram:inst2|4x4ram:inst4|memory_cell:inst1|inst   ; |PD|ram:inst|4x32ram:inst2|4x4ram:inst4|memory_cell:inst1|inst   ; regout           ;
; |PD|ram:inst|4x32ram:inst2|4x4ram:inst4|memory_cell:inst16|inst3 ; |PD|ram:inst|4x32ram:inst2|4x4ram:inst4|memory_cell:inst16|inst3 ; out              ;
; |PD|ram:inst|4x32ram:inst2|4x4ram:inst4|memory_cell:inst16|inst  ; |PD|ram:inst|4x32ram:inst2|4x4ram:inst4|memory_cell:inst16|inst  ; regout           ;
; |PD|ram:inst|4x32ram:inst2|4x4ram:inst4|memory_cell:inst14|inst3 ; |PD|ram:inst|4x32ram:inst2|4x4ram:inst4|memory_cell:inst14|inst3 ; out              ;
; |PD|ram:inst|4x32ram:inst2|4x4ram:inst4|memory_cell:inst14|inst  ; |PD|ram:inst|4x32ram:inst2|4x4ram:inst4|memory_cell:inst14|inst  ; regout           ;
; |PD|ram:inst|4x32ram:inst2|4x4ram:inst4|memory_cell:inst12|inst3 ; |PD|ram:inst|4x32ram:inst2|4x4ram:inst4|memory_cell:inst12|inst3 ; out              ;
; |PD|ram:inst|4x32ram:inst2|4x4ram:inst4|memory_cell:inst12|inst  ; |PD|ram:inst|4x32ram:inst2|4x4ram:inst4|memory_cell:inst12|inst  ; regout           ;
; |PD|ram:inst|4x32ram:inst2|4x4ram:inst4|memory_cell:inst10|inst3 ; |PD|ram:inst|4x32ram:inst2|4x4ram:inst4|memory_cell:inst10|inst3 ; out              ;
; |PD|ram:inst|4x32ram:inst2|4x4ram:inst4|memory_cell:inst10|inst  ; |PD|ram:inst|4x32ram:inst2|4x4ram:inst4|memory_cell:inst10|inst  ; regout           ;
; |PD|ram:inst|4x32ram:inst2|4x4ram:inst4|memory_cell:inst15|inst3 ; |PD|ram:inst|4x32ram:inst2|4x4ram:inst4|memory_cell:inst15|inst3 ; out              ;
; |PD|ram:inst|4x32ram:inst2|4x4ram:inst4|memory_cell:inst15|inst  ; |PD|ram:inst|4x32ram:inst2|4x4ram:inst4|memory_cell:inst15|inst  ; regout           ;
; |PD|ram:inst|4x32ram:inst2|4x4ram:inst4|memory_cell:inst13|inst3 ; |PD|ram:inst|4x32ram:inst2|4x4ram:inst4|memory_cell:inst13|inst3 ; out              ;
; |PD|ram:inst|4x32ram:inst2|4x4ram:inst4|memory_cell:inst13|inst  ; |PD|ram:inst|4x32ram:inst2|4x4ram:inst4|memory_cell:inst13|inst  ; regout           ;
; |PD|ram:inst|4x32ram:inst2|4x4ram:inst4|memory_cell:inst11|inst3 ; |PD|ram:inst|4x32ram:inst2|4x4ram:inst4|memory_cell:inst11|inst3 ; out              ;
; |PD|ram:inst|4x32ram:inst2|4x4ram:inst4|memory_cell:inst11|inst  ; |PD|ram:inst|4x32ram:inst2|4x4ram:inst4|memory_cell:inst11|inst  ; regout           ;
; |PD|ram:inst|4x32ram:inst2|4x4ram:inst4|memory_cell:inst9|inst3  ; |PD|ram:inst|4x32ram:inst2|4x4ram:inst4|memory_cell:inst9|inst3  ; out              ;
; |PD|ram:inst|4x32ram:inst2|4x4ram:inst4|memory_cell:inst9|inst   ; |PD|ram:inst|4x32ram:inst2|4x4ram:inst4|memory_cell:inst9|inst   ; regout           ;
; |PD|ram:inst|4x32ram:inst2|4x4ram:inst4|memory_cell:inst8|inst3  ; |PD|ram:inst|4x32ram:inst2|4x4ram:inst4|memory_cell:inst8|inst3  ; out              ;
; |PD|ram:inst|4x32ram:inst2|4x4ram:inst4|memory_cell:inst8|inst   ; |PD|ram:inst|4x32ram:inst2|4x4ram:inst4|memory_cell:inst8|inst   ; regout           ;
; |PD|ram:inst|4x32ram:inst2|4x4ram:inst4|memory_cell:inst6|inst3  ; |PD|ram:inst|4x32ram:inst2|4x4ram:inst4|memory_cell:inst6|inst3  ; out              ;
; |PD|ram:inst|4x32ram:inst2|4x4ram:inst4|memory_cell:inst6|inst   ; |PD|ram:inst|4x32ram:inst2|4x4ram:inst4|memory_cell:inst6|inst   ; regout           ;
; |PD|ram:inst|4x32ram:inst2|4x4ram:inst4|memory_cell:inst4|inst3  ; |PD|ram:inst|4x32ram:inst2|4x4ram:inst4|memory_cell:inst4|inst3  ; out              ;
; |PD|ram:inst|4x32ram:inst2|4x4ram:inst4|memory_cell:inst4|inst   ; |PD|ram:inst|4x32ram:inst2|4x4ram:inst4|memory_cell:inst4|inst   ; regout           ;
; |PD|ram:inst|4x32ram:inst2|4x4ram:inst4|memory_cell:inst2|inst3  ; |PD|ram:inst|4x32ram:inst2|4x4ram:inst4|memory_cell:inst2|inst3  ; out              ;
; |PD|ram:inst|4x32ram:inst2|4x4ram:inst4|memory_cell:inst2|inst   ; |PD|ram:inst|4x32ram:inst2|4x4ram:inst4|memory_cell:inst2|inst   ; regout           ;
; |PD|ram:inst|4x32ram:inst2|4x4ram:inst3|inst20                   ; |PD|ram:inst|4x32ram:inst2|4x4ram:inst3|inst20                   ; out              ;
; |PD|ram:inst|4x32ram:inst2|4x4ram:inst3|IN~0                     ; |PD|ram:inst|4x32ram:inst2|4x4ram:inst3|IN~0                     ; out0             ;
; |PD|ram:inst|4x32ram:inst2|4x4ram:inst3|inst21                   ; |PD|ram:inst|4x32ram:inst2|4x4ram:inst3|inst21                   ; out              ;
; |PD|ram:inst|4x32ram:inst2|4x4ram:inst3|IN~1                     ; |PD|ram:inst|4x32ram:inst2|4x4ram:inst3|IN~1                     ; out0             ;
; |PD|ram:inst|4x32ram:inst2|4x4ram:inst3|inst22                   ; |PD|ram:inst|4x32ram:inst2|4x4ram:inst3|inst22                   ; out              ;
; |PD|ram:inst|4x32ram:inst2|4x4ram:inst3|IN~2                     ; |PD|ram:inst|4x32ram:inst2|4x4ram:inst3|IN~2                     ; out0             ;
; |PD|ram:inst|4x32ram:inst2|4x4ram:inst3|inst19                   ; |PD|ram:inst|4x32ram:inst2|4x4ram:inst3|inst19                   ; out              ;
; |PD|ram:inst|4x32ram:inst2|4x4ram:inst3|IN~3                     ; |PD|ram:inst|4x32ram:inst2|4x4ram:inst3|IN~3                     ; out0             ;
; |PD|ram:inst|4x32ram:inst2|4x4ram:inst3|memory_cell:inst3|inst3  ; |PD|ram:inst|4x32ram:inst2|4x4ram:inst3|memory_cell:inst3|inst3  ; out              ;
; |PD|ram:inst|4x32ram:inst2|4x4ram:inst3|memory_cell:inst3|inst   ; |PD|ram:inst|4x32ram:inst2|4x4ram:inst3|memory_cell:inst3|inst   ; regout           ;
; |PD|ram:inst|4x32ram:inst2|4x4ram:inst3|memory_cell:inst5|inst3  ; |PD|ram:inst|4x32ram:inst2|4x4ram:inst3|memory_cell:inst5|inst3  ; out              ;
; |PD|ram:inst|4x32ram:inst2|4x4ram:inst3|memory_cell:inst5|inst   ; |PD|ram:inst|4x32ram:inst2|4x4ram:inst3|memory_cell:inst5|inst   ; regout           ;
; |PD|ram:inst|4x32ram:inst2|4x4ram:inst3|memory_cell:inst7|inst3  ; |PD|ram:inst|4x32ram:inst2|4x4ram:inst3|memory_cell:inst7|inst3  ; out              ;
; |PD|ram:inst|4x32ram:inst2|4x4ram:inst3|memory_cell:inst7|inst   ; |PD|ram:inst|4x32ram:inst2|4x4ram:inst3|memory_cell:inst7|inst   ; regout           ;
; |PD|ram:inst|4x32ram:inst2|4x4ram:inst3|memory_cell:inst1|inst3  ; |PD|ram:inst|4x32ram:inst2|4x4ram:inst3|memory_cell:inst1|inst3  ; out              ;
; |PD|ram:inst|4x32ram:inst2|4x4ram:inst3|memory_cell:inst1|inst   ; |PD|ram:inst|4x32ram:inst2|4x4ram:inst3|memory_cell:inst1|inst   ; regout           ;
; |PD|ram:inst|4x32ram:inst2|4x4ram:inst3|memory_cell:inst16|inst3 ; |PD|ram:inst|4x32ram:inst2|4x4ram:inst3|memory_cell:inst16|inst3 ; out              ;
; |PD|ram:inst|4x32ram:inst2|4x4ram:inst3|memory_cell:inst16|inst  ; |PD|ram:inst|4x32ram:inst2|4x4ram:inst3|memory_cell:inst16|inst  ; regout           ;
; |PD|ram:inst|4x32ram:inst2|4x4ram:inst3|memory_cell:inst14|inst3 ; |PD|ram:inst|4x32ram:inst2|4x4ram:inst3|memory_cell:inst14|inst3 ; out              ;
; |PD|ram:inst|4x32ram:inst2|4x4ram:inst3|memory_cell:inst14|inst  ; |PD|ram:inst|4x32ram:inst2|4x4ram:inst3|memory_cell:inst14|inst  ; regout           ;
; |PD|ram:inst|4x32ram:inst2|4x4ram:inst3|memory_cell:inst12|inst3 ; |PD|ram:inst|4x32ram:inst2|4x4ram:inst3|memory_cell:inst12|inst3 ; out              ;
; |PD|ram:inst|4x32ram:inst2|4x4ram:inst3|memory_cell:inst12|inst  ; |PD|ram:inst|4x32ram:inst2|4x4ram:inst3|memory_cell:inst12|inst  ; regout           ;
; |PD|ram:inst|4x32ram:inst2|4x4ram:inst3|memory_cell:inst10|inst3 ; |PD|ram:inst|4x32ram:inst2|4x4ram:inst3|memory_cell:inst10|inst3 ; out              ;
; |PD|ram:inst|4x32ram:inst2|4x4ram:inst3|memory_cell:inst10|inst  ; |PD|ram:inst|4x32ram:inst2|4x4ram:inst3|memory_cell:inst10|inst  ; regout           ;
; |PD|ram:inst|4x32ram:inst2|4x4ram:inst3|memory_cell:inst15|inst3 ; |PD|ram:inst|4x32ram:inst2|4x4ram:inst3|memory_cell:inst15|inst3 ; out              ;
; |PD|ram:inst|4x32ram:inst2|4x4ram:inst3|memory_cell:inst15|inst  ; |PD|ram:inst|4x32ram:inst2|4x4ram:inst3|memory_cell:inst15|inst  ; regout           ;
; |PD|ram:inst|4x32ram:inst2|4x4ram:inst3|memory_cell:inst13|inst3 ; |PD|ram:inst|4x32ram:inst2|4x4ram:inst3|memory_cell:inst13|inst3 ; out              ;
; |PD|ram:inst|4x32ram:inst2|4x4ram:inst3|memory_cell:inst13|inst  ; |PD|ram:inst|4x32ram:inst2|4x4ram:inst3|memory_cell:inst13|inst  ; regout           ;
; |PD|ram:inst|4x32ram:inst2|4x4ram:inst3|memory_cell:inst11|inst3 ; |PD|ram:inst|4x32ram:inst2|4x4ram:inst3|memory_cell:inst11|inst3 ; out              ;
; |PD|ram:inst|4x32ram:inst2|4x4ram:inst3|memory_cell:inst11|inst  ; |PD|ram:inst|4x32ram:inst2|4x4ram:inst3|memory_cell:inst11|inst  ; regout           ;
; |PD|ram:inst|4x32ram:inst2|4x4ram:inst3|memory_cell:inst9|inst3  ; |PD|ram:inst|4x32ram:inst2|4x4ram:inst3|memory_cell:inst9|inst3  ; out              ;
; |PD|ram:inst|4x32ram:inst2|4x4ram:inst3|memory_cell:inst9|inst   ; |PD|ram:inst|4x32ram:inst2|4x4ram:inst3|memory_cell:inst9|inst   ; regout           ;
; |PD|ram:inst|4x32ram:inst2|4x4ram:inst3|memory_cell:inst8|inst3  ; |PD|ram:inst|4x32ram:inst2|4x4ram:inst3|memory_cell:inst8|inst3  ; out              ;
; |PD|ram:inst|4x32ram:inst2|4x4ram:inst3|memory_cell:inst8|inst   ; |PD|ram:inst|4x32ram:inst2|4x4ram:inst3|memory_cell:inst8|inst   ; regout           ;
; |PD|ram:inst|4x32ram:inst2|4x4ram:inst3|memory_cell:inst6|inst3  ; |PD|ram:inst|4x32ram:inst2|4x4ram:inst3|memory_cell:inst6|inst3  ; out              ;
; |PD|ram:inst|4x32ram:inst2|4x4ram:inst3|memory_cell:inst6|inst   ; |PD|ram:inst|4x32ram:inst2|4x4ram:inst3|memory_cell:inst6|inst   ; regout           ;
; |PD|ram:inst|4x32ram:inst2|4x4ram:inst3|memory_cell:inst4|inst3  ; |PD|ram:inst|4x32ram:inst2|4x4ram:inst3|memory_cell:inst4|inst3  ; out              ;
; |PD|ram:inst|4x32ram:inst2|4x4ram:inst3|memory_cell:inst4|inst   ; |PD|ram:inst|4x32ram:inst2|4x4ram:inst3|memory_cell:inst4|inst   ; regout           ;
; |PD|ram:inst|4x32ram:inst2|4x4ram:inst3|memory_cell:inst2|inst3  ; |PD|ram:inst|4x32ram:inst2|4x4ram:inst3|memory_cell:inst2|inst3  ; out              ;
; |PD|ram:inst|4x32ram:inst2|4x4ram:inst3|memory_cell:inst2|inst   ; |PD|ram:inst|4x32ram:inst2|4x4ram:inst3|memory_cell:inst2|inst   ; regout           ;
; |PD|ram:inst|4x32ram:inst2|4x4ram:inst1|inst20                   ; |PD|ram:inst|4x32ram:inst2|4x4ram:inst1|inst20                   ; out              ;
; |PD|ram:inst|4x32ram:inst2|4x4ram:inst1|IN~0                     ; |PD|ram:inst|4x32ram:inst2|4x4ram:inst1|IN~0                     ; out0             ;
; |PD|ram:inst|4x32ram:inst2|4x4ram:inst1|inst21                   ; |PD|ram:inst|4x32ram:inst2|4x4ram:inst1|inst21                   ; out              ;
; |PD|ram:inst|4x32ram:inst2|4x4ram:inst1|IN~1                     ; |PD|ram:inst|4x32ram:inst2|4x4ram:inst1|IN~1                     ; out0             ;
; |PD|ram:inst|4x32ram:inst2|4x4ram:inst1|inst22                   ; |PD|ram:inst|4x32ram:inst2|4x4ram:inst1|inst22                   ; out              ;
; |PD|ram:inst|4x32ram:inst2|4x4ram:inst1|IN~2                     ; |PD|ram:inst|4x32ram:inst2|4x4ram:inst1|IN~2                     ; out0             ;
; |PD|ram:inst|4x32ram:inst2|4x4ram:inst1|inst19                   ; |PD|ram:inst|4x32ram:inst2|4x4ram:inst1|inst19                   ; out              ;
; |PD|ram:inst|4x32ram:inst2|4x4ram:inst1|IN~3                     ; |PD|ram:inst|4x32ram:inst2|4x4ram:inst1|IN~3                     ; out0             ;
; |PD|ram:inst|4x32ram:inst2|4x4ram:inst1|memory_cell:inst3|inst3  ; |PD|ram:inst|4x32ram:inst2|4x4ram:inst1|memory_cell:inst3|inst3  ; out              ;
; |PD|ram:inst|4x32ram:inst2|4x4ram:inst1|memory_cell:inst3|inst   ; |PD|ram:inst|4x32ram:inst2|4x4ram:inst1|memory_cell:inst3|inst   ; regout           ;
; |PD|ram:inst|4x32ram:inst2|4x4ram:inst1|memory_cell:inst5|inst3  ; |PD|ram:inst|4x32ram:inst2|4x4ram:inst1|memory_cell:inst5|inst3  ; out              ;
; |PD|ram:inst|4x32ram:inst2|4x4ram:inst1|memory_cell:inst5|inst   ; |PD|ram:inst|4x32ram:inst2|4x4ram:inst1|memory_cell:inst5|inst   ; regout           ;
; |PD|ram:inst|4x32ram:inst2|4x4ram:inst1|memory_cell:inst7|inst3  ; |PD|ram:inst|4x32ram:inst2|4x4ram:inst1|memory_cell:inst7|inst3  ; out              ;
; |PD|ram:inst|4x32ram:inst2|4x4ram:inst1|memory_cell:inst7|inst   ; |PD|ram:inst|4x32ram:inst2|4x4ram:inst1|memory_cell:inst7|inst   ; regout           ;
; |PD|ram:inst|4x32ram:inst2|4x4ram:inst1|memory_cell:inst1|inst3  ; |PD|ram:inst|4x32ram:inst2|4x4ram:inst1|memory_cell:inst1|inst3  ; out              ;
; |PD|ram:inst|4x32ram:inst2|4x4ram:inst1|memory_cell:inst1|inst   ; |PD|ram:inst|4x32ram:inst2|4x4ram:inst1|memory_cell:inst1|inst   ; regout           ;
; |PD|ram:inst|4x32ram:inst2|4x4ram:inst1|memory_cell:inst16|inst3 ; |PD|ram:inst|4x32ram:inst2|4x4ram:inst1|memory_cell:inst16|inst3 ; out              ;
; |PD|ram:inst|4x32ram:inst2|4x4ram:inst1|memory_cell:inst16|inst  ; |PD|ram:inst|4x32ram:inst2|4x4ram:inst1|memory_cell:inst16|inst  ; regout           ;
; |PD|ram:inst|4x32ram:inst2|4x4ram:inst1|memory_cell:inst14|inst3 ; |PD|ram:inst|4x32ram:inst2|4x4ram:inst1|memory_cell:inst14|inst3 ; out              ;
; |PD|ram:inst|4x32ram:inst2|4x4ram:inst1|memory_cell:inst14|inst  ; |PD|ram:inst|4x32ram:inst2|4x4ram:inst1|memory_cell:inst14|inst  ; regout           ;
; |PD|ram:inst|4x32ram:inst2|4x4ram:inst1|memory_cell:inst12|inst3 ; |PD|ram:inst|4x32ram:inst2|4x4ram:inst1|memory_cell:inst12|inst3 ; out              ;
; |PD|ram:inst|4x32ram:inst2|4x4ram:inst1|memory_cell:inst12|inst  ; |PD|ram:inst|4x32ram:inst2|4x4ram:inst1|memory_cell:inst12|inst  ; regout           ;
; |PD|ram:inst|4x32ram:inst2|4x4ram:inst1|memory_cell:inst10|inst3 ; |PD|ram:inst|4x32ram:inst2|4x4ram:inst1|memory_cell:inst10|inst3 ; out              ;
; |PD|ram:inst|4x32ram:inst2|4x4ram:inst1|memory_cell:inst10|inst  ; |PD|ram:inst|4x32ram:inst2|4x4ram:inst1|memory_cell:inst10|inst  ; regout           ;
; |PD|ram:inst|4x32ram:inst2|4x4ram:inst1|memory_cell:inst15|inst3 ; |PD|ram:inst|4x32ram:inst2|4x4ram:inst1|memory_cell:inst15|inst3 ; out              ;
; |PD|ram:inst|4x32ram:inst2|4x4ram:inst1|memory_cell:inst15|inst  ; |PD|ram:inst|4x32ram:inst2|4x4ram:inst1|memory_cell:inst15|inst  ; regout           ;
; |PD|ram:inst|4x32ram:inst2|4x4ram:inst1|memory_cell:inst13|inst3 ; |PD|ram:inst|4x32ram:inst2|4x4ram:inst1|memory_cell:inst13|inst3 ; out              ;
; |PD|ram:inst|4x32ram:inst2|4x4ram:inst1|memory_cell:inst13|inst  ; |PD|ram:inst|4x32ram:inst2|4x4ram:inst1|memory_cell:inst13|inst  ; regout           ;
; |PD|ram:inst|4x32ram:inst2|4x4ram:inst1|memory_cell:inst11|inst3 ; |PD|ram:inst|4x32ram:inst2|4x4ram:inst1|memory_cell:inst11|inst3 ; out              ;
; |PD|ram:inst|4x32ram:inst2|4x4ram:inst1|memory_cell:inst11|inst  ; |PD|ram:inst|4x32ram:inst2|4x4ram:inst1|memory_cell:inst11|inst  ; regout           ;
; |PD|ram:inst|4x32ram:inst2|4x4ram:inst1|memory_cell:inst9|inst3  ; |PD|ram:inst|4x32ram:inst2|4x4ram:inst1|memory_cell:inst9|inst3  ; out              ;
; |PD|ram:inst|4x32ram:inst2|4x4ram:inst1|memory_cell:inst9|inst   ; |PD|ram:inst|4x32ram:inst2|4x4ram:inst1|memory_cell:inst9|inst   ; regout           ;
; |PD|ram:inst|4x32ram:inst2|4x4ram:inst1|memory_cell:inst8|inst3  ; |PD|ram:inst|4x32ram:inst2|4x4ram:inst1|memory_cell:inst8|inst3  ; out              ;
; |PD|ram:inst|4x32ram:inst2|4x4ram:inst1|memory_cell:inst8|inst   ; |PD|ram:inst|4x32ram:inst2|4x4ram:inst1|memory_cell:inst8|inst   ; regout           ;
; |PD|ram:inst|4x32ram:inst2|4x4ram:inst1|memory_cell:inst6|inst3  ; |PD|ram:inst|4x32ram:inst2|4x4ram:inst1|memory_cell:inst6|inst3  ; out              ;
; |PD|ram:inst|4x32ram:inst2|4x4ram:inst1|memory_cell:inst6|inst   ; |PD|ram:inst|4x32ram:inst2|4x4ram:inst1|memory_cell:inst6|inst   ; regout           ;
; |PD|ram:inst|4x32ram:inst2|4x4ram:inst1|memory_cell:inst4|inst3  ; |PD|ram:inst|4x32ram:inst2|4x4ram:inst1|memory_cell:inst4|inst3  ; out              ;
; |PD|ram:inst|4x32ram:inst2|4x4ram:inst1|memory_cell:inst4|inst   ; |PD|ram:inst|4x32ram:inst2|4x4ram:inst1|memory_cell:inst4|inst   ; regout           ;
; |PD|ram:inst|4x32ram:inst2|4x4ram:inst1|memory_cell:inst2|inst3  ; |PD|ram:inst|4x32ram:inst2|4x4ram:inst1|memory_cell:inst2|inst3  ; out              ;
; |PD|ram:inst|4x32ram:inst2|4x4ram:inst1|memory_cell:inst2|inst   ; |PD|ram:inst|4x32ram:inst2|4x4ram:inst1|memory_cell:inst2|inst   ; regout           ;
; |PD|ram:inst|4x32ram:inst2|4x4ram:inst|inst20                    ; |PD|ram:inst|4x32ram:inst2|4x4ram:inst|inst20                    ; out              ;
; |PD|ram:inst|4x32ram:inst2|4x4ram:inst|IN~0                      ; |PD|ram:inst|4x32ram:inst2|4x4ram:inst|IN~0                      ; out0             ;
; |PD|ram:inst|4x32ram:inst2|4x4ram:inst|inst21                    ; |PD|ram:inst|4x32ram:inst2|4x4ram:inst|inst21                    ; out              ;
; |PD|ram:inst|4x32ram:inst2|4x4ram:inst|IN~1                      ; |PD|ram:inst|4x32ram:inst2|4x4ram:inst|IN~1                      ; out0             ;
; |PD|ram:inst|4x32ram:inst2|4x4ram:inst|inst22                    ; |PD|ram:inst|4x32ram:inst2|4x4ram:inst|inst22                    ; out              ;
; |PD|ram:inst|4x32ram:inst2|4x4ram:inst|IN~2                      ; |PD|ram:inst|4x32ram:inst2|4x4ram:inst|IN~2                      ; out0             ;
; |PD|ram:inst|4x32ram:inst2|4x4ram:inst|inst19                    ; |PD|ram:inst|4x32ram:inst2|4x4ram:inst|inst19                    ; out              ;
; |PD|ram:inst|4x32ram:inst2|4x4ram:inst|IN~3                      ; |PD|ram:inst|4x32ram:inst2|4x4ram:inst|IN~3                      ; out0             ;
; |PD|ram:inst|4x32ram:inst2|4x4ram:inst|memory_cell:inst3|inst3   ; |PD|ram:inst|4x32ram:inst2|4x4ram:inst|memory_cell:inst3|inst3   ; out              ;
; |PD|ram:inst|4x32ram:inst2|4x4ram:inst|memory_cell:inst3|inst    ; |PD|ram:inst|4x32ram:inst2|4x4ram:inst|memory_cell:inst3|inst    ; regout           ;
; |PD|ram:inst|4x32ram:inst2|4x4ram:inst|memory_cell:inst5|inst3   ; |PD|ram:inst|4x32ram:inst2|4x4ram:inst|memory_cell:inst5|inst3   ; out              ;
; |PD|ram:inst|4x32ram:inst2|4x4ram:inst|memory_cell:inst5|inst    ; |PD|ram:inst|4x32ram:inst2|4x4ram:inst|memory_cell:inst5|inst    ; regout           ;
; |PD|ram:inst|4x32ram:inst2|4x4ram:inst|memory_cell:inst7|inst3   ; |PD|ram:inst|4x32ram:inst2|4x4ram:inst|memory_cell:inst7|inst3   ; out              ;
; |PD|ram:inst|4x32ram:inst2|4x4ram:inst|memory_cell:inst7|inst    ; |PD|ram:inst|4x32ram:inst2|4x4ram:inst|memory_cell:inst7|inst    ; regout           ;
; |PD|ram:inst|4x32ram:inst2|4x4ram:inst|memory_cell:inst1|inst3   ; |PD|ram:inst|4x32ram:inst2|4x4ram:inst|memory_cell:inst1|inst3   ; out              ;
; |PD|ram:inst|4x32ram:inst2|4x4ram:inst|memory_cell:inst1|inst    ; |PD|ram:inst|4x32ram:inst2|4x4ram:inst|memory_cell:inst1|inst    ; regout           ;
; |PD|ram:inst|4x32ram:inst2|4x4ram:inst|memory_cell:inst16|inst3  ; |PD|ram:inst|4x32ram:inst2|4x4ram:inst|memory_cell:inst16|inst3  ; out              ;
; |PD|ram:inst|4x32ram:inst2|4x4ram:inst|memory_cell:inst16|inst   ; |PD|ram:inst|4x32ram:inst2|4x4ram:inst|memory_cell:inst16|inst   ; regout           ;
; |PD|ram:inst|4x32ram:inst2|4x4ram:inst|memory_cell:inst14|inst3  ; |PD|ram:inst|4x32ram:inst2|4x4ram:inst|memory_cell:inst14|inst3  ; out              ;
; |PD|ram:inst|4x32ram:inst2|4x4ram:inst|memory_cell:inst14|inst   ; |PD|ram:inst|4x32ram:inst2|4x4ram:inst|memory_cell:inst14|inst   ; regout           ;
; |PD|ram:inst|4x32ram:inst2|4x4ram:inst|memory_cell:inst12|inst3  ; |PD|ram:inst|4x32ram:inst2|4x4ram:inst|memory_cell:inst12|inst3  ; out              ;
; |PD|ram:inst|4x32ram:inst2|4x4ram:inst|memory_cell:inst12|inst   ; |PD|ram:inst|4x32ram:inst2|4x4ram:inst|memory_cell:inst12|inst   ; regout           ;
; |PD|ram:inst|4x32ram:inst2|4x4ram:inst|memory_cell:inst10|inst3  ; |PD|ram:inst|4x32ram:inst2|4x4ram:inst|memory_cell:inst10|inst3  ; out              ;
; |PD|ram:inst|4x32ram:inst2|4x4ram:inst|memory_cell:inst10|inst   ; |PD|ram:inst|4x32ram:inst2|4x4ram:inst|memory_cell:inst10|inst   ; regout           ;
; |PD|ram:inst|4x32ram:inst2|4x4ram:inst|memory_cell:inst15|inst3  ; |PD|ram:inst|4x32ram:inst2|4x4ram:inst|memory_cell:inst15|inst3  ; out              ;
; |PD|ram:inst|4x32ram:inst2|4x4ram:inst|memory_cell:inst15|inst   ; |PD|ram:inst|4x32ram:inst2|4x4ram:inst|memory_cell:inst15|inst   ; regout           ;
; |PD|ram:inst|4x32ram:inst2|4x4ram:inst|memory_cell:inst13|inst3  ; |PD|ram:inst|4x32ram:inst2|4x4ram:inst|memory_cell:inst13|inst3  ; out              ;
; |PD|ram:inst|4x32ram:inst2|4x4ram:inst|memory_cell:inst13|inst   ; |PD|ram:inst|4x32ram:inst2|4x4ram:inst|memory_cell:inst13|inst   ; regout           ;
; |PD|ram:inst|4x32ram:inst2|4x4ram:inst|memory_cell:inst11|inst3  ; |PD|ram:inst|4x32ram:inst2|4x4ram:inst|memory_cell:inst11|inst3  ; out              ;
; |PD|ram:inst|4x32ram:inst2|4x4ram:inst|memory_cell:inst11|inst   ; |PD|ram:inst|4x32ram:inst2|4x4ram:inst|memory_cell:inst11|inst   ; regout           ;
; |PD|ram:inst|4x32ram:inst2|4x4ram:inst|memory_cell:inst9|inst3   ; |PD|ram:inst|4x32ram:inst2|4x4ram:inst|memory_cell:inst9|inst3   ; out              ;
; |PD|ram:inst|4x32ram:inst2|4x4ram:inst|memory_cell:inst9|inst    ; |PD|ram:inst|4x32ram:inst2|4x4ram:inst|memory_cell:inst9|inst    ; regout           ;
; |PD|ram:inst|4x32ram:inst2|4x4ram:inst|memory_cell:inst8|inst3   ; |PD|ram:inst|4x32ram:inst2|4x4ram:inst|memory_cell:inst8|inst3   ; out              ;
; |PD|ram:inst|4x32ram:inst2|4x4ram:inst|memory_cell:inst8|inst    ; |PD|ram:inst|4x32ram:inst2|4x4ram:inst|memory_cell:inst8|inst    ; regout           ;
; |PD|ram:inst|4x32ram:inst2|4x4ram:inst|memory_cell:inst6|inst3   ; |PD|ram:inst|4x32ram:inst2|4x4ram:inst|memory_cell:inst6|inst3   ; out              ;
; |PD|ram:inst|4x32ram:inst2|4x4ram:inst|memory_cell:inst6|inst    ; |PD|ram:inst|4x32ram:inst2|4x4ram:inst|memory_cell:inst6|inst    ; regout           ;
; |PD|ram:inst|4x32ram:inst2|4x4ram:inst|memory_cell:inst4|inst3   ; |PD|ram:inst|4x32ram:inst2|4x4ram:inst|memory_cell:inst4|inst3   ; out              ;
; |PD|ram:inst|4x32ram:inst2|4x4ram:inst|memory_cell:inst4|inst    ; |PD|ram:inst|4x32ram:inst2|4x4ram:inst|memory_cell:inst4|inst    ; regout           ;
; |PD|ram:inst|4x32ram:inst2|4x4ram:inst|memory_cell:inst2|inst3   ; |PD|ram:inst|4x32ram:inst2|4x4ram:inst|memory_cell:inst2|inst3   ; out              ;
; |PD|ram:inst|4x32ram:inst2|4x4ram:inst|memory_cell:inst2|inst    ; |PD|ram:inst|4x32ram:inst2|4x4ram:inst|memory_cell:inst2|inst    ; regout           ;
; |PD|ram:inst|4x32ram:inst1|4x4ram:inst8|memory_cell:inst16|inst3 ; |PD|ram:inst|4x32ram:inst1|4x4ram:inst8|memory_cell:inst16|inst3 ; out              ;
; |PD|ram:inst|4x32ram:inst1|4x4ram:inst8|memory_cell:inst16|inst  ; |PD|ram:inst|4x32ram:inst1|4x4ram:inst8|memory_cell:inst16|inst  ; regout           ;
; |PD|ram:inst|4x32ram:inst1|4x4ram:inst8|memory_cell:inst12|inst3 ; |PD|ram:inst|4x32ram:inst1|4x4ram:inst8|memory_cell:inst12|inst3 ; out              ;
; |PD|ram:inst|4x32ram:inst1|4x4ram:inst8|memory_cell:inst12|inst  ; |PD|ram:inst|4x32ram:inst1|4x4ram:inst8|memory_cell:inst12|inst  ; regout           ;
; |PD|ram:inst|4x32ram:inst1|4x4ram:inst8|memory_cell:inst15|inst3 ; |PD|ram:inst|4x32ram:inst1|4x4ram:inst8|memory_cell:inst15|inst3 ; out              ;
; |PD|ram:inst|4x32ram:inst1|4x4ram:inst8|memory_cell:inst15|inst  ; |PD|ram:inst|4x32ram:inst1|4x4ram:inst8|memory_cell:inst15|inst  ; regout           ;
; |PD|ram:inst|4x32ram:inst1|4x4ram:inst8|memory_cell:inst9|inst3  ; |PD|ram:inst|4x32ram:inst1|4x4ram:inst8|memory_cell:inst9|inst3  ; out              ;
; |PD|ram:inst|4x32ram:inst1|4x4ram:inst8|memory_cell:inst9|inst   ; |PD|ram:inst|4x32ram:inst1|4x4ram:inst8|memory_cell:inst9|inst   ; regout           ;
; |PD|ram:inst|4x32ram:inst1|4x4ram:inst8|memory_cell:inst6|inst3  ; |PD|ram:inst|4x32ram:inst1|4x4ram:inst8|memory_cell:inst6|inst3  ; out              ;
; |PD|ram:inst|4x32ram:inst1|4x4ram:inst8|memory_cell:inst6|inst   ; |PD|ram:inst|4x32ram:inst1|4x4ram:inst8|memory_cell:inst6|inst   ; regout           ;
; |PD|ram:inst|4x32ram:inst1|4x4ram:inst8|memory_cell:inst4|inst3  ; |PD|ram:inst|4x32ram:inst1|4x4ram:inst8|memory_cell:inst4|inst3  ; out              ;
; |PD|ram:inst|4x32ram:inst1|4x4ram:inst8|memory_cell:inst4|inst   ; |PD|ram:inst|4x32ram:inst1|4x4ram:inst8|memory_cell:inst4|inst   ; regout           ;
; |PD|ram:inst|4x32ram:inst1|4x4ram:inst8|memory_cell:inst2|inst3  ; |PD|ram:inst|4x32ram:inst1|4x4ram:inst8|memory_cell:inst2|inst3  ; out              ;
; |PD|ram:inst|4x32ram:inst1|4x4ram:inst8|memory_cell:inst2|inst   ; |PD|ram:inst|4x32ram:inst1|4x4ram:inst8|memory_cell:inst2|inst   ; regout           ;
; |PD|ram:inst|4x32ram:inst1|4x4ram:inst7|inst20                   ; |PD|ram:inst|4x32ram:inst1|4x4ram:inst7|inst20                   ; out              ;
; |PD|ram:inst|4x32ram:inst1|4x4ram:inst7|IN~0                     ; |PD|ram:inst|4x32ram:inst1|4x4ram:inst7|IN~0                     ; out0             ;
; |PD|ram:inst|4x32ram:inst1|4x4ram:inst7|inst21                   ; |PD|ram:inst|4x32ram:inst1|4x4ram:inst7|inst21                   ; out              ;
; |PD|ram:inst|4x32ram:inst1|4x4ram:inst7|IN~1                     ; |PD|ram:inst|4x32ram:inst1|4x4ram:inst7|IN~1                     ; out0             ;
; |PD|ram:inst|4x32ram:inst1|4x4ram:inst7|inst19                   ; |PD|ram:inst|4x32ram:inst1|4x4ram:inst7|inst19                   ; out              ;
; |PD|ram:inst|4x32ram:inst1|4x4ram:inst7|IN~3                     ; |PD|ram:inst|4x32ram:inst1|4x4ram:inst7|IN~3                     ; out0             ;
; |PD|ram:inst|4x32ram:inst1|4x4ram:inst7|memory_cell:inst3|inst3  ; |PD|ram:inst|4x32ram:inst1|4x4ram:inst7|memory_cell:inst3|inst3  ; out              ;
; |PD|ram:inst|4x32ram:inst1|4x4ram:inst7|memory_cell:inst3|inst   ; |PD|ram:inst|4x32ram:inst1|4x4ram:inst7|memory_cell:inst3|inst   ; regout           ;
; |PD|ram:inst|4x32ram:inst1|4x4ram:inst7|memory_cell:inst5|inst3  ; |PD|ram:inst|4x32ram:inst1|4x4ram:inst7|memory_cell:inst5|inst3  ; out              ;
; |PD|ram:inst|4x32ram:inst1|4x4ram:inst7|memory_cell:inst5|inst   ; |PD|ram:inst|4x32ram:inst1|4x4ram:inst7|memory_cell:inst5|inst   ; regout           ;
; |PD|ram:inst|4x32ram:inst1|4x4ram:inst7|memory_cell:inst7|inst3  ; |PD|ram:inst|4x32ram:inst1|4x4ram:inst7|memory_cell:inst7|inst3  ; out              ;
; |PD|ram:inst|4x32ram:inst1|4x4ram:inst7|memory_cell:inst7|inst   ; |PD|ram:inst|4x32ram:inst1|4x4ram:inst7|memory_cell:inst7|inst   ; regout           ;
; |PD|ram:inst|4x32ram:inst1|4x4ram:inst7|memory_cell:inst1|inst3  ; |PD|ram:inst|4x32ram:inst1|4x4ram:inst7|memory_cell:inst1|inst3  ; out              ;
; |PD|ram:inst|4x32ram:inst1|4x4ram:inst7|memory_cell:inst1|inst   ; |PD|ram:inst|4x32ram:inst1|4x4ram:inst7|memory_cell:inst1|inst   ; regout           ;
; |PD|ram:inst|4x32ram:inst1|4x4ram:inst7|memory_cell:inst15|inst3 ; |PD|ram:inst|4x32ram:inst1|4x4ram:inst7|memory_cell:inst15|inst3 ; out              ;
; |PD|ram:inst|4x32ram:inst1|4x4ram:inst7|memory_cell:inst15|inst  ; |PD|ram:inst|4x32ram:inst1|4x4ram:inst7|memory_cell:inst15|inst  ; regout           ;
; |PD|ram:inst|4x32ram:inst1|4x4ram:inst7|memory_cell:inst13|inst3 ; |PD|ram:inst|4x32ram:inst1|4x4ram:inst7|memory_cell:inst13|inst3 ; out              ;
; |PD|ram:inst|4x32ram:inst1|4x4ram:inst7|memory_cell:inst13|inst  ; |PD|ram:inst|4x32ram:inst1|4x4ram:inst7|memory_cell:inst13|inst  ; regout           ;
; |PD|ram:inst|4x32ram:inst1|4x4ram:inst7|memory_cell:inst11|inst3 ; |PD|ram:inst|4x32ram:inst1|4x4ram:inst7|memory_cell:inst11|inst3 ; out              ;
; |PD|ram:inst|4x32ram:inst1|4x4ram:inst7|memory_cell:inst11|inst  ; |PD|ram:inst|4x32ram:inst1|4x4ram:inst7|memory_cell:inst11|inst  ; regout           ;
; |PD|ram:inst|4x32ram:inst1|4x4ram:inst7|memory_cell:inst9|inst3  ; |PD|ram:inst|4x32ram:inst1|4x4ram:inst7|memory_cell:inst9|inst3  ; out              ;
; |PD|ram:inst|4x32ram:inst1|4x4ram:inst7|memory_cell:inst9|inst   ; |PD|ram:inst|4x32ram:inst1|4x4ram:inst7|memory_cell:inst9|inst   ; regout           ;
; |PD|ram:inst|4x32ram:inst1|4x4ram:inst7|memory_cell:inst8|inst3  ; |PD|ram:inst|4x32ram:inst1|4x4ram:inst7|memory_cell:inst8|inst3  ; out              ;
; |PD|ram:inst|4x32ram:inst1|4x4ram:inst7|memory_cell:inst8|inst   ; |PD|ram:inst|4x32ram:inst1|4x4ram:inst7|memory_cell:inst8|inst   ; regout           ;
; |PD|ram:inst|4x32ram:inst1|4x4ram:inst7|memory_cell:inst6|inst3  ; |PD|ram:inst|4x32ram:inst1|4x4ram:inst7|memory_cell:inst6|inst3  ; out              ;
; |PD|ram:inst|4x32ram:inst1|4x4ram:inst7|memory_cell:inst6|inst   ; |PD|ram:inst|4x32ram:inst1|4x4ram:inst7|memory_cell:inst6|inst   ; regout           ;
; |PD|ram:inst|4x32ram:inst1|4x4ram:inst7|memory_cell:inst4|inst3  ; |PD|ram:inst|4x32ram:inst1|4x4ram:inst7|memory_cell:inst4|inst3  ; out              ;
; |PD|ram:inst|4x32ram:inst1|4x4ram:inst7|memory_cell:inst4|inst   ; |PD|ram:inst|4x32ram:inst1|4x4ram:inst7|memory_cell:inst4|inst   ; regout           ;
; |PD|ram:inst|4x32ram:inst1|4x4ram:inst7|memory_cell:inst2|inst3  ; |PD|ram:inst|4x32ram:inst1|4x4ram:inst7|memory_cell:inst2|inst3  ; out              ;
; |PD|ram:inst|4x32ram:inst1|4x4ram:inst7|memory_cell:inst2|inst   ; |PD|ram:inst|4x32ram:inst1|4x4ram:inst7|memory_cell:inst2|inst   ; regout           ;
; |PD|ram:inst|4x32ram:inst1|4x4ram:inst6|inst20                   ; |PD|ram:inst|4x32ram:inst1|4x4ram:inst6|inst20                   ; out              ;
; |PD|ram:inst|4x32ram:inst1|4x4ram:inst6|IN~0                     ; |PD|ram:inst|4x32ram:inst1|4x4ram:inst6|IN~0                     ; out0             ;
; |PD|ram:inst|4x32ram:inst1|4x4ram:inst6|inst21                   ; |PD|ram:inst|4x32ram:inst1|4x4ram:inst6|inst21                   ; out              ;
; |PD|ram:inst|4x32ram:inst1|4x4ram:inst6|IN~1                     ; |PD|ram:inst|4x32ram:inst1|4x4ram:inst6|IN~1                     ; out0             ;
; |PD|ram:inst|4x32ram:inst1|4x4ram:inst6|inst22                   ; |PD|ram:inst|4x32ram:inst1|4x4ram:inst6|inst22                   ; out              ;
; |PD|ram:inst|4x32ram:inst1|4x4ram:inst6|IN~2                     ; |PD|ram:inst|4x32ram:inst1|4x4ram:inst6|IN~2                     ; out0             ;
; |PD|ram:inst|4x32ram:inst1|4x4ram:inst6|inst19                   ; |PD|ram:inst|4x32ram:inst1|4x4ram:inst6|inst19                   ; out              ;
; |PD|ram:inst|4x32ram:inst1|4x4ram:inst6|IN~3                     ; |PD|ram:inst|4x32ram:inst1|4x4ram:inst6|IN~3                     ; out0             ;
; |PD|ram:inst|4x32ram:inst1|4x4ram:inst6|memory_cell:inst3|inst3  ; |PD|ram:inst|4x32ram:inst1|4x4ram:inst6|memory_cell:inst3|inst3  ; out              ;
; |PD|ram:inst|4x32ram:inst1|4x4ram:inst6|memory_cell:inst3|inst   ; |PD|ram:inst|4x32ram:inst1|4x4ram:inst6|memory_cell:inst3|inst   ; regout           ;
; |PD|ram:inst|4x32ram:inst1|4x4ram:inst6|memory_cell:inst5|inst3  ; |PD|ram:inst|4x32ram:inst1|4x4ram:inst6|memory_cell:inst5|inst3  ; out              ;
; |PD|ram:inst|4x32ram:inst1|4x4ram:inst6|memory_cell:inst5|inst   ; |PD|ram:inst|4x32ram:inst1|4x4ram:inst6|memory_cell:inst5|inst   ; regout           ;
; |PD|ram:inst|4x32ram:inst1|4x4ram:inst6|memory_cell:inst7|inst3  ; |PD|ram:inst|4x32ram:inst1|4x4ram:inst6|memory_cell:inst7|inst3  ; out              ;
; |PD|ram:inst|4x32ram:inst1|4x4ram:inst6|memory_cell:inst7|inst   ; |PD|ram:inst|4x32ram:inst1|4x4ram:inst6|memory_cell:inst7|inst   ; regout           ;
; |PD|ram:inst|4x32ram:inst1|4x4ram:inst6|memory_cell:inst1|inst3  ; |PD|ram:inst|4x32ram:inst1|4x4ram:inst6|memory_cell:inst1|inst3  ; out              ;
; |PD|ram:inst|4x32ram:inst1|4x4ram:inst6|memory_cell:inst1|inst   ; |PD|ram:inst|4x32ram:inst1|4x4ram:inst6|memory_cell:inst1|inst   ; regout           ;
; |PD|ram:inst|4x32ram:inst1|4x4ram:inst6|memory_cell:inst16|inst3 ; |PD|ram:inst|4x32ram:inst1|4x4ram:inst6|memory_cell:inst16|inst3 ; out              ;
; |PD|ram:inst|4x32ram:inst1|4x4ram:inst6|memory_cell:inst16|inst  ; |PD|ram:inst|4x32ram:inst1|4x4ram:inst6|memory_cell:inst16|inst  ; regout           ;
; |PD|ram:inst|4x32ram:inst1|4x4ram:inst6|memory_cell:inst14|inst3 ; |PD|ram:inst|4x32ram:inst1|4x4ram:inst6|memory_cell:inst14|inst3 ; out              ;
; |PD|ram:inst|4x32ram:inst1|4x4ram:inst6|memory_cell:inst14|inst  ; |PD|ram:inst|4x32ram:inst1|4x4ram:inst6|memory_cell:inst14|inst  ; regout           ;
; |PD|ram:inst|4x32ram:inst1|4x4ram:inst6|memory_cell:inst12|inst3 ; |PD|ram:inst|4x32ram:inst1|4x4ram:inst6|memory_cell:inst12|inst3 ; out              ;
; |PD|ram:inst|4x32ram:inst1|4x4ram:inst6|memory_cell:inst12|inst  ; |PD|ram:inst|4x32ram:inst1|4x4ram:inst6|memory_cell:inst12|inst  ; regout           ;
; |PD|ram:inst|4x32ram:inst1|4x4ram:inst6|memory_cell:inst10|inst3 ; |PD|ram:inst|4x32ram:inst1|4x4ram:inst6|memory_cell:inst10|inst3 ; out              ;
; |PD|ram:inst|4x32ram:inst1|4x4ram:inst6|memory_cell:inst10|inst  ; |PD|ram:inst|4x32ram:inst1|4x4ram:inst6|memory_cell:inst10|inst  ; regout           ;
; |PD|ram:inst|4x32ram:inst1|4x4ram:inst6|memory_cell:inst15|inst3 ; |PD|ram:inst|4x32ram:inst1|4x4ram:inst6|memory_cell:inst15|inst3 ; out              ;
; |PD|ram:inst|4x32ram:inst1|4x4ram:inst6|memory_cell:inst15|inst  ; |PD|ram:inst|4x32ram:inst1|4x4ram:inst6|memory_cell:inst15|inst  ; regout           ;
; |PD|ram:inst|4x32ram:inst1|4x4ram:inst6|memory_cell:inst13|inst3 ; |PD|ram:inst|4x32ram:inst1|4x4ram:inst6|memory_cell:inst13|inst3 ; out              ;
; |PD|ram:inst|4x32ram:inst1|4x4ram:inst6|memory_cell:inst13|inst  ; |PD|ram:inst|4x32ram:inst1|4x4ram:inst6|memory_cell:inst13|inst  ; regout           ;
; |PD|ram:inst|4x32ram:inst1|4x4ram:inst6|memory_cell:inst11|inst3 ; |PD|ram:inst|4x32ram:inst1|4x4ram:inst6|memory_cell:inst11|inst3 ; out              ;
; |PD|ram:inst|4x32ram:inst1|4x4ram:inst6|memory_cell:inst11|inst  ; |PD|ram:inst|4x32ram:inst1|4x4ram:inst6|memory_cell:inst11|inst  ; regout           ;
; |PD|ram:inst|4x32ram:inst1|4x4ram:inst6|memory_cell:inst9|inst3  ; |PD|ram:inst|4x32ram:inst1|4x4ram:inst6|memory_cell:inst9|inst3  ; out              ;
; |PD|ram:inst|4x32ram:inst1|4x4ram:inst6|memory_cell:inst9|inst   ; |PD|ram:inst|4x32ram:inst1|4x4ram:inst6|memory_cell:inst9|inst   ; regout           ;
; |PD|ram:inst|4x32ram:inst1|4x4ram:inst6|memory_cell:inst8|inst3  ; |PD|ram:inst|4x32ram:inst1|4x4ram:inst6|memory_cell:inst8|inst3  ; out              ;
; |PD|ram:inst|4x32ram:inst1|4x4ram:inst6|memory_cell:inst8|inst   ; |PD|ram:inst|4x32ram:inst1|4x4ram:inst6|memory_cell:inst8|inst   ; regout           ;
; |PD|ram:inst|4x32ram:inst1|4x4ram:inst6|memory_cell:inst6|inst3  ; |PD|ram:inst|4x32ram:inst1|4x4ram:inst6|memory_cell:inst6|inst3  ; out              ;
; |PD|ram:inst|4x32ram:inst1|4x4ram:inst6|memory_cell:inst6|inst   ; |PD|ram:inst|4x32ram:inst1|4x4ram:inst6|memory_cell:inst6|inst   ; regout           ;
; |PD|ram:inst|4x32ram:inst1|4x4ram:inst6|memory_cell:inst4|inst3  ; |PD|ram:inst|4x32ram:inst1|4x4ram:inst6|memory_cell:inst4|inst3  ; out              ;
; |PD|ram:inst|4x32ram:inst1|4x4ram:inst6|memory_cell:inst4|inst   ; |PD|ram:inst|4x32ram:inst1|4x4ram:inst6|memory_cell:inst4|inst   ; regout           ;
; |PD|ram:inst|4x32ram:inst1|4x4ram:inst6|memory_cell:inst2|inst3  ; |PD|ram:inst|4x32ram:inst1|4x4ram:inst6|memory_cell:inst2|inst3  ; out              ;
; |PD|ram:inst|4x32ram:inst1|4x4ram:inst6|memory_cell:inst2|inst   ; |PD|ram:inst|4x32ram:inst1|4x4ram:inst6|memory_cell:inst2|inst   ; regout           ;
; |PD|ram:inst|4x32ram:inst1|4x4ram:inst5|inst20                   ; |PD|ram:inst|4x32ram:inst1|4x4ram:inst5|inst20                   ; out              ;
; |PD|ram:inst|4x32ram:inst1|4x4ram:inst5|IN~0                     ; |PD|ram:inst|4x32ram:inst1|4x4ram:inst5|IN~0                     ; out0             ;
; |PD|ram:inst|4x32ram:inst1|4x4ram:inst5|inst21                   ; |PD|ram:inst|4x32ram:inst1|4x4ram:inst5|inst21                   ; out              ;
; |PD|ram:inst|4x32ram:inst1|4x4ram:inst5|IN~1                     ; |PD|ram:inst|4x32ram:inst1|4x4ram:inst5|IN~1                     ; out0             ;
; |PD|ram:inst|4x32ram:inst1|4x4ram:inst5|inst22                   ; |PD|ram:inst|4x32ram:inst1|4x4ram:inst5|inst22                   ; out              ;
; |PD|ram:inst|4x32ram:inst1|4x4ram:inst5|IN~2                     ; |PD|ram:inst|4x32ram:inst1|4x4ram:inst5|IN~2                     ; out0             ;
; |PD|ram:inst|4x32ram:inst1|4x4ram:inst5|inst19                   ; |PD|ram:inst|4x32ram:inst1|4x4ram:inst5|inst19                   ; out              ;
; |PD|ram:inst|4x32ram:inst1|4x4ram:inst5|IN~3                     ; |PD|ram:inst|4x32ram:inst1|4x4ram:inst5|IN~3                     ; out0             ;
; |PD|ram:inst|4x32ram:inst1|4x4ram:inst5|memory_cell:inst3|inst3  ; |PD|ram:inst|4x32ram:inst1|4x4ram:inst5|memory_cell:inst3|inst3  ; out              ;
; |PD|ram:inst|4x32ram:inst1|4x4ram:inst5|memory_cell:inst3|inst   ; |PD|ram:inst|4x32ram:inst1|4x4ram:inst5|memory_cell:inst3|inst   ; regout           ;
; |PD|ram:inst|4x32ram:inst1|4x4ram:inst5|memory_cell:inst5|inst3  ; |PD|ram:inst|4x32ram:inst1|4x4ram:inst5|memory_cell:inst5|inst3  ; out              ;
; |PD|ram:inst|4x32ram:inst1|4x4ram:inst5|memory_cell:inst5|inst   ; |PD|ram:inst|4x32ram:inst1|4x4ram:inst5|memory_cell:inst5|inst   ; regout           ;
; |PD|ram:inst|4x32ram:inst1|4x4ram:inst5|memory_cell:inst7|inst3  ; |PD|ram:inst|4x32ram:inst1|4x4ram:inst5|memory_cell:inst7|inst3  ; out              ;
; |PD|ram:inst|4x32ram:inst1|4x4ram:inst5|memory_cell:inst7|inst   ; |PD|ram:inst|4x32ram:inst1|4x4ram:inst5|memory_cell:inst7|inst   ; regout           ;
; |PD|ram:inst|4x32ram:inst1|4x4ram:inst5|memory_cell:inst1|inst3  ; |PD|ram:inst|4x32ram:inst1|4x4ram:inst5|memory_cell:inst1|inst3  ; out              ;
; |PD|ram:inst|4x32ram:inst1|4x4ram:inst5|memory_cell:inst1|inst   ; |PD|ram:inst|4x32ram:inst1|4x4ram:inst5|memory_cell:inst1|inst   ; regout           ;
; |PD|ram:inst|4x32ram:inst1|4x4ram:inst5|memory_cell:inst16|inst3 ; |PD|ram:inst|4x32ram:inst1|4x4ram:inst5|memory_cell:inst16|inst3 ; out              ;
; |PD|ram:inst|4x32ram:inst1|4x4ram:inst5|memory_cell:inst16|inst  ; |PD|ram:inst|4x32ram:inst1|4x4ram:inst5|memory_cell:inst16|inst  ; regout           ;
; |PD|ram:inst|4x32ram:inst1|4x4ram:inst5|memory_cell:inst14|inst3 ; |PD|ram:inst|4x32ram:inst1|4x4ram:inst5|memory_cell:inst14|inst3 ; out              ;
; |PD|ram:inst|4x32ram:inst1|4x4ram:inst5|memory_cell:inst14|inst  ; |PD|ram:inst|4x32ram:inst1|4x4ram:inst5|memory_cell:inst14|inst  ; regout           ;
; |PD|ram:inst|4x32ram:inst1|4x4ram:inst5|memory_cell:inst12|inst3 ; |PD|ram:inst|4x32ram:inst1|4x4ram:inst5|memory_cell:inst12|inst3 ; out              ;
; |PD|ram:inst|4x32ram:inst1|4x4ram:inst5|memory_cell:inst12|inst  ; |PD|ram:inst|4x32ram:inst1|4x4ram:inst5|memory_cell:inst12|inst  ; regout           ;
; |PD|ram:inst|4x32ram:inst1|4x4ram:inst5|memory_cell:inst10|inst3 ; |PD|ram:inst|4x32ram:inst1|4x4ram:inst5|memory_cell:inst10|inst3 ; out              ;
; |PD|ram:inst|4x32ram:inst1|4x4ram:inst5|memory_cell:inst10|inst  ; |PD|ram:inst|4x32ram:inst1|4x4ram:inst5|memory_cell:inst10|inst  ; regout           ;
; |PD|ram:inst|4x32ram:inst1|4x4ram:inst5|memory_cell:inst15|inst3 ; |PD|ram:inst|4x32ram:inst1|4x4ram:inst5|memory_cell:inst15|inst3 ; out              ;
; |PD|ram:inst|4x32ram:inst1|4x4ram:inst5|memory_cell:inst15|inst  ; |PD|ram:inst|4x32ram:inst1|4x4ram:inst5|memory_cell:inst15|inst  ; regout           ;
; |PD|ram:inst|4x32ram:inst1|4x4ram:inst5|memory_cell:inst13|inst3 ; |PD|ram:inst|4x32ram:inst1|4x4ram:inst5|memory_cell:inst13|inst3 ; out              ;
; |PD|ram:inst|4x32ram:inst1|4x4ram:inst5|memory_cell:inst13|inst  ; |PD|ram:inst|4x32ram:inst1|4x4ram:inst5|memory_cell:inst13|inst  ; regout           ;
; |PD|ram:inst|4x32ram:inst1|4x4ram:inst5|memory_cell:inst11|inst3 ; |PD|ram:inst|4x32ram:inst1|4x4ram:inst5|memory_cell:inst11|inst3 ; out              ;
; |PD|ram:inst|4x32ram:inst1|4x4ram:inst5|memory_cell:inst11|inst  ; |PD|ram:inst|4x32ram:inst1|4x4ram:inst5|memory_cell:inst11|inst  ; regout           ;
; |PD|ram:inst|4x32ram:inst1|4x4ram:inst5|memory_cell:inst9|inst3  ; |PD|ram:inst|4x32ram:inst1|4x4ram:inst5|memory_cell:inst9|inst3  ; out              ;
; |PD|ram:inst|4x32ram:inst1|4x4ram:inst5|memory_cell:inst9|inst   ; |PD|ram:inst|4x32ram:inst1|4x4ram:inst5|memory_cell:inst9|inst   ; regout           ;
; |PD|ram:inst|4x32ram:inst1|4x4ram:inst5|memory_cell:inst8|inst3  ; |PD|ram:inst|4x32ram:inst1|4x4ram:inst5|memory_cell:inst8|inst3  ; out              ;
; |PD|ram:inst|4x32ram:inst1|4x4ram:inst5|memory_cell:inst8|inst   ; |PD|ram:inst|4x32ram:inst1|4x4ram:inst5|memory_cell:inst8|inst   ; regout           ;
; |PD|ram:inst|4x32ram:inst1|4x4ram:inst5|memory_cell:inst6|inst3  ; |PD|ram:inst|4x32ram:inst1|4x4ram:inst5|memory_cell:inst6|inst3  ; out              ;
; |PD|ram:inst|4x32ram:inst1|4x4ram:inst5|memory_cell:inst6|inst   ; |PD|ram:inst|4x32ram:inst1|4x4ram:inst5|memory_cell:inst6|inst   ; regout           ;
; |PD|ram:inst|4x32ram:inst1|4x4ram:inst5|memory_cell:inst4|inst3  ; |PD|ram:inst|4x32ram:inst1|4x4ram:inst5|memory_cell:inst4|inst3  ; out              ;
; |PD|ram:inst|4x32ram:inst1|4x4ram:inst5|memory_cell:inst4|inst   ; |PD|ram:inst|4x32ram:inst1|4x4ram:inst5|memory_cell:inst4|inst   ; regout           ;
; |PD|ram:inst|4x32ram:inst1|4x4ram:inst5|memory_cell:inst2|inst3  ; |PD|ram:inst|4x32ram:inst1|4x4ram:inst5|memory_cell:inst2|inst3  ; out              ;
; |PD|ram:inst|4x32ram:inst1|4x4ram:inst5|memory_cell:inst2|inst   ; |PD|ram:inst|4x32ram:inst1|4x4ram:inst5|memory_cell:inst2|inst   ; regout           ;
; |PD|ram:inst|4x32ram:inst1|4x4ram:inst4|inst20                   ; |PD|ram:inst|4x32ram:inst1|4x4ram:inst4|inst20                   ; out              ;
; |PD|ram:inst|4x32ram:inst1|4x4ram:inst4|IN~0                     ; |PD|ram:inst|4x32ram:inst1|4x4ram:inst4|IN~0                     ; out0             ;
; |PD|ram:inst|4x32ram:inst1|4x4ram:inst4|inst21                   ; |PD|ram:inst|4x32ram:inst1|4x4ram:inst4|inst21                   ; out              ;
; |PD|ram:inst|4x32ram:inst1|4x4ram:inst4|IN~1                     ; |PD|ram:inst|4x32ram:inst1|4x4ram:inst4|IN~1                     ; out0             ;
; |PD|ram:inst|4x32ram:inst1|4x4ram:inst4|inst22                   ; |PD|ram:inst|4x32ram:inst1|4x4ram:inst4|inst22                   ; out              ;
; |PD|ram:inst|4x32ram:inst1|4x4ram:inst4|IN~2                     ; |PD|ram:inst|4x32ram:inst1|4x4ram:inst4|IN~2                     ; out0             ;
; |PD|ram:inst|4x32ram:inst1|4x4ram:inst4|inst19                   ; |PD|ram:inst|4x32ram:inst1|4x4ram:inst4|inst19                   ; out              ;
; |PD|ram:inst|4x32ram:inst1|4x4ram:inst4|IN~3                     ; |PD|ram:inst|4x32ram:inst1|4x4ram:inst4|IN~3                     ; out0             ;
; |PD|ram:inst|4x32ram:inst1|4x4ram:inst4|memory_cell:inst3|inst3  ; |PD|ram:inst|4x32ram:inst1|4x4ram:inst4|memory_cell:inst3|inst3  ; out              ;
; |PD|ram:inst|4x32ram:inst1|4x4ram:inst4|memory_cell:inst3|inst   ; |PD|ram:inst|4x32ram:inst1|4x4ram:inst4|memory_cell:inst3|inst   ; regout           ;
; |PD|ram:inst|4x32ram:inst1|4x4ram:inst4|memory_cell:inst5|inst3  ; |PD|ram:inst|4x32ram:inst1|4x4ram:inst4|memory_cell:inst5|inst3  ; out              ;
; |PD|ram:inst|4x32ram:inst1|4x4ram:inst4|memory_cell:inst5|inst   ; |PD|ram:inst|4x32ram:inst1|4x4ram:inst4|memory_cell:inst5|inst   ; regout           ;
; |PD|ram:inst|4x32ram:inst1|4x4ram:inst4|memory_cell:inst7|inst3  ; |PD|ram:inst|4x32ram:inst1|4x4ram:inst4|memory_cell:inst7|inst3  ; out              ;
; |PD|ram:inst|4x32ram:inst1|4x4ram:inst4|memory_cell:inst7|inst   ; |PD|ram:inst|4x32ram:inst1|4x4ram:inst4|memory_cell:inst7|inst   ; regout           ;
; |PD|ram:inst|4x32ram:inst1|4x4ram:inst4|memory_cell:inst1|inst3  ; |PD|ram:inst|4x32ram:inst1|4x4ram:inst4|memory_cell:inst1|inst3  ; out              ;
; |PD|ram:inst|4x32ram:inst1|4x4ram:inst4|memory_cell:inst1|inst   ; |PD|ram:inst|4x32ram:inst1|4x4ram:inst4|memory_cell:inst1|inst   ; regout           ;
; |PD|ram:inst|4x32ram:inst1|4x4ram:inst4|memory_cell:inst16|inst3 ; |PD|ram:inst|4x32ram:inst1|4x4ram:inst4|memory_cell:inst16|inst3 ; out              ;
; |PD|ram:inst|4x32ram:inst1|4x4ram:inst4|memory_cell:inst16|inst  ; |PD|ram:inst|4x32ram:inst1|4x4ram:inst4|memory_cell:inst16|inst  ; regout           ;
; |PD|ram:inst|4x32ram:inst1|4x4ram:inst4|memory_cell:inst14|inst3 ; |PD|ram:inst|4x32ram:inst1|4x4ram:inst4|memory_cell:inst14|inst3 ; out              ;
; |PD|ram:inst|4x32ram:inst1|4x4ram:inst4|memory_cell:inst14|inst  ; |PD|ram:inst|4x32ram:inst1|4x4ram:inst4|memory_cell:inst14|inst  ; regout           ;
; |PD|ram:inst|4x32ram:inst1|4x4ram:inst4|memory_cell:inst12|inst3 ; |PD|ram:inst|4x32ram:inst1|4x4ram:inst4|memory_cell:inst12|inst3 ; out              ;
; |PD|ram:inst|4x32ram:inst1|4x4ram:inst4|memory_cell:inst12|inst  ; |PD|ram:inst|4x32ram:inst1|4x4ram:inst4|memory_cell:inst12|inst  ; regout           ;
; |PD|ram:inst|4x32ram:inst1|4x4ram:inst4|memory_cell:inst10|inst3 ; |PD|ram:inst|4x32ram:inst1|4x4ram:inst4|memory_cell:inst10|inst3 ; out              ;
; |PD|ram:inst|4x32ram:inst1|4x4ram:inst4|memory_cell:inst10|inst  ; |PD|ram:inst|4x32ram:inst1|4x4ram:inst4|memory_cell:inst10|inst  ; regout           ;
; |PD|ram:inst|4x32ram:inst1|4x4ram:inst4|memory_cell:inst15|inst3 ; |PD|ram:inst|4x32ram:inst1|4x4ram:inst4|memory_cell:inst15|inst3 ; out              ;
; |PD|ram:inst|4x32ram:inst1|4x4ram:inst4|memory_cell:inst15|inst  ; |PD|ram:inst|4x32ram:inst1|4x4ram:inst4|memory_cell:inst15|inst  ; regout           ;
; |PD|ram:inst|4x32ram:inst1|4x4ram:inst4|memory_cell:inst13|inst3 ; |PD|ram:inst|4x32ram:inst1|4x4ram:inst4|memory_cell:inst13|inst3 ; out              ;
; |PD|ram:inst|4x32ram:inst1|4x4ram:inst4|memory_cell:inst13|inst  ; |PD|ram:inst|4x32ram:inst1|4x4ram:inst4|memory_cell:inst13|inst  ; regout           ;
; |PD|ram:inst|4x32ram:inst1|4x4ram:inst4|memory_cell:inst11|inst3 ; |PD|ram:inst|4x32ram:inst1|4x4ram:inst4|memory_cell:inst11|inst3 ; out              ;
; |PD|ram:inst|4x32ram:inst1|4x4ram:inst4|memory_cell:inst11|inst  ; |PD|ram:inst|4x32ram:inst1|4x4ram:inst4|memory_cell:inst11|inst  ; regout           ;
; |PD|ram:inst|4x32ram:inst1|4x4ram:inst4|memory_cell:inst9|inst3  ; |PD|ram:inst|4x32ram:inst1|4x4ram:inst4|memory_cell:inst9|inst3  ; out              ;
; |PD|ram:inst|4x32ram:inst1|4x4ram:inst4|memory_cell:inst9|inst   ; |PD|ram:inst|4x32ram:inst1|4x4ram:inst4|memory_cell:inst9|inst   ; regout           ;
; |PD|ram:inst|4x32ram:inst1|4x4ram:inst4|memory_cell:inst8|inst3  ; |PD|ram:inst|4x32ram:inst1|4x4ram:inst4|memory_cell:inst8|inst3  ; out              ;
; |PD|ram:inst|4x32ram:inst1|4x4ram:inst4|memory_cell:inst8|inst   ; |PD|ram:inst|4x32ram:inst1|4x4ram:inst4|memory_cell:inst8|inst   ; regout           ;
; |PD|ram:inst|4x32ram:inst1|4x4ram:inst4|memory_cell:inst6|inst3  ; |PD|ram:inst|4x32ram:inst1|4x4ram:inst4|memory_cell:inst6|inst3  ; out              ;
; |PD|ram:inst|4x32ram:inst1|4x4ram:inst4|memory_cell:inst6|inst   ; |PD|ram:inst|4x32ram:inst1|4x4ram:inst4|memory_cell:inst6|inst   ; regout           ;
; |PD|ram:inst|4x32ram:inst1|4x4ram:inst4|memory_cell:inst4|inst3  ; |PD|ram:inst|4x32ram:inst1|4x4ram:inst4|memory_cell:inst4|inst3  ; out              ;
; |PD|ram:inst|4x32ram:inst1|4x4ram:inst4|memory_cell:inst4|inst   ; |PD|ram:inst|4x32ram:inst1|4x4ram:inst4|memory_cell:inst4|inst   ; regout           ;
; |PD|ram:inst|4x32ram:inst1|4x4ram:inst4|memory_cell:inst2|inst3  ; |PD|ram:inst|4x32ram:inst1|4x4ram:inst4|memory_cell:inst2|inst3  ; out              ;
; |PD|ram:inst|4x32ram:inst1|4x4ram:inst4|memory_cell:inst2|inst   ; |PD|ram:inst|4x32ram:inst1|4x4ram:inst4|memory_cell:inst2|inst   ; regout           ;
; |PD|ram:inst|4x32ram:inst1|4x4ram:inst3|inst20                   ; |PD|ram:inst|4x32ram:inst1|4x4ram:inst3|inst20                   ; out              ;
; |PD|ram:inst|4x32ram:inst1|4x4ram:inst3|IN~0                     ; |PD|ram:inst|4x32ram:inst1|4x4ram:inst3|IN~0                     ; out0             ;
; |PD|ram:inst|4x32ram:inst1|4x4ram:inst3|inst21                   ; |PD|ram:inst|4x32ram:inst1|4x4ram:inst3|inst21                   ; out              ;
; |PD|ram:inst|4x32ram:inst1|4x4ram:inst3|IN~1                     ; |PD|ram:inst|4x32ram:inst1|4x4ram:inst3|IN~1                     ; out0             ;
; |PD|ram:inst|4x32ram:inst1|4x4ram:inst3|inst22                   ; |PD|ram:inst|4x32ram:inst1|4x4ram:inst3|inst22                   ; out              ;
; |PD|ram:inst|4x32ram:inst1|4x4ram:inst3|IN~2                     ; |PD|ram:inst|4x32ram:inst1|4x4ram:inst3|IN~2                     ; out0             ;
; |PD|ram:inst|4x32ram:inst1|4x4ram:inst3|inst19                   ; |PD|ram:inst|4x32ram:inst1|4x4ram:inst3|inst19                   ; out              ;
; |PD|ram:inst|4x32ram:inst1|4x4ram:inst3|IN~3                     ; |PD|ram:inst|4x32ram:inst1|4x4ram:inst3|IN~3                     ; out0             ;
; |PD|ram:inst|4x32ram:inst1|4x4ram:inst3|memory_cell:inst3|inst3  ; |PD|ram:inst|4x32ram:inst1|4x4ram:inst3|memory_cell:inst3|inst3  ; out              ;
; |PD|ram:inst|4x32ram:inst1|4x4ram:inst3|memory_cell:inst3|inst   ; |PD|ram:inst|4x32ram:inst1|4x4ram:inst3|memory_cell:inst3|inst   ; regout           ;
; |PD|ram:inst|4x32ram:inst1|4x4ram:inst3|memory_cell:inst5|inst3  ; |PD|ram:inst|4x32ram:inst1|4x4ram:inst3|memory_cell:inst5|inst3  ; out              ;
; |PD|ram:inst|4x32ram:inst1|4x4ram:inst3|memory_cell:inst5|inst   ; |PD|ram:inst|4x32ram:inst1|4x4ram:inst3|memory_cell:inst5|inst   ; regout           ;
; |PD|ram:inst|4x32ram:inst1|4x4ram:inst3|memory_cell:inst7|inst3  ; |PD|ram:inst|4x32ram:inst1|4x4ram:inst3|memory_cell:inst7|inst3  ; out              ;
; |PD|ram:inst|4x32ram:inst1|4x4ram:inst3|memory_cell:inst7|inst   ; |PD|ram:inst|4x32ram:inst1|4x4ram:inst3|memory_cell:inst7|inst   ; regout           ;
; |PD|ram:inst|4x32ram:inst1|4x4ram:inst3|memory_cell:inst1|inst3  ; |PD|ram:inst|4x32ram:inst1|4x4ram:inst3|memory_cell:inst1|inst3  ; out              ;
; |PD|ram:inst|4x32ram:inst1|4x4ram:inst3|memory_cell:inst1|inst   ; |PD|ram:inst|4x32ram:inst1|4x4ram:inst3|memory_cell:inst1|inst   ; regout           ;
; |PD|ram:inst|4x32ram:inst1|4x4ram:inst3|memory_cell:inst16|inst3 ; |PD|ram:inst|4x32ram:inst1|4x4ram:inst3|memory_cell:inst16|inst3 ; out              ;
; |PD|ram:inst|4x32ram:inst1|4x4ram:inst3|memory_cell:inst16|inst  ; |PD|ram:inst|4x32ram:inst1|4x4ram:inst3|memory_cell:inst16|inst  ; regout           ;
; |PD|ram:inst|4x32ram:inst1|4x4ram:inst3|memory_cell:inst14|inst3 ; |PD|ram:inst|4x32ram:inst1|4x4ram:inst3|memory_cell:inst14|inst3 ; out              ;
; |PD|ram:inst|4x32ram:inst1|4x4ram:inst3|memory_cell:inst14|inst  ; |PD|ram:inst|4x32ram:inst1|4x4ram:inst3|memory_cell:inst14|inst  ; regout           ;
; |PD|ram:inst|4x32ram:inst1|4x4ram:inst3|memory_cell:inst12|inst3 ; |PD|ram:inst|4x32ram:inst1|4x4ram:inst3|memory_cell:inst12|inst3 ; out              ;
; |PD|ram:inst|4x32ram:inst1|4x4ram:inst3|memory_cell:inst12|inst  ; |PD|ram:inst|4x32ram:inst1|4x4ram:inst3|memory_cell:inst12|inst  ; regout           ;
; |PD|ram:inst|4x32ram:inst1|4x4ram:inst3|memory_cell:inst10|inst3 ; |PD|ram:inst|4x32ram:inst1|4x4ram:inst3|memory_cell:inst10|inst3 ; out              ;
; |PD|ram:inst|4x32ram:inst1|4x4ram:inst3|memory_cell:inst10|inst  ; |PD|ram:inst|4x32ram:inst1|4x4ram:inst3|memory_cell:inst10|inst  ; regout           ;
; |PD|ram:inst|4x32ram:inst1|4x4ram:inst3|memory_cell:inst15|inst3 ; |PD|ram:inst|4x32ram:inst1|4x4ram:inst3|memory_cell:inst15|inst3 ; out              ;
; |PD|ram:inst|4x32ram:inst1|4x4ram:inst3|memory_cell:inst15|inst  ; |PD|ram:inst|4x32ram:inst1|4x4ram:inst3|memory_cell:inst15|inst  ; regout           ;
; |PD|ram:inst|4x32ram:inst1|4x4ram:inst3|memory_cell:inst13|inst3 ; |PD|ram:inst|4x32ram:inst1|4x4ram:inst3|memory_cell:inst13|inst3 ; out              ;
; |PD|ram:inst|4x32ram:inst1|4x4ram:inst3|memory_cell:inst13|inst  ; |PD|ram:inst|4x32ram:inst1|4x4ram:inst3|memory_cell:inst13|inst  ; regout           ;
; |PD|ram:inst|4x32ram:inst1|4x4ram:inst3|memory_cell:inst11|inst3 ; |PD|ram:inst|4x32ram:inst1|4x4ram:inst3|memory_cell:inst11|inst3 ; out              ;
; |PD|ram:inst|4x32ram:inst1|4x4ram:inst3|memory_cell:inst11|inst  ; |PD|ram:inst|4x32ram:inst1|4x4ram:inst3|memory_cell:inst11|inst  ; regout           ;
; |PD|ram:inst|4x32ram:inst1|4x4ram:inst3|memory_cell:inst9|inst3  ; |PD|ram:inst|4x32ram:inst1|4x4ram:inst3|memory_cell:inst9|inst3  ; out              ;
; |PD|ram:inst|4x32ram:inst1|4x4ram:inst3|memory_cell:inst9|inst   ; |PD|ram:inst|4x32ram:inst1|4x4ram:inst3|memory_cell:inst9|inst   ; regout           ;
; |PD|ram:inst|4x32ram:inst1|4x4ram:inst3|memory_cell:inst8|inst3  ; |PD|ram:inst|4x32ram:inst1|4x4ram:inst3|memory_cell:inst8|inst3  ; out              ;
; |PD|ram:inst|4x32ram:inst1|4x4ram:inst3|memory_cell:inst8|inst   ; |PD|ram:inst|4x32ram:inst1|4x4ram:inst3|memory_cell:inst8|inst   ; regout           ;
; |PD|ram:inst|4x32ram:inst1|4x4ram:inst3|memory_cell:inst6|inst3  ; |PD|ram:inst|4x32ram:inst1|4x4ram:inst3|memory_cell:inst6|inst3  ; out              ;
; |PD|ram:inst|4x32ram:inst1|4x4ram:inst3|memory_cell:inst6|inst   ; |PD|ram:inst|4x32ram:inst1|4x4ram:inst3|memory_cell:inst6|inst   ; regout           ;
; |PD|ram:inst|4x32ram:inst1|4x4ram:inst3|memory_cell:inst4|inst3  ; |PD|ram:inst|4x32ram:inst1|4x4ram:inst3|memory_cell:inst4|inst3  ; out              ;
; |PD|ram:inst|4x32ram:inst1|4x4ram:inst3|memory_cell:inst4|inst   ; |PD|ram:inst|4x32ram:inst1|4x4ram:inst3|memory_cell:inst4|inst   ; regout           ;
; |PD|ram:inst|4x32ram:inst1|4x4ram:inst3|memory_cell:inst2|inst3  ; |PD|ram:inst|4x32ram:inst1|4x4ram:inst3|memory_cell:inst2|inst3  ; out              ;
; |PD|ram:inst|4x32ram:inst1|4x4ram:inst3|memory_cell:inst2|inst   ; |PD|ram:inst|4x32ram:inst1|4x4ram:inst3|memory_cell:inst2|inst   ; regout           ;
; |PD|ram:inst|4x32ram:inst1|4x4ram:inst1|inst20                   ; |PD|ram:inst|4x32ram:inst1|4x4ram:inst1|inst20                   ; out              ;
; |PD|ram:inst|4x32ram:inst1|4x4ram:inst1|IN~0                     ; |PD|ram:inst|4x32ram:inst1|4x4ram:inst1|IN~0                     ; out0             ;
; |PD|ram:inst|4x32ram:inst1|4x4ram:inst1|inst21                   ; |PD|ram:inst|4x32ram:inst1|4x4ram:inst1|inst21                   ; out              ;
; |PD|ram:inst|4x32ram:inst1|4x4ram:inst1|IN~1                     ; |PD|ram:inst|4x32ram:inst1|4x4ram:inst1|IN~1                     ; out0             ;
; |PD|ram:inst|4x32ram:inst1|4x4ram:inst1|inst22                   ; |PD|ram:inst|4x32ram:inst1|4x4ram:inst1|inst22                   ; out              ;
; |PD|ram:inst|4x32ram:inst1|4x4ram:inst1|IN~2                     ; |PD|ram:inst|4x32ram:inst1|4x4ram:inst1|IN~2                     ; out0             ;
; |PD|ram:inst|4x32ram:inst1|4x4ram:inst1|inst19                   ; |PD|ram:inst|4x32ram:inst1|4x4ram:inst1|inst19                   ; out              ;
; |PD|ram:inst|4x32ram:inst1|4x4ram:inst1|IN~3                     ; |PD|ram:inst|4x32ram:inst1|4x4ram:inst1|IN~3                     ; out0             ;
; |PD|ram:inst|4x32ram:inst1|4x4ram:inst1|memory_cell:inst3|inst3  ; |PD|ram:inst|4x32ram:inst1|4x4ram:inst1|memory_cell:inst3|inst3  ; out              ;
; |PD|ram:inst|4x32ram:inst1|4x4ram:inst1|memory_cell:inst3|inst   ; |PD|ram:inst|4x32ram:inst1|4x4ram:inst1|memory_cell:inst3|inst   ; regout           ;
; |PD|ram:inst|4x32ram:inst1|4x4ram:inst1|memory_cell:inst5|inst3  ; |PD|ram:inst|4x32ram:inst1|4x4ram:inst1|memory_cell:inst5|inst3  ; out              ;
; |PD|ram:inst|4x32ram:inst1|4x4ram:inst1|memory_cell:inst5|inst   ; |PD|ram:inst|4x32ram:inst1|4x4ram:inst1|memory_cell:inst5|inst   ; regout           ;
; |PD|ram:inst|4x32ram:inst1|4x4ram:inst1|memory_cell:inst7|inst3  ; |PD|ram:inst|4x32ram:inst1|4x4ram:inst1|memory_cell:inst7|inst3  ; out              ;
; |PD|ram:inst|4x32ram:inst1|4x4ram:inst1|memory_cell:inst7|inst   ; |PD|ram:inst|4x32ram:inst1|4x4ram:inst1|memory_cell:inst7|inst   ; regout           ;
; |PD|ram:inst|4x32ram:inst1|4x4ram:inst1|memory_cell:inst1|inst3  ; |PD|ram:inst|4x32ram:inst1|4x4ram:inst1|memory_cell:inst1|inst3  ; out              ;
; |PD|ram:inst|4x32ram:inst1|4x4ram:inst1|memory_cell:inst1|inst   ; |PD|ram:inst|4x32ram:inst1|4x4ram:inst1|memory_cell:inst1|inst   ; regout           ;
; |PD|ram:inst|4x32ram:inst1|4x4ram:inst1|memory_cell:inst16|inst3 ; |PD|ram:inst|4x32ram:inst1|4x4ram:inst1|memory_cell:inst16|inst3 ; out              ;
; |PD|ram:inst|4x32ram:inst1|4x4ram:inst1|memory_cell:inst16|inst  ; |PD|ram:inst|4x32ram:inst1|4x4ram:inst1|memory_cell:inst16|inst  ; regout           ;
; |PD|ram:inst|4x32ram:inst1|4x4ram:inst1|memory_cell:inst14|inst3 ; |PD|ram:inst|4x32ram:inst1|4x4ram:inst1|memory_cell:inst14|inst3 ; out              ;
; |PD|ram:inst|4x32ram:inst1|4x4ram:inst1|memory_cell:inst14|inst  ; |PD|ram:inst|4x32ram:inst1|4x4ram:inst1|memory_cell:inst14|inst  ; regout           ;
; |PD|ram:inst|4x32ram:inst1|4x4ram:inst1|memory_cell:inst12|inst3 ; |PD|ram:inst|4x32ram:inst1|4x4ram:inst1|memory_cell:inst12|inst3 ; out              ;
; |PD|ram:inst|4x32ram:inst1|4x4ram:inst1|memory_cell:inst12|inst  ; |PD|ram:inst|4x32ram:inst1|4x4ram:inst1|memory_cell:inst12|inst  ; regout           ;
; |PD|ram:inst|4x32ram:inst1|4x4ram:inst1|memory_cell:inst10|inst3 ; |PD|ram:inst|4x32ram:inst1|4x4ram:inst1|memory_cell:inst10|inst3 ; out              ;
; |PD|ram:inst|4x32ram:inst1|4x4ram:inst1|memory_cell:inst10|inst  ; |PD|ram:inst|4x32ram:inst1|4x4ram:inst1|memory_cell:inst10|inst  ; regout           ;
; |PD|ram:inst|4x32ram:inst1|4x4ram:inst1|memory_cell:inst15|inst3 ; |PD|ram:inst|4x32ram:inst1|4x4ram:inst1|memory_cell:inst15|inst3 ; out              ;
; |PD|ram:inst|4x32ram:inst1|4x4ram:inst1|memory_cell:inst15|inst  ; |PD|ram:inst|4x32ram:inst1|4x4ram:inst1|memory_cell:inst15|inst  ; regout           ;
; |PD|ram:inst|4x32ram:inst1|4x4ram:inst1|memory_cell:inst13|inst3 ; |PD|ram:inst|4x32ram:inst1|4x4ram:inst1|memory_cell:inst13|inst3 ; out              ;
; |PD|ram:inst|4x32ram:inst1|4x4ram:inst1|memory_cell:inst13|inst  ; |PD|ram:inst|4x32ram:inst1|4x4ram:inst1|memory_cell:inst13|inst  ; regout           ;
; |PD|ram:inst|4x32ram:inst1|4x4ram:inst1|memory_cell:inst11|inst3 ; |PD|ram:inst|4x32ram:inst1|4x4ram:inst1|memory_cell:inst11|inst3 ; out              ;
; |PD|ram:inst|4x32ram:inst1|4x4ram:inst1|memory_cell:inst11|inst  ; |PD|ram:inst|4x32ram:inst1|4x4ram:inst1|memory_cell:inst11|inst  ; regout           ;
; |PD|ram:inst|4x32ram:inst1|4x4ram:inst1|memory_cell:inst9|inst3  ; |PD|ram:inst|4x32ram:inst1|4x4ram:inst1|memory_cell:inst9|inst3  ; out              ;
; |PD|ram:inst|4x32ram:inst1|4x4ram:inst1|memory_cell:inst9|inst   ; |PD|ram:inst|4x32ram:inst1|4x4ram:inst1|memory_cell:inst9|inst   ; regout           ;
; |PD|ram:inst|4x32ram:inst1|4x4ram:inst1|memory_cell:inst8|inst3  ; |PD|ram:inst|4x32ram:inst1|4x4ram:inst1|memory_cell:inst8|inst3  ; out              ;
; |PD|ram:inst|4x32ram:inst1|4x4ram:inst1|memory_cell:inst8|inst   ; |PD|ram:inst|4x32ram:inst1|4x4ram:inst1|memory_cell:inst8|inst   ; regout           ;
; |PD|ram:inst|4x32ram:inst1|4x4ram:inst1|memory_cell:inst6|inst3  ; |PD|ram:inst|4x32ram:inst1|4x4ram:inst1|memory_cell:inst6|inst3  ; out              ;
; |PD|ram:inst|4x32ram:inst1|4x4ram:inst1|memory_cell:inst6|inst   ; |PD|ram:inst|4x32ram:inst1|4x4ram:inst1|memory_cell:inst6|inst   ; regout           ;
; |PD|ram:inst|4x32ram:inst1|4x4ram:inst1|memory_cell:inst4|inst3  ; |PD|ram:inst|4x32ram:inst1|4x4ram:inst1|memory_cell:inst4|inst3  ; out              ;
; |PD|ram:inst|4x32ram:inst1|4x4ram:inst1|memory_cell:inst4|inst   ; |PD|ram:inst|4x32ram:inst1|4x4ram:inst1|memory_cell:inst4|inst   ; regout           ;
; |PD|ram:inst|4x32ram:inst1|4x4ram:inst1|memory_cell:inst2|inst3  ; |PD|ram:inst|4x32ram:inst1|4x4ram:inst1|memory_cell:inst2|inst3  ; out              ;
; |PD|ram:inst|4x32ram:inst1|4x4ram:inst1|memory_cell:inst2|inst   ; |PD|ram:inst|4x32ram:inst1|4x4ram:inst1|memory_cell:inst2|inst   ; regout           ;
; |PD|ram:inst|4x32ram:inst1|4x4ram:inst|inst20                    ; |PD|ram:inst|4x32ram:inst1|4x4ram:inst|inst20                    ; out              ;
; |PD|ram:inst|4x32ram:inst1|4x4ram:inst|IN~0                      ; |PD|ram:inst|4x32ram:inst1|4x4ram:inst|IN~0                      ; out0             ;
; |PD|ram:inst|4x32ram:inst1|4x4ram:inst|inst21                    ; |PD|ram:inst|4x32ram:inst1|4x4ram:inst|inst21                    ; out              ;
; |PD|ram:inst|4x32ram:inst1|4x4ram:inst|IN~1                      ; |PD|ram:inst|4x32ram:inst1|4x4ram:inst|IN~1                      ; out0             ;
; |PD|ram:inst|4x32ram:inst1|4x4ram:inst|inst22                    ; |PD|ram:inst|4x32ram:inst1|4x4ram:inst|inst22                    ; out              ;
; |PD|ram:inst|4x32ram:inst1|4x4ram:inst|IN~2                      ; |PD|ram:inst|4x32ram:inst1|4x4ram:inst|IN~2                      ; out0             ;
; |PD|ram:inst|4x32ram:inst1|4x4ram:inst|inst19                    ; |PD|ram:inst|4x32ram:inst1|4x4ram:inst|inst19                    ; out              ;
; |PD|ram:inst|4x32ram:inst1|4x4ram:inst|IN~3                      ; |PD|ram:inst|4x32ram:inst1|4x4ram:inst|IN~3                      ; out0             ;
; |PD|ram:inst|4x32ram:inst1|4x4ram:inst|memory_cell:inst3|inst3   ; |PD|ram:inst|4x32ram:inst1|4x4ram:inst|memory_cell:inst3|inst3   ; out              ;
; |PD|ram:inst|4x32ram:inst1|4x4ram:inst|memory_cell:inst3|inst    ; |PD|ram:inst|4x32ram:inst1|4x4ram:inst|memory_cell:inst3|inst    ; regout           ;
; |PD|ram:inst|4x32ram:inst1|4x4ram:inst|memory_cell:inst5|inst3   ; |PD|ram:inst|4x32ram:inst1|4x4ram:inst|memory_cell:inst5|inst3   ; out              ;
; |PD|ram:inst|4x32ram:inst1|4x4ram:inst|memory_cell:inst5|inst    ; |PD|ram:inst|4x32ram:inst1|4x4ram:inst|memory_cell:inst5|inst    ; regout           ;
; |PD|ram:inst|4x32ram:inst1|4x4ram:inst|memory_cell:inst7|inst3   ; |PD|ram:inst|4x32ram:inst1|4x4ram:inst|memory_cell:inst7|inst3   ; out              ;
; |PD|ram:inst|4x32ram:inst1|4x4ram:inst|memory_cell:inst7|inst    ; |PD|ram:inst|4x32ram:inst1|4x4ram:inst|memory_cell:inst7|inst    ; regout           ;
; |PD|ram:inst|4x32ram:inst1|4x4ram:inst|memory_cell:inst1|inst3   ; |PD|ram:inst|4x32ram:inst1|4x4ram:inst|memory_cell:inst1|inst3   ; out              ;
; |PD|ram:inst|4x32ram:inst1|4x4ram:inst|memory_cell:inst1|inst    ; |PD|ram:inst|4x32ram:inst1|4x4ram:inst|memory_cell:inst1|inst    ; regout           ;
; |PD|ram:inst|4x32ram:inst1|4x4ram:inst|memory_cell:inst16|inst3  ; |PD|ram:inst|4x32ram:inst1|4x4ram:inst|memory_cell:inst16|inst3  ; out              ;
; |PD|ram:inst|4x32ram:inst1|4x4ram:inst|memory_cell:inst16|inst   ; |PD|ram:inst|4x32ram:inst1|4x4ram:inst|memory_cell:inst16|inst   ; regout           ;
; |PD|ram:inst|4x32ram:inst1|4x4ram:inst|memory_cell:inst14|inst3  ; |PD|ram:inst|4x32ram:inst1|4x4ram:inst|memory_cell:inst14|inst3  ; out              ;
; |PD|ram:inst|4x32ram:inst1|4x4ram:inst|memory_cell:inst14|inst   ; |PD|ram:inst|4x32ram:inst1|4x4ram:inst|memory_cell:inst14|inst   ; regout           ;
; |PD|ram:inst|4x32ram:inst1|4x4ram:inst|memory_cell:inst12|inst3  ; |PD|ram:inst|4x32ram:inst1|4x4ram:inst|memory_cell:inst12|inst3  ; out              ;
; |PD|ram:inst|4x32ram:inst1|4x4ram:inst|memory_cell:inst12|inst   ; |PD|ram:inst|4x32ram:inst1|4x4ram:inst|memory_cell:inst12|inst   ; regout           ;
; |PD|ram:inst|4x32ram:inst1|4x4ram:inst|memory_cell:inst10|inst3  ; |PD|ram:inst|4x32ram:inst1|4x4ram:inst|memory_cell:inst10|inst3  ; out              ;
; |PD|ram:inst|4x32ram:inst1|4x4ram:inst|memory_cell:inst10|inst   ; |PD|ram:inst|4x32ram:inst1|4x4ram:inst|memory_cell:inst10|inst   ; regout           ;
; |PD|ram:inst|4x32ram:inst1|4x4ram:inst|memory_cell:inst15|inst3  ; |PD|ram:inst|4x32ram:inst1|4x4ram:inst|memory_cell:inst15|inst3  ; out              ;
; |PD|ram:inst|4x32ram:inst1|4x4ram:inst|memory_cell:inst15|inst   ; |PD|ram:inst|4x32ram:inst1|4x4ram:inst|memory_cell:inst15|inst   ; regout           ;
; |PD|ram:inst|4x32ram:inst1|4x4ram:inst|memory_cell:inst13|inst3  ; |PD|ram:inst|4x32ram:inst1|4x4ram:inst|memory_cell:inst13|inst3  ; out              ;
; |PD|ram:inst|4x32ram:inst1|4x4ram:inst|memory_cell:inst13|inst   ; |PD|ram:inst|4x32ram:inst1|4x4ram:inst|memory_cell:inst13|inst   ; regout           ;
; |PD|ram:inst|4x32ram:inst1|4x4ram:inst|memory_cell:inst11|inst3  ; |PD|ram:inst|4x32ram:inst1|4x4ram:inst|memory_cell:inst11|inst3  ; out              ;
; |PD|ram:inst|4x32ram:inst1|4x4ram:inst|memory_cell:inst11|inst   ; |PD|ram:inst|4x32ram:inst1|4x4ram:inst|memory_cell:inst11|inst   ; regout           ;
; |PD|ram:inst|4x32ram:inst1|4x4ram:inst|memory_cell:inst9|inst3   ; |PD|ram:inst|4x32ram:inst1|4x4ram:inst|memory_cell:inst9|inst3   ; out              ;
; |PD|ram:inst|4x32ram:inst1|4x4ram:inst|memory_cell:inst9|inst    ; |PD|ram:inst|4x32ram:inst1|4x4ram:inst|memory_cell:inst9|inst    ; regout           ;
; |PD|ram:inst|4x32ram:inst1|4x4ram:inst|memory_cell:inst8|inst3   ; |PD|ram:inst|4x32ram:inst1|4x4ram:inst|memory_cell:inst8|inst3   ; out              ;
; |PD|ram:inst|4x32ram:inst1|4x4ram:inst|memory_cell:inst8|inst    ; |PD|ram:inst|4x32ram:inst1|4x4ram:inst|memory_cell:inst8|inst    ; regout           ;
; |PD|ram:inst|4x32ram:inst1|4x4ram:inst|memory_cell:inst6|inst3   ; |PD|ram:inst|4x32ram:inst1|4x4ram:inst|memory_cell:inst6|inst3   ; out              ;
; |PD|ram:inst|4x32ram:inst1|4x4ram:inst|memory_cell:inst6|inst    ; |PD|ram:inst|4x32ram:inst1|4x4ram:inst|memory_cell:inst6|inst    ; regout           ;
; |PD|ram:inst|4x32ram:inst1|4x4ram:inst|memory_cell:inst4|inst3   ; |PD|ram:inst|4x32ram:inst1|4x4ram:inst|memory_cell:inst4|inst3   ; out              ;
; |PD|ram:inst|4x32ram:inst1|4x4ram:inst|memory_cell:inst4|inst    ; |PD|ram:inst|4x32ram:inst1|4x4ram:inst|memory_cell:inst4|inst    ; regout           ;
; |PD|ram:inst|4x32ram:inst1|4x4ram:inst|memory_cell:inst2|inst3   ; |PD|ram:inst|4x32ram:inst1|4x4ram:inst|memory_cell:inst2|inst3   ; out              ;
; |PD|ram:inst|4x32ram:inst1|4x4ram:inst|memory_cell:inst2|inst    ; |PD|ram:inst|4x32ram:inst1|4x4ram:inst|memory_cell:inst2|inst    ; regout           ;
; |PD|ram:inst|4x32ram:inst|4x4ram:inst8|memory_cell:inst7|inst3   ; |PD|ram:inst|4x32ram:inst|4x4ram:inst8|memory_cell:inst7|inst3   ; out              ;
; |PD|ram:inst|4x32ram:inst|4x4ram:inst8|memory_cell:inst7|inst    ; |PD|ram:inst|4x32ram:inst|4x4ram:inst8|memory_cell:inst7|inst    ; regout           ;
; |PD|ram:inst|4x32ram:inst|4x4ram:inst8|memory_cell:inst16|inst3  ; |PD|ram:inst|4x32ram:inst|4x4ram:inst8|memory_cell:inst16|inst3  ; out              ;
; |PD|ram:inst|4x32ram:inst|4x4ram:inst8|memory_cell:inst16|inst   ; |PD|ram:inst|4x32ram:inst|4x4ram:inst8|memory_cell:inst16|inst   ; regout           ;
; |PD|ram:inst|4x32ram:inst|4x4ram:inst8|memory_cell:inst12|inst3  ; |PD|ram:inst|4x32ram:inst|4x4ram:inst8|memory_cell:inst12|inst3  ; out              ;
; |PD|ram:inst|4x32ram:inst|4x4ram:inst8|memory_cell:inst12|inst   ; |PD|ram:inst|4x32ram:inst|4x4ram:inst8|memory_cell:inst12|inst   ; regout           ;
; |PD|ram:inst|4x32ram:inst|4x4ram:inst8|memory_cell:inst15|inst3  ; |PD|ram:inst|4x32ram:inst|4x4ram:inst8|memory_cell:inst15|inst3  ; out              ;
; |PD|ram:inst|4x32ram:inst|4x4ram:inst8|memory_cell:inst15|inst   ; |PD|ram:inst|4x32ram:inst|4x4ram:inst8|memory_cell:inst15|inst   ; regout           ;
; |PD|ram:inst|4x32ram:inst|4x4ram:inst8|memory_cell:inst9|inst3   ; |PD|ram:inst|4x32ram:inst|4x4ram:inst8|memory_cell:inst9|inst3   ; out              ;
; |PD|ram:inst|4x32ram:inst|4x4ram:inst8|memory_cell:inst9|inst    ; |PD|ram:inst|4x32ram:inst|4x4ram:inst8|memory_cell:inst9|inst    ; regout           ;
; |PD|ram:inst|4x32ram:inst|4x4ram:inst8|memory_cell:inst8|inst3   ; |PD|ram:inst|4x32ram:inst|4x4ram:inst8|memory_cell:inst8|inst3   ; out              ;
; |PD|ram:inst|4x32ram:inst|4x4ram:inst8|memory_cell:inst8|inst    ; |PD|ram:inst|4x32ram:inst|4x4ram:inst8|memory_cell:inst8|inst    ; regout           ;
; |PD|ram:inst|4x32ram:inst|4x4ram:inst7|inst20                    ; |PD|ram:inst|4x32ram:inst|4x4ram:inst7|inst20                    ; out              ;
; |PD|ram:inst|4x32ram:inst|4x4ram:inst7|IN~0                      ; |PD|ram:inst|4x32ram:inst|4x4ram:inst7|IN~0                      ; out0             ;
; |PD|ram:inst|4x32ram:inst|4x4ram:inst7|inst19                    ; |PD|ram:inst|4x32ram:inst|4x4ram:inst7|inst19                    ; out              ;
; |PD|ram:inst|4x32ram:inst|4x4ram:inst7|IN~3                      ; |PD|ram:inst|4x32ram:inst|4x4ram:inst7|IN~3                      ; out0             ;
; |PD|ram:inst|4x32ram:inst|4x4ram:inst7|memory_cell:inst3|inst3   ; |PD|ram:inst|4x32ram:inst|4x4ram:inst7|memory_cell:inst3|inst3   ; out              ;
; |PD|ram:inst|4x32ram:inst|4x4ram:inst7|memory_cell:inst3|inst    ; |PD|ram:inst|4x32ram:inst|4x4ram:inst7|memory_cell:inst3|inst    ; regout           ;
; |PD|ram:inst|4x32ram:inst|4x4ram:inst7|memory_cell:inst5|inst3   ; |PD|ram:inst|4x32ram:inst|4x4ram:inst7|memory_cell:inst5|inst3   ; out              ;
; |PD|ram:inst|4x32ram:inst|4x4ram:inst7|memory_cell:inst5|inst    ; |PD|ram:inst|4x32ram:inst|4x4ram:inst7|memory_cell:inst5|inst    ; regout           ;
; |PD|ram:inst|4x32ram:inst|4x4ram:inst7|memory_cell:inst7|inst3   ; |PD|ram:inst|4x32ram:inst|4x4ram:inst7|memory_cell:inst7|inst3   ; out              ;
; |PD|ram:inst|4x32ram:inst|4x4ram:inst7|memory_cell:inst7|inst    ; |PD|ram:inst|4x32ram:inst|4x4ram:inst7|memory_cell:inst7|inst    ; regout           ;
; |PD|ram:inst|4x32ram:inst|4x4ram:inst7|memory_cell:inst1|inst3   ; |PD|ram:inst|4x32ram:inst|4x4ram:inst7|memory_cell:inst1|inst3   ; out              ;
; |PD|ram:inst|4x32ram:inst|4x4ram:inst7|memory_cell:inst1|inst    ; |PD|ram:inst|4x32ram:inst|4x4ram:inst7|memory_cell:inst1|inst    ; regout           ;
; |PD|ram:inst|4x32ram:inst|4x4ram:inst7|memory_cell:inst16|inst3  ; |PD|ram:inst|4x32ram:inst|4x4ram:inst7|memory_cell:inst16|inst3  ; out              ;
; |PD|ram:inst|4x32ram:inst|4x4ram:inst7|memory_cell:inst16|inst   ; |PD|ram:inst|4x32ram:inst|4x4ram:inst7|memory_cell:inst16|inst   ; regout           ;
; |PD|ram:inst|4x32ram:inst|4x4ram:inst7|memory_cell:inst13|inst3  ; |PD|ram:inst|4x32ram:inst|4x4ram:inst7|memory_cell:inst13|inst3  ; out              ;
; |PD|ram:inst|4x32ram:inst|4x4ram:inst7|memory_cell:inst13|inst   ; |PD|ram:inst|4x32ram:inst|4x4ram:inst7|memory_cell:inst13|inst   ; regout           ;
; |PD|ram:inst|4x32ram:inst|4x4ram:inst7|memory_cell:inst11|inst3  ; |PD|ram:inst|4x32ram:inst|4x4ram:inst7|memory_cell:inst11|inst3  ; out              ;
; |PD|ram:inst|4x32ram:inst|4x4ram:inst7|memory_cell:inst11|inst   ; |PD|ram:inst|4x32ram:inst|4x4ram:inst7|memory_cell:inst11|inst   ; regout           ;
; |PD|ram:inst|4x32ram:inst|4x4ram:inst7|memory_cell:inst9|inst3   ; |PD|ram:inst|4x32ram:inst|4x4ram:inst7|memory_cell:inst9|inst3   ; out              ;
; |PD|ram:inst|4x32ram:inst|4x4ram:inst7|memory_cell:inst9|inst    ; |PD|ram:inst|4x32ram:inst|4x4ram:inst7|memory_cell:inst9|inst    ; regout           ;
; |PD|ram:inst|4x32ram:inst|4x4ram:inst7|memory_cell:inst8|inst3   ; |PD|ram:inst|4x32ram:inst|4x4ram:inst7|memory_cell:inst8|inst3   ; out              ;
; |PD|ram:inst|4x32ram:inst|4x4ram:inst7|memory_cell:inst8|inst    ; |PD|ram:inst|4x32ram:inst|4x4ram:inst7|memory_cell:inst8|inst    ; regout           ;
; |PD|ram:inst|4x32ram:inst|4x4ram:inst7|memory_cell:inst6|inst3   ; |PD|ram:inst|4x32ram:inst|4x4ram:inst7|memory_cell:inst6|inst3   ; out              ;
; |PD|ram:inst|4x32ram:inst|4x4ram:inst7|memory_cell:inst6|inst    ; |PD|ram:inst|4x32ram:inst|4x4ram:inst7|memory_cell:inst6|inst    ; regout           ;
; |PD|ram:inst|4x32ram:inst|4x4ram:inst7|memory_cell:inst4|inst3   ; |PD|ram:inst|4x32ram:inst|4x4ram:inst7|memory_cell:inst4|inst3   ; out              ;
; |PD|ram:inst|4x32ram:inst|4x4ram:inst7|memory_cell:inst4|inst    ; |PD|ram:inst|4x32ram:inst|4x4ram:inst7|memory_cell:inst4|inst    ; regout           ;
; |PD|ram:inst|4x32ram:inst|4x4ram:inst7|memory_cell:inst2|inst3   ; |PD|ram:inst|4x32ram:inst|4x4ram:inst7|memory_cell:inst2|inst3   ; out              ;
; |PD|ram:inst|4x32ram:inst|4x4ram:inst7|memory_cell:inst2|inst    ; |PD|ram:inst|4x32ram:inst|4x4ram:inst7|memory_cell:inst2|inst    ; regout           ;
; |PD|ram:inst|4x32ram:inst|4x4ram:inst6|inst20                    ; |PD|ram:inst|4x32ram:inst|4x4ram:inst6|inst20                    ; out              ;
; |PD|ram:inst|4x32ram:inst|4x4ram:inst6|IN~0                      ; |PD|ram:inst|4x32ram:inst|4x4ram:inst6|IN~0                      ; out0             ;
; |PD|ram:inst|4x32ram:inst|4x4ram:inst6|inst21                    ; |PD|ram:inst|4x32ram:inst|4x4ram:inst6|inst21                    ; out              ;
; |PD|ram:inst|4x32ram:inst|4x4ram:inst6|IN~1                      ; |PD|ram:inst|4x32ram:inst|4x4ram:inst6|IN~1                      ; out0             ;
; |PD|ram:inst|4x32ram:inst|4x4ram:inst6|inst22                    ; |PD|ram:inst|4x32ram:inst|4x4ram:inst6|inst22                    ; out              ;
; |PD|ram:inst|4x32ram:inst|4x4ram:inst6|IN~2                      ; |PD|ram:inst|4x32ram:inst|4x4ram:inst6|IN~2                      ; out0             ;
; |PD|ram:inst|4x32ram:inst|4x4ram:inst6|inst19                    ; |PD|ram:inst|4x32ram:inst|4x4ram:inst6|inst19                    ; out              ;
; |PD|ram:inst|4x32ram:inst|4x4ram:inst6|IN~3                      ; |PD|ram:inst|4x32ram:inst|4x4ram:inst6|IN~3                      ; out0             ;
; |PD|ram:inst|4x32ram:inst|4x4ram:inst6|memory_cell:inst3|inst3   ; |PD|ram:inst|4x32ram:inst|4x4ram:inst6|memory_cell:inst3|inst3   ; out              ;
; |PD|ram:inst|4x32ram:inst|4x4ram:inst6|memory_cell:inst3|inst    ; |PD|ram:inst|4x32ram:inst|4x4ram:inst6|memory_cell:inst3|inst    ; regout           ;
; |PD|ram:inst|4x32ram:inst|4x4ram:inst6|memory_cell:inst5|inst3   ; |PD|ram:inst|4x32ram:inst|4x4ram:inst6|memory_cell:inst5|inst3   ; out              ;
; |PD|ram:inst|4x32ram:inst|4x4ram:inst6|memory_cell:inst5|inst    ; |PD|ram:inst|4x32ram:inst|4x4ram:inst6|memory_cell:inst5|inst    ; regout           ;
; |PD|ram:inst|4x32ram:inst|4x4ram:inst6|memory_cell:inst7|inst3   ; |PD|ram:inst|4x32ram:inst|4x4ram:inst6|memory_cell:inst7|inst3   ; out              ;
; |PD|ram:inst|4x32ram:inst|4x4ram:inst6|memory_cell:inst7|inst    ; |PD|ram:inst|4x32ram:inst|4x4ram:inst6|memory_cell:inst7|inst    ; regout           ;
; |PD|ram:inst|4x32ram:inst|4x4ram:inst6|memory_cell:inst1|inst3   ; |PD|ram:inst|4x32ram:inst|4x4ram:inst6|memory_cell:inst1|inst3   ; out              ;
; |PD|ram:inst|4x32ram:inst|4x4ram:inst6|memory_cell:inst1|inst    ; |PD|ram:inst|4x32ram:inst|4x4ram:inst6|memory_cell:inst1|inst    ; regout           ;
; |PD|ram:inst|4x32ram:inst|4x4ram:inst6|memory_cell:inst16|inst3  ; |PD|ram:inst|4x32ram:inst|4x4ram:inst6|memory_cell:inst16|inst3  ; out              ;
; |PD|ram:inst|4x32ram:inst|4x4ram:inst6|memory_cell:inst16|inst   ; |PD|ram:inst|4x32ram:inst|4x4ram:inst6|memory_cell:inst16|inst   ; regout           ;
; |PD|ram:inst|4x32ram:inst|4x4ram:inst6|memory_cell:inst14|inst3  ; |PD|ram:inst|4x32ram:inst|4x4ram:inst6|memory_cell:inst14|inst3  ; out              ;
; |PD|ram:inst|4x32ram:inst|4x4ram:inst6|memory_cell:inst14|inst   ; |PD|ram:inst|4x32ram:inst|4x4ram:inst6|memory_cell:inst14|inst   ; regout           ;
; |PD|ram:inst|4x32ram:inst|4x4ram:inst6|memory_cell:inst12|inst3  ; |PD|ram:inst|4x32ram:inst|4x4ram:inst6|memory_cell:inst12|inst3  ; out              ;
; |PD|ram:inst|4x32ram:inst|4x4ram:inst6|memory_cell:inst12|inst   ; |PD|ram:inst|4x32ram:inst|4x4ram:inst6|memory_cell:inst12|inst   ; regout           ;
; |PD|ram:inst|4x32ram:inst|4x4ram:inst6|memory_cell:inst10|inst3  ; |PD|ram:inst|4x32ram:inst|4x4ram:inst6|memory_cell:inst10|inst3  ; out              ;
; |PD|ram:inst|4x32ram:inst|4x4ram:inst6|memory_cell:inst10|inst   ; |PD|ram:inst|4x32ram:inst|4x4ram:inst6|memory_cell:inst10|inst   ; regout           ;
; |PD|ram:inst|4x32ram:inst|4x4ram:inst6|memory_cell:inst15|inst3  ; |PD|ram:inst|4x32ram:inst|4x4ram:inst6|memory_cell:inst15|inst3  ; out              ;
; |PD|ram:inst|4x32ram:inst|4x4ram:inst6|memory_cell:inst15|inst   ; |PD|ram:inst|4x32ram:inst|4x4ram:inst6|memory_cell:inst15|inst   ; regout           ;
; |PD|ram:inst|4x32ram:inst|4x4ram:inst6|memory_cell:inst13|inst3  ; |PD|ram:inst|4x32ram:inst|4x4ram:inst6|memory_cell:inst13|inst3  ; out              ;
; |PD|ram:inst|4x32ram:inst|4x4ram:inst6|memory_cell:inst13|inst   ; |PD|ram:inst|4x32ram:inst|4x4ram:inst6|memory_cell:inst13|inst   ; regout           ;
; |PD|ram:inst|4x32ram:inst|4x4ram:inst6|memory_cell:inst11|inst3  ; |PD|ram:inst|4x32ram:inst|4x4ram:inst6|memory_cell:inst11|inst3  ; out              ;
; |PD|ram:inst|4x32ram:inst|4x4ram:inst6|memory_cell:inst11|inst   ; |PD|ram:inst|4x32ram:inst|4x4ram:inst6|memory_cell:inst11|inst   ; regout           ;
; |PD|ram:inst|4x32ram:inst|4x4ram:inst6|memory_cell:inst9|inst3   ; |PD|ram:inst|4x32ram:inst|4x4ram:inst6|memory_cell:inst9|inst3   ; out              ;
; |PD|ram:inst|4x32ram:inst|4x4ram:inst6|memory_cell:inst9|inst    ; |PD|ram:inst|4x32ram:inst|4x4ram:inst6|memory_cell:inst9|inst    ; regout           ;
; |PD|ram:inst|4x32ram:inst|4x4ram:inst6|memory_cell:inst8|inst3   ; |PD|ram:inst|4x32ram:inst|4x4ram:inst6|memory_cell:inst8|inst3   ; out              ;
; |PD|ram:inst|4x32ram:inst|4x4ram:inst6|memory_cell:inst8|inst    ; |PD|ram:inst|4x32ram:inst|4x4ram:inst6|memory_cell:inst8|inst    ; regout           ;
; |PD|ram:inst|4x32ram:inst|4x4ram:inst6|memory_cell:inst6|inst3   ; |PD|ram:inst|4x32ram:inst|4x4ram:inst6|memory_cell:inst6|inst3   ; out              ;
; |PD|ram:inst|4x32ram:inst|4x4ram:inst6|memory_cell:inst6|inst    ; |PD|ram:inst|4x32ram:inst|4x4ram:inst6|memory_cell:inst6|inst    ; regout           ;
; |PD|ram:inst|4x32ram:inst|4x4ram:inst6|memory_cell:inst4|inst3   ; |PD|ram:inst|4x32ram:inst|4x4ram:inst6|memory_cell:inst4|inst3   ; out              ;
; |PD|ram:inst|4x32ram:inst|4x4ram:inst6|memory_cell:inst4|inst    ; |PD|ram:inst|4x32ram:inst|4x4ram:inst6|memory_cell:inst4|inst    ; regout           ;
; |PD|ram:inst|4x32ram:inst|4x4ram:inst6|memory_cell:inst2|inst3   ; |PD|ram:inst|4x32ram:inst|4x4ram:inst6|memory_cell:inst2|inst3   ; out              ;
; |PD|ram:inst|4x32ram:inst|4x4ram:inst6|memory_cell:inst2|inst    ; |PD|ram:inst|4x32ram:inst|4x4ram:inst6|memory_cell:inst2|inst    ; regout           ;
; |PD|ram:inst|4x32ram:inst|4x4ram:inst5|inst20                    ; |PD|ram:inst|4x32ram:inst|4x4ram:inst5|inst20                    ; out              ;
; |PD|ram:inst|4x32ram:inst|4x4ram:inst5|IN~0                      ; |PD|ram:inst|4x32ram:inst|4x4ram:inst5|IN~0                      ; out0             ;
; |PD|ram:inst|4x32ram:inst|4x4ram:inst5|inst21                    ; |PD|ram:inst|4x32ram:inst|4x4ram:inst5|inst21                    ; out              ;
; |PD|ram:inst|4x32ram:inst|4x4ram:inst5|IN~1                      ; |PD|ram:inst|4x32ram:inst|4x4ram:inst5|IN~1                      ; out0             ;
; |PD|ram:inst|4x32ram:inst|4x4ram:inst5|inst22                    ; |PD|ram:inst|4x32ram:inst|4x4ram:inst5|inst22                    ; out              ;
; |PD|ram:inst|4x32ram:inst|4x4ram:inst5|IN~2                      ; |PD|ram:inst|4x32ram:inst|4x4ram:inst5|IN~2                      ; out0             ;
; |PD|ram:inst|4x32ram:inst|4x4ram:inst5|inst19                    ; |PD|ram:inst|4x32ram:inst|4x4ram:inst5|inst19                    ; out              ;
; |PD|ram:inst|4x32ram:inst|4x4ram:inst5|IN~3                      ; |PD|ram:inst|4x32ram:inst|4x4ram:inst5|IN~3                      ; out0             ;
; |PD|ram:inst|4x32ram:inst|4x4ram:inst5|memory_cell:inst3|inst3   ; |PD|ram:inst|4x32ram:inst|4x4ram:inst5|memory_cell:inst3|inst3   ; out              ;
; |PD|ram:inst|4x32ram:inst|4x4ram:inst5|memory_cell:inst3|inst    ; |PD|ram:inst|4x32ram:inst|4x4ram:inst5|memory_cell:inst3|inst    ; regout           ;
; |PD|ram:inst|4x32ram:inst|4x4ram:inst5|memory_cell:inst5|inst3   ; |PD|ram:inst|4x32ram:inst|4x4ram:inst5|memory_cell:inst5|inst3   ; out              ;
; |PD|ram:inst|4x32ram:inst|4x4ram:inst5|memory_cell:inst5|inst    ; |PD|ram:inst|4x32ram:inst|4x4ram:inst5|memory_cell:inst5|inst    ; regout           ;
; |PD|ram:inst|4x32ram:inst|4x4ram:inst5|memory_cell:inst7|inst3   ; |PD|ram:inst|4x32ram:inst|4x4ram:inst5|memory_cell:inst7|inst3   ; out              ;
; |PD|ram:inst|4x32ram:inst|4x4ram:inst5|memory_cell:inst7|inst    ; |PD|ram:inst|4x32ram:inst|4x4ram:inst5|memory_cell:inst7|inst    ; regout           ;
; |PD|ram:inst|4x32ram:inst|4x4ram:inst5|memory_cell:inst1|inst3   ; |PD|ram:inst|4x32ram:inst|4x4ram:inst5|memory_cell:inst1|inst3   ; out              ;
; |PD|ram:inst|4x32ram:inst|4x4ram:inst5|memory_cell:inst1|inst    ; |PD|ram:inst|4x32ram:inst|4x4ram:inst5|memory_cell:inst1|inst    ; regout           ;
; |PD|ram:inst|4x32ram:inst|4x4ram:inst5|memory_cell:inst16|inst3  ; |PD|ram:inst|4x32ram:inst|4x4ram:inst5|memory_cell:inst16|inst3  ; out              ;
; |PD|ram:inst|4x32ram:inst|4x4ram:inst5|memory_cell:inst16|inst   ; |PD|ram:inst|4x32ram:inst|4x4ram:inst5|memory_cell:inst16|inst   ; regout           ;
; |PD|ram:inst|4x32ram:inst|4x4ram:inst5|memory_cell:inst14|inst3  ; |PD|ram:inst|4x32ram:inst|4x4ram:inst5|memory_cell:inst14|inst3  ; out              ;
; |PD|ram:inst|4x32ram:inst|4x4ram:inst5|memory_cell:inst14|inst   ; |PD|ram:inst|4x32ram:inst|4x4ram:inst5|memory_cell:inst14|inst   ; regout           ;
; |PD|ram:inst|4x32ram:inst|4x4ram:inst5|memory_cell:inst12|inst3  ; |PD|ram:inst|4x32ram:inst|4x4ram:inst5|memory_cell:inst12|inst3  ; out              ;
; |PD|ram:inst|4x32ram:inst|4x4ram:inst5|memory_cell:inst12|inst   ; |PD|ram:inst|4x32ram:inst|4x4ram:inst5|memory_cell:inst12|inst   ; regout           ;
; |PD|ram:inst|4x32ram:inst|4x4ram:inst5|memory_cell:inst10|inst3  ; |PD|ram:inst|4x32ram:inst|4x4ram:inst5|memory_cell:inst10|inst3  ; out              ;
; |PD|ram:inst|4x32ram:inst|4x4ram:inst5|memory_cell:inst10|inst   ; |PD|ram:inst|4x32ram:inst|4x4ram:inst5|memory_cell:inst10|inst   ; regout           ;
; |PD|ram:inst|4x32ram:inst|4x4ram:inst5|memory_cell:inst15|inst3  ; |PD|ram:inst|4x32ram:inst|4x4ram:inst5|memory_cell:inst15|inst3  ; out              ;
; |PD|ram:inst|4x32ram:inst|4x4ram:inst5|memory_cell:inst15|inst   ; |PD|ram:inst|4x32ram:inst|4x4ram:inst5|memory_cell:inst15|inst   ; regout           ;
; |PD|ram:inst|4x32ram:inst|4x4ram:inst5|memory_cell:inst13|inst3  ; |PD|ram:inst|4x32ram:inst|4x4ram:inst5|memory_cell:inst13|inst3  ; out              ;
; |PD|ram:inst|4x32ram:inst|4x4ram:inst5|memory_cell:inst13|inst   ; |PD|ram:inst|4x32ram:inst|4x4ram:inst5|memory_cell:inst13|inst   ; regout           ;
; |PD|ram:inst|4x32ram:inst|4x4ram:inst5|memory_cell:inst11|inst3  ; |PD|ram:inst|4x32ram:inst|4x4ram:inst5|memory_cell:inst11|inst3  ; out              ;
; |PD|ram:inst|4x32ram:inst|4x4ram:inst5|memory_cell:inst11|inst   ; |PD|ram:inst|4x32ram:inst|4x4ram:inst5|memory_cell:inst11|inst   ; regout           ;
; |PD|ram:inst|4x32ram:inst|4x4ram:inst5|memory_cell:inst9|inst3   ; |PD|ram:inst|4x32ram:inst|4x4ram:inst5|memory_cell:inst9|inst3   ; out              ;
; |PD|ram:inst|4x32ram:inst|4x4ram:inst5|memory_cell:inst9|inst    ; |PD|ram:inst|4x32ram:inst|4x4ram:inst5|memory_cell:inst9|inst    ; regout           ;
; |PD|ram:inst|4x32ram:inst|4x4ram:inst5|memory_cell:inst8|inst3   ; |PD|ram:inst|4x32ram:inst|4x4ram:inst5|memory_cell:inst8|inst3   ; out              ;
; |PD|ram:inst|4x32ram:inst|4x4ram:inst5|memory_cell:inst8|inst    ; |PD|ram:inst|4x32ram:inst|4x4ram:inst5|memory_cell:inst8|inst    ; regout           ;
; |PD|ram:inst|4x32ram:inst|4x4ram:inst5|memory_cell:inst6|inst3   ; |PD|ram:inst|4x32ram:inst|4x4ram:inst5|memory_cell:inst6|inst3   ; out              ;
; |PD|ram:inst|4x32ram:inst|4x4ram:inst5|memory_cell:inst6|inst    ; |PD|ram:inst|4x32ram:inst|4x4ram:inst5|memory_cell:inst6|inst    ; regout           ;
; |PD|ram:inst|4x32ram:inst|4x4ram:inst5|memory_cell:inst4|inst3   ; |PD|ram:inst|4x32ram:inst|4x4ram:inst5|memory_cell:inst4|inst3   ; out              ;
; |PD|ram:inst|4x32ram:inst|4x4ram:inst5|memory_cell:inst4|inst    ; |PD|ram:inst|4x32ram:inst|4x4ram:inst5|memory_cell:inst4|inst    ; regout           ;
; |PD|ram:inst|4x32ram:inst|4x4ram:inst5|memory_cell:inst2|inst3   ; |PD|ram:inst|4x32ram:inst|4x4ram:inst5|memory_cell:inst2|inst3   ; out              ;
; |PD|ram:inst|4x32ram:inst|4x4ram:inst5|memory_cell:inst2|inst    ; |PD|ram:inst|4x32ram:inst|4x4ram:inst5|memory_cell:inst2|inst    ; regout           ;
; |PD|ram:inst|4x32ram:inst|4x4ram:inst4|inst20                    ; |PD|ram:inst|4x32ram:inst|4x4ram:inst4|inst20                    ; out              ;
; |PD|ram:inst|4x32ram:inst|4x4ram:inst4|IN~0                      ; |PD|ram:inst|4x32ram:inst|4x4ram:inst4|IN~0                      ; out0             ;
; |PD|ram:inst|4x32ram:inst|4x4ram:inst4|inst21                    ; |PD|ram:inst|4x32ram:inst|4x4ram:inst4|inst21                    ; out              ;
; |PD|ram:inst|4x32ram:inst|4x4ram:inst4|IN~1                      ; |PD|ram:inst|4x32ram:inst|4x4ram:inst4|IN~1                      ; out0             ;
; |PD|ram:inst|4x32ram:inst|4x4ram:inst4|inst22                    ; |PD|ram:inst|4x32ram:inst|4x4ram:inst4|inst22                    ; out              ;
; |PD|ram:inst|4x32ram:inst|4x4ram:inst4|IN~2                      ; |PD|ram:inst|4x32ram:inst|4x4ram:inst4|IN~2                      ; out0             ;
; |PD|ram:inst|4x32ram:inst|4x4ram:inst4|inst19                    ; |PD|ram:inst|4x32ram:inst|4x4ram:inst4|inst19                    ; out              ;
; |PD|ram:inst|4x32ram:inst|4x4ram:inst4|IN~3                      ; |PD|ram:inst|4x32ram:inst|4x4ram:inst4|IN~3                      ; out0             ;
; |PD|ram:inst|4x32ram:inst|4x4ram:inst4|memory_cell:inst3|inst3   ; |PD|ram:inst|4x32ram:inst|4x4ram:inst4|memory_cell:inst3|inst3   ; out              ;
; |PD|ram:inst|4x32ram:inst|4x4ram:inst4|memory_cell:inst3|inst    ; |PD|ram:inst|4x32ram:inst|4x4ram:inst4|memory_cell:inst3|inst    ; regout           ;
; |PD|ram:inst|4x32ram:inst|4x4ram:inst4|memory_cell:inst5|inst3   ; |PD|ram:inst|4x32ram:inst|4x4ram:inst4|memory_cell:inst5|inst3   ; out              ;
; |PD|ram:inst|4x32ram:inst|4x4ram:inst4|memory_cell:inst5|inst    ; |PD|ram:inst|4x32ram:inst|4x4ram:inst4|memory_cell:inst5|inst    ; regout           ;
; |PD|ram:inst|4x32ram:inst|4x4ram:inst4|memory_cell:inst7|inst3   ; |PD|ram:inst|4x32ram:inst|4x4ram:inst4|memory_cell:inst7|inst3   ; out              ;
; |PD|ram:inst|4x32ram:inst|4x4ram:inst4|memory_cell:inst7|inst    ; |PD|ram:inst|4x32ram:inst|4x4ram:inst4|memory_cell:inst7|inst    ; regout           ;
; |PD|ram:inst|4x32ram:inst|4x4ram:inst4|memory_cell:inst1|inst3   ; |PD|ram:inst|4x32ram:inst|4x4ram:inst4|memory_cell:inst1|inst3   ; out              ;
; |PD|ram:inst|4x32ram:inst|4x4ram:inst4|memory_cell:inst1|inst    ; |PD|ram:inst|4x32ram:inst|4x4ram:inst4|memory_cell:inst1|inst    ; regout           ;
; |PD|ram:inst|4x32ram:inst|4x4ram:inst4|memory_cell:inst16|inst3  ; |PD|ram:inst|4x32ram:inst|4x4ram:inst4|memory_cell:inst16|inst3  ; out              ;
; |PD|ram:inst|4x32ram:inst|4x4ram:inst4|memory_cell:inst16|inst   ; |PD|ram:inst|4x32ram:inst|4x4ram:inst4|memory_cell:inst16|inst   ; regout           ;
; |PD|ram:inst|4x32ram:inst|4x4ram:inst4|memory_cell:inst14|inst3  ; |PD|ram:inst|4x32ram:inst|4x4ram:inst4|memory_cell:inst14|inst3  ; out              ;
; |PD|ram:inst|4x32ram:inst|4x4ram:inst4|memory_cell:inst14|inst   ; |PD|ram:inst|4x32ram:inst|4x4ram:inst4|memory_cell:inst14|inst   ; regout           ;
; |PD|ram:inst|4x32ram:inst|4x4ram:inst4|memory_cell:inst12|inst3  ; |PD|ram:inst|4x32ram:inst|4x4ram:inst4|memory_cell:inst12|inst3  ; out              ;
; |PD|ram:inst|4x32ram:inst|4x4ram:inst4|memory_cell:inst12|inst   ; |PD|ram:inst|4x32ram:inst|4x4ram:inst4|memory_cell:inst12|inst   ; regout           ;
; |PD|ram:inst|4x32ram:inst|4x4ram:inst4|memory_cell:inst10|inst3  ; |PD|ram:inst|4x32ram:inst|4x4ram:inst4|memory_cell:inst10|inst3  ; out              ;
; |PD|ram:inst|4x32ram:inst|4x4ram:inst4|memory_cell:inst10|inst   ; |PD|ram:inst|4x32ram:inst|4x4ram:inst4|memory_cell:inst10|inst   ; regout           ;
; |PD|ram:inst|4x32ram:inst|4x4ram:inst4|memory_cell:inst15|inst3  ; |PD|ram:inst|4x32ram:inst|4x4ram:inst4|memory_cell:inst15|inst3  ; out              ;
; |PD|ram:inst|4x32ram:inst|4x4ram:inst4|memory_cell:inst15|inst   ; |PD|ram:inst|4x32ram:inst|4x4ram:inst4|memory_cell:inst15|inst   ; regout           ;
; |PD|ram:inst|4x32ram:inst|4x4ram:inst4|memory_cell:inst13|inst3  ; |PD|ram:inst|4x32ram:inst|4x4ram:inst4|memory_cell:inst13|inst3  ; out              ;
; |PD|ram:inst|4x32ram:inst|4x4ram:inst4|memory_cell:inst13|inst   ; |PD|ram:inst|4x32ram:inst|4x4ram:inst4|memory_cell:inst13|inst   ; regout           ;
; |PD|ram:inst|4x32ram:inst|4x4ram:inst4|memory_cell:inst11|inst3  ; |PD|ram:inst|4x32ram:inst|4x4ram:inst4|memory_cell:inst11|inst3  ; out              ;
; |PD|ram:inst|4x32ram:inst|4x4ram:inst4|memory_cell:inst11|inst   ; |PD|ram:inst|4x32ram:inst|4x4ram:inst4|memory_cell:inst11|inst   ; regout           ;
; |PD|ram:inst|4x32ram:inst|4x4ram:inst4|memory_cell:inst9|inst3   ; |PD|ram:inst|4x32ram:inst|4x4ram:inst4|memory_cell:inst9|inst3   ; out              ;
; |PD|ram:inst|4x32ram:inst|4x4ram:inst4|memory_cell:inst9|inst    ; |PD|ram:inst|4x32ram:inst|4x4ram:inst4|memory_cell:inst9|inst    ; regout           ;
; |PD|ram:inst|4x32ram:inst|4x4ram:inst4|memory_cell:inst8|inst3   ; |PD|ram:inst|4x32ram:inst|4x4ram:inst4|memory_cell:inst8|inst3   ; out              ;
; |PD|ram:inst|4x32ram:inst|4x4ram:inst4|memory_cell:inst8|inst    ; |PD|ram:inst|4x32ram:inst|4x4ram:inst4|memory_cell:inst8|inst    ; regout           ;
; |PD|ram:inst|4x32ram:inst|4x4ram:inst4|memory_cell:inst6|inst3   ; |PD|ram:inst|4x32ram:inst|4x4ram:inst4|memory_cell:inst6|inst3   ; out              ;
; |PD|ram:inst|4x32ram:inst|4x4ram:inst4|memory_cell:inst6|inst    ; |PD|ram:inst|4x32ram:inst|4x4ram:inst4|memory_cell:inst6|inst    ; regout           ;
; |PD|ram:inst|4x32ram:inst|4x4ram:inst4|memory_cell:inst4|inst3   ; |PD|ram:inst|4x32ram:inst|4x4ram:inst4|memory_cell:inst4|inst3   ; out              ;
; |PD|ram:inst|4x32ram:inst|4x4ram:inst4|memory_cell:inst4|inst    ; |PD|ram:inst|4x32ram:inst|4x4ram:inst4|memory_cell:inst4|inst    ; regout           ;
; |PD|ram:inst|4x32ram:inst|4x4ram:inst4|memory_cell:inst2|inst3   ; |PD|ram:inst|4x32ram:inst|4x4ram:inst4|memory_cell:inst2|inst3   ; out              ;
; |PD|ram:inst|4x32ram:inst|4x4ram:inst4|memory_cell:inst2|inst    ; |PD|ram:inst|4x32ram:inst|4x4ram:inst4|memory_cell:inst2|inst    ; regout           ;
; |PD|ram:inst|4x32ram:inst|4x4ram:inst3|inst20                    ; |PD|ram:inst|4x32ram:inst|4x4ram:inst3|inst20                    ; out              ;
; |PD|ram:inst|4x32ram:inst|4x4ram:inst3|IN~0                      ; |PD|ram:inst|4x32ram:inst|4x4ram:inst3|IN~0                      ; out0             ;
; |PD|ram:inst|4x32ram:inst|4x4ram:inst3|inst21                    ; |PD|ram:inst|4x32ram:inst|4x4ram:inst3|inst21                    ; out              ;
; |PD|ram:inst|4x32ram:inst|4x4ram:inst3|IN~1                      ; |PD|ram:inst|4x32ram:inst|4x4ram:inst3|IN~1                      ; out0             ;
; |PD|ram:inst|4x32ram:inst|4x4ram:inst3|inst22                    ; |PD|ram:inst|4x32ram:inst|4x4ram:inst3|inst22                    ; out              ;
; |PD|ram:inst|4x32ram:inst|4x4ram:inst3|IN~2                      ; |PD|ram:inst|4x32ram:inst|4x4ram:inst3|IN~2                      ; out0             ;
; |PD|ram:inst|4x32ram:inst|4x4ram:inst3|inst19                    ; |PD|ram:inst|4x32ram:inst|4x4ram:inst3|inst19                    ; out              ;
; |PD|ram:inst|4x32ram:inst|4x4ram:inst3|IN~3                      ; |PD|ram:inst|4x32ram:inst|4x4ram:inst3|IN~3                      ; out0             ;
; |PD|ram:inst|4x32ram:inst|4x4ram:inst3|memory_cell:inst3|inst3   ; |PD|ram:inst|4x32ram:inst|4x4ram:inst3|memory_cell:inst3|inst3   ; out              ;
; |PD|ram:inst|4x32ram:inst|4x4ram:inst3|memory_cell:inst3|inst    ; |PD|ram:inst|4x32ram:inst|4x4ram:inst3|memory_cell:inst3|inst    ; regout           ;
; |PD|ram:inst|4x32ram:inst|4x4ram:inst3|memory_cell:inst5|inst3   ; |PD|ram:inst|4x32ram:inst|4x4ram:inst3|memory_cell:inst5|inst3   ; out              ;
; |PD|ram:inst|4x32ram:inst|4x4ram:inst3|memory_cell:inst5|inst    ; |PD|ram:inst|4x32ram:inst|4x4ram:inst3|memory_cell:inst5|inst    ; regout           ;
; |PD|ram:inst|4x32ram:inst|4x4ram:inst3|memory_cell:inst7|inst3   ; |PD|ram:inst|4x32ram:inst|4x4ram:inst3|memory_cell:inst7|inst3   ; out              ;
; |PD|ram:inst|4x32ram:inst|4x4ram:inst3|memory_cell:inst7|inst    ; |PD|ram:inst|4x32ram:inst|4x4ram:inst3|memory_cell:inst7|inst    ; regout           ;
; |PD|ram:inst|4x32ram:inst|4x4ram:inst3|memory_cell:inst1|inst3   ; |PD|ram:inst|4x32ram:inst|4x4ram:inst3|memory_cell:inst1|inst3   ; out              ;
; |PD|ram:inst|4x32ram:inst|4x4ram:inst3|memory_cell:inst1|inst    ; |PD|ram:inst|4x32ram:inst|4x4ram:inst3|memory_cell:inst1|inst    ; regout           ;
; |PD|ram:inst|4x32ram:inst|4x4ram:inst3|memory_cell:inst16|inst3  ; |PD|ram:inst|4x32ram:inst|4x4ram:inst3|memory_cell:inst16|inst3  ; out              ;
; |PD|ram:inst|4x32ram:inst|4x4ram:inst3|memory_cell:inst16|inst   ; |PD|ram:inst|4x32ram:inst|4x4ram:inst3|memory_cell:inst16|inst   ; regout           ;
; |PD|ram:inst|4x32ram:inst|4x4ram:inst3|memory_cell:inst14|inst3  ; |PD|ram:inst|4x32ram:inst|4x4ram:inst3|memory_cell:inst14|inst3  ; out              ;
; |PD|ram:inst|4x32ram:inst|4x4ram:inst3|memory_cell:inst14|inst   ; |PD|ram:inst|4x32ram:inst|4x4ram:inst3|memory_cell:inst14|inst   ; regout           ;
; |PD|ram:inst|4x32ram:inst|4x4ram:inst3|memory_cell:inst12|inst3  ; |PD|ram:inst|4x32ram:inst|4x4ram:inst3|memory_cell:inst12|inst3  ; out              ;
; |PD|ram:inst|4x32ram:inst|4x4ram:inst3|memory_cell:inst12|inst   ; |PD|ram:inst|4x32ram:inst|4x4ram:inst3|memory_cell:inst12|inst   ; regout           ;
; |PD|ram:inst|4x32ram:inst|4x4ram:inst3|memory_cell:inst10|inst3  ; |PD|ram:inst|4x32ram:inst|4x4ram:inst3|memory_cell:inst10|inst3  ; out              ;
; |PD|ram:inst|4x32ram:inst|4x4ram:inst3|memory_cell:inst10|inst   ; |PD|ram:inst|4x32ram:inst|4x4ram:inst3|memory_cell:inst10|inst   ; regout           ;
; |PD|ram:inst|4x32ram:inst|4x4ram:inst3|memory_cell:inst15|inst3  ; |PD|ram:inst|4x32ram:inst|4x4ram:inst3|memory_cell:inst15|inst3  ; out              ;
; |PD|ram:inst|4x32ram:inst|4x4ram:inst3|memory_cell:inst15|inst   ; |PD|ram:inst|4x32ram:inst|4x4ram:inst3|memory_cell:inst15|inst   ; regout           ;
; |PD|ram:inst|4x32ram:inst|4x4ram:inst3|memory_cell:inst13|inst3  ; |PD|ram:inst|4x32ram:inst|4x4ram:inst3|memory_cell:inst13|inst3  ; out              ;
; |PD|ram:inst|4x32ram:inst|4x4ram:inst3|memory_cell:inst13|inst   ; |PD|ram:inst|4x32ram:inst|4x4ram:inst3|memory_cell:inst13|inst   ; regout           ;
; |PD|ram:inst|4x32ram:inst|4x4ram:inst3|memory_cell:inst11|inst3  ; |PD|ram:inst|4x32ram:inst|4x4ram:inst3|memory_cell:inst11|inst3  ; out              ;
; |PD|ram:inst|4x32ram:inst|4x4ram:inst3|memory_cell:inst11|inst   ; |PD|ram:inst|4x32ram:inst|4x4ram:inst3|memory_cell:inst11|inst   ; regout           ;
; |PD|ram:inst|4x32ram:inst|4x4ram:inst3|memory_cell:inst9|inst3   ; |PD|ram:inst|4x32ram:inst|4x4ram:inst3|memory_cell:inst9|inst3   ; out              ;
; |PD|ram:inst|4x32ram:inst|4x4ram:inst3|memory_cell:inst9|inst    ; |PD|ram:inst|4x32ram:inst|4x4ram:inst3|memory_cell:inst9|inst    ; regout           ;
; |PD|ram:inst|4x32ram:inst|4x4ram:inst3|memory_cell:inst8|inst3   ; |PD|ram:inst|4x32ram:inst|4x4ram:inst3|memory_cell:inst8|inst3   ; out              ;
; |PD|ram:inst|4x32ram:inst|4x4ram:inst3|memory_cell:inst8|inst    ; |PD|ram:inst|4x32ram:inst|4x4ram:inst3|memory_cell:inst8|inst    ; regout           ;
; |PD|ram:inst|4x32ram:inst|4x4ram:inst3|memory_cell:inst6|inst3   ; |PD|ram:inst|4x32ram:inst|4x4ram:inst3|memory_cell:inst6|inst3   ; out              ;
; |PD|ram:inst|4x32ram:inst|4x4ram:inst3|memory_cell:inst6|inst    ; |PD|ram:inst|4x32ram:inst|4x4ram:inst3|memory_cell:inst6|inst    ; regout           ;
; |PD|ram:inst|4x32ram:inst|4x4ram:inst3|memory_cell:inst4|inst3   ; |PD|ram:inst|4x32ram:inst|4x4ram:inst3|memory_cell:inst4|inst3   ; out              ;
; |PD|ram:inst|4x32ram:inst|4x4ram:inst3|memory_cell:inst4|inst    ; |PD|ram:inst|4x32ram:inst|4x4ram:inst3|memory_cell:inst4|inst    ; regout           ;
; |PD|ram:inst|4x32ram:inst|4x4ram:inst3|memory_cell:inst2|inst3   ; |PD|ram:inst|4x32ram:inst|4x4ram:inst3|memory_cell:inst2|inst3   ; out              ;
; |PD|ram:inst|4x32ram:inst|4x4ram:inst3|memory_cell:inst2|inst    ; |PD|ram:inst|4x32ram:inst|4x4ram:inst3|memory_cell:inst2|inst    ; regout           ;
; |PD|ram:inst|4x32ram:inst|4x4ram:inst1|inst20                    ; |PD|ram:inst|4x32ram:inst|4x4ram:inst1|inst20                    ; out              ;
; |PD|ram:inst|4x32ram:inst|4x4ram:inst1|IN~0                      ; |PD|ram:inst|4x32ram:inst|4x4ram:inst1|IN~0                      ; out0             ;
; |PD|ram:inst|4x32ram:inst|4x4ram:inst1|inst21                    ; |PD|ram:inst|4x32ram:inst|4x4ram:inst1|inst21                    ; out              ;
; |PD|ram:inst|4x32ram:inst|4x4ram:inst1|IN~1                      ; |PD|ram:inst|4x32ram:inst|4x4ram:inst1|IN~1                      ; out0             ;
; |PD|ram:inst|4x32ram:inst|4x4ram:inst1|inst22                    ; |PD|ram:inst|4x32ram:inst|4x4ram:inst1|inst22                    ; out              ;
; |PD|ram:inst|4x32ram:inst|4x4ram:inst1|IN~2                      ; |PD|ram:inst|4x32ram:inst|4x4ram:inst1|IN~2                      ; out0             ;
; |PD|ram:inst|4x32ram:inst|4x4ram:inst1|inst19                    ; |PD|ram:inst|4x32ram:inst|4x4ram:inst1|inst19                    ; out              ;
; |PD|ram:inst|4x32ram:inst|4x4ram:inst1|IN~3                      ; |PD|ram:inst|4x32ram:inst|4x4ram:inst1|IN~3                      ; out0             ;
; |PD|ram:inst|4x32ram:inst|4x4ram:inst1|memory_cell:inst3|inst3   ; |PD|ram:inst|4x32ram:inst|4x4ram:inst1|memory_cell:inst3|inst3   ; out              ;
; |PD|ram:inst|4x32ram:inst|4x4ram:inst1|memory_cell:inst3|inst    ; |PD|ram:inst|4x32ram:inst|4x4ram:inst1|memory_cell:inst3|inst    ; regout           ;
; |PD|ram:inst|4x32ram:inst|4x4ram:inst1|memory_cell:inst5|inst3   ; |PD|ram:inst|4x32ram:inst|4x4ram:inst1|memory_cell:inst5|inst3   ; out              ;
; |PD|ram:inst|4x32ram:inst|4x4ram:inst1|memory_cell:inst5|inst    ; |PD|ram:inst|4x32ram:inst|4x4ram:inst1|memory_cell:inst5|inst    ; regout           ;
; |PD|ram:inst|4x32ram:inst|4x4ram:inst1|memory_cell:inst7|inst3   ; |PD|ram:inst|4x32ram:inst|4x4ram:inst1|memory_cell:inst7|inst3   ; out              ;
; |PD|ram:inst|4x32ram:inst|4x4ram:inst1|memory_cell:inst7|inst    ; |PD|ram:inst|4x32ram:inst|4x4ram:inst1|memory_cell:inst7|inst    ; regout           ;
; |PD|ram:inst|4x32ram:inst|4x4ram:inst1|memory_cell:inst1|inst3   ; |PD|ram:inst|4x32ram:inst|4x4ram:inst1|memory_cell:inst1|inst3   ; out              ;
; |PD|ram:inst|4x32ram:inst|4x4ram:inst1|memory_cell:inst1|inst    ; |PD|ram:inst|4x32ram:inst|4x4ram:inst1|memory_cell:inst1|inst    ; regout           ;
; |PD|ram:inst|4x32ram:inst|4x4ram:inst1|memory_cell:inst16|inst3  ; |PD|ram:inst|4x32ram:inst|4x4ram:inst1|memory_cell:inst16|inst3  ; out              ;
; |PD|ram:inst|4x32ram:inst|4x4ram:inst1|memory_cell:inst16|inst   ; |PD|ram:inst|4x32ram:inst|4x4ram:inst1|memory_cell:inst16|inst   ; regout           ;
; |PD|ram:inst|4x32ram:inst|4x4ram:inst1|memory_cell:inst14|inst3  ; |PD|ram:inst|4x32ram:inst|4x4ram:inst1|memory_cell:inst14|inst3  ; out              ;
; |PD|ram:inst|4x32ram:inst|4x4ram:inst1|memory_cell:inst14|inst   ; |PD|ram:inst|4x32ram:inst|4x4ram:inst1|memory_cell:inst14|inst   ; regout           ;
; |PD|ram:inst|4x32ram:inst|4x4ram:inst1|memory_cell:inst12|inst3  ; |PD|ram:inst|4x32ram:inst|4x4ram:inst1|memory_cell:inst12|inst3  ; out              ;
; |PD|ram:inst|4x32ram:inst|4x4ram:inst1|memory_cell:inst12|inst   ; |PD|ram:inst|4x32ram:inst|4x4ram:inst1|memory_cell:inst12|inst   ; regout           ;
; |PD|ram:inst|4x32ram:inst|4x4ram:inst1|memory_cell:inst10|inst3  ; |PD|ram:inst|4x32ram:inst|4x4ram:inst1|memory_cell:inst10|inst3  ; out              ;
; |PD|ram:inst|4x32ram:inst|4x4ram:inst1|memory_cell:inst10|inst   ; |PD|ram:inst|4x32ram:inst|4x4ram:inst1|memory_cell:inst10|inst   ; regout           ;
; |PD|ram:inst|4x32ram:inst|4x4ram:inst1|memory_cell:inst15|inst3  ; |PD|ram:inst|4x32ram:inst|4x4ram:inst1|memory_cell:inst15|inst3  ; out              ;
; |PD|ram:inst|4x32ram:inst|4x4ram:inst1|memory_cell:inst15|inst   ; |PD|ram:inst|4x32ram:inst|4x4ram:inst1|memory_cell:inst15|inst   ; regout           ;
; |PD|ram:inst|4x32ram:inst|4x4ram:inst1|memory_cell:inst13|inst3  ; |PD|ram:inst|4x32ram:inst|4x4ram:inst1|memory_cell:inst13|inst3  ; out              ;
; |PD|ram:inst|4x32ram:inst|4x4ram:inst1|memory_cell:inst13|inst   ; |PD|ram:inst|4x32ram:inst|4x4ram:inst1|memory_cell:inst13|inst   ; regout           ;
; |PD|ram:inst|4x32ram:inst|4x4ram:inst1|memory_cell:inst11|inst3  ; |PD|ram:inst|4x32ram:inst|4x4ram:inst1|memory_cell:inst11|inst3  ; out              ;
; |PD|ram:inst|4x32ram:inst|4x4ram:inst1|memory_cell:inst11|inst   ; |PD|ram:inst|4x32ram:inst|4x4ram:inst1|memory_cell:inst11|inst   ; regout           ;
; |PD|ram:inst|4x32ram:inst|4x4ram:inst1|memory_cell:inst9|inst3   ; |PD|ram:inst|4x32ram:inst|4x4ram:inst1|memory_cell:inst9|inst3   ; out              ;
; |PD|ram:inst|4x32ram:inst|4x4ram:inst1|memory_cell:inst9|inst    ; |PD|ram:inst|4x32ram:inst|4x4ram:inst1|memory_cell:inst9|inst    ; regout           ;
; |PD|ram:inst|4x32ram:inst|4x4ram:inst1|memory_cell:inst8|inst3   ; |PD|ram:inst|4x32ram:inst|4x4ram:inst1|memory_cell:inst8|inst3   ; out              ;
; |PD|ram:inst|4x32ram:inst|4x4ram:inst1|memory_cell:inst8|inst    ; |PD|ram:inst|4x32ram:inst|4x4ram:inst1|memory_cell:inst8|inst    ; regout           ;
; |PD|ram:inst|4x32ram:inst|4x4ram:inst1|memory_cell:inst6|inst3   ; |PD|ram:inst|4x32ram:inst|4x4ram:inst1|memory_cell:inst6|inst3   ; out              ;
; |PD|ram:inst|4x32ram:inst|4x4ram:inst1|memory_cell:inst6|inst    ; |PD|ram:inst|4x32ram:inst|4x4ram:inst1|memory_cell:inst6|inst    ; regout           ;
; |PD|ram:inst|4x32ram:inst|4x4ram:inst1|memory_cell:inst4|inst3   ; |PD|ram:inst|4x32ram:inst|4x4ram:inst1|memory_cell:inst4|inst3   ; out              ;
; |PD|ram:inst|4x32ram:inst|4x4ram:inst1|memory_cell:inst4|inst    ; |PD|ram:inst|4x32ram:inst|4x4ram:inst1|memory_cell:inst4|inst    ; regout           ;
; |PD|ram:inst|4x32ram:inst|4x4ram:inst1|memory_cell:inst2|inst3   ; |PD|ram:inst|4x32ram:inst|4x4ram:inst1|memory_cell:inst2|inst3   ; out              ;
; |PD|ram:inst|4x32ram:inst|4x4ram:inst1|memory_cell:inst2|inst    ; |PD|ram:inst|4x32ram:inst|4x4ram:inst1|memory_cell:inst2|inst    ; regout           ;
; |PD|ram:inst|4x32ram:inst|4x4ram:inst|inst20                     ; |PD|ram:inst|4x32ram:inst|4x4ram:inst|inst20                     ; out              ;
; |PD|ram:inst|4x32ram:inst|4x4ram:inst|IN~0                       ; |PD|ram:inst|4x32ram:inst|4x4ram:inst|IN~0                       ; out0             ;
; |PD|ram:inst|4x32ram:inst|4x4ram:inst|inst21                     ; |PD|ram:inst|4x32ram:inst|4x4ram:inst|inst21                     ; out              ;
; |PD|ram:inst|4x32ram:inst|4x4ram:inst|IN~1                       ; |PD|ram:inst|4x32ram:inst|4x4ram:inst|IN~1                       ; out0             ;
; |PD|ram:inst|4x32ram:inst|4x4ram:inst|inst22                     ; |PD|ram:inst|4x32ram:inst|4x4ram:inst|inst22                     ; out              ;
; |PD|ram:inst|4x32ram:inst|4x4ram:inst|IN~2                       ; |PD|ram:inst|4x32ram:inst|4x4ram:inst|IN~2                       ; out0             ;
; |PD|ram:inst|4x32ram:inst|4x4ram:inst|inst19                     ; |PD|ram:inst|4x32ram:inst|4x4ram:inst|inst19                     ; out              ;
; |PD|ram:inst|4x32ram:inst|4x4ram:inst|IN~3                       ; |PD|ram:inst|4x32ram:inst|4x4ram:inst|IN~3                       ; out0             ;
; |PD|ram:inst|4x32ram:inst|4x4ram:inst|memory_cell:inst3|inst3    ; |PD|ram:inst|4x32ram:inst|4x4ram:inst|memory_cell:inst3|inst3    ; out              ;
; |PD|ram:inst|4x32ram:inst|4x4ram:inst|memory_cell:inst3|inst     ; |PD|ram:inst|4x32ram:inst|4x4ram:inst|memory_cell:inst3|inst     ; regout           ;
; |PD|ram:inst|4x32ram:inst|4x4ram:inst|memory_cell:inst5|inst3    ; |PD|ram:inst|4x32ram:inst|4x4ram:inst|memory_cell:inst5|inst3    ; out              ;
; |PD|ram:inst|4x32ram:inst|4x4ram:inst|memory_cell:inst5|inst     ; |PD|ram:inst|4x32ram:inst|4x4ram:inst|memory_cell:inst5|inst     ; regout           ;
; |PD|ram:inst|4x32ram:inst|4x4ram:inst|memory_cell:inst7|inst3    ; |PD|ram:inst|4x32ram:inst|4x4ram:inst|memory_cell:inst7|inst3    ; out              ;
; |PD|ram:inst|4x32ram:inst|4x4ram:inst|memory_cell:inst7|inst     ; |PD|ram:inst|4x32ram:inst|4x4ram:inst|memory_cell:inst7|inst     ; regout           ;
; |PD|ram:inst|4x32ram:inst|4x4ram:inst|memory_cell:inst1|inst3    ; |PD|ram:inst|4x32ram:inst|4x4ram:inst|memory_cell:inst1|inst3    ; out              ;
; |PD|ram:inst|4x32ram:inst|4x4ram:inst|memory_cell:inst1|inst     ; |PD|ram:inst|4x32ram:inst|4x4ram:inst|memory_cell:inst1|inst     ; regout           ;
; |PD|ram:inst|4x32ram:inst|4x4ram:inst|memory_cell:inst16|inst3   ; |PD|ram:inst|4x32ram:inst|4x4ram:inst|memory_cell:inst16|inst3   ; out              ;
; |PD|ram:inst|4x32ram:inst|4x4ram:inst|memory_cell:inst16|inst    ; |PD|ram:inst|4x32ram:inst|4x4ram:inst|memory_cell:inst16|inst    ; regout           ;
; |PD|ram:inst|4x32ram:inst|4x4ram:inst|memory_cell:inst14|inst3   ; |PD|ram:inst|4x32ram:inst|4x4ram:inst|memory_cell:inst14|inst3   ; out              ;
; |PD|ram:inst|4x32ram:inst|4x4ram:inst|memory_cell:inst14|inst    ; |PD|ram:inst|4x32ram:inst|4x4ram:inst|memory_cell:inst14|inst    ; regout           ;
; |PD|ram:inst|4x32ram:inst|4x4ram:inst|memory_cell:inst12|inst3   ; |PD|ram:inst|4x32ram:inst|4x4ram:inst|memory_cell:inst12|inst3   ; out              ;
; |PD|ram:inst|4x32ram:inst|4x4ram:inst|memory_cell:inst12|inst    ; |PD|ram:inst|4x32ram:inst|4x4ram:inst|memory_cell:inst12|inst    ; regout           ;
; |PD|ram:inst|4x32ram:inst|4x4ram:inst|memory_cell:inst10|inst3   ; |PD|ram:inst|4x32ram:inst|4x4ram:inst|memory_cell:inst10|inst3   ; out              ;
; |PD|ram:inst|4x32ram:inst|4x4ram:inst|memory_cell:inst10|inst    ; |PD|ram:inst|4x32ram:inst|4x4ram:inst|memory_cell:inst10|inst    ; regout           ;
; |PD|ram:inst|4x32ram:inst|4x4ram:inst|memory_cell:inst15|inst3   ; |PD|ram:inst|4x32ram:inst|4x4ram:inst|memory_cell:inst15|inst3   ; out              ;
; |PD|ram:inst|4x32ram:inst|4x4ram:inst|memory_cell:inst15|inst    ; |PD|ram:inst|4x32ram:inst|4x4ram:inst|memory_cell:inst15|inst    ; regout           ;
; |PD|ram:inst|4x32ram:inst|4x4ram:inst|memory_cell:inst13|inst3   ; |PD|ram:inst|4x32ram:inst|4x4ram:inst|memory_cell:inst13|inst3   ; out              ;
; |PD|ram:inst|4x32ram:inst|4x4ram:inst|memory_cell:inst13|inst    ; |PD|ram:inst|4x32ram:inst|4x4ram:inst|memory_cell:inst13|inst    ; regout           ;
; |PD|ram:inst|4x32ram:inst|4x4ram:inst|memory_cell:inst11|inst3   ; |PD|ram:inst|4x32ram:inst|4x4ram:inst|memory_cell:inst11|inst3   ; out              ;
; |PD|ram:inst|4x32ram:inst|4x4ram:inst|memory_cell:inst11|inst    ; |PD|ram:inst|4x32ram:inst|4x4ram:inst|memory_cell:inst11|inst    ; regout           ;
; |PD|ram:inst|4x32ram:inst|4x4ram:inst|memory_cell:inst9|inst3    ; |PD|ram:inst|4x32ram:inst|4x4ram:inst|memory_cell:inst9|inst3    ; out              ;
; |PD|ram:inst|4x32ram:inst|4x4ram:inst|memory_cell:inst9|inst     ; |PD|ram:inst|4x32ram:inst|4x4ram:inst|memory_cell:inst9|inst     ; regout           ;
; |PD|ram:inst|4x32ram:inst|4x4ram:inst|memory_cell:inst8|inst3    ; |PD|ram:inst|4x32ram:inst|4x4ram:inst|memory_cell:inst8|inst3    ; out              ;
; |PD|ram:inst|4x32ram:inst|4x4ram:inst|memory_cell:inst8|inst     ; |PD|ram:inst|4x32ram:inst|4x4ram:inst|memory_cell:inst8|inst     ; regout           ;
; |PD|ram:inst|4x32ram:inst|4x4ram:inst|memory_cell:inst6|inst3    ; |PD|ram:inst|4x32ram:inst|4x4ram:inst|memory_cell:inst6|inst3    ; out              ;
; |PD|ram:inst|4x32ram:inst|4x4ram:inst|memory_cell:inst6|inst     ; |PD|ram:inst|4x32ram:inst|4x4ram:inst|memory_cell:inst6|inst     ; regout           ;
; |PD|ram:inst|4x32ram:inst|4x4ram:inst|memory_cell:inst4|inst3    ; |PD|ram:inst|4x32ram:inst|4x4ram:inst|memory_cell:inst4|inst3    ; out              ;
; |PD|ram:inst|4x32ram:inst|4x4ram:inst|memory_cell:inst4|inst     ; |PD|ram:inst|4x32ram:inst|4x4ram:inst|memory_cell:inst4|inst     ; regout           ;
; |PD|ram:inst|4x32ram:inst|4x4ram:inst|memory_cell:inst2|inst3    ; |PD|ram:inst|4x32ram:inst|4x4ram:inst|memory_cell:inst2|inst3    ; out              ;
; |PD|ram:inst|4x32ram:inst|4x4ram:inst|memory_cell:inst2|inst     ; |PD|ram:inst|4x32ram:inst|4x4ram:inst|memory_cell:inst2|inst     ; regout           ;
; |PD|CTLogic:inst2|inst5                                          ; |PD|CTLogic:inst2|inst5                                          ; out0             ;
+------------------------------------------------------------------+------------------------------------------------------------------+------------------+


The following table displays output ports that do not toggle to 0 during simulation.
+------------------------------------------------------------------------------------------------------------------------------------------------------+
; Missing 0-Value Coverage                                                                                                                             ;
+-----------------------------------------------------------------+-----------------------------------------------------------------+------------------+
; Node Name                                                       ; Output Port Name                                                ; Output Port Type ;
+-----------------------------------------------------------------+-----------------------------------------------------------------+------------------+
; |PD|Push/Pop                                                    ; |PD|Push/Pop                                                    ; out              ;
; |PD|Enable                                                      ; |PD|Enable                                                      ; out              ;
; |PD|IO[31]                                                      ; |PD|IO[31]                                                      ; out              ;
; |PD|IO[31]                                                      ; |PD|IO[31]~result                                               ; pin_out          ;
; |PD|IO[30]                                                      ; |PD|IO[30]                                                      ; out              ;
; |PD|IO[30]                                                      ; |PD|IO[30]~result                                               ; pin_out          ;
; |PD|IO[29]                                                      ; |PD|IO[29]                                                      ; out              ;
; |PD|IO[29]                                                      ; |PD|IO[29]~result                                               ; pin_out          ;
; |PD|IO[28]                                                      ; |PD|IO[28]                                                      ; out              ;
; |PD|IO[28]                                                      ; |PD|IO[28]~result                                               ; pin_out          ;
; |PD|IO[27]                                                      ; |PD|IO[27]                                                      ; out              ;
; |PD|IO[27]                                                      ; |PD|IO[27]~result                                               ; pin_out          ;
; |PD|IO[26]                                                      ; |PD|IO[26]                                                      ; out              ;
; |PD|IO[26]                                                      ; |PD|IO[26]~result                                               ; pin_out          ;
; |PD|IO[25]                                                      ; |PD|IO[25]                                                      ; out              ;
; |PD|IO[25]                                                      ; |PD|IO[25]~result                                               ; pin_out          ;
; |PD|IO[24]                                                      ; |PD|IO[24]                                                      ; out              ;
; |PD|IO[24]                                                      ; |PD|IO[24]~result                                               ; pin_out          ;
; |PD|IO[23]                                                      ; |PD|IO[23]                                                      ; out              ;
; |PD|IO[23]                                                      ; |PD|IO[23]~result                                               ; pin_out          ;
; |PD|IO[22]                                                      ; |PD|IO[22]                                                      ; out              ;
; |PD|IO[22]                                                      ; |PD|IO[22]~result                                               ; pin_out          ;
; |PD|IO[21]                                                      ; |PD|IO[21]                                                      ; out              ;
; |PD|IO[21]                                                      ; |PD|IO[21]~result                                               ; pin_out          ;
; |PD|IO[20]                                                      ; |PD|IO[20]                                                      ; out              ;
; |PD|IO[20]                                                      ; |PD|IO[20]~result                                               ; pin_out          ;
; |PD|IO[19]                                                      ; |PD|IO[19]                                                      ; out              ;
; |PD|IO[19]                                                      ; |PD|IO[19]~result                                               ; pin_out          ;
; |PD|IO[18]                                                      ; |PD|IO[18]                                                      ; out              ;
; |PD|IO[18]                                                      ; |PD|IO[18]~result                                               ; pin_out          ;
; |PD|IO[17]                                                      ; |PD|IO[17]                                                      ; out              ;
; |PD|IO[17]                                                      ; |PD|IO[17]~result                                               ; pin_out          ;
; |PD|IO[16]                                                      ; |PD|IO[16]                                                      ; out              ;
; |PD|IO[16]                                                      ; |PD|IO[16]~result                                               ; pin_out          ;
; |PD|IO[15]                                                      ; |PD|IO[15]                                                      ; out              ;
; |PD|IO[15]                                                      ; |PD|IO[15]~result                                               ; pin_out          ;
; |PD|IO[14]                                                      ; |PD|IO[14]                                                      ; out              ;
; |PD|IO[14]                                                      ; |PD|IO[14]~result                                               ; pin_out          ;
; |PD|IO[13]                                                      ; |PD|IO[13]                                                      ; out              ;
; |PD|IO[13]                                                      ; |PD|IO[13]~result                                               ; pin_out          ;
; |PD|IO[12]                                                      ; |PD|IO[12]                                                      ; out              ;
; |PD|IO[12]                                                      ; |PD|IO[12]~result                                               ; pin_out          ;
; |PD|IO[11]                                                      ; |PD|IO[11]                                                      ; out              ;
; |PD|IO[11]                                                      ; |PD|IO[11]~result                                               ; pin_out          ;
; |PD|IO[10]                                                      ; |PD|IO[10]                                                      ; out              ;
; |PD|IO[10]                                                      ; |PD|IO[10]~result                                               ; pin_out          ;
; |PD|IO[9]                                                       ; |PD|IO[9]                                                       ; out              ;
; |PD|IO[9]                                                       ; |PD|IO[9]~result                                                ; pin_out          ;
; |PD|IO[8]                                                       ; |PD|IO[8]                                                       ; out              ;
; |PD|IO[8]                                                       ; |PD|IO[8]~result                                                ; pin_out          ;
; |PD|IO[7]                                                       ; |PD|IO[7]                                                       ; out              ;
; |PD|IO[7]                                                       ; |PD|IO[7]~result                                                ; pin_out          ;
; |PD|IO[6]                                                       ; |PD|IO[6]                                                       ; out              ;
; |PD|IO[6]                                                       ; |PD|IO[6]~result                                                ; pin_out          ;
; |PD|IO[5]                                                       ; |PD|IO[5]                                                       ; out              ;
; |PD|IO~0                                                        ; |PD|IO~0                                                        ; out0             ;
; |PD|IO~1                                                        ; |PD|IO~1                                                        ; out0             ;
; |PD|IO~2                                                        ; |PD|IO~2                                                        ; out0             ;
; |PD|IO~3                                                        ; |PD|IO~3                                                        ; out0             ;
; |PD|IO~4                                                        ; |PD|IO~4                                                        ; out0             ;
; |PD|IO~5                                                        ; |PD|IO~5                                                        ; out0             ;
; |PD|IO~6                                                        ; |PD|IO~6                                                        ; out0             ;
; |PD|IO~7                                                        ; |PD|IO~7                                                        ; out0             ;
; |PD|IO~8                                                        ; |PD|IO~8                                                        ; out0             ;
; |PD|IO~9                                                        ; |PD|IO~9                                                        ; out0             ;
; |PD|IO~10                                                       ; |PD|IO~10                                                       ; out0             ;
; |PD|IO~11                                                       ; |PD|IO~11                                                       ; out0             ;
; |PD|IO~12                                                       ; |PD|IO~12                                                       ; out0             ;
; |PD|IO~13                                                       ; |PD|IO~13                                                       ; out0             ;
; |PD|IO~14                                                       ; |PD|IO~14                                                       ; out0             ;
; |PD|IO~15                                                       ; |PD|IO~15                                                       ; out0             ;
; |PD|IO~16                                                       ; |PD|IO~16                                                       ; out0             ;
; |PD|IO~17                                                       ; |PD|IO~17                                                       ; out0             ;
; |PD|IO~18                                                       ; |PD|IO~18                                                       ; out0             ;
; |PD|IO~19                                                       ; |PD|IO~19                                                       ; out0             ;
; |PD|IO~20                                                       ; |PD|IO~20                                                       ; out0             ;
; |PD|IO~21                                                       ; |PD|IO~21                                                       ; out0             ;
; |PD|IO~22                                                       ; |PD|IO~22                                                       ; out0             ;
; |PD|IO~23                                                       ; |PD|IO~23                                                       ; out0             ;
; |PD|IO~24                                                       ; |PD|IO~24                                                       ; out0             ;
; |PD|IO~25                                                       ; |PD|IO~25                                                       ; out0             ;
; |PD|ram:inst|4x32ram:inst7|4x4ram:inst8|IN~3                    ; |PD|ram:inst|4x32ram:inst7|4x4ram:inst8|IN~3                    ; out0             ;
; |PD|ram:inst|4x32ram:inst7|4x4ram:inst8|memory_cell:inst3|inst  ; |PD|ram:inst|4x32ram:inst7|4x4ram:inst8|memory_cell:inst3|inst  ; regout           ;
; |PD|ram:inst|4x32ram:inst7|4x4ram:inst8|memory_cell:inst5|inst  ; |PD|ram:inst|4x32ram:inst7|4x4ram:inst8|memory_cell:inst5|inst  ; regout           ;
; |PD|ram:inst|4x32ram:inst7|4x4ram:inst8|memory_cell:inst7|inst  ; |PD|ram:inst|4x32ram:inst7|4x4ram:inst8|memory_cell:inst7|inst  ; regout           ;
; |PD|ram:inst|4x32ram:inst7|4x4ram:inst8|memory_cell:inst1|inst  ; |PD|ram:inst|4x32ram:inst7|4x4ram:inst8|memory_cell:inst1|inst  ; regout           ;
; |PD|ram:inst|4x32ram:inst7|4x4ram:inst8|memory_cell:inst16|inst ; |PD|ram:inst|4x32ram:inst7|4x4ram:inst8|memory_cell:inst16|inst ; regout           ;
; |PD|ram:inst|4x32ram:inst7|4x4ram:inst8|memory_cell:inst14|inst ; |PD|ram:inst|4x32ram:inst7|4x4ram:inst8|memory_cell:inst14|inst ; regout           ;
; |PD|ram:inst|4x32ram:inst7|4x4ram:inst8|memory_cell:inst12|inst ; |PD|ram:inst|4x32ram:inst7|4x4ram:inst8|memory_cell:inst12|inst ; regout           ;
; |PD|ram:inst|4x32ram:inst7|4x4ram:inst8|memory_cell:inst10|inst ; |PD|ram:inst|4x32ram:inst7|4x4ram:inst8|memory_cell:inst10|inst ; regout           ;
; |PD|ram:inst|4x32ram:inst7|4x4ram:inst8|memory_cell:inst15|inst ; |PD|ram:inst|4x32ram:inst7|4x4ram:inst8|memory_cell:inst15|inst ; regout           ;
; |PD|ram:inst|4x32ram:inst7|4x4ram:inst8|memory_cell:inst13|inst ; |PD|ram:inst|4x32ram:inst7|4x4ram:inst8|memory_cell:inst13|inst ; regout           ;
; |PD|ram:inst|4x32ram:inst7|4x4ram:inst8|memory_cell:inst11|inst ; |PD|ram:inst|4x32ram:inst7|4x4ram:inst8|memory_cell:inst11|inst ; regout           ;
; |PD|ram:inst|4x32ram:inst7|4x4ram:inst8|memory_cell:inst9|inst  ; |PD|ram:inst|4x32ram:inst7|4x4ram:inst8|memory_cell:inst9|inst  ; regout           ;
; |PD|ram:inst|4x32ram:inst7|4x4ram:inst8|memory_cell:inst8|inst  ; |PD|ram:inst|4x32ram:inst7|4x4ram:inst8|memory_cell:inst8|inst  ; regout           ;
; |PD|ram:inst|4x32ram:inst7|4x4ram:inst8|memory_cell:inst6|inst  ; |PD|ram:inst|4x32ram:inst7|4x4ram:inst8|memory_cell:inst6|inst  ; regout           ;
; |PD|ram:inst|4x32ram:inst7|4x4ram:inst8|memory_cell:inst4|inst  ; |PD|ram:inst|4x32ram:inst7|4x4ram:inst8|memory_cell:inst4|inst  ; regout           ;
; |PD|ram:inst|4x32ram:inst7|4x4ram:inst8|memory_cell:inst2|inst  ; |PD|ram:inst|4x32ram:inst7|4x4ram:inst8|memory_cell:inst2|inst  ; regout           ;
; |PD|ram:inst|4x32ram:inst7|4x4ram:inst7|IN~0                    ; |PD|ram:inst|4x32ram:inst7|4x4ram:inst7|IN~0                    ; out0             ;
; |PD|ram:inst|4x32ram:inst7|4x4ram:inst7|IN~1                    ; |PD|ram:inst|4x32ram:inst7|4x4ram:inst7|IN~1                    ; out0             ;
; |PD|ram:inst|4x32ram:inst7|4x4ram:inst7|IN~2                    ; |PD|ram:inst|4x32ram:inst7|4x4ram:inst7|IN~2                    ; out0             ;
; |PD|ram:inst|4x32ram:inst7|4x4ram:inst7|IN~3                    ; |PD|ram:inst|4x32ram:inst7|4x4ram:inst7|IN~3                    ; out0             ;
; |PD|ram:inst|4x32ram:inst7|4x4ram:inst7|memory_cell:inst3|inst  ; |PD|ram:inst|4x32ram:inst7|4x4ram:inst7|memory_cell:inst3|inst  ; regout           ;
; |PD|ram:inst|4x32ram:inst7|4x4ram:inst7|memory_cell:inst5|inst  ; |PD|ram:inst|4x32ram:inst7|4x4ram:inst7|memory_cell:inst5|inst  ; regout           ;
; |PD|ram:inst|4x32ram:inst7|4x4ram:inst7|memory_cell:inst7|inst  ; |PD|ram:inst|4x32ram:inst7|4x4ram:inst7|memory_cell:inst7|inst  ; regout           ;
; |PD|ram:inst|4x32ram:inst7|4x4ram:inst7|memory_cell:inst1|inst  ; |PD|ram:inst|4x32ram:inst7|4x4ram:inst7|memory_cell:inst1|inst  ; regout           ;
; |PD|ram:inst|4x32ram:inst7|4x4ram:inst7|memory_cell:inst16|inst ; |PD|ram:inst|4x32ram:inst7|4x4ram:inst7|memory_cell:inst16|inst ; regout           ;
; |PD|ram:inst|4x32ram:inst7|4x4ram:inst7|memory_cell:inst14|inst ; |PD|ram:inst|4x32ram:inst7|4x4ram:inst7|memory_cell:inst14|inst ; regout           ;
; |PD|ram:inst|4x32ram:inst7|4x4ram:inst7|memory_cell:inst12|inst ; |PD|ram:inst|4x32ram:inst7|4x4ram:inst7|memory_cell:inst12|inst ; regout           ;
; |PD|ram:inst|4x32ram:inst7|4x4ram:inst7|memory_cell:inst10|inst ; |PD|ram:inst|4x32ram:inst7|4x4ram:inst7|memory_cell:inst10|inst ; regout           ;
; |PD|ram:inst|4x32ram:inst7|4x4ram:inst7|memory_cell:inst15|inst ; |PD|ram:inst|4x32ram:inst7|4x4ram:inst7|memory_cell:inst15|inst ; regout           ;
; |PD|ram:inst|4x32ram:inst7|4x4ram:inst7|memory_cell:inst13|inst ; |PD|ram:inst|4x32ram:inst7|4x4ram:inst7|memory_cell:inst13|inst ; regout           ;
; |PD|ram:inst|4x32ram:inst7|4x4ram:inst7|memory_cell:inst11|inst ; |PD|ram:inst|4x32ram:inst7|4x4ram:inst7|memory_cell:inst11|inst ; regout           ;
; |PD|ram:inst|4x32ram:inst7|4x4ram:inst7|memory_cell:inst9|inst  ; |PD|ram:inst|4x32ram:inst7|4x4ram:inst7|memory_cell:inst9|inst  ; regout           ;
; |PD|ram:inst|4x32ram:inst7|4x4ram:inst7|memory_cell:inst8|inst  ; |PD|ram:inst|4x32ram:inst7|4x4ram:inst7|memory_cell:inst8|inst  ; regout           ;
; |PD|ram:inst|4x32ram:inst7|4x4ram:inst7|memory_cell:inst6|inst  ; |PD|ram:inst|4x32ram:inst7|4x4ram:inst7|memory_cell:inst6|inst  ; regout           ;
; |PD|ram:inst|4x32ram:inst7|4x4ram:inst7|memory_cell:inst4|inst  ; |PD|ram:inst|4x32ram:inst7|4x4ram:inst7|memory_cell:inst4|inst  ; regout           ;
; |PD|ram:inst|4x32ram:inst7|4x4ram:inst7|memory_cell:inst2|inst  ; |PD|ram:inst|4x32ram:inst7|4x4ram:inst7|memory_cell:inst2|inst  ; regout           ;
; |PD|ram:inst|4x32ram:inst7|4x4ram:inst6|IN~0                    ; |PD|ram:inst|4x32ram:inst7|4x4ram:inst6|IN~0                    ; out0             ;
; |PD|ram:inst|4x32ram:inst7|4x4ram:inst6|IN~1                    ; |PD|ram:inst|4x32ram:inst7|4x4ram:inst6|IN~1                    ; out0             ;
; |PD|ram:inst|4x32ram:inst7|4x4ram:inst6|IN~2                    ; |PD|ram:inst|4x32ram:inst7|4x4ram:inst6|IN~2                    ; out0             ;
; |PD|ram:inst|4x32ram:inst7|4x4ram:inst6|IN~3                    ; |PD|ram:inst|4x32ram:inst7|4x4ram:inst6|IN~3                    ; out0             ;
; |PD|ram:inst|4x32ram:inst7|4x4ram:inst6|memory_cell:inst3|inst  ; |PD|ram:inst|4x32ram:inst7|4x4ram:inst6|memory_cell:inst3|inst  ; regout           ;
; |PD|ram:inst|4x32ram:inst7|4x4ram:inst6|memory_cell:inst5|inst  ; |PD|ram:inst|4x32ram:inst7|4x4ram:inst6|memory_cell:inst5|inst  ; regout           ;
; |PD|ram:inst|4x32ram:inst7|4x4ram:inst6|memory_cell:inst7|inst  ; |PD|ram:inst|4x32ram:inst7|4x4ram:inst6|memory_cell:inst7|inst  ; regout           ;
; |PD|ram:inst|4x32ram:inst7|4x4ram:inst6|memory_cell:inst1|inst  ; |PD|ram:inst|4x32ram:inst7|4x4ram:inst6|memory_cell:inst1|inst  ; regout           ;
; |PD|ram:inst|4x32ram:inst7|4x4ram:inst6|memory_cell:inst16|inst ; |PD|ram:inst|4x32ram:inst7|4x4ram:inst6|memory_cell:inst16|inst ; regout           ;
; |PD|ram:inst|4x32ram:inst7|4x4ram:inst6|memory_cell:inst14|inst ; |PD|ram:inst|4x32ram:inst7|4x4ram:inst6|memory_cell:inst14|inst ; regout           ;
; |PD|ram:inst|4x32ram:inst7|4x4ram:inst6|memory_cell:inst12|inst ; |PD|ram:inst|4x32ram:inst7|4x4ram:inst6|memory_cell:inst12|inst ; regout           ;
; |PD|ram:inst|4x32ram:inst7|4x4ram:inst6|memory_cell:inst10|inst ; |PD|ram:inst|4x32ram:inst7|4x4ram:inst6|memory_cell:inst10|inst ; regout           ;
; |PD|ram:inst|4x32ram:inst7|4x4ram:inst6|memory_cell:inst15|inst ; |PD|ram:inst|4x32ram:inst7|4x4ram:inst6|memory_cell:inst15|inst ; regout           ;
; |PD|ram:inst|4x32ram:inst7|4x4ram:inst6|memory_cell:inst13|inst ; |PD|ram:inst|4x32ram:inst7|4x4ram:inst6|memory_cell:inst13|inst ; regout           ;
; |PD|ram:inst|4x32ram:inst7|4x4ram:inst6|memory_cell:inst11|inst ; |PD|ram:inst|4x32ram:inst7|4x4ram:inst6|memory_cell:inst11|inst ; regout           ;
; |PD|ram:inst|4x32ram:inst7|4x4ram:inst6|memory_cell:inst9|inst  ; |PD|ram:inst|4x32ram:inst7|4x4ram:inst6|memory_cell:inst9|inst  ; regout           ;
; |PD|ram:inst|4x32ram:inst7|4x4ram:inst6|memory_cell:inst8|inst  ; |PD|ram:inst|4x32ram:inst7|4x4ram:inst6|memory_cell:inst8|inst  ; regout           ;
; |PD|ram:inst|4x32ram:inst7|4x4ram:inst6|memory_cell:inst6|inst  ; |PD|ram:inst|4x32ram:inst7|4x4ram:inst6|memory_cell:inst6|inst  ; regout           ;
; |PD|ram:inst|4x32ram:inst7|4x4ram:inst6|memory_cell:inst4|inst  ; |PD|ram:inst|4x32ram:inst7|4x4ram:inst6|memory_cell:inst4|inst  ; regout           ;
; |PD|ram:inst|4x32ram:inst7|4x4ram:inst6|memory_cell:inst2|inst  ; |PD|ram:inst|4x32ram:inst7|4x4ram:inst6|memory_cell:inst2|inst  ; regout           ;
; |PD|ram:inst|4x32ram:inst7|4x4ram:inst5|IN~0                    ; |PD|ram:inst|4x32ram:inst7|4x4ram:inst5|IN~0                    ; out0             ;
; |PD|ram:inst|4x32ram:inst7|4x4ram:inst5|IN~1                    ; |PD|ram:inst|4x32ram:inst7|4x4ram:inst5|IN~1                    ; out0             ;
; |PD|ram:inst|4x32ram:inst7|4x4ram:inst5|IN~2                    ; |PD|ram:inst|4x32ram:inst7|4x4ram:inst5|IN~2                    ; out0             ;
; |PD|ram:inst|4x32ram:inst7|4x4ram:inst5|IN~3                    ; |PD|ram:inst|4x32ram:inst7|4x4ram:inst5|IN~3                    ; out0             ;
; |PD|ram:inst|4x32ram:inst7|4x4ram:inst5|memory_cell:inst3|inst  ; |PD|ram:inst|4x32ram:inst7|4x4ram:inst5|memory_cell:inst3|inst  ; regout           ;
; |PD|ram:inst|4x32ram:inst7|4x4ram:inst5|memory_cell:inst5|inst  ; |PD|ram:inst|4x32ram:inst7|4x4ram:inst5|memory_cell:inst5|inst  ; regout           ;
; |PD|ram:inst|4x32ram:inst7|4x4ram:inst5|memory_cell:inst7|inst  ; |PD|ram:inst|4x32ram:inst7|4x4ram:inst5|memory_cell:inst7|inst  ; regout           ;
; |PD|ram:inst|4x32ram:inst7|4x4ram:inst5|memory_cell:inst1|inst  ; |PD|ram:inst|4x32ram:inst7|4x4ram:inst5|memory_cell:inst1|inst  ; regout           ;
; |PD|ram:inst|4x32ram:inst7|4x4ram:inst5|memory_cell:inst16|inst ; |PD|ram:inst|4x32ram:inst7|4x4ram:inst5|memory_cell:inst16|inst ; regout           ;
; |PD|ram:inst|4x32ram:inst7|4x4ram:inst5|memory_cell:inst14|inst ; |PD|ram:inst|4x32ram:inst7|4x4ram:inst5|memory_cell:inst14|inst ; regout           ;
; |PD|ram:inst|4x32ram:inst7|4x4ram:inst5|memory_cell:inst12|inst ; |PD|ram:inst|4x32ram:inst7|4x4ram:inst5|memory_cell:inst12|inst ; regout           ;
; |PD|ram:inst|4x32ram:inst7|4x4ram:inst5|memory_cell:inst10|inst ; |PD|ram:inst|4x32ram:inst7|4x4ram:inst5|memory_cell:inst10|inst ; regout           ;
; |PD|ram:inst|4x32ram:inst7|4x4ram:inst5|memory_cell:inst15|inst ; |PD|ram:inst|4x32ram:inst7|4x4ram:inst5|memory_cell:inst15|inst ; regout           ;
; |PD|ram:inst|4x32ram:inst7|4x4ram:inst5|memory_cell:inst13|inst ; |PD|ram:inst|4x32ram:inst7|4x4ram:inst5|memory_cell:inst13|inst ; regout           ;
; |PD|ram:inst|4x32ram:inst7|4x4ram:inst5|memory_cell:inst11|inst ; |PD|ram:inst|4x32ram:inst7|4x4ram:inst5|memory_cell:inst11|inst ; regout           ;
; |PD|ram:inst|4x32ram:inst7|4x4ram:inst5|memory_cell:inst9|inst  ; |PD|ram:inst|4x32ram:inst7|4x4ram:inst5|memory_cell:inst9|inst  ; regout           ;
; |PD|ram:inst|4x32ram:inst7|4x4ram:inst5|memory_cell:inst8|inst  ; |PD|ram:inst|4x32ram:inst7|4x4ram:inst5|memory_cell:inst8|inst  ; regout           ;
; |PD|ram:inst|4x32ram:inst7|4x4ram:inst5|memory_cell:inst6|inst  ; |PD|ram:inst|4x32ram:inst7|4x4ram:inst5|memory_cell:inst6|inst  ; regout           ;
; |PD|ram:inst|4x32ram:inst7|4x4ram:inst5|memory_cell:inst4|inst  ; |PD|ram:inst|4x32ram:inst7|4x4ram:inst5|memory_cell:inst4|inst  ; regout           ;
; |PD|ram:inst|4x32ram:inst7|4x4ram:inst5|memory_cell:inst2|inst  ; |PD|ram:inst|4x32ram:inst7|4x4ram:inst5|memory_cell:inst2|inst  ; regout           ;
; |PD|ram:inst|4x32ram:inst7|4x4ram:inst4|IN~0                    ; |PD|ram:inst|4x32ram:inst7|4x4ram:inst4|IN~0                    ; out0             ;
; |PD|ram:inst|4x32ram:inst7|4x4ram:inst4|IN~1                    ; |PD|ram:inst|4x32ram:inst7|4x4ram:inst4|IN~1                    ; out0             ;
; |PD|ram:inst|4x32ram:inst7|4x4ram:inst4|IN~2                    ; |PD|ram:inst|4x32ram:inst7|4x4ram:inst4|IN~2                    ; out0             ;
; |PD|ram:inst|4x32ram:inst7|4x4ram:inst4|IN~3                    ; |PD|ram:inst|4x32ram:inst7|4x4ram:inst4|IN~3                    ; out0             ;
; |PD|ram:inst|4x32ram:inst7|4x4ram:inst4|memory_cell:inst3|inst  ; |PD|ram:inst|4x32ram:inst7|4x4ram:inst4|memory_cell:inst3|inst  ; regout           ;
; |PD|ram:inst|4x32ram:inst7|4x4ram:inst4|memory_cell:inst5|inst  ; |PD|ram:inst|4x32ram:inst7|4x4ram:inst4|memory_cell:inst5|inst  ; regout           ;
; |PD|ram:inst|4x32ram:inst7|4x4ram:inst4|memory_cell:inst7|inst  ; |PD|ram:inst|4x32ram:inst7|4x4ram:inst4|memory_cell:inst7|inst  ; regout           ;
; |PD|ram:inst|4x32ram:inst7|4x4ram:inst4|memory_cell:inst1|inst  ; |PD|ram:inst|4x32ram:inst7|4x4ram:inst4|memory_cell:inst1|inst  ; regout           ;
; |PD|ram:inst|4x32ram:inst7|4x4ram:inst4|memory_cell:inst16|inst ; |PD|ram:inst|4x32ram:inst7|4x4ram:inst4|memory_cell:inst16|inst ; regout           ;
; |PD|ram:inst|4x32ram:inst7|4x4ram:inst4|memory_cell:inst14|inst ; |PD|ram:inst|4x32ram:inst7|4x4ram:inst4|memory_cell:inst14|inst ; regout           ;
; |PD|ram:inst|4x32ram:inst7|4x4ram:inst4|memory_cell:inst12|inst ; |PD|ram:inst|4x32ram:inst7|4x4ram:inst4|memory_cell:inst12|inst ; regout           ;
; |PD|ram:inst|4x32ram:inst7|4x4ram:inst4|memory_cell:inst10|inst ; |PD|ram:inst|4x32ram:inst7|4x4ram:inst4|memory_cell:inst10|inst ; regout           ;
; |PD|ram:inst|4x32ram:inst7|4x4ram:inst4|memory_cell:inst15|inst ; |PD|ram:inst|4x32ram:inst7|4x4ram:inst4|memory_cell:inst15|inst ; regout           ;
; |PD|ram:inst|4x32ram:inst7|4x4ram:inst4|memory_cell:inst13|inst ; |PD|ram:inst|4x32ram:inst7|4x4ram:inst4|memory_cell:inst13|inst ; regout           ;
; |PD|ram:inst|4x32ram:inst7|4x4ram:inst4|memory_cell:inst11|inst ; |PD|ram:inst|4x32ram:inst7|4x4ram:inst4|memory_cell:inst11|inst ; regout           ;
; |PD|ram:inst|4x32ram:inst7|4x4ram:inst4|memory_cell:inst9|inst  ; |PD|ram:inst|4x32ram:inst7|4x4ram:inst4|memory_cell:inst9|inst  ; regout           ;
; |PD|ram:inst|4x32ram:inst7|4x4ram:inst4|memory_cell:inst8|inst  ; |PD|ram:inst|4x32ram:inst7|4x4ram:inst4|memory_cell:inst8|inst  ; regout           ;
; |PD|ram:inst|4x32ram:inst7|4x4ram:inst4|memory_cell:inst6|inst  ; |PD|ram:inst|4x32ram:inst7|4x4ram:inst4|memory_cell:inst6|inst  ; regout           ;
; |PD|ram:inst|4x32ram:inst7|4x4ram:inst4|memory_cell:inst4|inst  ; |PD|ram:inst|4x32ram:inst7|4x4ram:inst4|memory_cell:inst4|inst  ; regout           ;
; |PD|ram:inst|4x32ram:inst7|4x4ram:inst4|memory_cell:inst2|inst  ; |PD|ram:inst|4x32ram:inst7|4x4ram:inst4|memory_cell:inst2|inst  ; regout           ;
; |PD|ram:inst|4x32ram:inst7|4x4ram:inst3|IN~0                    ; |PD|ram:inst|4x32ram:inst7|4x4ram:inst3|IN~0                    ; out0             ;
; |PD|ram:inst|4x32ram:inst7|4x4ram:inst3|IN~1                    ; |PD|ram:inst|4x32ram:inst7|4x4ram:inst3|IN~1                    ; out0             ;
; |PD|ram:inst|4x32ram:inst7|4x4ram:inst3|IN~2                    ; |PD|ram:inst|4x32ram:inst7|4x4ram:inst3|IN~2                    ; out0             ;
; |PD|ram:inst|4x32ram:inst7|4x4ram:inst3|IN~3                    ; |PD|ram:inst|4x32ram:inst7|4x4ram:inst3|IN~3                    ; out0             ;
; |PD|ram:inst|4x32ram:inst7|4x4ram:inst3|memory_cell:inst3|inst  ; |PD|ram:inst|4x32ram:inst7|4x4ram:inst3|memory_cell:inst3|inst  ; regout           ;
; |PD|ram:inst|4x32ram:inst7|4x4ram:inst3|memory_cell:inst5|inst  ; |PD|ram:inst|4x32ram:inst7|4x4ram:inst3|memory_cell:inst5|inst  ; regout           ;
; |PD|ram:inst|4x32ram:inst7|4x4ram:inst3|memory_cell:inst7|inst  ; |PD|ram:inst|4x32ram:inst7|4x4ram:inst3|memory_cell:inst7|inst  ; regout           ;
; |PD|ram:inst|4x32ram:inst7|4x4ram:inst3|memory_cell:inst1|inst  ; |PD|ram:inst|4x32ram:inst7|4x4ram:inst3|memory_cell:inst1|inst  ; regout           ;
; |PD|ram:inst|4x32ram:inst7|4x4ram:inst3|memory_cell:inst16|inst ; |PD|ram:inst|4x32ram:inst7|4x4ram:inst3|memory_cell:inst16|inst ; regout           ;
; |PD|ram:inst|4x32ram:inst7|4x4ram:inst3|memory_cell:inst14|inst ; |PD|ram:inst|4x32ram:inst7|4x4ram:inst3|memory_cell:inst14|inst ; regout           ;
; |PD|ram:inst|4x32ram:inst7|4x4ram:inst3|memory_cell:inst12|inst ; |PD|ram:inst|4x32ram:inst7|4x4ram:inst3|memory_cell:inst12|inst ; regout           ;
; |PD|ram:inst|4x32ram:inst7|4x4ram:inst3|memory_cell:inst10|inst ; |PD|ram:inst|4x32ram:inst7|4x4ram:inst3|memory_cell:inst10|inst ; regout           ;
; |PD|ram:inst|4x32ram:inst7|4x4ram:inst3|memory_cell:inst15|inst ; |PD|ram:inst|4x32ram:inst7|4x4ram:inst3|memory_cell:inst15|inst ; regout           ;
; |PD|ram:inst|4x32ram:inst7|4x4ram:inst3|memory_cell:inst13|inst ; |PD|ram:inst|4x32ram:inst7|4x4ram:inst3|memory_cell:inst13|inst ; regout           ;
; |PD|ram:inst|4x32ram:inst7|4x4ram:inst3|memory_cell:inst11|inst ; |PD|ram:inst|4x32ram:inst7|4x4ram:inst3|memory_cell:inst11|inst ; regout           ;
; |PD|ram:inst|4x32ram:inst7|4x4ram:inst3|memory_cell:inst9|inst  ; |PD|ram:inst|4x32ram:inst7|4x4ram:inst3|memory_cell:inst9|inst  ; regout           ;
; |PD|ram:inst|4x32ram:inst7|4x4ram:inst3|memory_cell:inst8|inst  ; |PD|ram:inst|4x32ram:inst7|4x4ram:inst3|memory_cell:inst8|inst  ; regout           ;
; |PD|ram:inst|4x32ram:inst7|4x4ram:inst3|memory_cell:inst6|inst  ; |PD|ram:inst|4x32ram:inst7|4x4ram:inst3|memory_cell:inst6|inst  ; regout           ;
; |PD|ram:inst|4x32ram:inst7|4x4ram:inst3|memory_cell:inst4|inst  ; |PD|ram:inst|4x32ram:inst7|4x4ram:inst3|memory_cell:inst4|inst  ; regout           ;
; |PD|ram:inst|4x32ram:inst7|4x4ram:inst3|memory_cell:inst2|inst  ; |PD|ram:inst|4x32ram:inst7|4x4ram:inst3|memory_cell:inst2|inst  ; regout           ;
; |PD|ram:inst|4x32ram:inst7|4x4ram:inst1|IN~0                    ; |PD|ram:inst|4x32ram:inst7|4x4ram:inst1|IN~0                    ; out0             ;
; |PD|ram:inst|4x32ram:inst7|4x4ram:inst1|IN~1                    ; |PD|ram:inst|4x32ram:inst7|4x4ram:inst1|IN~1                    ; out0             ;
; |PD|ram:inst|4x32ram:inst7|4x4ram:inst1|IN~2                    ; |PD|ram:inst|4x32ram:inst7|4x4ram:inst1|IN~2                    ; out0             ;
; |PD|ram:inst|4x32ram:inst7|4x4ram:inst1|IN~3                    ; |PD|ram:inst|4x32ram:inst7|4x4ram:inst1|IN~3                    ; out0             ;
; |PD|ram:inst|4x32ram:inst7|4x4ram:inst1|memory_cell:inst3|inst  ; |PD|ram:inst|4x32ram:inst7|4x4ram:inst1|memory_cell:inst3|inst  ; regout           ;
; |PD|ram:inst|4x32ram:inst7|4x4ram:inst1|memory_cell:inst5|inst  ; |PD|ram:inst|4x32ram:inst7|4x4ram:inst1|memory_cell:inst5|inst  ; regout           ;
; |PD|ram:inst|4x32ram:inst7|4x4ram:inst1|memory_cell:inst7|inst  ; |PD|ram:inst|4x32ram:inst7|4x4ram:inst1|memory_cell:inst7|inst  ; regout           ;
; |PD|ram:inst|4x32ram:inst7|4x4ram:inst1|memory_cell:inst1|inst  ; |PD|ram:inst|4x32ram:inst7|4x4ram:inst1|memory_cell:inst1|inst  ; regout           ;
; |PD|ram:inst|4x32ram:inst7|4x4ram:inst1|memory_cell:inst16|inst ; |PD|ram:inst|4x32ram:inst7|4x4ram:inst1|memory_cell:inst16|inst ; regout           ;
; |PD|ram:inst|4x32ram:inst7|4x4ram:inst1|memory_cell:inst14|inst ; |PD|ram:inst|4x32ram:inst7|4x4ram:inst1|memory_cell:inst14|inst ; regout           ;
; |PD|ram:inst|4x32ram:inst7|4x4ram:inst1|memory_cell:inst12|inst ; |PD|ram:inst|4x32ram:inst7|4x4ram:inst1|memory_cell:inst12|inst ; regout           ;
; |PD|ram:inst|4x32ram:inst7|4x4ram:inst1|memory_cell:inst10|inst ; |PD|ram:inst|4x32ram:inst7|4x4ram:inst1|memory_cell:inst10|inst ; regout           ;
; |PD|ram:inst|4x32ram:inst7|4x4ram:inst1|memory_cell:inst15|inst ; |PD|ram:inst|4x32ram:inst7|4x4ram:inst1|memory_cell:inst15|inst ; regout           ;
; |PD|ram:inst|4x32ram:inst7|4x4ram:inst1|memory_cell:inst13|inst ; |PD|ram:inst|4x32ram:inst7|4x4ram:inst1|memory_cell:inst13|inst ; regout           ;
; |PD|ram:inst|4x32ram:inst7|4x4ram:inst1|memory_cell:inst11|inst ; |PD|ram:inst|4x32ram:inst7|4x4ram:inst1|memory_cell:inst11|inst ; regout           ;
; |PD|ram:inst|4x32ram:inst7|4x4ram:inst1|memory_cell:inst9|inst  ; |PD|ram:inst|4x32ram:inst7|4x4ram:inst1|memory_cell:inst9|inst  ; regout           ;
; |PD|ram:inst|4x32ram:inst7|4x4ram:inst1|memory_cell:inst8|inst  ; |PD|ram:inst|4x32ram:inst7|4x4ram:inst1|memory_cell:inst8|inst  ; regout           ;
; |PD|ram:inst|4x32ram:inst7|4x4ram:inst1|memory_cell:inst6|inst  ; |PD|ram:inst|4x32ram:inst7|4x4ram:inst1|memory_cell:inst6|inst  ; regout           ;
; |PD|ram:inst|4x32ram:inst7|4x4ram:inst1|memory_cell:inst4|inst  ; |PD|ram:inst|4x32ram:inst7|4x4ram:inst1|memory_cell:inst4|inst  ; regout           ;
; |PD|ram:inst|4x32ram:inst7|4x4ram:inst1|memory_cell:inst2|inst  ; |PD|ram:inst|4x32ram:inst7|4x4ram:inst1|memory_cell:inst2|inst  ; regout           ;
; |PD|ram:inst|4x32ram:inst7|4x4ram:inst|IN~0                     ; |PD|ram:inst|4x32ram:inst7|4x4ram:inst|IN~0                     ; out0             ;
; |PD|ram:inst|4x32ram:inst7|4x4ram:inst|IN~1                     ; |PD|ram:inst|4x32ram:inst7|4x4ram:inst|IN~1                     ; out0             ;
; |PD|ram:inst|4x32ram:inst7|4x4ram:inst|IN~2                     ; |PD|ram:inst|4x32ram:inst7|4x4ram:inst|IN~2                     ; out0             ;
; |PD|ram:inst|4x32ram:inst7|4x4ram:inst|IN~3                     ; |PD|ram:inst|4x32ram:inst7|4x4ram:inst|IN~3                     ; out0             ;
; |PD|ram:inst|4x32ram:inst7|4x4ram:inst|memory_cell:inst3|inst   ; |PD|ram:inst|4x32ram:inst7|4x4ram:inst|memory_cell:inst3|inst   ; regout           ;
; |PD|ram:inst|4x32ram:inst7|4x4ram:inst|memory_cell:inst5|inst   ; |PD|ram:inst|4x32ram:inst7|4x4ram:inst|memory_cell:inst5|inst   ; regout           ;
; |PD|ram:inst|4x32ram:inst7|4x4ram:inst|memory_cell:inst7|inst   ; |PD|ram:inst|4x32ram:inst7|4x4ram:inst|memory_cell:inst7|inst   ; regout           ;
; |PD|ram:inst|4x32ram:inst7|4x4ram:inst|memory_cell:inst1|inst   ; |PD|ram:inst|4x32ram:inst7|4x4ram:inst|memory_cell:inst1|inst   ; regout           ;
; |PD|ram:inst|4x32ram:inst7|4x4ram:inst|memory_cell:inst16|inst  ; |PD|ram:inst|4x32ram:inst7|4x4ram:inst|memory_cell:inst16|inst  ; regout           ;
; |PD|ram:inst|4x32ram:inst7|4x4ram:inst|memory_cell:inst14|inst  ; |PD|ram:inst|4x32ram:inst7|4x4ram:inst|memory_cell:inst14|inst  ; regout           ;
; |PD|ram:inst|4x32ram:inst7|4x4ram:inst|memory_cell:inst12|inst  ; |PD|ram:inst|4x32ram:inst7|4x4ram:inst|memory_cell:inst12|inst  ; regout           ;
; |PD|ram:inst|4x32ram:inst7|4x4ram:inst|memory_cell:inst10|inst  ; |PD|ram:inst|4x32ram:inst7|4x4ram:inst|memory_cell:inst10|inst  ; regout           ;
; |PD|ram:inst|4x32ram:inst7|4x4ram:inst|memory_cell:inst15|inst  ; |PD|ram:inst|4x32ram:inst7|4x4ram:inst|memory_cell:inst15|inst  ; regout           ;
; |PD|ram:inst|4x32ram:inst7|4x4ram:inst|memory_cell:inst13|inst  ; |PD|ram:inst|4x32ram:inst7|4x4ram:inst|memory_cell:inst13|inst  ; regout           ;
; |PD|ram:inst|4x32ram:inst7|4x4ram:inst|memory_cell:inst11|inst  ; |PD|ram:inst|4x32ram:inst7|4x4ram:inst|memory_cell:inst11|inst  ; regout           ;
; |PD|ram:inst|4x32ram:inst7|4x4ram:inst|memory_cell:inst9|inst   ; |PD|ram:inst|4x32ram:inst7|4x4ram:inst|memory_cell:inst9|inst   ; regout           ;
; |PD|ram:inst|4x32ram:inst7|4x4ram:inst|memory_cell:inst8|inst   ; |PD|ram:inst|4x32ram:inst7|4x4ram:inst|memory_cell:inst8|inst   ; regout           ;
; |PD|ram:inst|4x32ram:inst7|4x4ram:inst|memory_cell:inst6|inst   ; |PD|ram:inst|4x32ram:inst7|4x4ram:inst|memory_cell:inst6|inst   ; regout           ;
; |PD|ram:inst|4x32ram:inst7|4x4ram:inst|memory_cell:inst4|inst   ; |PD|ram:inst|4x32ram:inst7|4x4ram:inst|memory_cell:inst4|inst   ; regout           ;
; |PD|ram:inst|4x32ram:inst7|4x4ram:inst|memory_cell:inst2|inst   ; |PD|ram:inst|4x32ram:inst7|4x4ram:inst|memory_cell:inst2|inst   ; regout           ;
; |PD|ram:inst|4x32ram:inst6|4x4ram:inst8|memory_cell:inst3|inst  ; |PD|ram:inst|4x32ram:inst6|4x4ram:inst8|memory_cell:inst3|inst  ; regout           ;
; |PD|ram:inst|4x32ram:inst6|4x4ram:inst8|memory_cell:inst5|inst  ; |PD|ram:inst|4x32ram:inst6|4x4ram:inst8|memory_cell:inst5|inst  ; regout           ;
; |PD|ram:inst|4x32ram:inst6|4x4ram:inst8|memory_cell:inst7|inst  ; |PD|ram:inst|4x32ram:inst6|4x4ram:inst8|memory_cell:inst7|inst  ; regout           ;
; |PD|ram:inst|4x32ram:inst6|4x4ram:inst8|memory_cell:inst1|inst  ; |PD|ram:inst|4x32ram:inst6|4x4ram:inst8|memory_cell:inst1|inst  ; regout           ;
; |PD|ram:inst|4x32ram:inst6|4x4ram:inst8|memory_cell:inst16|inst ; |PD|ram:inst|4x32ram:inst6|4x4ram:inst8|memory_cell:inst16|inst ; regout           ;
; |PD|ram:inst|4x32ram:inst6|4x4ram:inst8|memory_cell:inst14|inst ; |PD|ram:inst|4x32ram:inst6|4x4ram:inst8|memory_cell:inst14|inst ; regout           ;
; |PD|ram:inst|4x32ram:inst6|4x4ram:inst8|memory_cell:inst12|inst ; |PD|ram:inst|4x32ram:inst6|4x4ram:inst8|memory_cell:inst12|inst ; regout           ;
; |PD|ram:inst|4x32ram:inst6|4x4ram:inst8|memory_cell:inst10|inst ; |PD|ram:inst|4x32ram:inst6|4x4ram:inst8|memory_cell:inst10|inst ; regout           ;
; |PD|ram:inst|4x32ram:inst6|4x4ram:inst8|memory_cell:inst15|inst ; |PD|ram:inst|4x32ram:inst6|4x4ram:inst8|memory_cell:inst15|inst ; regout           ;
; |PD|ram:inst|4x32ram:inst6|4x4ram:inst8|memory_cell:inst13|inst ; |PD|ram:inst|4x32ram:inst6|4x4ram:inst8|memory_cell:inst13|inst ; regout           ;
; |PD|ram:inst|4x32ram:inst6|4x4ram:inst8|memory_cell:inst11|inst ; |PD|ram:inst|4x32ram:inst6|4x4ram:inst8|memory_cell:inst11|inst ; regout           ;
; |PD|ram:inst|4x32ram:inst6|4x4ram:inst8|memory_cell:inst9|inst  ; |PD|ram:inst|4x32ram:inst6|4x4ram:inst8|memory_cell:inst9|inst  ; regout           ;
; |PD|ram:inst|4x32ram:inst6|4x4ram:inst8|memory_cell:inst8|inst  ; |PD|ram:inst|4x32ram:inst6|4x4ram:inst8|memory_cell:inst8|inst  ; regout           ;
; |PD|ram:inst|4x32ram:inst6|4x4ram:inst8|memory_cell:inst6|inst  ; |PD|ram:inst|4x32ram:inst6|4x4ram:inst8|memory_cell:inst6|inst  ; regout           ;
; |PD|ram:inst|4x32ram:inst6|4x4ram:inst8|memory_cell:inst4|inst  ; |PD|ram:inst|4x32ram:inst6|4x4ram:inst8|memory_cell:inst4|inst  ; regout           ;
; |PD|ram:inst|4x32ram:inst6|4x4ram:inst8|memory_cell:inst2|inst  ; |PD|ram:inst|4x32ram:inst6|4x4ram:inst8|memory_cell:inst2|inst  ; regout           ;
; |PD|ram:inst|4x32ram:inst6|4x4ram:inst7|IN~0                    ; |PD|ram:inst|4x32ram:inst6|4x4ram:inst7|IN~0                    ; out0             ;
; |PD|ram:inst|4x32ram:inst6|4x4ram:inst7|IN~1                    ; |PD|ram:inst|4x32ram:inst6|4x4ram:inst7|IN~1                    ; out0             ;
; |PD|ram:inst|4x32ram:inst6|4x4ram:inst7|IN~2                    ; |PD|ram:inst|4x32ram:inst6|4x4ram:inst7|IN~2                    ; out0             ;
; |PD|ram:inst|4x32ram:inst6|4x4ram:inst7|IN~3                    ; |PD|ram:inst|4x32ram:inst6|4x4ram:inst7|IN~3                    ; out0             ;
; |PD|ram:inst|4x32ram:inst6|4x4ram:inst7|memory_cell:inst3|inst  ; |PD|ram:inst|4x32ram:inst6|4x4ram:inst7|memory_cell:inst3|inst  ; regout           ;
; |PD|ram:inst|4x32ram:inst6|4x4ram:inst7|memory_cell:inst5|inst  ; |PD|ram:inst|4x32ram:inst6|4x4ram:inst7|memory_cell:inst5|inst  ; regout           ;
; |PD|ram:inst|4x32ram:inst6|4x4ram:inst7|memory_cell:inst7|inst  ; |PD|ram:inst|4x32ram:inst6|4x4ram:inst7|memory_cell:inst7|inst  ; regout           ;
; |PD|ram:inst|4x32ram:inst6|4x4ram:inst7|memory_cell:inst1|inst  ; |PD|ram:inst|4x32ram:inst6|4x4ram:inst7|memory_cell:inst1|inst  ; regout           ;
; |PD|ram:inst|4x32ram:inst6|4x4ram:inst7|memory_cell:inst16|inst ; |PD|ram:inst|4x32ram:inst6|4x4ram:inst7|memory_cell:inst16|inst ; regout           ;
; |PD|ram:inst|4x32ram:inst6|4x4ram:inst7|memory_cell:inst14|inst ; |PD|ram:inst|4x32ram:inst6|4x4ram:inst7|memory_cell:inst14|inst ; regout           ;
; |PD|ram:inst|4x32ram:inst6|4x4ram:inst7|memory_cell:inst12|inst ; |PD|ram:inst|4x32ram:inst6|4x4ram:inst7|memory_cell:inst12|inst ; regout           ;
; |PD|ram:inst|4x32ram:inst6|4x4ram:inst7|memory_cell:inst10|inst ; |PD|ram:inst|4x32ram:inst6|4x4ram:inst7|memory_cell:inst10|inst ; regout           ;
; |PD|ram:inst|4x32ram:inst6|4x4ram:inst7|memory_cell:inst15|inst ; |PD|ram:inst|4x32ram:inst6|4x4ram:inst7|memory_cell:inst15|inst ; regout           ;
; |PD|ram:inst|4x32ram:inst6|4x4ram:inst7|memory_cell:inst13|inst ; |PD|ram:inst|4x32ram:inst6|4x4ram:inst7|memory_cell:inst13|inst ; regout           ;
; |PD|ram:inst|4x32ram:inst6|4x4ram:inst7|memory_cell:inst11|inst ; |PD|ram:inst|4x32ram:inst6|4x4ram:inst7|memory_cell:inst11|inst ; regout           ;
; |PD|ram:inst|4x32ram:inst6|4x4ram:inst7|memory_cell:inst9|inst  ; |PD|ram:inst|4x32ram:inst6|4x4ram:inst7|memory_cell:inst9|inst  ; regout           ;
; |PD|ram:inst|4x32ram:inst6|4x4ram:inst7|memory_cell:inst8|inst  ; |PD|ram:inst|4x32ram:inst6|4x4ram:inst7|memory_cell:inst8|inst  ; regout           ;
; |PD|ram:inst|4x32ram:inst6|4x4ram:inst7|memory_cell:inst6|inst  ; |PD|ram:inst|4x32ram:inst6|4x4ram:inst7|memory_cell:inst6|inst  ; regout           ;
; |PD|ram:inst|4x32ram:inst6|4x4ram:inst7|memory_cell:inst4|inst  ; |PD|ram:inst|4x32ram:inst6|4x4ram:inst7|memory_cell:inst4|inst  ; regout           ;
; |PD|ram:inst|4x32ram:inst6|4x4ram:inst7|memory_cell:inst2|inst  ; |PD|ram:inst|4x32ram:inst6|4x4ram:inst7|memory_cell:inst2|inst  ; regout           ;
; |PD|ram:inst|4x32ram:inst6|4x4ram:inst6|IN~0                    ; |PD|ram:inst|4x32ram:inst6|4x4ram:inst6|IN~0                    ; out0             ;
; |PD|ram:inst|4x32ram:inst6|4x4ram:inst6|IN~1                    ; |PD|ram:inst|4x32ram:inst6|4x4ram:inst6|IN~1                    ; out0             ;
; |PD|ram:inst|4x32ram:inst6|4x4ram:inst6|IN~2                    ; |PD|ram:inst|4x32ram:inst6|4x4ram:inst6|IN~2                    ; out0             ;
; |PD|ram:inst|4x32ram:inst6|4x4ram:inst6|IN~3                    ; |PD|ram:inst|4x32ram:inst6|4x4ram:inst6|IN~3                    ; out0             ;
; |PD|ram:inst|4x32ram:inst6|4x4ram:inst6|memory_cell:inst3|inst  ; |PD|ram:inst|4x32ram:inst6|4x4ram:inst6|memory_cell:inst3|inst  ; regout           ;
; |PD|ram:inst|4x32ram:inst6|4x4ram:inst6|memory_cell:inst5|inst  ; |PD|ram:inst|4x32ram:inst6|4x4ram:inst6|memory_cell:inst5|inst  ; regout           ;
; |PD|ram:inst|4x32ram:inst6|4x4ram:inst6|memory_cell:inst7|inst  ; |PD|ram:inst|4x32ram:inst6|4x4ram:inst6|memory_cell:inst7|inst  ; regout           ;
; |PD|ram:inst|4x32ram:inst6|4x4ram:inst6|memory_cell:inst1|inst  ; |PD|ram:inst|4x32ram:inst6|4x4ram:inst6|memory_cell:inst1|inst  ; regout           ;
; |PD|ram:inst|4x32ram:inst6|4x4ram:inst6|memory_cell:inst16|inst ; |PD|ram:inst|4x32ram:inst6|4x4ram:inst6|memory_cell:inst16|inst ; regout           ;
; |PD|ram:inst|4x32ram:inst6|4x4ram:inst6|memory_cell:inst14|inst ; |PD|ram:inst|4x32ram:inst6|4x4ram:inst6|memory_cell:inst14|inst ; regout           ;
; |PD|ram:inst|4x32ram:inst6|4x4ram:inst6|memory_cell:inst12|inst ; |PD|ram:inst|4x32ram:inst6|4x4ram:inst6|memory_cell:inst12|inst ; regout           ;
; |PD|ram:inst|4x32ram:inst6|4x4ram:inst6|memory_cell:inst10|inst ; |PD|ram:inst|4x32ram:inst6|4x4ram:inst6|memory_cell:inst10|inst ; regout           ;
; |PD|ram:inst|4x32ram:inst6|4x4ram:inst6|memory_cell:inst15|inst ; |PD|ram:inst|4x32ram:inst6|4x4ram:inst6|memory_cell:inst15|inst ; regout           ;
; |PD|ram:inst|4x32ram:inst6|4x4ram:inst6|memory_cell:inst13|inst ; |PD|ram:inst|4x32ram:inst6|4x4ram:inst6|memory_cell:inst13|inst ; regout           ;
; |PD|ram:inst|4x32ram:inst6|4x4ram:inst6|memory_cell:inst11|inst ; |PD|ram:inst|4x32ram:inst6|4x4ram:inst6|memory_cell:inst11|inst ; regout           ;
; |PD|ram:inst|4x32ram:inst6|4x4ram:inst6|memory_cell:inst9|inst  ; |PD|ram:inst|4x32ram:inst6|4x4ram:inst6|memory_cell:inst9|inst  ; regout           ;
; |PD|ram:inst|4x32ram:inst6|4x4ram:inst6|memory_cell:inst8|inst  ; |PD|ram:inst|4x32ram:inst6|4x4ram:inst6|memory_cell:inst8|inst  ; regout           ;
; |PD|ram:inst|4x32ram:inst6|4x4ram:inst6|memory_cell:inst6|inst  ; |PD|ram:inst|4x32ram:inst6|4x4ram:inst6|memory_cell:inst6|inst  ; regout           ;
; |PD|ram:inst|4x32ram:inst6|4x4ram:inst6|memory_cell:inst4|inst  ; |PD|ram:inst|4x32ram:inst6|4x4ram:inst6|memory_cell:inst4|inst  ; regout           ;
; |PD|ram:inst|4x32ram:inst6|4x4ram:inst6|memory_cell:inst2|inst  ; |PD|ram:inst|4x32ram:inst6|4x4ram:inst6|memory_cell:inst2|inst  ; regout           ;
; |PD|ram:inst|4x32ram:inst6|4x4ram:inst5|IN~0                    ; |PD|ram:inst|4x32ram:inst6|4x4ram:inst5|IN~0                    ; out0             ;
; |PD|ram:inst|4x32ram:inst6|4x4ram:inst5|IN~1                    ; |PD|ram:inst|4x32ram:inst6|4x4ram:inst5|IN~1                    ; out0             ;
; |PD|ram:inst|4x32ram:inst6|4x4ram:inst5|IN~2                    ; |PD|ram:inst|4x32ram:inst6|4x4ram:inst5|IN~2                    ; out0             ;
; |PD|ram:inst|4x32ram:inst6|4x4ram:inst5|IN~3                    ; |PD|ram:inst|4x32ram:inst6|4x4ram:inst5|IN~3                    ; out0             ;
; |PD|ram:inst|4x32ram:inst6|4x4ram:inst5|memory_cell:inst3|inst  ; |PD|ram:inst|4x32ram:inst6|4x4ram:inst5|memory_cell:inst3|inst  ; regout           ;
; |PD|ram:inst|4x32ram:inst6|4x4ram:inst5|memory_cell:inst5|inst  ; |PD|ram:inst|4x32ram:inst6|4x4ram:inst5|memory_cell:inst5|inst  ; regout           ;
; |PD|ram:inst|4x32ram:inst6|4x4ram:inst5|memory_cell:inst7|inst  ; |PD|ram:inst|4x32ram:inst6|4x4ram:inst5|memory_cell:inst7|inst  ; regout           ;
; |PD|ram:inst|4x32ram:inst6|4x4ram:inst5|memory_cell:inst1|inst  ; |PD|ram:inst|4x32ram:inst6|4x4ram:inst5|memory_cell:inst1|inst  ; regout           ;
; |PD|ram:inst|4x32ram:inst6|4x4ram:inst5|memory_cell:inst16|inst ; |PD|ram:inst|4x32ram:inst6|4x4ram:inst5|memory_cell:inst16|inst ; regout           ;
; |PD|ram:inst|4x32ram:inst6|4x4ram:inst5|memory_cell:inst14|inst ; |PD|ram:inst|4x32ram:inst6|4x4ram:inst5|memory_cell:inst14|inst ; regout           ;
; |PD|ram:inst|4x32ram:inst6|4x4ram:inst5|memory_cell:inst12|inst ; |PD|ram:inst|4x32ram:inst6|4x4ram:inst5|memory_cell:inst12|inst ; regout           ;
; |PD|ram:inst|4x32ram:inst6|4x4ram:inst5|memory_cell:inst10|inst ; |PD|ram:inst|4x32ram:inst6|4x4ram:inst5|memory_cell:inst10|inst ; regout           ;
; |PD|ram:inst|4x32ram:inst6|4x4ram:inst5|memory_cell:inst15|inst ; |PD|ram:inst|4x32ram:inst6|4x4ram:inst5|memory_cell:inst15|inst ; regout           ;
; |PD|ram:inst|4x32ram:inst6|4x4ram:inst5|memory_cell:inst13|inst ; |PD|ram:inst|4x32ram:inst6|4x4ram:inst5|memory_cell:inst13|inst ; regout           ;
; |PD|ram:inst|4x32ram:inst6|4x4ram:inst5|memory_cell:inst11|inst ; |PD|ram:inst|4x32ram:inst6|4x4ram:inst5|memory_cell:inst11|inst ; regout           ;
; |PD|ram:inst|4x32ram:inst6|4x4ram:inst5|memory_cell:inst9|inst  ; |PD|ram:inst|4x32ram:inst6|4x4ram:inst5|memory_cell:inst9|inst  ; regout           ;
; |PD|ram:inst|4x32ram:inst6|4x4ram:inst5|memory_cell:inst8|inst  ; |PD|ram:inst|4x32ram:inst6|4x4ram:inst5|memory_cell:inst8|inst  ; regout           ;
; |PD|ram:inst|4x32ram:inst6|4x4ram:inst5|memory_cell:inst6|inst  ; |PD|ram:inst|4x32ram:inst6|4x4ram:inst5|memory_cell:inst6|inst  ; regout           ;
; |PD|ram:inst|4x32ram:inst6|4x4ram:inst5|memory_cell:inst4|inst  ; |PD|ram:inst|4x32ram:inst6|4x4ram:inst5|memory_cell:inst4|inst  ; regout           ;
; |PD|ram:inst|4x32ram:inst6|4x4ram:inst5|memory_cell:inst2|inst  ; |PD|ram:inst|4x32ram:inst6|4x4ram:inst5|memory_cell:inst2|inst  ; regout           ;
; |PD|ram:inst|4x32ram:inst6|4x4ram:inst4|IN~0                    ; |PD|ram:inst|4x32ram:inst6|4x4ram:inst4|IN~0                    ; out0             ;
; |PD|ram:inst|4x32ram:inst6|4x4ram:inst4|IN~1                    ; |PD|ram:inst|4x32ram:inst6|4x4ram:inst4|IN~1                    ; out0             ;
; |PD|ram:inst|4x32ram:inst6|4x4ram:inst4|IN~2                    ; |PD|ram:inst|4x32ram:inst6|4x4ram:inst4|IN~2                    ; out0             ;
; |PD|ram:inst|4x32ram:inst6|4x4ram:inst4|IN~3                    ; |PD|ram:inst|4x32ram:inst6|4x4ram:inst4|IN~3                    ; out0             ;
; |PD|ram:inst|4x32ram:inst6|4x4ram:inst4|memory_cell:inst3|inst  ; |PD|ram:inst|4x32ram:inst6|4x4ram:inst4|memory_cell:inst3|inst  ; regout           ;
; |PD|ram:inst|4x32ram:inst6|4x4ram:inst4|memory_cell:inst5|inst  ; |PD|ram:inst|4x32ram:inst6|4x4ram:inst4|memory_cell:inst5|inst  ; regout           ;
; |PD|ram:inst|4x32ram:inst6|4x4ram:inst4|memory_cell:inst7|inst  ; |PD|ram:inst|4x32ram:inst6|4x4ram:inst4|memory_cell:inst7|inst  ; regout           ;
; |PD|ram:inst|4x32ram:inst6|4x4ram:inst4|memory_cell:inst1|inst  ; |PD|ram:inst|4x32ram:inst6|4x4ram:inst4|memory_cell:inst1|inst  ; regout           ;
; |PD|ram:inst|4x32ram:inst6|4x4ram:inst4|memory_cell:inst16|inst ; |PD|ram:inst|4x32ram:inst6|4x4ram:inst4|memory_cell:inst16|inst ; regout           ;
; |PD|ram:inst|4x32ram:inst6|4x4ram:inst4|memory_cell:inst14|inst ; |PD|ram:inst|4x32ram:inst6|4x4ram:inst4|memory_cell:inst14|inst ; regout           ;
; |PD|ram:inst|4x32ram:inst6|4x4ram:inst4|memory_cell:inst12|inst ; |PD|ram:inst|4x32ram:inst6|4x4ram:inst4|memory_cell:inst12|inst ; regout           ;
; |PD|ram:inst|4x32ram:inst6|4x4ram:inst4|memory_cell:inst10|inst ; |PD|ram:inst|4x32ram:inst6|4x4ram:inst4|memory_cell:inst10|inst ; regout           ;
; |PD|ram:inst|4x32ram:inst6|4x4ram:inst4|memory_cell:inst15|inst ; |PD|ram:inst|4x32ram:inst6|4x4ram:inst4|memory_cell:inst15|inst ; regout           ;
; |PD|ram:inst|4x32ram:inst6|4x4ram:inst4|memory_cell:inst13|inst ; |PD|ram:inst|4x32ram:inst6|4x4ram:inst4|memory_cell:inst13|inst ; regout           ;
; |PD|ram:inst|4x32ram:inst6|4x4ram:inst4|memory_cell:inst11|inst ; |PD|ram:inst|4x32ram:inst6|4x4ram:inst4|memory_cell:inst11|inst ; regout           ;
; |PD|ram:inst|4x32ram:inst6|4x4ram:inst4|memory_cell:inst9|inst  ; |PD|ram:inst|4x32ram:inst6|4x4ram:inst4|memory_cell:inst9|inst  ; regout           ;
; |PD|ram:inst|4x32ram:inst6|4x4ram:inst4|memory_cell:inst8|inst  ; |PD|ram:inst|4x32ram:inst6|4x4ram:inst4|memory_cell:inst8|inst  ; regout           ;
; |PD|ram:inst|4x32ram:inst6|4x4ram:inst4|memory_cell:inst6|inst  ; |PD|ram:inst|4x32ram:inst6|4x4ram:inst4|memory_cell:inst6|inst  ; regout           ;
; |PD|ram:inst|4x32ram:inst6|4x4ram:inst4|memory_cell:inst4|inst  ; |PD|ram:inst|4x32ram:inst6|4x4ram:inst4|memory_cell:inst4|inst  ; regout           ;
; |PD|ram:inst|4x32ram:inst6|4x4ram:inst4|memory_cell:inst2|inst  ; |PD|ram:inst|4x32ram:inst6|4x4ram:inst4|memory_cell:inst2|inst  ; regout           ;
; |PD|ram:inst|4x32ram:inst6|4x4ram:inst3|IN~0                    ; |PD|ram:inst|4x32ram:inst6|4x4ram:inst3|IN~0                    ; out0             ;
; |PD|ram:inst|4x32ram:inst6|4x4ram:inst3|IN~1                    ; |PD|ram:inst|4x32ram:inst6|4x4ram:inst3|IN~1                    ; out0             ;
; |PD|ram:inst|4x32ram:inst6|4x4ram:inst3|IN~2                    ; |PD|ram:inst|4x32ram:inst6|4x4ram:inst3|IN~2                    ; out0             ;
; |PD|ram:inst|4x32ram:inst6|4x4ram:inst3|IN~3                    ; |PD|ram:inst|4x32ram:inst6|4x4ram:inst3|IN~3                    ; out0             ;
; |PD|ram:inst|4x32ram:inst6|4x4ram:inst3|memory_cell:inst3|inst  ; |PD|ram:inst|4x32ram:inst6|4x4ram:inst3|memory_cell:inst3|inst  ; regout           ;
; |PD|ram:inst|4x32ram:inst6|4x4ram:inst3|memory_cell:inst5|inst  ; |PD|ram:inst|4x32ram:inst6|4x4ram:inst3|memory_cell:inst5|inst  ; regout           ;
; |PD|ram:inst|4x32ram:inst6|4x4ram:inst3|memory_cell:inst7|inst  ; |PD|ram:inst|4x32ram:inst6|4x4ram:inst3|memory_cell:inst7|inst  ; regout           ;
; |PD|ram:inst|4x32ram:inst6|4x4ram:inst3|memory_cell:inst1|inst  ; |PD|ram:inst|4x32ram:inst6|4x4ram:inst3|memory_cell:inst1|inst  ; regout           ;
; |PD|ram:inst|4x32ram:inst6|4x4ram:inst3|memory_cell:inst16|inst ; |PD|ram:inst|4x32ram:inst6|4x4ram:inst3|memory_cell:inst16|inst ; regout           ;
; |PD|ram:inst|4x32ram:inst6|4x4ram:inst3|memory_cell:inst14|inst ; |PD|ram:inst|4x32ram:inst6|4x4ram:inst3|memory_cell:inst14|inst ; regout           ;
; |PD|ram:inst|4x32ram:inst6|4x4ram:inst3|memory_cell:inst12|inst ; |PD|ram:inst|4x32ram:inst6|4x4ram:inst3|memory_cell:inst12|inst ; regout           ;
; |PD|ram:inst|4x32ram:inst6|4x4ram:inst3|memory_cell:inst10|inst ; |PD|ram:inst|4x32ram:inst6|4x4ram:inst3|memory_cell:inst10|inst ; regout           ;
; |PD|ram:inst|4x32ram:inst6|4x4ram:inst3|memory_cell:inst15|inst ; |PD|ram:inst|4x32ram:inst6|4x4ram:inst3|memory_cell:inst15|inst ; regout           ;
; |PD|ram:inst|4x32ram:inst6|4x4ram:inst3|memory_cell:inst13|inst ; |PD|ram:inst|4x32ram:inst6|4x4ram:inst3|memory_cell:inst13|inst ; regout           ;
; |PD|ram:inst|4x32ram:inst6|4x4ram:inst3|memory_cell:inst11|inst ; |PD|ram:inst|4x32ram:inst6|4x4ram:inst3|memory_cell:inst11|inst ; regout           ;
; |PD|ram:inst|4x32ram:inst6|4x4ram:inst3|memory_cell:inst9|inst  ; |PD|ram:inst|4x32ram:inst6|4x4ram:inst3|memory_cell:inst9|inst  ; regout           ;
; |PD|ram:inst|4x32ram:inst6|4x4ram:inst3|memory_cell:inst8|inst  ; |PD|ram:inst|4x32ram:inst6|4x4ram:inst3|memory_cell:inst8|inst  ; regout           ;
; |PD|ram:inst|4x32ram:inst6|4x4ram:inst3|memory_cell:inst6|inst  ; |PD|ram:inst|4x32ram:inst6|4x4ram:inst3|memory_cell:inst6|inst  ; regout           ;
; |PD|ram:inst|4x32ram:inst6|4x4ram:inst3|memory_cell:inst4|inst  ; |PD|ram:inst|4x32ram:inst6|4x4ram:inst3|memory_cell:inst4|inst  ; regout           ;
; |PD|ram:inst|4x32ram:inst6|4x4ram:inst3|memory_cell:inst2|inst  ; |PD|ram:inst|4x32ram:inst6|4x4ram:inst3|memory_cell:inst2|inst  ; regout           ;
; |PD|ram:inst|4x32ram:inst6|4x4ram:inst1|IN~0                    ; |PD|ram:inst|4x32ram:inst6|4x4ram:inst1|IN~0                    ; out0             ;
; |PD|ram:inst|4x32ram:inst6|4x4ram:inst1|IN~1                    ; |PD|ram:inst|4x32ram:inst6|4x4ram:inst1|IN~1                    ; out0             ;
; |PD|ram:inst|4x32ram:inst6|4x4ram:inst1|IN~2                    ; |PD|ram:inst|4x32ram:inst6|4x4ram:inst1|IN~2                    ; out0             ;
; |PD|ram:inst|4x32ram:inst6|4x4ram:inst1|IN~3                    ; |PD|ram:inst|4x32ram:inst6|4x4ram:inst1|IN~3                    ; out0             ;
; |PD|ram:inst|4x32ram:inst6|4x4ram:inst1|memory_cell:inst3|inst  ; |PD|ram:inst|4x32ram:inst6|4x4ram:inst1|memory_cell:inst3|inst  ; regout           ;
; |PD|ram:inst|4x32ram:inst6|4x4ram:inst1|memory_cell:inst5|inst  ; |PD|ram:inst|4x32ram:inst6|4x4ram:inst1|memory_cell:inst5|inst  ; regout           ;
; |PD|ram:inst|4x32ram:inst6|4x4ram:inst1|memory_cell:inst7|inst  ; |PD|ram:inst|4x32ram:inst6|4x4ram:inst1|memory_cell:inst7|inst  ; regout           ;
; |PD|ram:inst|4x32ram:inst6|4x4ram:inst1|memory_cell:inst1|inst  ; |PD|ram:inst|4x32ram:inst6|4x4ram:inst1|memory_cell:inst1|inst  ; regout           ;
; |PD|ram:inst|4x32ram:inst6|4x4ram:inst1|memory_cell:inst16|inst ; |PD|ram:inst|4x32ram:inst6|4x4ram:inst1|memory_cell:inst16|inst ; regout           ;
; |PD|ram:inst|4x32ram:inst6|4x4ram:inst1|memory_cell:inst14|inst ; |PD|ram:inst|4x32ram:inst6|4x4ram:inst1|memory_cell:inst14|inst ; regout           ;
; |PD|ram:inst|4x32ram:inst6|4x4ram:inst1|memory_cell:inst12|inst ; |PD|ram:inst|4x32ram:inst6|4x4ram:inst1|memory_cell:inst12|inst ; regout           ;
; |PD|ram:inst|4x32ram:inst6|4x4ram:inst1|memory_cell:inst10|inst ; |PD|ram:inst|4x32ram:inst6|4x4ram:inst1|memory_cell:inst10|inst ; regout           ;
; |PD|ram:inst|4x32ram:inst6|4x4ram:inst1|memory_cell:inst15|inst ; |PD|ram:inst|4x32ram:inst6|4x4ram:inst1|memory_cell:inst15|inst ; regout           ;
; |PD|ram:inst|4x32ram:inst6|4x4ram:inst1|memory_cell:inst13|inst ; |PD|ram:inst|4x32ram:inst6|4x4ram:inst1|memory_cell:inst13|inst ; regout           ;
; |PD|ram:inst|4x32ram:inst6|4x4ram:inst1|memory_cell:inst11|inst ; |PD|ram:inst|4x32ram:inst6|4x4ram:inst1|memory_cell:inst11|inst ; regout           ;
; |PD|ram:inst|4x32ram:inst6|4x4ram:inst1|memory_cell:inst9|inst  ; |PD|ram:inst|4x32ram:inst6|4x4ram:inst1|memory_cell:inst9|inst  ; regout           ;
; |PD|ram:inst|4x32ram:inst6|4x4ram:inst1|memory_cell:inst8|inst  ; |PD|ram:inst|4x32ram:inst6|4x4ram:inst1|memory_cell:inst8|inst  ; regout           ;
; |PD|ram:inst|4x32ram:inst6|4x4ram:inst1|memory_cell:inst6|inst  ; |PD|ram:inst|4x32ram:inst6|4x4ram:inst1|memory_cell:inst6|inst  ; regout           ;
; |PD|ram:inst|4x32ram:inst6|4x4ram:inst1|memory_cell:inst4|inst  ; |PD|ram:inst|4x32ram:inst6|4x4ram:inst1|memory_cell:inst4|inst  ; regout           ;
; |PD|ram:inst|4x32ram:inst6|4x4ram:inst1|memory_cell:inst2|inst  ; |PD|ram:inst|4x32ram:inst6|4x4ram:inst1|memory_cell:inst2|inst  ; regout           ;
; |PD|ram:inst|4x32ram:inst6|4x4ram:inst|IN~0                     ; |PD|ram:inst|4x32ram:inst6|4x4ram:inst|IN~0                     ; out0             ;
; |PD|ram:inst|4x32ram:inst6|4x4ram:inst|IN~1                     ; |PD|ram:inst|4x32ram:inst6|4x4ram:inst|IN~1                     ; out0             ;
; |PD|ram:inst|4x32ram:inst6|4x4ram:inst|IN~2                     ; |PD|ram:inst|4x32ram:inst6|4x4ram:inst|IN~2                     ; out0             ;
; |PD|ram:inst|4x32ram:inst6|4x4ram:inst|IN~3                     ; |PD|ram:inst|4x32ram:inst6|4x4ram:inst|IN~3                     ; out0             ;
; |PD|ram:inst|4x32ram:inst6|4x4ram:inst|memory_cell:inst3|inst   ; |PD|ram:inst|4x32ram:inst6|4x4ram:inst|memory_cell:inst3|inst   ; regout           ;
; |PD|ram:inst|4x32ram:inst6|4x4ram:inst|memory_cell:inst5|inst   ; |PD|ram:inst|4x32ram:inst6|4x4ram:inst|memory_cell:inst5|inst   ; regout           ;
; |PD|ram:inst|4x32ram:inst6|4x4ram:inst|memory_cell:inst7|inst   ; |PD|ram:inst|4x32ram:inst6|4x4ram:inst|memory_cell:inst7|inst   ; regout           ;
; |PD|ram:inst|4x32ram:inst6|4x4ram:inst|memory_cell:inst1|inst   ; |PD|ram:inst|4x32ram:inst6|4x4ram:inst|memory_cell:inst1|inst   ; regout           ;
; |PD|ram:inst|4x32ram:inst6|4x4ram:inst|memory_cell:inst16|inst  ; |PD|ram:inst|4x32ram:inst6|4x4ram:inst|memory_cell:inst16|inst  ; regout           ;
; |PD|ram:inst|4x32ram:inst6|4x4ram:inst|memory_cell:inst14|inst  ; |PD|ram:inst|4x32ram:inst6|4x4ram:inst|memory_cell:inst14|inst  ; regout           ;
; |PD|ram:inst|4x32ram:inst6|4x4ram:inst|memory_cell:inst12|inst  ; |PD|ram:inst|4x32ram:inst6|4x4ram:inst|memory_cell:inst12|inst  ; regout           ;
; |PD|ram:inst|4x32ram:inst6|4x4ram:inst|memory_cell:inst10|inst  ; |PD|ram:inst|4x32ram:inst6|4x4ram:inst|memory_cell:inst10|inst  ; regout           ;
; |PD|ram:inst|4x32ram:inst6|4x4ram:inst|memory_cell:inst15|inst  ; |PD|ram:inst|4x32ram:inst6|4x4ram:inst|memory_cell:inst15|inst  ; regout           ;
; |PD|ram:inst|4x32ram:inst6|4x4ram:inst|memory_cell:inst13|inst  ; |PD|ram:inst|4x32ram:inst6|4x4ram:inst|memory_cell:inst13|inst  ; regout           ;
; |PD|ram:inst|4x32ram:inst6|4x4ram:inst|memory_cell:inst11|inst  ; |PD|ram:inst|4x32ram:inst6|4x4ram:inst|memory_cell:inst11|inst  ; regout           ;
; |PD|ram:inst|4x32ram:inst6|4x4ram:inst|memory_cell:inst9|inst   ; |PD|ram:inst|4x32ram:inst6|4x4ram:inst|memory_cell:inst9|inst   ; regout           ;
; |PD|ram:inst|4x32ram:inst6|4x4ram:inst|memory_cell:inst8|inst   ; |PD|ram:inst|4x32ram:inst6|4x4ram:inst|memory_cell:inst8|inst   ; regout           ;
; |PD|ram:inst|4x32ram:inst6|4x4ram:inst|memory_cell:inst6|inst   ; |PD|ram:inst|4x32ram:inst6|4x4ram:inst|memory_cell:inst6|inst   ; regout           ;
; |PD|ram:inst|4x32ram:inst6|4x4ram:inst|memory_cell:inst4|inst   ; |PD|ram:inst|4x32ram:inst6|4x4ram:inst|memory_cell:inst4|inst   ; regout           ;
; |PD|ram:inst|4x32ram:inst6|4x4ram:inst|memory_cell:inst2|inst   ; |PD|ram:inst|4x32ram:inst6|4x4ram:inst|memory_cell:inst2|inst   ; regout           ;
; |PD|ram:inst|4x32ram:inst5|4x4ram:inst8|inst19                  ; |PD|ram:inst|4x32ram:inst5|4x4ram:inst8|inst19                  ; out              ;
; |PD|ram:inst|4x32ram:inst5|4x4ram:inst8|memory_cell:inst3|inst  ; |PD|ram:inst|4x32ram:inst5|4x4ram:inst8|memory_cell:inst3|inst  ; regout           ;
; |PD|ram:inst|4x32ram:inst5|4x4ram:inst8|memory_cell:inst5|inst  ; |PD|ram:inst|4x32ram:inst5|4x4ram:inst8|memory_cell:inst5|inst  ; regout           ;
; |PD|ram:inst|4x32ram:inst5|4x4ram:inst8|memory_cell:inst7|inst  ; |PD|ram:inst|4x32ram:inst5|4x4ram:inst8|memory_cell:inst7|inst  ; regout           ;
; |PD|ram:inst|4x32ram:inst5|4x4ram:inst8|memory_cell:inst1|inst  ; |PD|ram:inst|4x32ram:inst5|4x4ram:inst8|memory_cell:inst1|inst  ; regout           ;
; |PD|ram:inst|4x32ram:inst5|4x4ram:inst8|memory_cell:inst16|inst ; |PD|ram:inst|4x32ram:inst5|4x4ram:inst8|memory_cell:inst16|inst ; regout           ;
; |PD|ram:inst|4x32ram:inst5|4x4ram:inst8|memory_cell:inst14|inst ; |PD|ram:inst|4x32ram:inst5|4x4ram:inst8|memory_cell:inst14|inst ; regout           ;
; |PD|ram:inst|4x32ram:inst5|4x4ram:inst8|memory_cell:inst12|inst ; |PD|ram:inst|4x32ram:inst5|4x4ram:inst8|memory_cell:inst12|inst ; regout           ;
; |PD|ram:inst|4x32ram:inst5|4x4ram:inst8|memory_cell:inst10|inst ; |PD|ram:inst|4x32ram:inst5|4x4ram:inst8|memory_cell:inst10|inst ; regout           ;
; |PD|ram:inst|4x32ram:inst5|4x4ram:inst8|memory_cell:inst15|inst ; |PD|ram:inst|4x32ram:inst5|4x4ram:inst8|memory_cell:inst15|inst ; regout           ;
; |PD|ram:inst|4x32ram:inst5|4x4ram:inst8|memory_cell:inst13|inst ; |PD|ram:inst|4x32ram:inst5|4x4ram:inst8|memory_cell:inst13|inst ; regout           ;
; |PD|ram:inst|4x32ram:inst5|4x4ram:inst8|memory_cell:inst11|inst ; |PD|ram:inst|4x32ram:inst5|4x4ram:inst8|memory_cell:inst11|inst ; regout           ;
; |PD|ram:inst|4x32ram:inst5|4x4ram:inst8|memory_cell:inst9|inst  ; |PD|ram:inst|4x32ram:inst5|4x4ram:inst8|memory_cell:inst9|inst  ; regout           ;
; |PD|ram:inst|4x32ram:inst5|4x4ram:inst8|memory_cell:inst8|inst  ; |PD|ram:inst|4x32ram:inst5|4x4ram:inst8|memory_cell:inst8|inst  ; regout           ;
; |PD|ram:inst|4x32ram:inst5|4x4ram:inst8|memory_cell:inst6|inst  ; |PD|ram:inst|4x32ram:inst5|4x4ram:inst8|memory_cell:inst6|inst  ; regout           ;
; |PD|ram:inst|4x32ram:inst5|4x4ram:inst8|memory_cell:inst4|inst  ; |PD|ram:inst|4x32ram:inst5|4x4ram:inst8|memory_cell:inst4|inst  ; regout           ;
; |PD|ram:inst|4x32ram:inst5|4x4ram:inst8|memory_cell:inst2|inst  ; |PD|ram:inst|4x32ram:inst5|4x4ram:inst8|memory_cell:inst2|inst  ; regout           ;
; |PD|ram:inst|4x32ram:inst5|4x4ram:inst7|IN~0                    ; |PD|ram:inst|4x32ram:inst5|4x4ram:inst7|IN~0                    ; out0             ;
; |PD|ram:inst|4x32ram:inst5|4x4ram:inst7|IN~1                    ; |PD|ram:inst|4x32ram:inst5|4x4ram:inst7|IN~1                    ; out0             ;
; |PD|ram:inst|4x32ram:inst5|4x4ram:inst7|IN~2                    ; |PD|ram:inst|4x32ram:inst5|4x4ram:inst7|IN~2                    ; out0             ;
; |PD|ram:inst|4x32ram:inst5|4x4ram:inst7|IN~3                    ; |PD|ram:inst|4x32ram:inst5|4x4ram:inst7|IN~3                    ; out0             ;
; |PD|ram:inst|4x32ram:inst5|4x4ram:inst7|memory_cell:inst3|inst  ; |PD|ram:inst|4x32ram:inst5|4x4ram:inst7|memory_cell:inst3|inst  ; regout           ;
; |PD|ram:inst|4x32ram:inst5|4x4ram:inst7|memory_cell:inst5|inst  ; |PD|ram:inst|4x32ram:inst5|4x4ram:inst7|memory_cell:inst5|inst  ; regout           ;
; |PD|ram:inst|4x32ram:inst5|4x4ram:inst7|memory_cell:inst7|inst  ; |PD|ram:inst|4x32ram:inst5|4x4ram:inst7|memory_cell:inst7|inst  ; regout           ;
; |PD|ram:inst|4x32ram:inst5|4x4ram:inst7|memory_cell:inst1|inst  ; |PD|ram:inst|4x32ram:inst5|4x4ram:inst7|memory_cell:inst1|inst  ; regout           ;
; |PD|ram:inst|4x32ram:inst5|4x4ram:inst7|memory_cell:inst16|inst ; |PD|ram:inst|4x32ram:inst5|4x4ram:inst7|memory_cell:inst16|inst ; regout           ;
; |PD|ram:inst|4x32ram:inst5|4x4ram:inst7|memory_cell:inst14|inst ; |PD|ram:inst|4x32ram:inst5|4x4ram:inst7|memory_cell:inst14|inst ; regout           ;
; |PD|ram:inst|4x32ram:inst5|4x4ram:inst7|memory_cell:inst12|inst ; |PD|ram:inst|4x32ram:inst5|4x4ram:inst7|memory_cell:inst12|inst ; regout           ;
; |PD|ram:inst|4x32ram:inst5|4x4ram:inst7|memory_cell:inst10|inst ; |PD|ram:inst|4x32ram:inst5|4x4ram:inst7|memory_cell:inst10|inst ; regout           ;
; |PD|ram:inst|4x32ram:inst5|4x4ram:inst7|memory_cell:inst15|inst ; |PD|ram:inst|4x32ram:inst5|4x4ram:inst7|memory_cell:inst15|inst ; regout           ;
; |PD|ram:inst|4x32ram:inst5|4x4ram:inst7|memory_cell:inst13|inst ; |PD|ram:inst|4x32ram:inst5|4x4ram:inst7|memory_cell:inst13|inst ; regout           ;
; |PD|ram:inst|4x32ram:inst5|4x4ram:inst7|memory_cell:inst11|inst ; |PD|ram:inst|4x32ram:inst5|4x4ram:inst7|memory_cell:inst11|inst ; regout           ;
; |PD|ram:inst|4x32ram:inst5|4x4ram:inst7|memory_cell:inst9|inst  ; |PD|ram:inst|4x32ram:inst5|4x4ram:inst7|memory_cell:inst9|inst  ; regout           ;
; |PD|ram:inst|4x32ram:inst5|4x4ram:inst7|memory_cell:inst8|inst  ; |PD|ram:inst|4x32ram:inst5|4x4ram:inst7|memory_cell:inst8|inst  ; regout           ;
; |PD|ram:inst|4x32ram:inst5|4x4ram:inst7|memory_cell:inst6|inst  ; |PD|ram:inst|4x32ram:inst5|4x4ram:inst7|memory_cell:inst6|inst  ; regout           ;
; |PD|ram:inst|4x32ram:inst5|4x4ram:inst7|memory_cell:inst4|inst  ; |PD|ram:inst|4x32ram:inst5|4x4ram:inst7|memory_cell:inst4|inst  ; regout           ;
; |PD|ram:inst|4x32ram:inst5|4x4ram:inst7|memory_cell:inst2|inst  ; |PD|ram:inst|4x32ram:inst5|4x4ram:inst7|memory_cell:inst2|inst  ; regout           ;
; |PD|ram:inst|4x32ram:inst5|4x4ram:inst6|IN~0                    ; |PD|ram:inst|4x32ram:inst5|4x4ram:inst6|IN~0                    ; out0             ;
; |PD|ram:inst|4x32ram:inst5|4x4ram:inst6|IN~1                    ; |PD|ram:inst|4x32ram:inst5|4x4ram:inst6|IN~1                    ; out0             ;
; |PD|ram:inst|4x32ram:inst5|4x4ram:inst6|IN~2                    ; |PD|ram:inst|4x32ram:inst5|4x4ram:inst6|IN~2                    ; out0             ;
; |PD|ram:inst|4x32ram:inst5|4x4ram:inst6|IN~3                    ; |PD|ram:inst|4x32ram:inst5|4x4ram:inst6|IN~3                    ; out0             ;
; |PD|ram:inst|4x32ram:inst5|4x4ram:inst6|memory_cell:inst3|inst  ; |PD|ram:inst|4x32ram:inst5|4x4ram:inst6|memory_cell:inst3|inst  ; regout           ;
; |PD|ram:inst|4x32ram:inst5|4x4ram:inst6|memory_cell:inst5|inst  ; |PD|ram:inst|4x32ram:inst5|4x4ram:inst6|memory_cell:inst5|inst  ; regout           ;
; |PD|ram:inst|4x32ram:inst5|4x4ram:inst6|memory_cell:inst7|inst  ; |PD|ram:inst|4x32ram:inst5|4x4ram:inst6|memory_cell:inst7|inst  ; regout           ;
; |PD|ram:inst|4x32ram:inst5|4x4ram:inst6|memory_cell:inst1|inst  ; |PD|ram:inst|4x32ram:inst5|4x4ram:inst6|memory_cell:inst1|inst  ; regout           ;
; |PD|ram:inst|4x32ram:inst5|4x4ram:inst6|memory_cell:inst16|inst ; |PD|ram:inst|4x32ram:inst5|4x4ram:inst6|memory_cell:inst16|inst ; regout           ;
; |PD|ram:inst|4x32ram:inst5|4x4ram:inst6|memory_cell:inst14|inst ; |PD|ram:inst|4x32ram:inst5|4x4ram:inst6|memory_cell:inst14|inst ; regout           ;
; |PD|ram:inst|4x32ram:inst5|4x4ram:inst6|memory_cell:inst12|inst ; |PD|ram:inst|4x32ram:inst5|4x4ram:inst6|memory_cell:inst12|inst ; regout           ;
; |PD|ram:inst|4x32ram:inst5|4x4ram:inst6|memory_cell:inst10|inst ; |PD|ram:inst|4x32ram:inst5|4x4ram:inst6|memory_cell:inst10|inst ; regout           ;
; |PD|ram:inst|4x32ram:inst5|4x4ram:inst6|memory_cell:inst15|inst ; |PD|ram:inst|4x32ram:inst5|4x4ram:inst6|memory_cell:inst15|inst ; regout           ;
; |PD|ram:inst|4x32ram:inst5|4x4ram:inst6|memory_cell:inst13|inst ; |PD|ram:inst|4x32ram:inst5|4x4ram:inst6|memory_cell:inst13|inst ; regout           ;
; |PD|ram:inst|4x32ram:inst5|4x4ram:inst6|memory_cell:inst11|inst ; |PD|ram:inst|4x32ram:inst5|4x4ram:inst6|memory_cell:inst11|inst ; regout           ;
; |PD|ram:inst|4x32ram:inst5|4x4ram:inst6|memory_cell:inst9|inst  ; |PD|ram:inst|4x32ram:inst5|4x4ram:inst6|memory_cell:inst9|inst  ; regout           ;
; |PD|ram:inst|4x32ram:inst5|4x4ram:inst6|memory_cell:inst8|inst  ; |PD|ram:inst|4x32ram:inst5|4x4ram:inst6|memory_cell:inst8|inst  ; regout           ;
; |PD|ram:inst|4x32ram:inst5|4x4ram:inst6|memory_cell:inst6|inst  ; |PD|ram:inst|4x32ram:inst5|4x4ram:inst6|memory_cell:inst6|inst  ; regout           ;
; |PD|ram:inst|4x32ram:inst5|4x4ram:inst6|memory_cell:inst4|inst  ; |PD|ram:inst|4x32ram:inst5|4x4ram:inst6|memory_cell:inst4|inst  ; regout           ;
; |PD|ram:inst|4x32ram:inst5|4x4ram:inst6|memory_cell:inst2|inst  ; |PD|ram:inst|4x32ram:inst5|4x4ram:inst6|memory_cell:inst2|inst  ; regout           ;
; |PD|ram:inst|4x32ram:inst5|4x4ram:inst5|IN~0                    ; |PD|ram:inst|4x32ram:inst5|4x4ram:inst5|IN~0                    ; out0             ;
; |PD|ram:inst|4x32ram:inst5|4x4ram:inst5|IN~1                    ; |PD|ram:inst|4x32ram:inst5|4x4ram:inst5|IN~1                    ; out0             ;
; |PD|ram:inst|4x32ram:inst5|4x4ram:inst5|IN~2                    ; |PD|ram:inst|4x32ram:inst5|4x4ram:inst5|IN~2                    ; out0             ;
; |PD|ram:inst|4x32ram:inst5|4x4ram:inst5|IN~3                    ; |PD|ram:inst|4x32ram:inst5|4x4ram:inst5|IN~3                    ; out0             ;
; |PD|ram:inst|4x32ram:inst5|4x4ram:inst5|memory_cell:inst3|inst  ; |PD|ram:inst|4x32ram:inst5|4x4ram:inst5|memory_cell:inst3|inst  ; regout           ;
; |PD|ram:inst|4x32ram:inst5|4x4ram:inst5|memory_cell:inst5|inst  ; |PD|ram:inst|4x32ram:inst5|4x4ram:inst5|memory_cell:inst5|inst  ; regout           ;
; |PD|ram:inst|4x32ram:inst5|4x4ram:inst5|memory_cell:inst7|inst  ; |PD|ram:inst|4x32ram:inst5|4x4ram:inst5|memory_cell:inst7|inst  ; regout           ;
; |PD|ram:inst|4x32ram:inst5|4x4ram:inst5|memory_cell:inst1|inst  ; |PD|ram:inst|4x32ram:inst5|4x4ram:inst5|memory_cell:inst1|inst  ; regout           ;
; |PD|ram:inst|4x32ram:inst5|4x4ram:inst5|memory_cell:inst16|inst ; |PD|ram:inst|4x32ram:inst5|4x4ram:inst5|memory_cell:inst16|inst ; regout           ;
; |PD|ram:inst|4x32ram:inst5|4x4ram:inst5|memory_cell:inst14|inst ; |PD|ram:inst|4x32ram:inst5|4x4ram:inst5|memory_cell:inst14|inst ; regout           ;
; |PD|ram:inst|4x32ram:inst5|4x4ram:inst5|memory_cell:inst12|inst ; |PD|ram:inst|4x32ram:inst5|4x4ram:inst5|memory_cell:inst12|inst ; regout           ;
; |PD|ram:inst|4x32ram:inst5|4x4ram:inst5|memory_cell:inst10|inst ; |PD|ram:inst|4x32ram:inst5|4x4ram:inst5|memory_cell:inst10|inst ; regout           ;
; |PD|ram:inst|4x32ram:inst5|4x4ram:inst5|memory_cell:inst15|inst ; |PD|ram:inst|4x32ram:inst5|4x4ram:inst5|memory_cell:inst15|inst ; regout           ;
; |PD|ram:inst|4x32ram:inst5|4x4ram:inst5|memory_cell:inst13|inst ; |PD|ram:inst|4x32ram:inst5|4x4ram:inst5|memory_cell:inst13|inst ; regout           ;
; |PD|ram:inst|4x32ram:inst5|4x4ram:inst5|memory_cell:inst11|inst ; |PD|ram:inst|4x32ram:inst5|4x4ram:inst5|memory_cell:inst11|inst ; regout           ;
; |PD|ram:inst|4x32ram:inst5|4x4ram:inst5|memory_cell:inst9|inst  ; |PD|ram:inst|4x32ram:inst5|4x4ram:inst5|memory_cell:inst9|inst  ; regout           ;
; |PD|ram:inst|4x32ram:inst5|4x4ram:inst5|memory_cell:inst8|inst  ; |PD|ram:inst|4x32ram:inst5|4x4ram:inst5|memory_cell:inst8|inst  ; regout           ;
; |PD|ram:inst|4x32ram:inst5|4x4ram:inst5|memory_cell:inst6|inst  ; |PD|ram:inst|4x32ram:inst5|4x4ram:inst5|memory_cell:inst6|inst  ; regout           ;
; |PD|ram:inst|4x32ram:inst5|4x4ram:inst5|memory_cell:inst4|inst  ; |PD|ram:inst|4x32ram:inst5|4x4ram:inst5|memory_cell:inst4|inst  ; regout           ;
; |PD|ram:inst|4x32ram:inst5|4x4ram:inst5|memory_cell:inst2|inst  ; |PD|ram:inst|4x32ram:inst5|4x4ram:inst5|memory_cell:inst2|inst  ; regout           ;
; |PD|ram:inst|4x32ram:inst5|4x4ram:inst4|IN~0                    ; |PD|ram:inst|4x32ram:inst5|4x4ram:inst4|IN~0                    ; out0             ;
; |PD|ram:inst|4x32ram:inst5|4x4ram:inst4|IN~1                    ; |PD|ram:inst|4x32ram:inst5|4x4ram:inst4|IN~1                    ; out0             ;
; |PD|ram:inst|4x32ram:inst5|4x4ram:inst4|IN~2                    ; |PD|ram:inst|4x32ram:inst5|4x4ram:inst4|IN~2                    ; out0             ;
; |PD|ram:inst|4x32ram:inst5|4x4ram:inst4|IN~3                    ; |PD|ram:inst|4x32ram:inst5|4x4ram:inst4|IN~3                    ; out0             ;
; |PD|ram:inst|4x32ram:inst5|4x4ram:inst4|memory_cell:inst3|inst  ; |PD|ram:inst|4x32ram:inst5|4x4ram:inst4|memory_cell:inst3|inst  ; regout           ;
; |PD|ram:inst|4x32ram:inst5|4x4ram:inst4|memory_cell:inst5|inst  ; |PD|ram:inst|4x32ram:inst5|4x4ram:inst4|memory_cell:inst5|inst  ; regout           ;
; |PD|ram:inst|4x32ram:inst5|4x4ram:inst4|memory_cell:inst7|inst  ; |PD|ram:inst|4x32ram:inst5|4x4ram:inst4|memory_cell:inst7|inst  ; regout           ;
; |PD|ram:inst|4x32ram:inst5|4x4ram:inst4|memory_cell:inst1|inst  ; |PD|ram:inst|4x32ram:inst5|4x4ram:inst4|memory_cell:inst1|inst  ; regout           ;
; |PD|ram:inst|4x32ram:inst5|4x4ram:inst4|memory_cell:inst16|inst ; |PD|ram:inst|4x32ram:inst5|4x4ram:inst4|memory_cell:inst16|inst ; regout           ;
; |PD|ram:inst|4x32ram:inst5|4x4ram:inst4|memory_cell:inst14|inst ; |PD|ram:inst|4x32ram:inst5|4x4ram:inst4|memory_cell:inst14|inst ; regout           ;
; |PD|ram:inst|4x32ram:inst5|4x4ram:inst4|memory_cell:inst12|inst ; |PD|ram:inst|4x32ram:inst5|4x4ram:inst4|memory_cell:inst12|inst ; regout           ;
; |PD|ram:inst|4x32ram:inst5|4x4ram:inst4|memory_cell:inst10|inst ; |PD|ram:inst|4x32ram:inst5|4x4ram:inst4|memory_cell:inst10|inst ; regout           ;
; |PD|ram:inst|4x32ram:inst5|4x4ram:inst4|memory_cell:inst15|inst ; |PD|ram:inst|4x32ram:inst5|4x4ram:inst4|memory_cell:inst15|inst ; regout           ;
; |PD|ram:inst|4x32ram:inst5|4x4ram:inst4|memory_cell:inst13|inst ; |PD|ram:inst|4x32ram:inst5|4x4ram:inst4|memory_cell:inst13|inst ; regout           ;
; |PD|ram:inst|4x32ram:inst5|4x4ram:inst4|memory_cell:inst11|inst ; |PD|ram:inst|4x32ram:inst5|4x4ram:inst4|memory_cell:inst11|inst ; regout           ;
; |PD|ram:inst|4x32ram:inst5|4x4ram:inst4|memory_cell:inst9|inst  ; |PD|ram:inst|4x32ram:inst5|4x4ram:inst4|memory_cell:inst9|inst  ; regout           ;
; |PD|ram:inst|4x32ram:inst5|4x4ram:inst4|memory_cell:inst8|inst  ; |PD|ram:inst|4x32ram:inst5|4x4ram:inst4|memory_cell:inst8|inst  ; regout           ;
; |PD|ram:inst|4x32ram:inst5|4x4ram:inst4|memory_cell:inst6|inst  ; |PD|ram:inst|4x32ram:inst5|4x4ram:inst4|memory_cell:inst6|inst  ; regout           ;
; |PD|ram:inst|4x32ram:inst5|4x4ram:inst4|memory_cell:inst4|inst  ; |PD|ram:inst|4x32ram:inst5|4x4ram:inst4|memory_cell:inst4|inst  ; regout           ;
; |PD|ram:inst|4x32ram:inst5|4x4ram:inst4|memory_cell:inst2|inst  ; |PD|ram:inst|4x32ram:inst5|4x4ram:inst4|memory_cell:inst2|inst  ; regout           ;
; |PD|ram:inst|4x32ram:inst5|4x4ram:inst3|IN~0                    ; |PD|ram:inst|4x32ram:inst5|4x4ram:inst3|IN~0                    ; out0             ;
; |PD|ram:inst|4x32ram:inst5|4x4ram:inst3|IN~1                    ; |PD|ram:inst|4x32ram:inst5|4x4ram:inst3|IN~1                    ; out0             ;
; |PD|ram:inst|4x32ram:inst5|4x4ram:inst3|IN~2                    ; |PD|ram:inst|4x32ram:inst5|4x4ram:inst3|IN~2                    ; out0             ;
; |PD|ram:inst|4x32ram:inst5|4x4ram:inst3|IN~3                    ; |PD|ram:inst|4x32ram:inst5|4x4ram:inst3|IN~3                    ; out0             ;
; |PD|ram:inst|4x32ram:inst5|4x4ram:inst3|memory_cell:inst3|inst  ; |PD|ram:inst|4x32ram:inst5|4x4ram:inst3|memory_cell:inst3|inst  ; regout           ;
; |PD|ram:inst|4x32ram:inst5|4x4ram:inst3|memory_cell:inst5|inst  ; |PD|ram:inst|4x32ram:inst5|4x4ram:inst3|memory_cell:inst5|inst  ; regout           ;
; |PD|ram:inst|4x32ram:inst5|4x4ram:inst3|memory_cell:inst7|inst  ; |PD|ram:inst|4x32ram:inst5|4x4ram:inst3|memory_cell:inst7|inst  ; regout           ;
; |PD|ram:inst|4x32ram:inst5|4x4ram:inst3|memory_cell:inst1|inst  ; |PD|ram:inst|4x32ram:inst5|4x4ram:inst3|memory_cell:inst1|inst  ; regout           ;
; |PD|ram:inst|4x32ram:inst5|4x4ram:inst3|memory_cell:inst16|inst ; |PD|ram:inst|4x32ram:inst5|4x4ram:inst3|memory_cell:inst16|inst ; regout           ;
; |PD|ram:inst|4x32ram:inst5|4x4ram:inst3|memory_cell:inst14|inst ; |PD|ram:inst|4x32ram:inst5|4x4ram:inst3|memory_cell:inst14|inst ; regout           ;
; |PD|ram:inst|4x32ram:inst5|4x4ram:inst3|memory_cell:inst12|inst ; |PD|ram:inst|4x32ram:inst5|4x4ram:inst3|memory_cell:inst12|inst ; regout           ;
; |PD|ram:inst|4x32ram:inst5|4x4ram:inst3|memory_cell:inst10|inst ; |PD|ram:inst|4x32ram:inst5|4x4ram:inst3|memory_cell:inst10|inst ; regout           ;
; |PD|ram:inst|4x32ram:inst5|4x4ram:inst3|memory_cell:inst15|inst ; |PD|ram:inst|4x32ram:inst5|4x4ram:inst3|memory_cell:inst15|inst ; regout           ;
; |PD|ram:inst|4x32ram:inst5|4x4ram:inst3|memory_cell:inst13|inst ; |PD|ram:inst|4x32ram:inst5|4x4ram:inst3|memory_cell:inst13|inst ; regout           ;
; |PD|ram:inst|4x32ram:inst5|4x4ram:inst3|memory_cell:inst11|inst ; |PD|ram:inst|4x32ram:inst5|4x4ram:inst3|memory_cell:inst11|inst ; regout           ;
; |PD|ram:inst|4x32ram:inst5|4x4ram:inst3|memory_cell:inst9|inst  ; |PD|ram:inst|4x32ram:inst5|4x4ram:inst3|memory_cell:inst9|inst  ; regout           ;
; |PD|ram:inst|4x32ram:inst5|4x4ram:inst3|memory_cell:inst8|inst  ; |PD|ram:inst|4x32ram:inst5|4x4ram:inst3|memory_cell:inst8|inst  ; regout           ;
; |PD|ram:inst|4x32ram:inst5|4x4ram:inst3|memory_cell:inst6|inst  ; |PD|ram:inst|4x32ram:inst5|4x4ram:inst3|memory_cell:inst6|inst  ; regout           ;
; |PD|ram:inst|4x32ram:inst5|4x4ram:inst3|memory_cell:inst4|inst  ; |PD|ram:inst|4x32ram:inst5|4x4ram:inst3|memory_cell:inst4|inst  ; regout           ;
; |PD|ram:inst|4x32ram:inst5|4x4ram:inst3|memory_cell:inst2|inst  ; |PD|ram:inst|4x32ram:inst5|4x4ram:inst3|memory_cell:inst2|inst  ; regout           ;
; |PD|ram:inst|4x32ram:inst5|4x4ram:inst1|IN~0                    ; |PD|ram:inst|4x32ram:inst5|4x4ram:inst1|IN~0                    ; out0             ;
; |PD|ram:inst|4x32ram:inst5|4x4ram:inst1|IN~1                    ; |PD|ram:inst|4x32ram:inst5|4x4ram:inst1|IN~1                    ; out0             ;
; |PD|ram:inst|4x32ram:inst5|4x4ram:inst1|IN~2                    ; |PD|ram:inst|4x32ram:inst5|4x4ram:inst1|IN~2                    ; out0             ;
; |PD|ram:inst|4x32ram:inst5|4x4ram:inst1|IN~3                    ; |PD|ram:inst|4x32ram:inst5|4x4ram:inst1|IN~3                    ; out0             ;
; |PD|ram:inst|4x32ram:inst5|4x4ram:inst1|memory_cell:inst3|inst  ; |PD|ram:inst|4x32ram:inst5|4x4ram:inst1|memory_cell:inst3|inst  ; regout           ;
; |PD|ram:inst|4x32ram:inst5|4x4ram:inst1|memory_cell:inst5|inst  ; |PD|ram:inst|4x32ram:inst5|4x4ram:inst1|memory_cell:inst5|inst  ; regout           ;
; |PD|ram:inst|4x32ram:inst5|4x4ram:inst1|memory_cell:inst7|inst  ; |PD|ram:inst|4x32ram:inst5|4x4ram:inst1|memory_cell:inst7|inst  ; regout           ;
; |PD|ram:inst|4x32ram:inst5|4x4ram:inst1|memory_cell:inst1|inst  ; |PD|ram:inst|4x32ram:inst5|4x4ram:inst1|memory_cell:inst1|inst  ; regout           ;
; |PD|ram:inst|4x32ram:inst5|4x4ram:inst1|memory_cell:inst16|inst ; |PD|ram:inst|4x32ram:inst5|4x4ram:inst1|memory_cell:inst16|inst ; regout           ;
; |PD|ram:inst|4x32ram:inst5|4x4ram:inst1|memory_cell:inst14|inst ; |PD|ram:inst|4x32ram:inst5|4x4ram:inst1|memory_cell:inst14|inst ; regout           ;
; |PD|ram:inst|4x32ram:inst5|4x4ram:inst1|memory_cell:inst12|inst ; |PD|ram:inst|4x32ram:inst5|4x4ram:inst1|memory_cell:inst12|inst ; regout           ;
; |PD|ram:inst|4x32ram:inst5|4x4ram:inst1|memory_cell:inst10|inst ; |PD|ram:inst|4x32ram:inst5|4x4ram:inst1|memory_cell:inst10|inst ; regout           ;
; |PD|ram:inst|4x32ram:inst5|4x4ram:inst1|memory_cell:inst15|inst ; |PD|ram:inst|4x32ram:inst5|4x4ram:inst1|memory_cell:inst15|inst ; regout           ;
; |PD|ram:inst|4x32ram:inst5|4x4ram:inst1|memory_cell:inst13|inst ; |PD|ram:inst|4x32ram:inst5|4x4ram:inst1|memory_cell:inst13|inst ; regout           ;
; |PD|ram:inst|4x32ram:inst5|4x4ram:inst1|memory_cell:inst11|inst ; |PD|ram:inst|4x32ram:inst5|4x4ram:inst1|memory_cell:inst11|inst ; regout           ;
; |PD|ram:inst|4x32ram:inst5|4x4ram:inst1|memory_cell:inst9|inst  ; |PD|ram:inst|4x32ram:inst5|4x4ram:inst1|memory_cell:inst9|inst  ; regout           ;
; |PD|ram:inst|4x32ram:inst5|4x4ram:inst1|memory_cell:inst8|inst  ; |PD|ram:inst|4x32ram:inst5|4x4ram:inst1|memory_cell:inst8|inst  ; regout           ;
; |PD|ram:inst|4x32ram:inst5|4x4ram:inst1|memory_cell:inst6|inst  ; |PD|ram:inst|4x32ram:inst5|4x4ram:inst1|memory_cell:inst6|inst  ; regout           ;
; |PD|ram:inst|4x32ram:inst5|4x4ram:inst1|memory_cell:inst4|inst  ; |PD|ram:inst|4x32ram:inst5|4x4ram:inst1|memory_cell:inst4|inst  ; regout           ;
; |PD|ram:inst|4x32ram:inst5|4x4ram:inst1|memory_cell:inst2|inst  ; |PD|ram:inst|4x32ram:inst5|4x4ram:inst1|memory_cell:inst2|inst  ; regout           ;
; |PD|ram:inst|4x32ram:inst5|4x4ram:inst|IN~0                     ; |PD|ram:inst|4x32ram:inst5|4x4ram:inst|IN~0                     ; out0             ;
; |PD|ram:inst|4x32ram:inst5|4x4ram:inst|IN~1                     ; |PD|ram:inst|4x32ram:inst5|4x4ram:inst|IN~1                     ; out0             ;
; |PD|ram:inst|4x32ram:inst5|4x4ram:inst|IN~2                     ; |PD|ram:inst|4x32ram:inst5|4x4ram:inst|IN~2                     ; out0             ;
; |PD|ram:inst|4x32ram:inst5|4x4ram:inst|IN~3                     ; |PD|ram:inst|4x32ram:inst5|4x4ram:inst|IN~3                     ; out0             ;
; |PD|ram:inst|4x32ram:inst5|4x4ram:inst|memory_cell:inst3|inst   ; |PD|ram:inst|4x32ram:inst5|4x4ram:inst|memory_cell:inst3|inst   ; regout           ;
; |PD|ram:inst|4x32ram:inst5|4x4ram:inst|memory_cell:inst5|inst   ; |PD|ram:inst|4x32ram:inst5|4x4ram:inst|memory_cell:inst5|inst   ; regout           ;
; |PD|ram:inst|4x32ram:inst5|4x4ram:inst|memory_cell:inst7|inst   ; |PD|ram:inst|4x32ram:inst5|4x4ram:inst|memory_cell:inst7|inst   ; regout           ;
; |PD|ram:inst|4x32ram:inst5|4x4ram:inst|memory_cell:inst1|inst   ; |PD|ram:inst|4x32ram:inst5|4x4ram:inst|memory_cell:inst1|inst   ; regout           ;
; |PD|ram:inst|4x32ram:inst5|4x4ram:inst|memory_cell:inst16|inst  ; |PD|ram:inst|4x32ram:inst5|4x4ram:inst|memory_cell:inst16|inst  ; regout           ;
; |PD|ram:inst|4x32ram:inst5|4x4ram:inst|memory_cell:inst14|inst  ; |PD|ram:inst|4x32ram:inst5|4x4ram:inst|memory_cell:inst14|inst  ; regout           ;
; |PD|ram:inst|4x32ram:inst5|4x4ram:inst|memory_cell:inst12|inst  ; |PD|ram:inst|4x32ram:inst5|4x4ram:inst|memory_cell:inst12|inst  ; regout           ;
; |PD|ram:inst|4x32ram:inst5|4x4ram:inst|memory_cell:inst10|inst  ; |PD|ram:inst|4x32ram:inst5|4x4ram:inst|memory_cell:inst10|inst  ; regout           ;
; |PD|ram:inst|4x32ram:inst5|4x4ram:inst|memory_cell:inst15|inst  ; |PD|ram:inst|4x32ram:inst5|4x4ram:inst|memory_cell:inst15|inst  ; regout           ;
; |PD|ram:inst|4x32ram:inst5|4x4ram:inst|memory_cell:inst13|inst  ; |PD|ram:inst|4x32ram:inst5|4x4ram:inst|memory_cell:inst13|inst  ; regout           ;
; |PD|ram:inst|4x32ram:inst5|4x4ram:inst|memory_cell:inst11|inst  ; |PD|ram:inst|4x32ram:inst5|4x4ram:inst|memory_cell:inst11|inst  ; regout           ;
; |PD|ram:inst|4x32ram:inst5|4x4ram:inst|memory_cell:inst9|inst   ; |PD|ram:inst|4x32ram:inst5|4x4ram:inst|memory_cell:inst9|inst   ; regout           ;
; |PD|ram:inst|4x32ram:inst5|4x4ram:inst|memory_cell:inst8|inst   ; |PD|ram:inst|4x32ram:inst5|4x4ram:inst|memory_cell:inst8|inst   ; regout           ;
; |PD|ram:inst|4x32ram:inst5|4x4ram:inst|memory_cell:inst6|inst   ; |PD|ram:inst|4x32ram:inst5|4x4ram:inst|memory_cell:inst6|inst   ; regout           ;
; |PD|ram:inst|4x32ram:inst5|4x4ram:inst|memory_cell:inst4|inst   ; |PD|ram:inst|4x32ram:inst5|4x4ram:inst|memory_cell:inst4|inst   ; regout           ;
; |PD|ram:inst|4x32ram:inst5|4x4ram:inst|memory_cell:inst2|inst   ; |PD|ram:inst|4x32ram:inst5|4x4ram:inst|memory_cell:inst2|inst   ; regout           ;
; |PD|ram:inst|4x32ram:inst4|4x4ram:inst8|memory_cell:inst3|inst  ; |PD|ram:inst|4x32ram:inst4|4x4ram:inst8|memory_cell:inst3|inst  ; regout           ;
; |PD|ram:inst|4x32ram:inst4|4x4ram:inst8|memory_cell:inst5|inst  ; |PD|ram:inst|4x32ram:inst4|4x4ram:inst8|memory_cell:inst5|inst  ; regout           ;
; |PD|ram:inst|4x32ram:inst4|4x4ram:inst8|memory_cell:inst7|inst  ; |PD|ram:inst|4x32ram:inst4|4x4ram:inst8|memory_cell:inst7|inst  ; regout           ;
; |PD|ram:inst|4x32ram:inst4|4x4ram:inst8|memory_cell:inst1|inst  ; |PD|ram:inst|4x32ram:inst4|4x4ram:inst8|memory_cell:inst1|inst  ; regout           ;
; |PD|ram:inst|4x32ram:inst4|4x4ram:inst8|memory_cell:inst16|inst ; |PD|ram:inst|4x32ram:inst4|4x4ram:inst8|memory_cell:inst16|inst ; regout           ;
; |PD|ram:inst|4x32ram:inst4|4x4ram:inst8|memory_cell:inst14|inst ; |PD|ram:inst|4x32ram:inst4|4x4ram:inst8|memory_cell:inst14|inst ; regout           ;
; |PD|ram:inst|4x32ram:inst4|4x4ram:inst8|memory_cell:inst12|inst ; |PD|ram:inst|4x32ram:inst4|4x4ram:inst8|memory_cell:inst12|inst ; regout           ;
; |PD|ram:inst|4x32ram:inst4|4x4ram:inst8|memory_cell:inst10|inst ; |PD|ram:inst|4x32ram:inst4|4x4ram:inst8|memory_cell:inst10|inst ; regout           ;
; |PD|ram:inst|4x32ram:inst4|4x4ram:inst8|memory_cell:inst15|inst ; |PD|ram:inst|4x32ram:inst4|4x4ram:inst8|memory_cell:inst15|inst ; regout           ;
; |PD|ram:inst|4x32ram:inst4|4x4ram:inst8|memory_cell:inst13|inst ; |PD|ram:inst|4x32ram:inst4|4x4ram:inst8|memory_cell:inst13|inst ; regout           ;
; |PD|ram:inst|4x32ram:inst4|4x4ram:inst8|memory_cell:inst11|inst ; |PD|ram:inst|4x32ram:inst4|4x4ram:inst8|memory_cell:inst11|inst ; regout           ;
; |PD|ram:inst|4x32ram:inst4|4x4ram:inst8|memory_cell:inst9|inst  ; |PD|ram:inst|4x32ram:inst4|4x4ram:inst8|memory_cell:inst9|inst  ; regout           ;
; |PD|ram:inst|4x32ram:inst4|4x4ram:inst8|memory_cell:inst8|inst  ; |PD|ram:inst|4x32ram:inst4|4x4ram:inst8|memory_cell:inst8|inst  ; regout           ;
; |PD|ram:inst|4x32ram:inst4|4x4ram:inst8|memory_cell:inst6|inst  ; |PD|ram:inst|4x32ram:inst4|4x4ram:inst8|memory_cell:inst6|inst  ; regout           ;
; |PD|ram:inst|4x32ram:inst4|4x4ram:inst8|memory_cell:inst4|inst  ; |PD|ram:inst|4x32ram:inst4|4x4ram:inst8|memory_cell:inst4|inst  ; regout           ;
; |PD|ram:inst|4x32ram:inst4|4x4ram:inst8|memory_cell:inst2|inst  ; |PD|ram:inst|4x32ram:inst4|4x4ram:inst8|memory_cell:inst2|inst  ; regout           ;
; |PD|ram:inst|4x32ram:inst4|4x4ram:inst7|IN~0                    ; |PD|ram:inst|4x32ram:inst4|4x4ram:inst7|IN~0                    ; out0             ;
; |PD|ram:inst|4x32ram:inst4|4x4ram:inst7|IN~1                    ; |PD|ram:inst|4x32ram:inst4|4x4ram:inst7|IN~1                    ; out0             ;
; |PD|ram:inst|4x32ram:inst4|4x4ram:inst7|IN~3                    ; |PD|ram:inst|4x32ram:inst4|4x4ram:inst7|IN~3                    ; out0             ;
; |PD|ram:inst|4x32ram:inst4|4x4ram:inst7|memory_cell:inst3|inst  ; |PD|ram:inst|4x32ram:inst4|4x4ram:inst7|memory_cell:inst3|inst  ; regout           ;
; |PD|ram:inst|4x32ram:inst4|4x4ram:inst7|memory_cell:inst5|inst  ; |PD|ram:inst|4x32ram:inst4|4x4ram:inst7|memory_cell:inst5|inst  ; regout           ;
; |PD|ram:inst|4x32ram:inst4|4x4ram:inst7|memory_cell:inst7|inst  ; |PD|ram:inst|4x32ram:inst4|4x4ram:inst7|memory_cell:inst7|inst  ; regout           ;
; |PD|ram:inst|4x32ram:inst4|4x4ram:inst7|memory_cell:inst1|inst  ; |PD|ram:inst|4x32ram:inst4|4x4ram:inst7|memory_cell:inst1|inst  ; regout           ;
; |PD|ram:inst|4x32ram:inst4|4x4ram:inst7|memory_cell:inst16|inst ; |PD|ram:inst|4x32ram:inst4|4x4ram:inst7|memory_cell:inst16|inst ; regout           ;
; |PD|ram:inst|4x32ram:inst4|4x4ram:inst7|memory_cell:inst14|inst ; |PD|ram:inst|4x32ram:inst4|4x4ram:inst7|memory_cell:inst14|inst ; regout           ;
; |PD|ram:inst|4x32ram:inst4|4x4ram:inst7|memory_cell:inst12|inst ; |PD|ram:inst|4x32ram:inst4|4x4ram:inst7|memory_cell:inst12|inst ; regout           ;
; |PD|ram:inst|4x32ram:inst4|4x4ram:inst7|memory_cell:inst10|inst ; |PD|ram:inst|4x32ram:inst4|4x4ram:inst7|memory_cell:inst10|inst ; regout           ;
; |PD|ram:inst|4x32ram:inst4|4x4ram:inst7|memory_cell:inst15|inst ; |PD|ram:inst|4x32ram:inst4|4x4ram:inst7|memory_cell:inst15|inst ; regout           ;
; |PD|ram:inst|4x32ram:inst4|4x4ram:inst7|memory_cell:inst13|inst ; |PD|ram:inst|4x32ram:inst4|4x4ram:inst7|memory_cell:inst13|inst ; regout           ;
; |PD|ram:inst|4x32ram:inst4|4x4ram:inst7|memory_cell:inst11|inst ; |PD|ram:inst|4x32ram:inst4|4x4ram:inst7|memory_cell:inst11|inst ; regout           ;
; |PD|ram:inst|4x32ram:inst4|4x4ram:inst7|memory_cell:inst9|inst  ; |PD|ram:inst|4x32ram:inst4|4x4ram:inst7|memory_cell:inst9|inst  ; regout           ;
; |PD|ram:inst|4x32ram:inst4|4x4ram:inst7|memory_cell:inst8|inst  ; |PD|ram:inst|4x32ram:inst4|4x4ram:inst7|memory_cell:inst8|inst  ; regout           ;
; |PD|ram:inst|4x32ram:inst4|4x4ram:inst7|memory_cell:inst6|inst  ; |PD|ram:inst|4x32ram:inst4|4x4ram:inst7|memory_cell:inst6|inst  ; regout           ;
; |PD|ram:inst|4x32ram:inst4|4x4ram:inst7|memory_cell:inst4|inst  ; |PD|ram:inst|4x32ram:inst4|4x4ram:inst7|memory_cell:inst4|inst  ; regout           ;
; |PD|ram:inst|4x32ram:inst4|4x4ram:inst7|memory_cell:inst2|inst  ; |PD|ram:inst|4x32ram:inst4|4x4ram:inst7|memory_cell:inst2|inst  ; regout           ;
; |PD|ram:inst|4x32ram:inst4|4x4ram:inst6|IN~0                    ; |PD|ram:inst|4x32ram:inst4|4x4ram:inst6|IN~0                    ; out0             ;
; |PD|ram:inst|4x32ram:inst4|4x4ram:inst6|IN~1                    ; |PD|ram:inst|4x32ram:inst4|4x4ram:inst6|IN~1                    ; out0             ;
; |PD|ram:inst|4x32ram:inst4|4x4ram:inst6|IN~2                    ; |PD|ram:inst|4x32ram:inst4|4x4ram:inst6|IN~2                    ; out0             ;
; |PD|ram:inst|4x32ram:inst4|4x4ram:inst6|IN~3                    ; |PD|ram:inst|4x32ram:inst4|4x4ram:inst6|IN~3                    ; out0             ;
; |PD|ram:inst|4x32ram:inst4|4x4ram:inst6|memory_cell:inst3|inst  ; |PD|ram:inst|4x32ram:inst4|4x4ram:inst6|memory_cell:inst3|inst  ; regout           ;
; |PD|ram:inst|4x32ram:inst4|4x4ram:inst6|memory_cell:inst5|inst  ; |PD|ram:inst|4x32ram:inst4|4x4ram:inst6|memory_cell:inst5|inst  ; regout           ;
; |PD|ram:inst|4x32ram:inst4|4x4ram:inst6|memory_cell:inst7|inst  ; |PD|ram:inst|4x32ram:inst4|4x4ram:inst6|memory_cell:inst7|inst  ; regout           ;
; |PD|ram:inst|4x32ram:inst4|4x4ram:inst6|memory_cell:inst1|inst  ; |PD|ram:inst|4x32ram:inst4|4x4ram:inst6|memory_cell:inst1|inst  ; regout           ;
; |PD|ram:inst|4x32ram:inst4|4x4ram:inst6|memory_cell:inst16|inst ; |PD|ram:inst|4x32ram:inst4|4x4ram:inst6|memory_cell:inst16|inst ; regout           ;
; |PD|ram:inst|4x32ram:inst4|4x4ram:inst6|memory_cell:inst14|inst ; |PD|ram:inst|4x32ram:inst4|4x4ram:inst6|memory_cell:inst14|inst ; regout           ;
; |PD|ram:inst|4x32ram:inst4|4x4ram:inst6|memory_cell:inst12|inst ; |PD|ram:inst|4x32ram:inst4|4x4ram:inst6|memory_cell:inst12|inst ; regout           ;
; |PD|ram:inst|4x32ram:inst4|4x4ram:inst6|memory_cell:inst10|inst ; |PD|ram:inst|4x32ram:inst4|4x4ram:inst6|memory_cell:inst10|inst ; regout           ;
; |PD|ram:inst|4x32ram:inst4|4x4ram:inst6|memory_cell:inst15|inst ; |PD|ram:inst|4x32ram:inst4|4x4ram:inst6|memory_cell:inst15|inst ; regout           ;
; |PD|ram:inst|4x32ram:inst4|4x4ram:inst6|memory_cell:inst13|inst ; |PD|ram:inst|4x32ram:inst4|4x4ram:inst6|memory_cell:inst13|inst ; regout           ;
; |PD|ram:inst|4x32ram:inst4|4x4ram:inst6|memory_cell:inst11|inst ; |PD|ram:inst|4x32ram:inst4|4x4ram:inst6|memory_cell:inst11|inst ; regout           ;
; |PD|ram:inst|4x32ram:inst4|4x4ram:inst6|memory_cell:inst9|inst  ; |PD|ram:inst|4x32ram:inst4|4x4ram:inst6|memory_cell:inst9|inst  ; regout           ;
; |PD|ram:inst|4x32ram:inst4|4x4ram:inst6|memory_cell:inst8|inst  ; |PD|ram:inst|4x32ram:inst4|4x4ram:inst6|memory_cell:inst8|inst  ; regout           ;
; |PD|ram:inst|4x32ram:inst4|4x4ram:inst6|memory_cell:inst6|inst  ; |PD|ram:inst|4x32ram:inst4|4x4ram:inst6|memory_cell:inst6|inst  ; regout           ;
; |PD|ram:inst|4x32ram:inst4|4x4ram:inst6|memory_cell:inst4|inst  ; |PD|ram:inst|4x32ram:inst4|4x4ram:inst6|memory_cell:inst4|inst  ; regout           ;
; |PD|ram:inst|4x32ram:inst4|4x4ram:inst6|memory_cell:inst2|inst  ; |PD|ram:inst|4x32ram:inst4|4x4ram:inst6|memory_cell:inst2|inst  ; regout           ;
; |PD|ram:inst|4x32ram:inst4|4x4ram:inst5|IN~0                    ; |PD|ram:inst|4x32ram:inst4|4x4ram:inst5|IN~0                    ; out0             ;
; |PD|ram:inst|4x32ram:inst4|4x4ram:inst5|IN~1                    ; |PD|ram:inst|4x32ram:inst4|4x4ram:inst5|IN~1                    ; out0             ;
; |PD|ram:inst|4x32ram:inst4|4x4ram:inst5|IN~2                    ; |PD|ram:inst|4x32ram:inst4|4x4ram:inst5|IN~2                    ; out0             ;
; |PD|ram:inst|4x32ram:inst4|4x4ram:inst5|IN~3                    ; |PD|ram:inst|4x32ram:inst4|4x4ram:inst5|IN~3                    ; out0             ;
; |PD|ram:inst|4x32ram:inst4|4x4ram:inst5|memory_cell:inst3|inst  ; |PD|ram:inst|4x32ram:inst4|4x4ram:inst5|memory_cell:inst3|inst  ; regout           ;
; |PD|ram:inst|4x32ram:inst4|4x4ram:inst5|memory_cell:inst5|inst  ; |PD|ram:inst|4x32ram:inst4|4x4ram:inst5|memory_cell:inst5|inst  ; regout           ;
; |PD|ram:inst|4x32ram:inst4|4x4ram:inst5|memory_cell:inst7|inst  ; |PD|ram:inst|4x32ram:inst4|4x4ram:inst5|memory_cell:inst7|inst  ; regout           ;
; |PD|ram:inst|4x32ram:inst4|4x4ram:inst5|memory_cell:inst1|inst  ; |PD|ram:inst|4x32ram:inst4|4x4ram:inst5|memory_cell:inst1|inst  ; regout           ;
; |PD|ram:inst|4x32ram:inst4|4x4ram:inst5|memory_cell:inst16|inst ; |PD|ram:inst|4x32ram:inst4|4x4ram:inst5|memory_cell:inst16|inst ; regout           ;
; |PD|ram:inst|4x32ram:inst4|4x4ram:inst5|memory_cell:inst14|inst ; |PD|ram:inst|4x32ram:inst4|4x4ram:inst5|memory_cell:inst14|inst ; regout           ;
; |PD|ram:inst|4x32ram:inst4|4x4ram:inst5|memory_cell:inst12|inst ; |PD|ram:inst|4x32ram:inst4|4x4ram:inst5|memory_cell:inst12|inst ; regout           ;
; |PD|ram:inst|4x32ram:inst4|4x4ram:inst5|memory_cell:inst10|inst ; |PD|ram:inst|4x32ram:inst4|4x4ram:inst5|memory_cell:inst10|inst ; regout           ;
; |PD|ram:inst|4x32ram:inst4|4x4ram:inst5|memory_cell:inst15|inst ; |PD|ram:inst|4x32ram:inst4|4x4ram:inst5|memory_cell:inst15|inst ; regout           ;
; |PD|ram:inst|4x32ram:inst4|4x4ram:inst5|memory_cell:inst13|inst ; |PD|ram:inst|4x32ram:inst4|4x4ram:inst5|memory_cell:inst13|inst ; regout           ;
; |PD|ram:inst|4x32ram:inst4|4x4ram:inst5|memory_cell:inst11|inst ; |PD|ram:inst|4x32ram:inst4|4x4ram:inst5|memory_cell:inst11|inst ; regout           ;
; |PD|ram:inst|4x32ram:inst4|4x4ram:inst5|memory_cell:inst9|inst  ; |PD|ram:inst|4x32ram:inst4|4x4ram:inst5|memory_cell:inst9|inst  ; regout           ;
; |PD|ram:inst|4x32ram:inst4|4x4ram:inst5|memory_cell:inst8|inst  ; |PD|ram:inst|4x32ram:inst4|4x4ram:inst5|memory_cell:inst8|inst  ; regout           ;
; |PD|ram:inst|4x32ram:inst4|4x4ram:inst5|memory_cell:inst6|inst  ; |PD|ram:inst|4x32ram:inst4|4x4ram:inst5|memory_cell:inst6|inst  ; regout           ;
; |PD|ram:inst|4x32ram:inst4|4x4ram:inst5|memory_cell:inst4|inst  ; |PD|ram:inst|4x32ram:inst4|4x4ram:inst5|memory_cell:inst4|inst  ; regout           ;
; |PD|ram:inst|4x32ram:inst4|4x4ram:inst5|memory_cell:inst2|inst  ; |PD|ram:inst|4x32ram:inst4|4x4ram:inst5|memory_cell:inst2|inst  ; regout           ;
; |PD|ram:inst|4x32ram:inst4|4x4ram:inst4|IN~0                    ; |PD|ram:inst|4x32ram:inst4|4x4ram:inst4|IN~0                    ; out0             ;
; |PD|ram:inst|4x32ram:inst4|4x4ram:inst4|IN~1                    ; |PD|ram:inst|4x32ram:inst4|4x4ram:inst4|IN~1                    ; out0             ;
; |PD|ram:inst|4x32ram:inst4|4x4ram:inst4|IN~2                    ; |PD|ram:inst|4x32ram:inst4|4x4ram:inst4|IN~2                    ; out0             ;
; |PD|ram:inst|4x32ram:inst4|4x4ram:inst4|IN~3                    ; |PD|ram:inst|4x32ram:inst4|4x4ram:inst4|IN~3                    ; out0             ;
; |PD|ram:inst|4x32ram:inst4|4x4ram:inst4|memory_cell:inst3|inst  ; |PD|ram:inst|4x32ram:inst4|4x4ram:inst4|memory_cell:inst3|inst  ; regout           ;
; |PD|ram:inst|4x32ram:inst4|4x4ram:inst4|memory_cell:inst5|inst  ; |PD|ram:inst|4x32ram:inst4|4x4ram:inst4|memory_cell:inst5|inst  ; regout           ;
; |PD|ram:inst|4x32ram:inst4|4x4ram:inst4|memory_cell:inst7|inst  ; |PD|ram:inst|4x32ram:inst4|4x4ram:inst4|memory_cell:inst7|inst  ; regout           ;
; |PD|ram:inst|4x32ram:inst4|4x4ram:inst4|memory_cell:inst1|inst  ; |PD|ram:inst|4x32ram:inst4|4x4ram:inst4|memory_cell:inst1|inst  ; regout           ;
; |PD|ram:inst|4x32ram:inst4|4x4ram:inst4|memory_cell:inst16|inst ; |PD|ram:inst|4x32ram:inst4|4x4ram:inst4|memory_cell:inst16|inst ; regout           ;
; |PD|ram:inst|4x32ram:inst4|4x4ram:inst4|memory_cell:inst14|inst ; |PD|ram:inst|4x32ram:inst4|4x4ram:inst4|memory_cell:inst14|inst ; regout           ;
; |PD|ram:inst|4x32ram:inst4|4x4ram:inst4|memory_cell:inst12|inst ; |PD|ram:inst|4x32ram:inst4|4x4ram:inst4|memory_cell:inst12|inst ; regout           ;
; |PD|ram:inst|4x32ram:inst4|4x4ram:inst4|memory_cell:inst10|inst ; |PD|ram:inst|4x32ram:inst4|4x4ram:inst4|memory_cell:inst10|inst ; regout           ;
; |PD|ram:inst|4x32ram:inst4|4x4ram:inst4|memory_cell:inst15|inst ; |PD|ram:inst|4x32ram:inst4|4x4ram:inst4|memory_cell:inst15|inst ; regout           ;
; |PD|ram:inst|4x32ram:inst4|4x4ram:inst4|memory_cell:inst13|inst ; |PD|ram:inst|4x32ram:inst4|4x4ram:inst4|memory_cell:inst13|inst ; regout           ;
; |PD|ram:inst|4x32ram:inst4|4x4ram:inst4|memory_cell:inst11|inst ; |PD|ram:inst|4x32ram:inst4|4x4ram:inst4|memory_cell:inst11|inst ; regout           ;
; |PD|ram:inst|4x32ram:inst4|4x4ram:inst4|memory_cell:inst9|inst  ; |PD|ram:inst|4x32ram:inst4|4x4ram:inst4|memory_cell:inst9|inst  ; regout           ;
; |PD|ram:inst|4x32ram:inst4|4x4ram:inst4|memory_cell:inst8|inst  ; |PD|ram:inst|4x32ram:inst4|4x4ram:inst4|memory_cell:inst8|inst  ; regout           ;
; |PD|ram:inst|4x32ram:inst4|4x4ram:inst4|memory_cell:inst6|inst  ; |PD|ram:inst|4x32ram:inst4|4x4ram:inst4|memory_cell:inst6|inst  ; regout           ;
; |PD|ram:inst|4x32ram:inst4|4x4ram:inst4|memory_cell:inst4|inst  ; |PD|ram:inst|4x32ram:inst4|4x4ram:inst4|memory_cell:inst4|inst  ; regout           ;
; |PD|ram:inst|4x32ram:inst4|4x4ram:inst4|memory_cell:inst2|inst  ; |PD|ram:inst|4x32ram:inst4|4x4ram:inst4|memory_cell:inst2|inst  ; regout           ;
; |PD|ram:inst|4x32ram:inst4|4x4ram:inst3|IN~0                    ; |PD|ram:inst|4x32ram:inst4|4x4ram:inst3|IN~0                    ; out0             ;
; |PD|ram:inst|4x32ram:inst4|4x4ram:inst3|IN~1                    ; |PD|ram:inst|4x32ram:inst4|4x4ram:inst3|IN~1                    ; out0             ;
; |PD|ram:inst|4x32ram:inst4|4x4ram:inst3|IN~2                    ; |PD|ram:inst|4x32ram:inst4|4x4ram:inst3|IN~2                    ; out0             ;
; |PD|ram:inst|4x32ram:inst4|4x4ram:inst3|IN~3                    ; |PD|ram:inst|4x32ram:inst4|4x4ram:inst3|IN~3                    ; out0             ;
; |PD|ram:inst|4x32ram:inst4|4x4ram:inst3|memory_cell:inst3|inst  ; |PD|ram:inst|4x32ram:inst4|4x4ram:inst3|memory_cell:inst3|inst  ; regout           ;
; |PD|ram:inst|4x32ram:inst4|4x4ram:inst3|memory_cell:inst5|inst  ; |PD|ram:inst|4x32ram:inst4|4x4ram:inst3|memory_cell:inst5|inst  ; regout           ;
; |PD|ram:inst|4x32ram:inst4|4x4ram:inst3|memory_cell:inst7|inst  ; |PD|ram:inst|4x32ram:inst4|4x4ram:inst3|memory_cell:inst7|inst  ; regout           ;
; |PD|ram:inst|4x32ram:inst4|4x4ram:inst3|memory_cell:inst1|inst  ; |PD|ram:inst|4x32ram:inst4|4x4ram:inst3|memory_cell:inst1|inst  ; regout           ;
; |PD|ram:inst|4x32ram:inst4|4x4ram:inst3|memory_cell:inst16|inst ; |PD|ram:inst|4x32ram:inst4|4x4ram:inst3|memory_cell:inst16|inst ; regout           ;
; |PD|ram:inst|4x32ram:inst4|4x4ram:inst3|memory_cell:inst14|inst ; |PD|ram:inst|4x32ram:inst4|4x4ram:inst3|memory_cell:inst14|inst ; regout           ;
; |PD|ram:inst|4x32ram:inst4|4x4ram:inst3|memory_cell:inst12|inst ; |PD|ram:inst|4x32ram:inst4|4x4ram:inst3|memory_cell:inst12|inst ; regout           ;
; |PD|ram:inst|4x32ram:inst4|4x4ram:inst3|memory_cell:inst10|inst ; |PD|ram:inst|4x32ram:inst4|4x4ram:inst3|memory_cell:inst10|inst ; regout           ;
; |PD|ram:inst|4x32ram:inst4|4x4ram:inst3|memory_cell:inst15|inst ; |PD|ram:inst|4x32ram:inst4|4x4ram:inst3|memory_cell:inst15|inst ; regout           ;
; |PD|ram:inst|4x32ram:inst4|4x4ram:inst3|memory_cell:inst13|inst ; |PD|ram:inst|4x32ram:inst4|4x4ram:inst3|memory_cell:inst13|inst ; regout           ;
; |PD|ram:inst|4x32ram:inst4|4x4ram:inst3|memory_cell:inst11|inst ; |PD|ram:inst|4x32ram:inst4|4x4ram:inst3|memory_cell:inst11|inst ; regout           ;
; |PD|ram:inst|4x32ram:inst4|4x4ram:inst3|memory_cell:inst9|inst  ; |PD|ram:inst|4x32ram:inst4|4x4ram:inst3|memory_cell:inst9|inst  ; regout           ;
; |PD|ram:inst|4x32ram:inst4|4x4ram:inst3|memory_cell:inst8|inst  ; |PD|ram:inst|4x32ram:inst4|4x4ram:inst3|memory_cell:inst8|inst  ; regout           ;
; |PD|ram:inst|4x32ram:inst4|4x4ram:inst3|memory_cell:inst6|inst  ; |PD|ram:inst|4x32ram:inst4|4x4ram:inst3|memory_cell:inst6|inst  ; regout           ;
; |PD|ram:inst|4x32ram:inst4|4x4ram:inst3|memory_cell:inst4|inst  ; |PD|ram:inst|4x32ram:inst4|4x4ram:inst3|memory_cell:inst4|inst  ; regout           ;
; |PD|ram:inst|4x32ram:inst4|4x4ram:inst3|memory_cell:inst2|inst  ; |PD|ram:inst|4x32ram:inst4|4x4ram:inst3|memory_cell:inst2|inst  ; regout           ;
; |PD|ram:inst|4x32ram:inst4|4x4ram:inst1|IN~0                    ; |PD|ram:inst|4x32ram:inst4|4x4ram:inst1|IN~0                    ; out0             ;
; |PD|ram:inst|4x32ram:inst4|4x4ram:inst1|IN~1                    ; |PD|ram:inst|4x32ram:inst4|4x4ram:inst1|IN~1                    ; out0             ;
; |PD|ram:inst|4x32ram:inst4|4x4ram:inst1|IN~2                    ; |PD|ram:inst|4x32ram:inst4|4x4ram:inst1|IN~2                    ; out0             ;
; |PD|ram:inst|4x32ram:inst4|4x4ram:inst1|IN~3                    ; |PD|ram:inst|4x32ram:inst4|4x4ram:inst1|IN~3                    ; out0             ;
; |PD|ram:inst|4x32ram:inst4|4x4ram:inst1|memory_cell:inst3|inst  ; |PD|ram:inst|4x32ram:inst4|4x4ram:inst1|memory_cell:inst3|inst  ; regout           ;
; |PD|ram:inst|4x32ram:inst4|4x4ram:inst1|memory_cell:inst5|inst  ; |PD|ram:inst|4x32ram:inst4|4x4ram:inst1|memory_cell:inst5|inst  ; regout           ;
; |PD|ram:inst|4x32ram:inst4|4x4ram:inst1|memory_cell:inst7|inst  ; |PD|ram:inst|4x32ram:inst4|4x4ram:inst1|memory_cell:inst7|inst  ; regout           ;
; |PD|ram:inst|4x32ram:inst4|4x4ram:inst1|memory_cell:inst1|inst  ; |PD|ram:inst|4x32ram:inst4|4x4ram:inst1|memory_cell:inst1|inst  ; regout           ;
; |PD|ram:inst|4x32ram:inst4|4x4ram:inst1|memory_cell:inst16|inst ; |PD|ram:inst|4x32ram:inst4|4x4ram:inst1|memory_cell:inst16|inst ; regout           ;
; |PD|ram:inst|4x32ram:inst4|4x4ram:inst1|memory_cell:inst14|inst ; |PD|ram:inst|4x32ram:inst4|4x4ram:inst1|memory_cell:inst14|inst ; regout           ;
; |PD|ram:inst|4x32ram:inst4|4x4ram:inst1|memory_cell:inst12|inst ; |PD|ram:inst|4x32ram:inst4|4x4ram:inst1|memory_cell:inst12|inst ; regout           ;
; |PD|ram:inst|4x32ram:inst4|4x4ram:inst1|memory_cell:inst10|inst ; |PD|ram:inst|4x32ram:inst4|4x4ram:inst1|memory_cell:inst10|inst ; regout           ;
; |PD|ram:inst|4x32ram:inst4|4x4ram:inst1|memory_cell:inst15|inst ; |PD|ram:inst|4x32ram:inst4|4x4ram:inst1|memory_cell:inst15|inst ; regout           ;
; |PD|ram:inst|4x32ram:inst4|4x4ram:inst1|memory_cell:inst13|inst ; |PD|ram:inst|4x32ram:inst4|4x4ram:inst1|memory_cell:inst13|inst ; regout           ;
; |PD|ram:inst|4x32ram:inst4|4x4ram:inst1|memory_cell:inst11|inst ; |PD|ram:inst|4x32ram:inst4|4x4ram:inst1|memory_cell:inst11|inst ; regout           ;
; |PD|ram:inst|4x32ram:inst4|4x4ram:inst1|memory_cell:inst9|inst  ; |PD|ram:inst|4x32ram:inst4|4x4ram:inst1|memory_cell:inst9|inst  ; regout           ;
; |PD|ram:inst|4x32ram:inst4|4x4ram:inst1|memory_cell:inst8|inst  ; |PD|ram:inst|4x32ram:inst4|4x4ram:inst1|memory_cell:inst8|inst  ; regout           ;
; |PD|ram:inst|4x32ram:inst4|4x4ram:inst1|memory_cell:inst6|inst  ; |PD|ram:inst|4x32ram:inst4|4x4ram:inst1|memory_cell:inst6|inst  ; regout           ;
; |PD|ram:inst|4x32ram:inst4|4x4ram:inst1|memory_cell:inst4|inst  ; |PD|ram:inst|4x32ram:inst4|4x4ram:inst1|memory_cell:inst4|inst  ; regout           ;
; |PD|ram:inst|4x32ram:inst4|4x4ram:inst1|memory_cell:inst2|inst  ; |PD|ram:inst|4x32ram:inst4|4x4ram:inst1|memory_cell:inst2|inst  ; regout           ;
; |PD|ram:inst|4x32ram:inst4|4x4ram:inst|IN~0                     ; |PD|ram:inst|4x32ram:inst4|4x4ram:inst|IN~0                     ; out0             ;
; |PD|ram:inst|4x32ram:inst4|4x4ram:inst|IN~1                     ; |PD|ram:inst|4x32ram:inst4|4x4ram:inst|IN~1                     ; out0             ;
; |PD|ram:inst|4x32ram:inst4|4x4ram:inst|IN~2                     ; |PD|ram:inst|4x32ram:inst4|4x4ram:inst|IN~2                     ; out0             ;
; |PD|ram:inst|4x32ram:inst4|4x4ram:inst|IN~3                     ; |PD|ram:inst|4x32ram:inst4|4x4ram:inst|IN~3                     ; out0             ;
; |PD|ram:inst|4x32ram:inst4|4x4ram:inst|memory_cell:inst3|inst   ; |PD|ram:inst|4x32ram:inst4|4x4ram:inst|memory_cell:inst3|inst   ; regout           ;
; |PD|ram:inst|4x32ram:inst4|4x4ram:inst|memory_cell:inst5|inst   ; |PD|ram:inst|4x32ram:inst4|4x4ram:inst|memory_cell:inst5|inst   ; regout           ;
; |PD|ram:inst|4x32ram:inst4|4x4ram:inst|memory_cell:inst7|inst   ; |PD|ram:inst|4x32ram:inst4|4x4ram:inst|memory_cell:inst7|inst   ; regout           ;
; |PD|ram:inst|4x32ram:inst4|4x4ram:inst|memory_cell:inst1|inst   ; |PD|ram:inst|4x32ram:inst4|4x4ram:inst|memory_cell:inst1|inst   ; regout           ;
; |PD|ram:inst|4x32ram:inst4|4x4ram:inst|memory_cell:inst16|inst  ; |PD|ram:inst|4x32ram:inst4|4x4ram:inst|memory_cell:inst16|inst  ; regout           ;
; |PD|ram:inst|4x32ram:inst4|4x4ram:inst|memory_cell:inst14|inst  ; |PD|ram:inst|4x32ram:inst4|4x4ram:inst|memory_cell:inst14|inst  ; regout           ;
; |PD|ram:inst|4x32ram:inst4|4x4ram:inst|memory_cell:inst12|inst  ; |PD|ram:inst|4x32ram:inst4|4x4ram:inst|memory_cell:inst12|inst  ; regout           ;
; |PD|ram:inst|4x32ram:inst4|4x4ram:inst|memory_cell:inst10|inst  ; |PD|ram:inst|4x32ram:inst4|4x4ram:inst|memory_cell:inst10|inst  ; regout           ;
; |PD|ram:inst|4x32ram:inst4|4x4ram:inst|memory_cell:inst15|inst  ; |PD|ram:inst|4x32ram:inst4|4x4ram:inst|memory_cell:inst15|inst  ; regout           ;
; |PD|ram:inst|4x32ram:inst4|4x4ram:inst|memory_cell:inst13|inst  ; |PD|ram:inst|4x32ram:inst4|4x4ram:inst|memory_cell:inst13|inst  ; regout           ;
; |PD|ram:inst|4x32ram:inst4|4x4ram:inst|memory_cell:inst11|inst  ; |PD|ram:inst|4x32ram:inst4|4x4ram:inst|memory_cell:inst11|inst  ; regout           ;
; |PD|ram:inst|4x32ram:inst4|4x4ram:inst|memory_cell:inst9|inst   ; |PD|ram:inst|4x32ram:inst4|4x4ram:inst|memory_cell:inst9|inst   ; regout           ;
; |PD|ram:inst|4x32ram:inst4|4x4ram:inst|memory_cell:inst8|inst   ; |PD|ram:inst|4x32ram:inst4|4x4ram:inst|memory_cell:inst8|inst   ; regout           ;
; |PD|ram:inst|4x32ram:inst4|4x4ram:inst|memory_cell:inst6|inst   ; |PD|ram:inst|4x32ram:inst4|4x4ram:inst|memory_cell:inst6|inst   ; regout           ;
; |PD|ram:inst|4x32ram:inst4|4x4ram:inst|memory_cell:inst4|inst   ; |PD|ram:inst|4x32ram:inst4|4x4ram:inst|memory_cell:inst4|inst   ; regout           ;
; |PD|ram:inst|4x32ram:inst4|4x4ram:inst|memory_cell:inst2|inst   ; |PD|ram:inst|4x32ram:inst4|4x4ram:inst|memory_cell:inst2|inst   ; regout           ;
; |PD|ram:inst|4x32ram:inst3|4x4ram:inst8|IN~3                    ; |PD|ram:inst|4x32ram:inst3|4x4ram:inst8|IN~3                    ; out0             ;
; |PD|ram:inst|4x32ram:inst3|4x4ram:inst8|memory_cell:inst3|inst  ; |PD|ram:inst|4x32ram:inst3|4x4ram:inst8|memory_cell:inst3|inst  ; regout           ;
; |PD|ram:inst|4x32ram:inst3|4x4ram:inst8|memory_cell:inst5|inst  ; |PD|ram:inst|4x32ram:inst3|4x4ram:inst8|memory_cell:inst5|inst  ; regout           ;
; |PD|ram:inst|4x32ram:inst3|4x4ram:inst8|memory_cell:inst7|inst  ; |PD|ram:inst|4x32ram:inst3|4x4ram:inst8|memory_cell:inst7|inst  ; regout           ;
; |PD|ram:inst|4x32ram:inst3|4x4ram:inst8|memory_cell:inst1|inst  ; |PD|ram:inst|4x32ram:inst3|4x4ram:inst8|memory_cell:inst1|inst  ; regout           ;
; |PD|ram:inst|4x32ram:inst3|4x4ram:inst8|memory_cell:inst16|inst ; |PD|ram:inst|4x32ram:inst3|4x4ram:inst8|memory_cell:inst16|inst ; regout           ;
; |PD|ram:inst|4x32ram:inst3|4x4ram:inst8|memory_cell:inst14|inst ; |PD|ram:inst|4x32ram:inst3|4x4ram:inst8|memory_cell:inst14|inst ; regout           ;
; |PD|ram:inst|4x32ram:inst3|4x4ram:inst8|memory_cell:inst12|inst ; |PD|ram:inst|4x32ram:inst3|4x4ram:inst8|memory_cell:inst12|inst ; regout           ;
; |PD|ram:inst|4x32ram:inst3|4x4ram:inst8|memory_cell:inst10|inst ; |PD|ram:inst|4x32ram:inst3|4x4ram:inst8|memory_cell:inst10|inst ; regout           ;
; |PD|ram:inst|4x32ram:inst3|4x4ram:inst8|memory_cell:inst15|inst ; |PD|ram:inst|4x32ram:inst3|4x4ram:inst8|memory_cell:inst15|inst ; regout           ;
; |PD|ram:inst|4x32ram:inst3|4x4ram:inst8|memory_cell:inst13|inst ; |PD|ram:inst|4x32ram:inst3|4x4ram:inst8|memory_cell:inst13|inst ; regout           ;
; |PD|ram:inst|4x32ram:inst3|4x4ram:inst8|memory_cell:inst11|inst ; |PD|ram:inst|4x32ram:inst3|4x4ram:inst8|memory_cell:inst11|inst ; regout           ;
; |PD|ram:inst|4x32ram:inst3|4x4ram:inst8|memory_cell:inst9|inst  ; |PD|ram:inst|4x32ram:inst3|4x4ram:inst8|memory_cell:inst9|inst  ; regout           ;
; |PD|ram:inst|4x32ram:inst3|4x4ram:inst8|memory_cell:inst8|inst  ; |PD|ram:inst|4x32ram:inst3|4x4ram:inst8|memory_cell:inst8|inst  ; regout           ;
; |PD|ram:inst|4x32ram:inst3|4x4ram:inst8|memory_cell:inst6|inst  ; |PD|ram:inst|4x32ram:inst3|4x4ram:inst8|memory_cell:inst6|inst  ; regout           ;
; |PD|ram:inst|4x32ram:inst3|4x4ram:inst8|memory_cell:inst4|inst  ; |PD|ram:inst|4x32ram:inst3|4x4ram:inst8|memory_cell:inst4|inst  ; regout           ;
; |PD|ram:inst|4x32ram:inst3|4x4ram:inst8|memory_cell:inst2|inst  ; |PD|ram:inst|4x32ram:inst3|4x4ram:inst8|memory_cell:inst2|inst  ; regout           ;
; |PD|ram:inst|4x32ram:inst3|4x4ram:inst7|IN~0                    ; |PD|ram:inst|4x32ram:inst3|4x4ram:inst7|IN~0                    ; out0             ;
; |PD|ram:inst|4x32ram:inst3|4x4ram:inst7|IN~1                    ; |PD|ram:inst|4x32ram:inst3|4x4ram:inst7|IN~1                    ; out0             ;
; |PD|ram:inst|4x32ram:inst3|4x4ram:inst7|inst22                  ; |PD|ram:inst|4x32ram:inst3|4x4ram:inst7|inst22                  ; out              ;
; |PD|ram:inst|4x32ram:inst3|4x4ram:inst7|IN~3                    ; |PD|ram:inst|4x32ram:inst3|4x4ram:inst7|IN~3                    ; out0             ;
; |PD|ram:inst|4x32ram:inst3|4x4ram:inst7|memory_cell:inst3|inst  ; |PD|ram:inst|4x32ram:inst3|4x4ram:inst7|memory_cell:inst3|inst  ; regout           ;
; |PD|ram:inst|4x32ram:inst3|4x4ram:inst7|memory_cell:inst5|inst  ; |PD|ram:inst|4x32ram:inst3|4x4ram:inst7|memory_cell:inst5|inst  ; regout           ;
; |PD|ram:inst|4x32ram:inst3|4x4ram:inst7|memory_cell:inst7|inst  ; |PD|ram:inst|4x32ram:inst3|4x4ram:inst7|memory_cell:inst7|inst  ; regout           ;
; |PD|ram:inst|4x32ram:inst3|4x4ram:inst7|memory_cell:inst1|inst  ; |PD|ram:inst|4x32ram:inst3|4x4ram:inst7|memory_cell:inst1|inst  ; regout           ;
; |PD|ram:inst|4x32ram:inst3|4x4ram:inst7|memory_cell:inst16|inst ; |PD|ram:inst|4x32ram:inst3|4x4ram:inst7|memory_cell:inst16|inst ; regout           ;
; |PD|ram:inst|4x32ram:inst3|4x4ram:inst7|memory_cell:inst14|inst ; |PD|ram:inst|4x32ram:inst3|4x4ram:inst7|memory_cell:inst14|inst ; regout           ;
; |PD|ram:inst|4x32ram:inst3|4x4ram:inst7|memory_cell:inst12|inst ; |PD|ram:inst|4x32ram:inst3|4x4ram:inst7|memory_cell:inst12|inst ; regout           ;
; |PD|ram:inst|4x32ram:inst3|4x4ram:inst7|memory_cell:inst10|inst ; |PD|ram:inst|4x32ram:inst3|4x4ram:inst7|memory_cell:inst10|inst ; regout           ;
; |PD|ram:inst|4x32ram:inst3|4x4ram:inst7|memory_cell:inst15|inst ; |PD|ram:inst|4x32ram:inst3|4x4ram:inst7|memory_cell:inst15|inst ; regout           ;
; |PD|ram:inst|4x32ram:inst3|4x4ram:inst7|memory_cell:inst13|inst ; |PD|ram:inst|4x32ram:inst3|4x4ram:inst7|memory_cell:inst13|inst ; regout           ;
; |PD|ram:inst|4x32ram:inst3|4x4ram:inst7|memory_cell:inst11|inst ; |PD|ram:inst|4x32ram:inst3|4x4ram:inst7|memory_cell:inst11|inst ; regout           ;
; |PD|ram:inst|4x32ram:inst3|4x4ram:inst7|memory_cell:inst9|inst  ; |PD|ram:inst|4x32ram:inst3|4x4ram:inst7|memory_cell:inst9|inst  ; regout           ;
; |PD|ram:inst|4x32ram:inst3|4x4ram:inst7|memory_cell:inst8|inst  ; |PD|ram:inst|4x32ram:inst3|4x4ram:inst7|memory_cell:inst8|inst  ; regout           ;
; |PD|ram:inst|4x32ram:inst3|4x4ram:inst7|memory_cell:inst6|inst  ; |PD|ram:inst|4x32ram:inst3|4x4ram:inst7|memory_cell:inst6|inst  ; regout           ;
; |PD|ram:inst|4x32ram:inst3|4x4ram:inst7|memory_cell:inst4|inst  ; |PD|ram:inst|4x32ram:inst3|4x4ram:inst7|memory_cell:inst4|inst  ; regout           ;
; |PD|ram:inst|4x32ram:inst3|4x4ram:inst7|memory_cell:inst2|inst  ; |PD|ram:inst|4x32ram:inst3|4x4ram:inst7|memory_cell:inst2|inst  ; regout           ;
; |PD|ram:inst|4x32ram:inst3|4x4ram:inst6|IN~0                    ; |PD|ram:inst|4x32ram:inst3|4x4ram:inst6|IN~0                    ; out0             ;
; |PD|ram:inst|4x32ram:inst3|4x4ram:inst6|IN~1                    ; |PD|ram:inst|4x32ram:inst3|4x4ram:inst6|IN~1                    ; out0             ;
; |PD|ram:inst|4x32ram:inst3|4x4ram:inst6|IN~2                    ; |PD|ram:inst|4x32ram:inst3|4x4ram:inst6|IN~2                    ; out0             ;
; |PD|ram:inst|4x32ram:inst3|4x4ram:inst6|IN~3                    ; |PD|ram:inst|4x32ram:inst3|4x4ram:inst6|IN~3                    ; out0             ;
; |PD|ram:inst|4x32ram:inst3|4x4ram:inst6|memory_cell:inst3|inst  ; |PD|ram:inst|4x32ram:inst3|4x4ram:inst6|memory_cell:inst3|inst  ; regout           ;
; |PD|ram:inst|4x32ram:inst3|4x4ram:inst6|memory_cell:inst5|inst  ; |PD|ram:inst|4x32ram:inst3|4x4ram:inst6|memory_cell:inst5|inst  ; regout           ;
; |PD|ram:inst|4x32ram:inst3|4x4ram:inst6|memory_cell:inst7|inst  ; |PD|ram:inst|4x32ram:inst3|4x4ram:inst6|memory_cell:inst7|inst  ; regout           ;
; |PD|ram:inst|4x32ram:inst3|4x4ram:inst6|memory_cell:inst1|inst  ; |PD|ram:inst|4x32ram:inst3|4x4ram:inst6|memory_cell:inst1|inst  ; regout           ;
; |PD|ram:inst|4x32ram:inst3|4x4ram:inst6|memory_cell:inst16|inst ; |PD|ram:inst|4x32ram:inst3|4x4ram:inst6|memory_cell:inst16|inst ; regout           ;
; |PD|ram:inst|4x32ram:inst3|4x4ram:inst6|memory_cell:inst14|inst ; |PD|ram:inst|4x32ram:inst3|4x4ram:inst6|memory_cell:inst14|inst ; regout           ;
; |PD|ram:inst|4x32ram:inst3|4x4ram:inst6|memory_cell:inst12|inst ; |PD|ram:inst|4x32ram:inst3|4x4ram:inst6|memory_cell:inst12|inst ; regout           ;
; |PD|ram:inst|4x32ram:inst3|4x4ram:inst6|memory_cell:inst10|inst ; |PD|ram:inst|4x32ram:inst3|4x4ram:inst6|memory_cell:inst10|inst ; regout           ;
; |PD|ram:inst|4x32ram:inst3|4x4ram:inst6|memory_cell:inst15|inst ; |PD|ram:inst|4x32ram:inst3|4x4ram:inst6|memory_cell:inst15|inst ; regout           ;
; |PD|ram:inst|4x32ram:inst3|4x4ram:inst6|memory_cell:inst13|inst ; |PD|ram:inst|4x32ram:inst3|4x4ram:inst6|memory_cell:inst13|inst ; regout           ;
; |PD|ram:inst|4x32ram:inst3|4x4ram:inst6|memory_cell:inst11|inst ; |PD|ram:inst|4x32ram:inst3|4x4ram:inst6|memory_cell:inst11|inst ; regout           ;
; |PD|ram:inst|4x32ram:inst3|4x4ram:inst6|memory_cell:inst9|inst  ; |PD|ram:inst|4x32ram:inst3|4x4ram:inst6|memory_cell:inst9|inst  ; regout           ;
; |PD|ram:inst|4x32ram:inst3|4x4ram:inst6|memory_cell:inst8|inst  ; |PD|ram:inst|4x32ram:inst3|4x4ram:inst6|memory_cell:inst8|inst  ; regout           ;
; |PD|ram:inst|4x32ram:inst3|4x4ram:inst6|memory_cell:inst6|inst  ; |PD|ram:inst|4x32ram:inst3|4x4ram:inst6|memory_cell:inst6|inst  ; regout           ;
; |PD|ram:inst|4x32ram:inst3|4x4ram:inst6|memory_cell:inst4|inst  ; |PD|ram:inst|4x32ram:inst3|4x4ram:inst6|memory_cell:inst4|inst  ; regout           ;
; |PD|ram:inst|4x32ram:inst3|4x4ram:inst6|memory_cell:inst2|inst  ; |PD|ram:inst|4x32ram:inst3|4x4ram:inst6|memory_cell:inst2|inst  ; regout           ;
; |PD|ram:inst|4x32ram:inst3|4x4ram:inst5|IN~0                    ; |PD|ram:inst|4x32ram:inst3|4x4ram:inst5|IN~0                    ; out0             ;
; |PD|ram:inst|4x32ram:inst3|4x4ram:inst5|IN~1                    ; |PD|ram:inst|4x32ram:inst3|4x4ram:inst5|IN~1                    ; out0             ;
; |PD|ram:inst|4x32ram:inst3|4x4ram:inst5|IN~2                    ; |PD|ram:inst|4x32ram:inst3|4x4ram:inst5|IN~2                    ; out0             ;
; |PD|ram:inst|4x32ram:inst3|4x4ram:inst5|IN~3                    ; |PD|ram:inst|4x32ram:inst3|4x4ram:inst5|IN~3                    ; out0             ;
; |PD|ram:inst|4x32ram:inst3|4x4ram:inst5|memory_cell:inst3|inst  ; |PD|ram:inst|4x32ram:inst3|4x4ram:inst5|memory_cell:inst3|inst  ; regout           ;
; |PD|ram:inst|4x32ram:inst3|4x4ram:inst5|memory_cell:inst5|inst  ; |PD|ram:inst|4x32ram:inst3|4x4ram:inst5|memory_cell:inst5|inst  ; regout           ;
; |PD|ram:inst|4x32ram:inst3|4x4ram:inst5|memory_cell:inst7|inst  ; |PD|ram:inst|4x32ram:inst3|4x4ram:inst5|memory_cell:inst7|inst  ; regout           ;
; |PD|ram:inst|4x32ram:inst3|4x4ram:inst5|memory_cell:inst1|inst  ; |PD|ram:inst|4x32ram:inst3|4x4ram:inst5|memory_cell:inst1|inst  ; regout           ;
; |PD|ram:inst|4x32ram:inst3|4x4ram:inst5|memory_cell:inst16|inst ; |PD|ram:inst|4x32ram:inst3|4x4ram:inst5|memory_cell:inst16|inst ; regout           ;
; |PD|ram:inst|4x32ram:inst3|4x4ram:inst5|memory_cell:inst14|inst ; |PD|ram:inst|4x32ram:inst3|4x4ram:inst5|memory_cell:inst14|inst ; regout           ;
; |PD|ram:inst|4x32ram:inst3|4x4ram:inst5|memory_cell:inst12|inst ; |PD|ram:inst|4x32ram:inst3|4x4ram:inst5|memory_cell:inst12|inst ; regout           ;
; |PD|ram:inst|4x32ram:inst3|4x4ram:inst5|memory_cell:inst10|inst ; |PD|ram:inst|4x32ram:inst3|4x4ram:inst5|memory_cell:inst10|inst ; regout           ;
; |PD|ram:inst|4x32ram:inst3|4x4ram:inst5|memory_cell:inst15|inst ; |PD|ram:inst|4x32ram:inst3|4x4ram:inst5|memory_cell:inst15|inst ; regout           ;
; |PD|ram:inst|4x32ram:inst3|4x4ram:inst5|memory_cell:inst13|inst ; |PD|ram:inst|4x32ram:inst3|4x4ram:inst5|memory_cell:inst13|inst ; regout           ;
; |PD|ram:inst|4x32ram:inst3|4x4ram:inst5|memory_cell:inst11|inst ; |PD|ram:inst|4x32ram:inst3|4x4ram:inst5|memory_cell:inst11|inst ; regout           ;
; |PD|ram:inst|4x32ram:inst3|4x4ram:inst5|memory_cell:inst9|inst  ; |PD|ram:inst|4x32ram:inst3|4x4ram:inst5|memory_cell:inst9|inst  ; regout           ;
; |PD|ram:inst|4x32ram:inst3|4x4ram:inst5|memory_cell:inst8|inst  ; |PD|ram:inst|4x32ram:inst3|4x4ram:inst5|memory_cell:inst8|inst  ; regout           ;
; |PD|ram:inst|4x32ram:inst3|4x4ram:inst5|memory_cell:inst6|inst  ; |PD|ram:inst|4x32ram:inst3|4x4ram:inst5|memory_cell:inst6|inst  ; regout           ;
; |PD|ram:inst|4x32ram:inst3|4x4ram:inst5|memory_cell:inst4|inst  ; |PD|ram:inst|4x32ram:inst3|4x4ram:inst5|memory_cell:inst4|inst  ; regout           ;
; |PD|ram:inst|4x32ram:inst3|4x4ram:inst5|memory_cell:inst2|inst  ; |PD|ram:inst|4x32ram:inst3|4x4ram:inst5|memory_cell:inst2|inst  ; regout           ;
; |PD|ram:inst|4x32ram:inst3|4x4ram:inst4|IN~0                    ; |PD|ram:inst|4x32ram:inst3|4x4ram:inst4|IN~0                    ; out0             ;
; |PD|ram:inst|4x32ram:inst3|4x4ram:inst4|IN~1                    ; |PD|ram:inst|4x32ram:inst3|4x4ram:inst4|IN~1                    ; out0             ;
; |PD|ram:inst|4x32ram:inst3|4x4ram:inst4|IN~2                    ; |PD|ram:inst|4x32ram:inst3|4x4ram:inst4|IN~2                    ; out0             ;
; |PD|ram:inst|4x32ram:inst3|4x4ram:inst4|IN~3                    ; |PD|ram:inst|4x32ram:inst3|4x4ram:inst4|IN~3                    ; out0             ;
; |PD|ram:inst|4x32ram:inst3|4x4ram:inst4|memory_cell:inst3|inst  ; |PD|ram:inst|4x32ram:inst3|4x4ram:inst4|memory_cell:inst3|inst  ; regout           ;
; |PD|ram:inst|4x32ram:inst3|4x4ram:inst4|memory_cell:inst5|inst  ; |PD|ram:inst|4x32ram:inst3|4x4ram:inst4|memory_cell:inst5|inst  ; regout           ;
; |PD|ram:inst|4x32ram:inst3|4x4ram:inst4|memory_cell:inst7|inst  ; |PD|ram:inst|4x32ram:inst3|4x4ram:inst4|memory_cell:inst7|inst  ; regout           ;
; |PD|ram:inst|4x32ram:inst3|4x4ram:inst4|memory_cell:inst1|inst  ; |PD|ram:inst|4x32ram:inst3|4x4ram:inst4|memory_cell:inst1|inst  ; regout           ;
; |PD|ram:inst|4x32ram:inst3|4x4ram:inst4|memory_cell:inst16|inst ; |PD|ram:inst|4x32ram:inst3|4x4ram:inst4|memory_cell:inst16|inst ; regout           ;
; |PD|ram:inst|4x32ram:inst3|4x4ram:inst4|memory_cell:inst14|inst ; |PD|ram:inst|4x32ram:inst3|4x4ram:inst4|memory_cell:inst14|inst ; regout           ;
; |PD|ram:inst|4x32ram:inst3|4x4ram:inst4|memory_cell:inst12|inst ; |PD|ram:inst|4x32ram:inst3|4x4ram:inst4|memory_cell:inst12|inst ; regout           ;
; |PD|ram:inst|4x32ram:inst3|4x4ram:inst4|memory_cell:inst10|inst ; |PD|ram:inst|4x32ram:inst3|4x4ram:inst4|memory_cell:inst10|inst ; regout           ;
; |PD|ram:inst|4x32ram:inst3|4x4ram:inst4|memory_cell:inst15|inst ; |PD|ram:inst|4x32ram:inst3|4x4ram:inst4|memory_cell:inst15|inst ; regout           ;
; |PD|ram:inst|4x32ram:inst3|4x4ram:inst4|memory_cell:inst13|inst ; |PD|ram:inst|4x32ram:inst3|4x4ram:inst4|memory_cell:inst13|inst ; regout           ;
; |PD|ram:inst|4x32ram:inst3|4x4ram:inst4|memory_cell:inst11|inst ; |PD|ram:inst|4x32ram:inst3|4x4ram:inst4|memory_cell:inst11|inst ; regout           ;
; |PD|ram:inst|4x32ram:inst3|4x4ram:inst4|memory_cell:inst9|inst  ; |PD|ram:inst|4x32ram:inst3|4x4ram:inst4|memory_cell:inst9|inst  ; regout           ;
; |PD|ram:inst|4x32ram:inst3|4x4ram:inst4|memory_cell:inst8|inst  ; |PD|ram:inst|4x32ram:inst3|4x4ram:inst4|memory_cell:inst8|inst  ; regout           ;
; |PD|ram:inst|4x32ram:inst3|4x4ram:inst4|memory_cell:inst6|inst  ; |PD|ram:inst|4x32ram:inst3|4x4ram:inst4|memory_cell:inst6|inst  ; regout           ;
; |PD|ram:inst|4x32ram:inst3|4x4ram:inst4|memory_cell:inst4|inst  ; |PD|ram:inst|4x32ram:inst3|4x4ram:inst4|memory_cell:inst4|inst  ; regout           ;
; |PD|ram:inst|4x32ram:inst3|4x4ram:inst4|memory_cell:inst2|inst  ; |PD|ram:inst|4x32ram:inst3|4x4ram:inst4|memory_cell:inst2|inst  ; regout           ;
; |PD|ram:inst|4x32ram:inst3|4x4ram:inst3|IN~0                    ; |PD|ram:inst|4x32ram:inst3|4x4ram:inst3|IN~0                    ; out0             ;
; |PD|ram:inst|4x32ram:inst3|4x4ram:inst3|IN~1                    ; |PD|ram:inst|4x32ram:inst3|4x4ram:inst3|IN~1                    ; out0             ;
; |PD|ram:inst|4x32ram:inst3|4x4ram:inst3|IN~2                    ; |PD|ram:inst|4x32ram:inst3|4x4ram:inst3|IN~2                    ; out0             ;
; |PD|ram:inst|4x32ram:inst3|4x4ram:inst3|IN~3                    ; |PD|ram:inst|4x32ram:inst3|4x4ram:inst3|IN~3                    ; out0             ;
; |PD|ram:inst|4x32ram:inst3|4x4ram:inst3|memory_cell:inst3|inst  ; |PD|ram:inst|4x32ram:inst3|4x4ram:inst3|memory_cell:inst3|inst  ; regout           ;
; |PD|ram:inst|4x32ram:inst3|4x4ram:inst3|memory_cell:inst5|inst  ; |PD|ram:inst|4x32ram:inst3|4x4ram:inst3|memory_cell:inst5|inst  ; regout           ;
; |PD|ram:inst|4x32ram:inst3|4x4ram:inst3|memory_cell:inst7|inst  ; |PD|ram:inst|4x32ram:inst3|4x4ram:inst3|memory_cell:inst7|inst  ; regout           ;
; |PD|ram:inst|4x32ram:inst3|4x4ram:inst3|memory_cell:inst1|inst  ; |PD|ram:inst|4x32ram:inst3|4x4ram:inst3|memory_cell:inst1|inst  ; regout           ;
; |PD|ram:inst|4x32ram:inst3|4x4ram:inst3|memory_cell:inst16|inst ; |PD|ram:inst|4x32ram:inst3|4x4ram:inst3|memory_cell:inst16|inst ; regout           ;
; |PD|ram:inst|4x32ram:inst3|4x4ram:inst3|memory_cell:inst14|inst ; |PD|ram:inst|4x32ram:inst3|4x4ram:inst3|memory_cell:inst14|inst ; regout           ;
; |PD|ram:inst|4x32ram:inst3|4x4ram:inst3|memory_cell:inst12|inst ; |PD|ram:inst|4x32ram:inst3|4x4ram:inst3|memory_cell:inst12|inst ; regout           ;
; |PD|ram:inst|4x32ram:inst3|4x4ram:inst3|memory_cell:inst10|inst ; |PD|ram:inst|4x32ram:inst3|4x4ram:inst3|memory_cell:inst10|inst ; regout           ;
; |PD|ram:inst|4x32ram:inst3|4x4ram:inst3|memory_cell:inst15|inst ; |PD|ram:inst|4x32ram:inst3|4x4ram:inst3|memory_cell:inst15|inst ; regout           ;
; |PD|ram:inst|4x32ram:inst3|4x4ram:inst3|memory_cell:inst13|inst ; |PD|ram:inst|4x32ram:inst3|4x4ram:inst3|memory_cell:inst13|inst ; regout           ;
; |PD|ram:inst|4x32ram:inst3|4x4ram:inst3|memory_cell:inst11|inst ; |PD|ram:inst|4x32ram:inst3|4x4ram:inst3|memory_cell:inst11|inst ; regout           ;
; |PD|ram:inst|4x32ram:inst3|4x4ram:inst3|memory_cell:inst9|inst  ; |PD|ram:inst|4x32ram:inst3|4x4ram:inst3|memory_cell:inst9|inst  ; regout           ;
; |PD|ram:inst|4x32ram:inst3|4x4ram:inst3|memory_cell:inst8|inst  ; |PD|ram:inst|4x32ram:inst3|4x4ram:inst3|memory_cell:inst8|inst  ; regout           ;
; |PD|ram:inst|4x32ram:inst3|4x4ram:inst3|memory_cell:inst6|inst  ; |PD|ram:inst|4x32ram:inst3|4x4ram:inst3|memory_cell:inst6|inst  ; regout           ;
; |PD|ram:inst|4x32ram:inst3|4x4ram:inst3|memory_cell:inst4|inst  ; |PD|ram:inst|4x32ram:inst3|4x4ram:inst3|memory_cell:inst4|inst  ; regout           ;
; |PD|ram:inst|4x32ram:inst3|4x4ram:inst3|memory_cell:inst2|inst  ; |PD|ram:inst|4x32ram:inst3|4x4ram:inst3|memory_cell:inst2|inst  ; regout           ;
; |PD|ram:inst|4x32ram:inst3|4x4ram:inst1|IN~0                    ; |PD|ram:inst|4x32ram:inst3|4x4ram:inst1|IN~0                    ; out0             ;
; |PD|ram:inst|4x32ram:inst3|4x4ram:inst1|IN~1                    ; |PD|ram:inst|4x32ram:inst3|4x4ram:inst1|IN~1                    ; out0             ;
; |PD|ram:inst|4x32ram:inst3|4x4ram:inst1|IN~2                    ; |PD|ram:inst|4x32ram:inst3|4x4ram:inst1|IN~2                    ; out0             ;
; |PD|ram:inst|4x32ram:inst3|4x4ram:inst1|IN~3                    ; |PD|ram:inst|4x32ram:inst3|4x4ram:inst1|IN~3                    ; out0             ;
; |PD|ram:inst|4x32ram:inst3|4x4ram:inst1|memory_cell:inst3|inst  ; |PD|ram:inst|4x32ram:inst3|4x4ram:inst1|memory_cell:inst3|inst  ; regout           ;
; |PD|ram:inst|4x32ram:inst3|4x4ram:inst1|memory_cell:inst5|inst  ; |PD|ram:inst|4x32ram:inst3|4x4ram:inst1|memory_cell:inst5|inst  ; regout           ;
; |PD|ram:inst|4x32ram:inst3|4x4ram:inst1|memory_cell:inst7|inst  ; |PD|ram:inst|4x32ram:inst3|4x4ram:inst1|memory_cell:inst7|inst  ; regout           ;
; |PD|ram:inst|4x32ram:inst3|4x4ram:inst1|memory_cell:inst1|inst  ; |PD|ram:inst|4x32ram:inst3|4x4ram:inst1|memory_cell:inst1|inst  ; regout           ;
; |PD|ram:inst|4x32ram:inst3|4x4ram:inst1|memory_cell:inst16|inst ; |PD|ram:inst|4x32ram:inst3|4x4ram:inst1|memory_cell:inst16|inst ; regout           ;
; |PD|ram:inst|4x32ram:inst3|4x4ram:inst1|memory_cell:inst14|inst ; |PD|ram:inst|4x32ram:inst3|4x4ram:inst1|memory_cell:inst14|inst ; regout           ;
; |PD|ram:inst|4x32ram:inst3|4x4ram:inst1|memory_cell:inst12|inst ; |PD|ram:inst|4x32ram:inst3|4x4ram:inst1|memory_cell:inst12|inst ; regout           ;
; |PD|ram:inst|4x32ram:inst3|4x4ram:inst1|memory_cell:inst10|inst ; |PD|ram:inst|4x32ram:inst3|4x4ram:inst1|memory_cell:inst10|inst ; regout           ;
; |PD|ram:inst|4x32ram:inst3|4x4ram:inst1|memory_cell:inst15|inst ; |PD|ram:inst|4x32ram:inst3|4x4ram:inst1|memory_cell:inst15|inst ; regout           ;
; |PD|ram:inst|4x32ram:inst3|4x4ram:inst1|memory_cell:inst13|inst ; |PD|ram:inst|4x32ram:inst3|4x4ram:inst1|memory_cell:inst13|inst ; regout           ;
; |PD|ram:inst|4x32ram:inst3|4x4ram:inst1|memory_cell:inst11|inst ; |PD|ram:inst|4x32ram:inst3|4x4ram:inst1|memory_cell:inst11|inst ; regout           ;
; |PD|ram:inst|4x32ram:inst3|4x4ram:inst1|memory_cell:inst9|inst  ; |PD|ram:inst|4x32ram:inst3|4x4ram:inst1|memory_cell:inst9|inst  ; regout           ;
; |PD|ram:inst|4x32ram:inst3|4x4ram:inst1|memory_cell:inst8|inst  ; |PD|ram:inst|4x32ram:inst3|4x4ram:inst1|memory_cell:inst8|inst  ; regout           ;
; |PD|ram:inst|4x32ram:inst3|4x4ram:inst1|memory_cell:inst6|inst  ; |PD|ram:inst|4x32ram:inst3|4x4ram:inst1|memory_cell:inst6|inst  ; regout           ;
; |PD|ram:inst|4x32ram:inst3|4x4ram:inst1|memory_cell:inst4|inst  ; |PD|ram:inst|4x32ram:inst3|4x4ram:inst1|memory_cell:inst4|inst  ; regout           ;
; |PD|ram:inst|4x32ram:inst3|4x4ram:inst1|memory_cell:inst2|inst  ; |PD|ram:inst|4x32ram:inst3|4x4ram:inst1|memory_cell:inst2|inst  ; regout           ;
; |PD|ram:inst|4x32ram:inst3|4x4ram:inst|IN~0                     ; |PD|ram:inst|4x32ram:inst3|4x4ram:inst|IN~0                     ; out0             ;
; |PD|ram:inst|4x32ram:inst3|4x4ram:inst|IN~1                     ; |PD|ram:inst|4x32ram:inst3|4x4ram:inst|IN~1                     ; out0             ;
; |PD|ram:inst|4x32ram:inst3|4x4ram:inst|IN~2                     ; |PD|ram:inst|4x32ram:inst3|4x4ram:inst|IN~2                     ; out0             ;
; |PD|ram:inst|4x32ram:inst3|4x4ram:inst|IN~3                     ; |PD|ram:inst|4x32ram:inst3|4x4ram:inst|IN~3                     ; out0             ;
; |PD|ram:inst|4x32ram:inst3|4x4ram:inst|memory_cell:inst3|inst   ; |PD|ram:inst|4x32ram:inst3|4x4ram:inst|memory_cell:inst3|inst   ; regout           ;
; |PD|ram:inst|4x32ram:inst3|4x4ram:inst|memory_cell:inst5|inst   ; |PD|ram:inst|4x32ram:inst3|4x4ram:inst|memory_cell:inst5|inst   ; regout           ;
; |PD|ram:inst|4x32ram:inst3|4x4ram:inst|memory_cell:inst7|inst   ; |PD|ram:inst|4x32ram:inst3|4x4ram:inst|memory_cell:inst7|inst   ; regout           ;
; |PD|ram:inst|4x32ram:inst3|4x4ram:inst|memory_cell:inst1|inst   ; |PD|ram:inst|4x32ram:inst3|4x4ram:inst|memory_cell:inst1|inst   ; regout           ;
; |PD|ram:inst|4x32ram:inst3|4x4ram:inst|memory_cell:inst16|inst  ; |PD|ram:inst|4x32ram:inst3|4x4ram:inst|memory_cell:inst16|inst  ; regout           ;
; |PD|ram:inst|4x32ram:inst3|4x4ram:inst|memory_cell:inst14|inst  ; |PD|ram:inst|4x32ram:inst3|4x4ram:inst|memory_cell:inst14|inst  ; regout           ;
; |PD|ram:inst|4x32ram:inst3|4x4ram:inst|memory_cell:inst12|inst  ; |PD|ram:inst|4x32ram:inst3|4x4ram:inst|memory_cell:inst12|inst  ; regout           ;
; |PD|ram:inst|4x32ram:inst3|4x4ram:inst|memory_cell:inst10|inst  ; |PD|ram:inst|4x32ram:inst3|4x4ram:inst|memory_cell:inst10|inst  ; regout           ;
; |PD|ram:inst|4x32ram:inst3|4x4ram:inst|memory_cell:inst15|inst  ; |PD|ram:inst|4x32ram:inst3|4x4ram:inst|memory_cell:inst15|inst  ; regout           ;
; |PD|ram:inst|4x32ram:inst3|4x4ram:inst|memory_cell:inst13|inst  ; |PD|ram:inst|4x32ram:inst3|4x4ram:inst|memory_cell:inst13|inst  ; regout           ;
; |PD|ram:inst|4x32ram:inst3|4x4ram:inst|memory_cell:inst11|inst  ; |PD|ram:inst|4x32ram:inst3|4x4ram:inst|memory_cell:inst11|inst  ; regout           ;
; |PD|ram:inst|4x32ram:inst3|4x4ram:inst|memory_cell:inst9|inst   ; |PD|ram:inst|4x32ram:inst3|4x4ram:inst|memory_cell:inst9|inst   ; regout           ;
; |PD|ram:inst|4x32ram:inst3|4x4ram:inst|memory_cell:inst8|inst   ; |PD|ram:inst|4x32ram:inst3|4x4ram:inst|memory_cell:inst8|inst   ; regout           ;
; |PD|ram:inst|4x32ram:inst3|4x4ram:inst|memory_cell:inst6|inst   ; |PD|ram:inst|4x32ram:inst3|4x4ram:inst|memory_cell:inst6|inst   ; regout           ;
; |PD|ram:inst|4x32ram:inst3|4x4ram:inst|memory_cell:inst4|inst   ; |PD|ram:inst|4x32ram:inst3|4x4ram:inst|memory_cell:inst4|inst   ; regout           ;
; |PD|ram:inst|4x32ram:inst3|4x4ram:inst|memory_cell:inst2|inst   ; |PD|ram:inst|4x32ram:inst3|4x4ram:inst|memory_cell:inst2|inst   ; regout           ;
; |PD|ram:inst|4x32ram:inst2|4x4ram:inst8|memory_cell:inst3|inst  ; |PD|ram:inst|4x32ram:inst2|4x4ram:inst8|memory_cell:inst3|inst  ; regout           ;
; |PD|ram:inst|4x32ram:inst2|4x4ram:inst8|memory_cell:inst5|inst  ; |PD|ram:inst|4x32ram:inst2|4x4ram:inst8|memory_cell:inst5|inst  ; regout           ;
; |PD|ram:inst|4x32ram:inst2|4x4ram:inst8|memory_cell:inst7|inst  ; |PD|ram:inst|4x32ram:inst2|4x4ram:inst8|memory_cell:inst7|inst  ; regout           ;
; |PD|ram:inst|4x32ram:inst2|4x4ram:inst8|memory_cell:inst1|inst  ; |PD|ram:inst|4x32ram:inst2|4x4ram:inst8|memory_cell:inst1|inst  ; regout           ;
; |PD|ram:inst|4x32ram:inst2|4x4ram:inst8|memory_cell:inst16|inst ; |PD|ram:inst|4x32ram:inst2|4x4ram:inst8|memory_cell:inst16|inst ; regout           ;
; |PD|ram:inst|4x32ram:inst2|4x4ram:inst8|memory_cell:inst14|inst ; |PD|ram:inst|4x32ram:inst2|4x4ram:inst8|memory_cell:inst14|inst ; regout           ;
; |PD|ram:inst|4x32ram:inst2|4x4ram:inst8|memory_cell:inst12|inst ; |PD|ram:inst|4x32ram:inst2|4x4ram:inst8|memory_cell:inst12|inst ; regout           ;
; |PD|ram:inst|4x32ram:inst2|4x4ram:inst8|memory_cell:inst10|inst ; |PD|ram:inst|4x32ram:inst2|4x4ram:inst8|memory_cell:inst10|inst ; regout           ;
; |PD|ram:inst|4x32ram:inst2|4x4ram:inst8|memory_cell:inst15|inst ; |PD|ram:inst|4x32ram:inst2|4x4ram:inst8|memory_cell:inst15|inst ; regout           ;
; |PD|ram:inst|4x32ram:inst2|4x4ram:inst8|memory_cell:inst13|inst ; |PD|ram:inst|4x32ram:inst2|4x4ram:inst8|memory_cell:inst13|inst ; regout           ;
; |PD|ram:inst|4x32ram:inst2|4x4ram:inst8|memory_cell:inst11|inst ; |PD|ram:inst|4x32ram:inst2|4x4ram:inst8|memory_cell:inst11|inst ; regout           ;
; |PD|ram:inst|4x32ram:inst2|4x4ram:inst8|memory_cell:inst9|inst  ; |PD|ram:inst|4x32ram:inst2|4x4ram:inst8|memory_cell:inst9|inst  ; regout           ;
; |PD|ram:inst|4x32ram:inst2|4x4ram:inst8|memory_cell:inst8|inst  ; |PD|ram:inst|4x32ram:inst2|4x4ram:inst8|memory_cell:inst8|inst  ; regout           ;
; |PD|ram:inst|4x32ram:inst2|4x4ram:inst8|memory_cell:inst6|inst  ; |PD|ram:inst|4x32ram:inst2|4x4ram:inst8|memory_cell:inst6|inst  ; regout           ;
; |PD|ram:inst|4x32ram:inst2|4x4ram:inst8|memory_cell:inst4|inst  ; |PD|ram:inst|4x32ram:inst2|4x4ram:inst8|memory_cell:inst4|inst  ; regout           ;
; |PD|ram:inst|4x32ram:inst2|4x4ram:inst8|memory_cell:inst2|inst  ; |PD|ram:inst|4x32ram:inst2|4x4ram:inst8|memory_cell:inst2|inst  ; regout           ;
; |PD|ram:inst|4x32ram:inst2|4x4ram:inst7|IN~0                    ; |PD|ram:inst|4x32ram:inst2|4x4ram:inst7|IN~0                    ; out0             ;
; |PD|ram:inst|4x32ram:inst2|4x4ram:inst7|IN~1                    ; |PD|ram:inst|4x32ram:inst2|4x4ram:inst7|IN~1                    ; out0             ;
; |PD|ram:inst|4x32ram:inst2|4x4ram:inst7|inst22                  ; |PD|ram:inst|4x32ram:inst2|4x4ram:inst7|inst22                  ; out              ;
; |PD|ram:inst|4x32ram:inst2|4x4ram:inst7|IN~3                    ; |PD|ram:inst|4x32ram:inst2|4x4ram:inst7|IN~3                    ; out0             ;
; |PD|ram:inst|4x32ram:inst2|4x4ram:inst7|memory_cell:inst3|inst  ; |PD|ram:inst|4x32ram:inst2|4x4ram:inst7|memory_cell:inst3|inst  ; regout           ;
; |PD|ram:inst|4x32ram:inst2|4x4ram:inst7|memory_cell:inst5|inst  ; |PD|ram:inst|4x32ram:inst2|4x4ram:inst7|memory_cell:inst5|inst  ; regout           ;
; |PD|ram:inst|4x32ram:inst2|4x4ram:inst7|memory_cell:inst7|inst  ; |PD|ram:inst|4x32ram:inst2|4x4ram:inst7|memory_cell:inst7|inst  ; regout           ;
; |PD|ram:inst|4x32ram:inst2|4x4ram:inst7|memory_cell:inst1|inst  ; |PD|ram:inst|4x32ram:inst2|4x4ram:inst7|memory_cell:inst1|inst  ; regout           ;
; |PD|ram:inst|4x32ram:inst2|4x4ram:inst7|memory_cell:inst16|inst ; |PD|ram:inst|4x32ram:inst2|4x4ram:inst7|memory_cell:inst16|inst ; regout           ;
; |PD|ram:inst|4x32ram:inst2|4x4ram:inst7|memory_cell:inst14|inst ; |PD|ram:inst|4x32ram:inst2|4x4ram:inst7|memory_cell:inst14|inst ; regout           ;
; |PD|ram:inst|4x32ram:inst2|4x4ram:inst7|memory_cell:inst12|inst ; |PD|ram:inst|4x32ram:inst2|4x4ram:inst7|memory_cell:inst12|inst ; regout           ;
; |PD|ram:inst|4x32ram:inst2|4x4ram:inst7|memory_cell:inst10|inst ; |PD|ram:inst|4x32ram:inst2|4x4ram:inst7|memory_cell:inst10|inst ; regout           ;
; |PD|ram:inst|4x32ram:inst2|4x4ram:inst7|memory_cell:inst15|inst ; |PD|ram:inst|4x32ram:inst2|4x4ram:inst7|memory_cell:inst15|inst ; regout           ;
; |PD|ram:inst|4x32ram:inst2|4x4ram:inst7|memory_cell:inst13|inst ; |PD|ram:inst|4x32ram:inst2|4x4ram:inst7|memory_cell:inst13|inst ; regout           ;
; |PD|ram:inst|4x32ram:inst2|4x4ram:inst7|memory_cell:inst11|inst ; |PD|ram:inst|4x32ram:inst2|4x4ram:inst7|memory_cell:inst11|inst ; regout           ;
; |PD|ram:inst|4x32ram:inst2|4x4ram:inst7|memory_cell:inst9|inst  ; |PD|ram:inst|4x32ram:inst2|4x4ram:inst7|memory_cell:inst9|inst  ; regout           ;
; |PD|ram:inst|4x32ram:inst2|4x4ram:inst7|memory_cell:inst8|inst  ; |PD|ram:inst|4x32ram:inst2|4x4ram:inst7|memory_cell:inst8|inst  ; regout           ;
; |PD|ram:inst|4x32ram:inst2|4x4ram:inst7|memory_cell:inst6|inst  ; |PD|ram:inst|4x32ram:inst2|4x4ram:inst7|memory_cell:inst6|inst  ; regout           ;
; |PD|ram:inst|4x32ram:inst2|4x4ram:inst7|memory_cell:inst4|inst  ; |PD|ram:inst|4x32ram:inst2|4x4ram:inst7|memory_cell:inst4|inst  ; regout           ;
; |PD|ram:inst|4x32ram:inst2|4x4ram:inst7|memory_cell:inst2|inst  ; |PD|ram:inst|4x32ram:inst2|4x4ram:inst7|memory_cell:inst2|inst  ; regout           ;
; |PD|ram:inst|4x32ram:inst2|4x4ram:inst6|IN~0                    ; |PD|ram:inst|4x32ram:inst2|4x4ram:inst6|IN~0                    ; out0             ;
; |PD|ram:inst|4x32ram:inst2|4x4ram:inst6|IN~1                    ; |PD|ram:inst|4x32ram:inst2|4x4ram:inst6|IN~1                    ; out0             ;
; |PD|ram:inst|4x32ram:inst2|4x4ram:inst6|IN~2                    ; |PD|ram:inst|4x32ram:inst2|4x4ram:inst6|IN~2                    ; out0             ;
; |PD|ram:inst|4x32ram:inst2|4x4ram:inst6|IN~3                    ; |PD|ram:inst|4x32ram:inst2|4x4ram:inst6|IN~3                    ; out0             ;
; |PD|ram:inst|4x32ram:inst2|4x4ram:inst6|memory_cell:inst3|inst  ; |PD|ram:inst|4x32ram:inst2|4x4ram:inst6|memory_cell:inst3|inst  ; regout           ;
; |PD|ram:inst|4x32ram:inst2|4x4ram:inst6|memory_cell:inst5|inst  ; |PD|ram:inst|4x32ram:inst2|4x4ram:inst6|memory_cell:inst5|inst  ; regout           ;
; |PD|ram:inst|4x32ram:inst2|4x4ram:inst6|memory_cell:inst7|inst  ; |PD|ram:inst|4x32ram:inst2|4x4ram:inst6|memory_cell:inst7|inst  ; regout           ;
; |PD|ram:inst|4x32ram:inst2|4x4ram:inst6|memory_cell:inst1|inst  ; |PD|ram:inst|4x32ram:inst2|4x4ram:inst6|memory_cell:inst1|inst  ; regout           ;
; |PD|ram:inst|4x32ram:inst2|4x4ram:inst6|memory_cell:inst16|inst ; |PD|ram:inst|4x32ram:inst2|4x4ram:inst6|memory_cell:inst16|inst ; regout           ;
; |PD|ram:inst|4x32ram:inst2|4x4ram:inst6|memory_cell:inst14|inst ; |PD|ram:inst|4x32ram:inst2|4x4ram:inst6|memory_cell:inst14|inst ; regout           ;
; |PD|ram:inst|4x32ram:inst2|4x4ram:inst6|memory_cell:inst12|inst ; |PD|ram:inst|4x32ram:inst2|4x4ram:inst6|memory_cell:inst12|inst ; regout           ;
; |PD|ram:inst|4x32ram:inst2|4x4ram:inst6|memory_cell:inst10|inst ; |PD|ram:inst|4x32ram:inst2|4x4ram:inst6|memory_cell:inst10|inst ; regout           ;
; |PD|ram:inst|4x32ram:inst2|4x4ram:inst6|memory_cell:inst15|inst ; |PD|ram:inst|4x32ram:inst2|4x4ram:inst6|memory_cell:inst15|inst ; regout           ;
; |PD|ram:inst|4x32ram:inst2|4x4ram:inst6|memory_cell:inst13|inst ; |PD|ram:inst|4x32ram:inst2|4x4ram:inst6|memory_cell:inst13|inst ; regout           ;
; |PD|ram:inst|4x32ram:inst2|4x4ram:inst6|memory_cell:inst11|inst ; |PD|ram:inst|4x32ram:inst2|4x4ram:inst6|memory_cell:inst11|inst ; regout           ;
; |PD|ram:inst|4x32ram:inst2|4x4ram:inst6|memory_cell:inst9|inst  ; |PD|ram:inst|4x32ram:inst2|4x4ram:inst6|memory_cell:inst9|inst  ; regout           ;
; |PD|ram:inst|4x32ram:inst2|4x4ram:inst6|memory_cell:inst8|inst  ; |PD|ram:inst|4x32ram:inst2|4x4ram:inst6|memory_cell:inst8|inst  ; regout           ;
; |PD|ram:inst|4x32ram:inst2|4x4ram:inst6|memory_cell:inst6|inst  ; |PD|ram:inst|4x32ram:inst2|4x4ram:inst6|memory_cell:inst6|inst  ; regout           ;
; |PD|ram:inst|4x32ram:inst2|4x4ram:inst6|memory_cell:inst4|inst  ; |PD|ram:inst|4x32ram:inst2|4x4ram:inst6|memory_cell:inst4|inst  ; regout           ;
; |PD|ram:inst|4x32ram:inst2|4x4ram:inst6|memory_cell:inst2|inst  ; |PD|ram:inst|4x32ram:inst2|4x4ram:inst6|memory_cell:inst2|inst  ; regout           ;
; |PD|ram:inst|4x32ram:inst2|4x4ram:inst5|IN~0                    ; |PD|ram:inst|4x32ram:inst2|4x4ram:inst5|IN~0                    ; out0             ;
; |PD|ram:inst|4x32ram:inst2|4x4ram:inst5|IN~1                    ; |PD|ram:inst|4x32ram:inst2|4x4ram:inst5|IN~1                    ; out0             ;
; |PD|ram:inst|4x32ram:inst2|4x4ram:inst5|IN~2                    ; |PD|ram:inst|4x32ram:inst2|4x4ram:inst5|IN~2                    ; out0             ;
; |PD|ram:inst|4x32ram:inst2|4x4ram:inst5|IN~3                    ; |PD|ram:inst|4x32ram:inst2|4x4ram:inst5|IN~3                    ; out0             ;
; |PD|ram:inst|4x32ram:inst2|4x4ram:inst5|memory_cell:inst3|inst  ; |PD|ram:inst|4x32ram:inst2|4x4ram:inst5|memory_cell:inst3|inst  ; regout           ;
; |PD|ram:inst|4x32ram:inst2|4x4ram:inst5|memory_cell:inst5|inst  ; |PD|ram:inst|4x32ram:inst2|4x4ram:inst5|memory_cell:inst5|inst  ; regout           ;
; |PD|ram:inst|4x32ram:inst2|4x4ram:inst5|memory_cell:inst7|inst  ; |PD|ram:inst|4x32ram:inst2|4x4ram:inst5|memory_cell:inst7|inst  ; regout           ;
; |PD|ram:inst|4x32ram:inst2|4x4ram:inst5|memory_cell:inst1|inst  ; |PD|ram:inst|4x32ram:inst2|4x4ram:inst5|memory_cell:inst1|inst  ; regout           ;
; |PD|ram:inst|4x32ram:inst2|4x4ram:inst5|memory_cell:inst16|inst ; |PD|ram:inst|4x32ram:inst2|4x4ram:inst5|memory_cell:inst16|inst ; regout           ;
; |PD|ram:inst|4x32ram:inst2|4x4ram:inst5|memory_cell:inst14|inst ; |PD|ram:inst|4x32ram:inst2|4x4ram:inst5|memory_cell:inst14|inst ; regout           ;
; |PD|ram:inst|4x32ram:inst2|4x4ram:inst5|memory_cell:inst12|inst ; |PD|ram:inst|4x32ram:inst2|4x4ram:inst5|memory_cell:inst12|inst ; regout           ;
; |PD|ram:inst|4x32ram:inst2|4x4ram:inst5|memory_cell:inst10|inst ; |PD|ram:inst|4x32ram:inst2|4x4ram:inst5|memory_cell:inst10|inst ; regout           ;
; |PD|ram:inst|4x32ram:inst2|4x4ram:inst5|memory_cell:inst15|inst ; |PD|ram:inst|4x32ram:inst2|4x4ram:inst5|memory_cell:inst15|inst ; regout           ;
; |PD|ram:inst|4x32ram:inst2|4x4ram:inst5|memory_cell:inst13|inst ; |PD|ram:inst|4x32ram:inst2|4x4ram:inst5|memory_cell:inst13|inst ; regout           ;
; |PD|ram:inst|4x32ram:inst2|4x4ram:inst5|memory_cell:inst11|inst ; |PD|ram:inst|4x32ram:inst2|4x4ram:inst5|memory_cell:inst11|inst ; regout           ;
; |PD|ram:inst|4x32ram:inst2|4x4ram:inst5|memory_cell:inst9|inst  ; |PD|ram:inst|4x32ram:inst2|4x4ram:inst5|memory_cell:inst9|inst  ; regout           ;
; |PD|ram:inst|4x32ram:inst2|4x4ram:inst5|memory_cell:inst8|inst  ; |PD|ram:inst|4x32ram:inst2|4x4ram:inst5|memory_cell:inst8|inst  ; regout           ;
; |PD|ram:inst|4x32ram:inst2|4x4ram:inst5|memory_cell:inst6|inst  ; |PD|ram:inst|4x32ram:inst2|4x4ram:inst5|memory_cell:inst6|inst  ; regout           ;
; |PD|ram:inst|4x32ram:inst2|4x4ram:inst5|memory_cell:inst4|inst  ; |PD|ram:inst|4x32ram:inst2|4x4ram:inst5|memory_cell:inst4|inst  ; regout           ;
; |PD|ram:inst|4x32ram:inst2|4x4ram:inst5|memory_cell:inst2|inst  ; |PD|ram:inst|4x32ram:inst2|4x4ram:inst5|memory_cell:inst2|inst  ; regout           ;
; |PD|ram:inst|4x32ram:inst2|4x4ram:inst4|IN~0                    ; |PD|ram:inst|4x32ram:inst2|4x4ram:inst4|IN~0                    ; out0             ;
; |PD|ram:inst|4x32ram:inst2|4x4ram:inst4|IN~1                    ; |PD|ram:inst|4x32ram:inst2|4x4ram:inst4|IN~1                    ; out0             ;
; |PD|ram:inst|4x32ram:inst2|4x4ram:inst4|IN~2                    ; |PD|ram:inst|4x32ram:inst2|4x4ram:inst4|IN~2                    ; out0             ;
; |PD|ram:inst|4x32ram:inst2|4x4ram:inst4|IN~3                    ; |PD|ram:inst|4x32ram:inst2|4x4ram:inst4|IN~3                    ; out0             ;
; |PD|ram:inst|4x32ram:inst2|4x4ram:inst4|memory_cell:inst3|inst  ; |PD|ram:inst|4x32ram:inst2|4x4ram:inst4|memory_cell:inst3|inst  ; regout           ;
; |PD|ram:inst|4x32ram:inst2|4x4ram:inst4|memory_cell:inst5|inst  ; |PD|ram:inst|4x32ram:inst2|4x4ram:inst4|memory_cell:inst5|inst  ; regout           ;
; |PD|ram:inst|4x32ram:inst2|4x4ram:inst4|memory_cell:inst7|inst  ; |PD|ram:inst|4x32ram:inst2|4x4ram:inst4|memory_cell:inst7|inst  ; regout           ;
; |PD|ram:inst|4x32ram:inst2|4x4ram:inst4|memory_cell:inst1|inst  ; |PD|ram:inst|4x32ram:inst2|4x4ram:inst4|memory_cell:inst1|inst  ; regout           ;
; |PD|ram:inst|4x32ram:inst2|4x4ram:inst4|memory_cell:inst16|inst ; |PD|ram:inst|4x32ram:inst2|4x4ram:inst4|memory_cell:inst16|inst ; regout           ;
; |PD|ram:inst|4x32ram:inst2|4x4ram:inst4|memory_cell:inst14|inst ; |PD|ram:inst|4x32ram:inst2|4x4ram:inst4|memory_cell:inst14|inst ; regout           ;
; |PD|ram:inst|4x32ram:inst2|4x4ram:inst4|memory_cell:inst12|inst ; |PD|ram:inst|4x32ram:inst2|4x4ram:inst4|memory_cell:inst12|inst ; regout           ;
; |PD|ram:inst|4x32ram:inst2|4x4ram:inst4|memory_cell:inst10|inst ; |PD|ram:inst|4x32ram:inst2|4x4ram:inst4|memory_cell:inst10|inst ; regout           ;
; |PD|ram:inst|4x32ram:inst2|4x4ram:inst4|memory_cell:inst15|inst ; |PD|ram:inst|4x32ram:inst2|4x4ram:inst4|memory_cell:inst15|inst ; regout           ;
; |PD|ram:inst|4x32ram:inst2|4x4ram:inst4|memory_cell:inst13|inst ; |PD|ram:inst|4x32ram:inst2|4x4ram:inst4|memory_cell:inst13|inst ; regout           ;
; |PD|ram:inst|4x32ram:inst2|4x4ram:inst4|memory_cell:inst11|inst ; |PD|ram:inst|4x32ram:inst2|4x4ram:inst4|memory_cell:inst11|inst ; regout           ;
; |PD|ram:inst|4x32ram:inst2|4x4ram:inst4|memory_cell:inst9|inst  ; |PD|ram:inst|4x32ram:inst2|4x4ram:inst4|memory_cell:inst9|inst  ; regout           ;
; |PD|ram:inst|4x32ram:inst2|4x4ram:inst4|memory_cell:inst8|inst  ; |PD|ram:inst|4x32ram:inst2|4x4ram:inst4|memory_cell:inst8|inst  ; regout           ;
; |PD|ram:inst|4x32ram:inst2|4x4ram:inst4|memory_cell:inst6|inst  ; |PD|ram:inst|4x32ram:inst2|4x4ram:inst4|memory_cell:inst6|inst  ; regout           ;
; |PD|ram:inst|4x32ram:inst2|4x4ram:inst4|memory_cell:inst4|inst  ; |PD|ram:inst|4x32ram:inst2|4x4ram:inst4|memory_cell:inst4|inst  ; regout           ;
; |PD|ram:inst|4x32ram:inst2|4x4ram:inst4|memory_cell:inst2|inst  ; |PD|ram:inst|4x32ram:inst2|4x4ram:inst4|memory_cell:inst2|inst  ; regout           ;
; |PD|ram:inst|4x32ram:inst2|4x4ram:inst3|IN~0                    ; |PD|ram:inst|4x32ram:inst2|4x4ram:inst3|IN~0                    ; out0             ;
; |PD|ram:inst|4x32ram:inst2|4x4ram:inst3|IN~1                    ; |PD|ram:inst|4x32ram:inst2|4x4ram:inst3|IN~1                    ; out0             ;
; |PD|ram:inst|4x32ram:inst2|4x4ram:inst3|IN~2                    ; |PD|ram:inst|4x32ram:inst2|4x4ram:inst3|IN~2                    ; out0             ;
; |PD|ram:inst|4x32ram:inst2|4x4ram:inst3|IN~3                    ; |PD|ram:inst|4x32ram:inst2|4x4ram:inst3|IN~3                    ; out0             ;
; |PD|ram:inst|4x32ram:inst2|4x4ram:inst3|memory_cell:inst3|inst  ; |PD|ram:inst|4x32ram:inst2|4x4ram:inst3|memory_cell:inst3|inst  ; regout           ;
; |PD|ram:inst|4x32ram:inst2|4x4ram:inst3|memory_cell:inst5|inst  ; |PD|ram:inst|4x32ram:inst2|4x4ram:inst3|memory_cell:inst5|inst  ; regout           ;
; |PD|ram:inst|4x32ram:inst2|4x4ram:inst3|memory_cell:inst7|inst  ; |PD|ram:inst|4x32ram:inst2|4x4ram:inst3|memory_cell:inst7|inst  ; regout           ;
; |PD|ram:inst|4x32ram:inst2|4x4ram:inst3|memory_cell:inst1|inst  ; |PD|ram:inst|4x32ram:inst2|4x4ram:inst3|memory_cell:inst1|inst  ; regout           ;
; |PD|ram:inst|4x32ram:inst2|4x4ram:inst3|memory_cell:inst16|inst ; |PD|ram:inst|4x32ram:inst2|4x4ram:inst3|memory_cell:inst16|inst ; regout           ;
; |PD|ram:inst|4x32ram:inst2|4x4ram:inst3|memory_cell:inst14|inst ; |PD|ram:inst|4x32ram:inst2|4x4ram:inst3|memory_cell:inst14|inst ; regout           ;
; |PD|ram:inst|4x32ram:inst2|4x4ram:inst3|memory_cell:inst12|inst ; |PD|ram:inst|4x32ram:inst2|4x4ram:inst3|memory_cell:inst12|inst ; regout           ;
; |PD|ram:inst|4x32ram:inst2|4x4ram:inst3|memory_cell:inst10|inst ; |PD|ram:inst|4x32ram:inst2|4x4ram:inst3|memory_cell:inst10|inst ; regout           ;
; |PD|ram:inst|4x32ram:inst2|4x4ram:inst3|memory_cell:inst15|inst ; |PD|ram:inst|4x32ram:inst2|4x4ram:inst3|memory_cell:inst15|inst ; regout           ;
; |PD|ram:inst|4x32ram:inst2|4x4ram:inst3|memory_cell:inst13|inst ; |PD|ram:inst|4x32ram:inst2|4x4ram:inst3|memory_cell:inst13|inst ; regout           ;
; |PD|ram:inst|4x32ram:inst2|4x4ram:inst3|memory_cell:inst11|inst ; |PD|ram:inst|4x32ram:inst2|4x4ram:inst3|memory_cell:inst11|inst ; regout           ;
; |PD|ram:inst|4x32ram:inst2|4x4ram:inst3|memory_cell:inst9|inst  ; |PD|ram:inst|4x32ram:inst2|4x4ram:inst3|memory_cell:inst9|inst  ; regout           ;
; |PD|ram:inst|4x32ram:inst2|4x4ram:inst3|memory_cell:inst8|inst  ; |PD|ram:inst|4x32ram:inst2|4x4ram:inst3|memory_cell:inst8|inst  ; regout           ;
; |PD|ram:inst|4x32ram:inst2|4x4ram:inst3|memory_cell:inst6|inst  ; |PD|ram:inst|4x32ram:inst2|4x4ram:inst3|memory_cell:inst6|inst  ; regout           ;
; |PD|ram:inst|4x32ram:inst2|4x4ram:inst3|memory_cell:inst4|inst  ; |PD|ram:inst|4x32ram:inst2|4x4ram:inst3|memory_cell:inst4|inst  ; regout           ;
; |PD|ram:inst|4x32ram:inst2|4x4ram:inst3|memory_cell:inst2|inst  ; |PD|ram:inst|4x32ram:inst2|4x4ram:inst3|memory_cell:inst2|inst  ; regout           ;
; |PD|ram:inst|4x32ram:inst2|4x4ram:inst1|IN~0                    ; |PD|ram:inst|4x32ram:inst2|4x4ram:inst1|IN~0                    ; out0             ;
; |PD|ram:inst|4x32ram:inst2|4x4ram:inst1|IN~1                    ; |PD|ram:inst|4x32ram:inst2|4x4ram:inst1|IN~1                    ; out0             ;
; |PD|ram:inst|4x32ram:inst2|4x4ram:inst1|IN~2                    ; |PD|ram:inst|4x32ram:inst2|4x4ram:inst1|IN~2                    ; out0             ;
; |PD|ram:inst|4x32ram:inst2|4x4ram:inst1|IN~3                    ; |PD|ram:inst|4x32ram:inst2|4x4ram:inst1|IN~3                    ; out0             ;
; |PD|ram:inst|4x32ram:inst2|4x4ram:inst1|memory_cell:inst3|inst  ; |PD|ram:inst|4x32ram:inst2|4x4ram:inst1|memory_cell:inst3|inst  ; regout           ;
; |PD|ram:inst|4x32ram:inst2|4x4ram:inst1|memory_cell:inst5|inst  ; |PD|ram:inst|4x32ram:inst2|4x4ram:inst1|memory_cell:inst5|inst  ; regout           ;
; |PD|ram:inst|4x32ram:inst2|4x4ram:inst1|memory_cell:inst7|inst  ; |PD|ram:inst|4x32ram:inst2|4x4ram:inst1|memory_cell:inst7|inst  ; regout           ;
; |PD|ram:inst|4x32ram:inst2|4x4ram:inst1|memory_cell:inst1|inst  ; |PD|ram:inst|4x32ram:inst2|4x4ram:inst1|memory_cell:inst1|inst  ; regout           ;
; |PD|ram:inst|4x32ram:inst2|4x4ram:inst1|memory_cell:inst16|inst ; |PD|ram:inst|4x32ram:inst2|4x4ram:inst1|memory_cell:inst16|inst ; regout           ;
; |PD|ram:inst|4x32ram:inst2|4x4ram:inst1|memory_cell:inst14|inst ; |PD|ram:inst|4x32ram:inst2|4x4ram:inst1|memory_cell:inst14|inst ; regout           ;
; |PD|ram:inst|4x32ram:inst2|4x4ram:inst1|memory_cell:inst12|inst ; |PD|ram:inst|4x32ram:inst2|4x4ram:inst1|memory_cell:inst12|inst ; regout           ;
; |PD|ram:inst|4x32ram:inst2|4x4ram:inst1|memory_cell:inst10|inst ; |PD|ram:inst|4x32ram:inst2|4x4ram:inst1|memory_cell:inst10|inst ; regout           ;
; |PD|ram:inst|4x32ram:inst2|4x4ram:inst1|memory_cell:inst15|inst ; |PD|ram:inst|4x32ram:inst2|4x4ram:inst1|memory_cell:inst15|inst ; regout           ;
; |PD|ram:inst|4x32ram:inst2|4x4ram:inst1|memory_cell:inst13|inst ; |PD|ram:inst|4x32ram:inst2|4x4ram:inst1|memory_cell:inst13|inst ; regout           ;
; |PD|ram:inst|4x32ram:inst2|4x4ram:inst1|memory_cell:inst11|inst ; |PD|ram:inst|4x32ram:inst2|4x4ram:inst1|memory_cell:inst11|inst ; regout           ;
; |PD|ram:inst|4x32ram:inst2|4x4ram:inst1|memory_cell:inst9|inst  ; |PD|ram:inst|4x32ram:inst2|4x4ram:inst1|memory_cell:inst9|inst  ; regout           ;
; |PD|ram:inst|4x32ram:inst2|4x4ram:inst1|memory_cell:inst8|inst  ; |PD|ram:inst|4x32ram:inst2|4x4ram:inst1|memory_cell:inst8|inst  ; regout           ;
; |PD|ram:inst|4x32ram:inst2|4x4ram:inst1|memory_cell:inst6|inst  ; |PD|ram:inst|4x32ram:inst2|4x4ram:inst1|memory_cell:inst6|inst  ; regout           ;
; |PD|ram:inst|4x32ram:inst2|4x4ram:inst1|memory_cell:inst4|inst  ; |PD|ram:inst|4x32ram:inst2|4x4ram:inst1|memory_cell:inst4|inst  ; regout           ;
; |PD|ram:inst|4x32ram:inst2|4x4ram:inst1|memory_cell:inst2|inst  ; |PD|ram:inst|4x32ram:inst2|4x4ram:inst1|memory_cell:inst2|inst  ; regout           ;
; |PD|ram:inst|4x32ram:inst2|4x4ram:inst|IN~0                     ; |PD|ram:inst|4x32ram:inst2|4x4ram:inst|IN~0                     ; out0             ;
; |PD|ram:inst|4x32ram:inst2|4x4ram:inst|IN~1                     ; |PD|ram:inst|4x32ram:inst2|4x4ram:inst|IN~1                     ; out0             ;
; |PD|ram:inst|4x32ram:inst2|4x4ram:inst|IN~2                     ; |PD|ram:inst|4x32ram:inst2|4x4ram:inst|IN~2                     ; out0             ;
; |PD|ram:inst|4x32ram:inst2|4x4ram:inst|IN~3                     ; |PD|ram:inst|4x32ram:inst2|4x4ram:inst|IN~3                     ; out0             ;
; |PD|ram:inst|4x32ram:inst2|4x4ram:inst|memory_cell:inst3|inst   ; |PD|ram:inst|4x32ram:inst2|4x4ram:inst|memory_cell:inst3|inst   ; regout           ;
; |PD|ram:inst|4x32ram:inst2|4x4ram:inst|memory_cell:inst5|inst   ; |PD|ram:inst|4x32ram:inst2|4x4ram:inst|memory_cell:inst5|inst   ; regout           ;
; |PD|ram:inst|4x32ram:inst2|4x4ram:inst|memory_cell:inst7|inst   ; |PD|ram:inst|4x32ram:inst2|4x4ram:inst|memory_cell:inst7|inst   ; regout           ;
; |PD|ram:inst|4x32ram:inst2|4x4ram:inst|memory_cell:inst1|inst   ; |PD|ram:inst|4x32ram:inst2|4x4ram:inst|memory_cell:inst1|inst   ; regout           ;
; |PD|ram:inst|4x32ram:inst2|4x4ram:inst|memory_cell:inst16|inst  ; |PD|ram:inst|4x32ram:inst2|4x4ram:inst|memory_cell:inst16|inst  ; regout           ;
; |PD|ram:inst|4x32ram:inst2|4x4ram:inst|memory_cell:inst14|inst  ; |PD|ram:inst|4x32ram:inst2|4x4ram:inst|memory_cell:inst14|inst  ; regout           ;
; |PD|ram:inst|4x32ram:inst2|4x4ram:inst|memory_cell:inst12|inst  ; |PD|ram:inst|4x32ram:inst2|4x4ram:inst|memory_cell:inst12|inst  ; regout           ;
; |PD|ram:inst|4x32ram:inst2|4x4ram:inst|memory_cell:inst10|inst  ; |PD|ram:inst|4x32ram:inst2|4x4ram:inst|memory_cell:inst10|inst  ; regout           ;
; |PD|ram:inst|4x32ram:inst2|4x4ram:inst|memory_cell:inst15|inst  ; |PD|ram:inst|4x32ram:inst2|4x4ram:inst|memory_cell:inst15|inst  ; regout           ;
; |PD|ram:inst|4x32ram:inst2|4x4ram:inst|memory_cell:inst13|inst  ; |PD|ram:inst|4x32ram:inst2|4x4ram:inst|memory_cell:inst13|inst  ; regout           ;
; |PD|ram:inst|4x32ram:inst2|4x4ram:inst|memory_cell:inst11|inst  ; |PD|ram:inst|4x32ram:inst2|4x4ram:inst|memory_cell:inst11|inst  ; regout           ;
; |PD|ram:inst|4x32ram:inst2|4x4ram:inst|memory_cell:inst9|inst   ; |PD|ram:inst|4x32ram:inst2|4x4ram:inst|memory_cell:inst9|inst   ; regout           ;
; |PD|ram:inst|4x32ram:inst2|4x4ram:inst|memory_cell:inst8|inst   ; |PD|ram:inst|4x32ram:inst2|4x4ram:inst|memory_cell:inst8|inst   ; regout           ;
; |PD|ram:inst|4x32ram:inst2|4x4ram:inst|memory_cell:inst6|inst   ; |PD|ram:inst|4x32ram:inst2|4x4ram:inst|memory_cell:inst6|inst   ; regout           ;
; |PD|ram:inst|4x32ram:inst2|4x4ram:inst|memory_cell:inst4|inst   ; |PD|ram:inst|4x32ram:inst2|4x4ram:inst|memory_cell:inst4|inst   ; regout           ;
; |PD|ram:inst|4x32ram:inst2|4x4ram:inst|memory_cell:inst2|inst   ; |PD|ram:inst|4x32ram:inst2|4x4ram:inst|memory_cell:inst2|inst   ; regout           ;
; |PD|ram:inst|4x32ram:inst1|4x4ram:inst8|inst19                  ; |PD|ram:inst|4x32ram:inst1|4x4ram:inst8|inst19                  ; out              ;
; |PD|ram:inst|4x32ram:inst1|4x4ram:inst8|memory_cell:inst3|inst  ; |PD|ram:inst|4x32ram:inst1|4x4ram:inst8|memory_cell:inst3|inst  ; regout           ;
; |PD|ram:inst|4x32ram:inst1|4x4ram:inst8|memory_cell:inst5|inst  ; |PD|ram:inst|4x32ram:inst1|4x4ram:inst8|memory_cell:inst5|inst  ; regout           ;
; |PD|ram:inst|4x32ram:inst1|4x4ram:inst8|memory_cell:inst7|inst  ; |PD|ram:inst|4x32ram:inst1|4x4ram:inst8|memory_cell:inst7|inst  ; regout           ;
; |PD|ram:inst|4x32ram:inst1|4x4ram:inst8|memory_cell:inst1|inst  ; |PD|ram:inst|4x32ram:inst1|4x4ram:inst8|memory_cell:inst1|inst  ; regout           ;
; |PD|ram:inst|4x32ram:inst1|4x4ram:inst8|memory_cell:inst16|inst ; |PD|ram:inst|4x32ram:inst1|4x4ram:inst8|memory_cell:inst16|inst ; regout           ;
; |PD|ram:inst|4x32ram:inst1|4x4ram:inst8|memory_cell:inst14|inst ; |PD|ram:inst|4x32ram:inst1|4x4ram:inst8|memory_cell:inst14|inst ; regout           ;
; |PD|ram:inst|4x32ram:inst1|4x4ram:inst8|memory_cell:inst12|inst ; |PD|ram:inst|4x32ram:inst1|4x4ram:inst8|memory_cell:inst12|inst ; regout           ;
; |PD|ram:inst|4x32ram:inst1|4x4ram:inst8|memory_cell:inst10|inst ; |PD|ram:inst|4x32ram:inst1|4x4ram:inst8|memory_cell:inst10|inst ; regout           ;
; |PD|ram:inst|4x32ram:inst1|4x4ram:inst8|memory_cell:inst15|inst ; |PD|ram:inst|4x32ram:inst1|4x4ram:inst8|memory_cell:inst15|inst ; regout           ;
; |PD|ram:inst|4x32ram:inst1|4x4ram:inst8|memory_cell:inst13|inst ; |PD|ram:inst|4x32ram:inst1|4x4ram:inst8|memory_cell:inst13|inst ; regout           ;
; |PD|ram:inst|4x32ram:inst1|4x4ram:inst8|memory_cell:inst11|inst ; |PD|ram:inst|4x32ram:inst1|4x4ram:inst8|memory_cell:inst11|inst ; regout           ;
; |PD|ram:inst|4x32ram:inst1|4x4ram:inst8|memory_cell:inst9|inst  ; |PD|ram:inst|4x32ram:inst1|4x4ram:inst8|memory_cell:inst9|inst  ; regout           ;
; |PD|ram:inst|4x32ram:inst1|4x4ram:inst8|memory_cell:inst8|inst  ; |PD|ram:inst|4x32ram:inst1|4x4ram:inst8|memory_cell:inst8|inst  ; regout           ;
; |PD|ram:inst|4x32ram:inst1|4x4ram:inst8|memory_cell:inst6|inst  ; |PD|ram:inst|4x32ram:inst1|4x4ram:inst8|memory_cell:inst6|inst  ; regout           ;
; |PD|ram:inst|4x32ram:inst1|4x4ram:inst8|memory_cell:inst4|inst  ; |PD|ram:inst|4x32ram:inst1|4x4ram:inst8|memory_cell:inst4|inst  ; regout           ;
; |PD|ram:inst|4x32ram:inst1|4x4ram:inst8|memory_cell:inst2|inst  ; |PD|ram:inst|4x32ram:inst1|4x4ram:inst8|memory_cell:inst2|inst  ; regout           ;
; |PD|ram:inst|4x32ram:inst1|4x4ram:inst7|IN~0                    ; |PD|ram:inst|4x32ram:inst1|4x4ram:inst7|IN~0                    ; out0             ;
; |PD|ram:inst|4x32ram:inst1|4x4ram:inst7|IN~1                    ; |PD|ram:inst|4x32ram:inst1|4x4ram:inst7|IN~1                    ; out0             ;
; |PD|ram:inst|4x32ram:inst1|4x4ram:inst7|inst22                  ; |PD|ram:inst|4x32ram:inst1|4x4ram:inst7|inst22                  ; out              ;
; |PD|ram:inst|4x32ram:inst1|4x4ram:inst7|IN~3                    ; |PD|ram:inst|4x32ram:inst1|4x4ram:inst7|IN~3                    ; out0             ;
; |PD|ram:inst|4x32ram:inst1|4x4ram:inst7|memory_cell:inst3|inst  ; |PD|ram:inst|4x32ram:inst1|4x4ram:inst7|memory_cell:inst3|inst  ; regout           ;
; |PD|ram:inst|4x32ram:inst1|4x4ram:inst7|memory_cell:inst5|inst  ; |PD|ram:inst|4x32ram:inst1|4x4ram:inst7|memory_cell:inst5|inst  ; regout           ;
; |PD|ram:inst|4x32ram:inst1|4x4ram:inst7|memory_cell:inst7|inst  ; |PD|ram:inst|4x32ram:inst1|4x4ram:inst7|memory_cell:inst7|inst  ; regout           ;
; |PD|ram:inst|4x32ram:inst1|4x4ram:inst7|memory_cell:inst1|inst  ; |PD|ram:inst|4x32ram:inst1|4x4ram:inst7|memory_cell:inst1|inst  ; regout           ;
; |PD|ram:inst|4x32ram:inst1|4x4ram:inst7|memory_cell:inst16|inst ; |PD|ram:inst|4x32ram:inst1|4x4ram:inst7|memory_cell:inst16|inst ; regout           ;
; |PD|ram:inst|4x32ram:inst1|4x4ram:inst7|memory_cell:inst14|inst ; |PD|ram:inst|4x32ram:inst1|4x4ram:inst7|memory_cell:inst14|inst ; regout           ;
; |PD|ram:inst|4x32ram:inst1|4x4ram:inst7|memory_cell:inst12|inst ; |PD|ram:inst|4x32ram:inst1|4x4ram:inst7|memory_cell:inst12|inst ; regout           ;
; |PD|ram:inst|4x32ram:inst1|4x4ram:inst7|memory_cell:inst10|inst ; |PD|ram:inst|4x32ram:inst1|4x4ram:inst7|memory_cell:inst10|inst ; regout           ;
; |PD|ram:inst|4x32ram:inst1|4x4ram:inst7|memory_cell:inst15|inst ; |PD|ram:inst|4x32ram:inst1|4x4ram:inst7|memory_cell:inst15|inst ; regout           ;
; |PD|ram:inst|4x32ram:inst1|4x4ram:inst7|memory_cell:inst13|inst ; |PD|ram:inst|4x32ram:inst1|4x4ram:inst7|memory_cell:inst13|inst ; regout           ;
; |PD|ram:inst|4x32ram:inst1|4x4ram:inst7|memory_cell:inst11|inst ; |PD|ram:inst|4x32ram:inst1|4x4ram:inst7|memory_cell:inst11|inst ; regout           ;
; |PD|ram:inst|4x32ram:inst1|4x4ram:inst7|memory_cell:inst9|inst  ; |PD|ram:inst|4x32ram:inst1|4x4ram:inst7|memory_cell:inst9|inst  ; regout           ;
; |PD|ram:inst|4x32ram:inst1|4x4ram:inst7|memory_cell:inst8|inst  ; |PD|ram:inst|4x32ram:inst1|4x4ram:inst7|memory_cell:inst8|inst  ; regout           ;
; |PD|ram:inst|4x32ram:inst1|4x4ram:inst7|memory_cell:inst6|inst  ; |PD|ram:inst|4x32ram:inst1|4x4ram:inst7|memory_cell:inst6|inst  ; regout           ;
; |PD|ram:inst|4x32ram:inst1|4x4ram:inst7|memory_cell:inst4|inst  ; |PD|ram:inst|4x32ram:inst1|4x4ram:inst7|memory_cell:inst4|inst  ; regout           ;
; |PD|ram:inst|4x32ram:inst1|4x4ram:inst7|memory_cell:inst2|inst  ; |PD|ram:inst|4x32ram:inst1|4x4ram:inst7|memory_cell:inst2|inst  ; regout           ;
; |PD|ram:inst|4x32ram:inst1|4x4ram:inst6|IN~0                    ; |PD|ram:inst|4x32ram:inst1|4x4ram:inst6|IN~0                    ; out0             ;
; |PD|ram:inst|4x32ram:inst1|4x4ram:inst6|IN~1                    ; |PD|ram:inst|4x32ram:inst1|4x4ram:inst6|IN~1                    ; out0             ;
; |PD|ram:inst|4x32ram:inst1|4x4ram:inst6|IN~2                    ; |PD|ram:inst|4x32ram:inst1|4x4ram:inst6|IN~2                    ; out0             ;
; |PD|ram:inst|4x32ram:inst1|4x4ram:inst6|IN~3                    ; |PD|ram:inst|4x32ram:inst1|4x4ram:inst6|IN~3                    ; out0             ;
; |PD|ram:inst|4x32ram:inst1|4x4ram:inst6|memory_cell:inst3|inst  ; |PD|ram:inst|4x32ram:inst1|4x4ram:inst6|memory_cell:inst3|inst  ; regout           ;
; |PD|ram:inst|4x32ram:inst1|4x4ram:inst6|memory_cell:inst5|inst  ; |PD|ram:inst|4x32ram:inst1|4x4ram:inst6|memory_cell:inst5|inst  ; regout           ;
; |PD|ram:inst|4x32ram:inst1|4x4ram:inst6|memory_cell:inst7|inst  ; |PD|ram:inst|4x32ram:inst1|4x4ram:inst6|memory_cell:inst7|inst  ; regout           ;
; |PD|ram:inst|4x32ram:inst1|4x4ram:inst6|memory_cell:inst1|inst  ; |PD|ram:inst|4x32ram:inst1|4x4ram:inst6|memory_cell:inst1|inst  ; regout           ;
; |PD|ram:inst|4x32ram:inst1|4x4ram:inst6|memory_cell:inst16|inst ; |PD|ram:inst|4x32ram:inst1|4x4ram:inst6|memory_cell:inst16|inst ; regout           ;
; |PD|ram:inst|4x32ram:inst1|4x4ram:inst6|memory_cell:inst14|inst ; |PD|ram:inst|4x32ram:inst1|4x4ram:inst6|memory_cell:inst14|inst ; regout           ;
; |PD|ram:inst|4x32ram:inst1|4x4ram:inst6|memory_cell:inst12|inst ; |PD|ram:inst|4x32ram:inst1|4x4ram:inst6|memory_cell:inst12|inst ; regout           ;
; |PD|ram:inst|4x32ram:inst1|4x4ram:inst6|memory_cell:inst10|inst ; |PD|ram:inst|4x32ram:inst1|4x4ram:inst6|memory_cell:inst10|inst ; regout           ;
; |PD|ram:inst|4x32ram:inst1|4x4ram:inst6|memory_cell:inst15|inst ; |PD|ram:inst|4x32ram:inst1|4x4ram:inst6|memory_cell:inst15|inst ; regout           ;
; |PD|ram:inst|4x32ram:inst1|4x4ram:inst6|memory_cell:inst13|inst ; |PD|ram:inst|4x32ram:inst1|4x4ram:inst6|memory_cell:inst13|inst ; regout           ;
; |PD|ram:inst|4x32ram:inst1|4x4ram:inst6|memory_cell:inst11|inst ; |PD|ram:inst|4x32ram:inst1|4x4ram:inst6|memory_cell:inst11|inst ; regout           ;
; |PD|ram:inst|4x32ram:inst1|4x4ram:inst6|memory_cell:inst9|inst  ; |PD|ram:inst|4x32ram:inst1|4x4ram:inst6|memory_cell:inst9|inst  ; regout           ;
; |PD|ram:inst|4x32ram:inst1|4x4ram:inst6|memory_cell:inst8|inst  ; |PD|ram:inst|4x32ram:inst1|4x4ram:inst6|memory_cell:inst8|inst  ; regout           ;
; |PD|ram:inst|4x32ram:inst1|4x4ram:inst6|memory_cell:inst6|inst  ; |PD|ram:inst|4x32ram:inst1|4x4ram:inst6|memory_cell:inst6|inst  ; regout           ;
; |PD|ram:inst|4x32ram:inst1|4x4ram:inst6|memory_cell:inst4|inst  ; |PD|ram:inst|4x32ram:inst1|4x4ram:inst6|memory_cell:inst4|inst  ; regout           ;
; |PD|ram:inst|4x32ram:inst1|4x4ram:inst6|memory_cell:inst2|inst  ; |PD|ram:inst|4x32ram:inst1|4x4ram:inst6|memory_cell:inst2|inst  ; regout           ;
; |PD|ram:inst|4x32ram:inst1|4x4ram:inst5|IN~0                    ; |PD|ram:inst|4x32ram:inst1|4x4ram:inst5|IN~0                    ; out0             ;
; |PD|ram:inst|4x32ram:inst1|4x4ram:inst5|IN~1                    ; |PD|ram:inst|4x32ram:inst1|4x4ram:inst5|IN~1                    ; out0             ;
; |PD|ram:inst|4x32ram:inst1|4x4ram:inst5|IN~2                    ; |PD|ram:inst|4x32ram:inst1|4x4ram:inst5|IN~2                    ; out0             ;
; |PD|ram:inst|4x32ram:inst1|4x4ram:inst5|IN~3                    ; |PD|ram:inst|4x32ram:inst1|4x4ram:inst5|IN~3                    ; out0             ;
; |PD|ram:inst|4x32ram:inst1|4x4ram:inst5|memory_cell:inst3|inst  ; |PD|ram:inst|4x32ram:inst1|4x4ram:inst5|memory_cell:inst3|inst  ; regout           ;
; |PD|ram:inst|4x32ram:inst1|4x4ram:inst5|memory_cell:inst5|inst  ; |PD|ram:inst|4x32ram:inst1|4x4ram:inst5|memory_cell:inst5|inst  ; regout           ;
; |PD|ram:inst|4x32ram:inst1|4x4ram:inst5|memory_cell:inst7|inst  ; |PD|ram:inst|4x32ram:inst1|4x4ram:inst5|memory_cell:inst7|inst  ; regout           ;
; |PD|ram:inst|4x32ram:inst1|4x4ram:inst5|memory_cell:inst1|inst  ; |PD|ram:inst|4x32ram:inst1|4x4ram:inst5|memory_cell:inst1|inst  ; regout           ;
; |PD|ram:inst|4x32ram:inst1|4x4ram:inst5|memory_cell:inst16|inst ; |PD|ram:inst|4x32ram:inst1|4x4ram:inst5|memory_cell:inst16|inst ; regout           ;
; |PD|ram:inst|4x32ram:inst1|4x4ram:inst5|memory_cell:inst14|inst ; |PD|ram:inst|4x32ram:inst1|4x4ram:inst5|memory_cell:inst14|inst ; regout           ;
; |PD|ram:inst|4x32ram:inst1|4x4ram:inst5|memory_cell:inst12|inst ; |PD|ram:inst|4x32ram:inst1|4x4ram:inst5|memory_cell:inst12|inst ; regout           ;
; |PD|ram:inst|4x32ram:inst1|4x4ram:inst5|memory_cell:inst10|inst ; |PD|ram:inst|4x32ram:inst1|4x4ram:inst5|memory_cell:inst10|inst ; regout           ;
; |PD|ram:inst|4x32ram:inst1|4x4ram:inst5|memory_cell:inst15|inst ; |PD|ram:inst|4x32ram:inst1|4x4ram:inst5|memory_cell:inst15|inst ; regout           ;
; |PD|ram:inst|4x32ram:inst1|4x4ram:inst5|memory_cell:inst13|inst ; |PD|ram:inst|4x32ram:inst1|4x4ram:inst5|memory_cell:inst13|inst ; regout           ;
; |PD|ram:inst|4x32ram:inst1|4x4ram:inst5|memory_cell:inst11|inst ; |PD|ram:inst|4x32ram:inst1|4x4ram:inst5|memory_cell:inst11|inst ; regout           ;
; |PD|ram:inst|4x32ram:inst1|4x4ram:inst5|memory_cell:inst9|inst  ; |PD|ram:inst|4x32ram:inst1|4x4ram:inst5|memory_cell:inst9|inst  ; regout           ;
; |PD|ram:inst|4x32ram:inst1|4x4ram:inst5|memory_cell:inst8|inst  ; |PD|ram:inst|4x32ram:inst1|4x4ram:inst5|memory_cell:inst8|inst  ; regout           ;
; |PD|ram:inst|4x32ram:inst1|4x4ram:inst5|memory_cell:inst6|inst  ; |PD|ram:inst|4x32ram:inst1|4x4ram:inst5|memory_cell:inst6|inst  ; regout           ;
; |PD|ram:inst|4x32ram:inst1|4x4ram:inst5|memory_cell:inst4|inst  ; |PD|ram:inst|4x32ram:inst1|4x4ram:inst5|memory_cell:inst4|inst  ; regout           ;
; |PD|ram:inst|4x32ram:inst1|4x4ram:inst5|memory_cell:inst2|inst  ; |PD|ram:inst|4x32ram:inst1|4x4ram:inst5|memory_cell:inst2|inst  ; regout           ;
; |PD|ram:inst|4x32ram:inst1|4x4ram:inst4|IN~0                    ; |PD|ram:inst|4x32ram:inst1|4x4ram:inst4|IN~0                    ; out0             ;
; |PD|ram:inst|4x32ram:inst1|4x4ram:inst4|IN~1                    ; |PD|ram:inst|4x32ram:inst1|4x4ram:inst4|IN~1                    ; out0             ;
; |PD|ram:inst|4x32ram:inst1|4x4ram:inst4|IN~2                    ; |PD|ram:inst|4x32ram:inst1|4x4ram:inst4|IN~2                    ; out0             ;
; |PD|ram:inst|4x32ram:inst1|4x4ram:inst4|IN~3                    ; |PD|ram:inst|4x32ram:inst1|4x4ram:inst4|IN~3                    ; out0             ;
; |PD|ram:inst|4x32ram:inst1|4x4ram:inst4|memory_cell:inst3|inst  ; |PD|ram:inst|4x32ram:inst1|4x4ram:inst4|memory_cell:inst3|inst  ; regout           ;
; |PD|ram:inst|4x32ram:inst1|4x4ram:inst4|memory_cell:inst5|inst  ; |PD|ram:inst|4x32ram:inst1|4x4ram:inst4|memory_cell:inst5|inst  ; regout           ;
; |PD|ram:inst|4x32ram:inst1|4x4ram:inst4|memory_cell:inst7|inst  ; |PD|ram:inst|4x32ram:inst1|4x4ram:inst4|memory_cell:inst7|inst  ; regout           ;
; |PD|ram:inst|4x32ram:inst1|4x4ram:inst4|memory_cell:inst1|inst  ; |PD|ram:inst|4x32ram:inst1|4x4ram:inst4|memory_cell:inst1|inst  ; regout           ;
; |PD|ram:inst|4x32ram:inst1|4x4ram:inst4|memory_cell:inst16|inst ; |PD|ram:inst|4x32ram:inst1|4x4ram:inst4|memory_cell:inst16|inst ; regout           ;
; |PD|ram:inst|4x32ram:inst1|4x4ram:inst4|memory_cell:inst14|inst ; |PD|ram:inst|4x32ram:inst1|4x4ram:inst4|memory_cell:inst14|inst ; regout           ;
; |PD|ram:inst|4x32ram:inst1|4x4ram:inst4|memory_cell:inst12|inst ; |PD|ram:inst|4x32ram:inst1|4x4ram:inst4|memory_cell:inst12|inst ; regout           ;
; |PD|ram:inst|4x32ram:inst1|4x4ram:inst4|memory_cell:inst10|inst ; |PD|ram:inst|4x32ram:inst1|4x4ram:inst4|memory_cell:inst10|inst ; regout           ;
; |PD|ram:inst|4x32ram:inst1|4x4ram:inst4|memory_cell:inst15|inst ; |PD|ram:inst|4x32ram:inst1|4x4ram:inst4|memory_cell:inst15|inst ; regout           ;
; |PD|ram:inst|4x32ram:inst1|4x4ram:inst4|memory_cell:inst13|inst ; |PD|ram:inst|4x32ram:inst1|4x4ram:inst4|memory_cell:inst13|inst ; regout           ;
; |PD|ram:inst|4x32ram:inst1|4x4ram:inst4|memory_cell:inst11|inst ; |PD|ram:inst|4x32ram:inst1|4x4ram:inst4|memory_cell:inst11|inst ; regout           ;
; |PD|ram:inst|4x32ram:inst1|4x4ram:inst4|memory_cell:inst9|inst  ; |PD|ram:inst|4x32ram:inst1|4x4ram:inst4|memory_cell:inst9|inst  ; regout           ;
; |PD|ram:inst|4x32ram:inst1|4x4ram:inst4|memory_cell:inst8|inst  ; |PD|ram:inst|4x32ram:inst1|4x4ram:inst4|memory_cell:inst8|inst  ; regout           ;
; |PD|ram:inst|4x32ram:inst1|4x4ram:inst4|memory_cell:inst6|inst  ; |PD|ram:inst|4x32ram:inst1|4x4ram:inst4|memory_cell:inst6|inst  ; regout           ;
; |PD|ram:inst|4x32ram:inst1|4x4ram:inst4|memory_cell:inst4|inst  ; |PD|ram:inst|4x32ram:inst1|4x4ram:inst4|memory_cell:inst4|inst  ; regout           ;
; |PD|ram:inst|4x32ram:inst1|4x4ram:inst4|memory_cell:inst2|inst  ; |PD|ram:inst|4x32ram:inst1|4x4ram:inst4|memory_cell:inst2|inst  ; regout           ;
; |PD|ram:inst|4x32ram:inst1|4x4ram:inst3|IN~0                    ; |PD|ram:inst|4x32ram:inst1|4x4ram:inst3|IN~0                    ; out0             ;
; |PD|ram:inst|4x32ram:inst1|4x4ram:inst3|IN~1                    ; |PD|ram:inst|4x32ram:inst1|4x4ram:inst3|IN~1                    ; out0             ;
; |PD|ram:inst|4x32ram:inst1|4x4ram:inst3|IN~2                    ; |PD|ram:inst|4x32ram:inst1|4x4ram:inst3|IN~2                    ; out0             ;
; |PD|ram:inst|4x32ram:inst1|4x4ram:inst3|IN~3                    ; |PD|ram:inst|4x32ram:inst1|4x4ram:inst3|IN~3                    ; out0             ;
; |PD|ram:inst|4x32ram:inst1|4x4ram:inst3|memory_cell:inst3|inst  ; |PD|ram:inst|4x32ram:inst1|4x4ram:inst3|memory_cell:inst3|inst  ; regout           ;
; |PD|ram:inst|4x32ram:inst1|4x4ram:inst3|memory_cell:inst5|inst  ; |PD|ram:inst|4x32ram:inst1|4x4ram:inst3|memory_cell:inst5|inst  ; regout           ;
; |PD|ram:inst|4x32ram:inst1|4x4ram:inst3|memory_cell:inst7|inst  ; |PD|ram:inst|4x32ram:inst1|4x4ram:inst3|memory_cell:inst7|inst  ; regout           ;
; |PD|ram:inst|4x32ram:inst1|4x4ram:inst3|memory_cell:inst1|inst  ; |PD|ram:inst|4x32ram:inst1|4x4ram:inst3|memory_cell:inst1|inst  ; regout           ;
; |PD|ram:inst|4x32ram:inst1|4x4ram:inst3|memory_cell:inst16|inst ; |PD|ram:inst|4x32ram:inst1|4x4ram:inst3|memory_cell:inst16|inst ; regout           ;
; |PD|ram:inst|4x32ram:inst1|4x4ram:inst3|memory_cell:inst14|inst ; |PD|ram:inst|4x32ram:inst1|4x4ram:inst3|memory_cell:inst14|inst ; regout           ;
; |PD|ram:inst|4x32ram:inst1|4x4ram:inst3|memory_cell:inst12|inst ; |PD|ram:inst|4x32ram:inst1|4x4ram:inst3|memory_cell:inst12|inst ; regout           ;
; |PD|ram:inst|4x32ram:inst1|4x4ram:inst3|memory_cell:inst10|inst ; |PD|ram:inst|4x32ram:inst1|4x4ram:inst3|memory_cell:inst10|inst ; regout           ;
; |PD|ram:inst|4x32ram:inst1|4x4ram:inst3|memory_cell:inst15|inst ; |PD|ram:inst|4x32ram:inst1|4x4ram:inst3|memory_cell:inst15|inst ; regout           ;
; |PD|ram:inst|4x32ram:inst1|4x4ram:inst3|memory_cell:inst13|inst ; |PD|ram:inst|4x32ram:inst1|4x4ram:inst3|memory_cell:inst13|inst ; regout           ;
; |PD|ram:inst|4x32ram:inst1|4x4ram:inst3|memory_cell:inst11|inst ; |PD|ram:inst|4x32ram:inst1|4x4ram:inst3|memory_cell:inst11|inst ; regout           ;
; |PD|ram:inst|4x32ram:inst1|4x4ram:inst3|memory_cell:inst9|inst  ; |PD|ram:inst|4x32ram:inst1|4x4ram:inst3|memory_cell:inst9|inst  ; regout           ;
; |PD|ram:inst|4x32ram:inst1|4x4ram:inst3|memory_cell:inst8|inst  ; |PD|ram:inst|4x32ram:inst1|4x4ram:inst3|memory_cell:inst8|inst  ; regout           ;
; |PD|ram:inst|4x32ram:inst1|4x4ram:inst3|memory_cell:inst6|inst  ; |PD|ram:inst|4x32ram:inst1|4x4ram:inst3|memory_cell:inst6|inst  ; regout           ;
; |PD|ram:inst|4x32ram:inst1|4x4ram:inst3|memory_cell:inst4|inst  ; |PD|ram:inst|4x32ram:inst1|4x4ram:inst3|memory_cell:inst4|inst  ; regout           ;
; |PD|ram:inst|4x32ram:inst1|4x4ram:inst3|memory_cell:inst2|inst  ; |PD|ram:inst|4x32ram:inst1|4x4ram:inst3|memory_cell:inst2|inst  ; regout           ;
; |PD|ram:inst|4x32ram:inst1|4x4ram:inst1|IN~0                    ; |PD|ram:inst|4x32ram:inst1|4x4ram:inst1|IN~0                    ; out0             ;
; |PD|ram:inst|4x32ram:inst1|4x4ram:inst1|IN~1                    ; |PD|ram:inst|4x32ram:inst1|4x4ram:inst1|IN~1                    ; out0             ;
; |PD|ram:inst|4x32ram:inst1|4x4ram:inst1|IN~2                    ; |PD|ram:inst|4x32ram:inst1|4x4ram:inst1|IN~2                    ; out0             ;
; |PD|ram:inst|4x32ram:inst1|4x4ram:inst1|IN~3                    ; |PD|ram:inst|4x32ram:inst1|4x4ram:inst1|IN~3                    ; out0             ;
; |PD|ram:inst|4x32ram:inst1|4x4ram:inst1|memory_cell:inst3|inst  ; |PD|ram:inst|4x32ram:inst1|4x4ram:inst1|memory_cell:inst3|inst  ; regout           ;
; |PD|ram:inst|4x32ram:inst1|4x4ram:inst1|memory_cell:inst5|inst  ; |PD|ram:inst|4x32ram:inst1|4x4ram:inst1|memory_cell:inst5|inst  ; regout           ;
; |PD|ram:inst|4x32ram:inst1|4x4ram:inst1|memory_cell:inst7|inst  ; |PD|ram:inst|4x32ram:inst1|4x4ram:inst1|memory_cell:inst7|inst  ; regout           ;
; |PD|ram:inst|4x32ram:inst1|4x4ram:inst1|memory_cell:inst1|inst  ; |PD|ram:inst|4x32ram:inst1|4x4ram:inst1|memory_cell:inst1|inst  ; regout           ;
; |PD|ram:inst|4x32ram:inst1|4x4ram:inst1|memory_cell:inst16|inst ; |PD|ram:inst|4x32ram:inst1|4x4ram:inst1|memory_cell:inst16|inst ; regout           ;
; |PD|ram:inst|4x32ram:inst1|4x4ram:inst1|memory_cell:inst14|inst ; |PD|ram:inst|4x32ram:inst1|4x4ram:inst1|memory_cell:inst14|inst ; regout           ;
; |PD|ram:inst|4x32ram:inst1|4x4ram:inst1|memory_cell:inst12|inst ; |PD|ram:inst|4x32ram:inst1|4x4ram:inst1|memory_cell:inst12|inst ; regout           ;
; |PD|ram:inst|4x32ram:inst1|4x4ram:inst1|memory_cell:inst10|inst ; |PD|ram:inst|4x32ram:inst1|4x4ram:inst1|memory_cell:inst10|inst ; regout           ;
; |PD|ram:inst|4x32ram:inst1|4x4ram:inst1|memory_cell:inst15|inst ; |PD|ram:inst|4x32ram:inst1|4x4ram:inst1|memory_cell:inst15|inst ; regout           ;
; |PD|ram:inst|4x32ram:inst1|4x4ram:inst1|memory_cell:inst13|inst ; |PD|ram:inst|4x32ram:inst1|4x4ram:inst1|memory_cell:inst13|inst ; regout           ;
; |PD|ram:inst|4x32ram:inst1|4x4ram:inst1|memory_cell:inst11|inst ; |PD|ram:inst|4x32ram:inst1|4x4ram:inst1|memory_cell:inst11|inst ; regout           ;
; |PD|ram:inst|4x32ram:inst1|4x4ram:inst1|memory_cell:inst9|inst  ; |PD|ram:inst|4x32ram:inst1|4x4ram:inst1|memory_cell:inst9|inst  ; regout           ;
; |PD|ram:inst|4x32ram:inst1|4x4ram:inst1|memory_cell:inst8|inst  ; |PD|ram:inst|4x32ram:inst1|4x4ram:inst1|memory_cell:inst8|inst  ; regout           ;
; |PD|ram:inst|4x32ram:inst1|4x4ram:inst1|memory_cell:inst6|inst  ; |PD|ram:inst|4x32ram:inst1|4x4ram:inst1|memory_cell:inst6|inst  ; regout           ;
; |PD|ram:inst|4x32ram:inst1|4x4ram:inst1|memory_cell:inst4|inst  ; |PD|ram:inst|4x32ram:inst1|4x4ram:inst1|memory_cell:inst4|inst  ; regout           ;
; |PD|ram:inst|4x32ram:inst1|4x4ram:inst1|memory_cell:inst2|inst  ; |PD|ram:inst|4x32ram:inst1|4x4ram:inst1|memory_cell:inst2|inst  ; regout           ;
; |PD|ram:inst|4x32ram:inst1|4x4ram:inst|IN~0                     ; |PD|ram:inst|4x32ram:inst1|4x4ram:inst|IN~0                     ; out0             ;
; |PD|ram:inst|4x32ram:inst1|4x4ram:inst|IN~1                     ; |PD|ram:inst|4x32ram:inst1|4x4ram:inst|IN~1                     ; out0             ;
; |PD|ram:inst|4x32ram:inst1|4x4ram:inst|IN~2                     ; |PD|ram:inst|4x32ram:inst1|4x4ram:inst|IN~2                     ; out0             ;
; |PD|ram:inst|4x32ram:inst1|4x4ram:inst|IN~3                     ; |PD|ram:inst|4x32ram:inst1|4x4ram:inst|IN~3                     ; out0             ;
; |PD|ram:inst|4x32ram:inst1|4x4ram:inst|memory_cell:inst3|inst   ; |PD|ram:inst|4x32ram:inst1|4x4ram:inst|memory_cell:inst3|inst   ; regout           ;
; |PD|ram:inst|4x32ram:inst1|4x4ram:inst|memory_cell:inst5|inst   ; |PD|ram:inst|4x32ram:inst1|4x4ram:inst|memory_cell:inst5|inst   ; regout           ;
; |PD|ram:inst|4x32ram:inst1|4x4ram:inst|memory_cell:inst7|inst   ; |PD|ram:inst|4x32ram:inst1|4x4ram:inst|memory_cell:inst7|inst   ; regout           ;
; |PD|ram:inst|4x32ram:inst1|4x4ram:inst|memory_cell:inst1|inst   ; |PD|ram:inst|4x32ram:inst1|4x4ram:inst|memory_cell:inst1|inst   ; regout           ;
; |PD|ram:inst|4x32ram:inst1|4x4ram:inst|memory_cell:inst16|inst  ; |PD|ram:inst|4x32ram:inst1|4x4ram:inst|memory_cell:inst16|inst  ; regout           ;
; |PD|ram:inst|4x32ram:inst1|4x4ram:inst|memory_cell:inst14|inst  ; |PD|ram:inst|4x32ram:inst1|4x4ram:inst|memory_cell:inst14|inst  ; regout           ;
; |PD|ram:inst|4x32ram:inst1|4x4ram:inst|memory_cell:inst12|inst  ; |PD|ram:inst|4x32ram:inst1|4x4ram:inst|memory_cell:inst12|inst  ; regout           ;
; |PD|ram:inst|4x32ram:inst1|4x4ram:inst|memory_cell:inst10|inst  ; |PD|ram:inst|4x32ram:inst1|4x4ram:inst|memory_cell:inst10|inst  ; regout           ;
; |PD|ram:inst|4x32ram:inst1|4x4ram:inst|memory_cell:inst15|inst  ; |PD|ram:inst|4x32ram:inst1|4x4ram:inst|memory_cell:inst15|inst  ; regout           ;
; |PD|ram:inst|4x32ram:inst1|4x4ram:inst|memory_cell:inst13|inst  ; |PD|ram:inst|4x32ram:inst1|4x4ram:inst|memory_cell:inst13|inst  ; regout           ;
; |PD|ram:inst|4x32ram:inst1|4x4ram:inst|memory_cell:inst11|inst  ; |PD|ram:inst|4x32ram:inst1|4x4ram:inst|memory_cell:inst11|inst  ; regout           ;
; |PD|ram:inst|4x32ram:inst1|4x4ram:inst|memory_cell:inst9|inst   ; |PD|ram:inst|4x32ram:inst1|4x4ram:inst|memory_cell:inst9|inst   ; regout           ;
; |PD|ram:inst|4x32ram:inst1|4x4ram:inst|memory_cell:inst8|inst   ; |PD|ram:inst|4x32ram:inst1|4x4ram:inst|memory_cell:inst8|inst   ; regout           ;
; |PD|ram:inst|4x32ram:inst1|4x4ram:inst|memory_cell:inst6|inst   ; |PD|ram:inst|4x32ram:inst1|4x4ram:inst|memory_cell:inst6|inst   ; regout           ;
; |PD|ram:inst|4x32ram:inst1|4x4ram:inst|memory_cell:inst4|inst   ; |PD|ram:inst|4x32ram:inst1|4x4ram:inst|memory_cell:inst4|inst   ; regout           ;
; |PD|ram:inst|4x32ram:inst1|4x4ram:inst|memory_cell:inst2|inst   ; |PD|ram:inst|4x32ram:inst1|4x4ram:inst|memory_cell:inst2|inst   ; regout           ;
; |PD|ram:inst|4x32ram:inst|4x4ram:inst8|memory_cell:inst3|inst   ; |PD|ram:inst|4x32ram:inst|4x4ram:inst8|memory_cell:inst3|inst   ; regout           ;
; |PD|ram:inst|4x32ram:inst|4x4ram:inst8|memory_cell:inst5|inst   ; |PD|ram:inst|4x32ram:inst|4x4ram:inst8|memory_cell:inst5|inst   ; regout           ;
; |PD|ram:inst|4x32ram:inst|4x4ram:inst8|memory_cell:inst7|inst   ; |PD|ram:inst|4x32ram:inst|4x4ram:inst8|memory_cell:inst7|inst   ; regout           ;
; |PD|ram:inst|4x32ram:inst|4x4ram:inst8|memory_cell:inst1|inst   ; |PD|ram:inst|4x32ram:inst|4x4ram:inst8|memory_cell:inst1|inst   ; regout           ;
; |PD|ram:inst|4x32ram:inst|4x4ram:inst8|memory_cell:inst16|inst  ; |PD|ram:inst|4x32ram:inst|4x4ram:inst8|memory_cell:inst16|inst  ; regout           ;
; |PD|ram:inst|4x32ram:inst|4x4ram:inst8|memory_cell:inst14|inst  ; |PD|ram:inst|4x32ram:inst|4x4ram:inst8|memory_cell:inst14|inst  ; regout           ;
; |PD|ram:inst|4x32ram:inst|4x4ram:inst8|memory_cell:inst12|inst  ; |PD|ram:inst|4x32ram:inst|4x4ram:inst8|memory_cell:inst12|inst  ; regout           ;
; |PD|ram:inst|4x32ram:inst|4x4ram:inst8|memory_cell:inst10|inst  ; |PD|ram:inst|4x32ram:inst|4x4ram:inst8|memory_cell:inst10|inst  ; regout           ;
; |PD|ram:inst|4x32ram:inst|4x4ram:inst8|memory_cell:inst15|inst  ; |PD|ram:inst|4x32ram:inst|4x4ram:inst8|memory_cell:inst15|inst  ; regout           ;
; |PD|ram:inst|4x32ram:inst|4x4ram:inst8|memory_cell:inst13|inst  ; |PD|ram:inst|4x32ram:inst|4x4ram:inst8|memory_cell:inst13|inst  ; regout           ;
; |PD|ram:inst|4x32ram:inst|4x4ram:inst8|memory_cell:inst11|inst  ; |PD|ram:inst|4x32ram:inst|4x4ram:inst8|memory_cell:inst11|inst  ; regout           ;
; |PD|ram:inst|4x32ram:inst|4x4ram:inst8|memory_cell:inst9|inst   ; |PD|ram:inst|4x32ram:inst|4x4ram:inst8|memory_cell:inst9|inst   ; regout           ;
; |PD|ram:inst|4x32ram:inst|4x4ram:inst8|memory_cell:inst8|inst   ; |PD|ram:inst|4x32ram:inst|4x4ram:inst8|memory_cell:inst8|inst   ; regout           ;
; |PD|ram:inst|4x32ram:inst|4x4ram:inst8|memory_cell:inst6|inst   ; |PD|ram:inst|4x32ram:inst|4x4ram:inst8|memory_cell:inst6|inst   ; regout           ;
; |PD|ram:inst|4x32ram:inst|4x4ram:inst8|memory_cell:inst4|inst   ; |PD|ram:inst|4x32ram:inst|4x4ram:inst8|memory_cell:inst4|inst   ; regout           ;
; |PD|ram:inst|4x32ram:inst|4x4ram:inst8|memory_cell:inst2|inst   ; |PD|ram:inst|4x32ram:inst|4x4ram:inst8|memory_cell:inst2|inst   ; regout           ;
; |PD|ram:inst|4x32ram:inst|4x4ram:inst7|IN~0                     ; |PD|ram:inst|4x32ram:inst|4x4ram:inst7|IN~0                     ; out0             ;
; |PD|ram:inst|4x32ram:inst|4x4ram:inst7|IN~3                     ; |PD|ram:inst|4x32ram:inst|4x4ram:inst7|IN~3                     ; out0             ;
; |PD|ram:inst|4x32ram:inst|4x4ram:inst7|memory_cell:inst3|inst   ; |PD|ram:inst|4x32ram:inst|4x4ram:inst7|memory_cell:inst3|inst   ; regout           ;
; |PD|ram:inst|4x32ram:inst|4x4ram:inst7|memory_cell:inst5|inst   ; |PD|ram:inst|4x32ram:inst|4x4ram:inst7|memory_cell:inst5|inst   ; regout           ;
; |PD|ram:inst|4x32ram:inst|4x4ram:inst7|memory_cell:inst7|inst   ; |PD|ram:inst|4x32ram:inst|4x4ram:inst7|memory_cell:inst7|inst   ; regout           ;
; |PD|ram:inst|4x32ram:inst|4x4ram:inst7|memory_cell:inst1|inst   ; |PD|ram:inst|4x32ram:inst|4x4ram:inst7|memory_cell:inst1|inst   ; regout           ;
; |PD|ram:inst|4x32ram:inst|4x4ram:inst7|memory_cell:inst16|inst  ; |PD|ram:inst|4x32ram:inst|4x4ram:inst7|memory_cell:inst16|inst  ; regout           ;
; |PD|ram:inst|4x32ram:inst|4x4ram:inst7|memory_cell:inst14|inst  ; |PD|ram:inst|4x32ram:inst|4x4ram:inst7|memory_cell:inst14|inst  ; regout           ;
; |PD|ram:inst|4x32ram:inst|4x4ram:inst7|memory_cell:inst12|inst  ; |PD|ram:inst|4x32ram:inst|4x4ram:inst7|memory_cell:inst12|inst  ; regout           ;
; |PD|ram:inst|4x32ram:inst|4x4ram:inst7|memory_cell:inst10|inst  ; |PD|ram:inst|4x32ram:inst|4x4ram:inst7|memory_cell:inst10|inst  ; regout           ;
; |PD|ram:inst|4x32ram:inst|4x4ram:inst7|memory_cell:inst15|inst  ; |PD|ram:inst|4x32ram:inst|4x4ram:inst7|memory_cell:inst15|inst  ; regout           ;
; |PD|ram:inst|4x32ram:inst|4x4ram:inst7|memory_cell:inst13|inst  ; |PD|ram:inst|4x32ram:inst|4x4ram:inst7|memory_cell:inst13|inst  ; regout           ;
; |PD|ram:inst|4x32ram:inst|4x4ram:inst7|memory_cell:inst11|inst  ; |PD|ram:inst|4x32ram:inst|4x4ram:inst7|memory_cell:inst11|inst  ; regout           ;
; |PD|ram:inst|4x32ram:inst|4x4ram:inst7|memory_cell:inst9|inst   ; |PD|ram:inst|4x32ram:inst|4x4ram:inst7|memory_cell:inst9|inst   ; regout           ;
; |PD|ram:inst|4x32ram:inst|4x4ram:inst7|memory_cell:inst8|inst   ; |PD|ram:inst|4x32ram:inst|4x4ram:inst7|memory_cell:inst8|inst   ; regout           ;
; |PD|ram:inst|4x32ram:inst|4x4ram:inst7|memory_cell:inst6|inst   ; |PD|ram:inst|4x32ram:inst|4x4ram:inst7|memory_cell:inst6|inst   ; regout           ;
; |PD|ram:inst|4x32ram:inst|4x4ram:inst7|memory_cell:inst4|inst   ; |PD|ram:inst|4x32ram:inst|4x4ram:inst7|memory_cell:inst4|inst   ; regout           ;
; |PD|ram:inst|4x32ram:inst|4x4ram:inst7|memory_cell:inst2|inst   ; |PD|ram:inst|4x32ram:inst|4x4ram:inst7|memory_cell:inst2|inst   ; regout           ;
; |PD|ram:inst|4x32ram:inst|4x4ram:inst6|IN~0                     ; |PD|ram:inst|4x32ram:inst|4x4ram:inst6|IN~0                     ; out0             ;
; |PD|ram:inst|4x32ram:inst|4x4ram:inst6|IN~1                     ; |PD|ram:inst|4x32ram:inst|4x4ram:inst6|IN~1                     ; out0             ;
; |PD|ram:inst|4x32ram:inst|4x4ram:inst6|IN~2                     ; |PD|ram:inst|4x32ram:inst|4x4ram:inst6|IN~2                     ; out0             ;
; |PD|ram:inst|4x32ram:inst|4x4ram:inst6|IN~3                     ; |PD|ram:inst|4x32ram:inst|4x4ram:inst6|IN~3                     ; out0             ;
; |PD|ram:inst|4x32ram:inst|4x4ram:inst6|memory_cell:inst3|inst   ; |PD|ram:inst|4x32ram:inst|4x4ram:inst6|memory_cell:inst3|inst   ; regout           ;
; |PD|ram:inst|4x32ram:inst|4x4ram:inst6|memory_cell:inst5|inst   ; |PD|ram:inst|4x32ram:inst|4x4ram:inst6|memory_cell:inst5|inst   ; regout           ;
; |PD|ram:inst|4x32ram:inst|4x4ram:inst6|memory_cell:inst7|inst   ; |PD|ram:inst|4x32ram:inst|4x4ram:inst6|memory_cell:inst7|inst   ; regout           ;
; |PD|ram:inst|4x32ram:inst|4x4ram:inst6|memory_cell:inst1|inst   ; |PD|ram:inst|4x32ram:inst|4x4ram:inst6|memory_cell:inst1|inst   ; regout           ;
; |PD|ram:inst|4x32ram:inst|4x4ram:inst6|memory_cell:inst16|inst  ; |PD|ram:inst|4x32ram:inst|4x4ram:inst6|memory_cell:inst16|inst  ; regout           ;
; |PD|ram:inst|4x32ram:inst|4x4ram:inst6|memory_cell:inst14|inst  ; |PD|ram:inst|4x32ram:inst|4x4ram:inst6|memory_cell:inst14|inst  ; regout           ;
; |PD|ram:inst|4x32ram:inst|4x4ram:inst6|memory_cell:inst12|inst  ; |PD|ram:inst|4x32ram:inst|4x4ram:inst6|memory_cell:inst12|inst  ; regout           ;
; |PD|ram:inst|4x32ram:inst|4x4ram:inst6|memory_cell:inst10|inst  ; |PD|ram:inst|4x32ram:inst|4x4ram:inst6|memory_cell:inst10|inst  ; regout           ;
; |PD|ram:inst|4x32ram:inst|4x4ram:inst6|memory_cell:inst15|inst  ; |PD|ram:inst|4x32ram:inst|4x4ram:inst6|memory_cell:inst15|inst  ; regout           ;
; |PD|ram:inst|4x32ram:inst|4x4ram:inst6|memory_cell:inst13|inst  ; |PD|ram:inst|4x32ram:inst|4x4ram:inst6|memory_cell:inst13|inst  ; regout           ;
; |PD|ram:inst|4x32ram:inst|4x4ram:inst6|memory_cell:inst11|inst  ; |PD|ram:inst|4x32ram:inst|4x4ram:inst6|memory_cell:inst11|inst  ; regout           ;
; |PD|ram:inst|4x32ram:inst|4x4ram:inst6|memory_cell:inst9|inst   ; |PD|ram:inst|4x32ram:inst|4x4ram:inst6|memory_cell:inst9|inst   ; regout           ;
; |PD|ram:inst|4x32ram:inst|4x4ram:inst6|memory_cell:inst8|inst   ; |PD|ram:inst|4x32ram:inst|4x4ram:inst6|memory_cell:inst8|inst   ; regout           ;
; |PD|ram:inst|4x32ram:inst|4x4ram:inst6|memory_cell:inst6|inst   ; |PD|ram:inst|4x32ram:inst|4x4ram:inst6|memory_cell:inst6|inst   ; regout           ;
; |PD|ram:inst|4x32ram:inst|4x4ram:inst6|memory_cell:inst4|inst   ; |PD|ram:inst|4x32ram:inst|4x4ram:inst6|memory_cell:inst4|inst   ; regout           ;
; |PD|ram:inst|4x32ram:inst|4x4ram:inst6|memory_cell:inst2|inst   ; |PD|ram:inst|4x32ram:inst|4x4ram:inst6|memory_cell:inst2|inst   ; regout           ;
; |PD|ram:inst|4x32ram:inst|4x4ram:inst5|IN~0                     ; |PD|ram:inst|4x32ram:inst|4x4ram:inst5|IN~0                     ; out0             ;
; |PD|ram:inst|4x32ram:inst|4x4ram:inst5|IN~1                     ; |PD|ram:inst|4x32ram:inst|4x4ram:inst5|IN~1                     ; out0             ;
; |PD|ram:inst|4x32ram:inst|4x4ram:inst5|IN~2                     ; |PD|ram:inst|4x32ram:inst|4x4ram:inst5|IN~2                     ; out0             ;
; |PD|ram:inst|4x32ram:inst|4x4ram:inst5|IN~3                     ; |PD|ram:inst|4x32ram:inst|4x4ram:inst5|IN~3                     ; out0             ;
; |PD|ram:inst|4x32ram:inst|4x4ram:inst5|memory_cell:inst3|inst   ; |PD|ram:inst|4x32ram:inst|4x4ram:inst5|memory_cell:inst3|inst   ; regout           ;
; |PD|ram:inst|4x32ram:inst|4x4ram:inst5|memory_cell:inst5|inst   ; |PD|ram:inst|4x32ram:inst|4x4ram:inst5|memory_cell:inst5|inst   ; regout           ;
; |PD|ram:inst|4x32ram:inst|4x4ram:inst5|memory_cell:inst7|inst   ; |PD|ram:inst|4x32ram:inst|4x4ram:inst5|memory_cell:inst7|inst   ; regout           ;
; |PD|ram:inst|4x32ram:inst|4x4ram:inst5|memory_cell:inst1|inst   ; |PD|ram:inst|4x32ram:inst|4x4ram:inst5|memory_cell:inst1|inst   ; regout           ;
; |PD|ram:inst|4x32ram:inst|4x4ram:inst5|memory_cell:inst16|inst  ; |PD|ram:inst|4x32ram:inst|4x4ram:inst5|memory_cell:inst16|inst  ; regout           ;
; |PD|ram:inst|4x32ram:inst|4x4ram:inst5|memory_cell:inst14|inst  ; |PD|ram:inst|4x32ram:inst|4x4ram:inst5|memory_cell:inst14|inst  ; regout           ;
; |PD|ram:inst|4x32ram:inst|4x4ram:inst5|memory_cell:inst12|inst  ; |PD|ram:inst|4x32ram:inst|4x4ram:inst5|memory_cell:inst12|inst  ; regout           ;
; |PD|ram:inst|4x32ram:inst|4x4ram:inst5|memory_cell:inst10|inst  ; |PD|ram:inst|4x32ram:inst|4x4ram:inst5|memory_cell:inst10|inst  ; regout           ;
; |PD|ram:inst|4x32ram:inst|4x4ram:inst5|memory_cell:inst15|inst  ; |PD|ram:inst|4x32ram:inst|4x4ram:inst5|memory_cell:inst15|inst  ; regout           ;
; |PD|ram:inst|4x32ram:inst|4x4ram:inst5|memory_cell:inst13|inst  ; |PD|ram:inst|4x32ram:inst|4x4ram:inst5|memory_cell:inst13|inst  ; regout           ;
; |PD|ram:inst|4x32ram:inst|4x4ram:inst5|memory_cell:inst11|inst  ; |PD|ram:inst|4x32ram:inst|4x4ram:inst5|memory_cell:inst11|inst  ; regout           ;
; |PD|ram:inst|4x32ram:inst|4x4ram:inst5|memory_cell:inst9|inst   ; |PD|ram:inst|4x32ram:inst|4x4ram:inst5|memory_cell:inst9|inst   ; regout           ;
; |PD|ram:inst|4x32ram:inst|4x4ram:inst5|memory_cell:inst8|inst   ; |PD|ram:inst|4x32ram:inst|4x4ram:inst5|memory_cell:inst8|inst   ; regout           ;
; |PD|ram:inst|4x32ram:inst|4x4ram:inst5|memory_cell:inst6|inst   ; |PD|ram:inst|4x32ram:inst|4x4ram:inst5|memory_cell:inst6|inst   ; regout           ;
; |PD|ram:inst|4x32ram:inst|4x4ram:inst5|memory_cell:inst4|inst   ; |PD|ram:inst|4x32ram:inst|4x4ram:inst5|memory_cell:inst4|inst   ; regout           ;
; |PD|ram:inst|4x32ram:inst|4x4ram:inst5|memory_cell:inst2|inst   ; |PD|ram:inst|4x32ram:inst|4x4ram:inst5|memory_cell:inst2|inst   ; regout           ;
; |PD|ram:inst|4x32ram:inst|4x4ram:inst4|IN~0                     ; |PD|ram:inst|4x32ram:inst|4x4ram:inst4|IN~0                     ; out0             ;
; |PD|ram:inst|4x32ram:inst|4x4ram:inst4|IN~1                     ; |PD|ram:inst|4x32ram:inst|4x4ram:inst4|IN~1                     ; out0             ;
; |PD|ram:inst|4x32ram:inst|4x4ram:inst4|IN~2                     ; |PD|ram:inst|4x32ram:inst|4x4ram:inst4|IN~2                     ; out0             ;
; |PD|ram:inst|4x32ram:inst|4x4ram:inst4|IN~3                     ; |PD|ram:inst|4x32ram:inst|4x4ram:inst4|IN~3                     ; out0             ;
; |PD|ram:inst|4x32ram:inst|4x4ram:inst4|memory_cell:inst3|inst   ; |PD|ram:inst|4x32ram:inst|4x4ram:inst4|memory_cell:inst3|inst   ; regout           ;
; |PD|ram:inst|4x32ram:inst|4x4ram:inst4|memory_cell:inst5|inst   ; |PD|ram:inst|4x32ram:inst|4x4ram:inst4|memory_cell:inst5|inst   ; regout           ;
; |PD|ram:inst|4x32ram:inst|4x4ram:inst4|memory_cell:inst7|inst   ; |PD|ram:inst|4x32ram:inst|4x4ram:inst4|memory_cell:inst7|inst   ; regout           ;
; |PD|ram:inst|4x32ram:inst|4x4ram:inst4|memory_cell:inst1|inst   ; |PD|ram:inst|4x32ram:inst|4x4ram:inst4|memory_cell:inst1|inst   ; regout           ;
; |PD|ram:inst|4x32ram:inst|4x4ram:inst4|memory_cell:inst16|inst  ; |PD|ram:inst|4x32ram:inst|4x4ram:inst4|memory_cell:inst16|inst  ; regout           ;
; |PD|ram:inst|4x32ram:inst|4x4ram:inst4|memory_cell:inst14|inst  ; |PD|ram:inst|4x32ram:inst|4x4ram:inst4|memory_cell:inst14|inst  ; regout           ;
; |PD|ram:inst|4x32ram:inst|4x4ram:inst4|memory_cell:inst12|inst  ; |PD|ram:inst|4x32ram:inst|4x4ram:inst4|memory_cell:inst12|inst  ; regout           ;
; |PD|ram:inst|4x32ram:inst|4x4ram:inst4|memory_cell:inst10|inst  ; |PD|ram:inst|4x32ram:inst|4x4ram:inst4|memory_cell:inst10|inst  ; regout           ;
; |PD|ram:inst|4x32ram:inst|4x4ram:inst4|memory_cell:inst15|inst  ; |PD|ram:inst|4x32ram:inst|4x4ram:inst4|memory_cell:inst15|inst  ; regout           ;
; |PD|ram:inst|4x32ram:inst|4x4ram:inst4|memory_cell:inst13|inst  ; |PD|ram:inst|4x32ram:inst|4x4ram:inst4|memory_cell:inst13|inst  ; regout           ;
; |PD|ram:inst|4x32ram:inst|4x4ram:inst4|memory_cell:inst11|inst  ; |PD|ram:inst|4x32ram:inst|4x4ram:inst4|memory_cell:inst11|inst  ; regout           ;
; |PD|ram:inst|4x32ram:inst|4x4ram:inst4|memory_cell:inst9|inst   ; |PD|ram:inst|4x32ram:inst|4x4ram:inst4|memory_cell:inst9|inst   ; regout           ;
; |PD|ram:inst|4x32ram:inst|4x4ram:inst4|memory_cell:inst8|inst   ; |PD|ram:inst|4x32ram:inst|4x4ram:inst4|memory_cell:inst8|inst   ; regout           ;
; |PD|ram:inst|4x32ram:inst|4x4ram:inst4|memory_cell:inst6|inst   ; |PD|ram:inst|4x32ram:inst|4x4ram:inst4|memory_cell:inst6|inst   ; regout           ;
; |PD|ram:inst|4x32ram:inst|4x4ram:inst4|memory_cell:inst4|inst   ; |PD|ram:inst|4x32ram:inst|4x4ram:inst4|memory_cell:inst4|inst   ; regout           ;
; |PD|ram:inst|4x32ram:inst|4x4ram:inst4|memory_cell:inst2|inst   ; |PD|ram:inst|4x32ram:inst|4x4ram:inst4|memory_cell:inst2|inst   ; regout           ;
; |PD|ram:inst|4x32ram:inst|4x4ram:inst3|IN~0                     ; |PD|ram:inst|4x32ram:inst|4x4ram:inst3|IN~0                     ; out0             ;
; |PD|ram:inst|4x32ram:inst|4x4ram:inst3|IN~1                     ; |PD|ram:inst|4x32ram:inst|4x4ram:inst3|IN~1                     ; out0             ;
; |PD|ram:inst|4x32ram:inst|4x4ram:inst3|IN~2                     ; |PD|ram:inst|4x32ram:inst|4x4ram:inst3|IN~2                     ; out0             ;
; |PD|ram:inst|4x32ram:inst|4x4ram:inst3|IN~3                     ; |PD|ram:inst|4x32ram:inst|4x4ram:inst3|IN~3                     ; out0             ;
; |PD|ram:inst|4x32ram:inst|4x4ram:inst3|memory_cell:inst3|inst   ; |PD|ram:inst|4x32ram:inst|4x4ram:inst3|memory_cell:inst3|inst   ; regout           ;
; |PD|ram:inst|4x32ram:inst|4x4ram:inst3|memory_cell:inst5|inst   ; |PD|ram:inst|4x32ram:inst|4x4ram:inst3|memory_cell:inst5|inst   ; regout           ;
; |PD|ram:inst|4x32ram:inst|4x4ram:inst3|memory_cell:inst7|inst   ; |PD|ram:inst|4x32ram:inst|4x4ram:inst3|memory_cell:inst7|inst   ; regout           ;
; |PD|ram:inst|4x32ram:inst|4x4ram:inst3|memory_cell:inst1|inst   ; |PD|ram:inst|4x32ram:inst|4x4ram:inst3|memory_cell:inst1|inst   ; regout           ;
; |PD|ram:inst|4x32ram:inst|4x4ram:inst3|memory_cell:inst16|inst  ; |PD|ram:inst|4x32ram:inst|4x4ram:inst3|memory_cell:inst16|inst  ; regout           ;
; |PD|ram:inst|4x32ram:inst|4x4ram:inst3|memory_cell:inst14|inst  ; |PD|ram:inst|4x32ram:inst|4x4ram:inst3|memory_cell:inst14|inst  ; regout           ;
; |PD|ram:inst|4x32ram:inst|4x4ram:inst3|memory_cell:inst12|inst  ; |PD|ram:inst|4x32ram:inst|4x4ram:inst3|memory_cell:inst12|inst  ; regout           ;
; |PD|ram:inst|4x32ram:inst|4x4ram:inst3|memory_cell:inst10|inst  ; |PD|ram:inst|4x32ram:inst|4x4ram:inst3|memory_cell:inst10|inst  ; regout           ;
; |PD|ram:inst|4x32ram:inst|4x4ram:inst3|memory_cell:inst15|inst  ; |PD|ram:inst|4x32ram:inst|4x4ram:inst3|memory_cell:inst15|inst  ; regout           ;
; |PD|ram:inst|4x32ram:inst|4x4ram:inst3|memory_cell:inst13|inst  ; |PD|ram:inst|4x32ram:inst|4x4ram:inst3|memory_cell:inst13|inst  ; regout           ;
; |PD|ram:inst|4x32ram:inst|4x4ram:inst3|memory_cell:inst11|inst  ; |PD|ram:inst|4x32ram:inst|4x4ram:inst3|memory_cell:inst11|inst  ; regout           ;
; |PD|ram:inst|4x32ram:inst|4x4ram:inst3|memory_cell:inst9|inst   ; |PD|ram:inst|4x32ram:inst|4x4ram:inst3|memory_cell:inst9|inst   ; regout           ;
; |PD|ram:inst|4x32ram:inst|4x4ram:inst3|memory_cell:inst8|inst   ; |PD|ram:inst|4x32ram:inst|4x4ram:inst3|memory_cell:inst8|inst   ; regout           ;
; |PD|ram:inst|4x32ram:inst|4x4ram:inst3|memory_cell:inst6|inst   ; |PD|ram:inst|4x32ram:inst|4x4ram:inst3|memory_cell:inst6|inst   ; regout           ;
; |PD|ram:inst|4x32ram:inst|4x4ram:inst3|memory_cell:inst4|inst   ; |PD|ram:inst|4x32ram:inst|4x4ram:inst3|memory_cell:inst4|inst   ; regout           ;
; |PD|ram:inst|4x32ram:inst|4x4ram:inst3|memory_cell:inst2|inst   ; |PD|ram:inst|4x32ram:inst|4x4ram:inst3|memory_cell:inst2|inst   ; regout           ;
; |PD|ram:inst|4x32ram:inst|4x4ram:inst1|IN~0                     ; |PD|ram:inst|4x32ram:inst|4x4ram:inst1|IN~0                     ; out0             ;
; |PD|ram:inst|4x32ram:inst|4x4ram:inst1|IN~1                     ; |PD|ram:inst|4x32ram:inst|4x4ram:inst1|IN~1                     ; out0             ;
; |PD|ram:inst|4x32ram:inst|4x4ram:inst1|IN~2                     ; |PD|ram:inst|4x32ram:inst|4x4ram:inst1|IN~2                     ; out0             ;
; |PD|ram:inst|4x32ram:inst|4x4ram:inst1|IN~3                     ; |PD|ram:inst|4x32ram:inst|4x4ram:inst1|IN~3                     ; out0             ;
; |PD|ram:inst|4x32ram:inst|4x4ram:inst1|memory_cell:inst3|inst   ; |PD|ram:inst|4x32ram:inst|4x4ram:inst1|memory_cell:inst3|inst   ; regout           ;
; |PD|ram:inst|4x32ram:inst|4x4ram:inst1|memory_cell:inst5|inst   ; |PD|ram:inst|4x32ram:inst|4x4ram:inst1|memory_cell:inst5|inst   ; regout           ;
; |PD|ram:inst|4x32ram:inst|4x4ram:inst1|memory_cell:inst7|inst   ; |PD|ram:inst|4x32ram:inst|4x4ram:inst1|memory_cell:inst7|inst   ; regout           ;
; |PD|ram:inst|4x32ram:inst|4x4ram:inst1|memory_cell:inst1|inst   ; |PD|ram:inst|4x32ram:inst|4x4ram:inst1|memory_cell:inst1|inst   ; regout           ;
; |PD|ram:inst|4x32ram:inst|4x4ram:inst1|memory_cell:inst16|inst  ; |PD|ram:inst|4x32ram:inst|4x4ram:inst1|memory_cell:inst16|inst  ; regout           ;
; |PD|ram:inst|4x32ram:inst|4x4ram:inst1|memory_cell:inst14|inst  ; |PD|ram:inst|4x32ram:inst|4x4ram:inst1|memory_cell:inst14|inst  ; regout           ;
; |PD|ram:inst|4x32ram:inst|4x4ram:inst1|memory_cell:inst12|inst  ; |PD|ram:inst|4x32ram:inst|4x4ram:inst1|memory_cell:inst12|inst  ; regout           ;
; |PD|ram:inst|4x32ram:inst|4x4ram:inst1|memory_cell:inst10|inst  ; |PD|ram:inst|4x32ram:inst|4x4ram:inst1|memory_cell:inst10|inst  ; regout           ;
; |PD|ram:inst|4x32ram:inst|4x4ram:inst1|memory_cell:inst15|inst  ; |PD|ram:inst|4x32ram:inst|4x4ram:inst1|memory_cell:inst15|inst  ; regout           ;
; |PD|ram:inst|4x32ram:inst|4x4ram:inst1|memory_cell:inst13|inst  ; |PD|ram:inst|4x32ram:inst|4x4ram:inst1|memory_cell:inst13|inst  ; regout           ;
; |PD|ram:inst|4x32ram:inst|4x4ram:inst1|memory_cell:inst11|inst  ; |PD|ram:inst|4x32ram:inst|4x4ram:inst1|memory_cell:inst11|inst  ; regout           ;
; |PD|ram:inst|4x32ram:inst|4x4ram:inst1|memory_cell:inst9|inst   ; |PD|ram:inst|4x32ram:inst|4x4ram:inst1|memory_cell:inst9|inst   ; regout           ;
; |PD|ram:inst|4x32ram:inst|4x4ram:inst1|memory_cell:inst8|inst   ; |PD|ram:inst|4x32ram:inst|4x4ram:inst1|memory_cell:inst8|inst   ; regout           ;
; |PD|ram:inst|4x32ram:inst|4x4ram:inst1|memory_cell:inst6|inst   ; |PD|ram:inst|4x32ram:inst|4x4ram:inst1|memory_cell:inst6|inst   ; regout           ;
; |PD|ram:inst|4x32ram:inst|4x4ram:inst1|memory_cell:inst4|inst   ; |PD|ram:inst|4x32ram:inst|4x4ram:inst1|memory_cell:inst4|inst   ; regout           ;
; |PD|ram:inst|4x32ram:inst|4x4ram:inst1|memory_cell:inst2|inst   ; |PD|ram:inst|4x32ram:inst|4x4ram:inst1|memory_cell:inst2|inst   ; regout           ;
; |PD|ram:inst|4x32ram:inst|4x4ram:inst|IN~0                      ; |PD|ram:inst|4x32ram:inst|4x4ram:inst|IN~0                      ; out0             ;
; |PD|ram:inst|4x32ram:inst|4x4ram:inst|IN~1                      ; |PD|ram:inst|4x32ram:inst|4x4ram:inst|IN~1                      ; out0             ;
; |PD|ram:inst|4x32ram:inst|4x4ram:inst|IN~2                      ; |PD|ram:inst|4x32ram:inst|4x4ram:inst|IN~2                      ; out0             ;
; |PD|ram:inst|4x32ram:inst|4x4ram:inst|IN~3                      ; |PD|ram:inst|4x32ram:inst|4x4ram:inst|IN~3                      ; out0             ;
; |PD|ram:inst|4x32ram:inst|4x4ram:inst|memory_cell:inst3|inst    ; |PD|ram:inst|4x32ram:inst|4x4ram:inst|memory_cell:inst3|inst    ; regout           ;
; |PD|ram:inst|4x32ram:inst|4x4ram:inst|memory_cell:inst5|inst    ; |PD|ram:inst|4x32ram:inst|4x4ram:inst|memory_cell:inst5|inst    ; regout           ;
; |PD|ram:inst|4x32ram:inst|4x4ram:inst|memory_cell:inst7|inst    ; |PD|ram:inst|4x32ram:inst|4x4ram:inst|memory_cell:inst7|inst    ; regout           ;
; |PD|ram:inst|4x32ram:inst|4x4ram:inst|memory_cell:inst1|inst    ; |PD|ram:inst|4x32ram:inst|4x4ram:inst|memory_cell:inst1|inst    ; regout           ;
; |PD|ram:inst|4x32ram:inst|4x4ram:inst|memory_cell:inst16|inst   ; |PD|ram:inst|4x32ram:inst|4x4ram:inst|memory_cell:inst16|inst   ; regout           ;
; |PD|ram:inst|4x32ram:inst|4x4ram:inst|memory_cell:inst14|inst   ; |PD|ram:inst|4x32ram:inst|4x4ram:inst|memory_cell:inst14|inst   ; regout           ;
; |PD|ram:inst|4x32ram:inst|4x4ram:inst|memory_cell:inst12|inst   ; |PD|ram:inst|4x32ram:inst|4x4ram:inst|memory_cell:inst12|inst   ; regout           ;
; |PD|ram:inst|4x32ram:inst|4x4ram:inst|memory_cell:inst10|inst   ; |PD|ram:inst|4x32ram:inst|4x4ram:inst|memory_cell:inst10|inst   ; regout           ;
; |PD|ram:inst|4x32ram:inst|4x4ram:inst|memory_cell:inst15|inst   ; |PD|ram:inst|4x32ram:inst|4x4ram:inst|memory_cell:inst15|inst   ; regout           ;
; |PD|ram:inst|4x32ram:inst|4x4ram:inst|memory_cell:inst13|inst   ; |PD|ram:inst|4x32ram:inst|4x4ram:inst|memory_cell:inst13|inst   ; regout           ;
; |PD|ram:inst|4x32ram:inst|4x4ram:inst|memory_cell:inst11|inst   ; |PD|ram:inst|4x32ram:inst|4x4ram:inst|memory_cell:inst11|inst   ; regout           ;
; |PD|ram:inst|4x32ram:inst|4x4ram:inst|memory_cell:inst9|inst    ; |PD|ram:inst|4x32ram:inst|4x4ram:inst|memory_cell:inst9|inst    ; regout           ;
; |PD|ram:inst|4x32ram:inst|4x4ram:inst|memory_cell:inst8|inst    ; |PD|ram:inst|4x32ram:inst|4x4ram:inst|memory_cell:inst8|inst    ; regout           ;
; |PD|ram:inst|4x32ram:inst|4x4ram:inst|memory_cell:inst6|inst    ; |PD|ram:inst|4x32ram:inst|4x4ram:inst|memory_cell:inst6|inst    ; regout           ;
; |PD|ram:inst|4x32ram:inst|4x4ram:inst|memory_cell:inst4|inst    ; |PD|ram:inst|4x32ram:inst|4x4ram:inst|memory_cell:inst4|inst    ; regout           ;
; |PD|ram:inst|4x32ram:inst|4x4ram:inst|memory_cell:inst2|inst    ; |PD|ram:inst|4x32ram:inst|4x4ram:inst|memory_cell:inst2|inst    ; regout           ;
; |PD|CTLogic:inst2|inst                                          ; |PD|CTLogic:inst2|inst                                          ; out0             ;
+-----------------------------------------------------------------+-----------------------------------------------------------------+------------------+


+---------------------+
; Simulator INI Usage ;
+--------+------------+
; Option ; Usage      ;
+--------+------------+


+--------------------+
; Simulator Messages ;
+--------------------+
Info: *******************************************************************
Info: Running Quartus II 64-Bit Simulator
    Info: Version 13.0.1 Build 232 06/12/2013 Service Pack 1 SJ Web Edition
    Info: Processing started: Thu Dec 18 23:48:57 2025
Info: Command: quartus_sim --simulation_results_format=VWF PD -c PD
Info (324025): Using vector source file "D:/HK5/CE118_DigitalLogicDesign/CircuitDesign/P-DStack/PDw.vwf"
Info (310003): Option to preserve fewer signal transitions to reduce memory requirements is enabled
    Info (310004): Simulation has been partitioned into sub-simulations according to the maximum transition count determined by the engine. Transitions from memory will be flushed out to disk at the end of each sub-simulation to reduce memory requirements.
Warning (324031): Found logic contention at time 330.0 ns on bus node "|PD|IO~31"
    Info (324033): Node "IO[0]" has logic level of 1
    Info (324033): Node "ram:inst|4x32ram:inst|4x4ram:inst8|inst22" has logic level of 0
    Info (324033): Node "ram:inst|4x32ram:inst1|4x4ram:inst8|inst22" has logic level of Z
    Info (324033): Node "ram:inst|4x32ram:inst2|4x4ram:inst8|inst22" has logic level of Z
    Info (324033): Node "ram:inst|4x32ram:inst3|4x4ram:inst8|inst22" has logic level of Z
    Info (324033): Node "ram:inst|4x32ram:inst4|4x4ram:inst8|inst22" has logic level of Z
    Info (324033): Node "ram:inst|4x32ram:inst5|4x4ram:inst8|inst22" has logic level of Z
    Info (324033): Node "ram:inst|4x32ram:inst6|4x4ram:inst8|inst22" has logic level of Z
    Info (324033): Node "ram:inst|4x32ram:inst7|4x4ram:inst8|inst22" has logic level of Z
Warning (324031): Found logic contention at time 330.0 ns on bus node "|PD|IO~31"
    Info (324033): Node "IO[0]" has logic level of 1
    Info (324033): Node "ram:inst|4x32ram:inst|4x4ram:inst8|inst22" has logic level of 0
    Info (324033): Node "ram:inst|4x32ram:inst1|4x4ram:inst8|inst22" has logic level of Z
    Info (324033): Node "ram:inst|4x32ram:inst2|4x4ram:inst8|inst22" has logic level of Z
    Info (324033): Node "ram:inst|4x32ram:inst3|4x4ram:inst8|inst22" has logic level of Z
    Info (324033): Node "ram:inst|4x32ram:inst4|4x4ram:inst8|inst22" has logic level of Z
    Info (324033): Node "ram:inst|4x32ram:inst5|4x4ram:inst8|inst22" has logic level of Z
    Info (324033): Node "ram:inst|4x32ram:inst6|4x4ram:inst8|inst22" has logic level of Z
    Info (324033): Node "ram:inst|4x32ram:inst7|4x4ram:inst8|inst22" has logic level of Z
Warning (324031): Found logic contention at time 330.0 ns on bus node "|PD|IO~28"
    Info (324033): Node "IO[3]" has logic level of 0
    Info (324033): Node "ram:inst|4x32ram:inst|4x4ram:inst8|inst19" has logic level of 1
    Info (324033): Node "ram:inst|4x32ram:inst1|4x4ram:inst8|inst19" has logic level of Z
    Info (324033): Node "ram:inst|4x32ram:inst2|4x4ram:inst8|inst19" has logic level of Z
    Info (324033): Node "ram:inst|4x32ram:inst3|4x4ram:inst8|inst19" has logic level of Z
    Info (324033): Node "ram:inst|4x32ram:inst4|4x4ram:inst8|inst19" has logic level of Z
    Info (324033): Node "ram:inst|4x32ram:inst5|4x4ram:inst8|inst19" has logic level of Z
    Info (324033): Node "ram:inst|4x32ram:inst6|4x4ram:inst8|inst19" has logic level of Z
    Info (324033): Node "ram:inst|4x32ram:inst7|4x4ram:inst8|inst19" has logic level of Z
Warning (324031): Found logic contention at time 330.0 ns on bus node "|PD|IO~30"
    Info (324033): Node "IO[1]" has logic level of 0
    Info (324033): Node "ram:inst|4x32ram:inst|4x4ram:inst8|inst21" has logic level of 1
    Info (324033): Node "ram:inst|4x32ram:inst1|4x4ram:inst8|inst21" has logic level of Z
    Info (324033): Node "ram:inst|4x32ram:inst2|4x4ram:inst8|inst21" has logic level of Z
    Info (324033): Node "ram:inst|4x32ram:inst3|4x4ram:inst8|inst21" has logic level of Z
    Info (324033): Node "ram:inst|4x32ram:inst4|4x4ram:inst8|inst21" has logic level of Z
    Info (324033): Node "ram:inst|4x32ram:inst5|4x4ram:inst8|inst21" has logic level of Z
    Info (324033): Node "ram:inst|4x32ram:inst6|4x4ram:inst8|inst21" has logic level of Z
    Info (324033): Node "ram:inst|4x32ram:inst7|4x4ram:inst8|inst21" has logic level of Z
Warning (324031): Found logic contention at time 330.0 ns on bus node "|PD|IO~29"
    Info (324033): Node "IO[2]" has logic level of 0
    Info (324033): Node "ram:inst|4x32ram:inst|4x4ram:inst8|inst20" has logic level of 1
    Info (324033): Node "ram:inst|4x32ram:inst1|4x4ram:inst8|inst20" has logic level of Z
    Info (324033): Node "ram:inst|4x32ram:inst2|4x4ram:inst8|inst20" has logic level of Z
    Info (324033): Node "ram:inst|4x32ram:inst3|4x4ram:inst8|inst20" has logic level of Z
    Info (324033): Node "ram:inst|4x32ram:inst4|4x4ram:inst8|inst20" has logic level of Z
    Info (324033): Node "ram:inst|4x32ram:inst5|4x4ram:inst8|inst20" has logic level of Z
    Info (324033): Node "ram:inst|4x32ram:inst6|4x4ram:inst8|inst20" has logic level of Z
    Info (324033): Node "ram:inst|4x32ram:inst7|4x4ram:inst8|inst20" has logic level of Z
Warning (324031): Found logic contention at time 330.0 ns on bus node "|PD|IO~27"
    Info (324033): Node "IO[4]" has logic level of 0
    Info (324033): Node "ram:inst|4x32ram:inst|4x4ram:inst7|inst22" has logic level of 1
    Info (324033): Node "ram:inst|4x32ram:inst1|4x4ram:inst7|inst22" has logic level of Z
    Info (324033): Node "ram:inst|4x32ram:inst2|4x4ram:inst7|inst22" has logic level of Z
    Info (324033): Node "ram:inst|4x32ram:inst3|4x4ram:inst7|inst22" has logic level of Z
    Info (324033): Node "ram:inst|4x32ram:inst4|4x4ram:inst7|inst22" has logic level of Z
    Info (324033): Node "ram:inst|4x32ram:inst5|4x4ram:inst7|inst22" has logic level of Z
    Info (324033): Node "ram:inst|4x32ram:inst6|4x4ram:inst7|inst22" has logic level of Z
    Info (324033): Node "ram:inst|4x32ram:inst7|4x4ram:inst7|inst22" has logic level of Z
Warning (324031): Found logic contention at time 330.0 ns on bus node "|PD|IO~26"
    Info (324033): Node "IO[5]" has logic level of 1
    Info (324033): Node "ram:inst|4x32ram:inst|4x4ram:inst7|inst21" has logic level of 0
    Info (324033): Node "ram:inst|4x32ram:inst1|4x4ram:inst7|inst21" has logic level of Z
    Info (324033): Node "ram:inst|4x32ram:inst2|4x4ram:inst7|inst21" has logic level of Z
    Info (324033): Node "ram:inst|4x32ram:inst3|4x4ram:inst7|inst21" has logic level of Z
    Info (324033): Node "ram:inst|4x32ram:inst4|4x4ram:inst7|inst21" has logic level of Z
    Info (324033): Node "ram:inst|4x32ram:inst5|4x4ram:inst7|inst21" has logic level of Z
    Info (324033): Node "ram:inst|4x32ram:inst6|4x4ram:inst7|inst21" has logic level of Z
    Info (324033): Node "ram:inst|4x32ram:inst7|4x4ram:inst7|inst21" has logic level of Z
Warning (324031): Found logic contention at time 337.0 ns on bus node "|PD|IO~31"
    Info (324033): Node "IO[0]" has logic level of 1
    Info (324033): Node "ram:inst|4x32ram:inst|4x4ram:inst8|inst22" has logic level of 0
    Info (324033): Node "ram:inst|4x32ram:inst1|4x4ram:inst8|inst22" has logic level of Z
    Info (324033): Node "ram:inst|4x32ram:inst2|4x4ram:inst8|inst22" has logic level of Z
    Info (324033): Node "ram:inst|4x32ram:inst3|4x4ram:inst8|inst22" has logic level of Z
    Info (324033): Node "ram:inst|4x32ram:inst4|4x4ram:inst8|inst22" has logic level of Z
    Info (324033): Node "ram:inst|4x32ram:inst5|4x4ram:inst8|inst22" has logic level of Z
    Info (324033): Node "ram:inst|4x32ram:inst6|4x4ram:inst8|inst22" has logic level of Z
    Info (324033): Node "ram:inst|4x32ram:inst7|4x4ram:inst8|inst22" has logic level of Z
Info (310002): Simulation partitioned into 1 sub-simulations
Info (328053): Simulation coverage is      39.68 %
Info (328052): Number of transitions in simulation is 51429
Info (324045): Vector file PD.sim.vwf is saved in VWF text format. You can compress it into CVWF format in order to reduce file size. For more details please refer to the Quartus II Help.
Info: Quartus II 64-Bit Simulator was successful. 0 errors, 8 warnings
    Info: Peak virtual memory: 4477 megabytes
    Info: Processing ended: Thu Dec 18 23:48:57 2025
    Info: Elapsed time: 00:00:00
    Info: Total CPU time (on all processors): 00:00:01


