TimeQuest Timing Analyzer report for PD
Thu Dec 18 23:48:43 2025
Quartus II 64-Bit Version 13.0.1 Build 232 06/12/2013 Service Pack 1 SJ Web Edition


---------------------
; Table of Contents ;
---------------------
  1. Legal Notice
  2. TimeQuest Timing Analyzer Summary
  3. Parallel Compilation
  4. Clocks
  5. Slow Model Fmax Summary
  6. Slow Model Setup Summary
  7. Slow Model Hold Summary
  8. Slow Model Recovery Summary
  9. Slow Model Removal Summary
 10. Slow Model Minimum Pulse Width Summary
 11. Slow Model Setup: 'CLK'
 12. Slow Model Hold: 'CLK'
 13. Slow Model Minimum Pulse Width: 'Enable'
 14. Slow Model Minimum Pulse Width: 'CLK'
 15. Setup Times
 16. Hold Times
 17. Clock to Output Times
 18. Minimum Clock to Output Times
 19. Propagation Delay
 20. Minimum Propagation Delay
 21. Output Enable Times
 22. Minimum Output Enable Times
 23. Output Disable Times
 24. Minimum Output Disable Times
 25. Fast Model Setup Summary
 26. Fast Model Hold Summary
 27. Fast Model Recovery Summary
 28. Fast Model Removal Summary
 29. Fast Model Minimum Pulse Width Summary
 30. Fast Model Setup: 'CLK'
 31. Fast Model Hold: 'CLK'
 32. Fast Model Minimum Pulse Width: 'Enable'
 33. Fast Model Minimum Pulse Width: 'CLK'
 34. Setup Times
 35. Hold Times
 36. Clock to Output Times
 37. Minimum Clock to Output Times
 38. Propagation Delay
 39. Minimum Propagation Delay
 40. Output Enable Times
 41. Minimum Output Enable Times
 42. Output Disable Times
 43. Minimum Output Disable Times
 44. Multicorner Timing Analysis Summary
 45. Setup Times
 46. Hold Times
 47. Clock to Output Times
 48. Minimum Clock to Output Times
 49. Progagation Delay
 50. Minimum Progagation Delay
 51. Setup Transfers
 52. Hold Transfers
 53. Report TCCS
 54. Report RSKM
 55. Unconstrained Paths
 56. TimeQuest Timing Analyzer Messages



----------------
; Legal Notice ;
----------------
Copyright (C) 1991-2013 Altera Corporation
Your use of Altera Corporation's design tools, logic functions 
and other software and tools, and its AMPP partner logic 
functions, and any output files from any of the foregoing 
(including device programming or simulation files), and any 
associated documentation or information are expressly subject 
to the terms and conditions of the Altera Program License 
Subscription Agreement, Altera MegaCore Function License 
Agreement, or other applicable license agreement, including, 
without limitation, that your use is for the sole purpose of 
programming logic devices manufactured by Altera and sold by 
Altera or its authorized distributors.  Please refer to the 
applicable agreement for further details.



+----------------------------------------------------------------------------------------+
; TimeQuest Timing Analyzer Summary                                                      ;
+--------------------+-------------------------------------------------------------------+
; Quartus II Version ; Version 13.0.1 Build 232 06/12/2013 Service Pack 1 SJ Web Edition ;
; Revision Name      ; PD                                                                ;
; Device Family      ; Cyclone II                                                        ;
; Device Name        ; EP2C35F672C6                                                      ;
; Timing Models      ; Final                                                             ;
; Delay Model        ; Combined                                                          ;
; Rise/Fall Delays   ; Unavailable                                                       ;
+--------------------+-------------------------------------------------------------------+


Parallel compilation was disabled, but you have multiple processors available. Enable parallel compilation to reduce compilation time.
+-------------------------------------+
; Parallel Compilation                ;
+----------------------------+--------+
; Processors                 ; Number ;
+----------------------------+--------+
; Number detected on machine ; 8      ;
; Maximum allowed            ; 1      ;
+----------------------------+--------+


+------------------------------------------------------------------------------------------------------------------------------------------------------------------------------------+
; Clocks                                                                                                                                                                             ;
+------------+------+--------+------------+-------+-------+------------+-----------+-------------+-------+--------+-----------+------------+----------+--------+--------+------------+
; Clock Name ; Type ; Period ; Frequency  ; Rise  ; Fall  ; Duty Cycle ; Divide by ; Multiply by ; Phase ; Offset ; Edge List ; Edge Shift ; Inverted ; Master ; Source ; Targets    ;
+------------+------+--------+------------+-------+-------+------------+-----------+-------------+-------+--------+-----------+------------+----------+--------+--------+------------+
; CLK        ; Base ; 1.000  ; 1000.0 MHz ; 0.000 ; 0.500 ;            ;           ;             ;       ;        ;           ;            ;          ;        ;        ; { CLK }    ;
; Enable     ; Base ; 1.000  ; 1000.0 MHz ; 0.000 ; 0.500 ;            ;           ;             ;       ;        ;           ;            ;          ;        ;        ; { Enable } ;
+------------+------+--------+------------+-------+-------+------------+-----------+-------------+-------+--------+-----------+------------+----------+--------+--------+------------+


+-----------------------------------------------------------------------------------------------------------+
; Slow Model Fmax Summary                                                                                   ;
+------------+-----------------+------------+---------------------------------------------------------------+
; Fmax       ; Restricted Fmax ; Clock Name ; Note                                                          ;
+------------+-----------------+------------+---------------------------------------------------------------+
; 498.26 MHz ; 450.05 MHz      ; CLK        ; limit due to minimum period restriction (max I/O toggle rate) ;
+------------+-----------------+------------+---------------------------------------------------------------+
This panel reports FMAX for every clock in the design, regardless of the user-specified clock periods.  FMAX is only computed for paths where the source and destination registers or ports are driven by the same clock.  Paths of different clocks, including generated clocks, are ignored.  For paths between a clock and its inversion, FMAX is computed as if the rising and falling edges are scaled along with FMAX, such that the duty cycle (in terms of a percentage) is maintained. Altera recommends that you always use clock constraints and other slack reports for sign-off analysis.


+--------------------------------+
; Slow Model Setup Summary       ;
+-------+--------+---------------+
; Clock ; Slack  ; End Point TNS ;
+-------+--------+---------------+
; CLK   ; -1.007 ; -6.620        ;
+-------+--------+---------------+


+--------------------------------+
; Slow Model Hold Summary        ;
+-------+--------+---------------+
; Clock ; Slack  ; End Point TNS ;
+-------+--------+---------------+
; CLK   ; -0.108 ; -0.151        ;
+-------+--------+---------------+


-------------------------------
; Slow Model Recovery Summary ;
-------------------------------
No paths to report.


------------------------------
; Slow Model Removal Summary ;
------------------------------
No paths to report.


+----------------------------------------+
; Slow Model Minimum Pulse Width Summary ;
+--------+--------+----------------------+
; Clock  ; Slack  ; End Point TNS        ;
+--------+--------+----------------------+
; Enable ; -4.404 ; -14535.736           ;
; CLK    ; -1.222 ; -11.222              ;
+--------+--------+----------------------+


+----------------------------------------------------------------------------------------------------------------------+
; Slow Model Setup: 'CLK'                                                                                              ;
+--------+-------------------+-------------------+--------------+-------------+--------------+------------+------------+
; Slack  ; From Node         ; To Node           ; Launch Clock ; Latch Clock ; Relationship ; Clock Skew ; Data Delay ;
+--------+-------------------+-------------------+--------------+-------------+--------------+------------+------------+
; -1.007 ; TOP:inst6|inst2   ; TOP:inst6|inst    ; CLK          ; CLK         ; 1.000        ; 0.000      ; 2.043      ;
; -0.987 ; TOP-1:inst7|inst4 ; TOP-1:inst7|inst1 ; CLK          ; CLK         ; 1.000        ; 0.001      ; 2.024      ;
; -0.985 ; TOP-1:inst7|inst4 ; TOP-1:inst7|inst  ; CLK          ; CLK         ; 1.000        ; 0.001      ; 2.022      ;
; -0.963 ; TOP:inst6|inst1   ; TOP:inst6|inst    ; CLK          ; CLK         ; 1.000        ; 0.000      ; 1.999      ;
; -0.879 ; TOP:inst6|inst4   ; TOP:inst6|inst    ; CLK          ; CLK         ; 1.000        ; 0.000      ; 1.915      ;
; -0.871 ; TOP:inst6|inst3   ; TOP:inst6|inst2   ; CLK          ; CLK         ; 1.000        ; 0.000      ; 1.907      ;
; -0.857 ; TOP-1:inst7|inst3 ; TOP-1:inst7|inst1 ; CLK          ; CLK         ; 1.000        ; 0.000      ; 1.893      ;
; -0.855 ; TOP-1:inst7|inst3 ; TOP-1:inst7|inst  ; CLK          ; CLK         ; 1.000        ; 0.000      ; 1.891      ;
; -0.791 ; TOP:inst6|inst3   ; TOP:inst6|inst3   ; CLK          ; CLK         ; 1.000        ; 0.000      ; 1.827      ;
; -0.772 ; TOP:inst6|inst4   ; TOP:inst6|inst2   ; CLK          ; CLK         ; 1.000        ; 0.000      ; 1.808      ;
; -0.737 ; TOP:inst6|inst3   ; TOP:inst6|inst    ; CLK          ; CLK         ; 1.000        ; 0.000      ; 1.773      ;
; -0.707 ; TOP-1:inst7|inst4 ; TOP-1:inst7|inst2 ; CLK          ; CLK         ; 1.000        ; 0.001      ; 1.744      ;
; -0.664 ; TOP:inst6|inst4   ; TOP:inst6|inst3   ; CLK          ; CLK         ; 1.000        ; 0.000      ; 1.700      ;
; -0.653 ; TOP-1:inst7|inst2 ; TOP-1:inst7|inst  ; CLK          ; CLK         ; 1.000        ; 0.000      ; 1.689      ;
; -0.649 ; TOP:inst6|inst2   ; TOP:inst6|inst1   ; CLK          ; CLK         ; 1.000        ; 0.000      ; 1.685      ;
; -0.625 ; TOP:inst6|inst3   ; TOP:inst6|inst1   ; CLK          ; CLK         ; 1.000        ; 0.000      ; 1.661      ;
; -0.623 ; TOP-1:inst7|inst3 ; TOP-1:inst7|inst3 ; CLK          ; CLK         ; 1.000        ; 0.000      ; 1.659      ;
; -0.579 ; TOP:inst6|inst4   ; TOP:inst6|inst1   ; CLK          ; CLK         ; 1.000        ; 0.000      ; 1.615      ;
; -0.578 ; TOP-1:inst7|inst3 ; TOP-1:inst7|inst2 ; CLK          ; CLK         ; 1.000        ; 0.000      ; 1.614      ;
; -0.532 ; Enable            ; TOP-1:inst7|inst1 ; Enable       ; CLK         ; 0.500        ; 3.093      ; 4.161      ;
; -0.530 ; Enable            ; TOP-1:inst7|inst  ; Enable       ; CLK         ; 0.500        ; 3.093      ; 4.159      ;
; -0.477 ; TOP-1:inst7|inst4 ; TOP-1:inst7|inst3 ; CLK          ; CLK         ; 1.000        ; 0.001      ; 1.514      ;
; -0.301 ; TOP-1:inst7|inst2 ; TOP-1:inst7|inst1 ; CLK          ; CLK         ; 1.000        ; 0.000      ; 1.337      ;
; -0.300 ; TOP-1:inst7|inst1 ; TOP-1:inst7|inst  ; CLK          ; CLK         ; 1.000        ; 0.000      ; 1.336      ;
; -0.272 ; Enable            ; TOP-1:inst7|inst2 ; Enable       ; CLK         ; 0.500        ; 3.093      ; 3.901      ;
; -0.032 ; Enable            ; TOP-1:inst7|inst1 ; Enable       ; CLK         ; 1.000        ; 3.093      ; 4.161      ;
; -0.030 ; Enable            ; TOP-1:inst7|inst  ; Enable       ; CLK         ; 1.000        ; 3.093      ; 4.159      ;
; 0.006  ; Enable            ; TOP:inst6|inst2   ; Enable       ; CLK         ; 0.500        ; 2.540      ; 3.070      ;
; 0.014  ; Enable            ; TOP:inst6|inst1   ; Enable       ; CLK         ; 0.500        ; 2.540      ; 3.062      ;
; 0.114  ; Enable            ; TOP:inst6|inst3   ; Enable       ; CLK         ; 0.500        ; 2.540      ; 2.962      ;
; 0.161  ; Enable            ; TOP:inst6|inst    ; Enable       ; CLK         ; 0.500        ; 2.540      ; 2.915      ;
; 0.164  ; Enable            ; TOP-1:inst7|inst4 ; Enable       ; CLK         ; 0.500        ; 3.092      ; 3.464      ;
; 0.228  ; Enable            ; TOP-1:inst7|inst2 ; Enable       ; CLK         ; 1.000        ; 3.093      ; 3.901      ;
; 0.282  ; Enable            ; TOP-1:inst7|inst3 ; Enable       ; CLK         ; 0.500        ; 3.093      ; 3.347      ;
; 0.378  ; Enable            ; TOP:inst6|inst4   ; Enable       ; CLK         ; 0.500        ; 2.540      ; 2.698      ;
; 0.379  ; TOP:inst6|inst4   ; TOP:inst6|inst4   ; CLK          ; CLK         ; 1.000        ; 0.000      ; 0.657      ;
; 0.379  ; TOP-1:inst7|inst4 ; TOP-1:inst7|inst4 ; CLK          ; CLK         ; 1.000        ; 0.000      ; 0.657      ;
; 0.379  ; TOP:inst6|inst    ; TOP:inst6|inst    ; CLK          ; CLK         ; 1.000        ; 0.000      ; 0.657      ;
; 0.379  ; TOP-1:inst7|inst1 ; TOP-1:inst7|inst1 ; CLK          ; CLK         ; 1.000        ; 0.000      ; 0.657      ;
; 0.379  ; TOP-1:inst7|inst  ; TOP-1:inst7|inst  ; CLK          ; CLK         ; 1.000        ; 0.000      ; 0.657      ;
; 0.379  ; TOP:inst6|inst2   ; TOP:inst6|inst2   ; CLK          ; CLK         ; 1.000        ; 0.000      ; 0.657      ;
; 0.379  ; TOP-1:inst7|inst2 ; TOP-1:inst7|inst2 ; CLK          ; CLK         ; 1.000        ; 0.000      ; 0.657      ;
; 0.379  ; TOP:inst6|inst1   ; TOP:inst6|inst1   ; CLK          ; CLK         ; 1.000        ; 0.000      ; 0.657      ;
; 0.506  ; Enable            ; TOP:inst6|inst2   ; Enable       ; CLK         ; 1.000        ; 2.540      ; 3.070      ;
; 0.514  ; Enable            ; TOP:inst6|inst1   ; Enable       ; CLK         ; 1.000        ; 2.540      ; 3.062      ;
; 0.614  ; Enable            ; TOP:inst6|inst3   ; Enable       ; CLK         ; 1.000        ; 2.540      ; 2.962      ;
; 0.661  ; Enable            ; TOP:inst6|inst    ; Enable       ; CLK         ; 1.000        ; 2.540      ; 2.915      ;
; 0.664  ; Enable            ; TOP-1:inst7|inst4 ; Enable       ; CLK         ; 1.000        ; 3.092      ; 3.464      ;
; 0.782  ; Enable            ; TOP-1:inst7|inst3 ; Enable       ; CLK         ; 1.000        ; 3.093      ; 3.347      ;
; 0.878  ; Enable            ; TOP:inst6|inst4   ; Enable       ; CLK         ; 1.000        ; 2.540      ; 2.698      ;
+--------+-------------------+-------------------+--------------+-------------+--------------+------------+------------+


+----------------------------------------------------------------------------------------------------------------------+
; Slow Model Hold: 'CLK'                                                                                               ;
+--------+-------------------+-------------------+--------------+-------------+--------------+------------+------------+
; Slack  ; From Node         ; To Node           ; Launch Clock ; Latch Clock ; Relationship ; Clock Skew ; Data Delay ;
+--------+-------------------+-------------------+--------------+-------------+--------------+------------+------------+
; -0.108 ; Enable            ; TOP:inst6|inst4   ; Enable       ; CLK         ; 0.000        ; 2.540      ; 2.698      ;
; -0.016 ; Enable            ; TOP-1:inst7|inst2 ; Enable       ; CLK         ; 0.000        ; 3.093      ; 3.343      ;
; -0.015 ; Enable            ; TOP-1:inst7|inst  ; Enable       ; CLK         ; 0.000        ; 3.093      ; 3.344      ;
; -0.012 ; Enable            ; TOP-1:inst7|inst3 ; Enable       ; CLK         ; 0.000        ; 3.093      ; 3.347      ;
; 0.080  ; Enable            ; TOP:inst6|inst1   ; Enable       ; CLK         ; 0.000        ; 2.540      ; 2.886      ;
; 0.106  ; Enable            ; TOP-1:inst7|inst4 ; Enable       ; CLK         ; 0.000        ; 3.092      ; 3.464      ;
; 0.109  ; Enable            ; TOP:inst6|inst    ; Enable       ; CLK         ; 0.000        ; 2.540      ; 2.915      ;
; 0.156  ; Enable            ; TOP:inst6|inst3   ; Enable       ; CLK         ; 0.000        ; 2.540      ; 2.962      ;
; 0.234  ; Enable            ; TOP-1:inst7|inst1 ; Enable       ; CLK         ; 0.000        ; 3.093      ; 3.593      ;
; 0.264  ; Enable            ; TOP:inst6|inst2   ; Enable       ; CLK         ; 0.000        ; 2.540      ; 3.070      ;
; 0.391  ; TOP:inst6|inst4   ; TOP:inst6|inst4   ; CLK          ; CLK         ; 0.000        ; 0.000      ; 0.657      ;
; 0.391  ; TOP:inst6|inst2   ; TOP:inst6|inst2   ; CLK          ; CLK         ; 0.000        ; 0.000      ; 0.657      ;
; 0.391  ; TOP:inst6|inst1   ; TOP:inst6|inst1   ; CLK          ; CLK         ; 0.000        ; 0.000      ; 0.657      ;
; 0.391  ; TOP:inst6|inst    ; TOP:inst6|inst    ; CLK          ; CLK         ; 0.000        ; 0.000      ; 0.657      ;
; 0.391  ; TOP-1:inst7|inst4 ; TOP-1:inst7|inst4 ; CLK          ; CLK         ; 0.000        ; 0.000      ; 0.657      ;
; 0.391  ; TOP-1:inst7|inst2 ; TOP-1:inst7|inst2 ; CLK          ; CLK         ; 0.000        ; 0.000      ; 0.657      ;
; 0.391  ; TOP-1:inst7|inst1 ; TOP-1:inst7|inst1 ; CLK          ; CLK         ; 0.000        ; 0.000      ; 0.657      ;
; 0.391  ; TOP-1:inst7|inst  ; TOP-1:inst7|inst  ; CLK          ; CLK         ; 0.000        ; 0.000      ; 0.657      ;
; 0.392  ; Enable            ; TOP:inst6|inst4   ; Enable       ; CLK         ; -0.500       ; 2.540      ; 2.698      ;
; 0.484  ; Enable            ; TOP-1:inst7|inst2 ; Enable       ; CLK         ; -0.500       ; 3.093      ; 3.343      ;
; 0.485  ; Enable            ; TOP-1:inst7|inst  ; Enable       ; CLK         ; -0.500       ; 3.093      ; 3.344      ;
; 0.488  ; Enable            ; TOP-1:inst7|inst3 ; Enable       ; CLK         ; -0.500       ; 3.093      ; 3.347      ;
; 0.580  ; Enable            ; TOP:inst6|inst1   ; Enable       ; CLK         ; -0.500       ; 2.540      ; 2.886      ;
; 0.606  ; Enable            ; TOP-1:inst7|inst4 ; Enable       ; CLK         ; -0.500       ; 3.092      ; 3.464      ;
; 0.609  ; Enable            ; TOP:inst6|inst    ; Enable       ; CLK         ; -0.500       ; 2.540      ; 2.915      ;
; 0.656  ; Enable            ; TOP:inst6|inst3   ; Enable       ; CLK         ; -0.500       ; 2.540      ; 2.962      ;
; 0.734  ; Enable            ; TOP-1:inst7|inst1 ; Enable       ; CLK         ; -0.500       ; 3.093      ; 3.593      ;
; 0.764  ; Enable            ; TOP:inst6|inst2   ; Enable       ; CLK         ; -0.500       ; 2.540      ; 3.070      ;
; 1.070  ; TOP-1:inst7|inst1 ; TOP-1:inst7|inst  ; CLK          ; CLK         ; 0.000        ; 0.000      ; 1.336      ;
; 1.071  ; TOP-1:inst7|inst2 ; TOP-1:inst7|inst1 ; CLK          ; CLK         ; 0.000        ; 0.000      ; 1.337      ;
; 1.226  ; TOP-1:inst7|inst3 ; TOP-1:inst7|inst2 ; CLK          ; CLK         ; 0.000        ; 0.000      ; 1.492      ;
; 1.247  ; TOP-1:inst7|inst4 ; TOP-1:inst7|inst3 ; CLK          ; CLK         ; 0.000        ; 0.001      ; 1.514      ;
; 1.349  ; TOP:inst6|inst4   ; TOP:inst6|inst1   ; CLK          ; CLK         ; 0.000        ; 0.000      ; 1.615      ;
; 1.350  ; TOP:inst6|inst3   ; TOP:inst6|inst    ; CLK          ; CLK         ; 0.000        ; 0.000      ; 1.616      ;
; 1.356  ; TOP-1:inst7|inst4 ; TOP-1:inst7|inst2 ; CLK          ; CLK         ; 0.000        ; 0.001      ; 1.623      ;
; 1.358  ; TOP-1:inst7|inst3 ; TOP-1:inst7|inst1 ; CLK          ; CLK         ; 0.000        ; 0.000      ; 1.624      ;
; 1.365  ; TOP-1:inst7|inst3 ; TOP-1:inst7|inst  ; CLK          ; CLK         ; 0.000        ; 0.000      ; 1.631      ;
; 1.393  ; TOP-1:inst7|inst3 ; TOP-1:inst7|inst3 ; CLK          ; CLK         ; 0.000        ; 0.000      ; 1.659      ;
; 1.395  ; TOP:inst6|inst3   ; TOP:inst6|inst1   ; CLK          ; CLK         ; 0.000        ; 0.000      ; 1.661      ;
; 1.419  ; TOP:inst6|inst2   ; TOP:inst6|inst1   ; CLK          ; CLK         ; 0.000        ; 0.000      ; 1.685      ;
; 1.423  ; TOP-1:inst7|inst2 ; TOP-1:inst7|inst  ; CLK          ; CLK         ; 0.000        ; 0.000      ; 1.689      ;
; 1.434  ; TOP:inst6|inst4   ; TOP:inst6|inst3   ; CLK          ; CLK         ; 0.000        ; 0.000      ; 1.700      ;
; 1.487  ; TOP-1:inst7|inst4 ; TOP-1:inst7|inst1 ; CLK          ; CLK         ; 0.000        ; 0.001      ; 1.754      ;
; 1.493  ; TOP:inst6|inst4   ; TOP:inst6|inst    ; CLK          ; CLK         ; 0.000        ; 0.000      ; 1.759      ;
; 1.494  ; TOP-1:inst7|inst4 ; TOP-1:inst7|inst  ; CLK          ; CLK         ; 0.000        ; 0.001      ; 1.761      ;
; 1.542  ; TOP:inst6|inst4   ; TOP:inst6|inst2   ; CLK          ; CLK         ; 0.000        ; 0.000      ; 1.808      ;
; 1.555  ; TOP:inst6|inst1   ; TOP:inst6|inst    ; CLK          ; CLK         ; 0.000        ; 0.000      ; 1.821      ;
; 1.561  ; TOP:inst6|inst3   ; TOP:inst6|inst3   ; CLK          ; CLK         ; 0.000        ; 0.000      ; 1.827      ;
; 1.610  ; TOP:inst6|inst2   ; TOP:inst6|inst    ; CLK          ; CLK         ; 0.000        ; 0.000      ; 1.876      ;
; 1.641  ; TOP:inst6|inst3   ; TOP:inst6|inst2   ; CLK          ; CLK         ; 0.000        ; 0.000      ; 1.907      ;
+--------+-------------------+-------------------+--------------+-------------+--------------+------------+------------+


+-----------------------------------------------------------------------------------------------------------------------------------------------+
; Slow Model Minimum Pulse Width: 'Enable'                                                                                                      ;
+--------+--------------+----------------+------------------+--------+------------+-------------------------------------------------------------+
; Slack  ; Actual Width ; Required Width ; Type             ; Clock  ; Clock Edge ; Target                                                      ;
+--------+--------------+----------------+------------------+--------+------------+-------------------------------------------------------------+
; -4.404 ; -3.404       ; 1.000          ; High Pulse Width ; Enable ; Rise       ; ram:inst|4x32ram:inst2|4x4ram:inst5|memory_cell:inst7|inst  ;
; -4.404 ; -3.404       ; 1.000          ; Low Pulse Width  ; Enable ; Rise       ; ram:inst|4x32ram:inst2|4x4ram:inst5|memory_cell:inst7|inst  ;
; -4.327 ; -3.327       ; 1.000          ; High Pulse Width ; Enable ; Rise       ; ram:inst|4x32ram:inst|4x4ram:inst4|memory_cell:inst7|inst   ;
; -4.327 ; -3.327       ; 1.000          ; Low Pulse Width  ; Enable ; Rise       ; ram:inst|4x32ram:inst|4x4ram:inst4|memory_cell:inst7|inst   ;
; -4.193 ; -3.193       ; 1.000          ; High Pulse Width ; Enable ; Rise       ; ram:inst|4x32ram:inst6|4x4ram:inst1|memory_cell:inst16|inst ;
; -4.193 ; -3.193       ; 1.000          ; Low Pulse Width  ; Enable ; Rise       ; ram:inst|4x32ram:inst6|4x4ram:inst1|memory_cell:inst16|inst ;
; -4.151 ; -3.151       ; 1.000          ; High Pulse Width ; Enable ; Rise       ; ram:inst|4x32ram:inst4|4x4ram:inst6|memory_cell:inst7|inst  ;
; -4.151 ; -3.151       ; 1.000          ; Low Pulse Width  ; Enable ; Rise       ; ram:inst|4x32ram:inst4|4x4ram:inst6|memory_cell:inst7|inst  ;
; -4.136 ; -3.136       ; 1.000          ; High Pulse Width ; Enable ; Rise       ; ram:inst|4x32ram:inst6|4x4ram:inst8|memory_cell:inst16|inst ;
; -4.136 ; -3.136       ; 1.000          ; Low Pulse Width  ; Enable ; Rise       ; ram:inst|4x32ram:inst6|4x4ram:inst8|memory_cell:inst16|inst ;
; -4.129 ; -3.129       ; 1.000          ; High Pulse Width ; Enable ; Rise       ; ram:inst|4x32ram:inst2|4x4ram:inst3|memory_cell:inst7|inst  ;
; -4.129 ; -3.129       ; 1.000          ; Low Pulse Width  ; Enable ; Rise       ; ram:inst|4x32ram:inst2|4x4ram:inst3|memory_cell:inst7|inst  ;
; -4.100 ; -3.100       ; 1.000          ; High Pulse Width ; Enable ; Rise       ; ram:inst|4x32ram:inst2|4x4ram:inst1|memory_cell:inst8|inst  ;
; -4.100 ; -3.100       ; 1.000          ; Low Pulse Width  ; Enable ; Rise       ; ram:inst|4x32ram:inst2|4x4ram:inst1|memory_cell:inst8|inst  ;
; -4.088 ; -3.088       ; 1.000          ; High Pulse Width ; Enable ; Rise       ; ram:inst|4x32ram:inst6|4x4ram:inst4|memory_cell:inst8|inst  ;
; -4.088 ; -3.088       ; 1.000          ; Low Pulse Width  ; Enable ; Rise       ; ram:inst|4x32ram:inst6|4x4ram:inst4|memory_cell:inst8|inst  ;
; -4.087 ; -3.087       ; 1.000          ; High Pulse Width ; Enable ; Rise       ; ram:inst|4x32ram:inst2|4x4ram:inst1|memory_cell:inst7|inst  ;
; -4.087 ; -3.087       ; 1.000          ; Low Pulse Width  ; Enable ; Rise       ; ram:inst|4x32ram:inst2|4x4ram:inst1|memory_cell:inst7|inst  ;
; -4.086 ; -3.086       ; 1.000          ; High Pulse Width ; Enable ; Rise       ; ram:inst|4x32ram:inst6|4x4ram:inst7|memory_cell:inst15|inst ;
; -4.086 ; -3.086       ; 1.000          ; Low Pulse Width  ; Enable ; Rise       ; ram:inst|4x32ram:inst6|4x4ram:inst7|memory_cell:inst15|inst ;
; -4.083 ; -3.083       ; 1.000          ; High Pulse Width ; Enable ; Rise       ; ram:inst|4x32ram:inst|4x4ram:inst|memory_cell:inst7|inst    ;
; -4.083 ; -3.083       ; 1.000          ; Low Pulse Width  ; Enable ; Rise       ; ram:inst|4x32ram:inst|4x4ram:inst|memory_cell:inst7|inst    ;
; -4.078 ; -3.078       ; 1.000          ; High Pulse Width ; Enable ; Rise       ; ram:inst|4x32ram:inst2|4x4ram:inst5|memory_cell:inst16|inst ;
; -4.078 ; -3.078       ; 1.000          ; Low Pulse Width  ; Enable ; Rise       ; ram:inst|4x32ram:inst2|4x4ram:inst5|memory_cell:inst16|inst ;
; -4.078 ; -3.078       ; 1.000          ; High Pulse Width ; Enable ; Rise       ; ram:inst|4x32ram:inst6|4x4ram:inst6|memory_cell:inst7|inst  ;
; -4.078 ; -3.078       ; 1.000          ; Low Pulse Width  ; Enable ; Rise       ; ram:inst|4x32ram:inst6|4x4ram:inst6|memory_cell:inst7|inst  ;
; -4.075 ; -3.075       ; 1.000          ; High Pulse Width ; Enable ; Rise       ; ram:inst|4x32ram:inst4|4x4ram:inst4|memory_cell:inst7|inst  ;
; -4.075 ; -3.075       ; 1.000          ; Low Pulse Width  ; Enable ; Rise       ; ram:inst|4x32ram:inst4|4x4ram:inst4|memory_cell:inst7|inst  ;
; -4.051 ; -3.051       ; 1.000          ; High Pulse Width ; Enable ; Rise       ; ram:inst|4x32ram:inst2|4x4ram:inst6|memory_cell:inst7|inst  ;
; -4.051 ; -3.051       ; 1.000          ; Low Pulse Width  ; Enable ; Rise       ; ram:inst|4x32ram:inst2|4x4ram:inst6|memory_cell:inst7|inst  ;
; -4.036 ; -3.036       ; 1.000          ; High Pulse Width ; Enable ; Rise       ; ram:inst|4x32ram:inst6|4x4ram:inst8|memory_cell:inst15|inst ;
; -4.036 ; -3.036       ; 1.000          ; Low Pulse Width  ; Enable ; Rise       ; ram:inst|4x32ram:inst6|4x4ram:inst8|memory_cell:inst15|inst ;
; -4.021 ; -3.021       ; 1.000          ; High Pulse Width ; Enable ; Rise       ; ram:inst|4x32ram:inst2|4x4ram:inst1|memory_cell:inst15|inst ;
; -4.021 ; -3.021       ; 1.000          ; Low Pulse Width  ; Enable ; Rise       ; ram:inst|4x32ram:inst2|4x4ram:inst1|memory_cell:inst15|inst ;
; -4.008 ; -3.008       ; 1.000          ; High Pulse Width ; Enable ; Rise       ; ram:inst|4x32ram:inst4|4x4ram:inst|memory_cell:inst7|inst   ;
; -4.008 ; -3.008       ; 1.000          ; Low Pulse Width  ; Enable ; Rise       ; ram:inst|4x32ram:inst4|4x4ram:inst|memory_cell:inst7|inst   ;
; -3.982 ; -2.982       ; 1.000          ; High Pulse Width ; Enable ; Rise       ; ram:inst|4x32ram:inst2|4x4ram:inst3|memory_cell:inst16|inst ;
; -3.982 ; -2.982       ; 1.000          ; Low Pulse Width  ; Enable ; Rise       ; ram:inst|4x32ram:inst2|4x4ram:inst3|memory_cell:inst16|inst ;
; -3.976 ; -2.976       ; 1.000          ; High Pulse Width ; Enable ; Rise       ; ram:inst|4x32ram:inst6|4x4ram:inst1|memory_cell:inst7|inst  ;
; -3.976 ; -2.976       ; 1.000          ; Low Pulse Width  ; Enable ; Rise       ; ram:inst|4x32ram:inst6|4x4ram:inst1|memory_cell:inst7|inst  ;
; -3.974 ; -2.974       ; 1.000          ; High Pulse Width ; Enable ; Rise       ; ram:inst|4x32ram:inst6|4x4ram:inst5|memory_cell:inst8|inst  ;
; -3.974 ; -2.974       ; 1.000          ; Low Pulse Width  ; Enable ; Rise       ; ram:inst|4x32ram:inst6|4x4ram:inst5|memory_cell:inst8|inst  ;
; -3.963 ; -2.963       ; 1.000          ; High Pulse Width ; Enable ; Rise       ; ram:inst|4x32ram:inst2|4x4ram:inst4|memory_cell:inst15|inst ;
; -3.963 ; -2.963       ; 1.000          ; Low Pulse Width  ; Enable ; Rise       ; ram:inst|4x32ram:inst2|4x4ram:inst4|memory_cell:inst15|inst ;
; -3.958 ; -2.958       ; 1.000          ; High Pulse Width ; Enable ; Rise       ; ram:inst|4x32ram:inst6|4x4ram:inst7|memory_cell:inst8|inst  ;
; -3.958 ; -2.958       ; 1.000          ; Low Pulse Width  ; Enable ; Rise       ; ram:inst|4x32ram:inst6|4x4ram:inst7|memory_cell:inst8|inst  ;
; -3.957 ; -2.957       ; 1.000          ; High Pulse Width ; Enable ; Rise       ; ram:inst|4x32ram:inst4|4x4ram:inst7|memory_cell:inst16|inst ;
; -3.957 ; -2.957       ; 1.000          ; Low Pulse Width  ; Enable ; Rise       ; ram:inst|4x32ram:inst4|4x4ram:inst7|memory_cell:inst16|inst ;
; -3.952 ; -2.952       ; 1.000          ; High Pulse Width ; Enable ; Rise       ; ram:inst|4x32ram:inst6|4x4ram:inst3|memory_cell:inst12|inst ;
; -3.952 ; -2.952       ; 1.000          ; Low Pulse Width  ; Enable ; Rise       ; ram:inst|4x32ram:inst6|4x4ram:inst3|memory_cell:inst12|inst ;
; -3.938 ; -2.938       ; 1.000          ; High Pulse Width ; Enable ; Rise       ; ram:inst|4x32ram:inst2|4x4ram:inst3|memory_cell:inst15|inst ;
; -3.938 ; -2.938       ; 1.000          ; Low Pulse Width  ; Enable ; Rise       ; ram:inst|4x32ram:inst2|4x4ram:inst3|memory_cell:inst15|inst ;
; -3.935 ; -2.935       ; 1.000          ; High Pulse Width ; Enable ; Rise       ; ram:inst|4x32ram:inst6|4x4ram:inst4|memory_cell:inst15|inst ;
; -3.935 ; -2.935       ; 1.000          ; Low Pulse Width  ; Enable ; Rise       ; ram:inst|4x32ram:inst6|4x4ram:inst4|memory_cell:inst15|inst ;
; -3.933 ; -2.933       ; 1.000          ; High Pulse Width ; Enable ; Rise       ; ram:inst|4x32ram:inst2|4x4ram:inst5|memory_cell:inst8|inst  ;
; -3.933 ; -2.933       ; 1.000          ; Low Pulse Width  ; Enable ; Rise       ; ram:inst|4x32ram:inst2|4x4ram:inst5|memory_cell:inst8|inst  ;
; -3.930 ; -2.930       ; 1.000          ; High Pulse Width ; Enable ; Rise       ; ram:inst|4x32ram:inst4|4x4ram:inst1|memory_cell:inst15|inst ;
; -3.930 ; -2.930       ; 1.000          ; Low Pulse Width  ; Enable ; Rise       ; ram:inst|4x32ram:inst4|4x4ram:inst1|memory_cell:inst15|inst ;
; -3.929 ; -2.929       ; 1.000          ; High Pulse Width ; Enable ; Rise       ; ram:inst|4x32ram:inst2|4x4ram:inst7|memory_cell:inst15|inst ;
; -3.929 ; -2.929       ; 1.000          ; Low Pulse Width  ; Enable ; Rise       ; ram:inst|4x32ram:inst2|4x4ram:inst7|memory_cell:inst15|inst ;
; -3.925 ; -2.925       ; 1.000          ; High Pulse Width ; Enable ; Rise       ; ram:inst|4x32ram:inst|4x4ram:inst5|memory_cell:inst15|inst  ;
; -3.925 ; -2.925       ; 1.000          ; Low Pulse Width  ; Enable ; Rise       ; ram:inst|4x32ram:inst|4x4ram:inst5|memory_cell:inst15|inst  ;
; -3.924 ; -2.924       ; 1.000          ; High Pulse Width ; Enable ; Rise       ; ram:inst|4x32ram:inst|4x4ram:inst3|memory_cell:inst15|inst  ;
; -3.924 ; -2.924       ; 1.000          ; Low Pulse Width  ; Enable ; Rise       ; ram:inst|4x32ram:inst|4x4ram:inst3|memory_cell:inst15|inst  ;
; -3.922 ; -2.922       ; 1.000          ; High Pulse Width ; Enable ; Rise       ; ram:inst|4x32ram:inst|4x4ram:inst5|memory_cell:inst8|inst   ;
; -3.922 ; -2.922       ; 1.000          ; Low Pulse Width  ; Enable ; Rise       ; ram:inst|4x32ram:inst|4x4ram:inst5|memory_cell:inst8|inst   ;
; -3.917 ; -2.917       ; 1.000          ; High Pulse Width ; Enable ; Rise       ; ram:inst|4x32ram:inst2|4x4ram:inst6|memory_cell:inst15|inst ;
; -3.917 ; -2.917       ; 1.000          ; Low Pulse Width  ; Enable ; Rise       ; ram:inst|4x32ram:inst2|4x4ram:inst6|memory_cell:inst15|inst ;
; -3.916 ; -2.916       ; 1.000          ; High Pulse Width ; Enable ; Rise       ; ram:inst|4x32ram:inst|4x4ram:inst7|memory_cell:inst15|inst  ;
; -3.916 ; -2.916       ; 1.000          ; Low Pulse Width  ; Enable ; Rise       ; ram:inst|4x32ram:inst|4x4ram:inst7|memory_cell:inst15|inst  ;
; -3.910 ; -2.910       ; 1.000          ; High Pulse Width ; Enable ; Rise       ; ram:inst|4x32ram:inst4|4x4ram:inst3|memory_cell:inst8|inst  ;
; -3.910 ; -2.910       ; 1.000          ; Low Pulse Width  ; Enable ; Rise       ; ram:inst|4x32ram:inst4|4x4ram:inst3|memory_cell:inst8|inst  ;
; -3.908 ; -2.908       ; 1.000          ; High Pulse Width ; Enable ; Rise       ; ram:inst|4x32ram:inst2|4x4ram:inst8|memory_cell:inst8|inst  ;
; -3.908 ; -2.908       ; 1.000          ; Low Pulse Width  ; Enable ; Rise       ; ram:inst|4x32ram:inst2|4x4ram:inst8|memory_cell:inst8|inst  ;
; -3.902 ; -2.902       ; 1.000          ; High Pulse Width ; Enable ; Rise       ; ram:inst|4x32ram:inst2|4x4ram:inst4|memory_cell:inst12|inst ;
; -3.902 ; -2.902       ; 1.000          ; Low Pulse Width  ; Enable ; Rise       ; ram:inst|4x32ram:inst2|4x4ram:inst4|memory_cell:inst12|inst ;
; -3.901 ; -2.901       ; 1.000          ; High Pulse Width ; Enable ; Rise       ; ram:inst|4x32ram:inst4|4x4ram:inst1|memory_cell:inst7|inst  ;
; -3.901 ; -2.901       ; 1.000          ; Low Pulse Width  ; Enable ; Rise       ; ram:inst|4x32ram:inst4|4x4ram:inst1|memory_cell:inst7|inst  ;
; -3.890 ; -2.890       ; 1.000          ; High Pulse Width ; Enable ; Rise       ; ram:inst|4x32ram:inst6|4x4ram:inst5|memory_cell:inst15|inst ;
; -3.890 ; -2.890       ; 1.000          ; Low Pulse Width  ; Enable ; Rise       ; ram:inst|4x32ram:inst6|4x4ram:inst5|memory_cell:inst15|inst ;
; -3.882 ; -2.882       ; 1.000          ; High Pulse Width ; Enable ; Rise       ; ram:inst|4x32ram:inst2|4x4ram:inst1|memory_cell:inst16|inst ;
; -3.882 ; -2.882       ; 1.000          ; Low Pulse Width  ; Enable ; Rise       ; ram:inst|4x32ram:inst2|4x4ram:inst1|memory_cell:inst16|inst ;
; -3.873 ; -2.873       ; 1.000          ; High Pulse Width ; Enable ; Rise       ; ram:inst|4x32ram:inst6|4x4ram:inst5|memory_cell:inst7|inst  ;
; -3.873 ; -2.873       ; 1.000          ; Low Pulse Width  ; Enable ; Rise       ; ram:inst|4x32ram:inst6|4x4ram:inst5|memory_cell:inst7|inst  ;
; -3.869 ; -2.869       ; 1.000          ; High Pulse Width ; Enable ; Rise       ; ram:inst|4x32ram:inst4|4x4ram:inst8|memory_cell:inst8|inst  ;
; -3.869 ; -2.869       ; 1.000          ; Low Pulse Width  ; Enable ; Rise       ; ram:inst|4x32ram:inst4|4x4ram:inst8|memory_cell:inst8|inst  ;
; -3.868 ; -2.868       ; 1.000          ; High Pulse Width ; Enable ; Rise       ; ram:inst|4x32ram:inst6|4x4ram:inst3|memory_cell:inst15|inst ;
; -3.868 ; -2.868       ; 1.000          ; Low Pulse Width  ; Enable ; Rise       ; ram:inst|4x32ram:inst6|4x4ram:inst3|memory_cell:inst15|inst ;
; -3.867 ; -2.867       ; 1.000          ; High Pulse Width ; Enable ; Rise       ; ram:inst|4x32ram:inst2|4x4ram:inst|memory_cell:inst8|inst   ;
; -3.867 ; -2.867       ; 1.000          ; Low Pulse Width  ; Enable ; Rise       ; ram:inst|4x32ram:inst2|4x4ram:inst|memory_cell:inst8|inst   ;
; -3.865 ; -2.865       ; 1.000          ; High Pulse Width ; Enable ; Rise       ; ram:inst|4x32ram:inst4|4x4ram:inst6|memory_cell:inst15|inst ;
; -3.865 ; -2.865       ; 1.000          ; Low Pulse Width  ; Enable ; Rise       ; ram:inst|4x32ram:inst4|4x4ram:inst6|memory_cell:inst15|inst ;
; -3.863 ; -2.863       ; 1.000          ; High Pulse Width ; Enable ; Rise       ; ram:inst|4x32ram:inst2|4x4ram:inst6|memory_cell:inst11|inst ;
; -3.863 ; -2.863       ; 1.000          ; Low Pulse Width  ; Enable ; Rise       ; ram:inst|4x32ram:inst2|4x4ram:inst6|memory_cell:inst11|inst ;
; -3.863 ; -2.863       ; 1.000          ; High Pulse Width ; Enable ; Rise       ; ram:inst|4x32ram:inst4|4x4ram:inst3|memory_cell:inst15|inst ;
; -3.863 ; -2.863       ; 1.000          ; Low Pulse Width  ; Enable ; Rise       ; ram:inst|4x32ram:inst4|4x4ram:inst3|memory_cell:inst15|inst ;
; -3.862 ; -2.862       ; 1.000          ; High Pulse Width ; Enable ; Rise       ; ram:inst|4x32ram:inst2|4x4ram:inst5|memory_cell:inst15|inst ;
; -3.862 ; -2.862       ; 1.000          ; Low Pulse Width  ; Enable ; Rise       ; ram:inst|4x32ram:inst2|4x4ram:inst5|memory_cell:inst15|inst ;
; -3.858 ; -2.858       ; 1.000          ; High Pulse Width ; Enable ; Rise       ; ram:inst|4x32ram:inst4|4x4ram:inst1|memory_cell:inst16|inst ;
; -3.858 ; -2.858       ; 1.000          ; Low Pulse Width  ; Enable ; Rise       ; ram:inst|4x32ram:inst4|4x4ram:inst1|memory_cell:inst16|inst ;
+--------+--------------+----------------+------------------+--------+------------+-------------------------------------------------------------+


+----------------------------------------------------------------------------------------------------+
; Slow Model Minimum Pulse Width: 'CLK'                                                              ;
+--------+--------------+----------------+------------------+-------+------------+-------------------+
; Slack  ; Actual Width ; Required Width ; Type             ; Clock ; Clock Edge ; Target            ;
+--------+--------------+----------------+------------------+-------+------------+-------------------+
; -1.222 ; 1.000        ; 2.222          ; Port Rate        ; CLK   ; Rise       ; CLK               ;
; -0.500 ; 0.500        ; 1.000          ; High Pulse Width ; CLK   ; Rise       ; TOP-1:inst7|inst  ;
; -0.500 ; 0.500        ; 1.000          ; Low Pulse Width  ; CLK   ; Rise       ; TOP-1:inst7|inst  ;
; -0.500 ; 0.500        ; 1.000          ; High Pulse Width ; CLK   ; Rise       ; TOP-1:inst7|inst1 ;
; -0.500 ; 0.500        ; 1.000          ; Low Pulse Width  ; CLK   ; Rise       ; TOP-1:inst7|inst1 ;
; -0.500 ; 0.500        ; 1.000          ; High Pulse Width ; CLK   ; Rise       ; TOP-1:inst7|inst2 ;
; -0.500 ; 0.500        ; 1.000          ; Low Pulse Width  ; CLK   ; Rise       ; TOP-1:inst7|inst2 ;
; -0.500 ; 0.500        ; 1.000          ; High Pulse Width ; CLK   ; Rise       ; TOP-1:inst7|inst3 ;
; -0.500 ; 0.500        ; 1.000          ; Low Pulse Width  ; CLK   ; Rise       ; TOP-1:inst7|inst3 ;
; -0.500 ; 0.500        ; 1.000          ; High Pulse Width ; CLK   ; Rise       ; TOP-1:inst7|inst4 ;
; -0.500 ; 0.500        ; 1.000          ; Low Pulse Width  ; CLK   ; Rise       ; TOP-1:inst7|inst4 ;
; -0.500 ; 0.500        ; 1.000          ; High Pulse Width ; CLK   ; Rise       ; TOP:inst6|inst    ;
; -0.500 ; 0.500        ; 1.000          ; Low Pulse Width  ; CLK   ; Rise       ; TOP:inst6|inst    ;
; -0.500 ; 0.500        ; 1.000          ; High Pulse Width ; CLK   ; Rise       ; TOP:inst6|inst1   ;
; -0.500 ; 0.500        ; 1.000          ; Low Pulse Width  ; CLK   ; Rise       ; TOP:inst6|inst1   ;
; -0.500 ; 0.500        ; 1.000          ; High Pulse Width ; CLK   ; Rise       ; TOP:inst6|inst2   ;
; -0.500 ; 0.500        ; 1.000          ; Low Pulse Width  ; CLK   ; Rise       ; TOP:inst6|inst2   ;
; -0.500 ; 0.500        ; 1.000          ; High Pulse Width ; CLK   ; Rise       ; TOP:inst6|inst3   ;
; -0.500 ; 0.500        ; 1.000          ; Low Pulse Width  ; CLK   ; Rise       ; TOP:inst6|inst3   ;
; -0.500 ; 0.500        ; 1.000          ; High Pulse Width ; CLK   ; Rise       ; TOP:inst6|inst4   ;
; -0.500 ; 0.500        ; 1.000          ; Low Pulse Width  ; CLK   ; Rise       ; TOP:inst6|inst4   ;
; 0.500  ; 0.500        ; 0.000          ; High Pulse Width ; CLK   ; Rise       ; CLK|combout       ;
; 0.500  ; 0.500        ; 0.000          ; Low Pulse Width  ; CLK   ; Rise       ; CLK|combout       ;
; 0.500  ; 0.500        ; 0.000          ; High Pulse Width ; CLK   ; Rise       ; inst6|inst1|clk   ;
; 0.500  ; 0.500        ; 0.000          ; Low Pulse Width  ; CLK   ; Rise       ; inst6|inst1|clk   ;
; 0.500  ; 0.500        ; 0.000          ; High Pulse Width ; CLK   ; Rise       ; inst6|inst2|clk   ;
; 0.500  ; 0.500        ; 0.000          ; Low Pulse Width  ; CLK   ; Rise       ; inst6|inst2|clk   ;
; 0.500  ; 0.500        ; 0.000          ; High Pulse Width ; CLK   ; Rise       ; inst6|inst3|clk   ;
; 0.500  ; 0.500        ; 0.000          ; Low Pulse Width  ; CLK   ; Rise       ; inst6|inst3|clk   ;
; 0.500  ; 0.500        ; 0.000          ; High Pulse Width ; CLK   ; Rise       ; inst6|inst4|clk   ;
; 0.500  ; 0.500        ; 0.000          ; Low Pulse Width  ; CLK   ; Rise       ; inst6|inst4|clk   ;
; 0.500  ; 0.500        ; 0.000          ; High Pulse Width ; CLK   ; Rise       ; inst6|inst|clk    ;
; 0.500  ; 0.500        ; 0.000          ; Low Pulse Width  ; CLK   ; Rise       ; inst6|inst|clk    ;
; 0.500  ; 0.500        ; 0.000          ; High Pulse Width ; CLK   ; Rise       ; inst7|inst1|clk   ;
; 0.500  ; 0.500        ; 0.000          ; Low Pulse Width  ; CLK   ; Rise       ; inst7|inst1|clk   ;
; 0.500  ; 0.500        ; 0.000          ; High Pulse Width ; CLK   ; Rise       ; inst7|inst2|clk   ;
; 0.500  ; 0.500        ; 0.000          ; Low Pulse Width  ; CLK   ; Rise       ; inst7|inst2|clk   ;
; 0.500  ; 0.500        ; 0.000          ; High Pulse Width ; CLK   ; Rise       ; inst7|inst3|clk   ;
; 0.500  ; 0.500        ; 0.000          ; Low Pulse Width  ; CLK   ; Rise       ; inst7|inst3|clk   ;
; 0.500  ; 0.500        ; 0.000          ; High Pulse Width ; CLK   ; Rise       ; inst7|inst4|clk   ;
; 0.500  ; 0.500        ; 0.000          ; Low Pulse Width  ; CLK   ; Rise       ; inst7|inst4|clk   ;
; 0.500  ; 0.500        ; 0.000          ; High Pulse Width ; CLK   ; Rise       ; inst7|inst|clk    ;
; 0.500  ; 0.500        ; 0.000          ; Low Pulse Width  ; CLK   ; Rise       ; inst7|inst|clk    ;
+--------+--------------+----------------+------------------+-------+------------+-------------------+


+-----------------------------------------------------------------------+
; Setup Times                                                           ;
+-----------+------------+-------+-------+------------+-----------------+
; Data Port ; Clock Port ; Rise  ; Fall  ; Clock Edge ; Clock Reference ;
+-----------+------------+-------+-------+------------+-----------------+
; Enable    ; CLK        ; 1.032 ; 1.032 ; Rise       ; CLK             ;
; Push/Pop  ; CLK        ; 1.217 ; 1.217 ; Rise       ; CLK             ;
; IO[*]     ; Enable     ; 4.514 ; 4.514 ; Rise       ; Enable          ;
;  IO[0]    ; Enable     ; 2.328 ; 2.328 ; Rise       ; Enable          ;
;  IO[1]    ; Enable     ; 3.304 ; 3.304 ; Rise       ; Enable          ;
;  IO[2]    ; Enable     ; 3.227 ; 3.227 ; Rise       ; Enable          ;
;  IO[3]    ; Enable     ; 2.817 ; 2.817 ; Rise       ; Enable          ;
;  IO[4]    ; Enable     ; 2.135 ; 2.135 ; Rise       ; Enable          ;
;  IO[5]    ; Enable     ; 2.839 ; 2.839 ; Rise       ; Enable          ;
;  IO[6]    ; Enable     ; 2.875 ; 2.875 ; Rise       ; Enable          ;
;  IO[7]    ; Enable     ; 2.833 ; 2.833 ; Rise       ; Enable          ;
;  IO[8]    ; Enable     ; 4.514 ; 4.514 ; Rise       ; Enable          ;
;  IO[9]    ; Enable     ; 3.014 ; 3.014 ; Rise       ; Enable          ;
;  IO[10]   ; Enable     ; 3.830 ; 3.830 ; Rise       ; Enable          ;
;  IO[11]   ; Enable     ; 2.705 ; 2.705 ; Rise       ; Enable          ;
;  IO[12]   ; Enable     ; 3.727 ; 3.727 ; Rise       ; Enable          ;
;  IO[13]   ; Enable     ; 3.627 ; 3.627 ; Rise       ; Enable          ;
;  IO[14]   ; Enable     ; 3.191 ; 3.191 ; Rise       ; Enable          ;
;  IO[15]   ; Enable     ; 3.545 ; 3.545 ; Rise       ; Enable          ;
;  IO[16]   ; Enable     ; 2.465 ; 2.465 ; Rise       ; Enable          ;
;  IO[17]   ; Enable     ; 3.067 ; 3.067 ; Rise       ; Enable          ;
;  IO[18]   ; Enable     ; 3.873 ; 3.873 ; Rise       ; Enable          ;
;  IO[19]   ; Enable     ; 2.934 ; 2.934 ; Rise       ; Enable          ;
;  IO[20]   ; Enable     ; 2.571 ; 2.571 ; Rise       ; Enable          ;
;  IO[21]   ; Enable     ; 2.811 ; 2.811 ; Rise       ; Enable          ;
;  IO[22]   ; Enable     ; 3.375 ; 3.375 ; Rise       ; Enable          ;
;  IO[23]   ; Enable     ; 2.621 ; 2.621 ; Rise       ; Enable          ;
;  IO[24]   ; Enable     ; 3.472 ; 3.472 ; Rise       ; Enable          ;
;  IO[25]   ; Enable     ; 3.489 ; 3.489 ; Rise       ; Enable          ;
;  IO[26]   ; Enable     ; 3.364 ; 3.364 ; Rise       ; Enable          ;
;  IO[27]   ; Enable     ; 2.843 ; 2.843 ; Rise       ; Enable          ;
;  IO[28]   ; Enable     ; 3.719 ; 3.719 ; Rise       ; Enable          ;
;  IO[29]   ; Enable     ; 3.407 ; 3.407 ; Rise       ; Enable          ;
;  IO[30]   ; Enable     ; 3.359 ; 3.359 ; Rise       ; Enable          ;
;  IO[31]   ; Enable     ; 3.832 ; 3.832 ; Rise       ; Enable          ;
; IO[*]     ; Enable     ; 3.782 ; 3.782 ; Fall       ; Enable          ;
;  IO[0]    ; Enable     ; 1.729 ; 1.729 ; Fall       ; Enable          ;
;  IO[1]    ; Enable     ; 2.013 ; 2.013 ; Fall       ; Enable          ;
;  IO[2]    ; Enable     ; 2.167 ; 2.167 ; Fall       ; Enable          ;
;  IO[3]    ; Enable     ; 1.964 ; 1.964 ; Fall       ; Enable          ;
;  IO[4]    ; Enable     ; 1.588 ; 1.588 ; Fall       ; Enable          ;
;  IO[5]    ; Enable     ; 1.690 ; 1.690 ; Fall       ; Enable          ;
;  IO[6]    ; Enable     ; 2.096 ; 2.096 ; Fall       ; Enable          ;
;  IO[7]    ; Enable     ; 2.379 ; 2.379 ; Fall       ; Enable          ;
;  IO[8]    ; Enable     ; 3.782 ; 3.782 ; Fall       ; Enable          ;
;  IO[9]    ; Enable     ; 2.035 ; 2.035 ; Fall       ; Enable          ;
;  IO[10]   ; Enable     ; 2.914 ; 2.914 ; Fall       ; Enable          ;
;  IO[11]   ; Enable     ; 1.986 ; 1.986 ; Fall       ; Enable          ;
;  IO[12]   ; Enable     ; 2.840 ; 2.840 ; Fall       ; Enable          ;
;  IO[13]   ; Enable     ; 2.750 ; 2.750 ; Fall       ; Enable          ;
;  IO[14]   ; Enable     ; 1.886 ; 1.886 ; Fall       ; Enable          ;
;  IO[15]   ; Enable     ; 2.856 ; 2.856 ; Fall       ; Enable          ;
;  IO[16]   ; Enable     ; 1.495 ; 1.495 ; Fall       ; Enable          ;
;  IO[17]   ; Enable     ; 2.213 ; 2.213 ; Fall       ; Enable          ;
;  IO[18]   ; Enable     ; 2.935 ; 2.935 ; Fall       ; Enable          ;
;  IO[19]   ; Enable     ; 2.028 ; 2.028 ; Fall       ; Enable          ;
;  IO[20]   ; Enable     ; 2.287 ; 2.287 ; Fall       ; Enable          ;
;  IO[21]   ; Enable     ; 2.030 ; 2.030 ; Fall       ; Enable          ;
;  IO[22]   ; Enable     ; 2.542 ; 2.542 ; Fall       ; Enable          ;
;  IO[23]   ; Enable     ; 1.752 ; 1.752 ; Fall       ; Enable          ;
;  IO[24]   ; Enable     ; 2.594 ; 2.594 ; Fall       ; Enable          ;
;  IO[25]   ; Enable     ; 2.870 ; 2.870 ; Fall       ; Enable          ;
;  IO[26]   ; Enable     ; 2.511 ; 2.511 ; Fall       ; Enable          ;
;  IO[27]   ; Enable     ; 1.893 ; 1.893 ; Fall       ; Enable          ;
;  IO[28]   ; Enable     ; 3.010 ; 3.010 ; Fall       ; Enable          ;
;  IO[29]   ; Enable     ; 2.514 ; 2.514 ; Fall       ; Enable          ;
;  IO[30]   ; Enable     ; 2.148 ; 2.148 ; Fall       ; Enable          ;
;  IO[31]   ; Enable     ; 2.460 ; 2.460 ; Fall       ; Enable          ;
+-----------+------------+-------+-------+------------+-----------------+


+-----------------------------------------------------------------------+
; Hold Times                                                            ;
+-----------+------------+-------+-------+------------+-----------------+
; Data Port ; Clock Port ; Rise  ; Fall  ; Clock Edge ; Clock Reference ;
+-----------+------------+-------+-------+------------+-----------------+
; Enable    ; CLK        ; 0.108 ; 0.108 ; Rise       ; CLK             ;
; Push/Pop  ; CLK        ; 0.225 ; 0.225 ; Rise       ; CLK             ;
; IO[*]     ; Enable     ; 2.434 ; 2.434 ; Rise       ; Enable          ;
;  IO[0]    ; Enable     ; 1.651 ; 1.651 ; Rise       ; Enable          ;
;  IO[1]    ; Enable     ; 1.495 ; 1.495 ; Rise       ; Enable          ;
;  IO[2]    ; Enable     ; 1.553 ; 1.553 ; Rise       ; Enable          ;
;  IO[3]    ; Enable     ; 1.832 ; 1.832 ; Rise       ; Enable          ;
;  IO[4]    ; Enable     ; 1.793 ; 1.793 ; Rise       ; Enable          ;
;  IO[5]    ; Enable     ; 2.075 ; 2.075 ; Rise       ; Enable          ;
;  IO[6]    ; Enable     ; 1.896 ; 1.896 ; Rise       ; Enable          ;
;  IO[7]    ; Enable     ; 1.848 ; 1.848 ; Rise       ; Enable          ;
;  IO[8]    ; Enable     ; 1.374 ; 1.374 ; Rise       ; Enable          ;
;  IO[9]    ; Enable     ; 1.547 ; 1.547 ; Rise       ; Enable          ;
;  IO[10]   ; Enable     ; 1.665 ; 1.665 ; Rise       ; Enable          ;
;  IO[11]   ; Enable     ; 2.161 ; 2.161 ; Rise       ; Enable          ;
;  IO[12]   ; Enable     ; 1.001 ; 1.001 ; Rise       ; Enable          ;
;  IO[13]   ; Enable     ; 0.802 ; 0.802 ; Rise       ; Enable          ;
;  IO[14]   ; Enable     ; 1.328 ; 1.328 ; Rise       ; Enable          ;
;  IO[15]   ; Enable     ; 1.708 ; 1.708 ; Rise       ; Enable          ;
;  IO[16]   ; Enable     ; 2.434 ; 2.434 ; Rise       ; Enable          ;
;  IO[17]   ; Enable     ; 1.917 ; 1.917 ; Rise       ; Enable          ;
;  IO[18]   ; Enable     ; 1.814 ; 1.814 ; Rise       ; Enable          ;
;  IO[19]   ; Enable     ; 2.213 ; 2.213 ; Rise       ; Enable          ;
;  IO[20]   ; Enable     ; 2.390 ; 2.390 ; Rise       ; Enable          ;
;  IO[21]   ; Enable     ; 1.607 ; 1.607 ; Rise       ; Enable          ;
;  IO[22]   ; Enable     ; 1.518 ; 1.518 ; Rise       ; Enable          ;
;  IO[23]   ; Enable     ; 2.102 ; 2.102 ; Rise       ; Enable          ;
;  IO[24]   ; Enable     ; 2.156 ; 2.156 ; Rise       ; Enable          ;
;  IO[25]   ; Enable     ; 0.741 ; 0.741 ; Rise       ; Enable          ;
;  IO[26]   ; Enable     ; 1.786 ; 1.786 ; Rise       ; Enable          ;
;  IO[27]   ; Enable     ; 2.415 ; 2.415 ; Rise       ; Enable          ;
;  IO[28]   ; Enable     ; 1.666 ; 1.666 ; Rise       ; Enable          ;
;  IO[29]   ; Enable     ; 2.066 ; 2.066 ; Rise       ; Enable          ;
;  IO[30]   ; Enable     ; 2.166 ; 2.166 ; Rise       ; Enable          ;
;  IO[31]   ; Enable     ; 1.690 ; 1.690 ; Rise       ; Enable          ;
; IO[*]     ; Enable     ; 2.584 ; 2.584 ; Fall       ; Enable          ;
;  IO[0]    ; Enable     ; 1.729 ; 1.729 ; Fall       ; Enable          ;
;  IO[1]    ; Enable     ; 1.724 ; 1.724 ; Fall       ; Enable          ;
;  IO[2]    ; Enable     ; 1.758 ; 1.758 ; Fall       ; Enable          ;
;  IO[3]    ; Enable     ; 2.236 ; 2.236 ; Fall       ; Enable          ;
;  IO[4]    ; Enable     ; 2.300 ; 2.300 ; Fall       ; Enable          ;
;  IO[5]    ; Enable     ; 2.078 ; 2.078 ; Fall       ; Enable          ;
;  IO[6]    ; Enable     ; 2.187 ; 2.187 ; Fall       ; Enable          ;
;  IO[7]    ; Enable     ; 2.361 ; 2.361 ; Fall       ; Enable          ;
;  IO[8]    ; Enable     ; 1.506 ; 1.506 ; Fall       ; Enable          ;
;  IO[9]    ; Enable     ; 1.752 ; 1.752 ; Fall       ; Enable          ;
;  IO[10]   ; Enable     ; 1.870 ; 1.870 ; Fall       ; Enable          ;
;  IO[11]   ; Enable     ; 2.366 ; 2.366 ; Fall       ; Enable          ;
;  IO[12]   ; Enable     ; 0.907 ; 0.907 ; Fall       ; Enable          ;
;  IO[13]   ; Enable     ; 0.971 ; 0.971 ; Fall       ; Enable          ;
;  IO[14]   ; Enable     ; 1.533 ; 1.533 ; Fall       ; Enable          ;
;  IO[15]   ; Enable     ; 2.260 ; 2.260 ; Fall       ; Enable          ;
;  IO[16]   ; Enable     ; 2.584 ; 2.584 ; Fall       ; Enable          ;
;  IO[17]   ; Enable     ; 2.122 ; 2.122 ; Fall       ; Enable          ;
;  IO[18]   ; Enable     ; 1.941 ; 1.941 ; Fall       ; Enable          ;
;  IO[19]   ; Enable     ; 2.502 ; 2.502 ; Fall       ; Enable          ;
;  IO[20]   ; Enable     ; 2.470 ; 2.470 ; Fall       ; Enable          ;
;  IO[21]   ; Enable     ; 2.132 ; 2.132 ; Fall       ; Enable          ;
;  IO[22]   ; Enable     ; 1.744 ; 1.744 ; Fall       ; Enable          ;
;  IO[23]   ; Enable     ; 1.806 ; 1.806 ; Fall       ; Enable          ;
;  IO[24]   ; Enable     ; 2.131 ; 2.131 ; Fall       ; Enable          ;
;  IO[25]   ; Enable     ; 1.058 ; 1.058 ; Fall       ; Enable          ;
;  IO[26]   ; Enable     ; 1.805 ; 1.805 ; Fall       ; Enable          ;
;  IO[27]   ; Enable     ; 2.065 ; 2.065 ; Fall       ; Enable          ;
;  IO[28]   ; Enable     ; 1.825 ; 1.825 ; Fall       ; Enable          ;
;  IO[29]   ; Enable     ; 2.315 ; 2.315 ; Fall       ; Enable          ;
;  IO[30]   ; Enable     ; 2.371 ; 2.371 ; Fall       ; Enable          ;
;  IO[31]   ; Enable     ; 1.560 ; 1.560 ; Fall       ; Enable          ;
+-----------+------------+-------+-------+------------+-----------------+


+-------------------------------------------------------------------------+
; Clock to Output Times                                                   ;
+-----------+------------+--------+--------+------------+-----------------+
; Data Port ; Clock Port ; Rise   ; Fall   ; Clock Edge ; Clock Reference ;
+-----------+------------+--------+--------+------------+-----------------+
; Empty     ; CLK        ; 8.264  ; 8.264  ; Rise       ; CLK             ;
; Full      ; CLK        ; 7.817  ; 7.817  ; Rise       ; CLK             ;
; IO[*]     ; CLK        ; 18.555 ; 18.555 ; Rise       ; CLK             ;
;  IO[0]    ; CLK        ; 16.294 ; 16.294 ; Rise       ; CLK             ;
;  IO[1]    ; CLK        ; 16.020 ; 16.020 ; Rise       ; CLK             ;
;  IO[2]    ; CLK        ; 16.856 ; 16.856 ; Rise       ; CLK             ;
;  IO[3]    ; CLK        ; 16.765 ; 16.765 ; Rise       ; CLK             ;
;  IO[4]    ; CLK        ; 16.221 ; 16.221 ; Rise       ; CLK             ;
;  IO[5]    ; CLK        ; 15.643 ; 15.643 ; Rise       ; CLK             ;
;  IO[6]    ; CLK        ; 15.480 ; 15.480 ; Rise       ; CLK             ;
;  IO[7]    ; CLK        ; 16.792 ; 16.792 ; Rise       ; CLK             ;
;  IO[8]    ; CLK        ; 16.535 ; 16.535 ; Rise       ; CLK             ;
;  IO[9]    ; CLK        ; 16.520 ; 16.520 ; Rise       ; CLK             ;
;  IO[10]   ; CLK        ; 15.868 ; 15.868 ; Rise       ; CLK             ;
;  IO[11]   ; CLK        ; 15.810 ; 15.810 ; Rise       ; CLK             ;
;  IO[12]   ; CLK        ; 16.128 ; 16.128 ; Rise       ; CLK             ;
;  IO[13]   ; CLK        ; 15.988 ; 15.988 ; Rise       ; CLK             ;
;  IO[14]   ; CLK        ; 16.562 ; 16.562 ; Rise       ; CLK             ;
;  IO[15]   ; CLK        ; 16.293 ; 16.293 ; Rise       ; CLK             ;
;  IO[16]   ; CLK        ; 16.432 ; 16.432 ; Rise       ; CLK             ;
;  IO[17]   ; CLK        ; 16.537 ; 16.537 ; Rise       ; CLK             ;
;  IO[18]   ; CLK        ; 16.118 ; 16.118 ; Rise       ; CLK             ;
;  IO[19]   ; CLK        ; 16.752 ; 16.752 ; Rise       ; CLK             ;
;  IO[20]   ; CLK        ; 17.322 ; 17.322 ; Rise       ; CLK             ;
;  IO[21]   ; CLK        ; 15.220 ; 15.220 ; Rise       ; CLK             ;
;  IO[22]   ; CLK        ; 16.238 ; 16.238 ; Rise       ; CLK             ;
;  IO[23]   ; CLK        ; 18.555 ; 18.555 ; Rise       ; CLK             ;
;  IO[24]   ; CLK        ; 15.713 ; 15.713 ; Rise       ; CLK             ;
;  IO[25]   ; CLK        ; 17.332 ; 17.332 ; Rise       ; CLK             ;
;  IO[26]   ; CLK        ; 17.266 ; 17.266 ; Rise       ; CLK             ;
;  IO[27]   ; CLK        ; 16.157 ; 16.157 ; Rise       ; CLK             ;
;  IO[28]   ; CLK        ; 15.747 ; 15.747 ; Rise       ; CLK             ;
;  IO[29]   ; CLK        ; 16.034 ; 16.034 ; Rise       ; CLK             ;
;  IO[30]   ; CLK        ; 16.368 ; 16.368 ; Rise       ; CLK             ;
;  IO[31]   ; CLK        ; 16.339 ; 16.339 ; Rise       ; CLK             ;
; IO[*]     ; Enable     ; 18.379 ; 18.379 ; Rise       ; Enable          ;
;  IO[0]    ; Enable     ; 17.056 ; 17.056 ; Rise       ; Enable          ;
;  IO[1]    ; Enable     ; 16.634 ; 16.634 ; Rise       ; Enable          ;
;  IO[2]    ; Enable     ; 17.498 ; 17.498 ; Rise       ; Enable          ;
;  IO[3]    ; Enable     ; 18.379 ; 18.379 ; Rise       ; Enable          ;
;  IO[4]    ; Enable     ; 17.294 ; 17.294 ; Rise       ; Enable          ;
;  IO[5]    ; Enable     ; 17.000 ; 17.000 ; Rise       ; Enable          ;
;  IO[6]    ; Enable     ; 16.402 ; 16.402 ; Rise       ; Enable          ;
;  IO[7]    ; Enable     ; 17.503 ; 17.503 ; Rise       ; Enable          ;
;  IO[8]    ; Enable     ; 16.918 ; 16.918 ; Rise       ; Enable          ;
;  IO[9]    ; Enable     ; 16.760 ; 16.760 ; Rise       ; Enable          ;
;  IO[10]   ; Enable     ; 16.346 ; 16.346 ; Rise       ; Enable          ;
;  IO[11]   ; Enable     ; 17.339 ; 17.339 ; Rise       ; Enable          ;
;  IO[12]   ; Enable     ; 17.086 ; 17.086 ; Rise       ; Enable          ;
;  IO[13]   ; Enable     ; 16.934 ; 16.934 ; Rise       ; Enable          ;
;  IO[14]   ; Enable     ; 17.228 ; 17.228 ; Rise       ; Enable          ;
;  IO[15]   ; Enable     ; 17.893 ; 17.893 ; Rise       ; Enable          ;
;  IO[16]   ; Enable     ; 16.979 ; 16.979 ; Rise       ; Enable          ;
;  IO[17]   ; Enable     ; 17.193 ; 17.193 ; Rise       ; Enable          ;
;  IO[18]   ; Enable     ; 17.696 ; 17.696 ; Rise       ; Enable          ;
;  IO[19]   ; Enable     ; 17.227 ; 17.227 ; Rise       ; Enable          ;
;  IO[20]   ; Enable     ; 17.683 ; 17.683 ; Rise       ; Enable          ;
;  IO[21]   ; Enable     ; 16.524 ; 16.524 ; Rise       ; Enable          ;
;  IO[22]   ; Enable     ; 17.364 ; 17.364 ; Rise       ; Enable          ;
;  IO[23]   ; Enable     ; 18.111 ; 18.111 ; Rise       ; Enable          ;
;  IO[24]   ; Enable     ; 16.542 ; 16.542 ; Rise       ; Enable          ;
;  IO[25]   ; Enable     ; 17.620 ; 17.620 ; Rise       ; Enable          ;
;  IO[26]   ; Enable     ; 17.499 ; 17.499 ; Rise       ; Enable          ;
;  IO[27]   ; Enable     ; 17.278 ; 17.278 ; Rise       ; Enable          ;
;  IO[28]   ; Enable     ; 16.436 ; 16.436 ; Rise       ; Enable          ;
;  IO[29]   ; Enable     ; 17.431 ; 17.431 ; Rise       ; Enable          ;
;  IO[30]   ; Enable     ; 17.109 ; 17.109 ; Rise       ; Enable          ;
;  IO[31]   ; Enable     ; 18.101 ; 18.101 ; Rise       ; Enable          ;
; IO[*]     ; Enable     ; 18.635 ; 18.635 ; Fall       ; Enable          ;
;  IO[0]    ; Enable     ; 17.038 ; 17.038 ; Fall       ; Enable          ;
;  IO[1]    ; Enable     ; 17.449 ; 17.449 ; Fall       ; Enable          ;
;  IO[2]    ; Enable     ; 17.818 ; 17.818 ; Fall       ; Enable          ;
;  IO[3]    ; Enable     ; 18.360 ; 18.360 ; Fall       ; Enable          ;
;  IO[4]    ; Enable     ; 17.276 ; 17.276 ; Fall       ; Enable          ;
;  IO[5]    ; Enable     ; 16.982 ; 16.982 ; Fall       ; Enable          ;
;  IO[6]    ; Enable     ; 16.650 ; 16.650 ; Fall       ; Enable          ;
;  IO[7]    ; Enable     ; 17.738 ; 17.738 ; Fall       ; Enable          ;
;  IO[8]    ; Enable     ; 17.599 ; 17.599 ; Fall       ; Enable          ;
;  IO[9]    ; Enable     ; 17.575 ; 17.575 ; Fall       ; Enable          ;
;  IO[10]   ; Enable     ; 17.161 ; 17.161 ; Fall       ; Enable          ;
;  IO[11]   ; Enable     ; 17.320 ; 17.320 ; Fall       ; Enable          ;
;  IO[12]   ; Enable     ; 17.772 ; 17.772 ; Fall       ; Enable          ;
;  IO[13]   ; Enable     ; 17.416 ; 17.416 ; Fall       ; Enable          ;
;  IO[14]   ; Enable     ; 17.232 ; 17.232 ; Fall       ; Enable          ;
;  IO[15]   ; Enable     ; 18.178 ; 18.178 ; Fall       ; Enable          ;
;  IO[16]   ; Enable     ; 16.960 ; 16.960 ; Fall       ; Enable          ;
;  IO[17]   ; Enable     ; 17.558 ; 17.558 ; Fall       ; Enable          ;
;  IO[18]   ; Enable     ; 17.678 ; 17.678 ; Fall       ; Enable          ;
;  IO[19]   ; Enable     ; 17.486 ; 17.486 ; Fall       ; Enable          ;
;  IO[20]   ; Enable     ; 17.665 ; 17.665 ; Fall       ; Enable          ;
;  IO[21]   ; Enable     ; 16.692 ; 16.692 ; Fall       ; Enable          ;
;  IO[22]   ; Enable     ; 17.345 ; 17.345 ; Fall       ; Enable          ;
;  IO[23]   ; Enable     ; 18.635 ; 18.635 ; Fall       ; Enable          ;
;  IO[24]   ; Enable     ; 16.694 ; 16.694 ; Fall       ; Enable          ;
;  IO[25]   ; Enable     ; 18.309 ; 18.309 ; Fall       ; Enable          ;
;  IO[26]   ; Enable     ; 18.023 ; 18.023 ; Fall       ; Enable          ;
;  IO[27]   ; Enable     ; 17.259 ; 17.259 ; Fall       ; Enable          ;
;  IO[28]   ; Enable     ; 16.674 ; 16.674 ; Fall       ; Enable          ;
;  IO[29]   ; Enable     ; 17.799 ; 17.799 ; Fall       ; Enable          ;
;  IO[30]   ; Enable     ; 17.090 ; 17.090 ; Fall       ; Enable          ;
;  IO[31]   ; Enable     ; 18.541 ; 18.541 ; Fall       ; Enable          ;
+-----------+------------+--------+--------+------------+-----------------+


+-------------------------------------------------------------------------+
; Minimum Clock to Output Times                                           ;
+-----------+------------+--------+--------+------------+-----------------+
; Data Port ; Clock Port ; Rise   ; Fall   ; Clock Edge ; Clock Reference ;
+-----------+------------+--------+--------+------------+-----------------+
; Empty     ; CLK        ; 7.303  ; 7.303  ; Rise       ; CLK             ;
; Full      ; CLK        ; 7.487  ; 7.487  ; Rise       ; CLK             ;
; IO[*]     ; CLK        ; 11.039 ; 11.039 ; Rise       ; CLK             ;
;  IO[0]    ; CLK        ; 11.760 ; 11.760 ; Rise       ; CLK             ;
;  IO[1]    ; CLK        ; 11.453 ; 11.453 ; Rise       ; CLK             ;
;  IO[2]    ; CLK        ; 11.244 ; 11.244 ; Rise       ; CLK             ;
;  IO[3]    ; CLK        ; 11.747 ; 11.747 ; Rise       ; CLK             ;
;  IO[4]    ; CLK        ; 12.243 ; 12.243 ; Rise       ; CLK             ;
;  IO[5]    ; CLK        ; 11.767 ; 11.767 ; Rise       ; CLK             ;
;  IO[6]    ; CLK        ; 11.940 ; 11.940 ; Rise       ; CLK             ;
;  IO[7]    ; CLK        ; 11.830 ; 11.830 ; Rise       ; CLK             ;
;  IO[8]    ; CLK        ; 12.116 ; 12.116 ; Rise       ; CLK             ;
;  IO[9]    ; CLK        ; 12.106 ; 12.106 ; Rise       ; CLK             ;
;  IO[10]   ; CLK        ; 11.962 ; 11.962 ; Rise       ; CLK             ;
;  IO[11]   ; CLK        ; 11.039 ; 11.039 ; Rise       ; CLK             ;
;  IO[12]   ; CLK        ; 11.339 ; 11.339 ; Rise       ; CLK             ;
;  IO[13]   ; CLK        ; 11.855 ; 11.855 ; Rise       ; CLK             ;
;  IO[14]   ; CLK        ; 11.601 ; 11.601 ; Rise       ; CLK             ;
;  IO[15]   ; CLK        ; 12.557 ; 12.557 ; Rise       ; CLK             ;
;  IO[16]   ; CLK        ; 11.428 ; 11.428 ; Rise       ; CLK             ;
;  IO[17]   ; CLK        ; 12.008 ; 12.008 ; Rise       ; CLK             ;
;  IO[18]   ; CLK        ; 12.316 ; 12.316 ; Rise       ; CLK             ;
;  IO[19]   ; CLK        ; 12.001 ; 12.001 ; Rise       ; CLK             ;
;  IO[20]   ; CLK        ; 11.611 ; 11.611 ; Rise       ; CLK             ;
;  IO[21]   ; CLK        ; 11.760 ; 11.760 ; Rise       ; CLK             ;
;  IO[22]   ; CLK        ; 11.827 ; 11.827 ; Rise       ; CLK             ;
;  IO[23]   ; CLK        ; 11.641 ; 11.641 ; Rise       ; CLK             ;
;  IO[24]   ; CLK        ; 11.988 ; 11.988 ; Rise       ; CLK             ;
;  IO[25]   ; CLK        ; 12.269 ; 12.269 ; Rise       ; CLK             ;
;  IO[26]   ; CLK        ; 11.958 ; 11.958 ; Rise       ; CLK             ;
;  IO[27]   ; CLK        ; 11.394 ; 11.394 ; Rise       ; CLK             ;
;  IO[28]   ; CLK        ; 11.716 ; 11.716 ; Rise       ; CLK             ;
;  IO[29]   ; CLK        ; 11.912 ; 11.912 ; Rise       ; CLK             ;
;  IO[30]   ; CLK        ; 11.590 ; 11.590 ; Rise       ; CLK             ;
;  IO[31]   ; CLK        ; 11.612 ; 11.612 ; Rise       ; CLK             ;
; IO[*]     ; Enable     ; 9.370  ; 9.370  ; Rise       ; Enable          ;
;  IO[0]    ; Enable     ; 10.118 ; 10.118 ; Rise       ; Enable          ;
;  IO[1]    ; Enable     ; 9.618  ; 9.618  ; Rise       ; Enable          ;
;  IO[2]    ; Enable     ; 10.427 ; 10.427 ; Rise       ; Enable          ;
;  IO[3]    ; Enable     ; 10.936 ; 10.936 ; Rise       ; Enable          ;
;  IO[4]    ; Enable     ; 10.352 ; 10.352 ; Rise       ; Enable          ;
;  IO[5]    ; Enable     ; 9.370  ; 9.370  ; Rise       ; Enable          ;
;  IO[6]    ; Enable     ; 9.824  ; 9.824  ; Rise       ; Enable          ;
;  IO[7]    ; Enable     ; 10.945 ; 10.945 ; Rise       ; Enable          ;
;  IO[8]    ; Enable     ; 10.961 ; 10.961 ; Rise       ; Enable          ;
;  IO[9]    ; Enable     ; 10.623 ; 10.623 ; Rise       ; Enable          ;
;  IO[10]   ; Enable     ; 10.622 ; 10.622 ; Rise       ; Enable          ;
;  IO[11]   ; Enable     ; 10.222 ; 10.222 ; Rise       ; Enable          ;
;  IO[12]   ; Enable     ; 10.439 ; 10.439 ; Rise       ; Enable          ;
;  IO[13]   ; Enable     ; 11.038 ; 11.038 ; Rise       ; Enable          ;
;  IO[14]   ; Enable     ; 10.411 ; 10.411 ; Rise       ; Enable          ;
;  IO[15]   ; Enable     ; 11.698 ; 11.698 ; Rise       ; Enable          ;
;  IO[16]   ; Enable     ; 10.611 ; 10.611 ; Rise       ; Enable          ;
;  IO[17]   ; Enable     ; 10.634 ; 10.634 ; Rise       ; Enable          ;
;  IO[18]   ; Enable     ; 9.990  ; 9.990  ; Rise       ; Enable          ;
;  IO[19]   ; Enable     ; 11.186 ; 11.186 ; Rise       ; Enable          ;
;  IO[20]   ; Enable     ; 9.966  ; 9.966  ; Rise       ; Enable          ;
;  IO[21]   ; Enable     ; 9.816  ; 9.816  ; Rise       ; Enable          ;
;  IO[22]   ; Enable     ; 9.977  ; 9.977  ; Rise       ; Enable          ;
;  IO[23]   ; Enable     ; 10.739 ; 10.739 ; Rise       ; Enable          ;
;  IO[24]   ; Enable     ; 10.081 ; 10.081 ; Rise       ; Enable          ;
;  IO[25]   ; Enable     ; 10.899 ; 10.899 ; Rise       ; Enable          ;
;  IO[26]   ; Enable     ; 11.143 ; 11.143 ; Rise       ; Enable          ;
;  IO[27]   ; Enable     ; 10.577 ; 10.577 ; Rise       ; Enable          ;
;  IO[28]   ; Enable     ; 9.911  ; 9.911  ; Rise       ; Enable          ;
;  IO[29]   ; Enable     ; 10.745 ; 10.745 ; Rise       ; Enable          ;
;  IO[30]   ; Enable     ; 10.811 ; 10.811 ; Rise       ; Enable          ;
;  IO[31]   ; Enable     ; 11.017 ; 11.017 ; Rise       ; Enable          ;
; IO[*]     ; Enable     ; 9.370  ; 9.370  ; Fall       ; Enable          ;
;  IO[0]    ; Enable     ; 10.118 ; 10.118 ; Fall       ; Enable          ;
;  IO[1]    ; Enable     ; 9.618  ; 9.618  ; Fall       ; Enable          ;
;  IO[2]    ; Enable     ; 10.427 ; 10.427 ; Fall       ; Enable          ;
;  IO[3]    ; Enable     ; 10.936 ; 10.936 ; Fall       ; Enable          ;
;  IO[4]    ; Enable     ; 10.352 ; 10.352 ; Fall       ; Enable          ;
;  IO[5]    ; Enable     ; 9.370  ; 9.370  ; Fall       ; Enable          ;
;  IO[6]    ; Enable     ; 9.824  ; 9.824  ; Fall       ; Enable          ;
;  IO[7]    ; Enable     ; 10.945 ; 10.945 ; Fall       ; Enable          ;
;  IO[8]    ; Enable     ; 10.961 ; 10.961 ; Fall       ; Enable          ;
;  IO[9]    ; Enable     ; 10.623 ; 10.623 ; Fall       ; Enable          ;
;  IO[10]   ; Enable     ; 10.622 ; 10.622 ; Fall       ; Enable          ;
;  IO[11]   ; Enable     ; 10.222 ; 10.222 ; Fall       ; Enable          ;
;  IO[12]   ; Enable     ; 11.064 ; 11.064 ; Fall       ; Enable          ;
;  IO[13]   ; Enable     ; 11.038 ; 11.038 ; Fall       ; Enable          ;
;  IO[14]   ; Enable     ; 10.411 ; 10.411 ; Fall       ; Enable          ;
;  IO[15]   ; Enable     ; 11.698 ; 11.698 ; Fall       ; Enable          ;
;  IO[16]   ; Enable     ; 10.611 ; 10.611 ; Fall       ; Enable          ;
;  IO[17]   ; Enable     ; 10.634 ; 10.634 ; Fall       ; Enable          ;
;  IO[18]   ; Enable     ; 9.990  ; 9.990  ; Fall       ; Enable          ;
;  IO[19]   ; Enable     ; 11.186 ; 11.186 ; Fall       ; Enable          ;
;  IO[20]   ; Enable     ; 9.966  ; 9.966  ; Fall       ; Enable          ;
;  IO[21]   ; Enable     ; 9.816  ; 9.816  ; Fall       ; Enable          ;
;  IO[22]   ; Enable     ; 9.977  ; 9.977  ; Fall       ; Enable          ;
;  IO[23]   ; Enable     ; 10.739 ; 10.739 ; Fall       ; Enable          ;
;  IO[24]   ; Enable     ; 10.081 ; 10.081 ; Fall       ; Enable          ;
;  IO[25]   ; Enable     ; 10.899 ; 10.899 ; Fall       ; Enable          ;
;  IO[26]   ; Enable     ; 11.143 ; 11.143 ; Fall       ; Enable          ;
;  IO[27]   ; Enable     ; 10.577 ; 10.577 ; Fall       ; Enable          ;
;  IO[28]   ; Enable     ; 9.911  ; 9.911  ; Fall       ; Enable          ;
;  IO[29]   ; Enable     ; 10.745 ; 10.745 ; Fall       ; Enable          ;
;  IO[30]   ; Enable     ; 10.811 ; 10.811 ; Fall       ; Enable          ;
;  IO[31]   ; Enable     ; 11.017 ; 11.017 ; Fall       ; Enable          ;
+-----------+------------+--------+--------+------------+-----------------+


+--------------------------------------------------------------+
; Propagation Delay                                            ;
+------------+-------------+--------+--------+--------+--------+
; Input Port ; Output Port ; RR     ; RF     ; FR     ; FF     ;
+------------+-------------+--------+--------+--------+--------+
; Push/Pop   ; IO[0]       ; 15.079 ; 15.079 ; 15.079 ; 15.079 ;
; Push/Pop   ; IO[1]       ; 15.378 ; 15.378 ; 15.378 ; 15.378 ;
; Push/Pop   ; IO[2]       ; 15.903 ; 15.903 ; 15.903 ; 15.903 ;
; Push/Pop   ; IO[3]       ; 16.384 ; 16.384 ; 16.384 ; 16.384 ;
; Push/Pop   ; IO[4]       ; 15.091 ; 15.091 ; 15.091 ; 15.091 ;
; Push/Pop   ; IO[5]       ; 14.739 ; 14.739 ; 14.739 ; 14.739 ;
; Push/Pop   ; IO[6]       ; 15.151 ; 15.151 ; 15.151 ; 15.151 ;
; Push/Pop   ; IO[7]       ; 15.380 ; 15.380 ; 15.380 ; 15.380 ;
; Push/Pop   ; IO[8]       ; 15.917 ; 15.917 ; 15.917 ; 15.917 ;
; Push/Pop   ; IO[9]       ; 15.144 ; 15.144 ; 15.144 ; 15.144 ;
; Push/Pop   ; IO[10]      ; 15.244 ; 15.244 ; 15.244 ; 15.244 ;
; Push/Pop   ; IO[11]      ; 15.429 ; 15.429 ; 15.429 ; 15.429 ;
; Push/Pop   ; IO[12]      ; 15.599 ; 15.599 ; 15.599 ; 15.599 ;
; Push/Pop   ; IO[13]      ; 15.222 ; 15.222 ; 15.222 ; 15.222 ;
; Push/Pop   ; IO[14]      ; 15.061 ; 15.061 ; 15.061 ; 15.061 ;
; Push/Pop   ; IO[15]      ; 15.799 ; 15.799 ; 15.799 ; 15.799 ;
; Push/Pop   ; IO[16]      ; 15.375 ; 15.375 ; 15.375 ; 15.375 ;
; Push/Pop   ; IO[17]      ; 15.130 ; 15.130 ; 15.130 ; 15.130 ;
; Push/Pop   ; IO[18]      ; 15.704 ; 15.704 ; 15.704 ; 15.704 ;
; Push/Pop   ; IO[19]      ; 15.251 ; 15.251 ; 15.251 ; 15.251 ;
; Push/Pop   ; IO[20]      ; 15.821 ; 15.821 ; 15.821 ; 15.821 ;
; Push/Pop   ; IO[21]      ; 14.839 ; 14.839 ; 14.839 ; 14.839 ;
; Push/Pop   ; IO[22]      ; 15.352 ; 15.352 ; 15.352 ; 15.352 ;
; Push/Pop   ; IO[23]      ; 17.054 ; 17.054 ; 17.054 ; 17.054 ;
; Push/Pop   ; IO[24]      ; 14.423 ; 14.423 ; 14.423 ; 14.423 ;
; Push/Pop   ; IO[25]      ; 16.073 ; 16.073 ; 16.073 ; 16.073 ;
; Push/Pop   ; IO[26]      ; 15.765 ; 15.765 ; 15.765 ; 15.765 ;
; Push/Pop   ; IO[27]      ; 15.186 ; 15.186 ; 15.186 ; 15.186 ;
; Push/Pop   ; IO[28]      ; 14.650 ; 14.650 ; 14.650 ; 14.650 ;
; Push/Pop   ; IO[29]      ; 15.410 ; 15.410 ; 15.410 ; 15.410 ;
; Push/Pop   ; IO[30]      ; 15.087 ; 15.087 ; 15.087 ; 15.087 ;
; Push/Pop   ; IO[31]      ; 16.008 ; 16.008 ; 16.008 ; 16.008 ;
+------------+-------------+--------+--------+--------+--------+


+----------------------------------------------------------+
; Minimum Propagation Delay                                ;
+------------+-------------+-------+-------+-------+-------+
; Input Port ; Output Port ; RR    ; RF    ; FR    ; FF    ;
+------------+-------------+-------+-------+-------+-------+
; Push/Pop   ; IO[0]       ; 9.214 ; 9.214 ; 9.214 ; 9.214 ;
; Push/Pop   ; IO[1]       ; 8.075 ; 8.075 ; 8.075 ; 8.075 ;
; Push/Pop   ; IO[2]       ; 5.631 ; 5.631 ; 5.631 ; 5.631 ;
; Push/Pop   ; IO[3]       ; 5.653 ; 5.653 ; 5.653 ; 5.653 ;
; Push/Pop   ; IO[4]       ; 8.582 ; 8.582 ; 8.582 ; 8.582 ;
; Push/Pop   ; IO[5]       ; 5.899 ; 5.899 ; 5.899 ; 5.899 ;
; Push/Pop   ; IO[6]       ; 8.842 ; 8.842 ; 8.842 ; 8.842 ;
; Push/Pop   ; IO[7]       ; 9.024 ; 9.024 ; 9.024 ; 9.024 ;
; Push/Pop   ; IO[8]       ; 9.024 ; 9.024 ; 9.024 ; 9.024 ;
; Push/Pop   ; IO[9]       ; 8.598 ; 8.598 ; 8.598 ; 8.598 ;
; Push/Pop   ; IO[10]      ; 8.988 ; 8.988 ; 8.988 ; 8.988 ;
; Push/Pop   ; IO[11]      ; 5.631 ; 5.631 ; 5.631 ; 5.631 ;
; Push/Pop   ; IO[12]      ; 8.598 ; 8.598 ; 8.598 ; 8.598 ;
; Push/Pop   ; IO[13]      ; 5.910 ; 5.910 ; 5.910 ; 5.910 ;
; Push/Pop   ; IO[14]      ; 8.075 ; 8.075 ; 8.075 ; 8.075 ;
; Push/Pop   ; IO[15]      ; 8.988 ; 8.988 ; 8.988 ; 8.988 ;
; Push/Pop   ; IO[16]      ; 5.880 ; 5.880 ; 5.880 ; 5.880 ;
; Push/Pop   ; IO[17]      ; 8.572 ; 8.572 ; 8.572 ; 8.572 ;
; Push/Pop   ; IO[18]      ; 8.842 ; 8.842 ; 8.842 ; 8.842 ;
; Push/Pop   ; IO[19]      ; 5.889 ; 5.889 ; 5.889 ; 5.889 ;
; Push/Pop   ; IO[20]      ; 5.899 ; 5.899 ; 5.899 ; 5.899 ;
; Push/Pop   ; IO[21]      ; 9.024 ; 9.024 ; 9.024 ; 9.024 ;
; Push/Pop   ; IO[22]      ; 5.614 ; 5.614 ; 5.614 ; 5.614 ;
; Push/Pop   ; IO[23]      ; 5.604 ; 5.604 ; 5.604 ; 5.604 ;
; Push/Pop   ; IO[24]      ; 9.024 ; 9.024 ; 9.024 ; 9.024 ;
; Push/Pop   ; IO[25]      ; 5.910 ; 5.910 ; 5.910 ; 5.910 ;
; Push/Pop   ; IO[26]      ; 5.664 ; 5.664 ; 5.664 ; 5.664 ;
; Push/Pop   ; IO[27]      ; 5.641 ; 5.641 ; 5.641 ; 5.641 ;
; Push/Pop   ; IO[28]      ; 5.899 ; 5.899 ; 5.899 ; 5.899 ;
; Push/Pop   ; IO[29]      ; 9.204 ; 9.204 ; 9.204 ; 9.204 ;
; Push/Pop   ; IO[30]      ; 5.880 ; 5.880 ; 5.880 ; 5.880 ;
; Push/Pop   ; IO[31]      ; 5.674 ; 5.674 ; 5.674 ; 5.674 ;
+------------+-------------+-------+-------+-------+-------+


+----------------------------------------------------------------------+
; Output Enable Times                                                  ;
+-----------+------------+-------+------+------------+-----------------+
; Data Port ; Clock Port ; Rise  ; Fall ; Clock Edge ; Clock Reference ;
+-----------+------------+-------+------+------------+-----------------+
; IO[*]     ; Enable     ; 5.493 ;      ; Rise       ; Enable          ;
;  IO[0]    ; Enable     ; 9.103 ;      ; Rise       ; Enable          ;
;  IO[1]    ; Enable     ; 7.964 ;      ; Rise       ; Enable          ;
;  IO[2]    ; Enable     ; 5.520 ;      ; Rise       ; Enable          ;
;  IO[3]    ; Enable     ; 5.542 ;      ; Rise       ; Enable          ;
;  IO[4]    ; Enable     ; 8.471 ;      ; Rise       ; Enable          ;
;  IO[5]    ; Enable     ; 5.788 ;      ; Rise       ; Enable          ;
;  IO[6]    ; Enable     ; 8.731 ;      ; Rise       ; Enable          ;
;  IO[7]    ; Enable     ; 8.913 ;      ; Rise       ; Enable          ;
;  IO[8]    ; Enable     ; 8.913 ;      ; Rise       ; Enable          ;
;  IO[9]    ; Enable     ; 8.487 ;      ; Rise       ; Enable          ;
;  IO[10]   ; Enable     ; 8.877 ;      ; Rise       ; Enable          ;
;  IO[11]   ; Enable     ; 5.520 ;      ; Rise       ; Enable          ;
;  IO[12]   ; Enable     ; 8.487 ;      ; Rise       ; Enable          ;
;  IO[13]   ; Enable     ; 5.799 ;      ; Rise       ; Enable          ;
;  IO[14]   ; Enable     ; 7.964 ;      ; Rise       ; Enable          ;
;  IO[15]   ; Enable     ; 8.877 ;      ; Rise       ; Enable          ;
;  IO[16]   ; Enable     ; 5.769 ;      ; Rise       ; Enable          ;
;  IO[17]   ; Enable     ; 8.461 ;      ; Rise       ; Enable          ;
;  IO[18]   ; Enable     ; 8.731 ;      ; Rise       ; Enable          ;
;  IO[19]   ; Enable     ; 5.778 ;      ; Rise       ; Enable          ;
;  IO[20]   ; Enable     ; 5.788 ;      ; Rise       ; Enable          ;
;  IO[21]   ; Enable     ; 8.913 ;      ; Rise       ; Enable          ;
;  IO[22]   ; Enable     ; 5.503 ;      ; Rise       ; Enable          ;
;  IO[23]   ; Enable     ; 5.493 ;      ; Rise       ; Enable          ;
;  IO[24]   ; Enable     ; 8.913 ;      ; Rise       ; Enable          ;
;  IO[25]   ; Enable     ; 5.799 ;      ; Rise       ; Enable          ;
;  IO[26]   ; Enable     ; 5.553 ;      ; Rise       ; Enable          ;
;  IO[27]   ; Enable     ; 5.530 ;      ; Rise       ; Enable          ;
;  IO[28]   ; Enable     ; 5.788 ;      ; Rise       ; Enable          ;
;  IO[29]   ; Enable     ; 9.093 ;      ; Rise       ; Enable          ;
;  IO[30]   ; Enable     ; 5.769 ;      ; Rise       ; Enable          ;
;  IO[31]   ; Enable     ; 5.563 ;      ; Rise       ; Enable          ;
; IO[*]     ; Enable     ; 5.493 ;      ; Fall       ; Enable          ;
;  IO[0]    ; Enable     ; 9.103 ;      ; Fall       ; Enable          ;
;  IO[1]    ; Enable     ; 7.964 ;      ; Fall       ; Enable          ;
;  IO[2]    ; Enable     ; 5.520 ;      ; Fall       ; Enable          ;
;  IO[3]    ; Enable     ; 5.542 ;      ; Fall       ; Enable          ;
;  IO[4]    ; Enable     ; 8.471 ;      ; Fall       ; Enable          ;
;  IO[5]    ; Enable     ; 5.788 ;      ; Fall       ; Enable          ;
;  IO[6]    ; Enable     ; 8.731 ;      ; Fall       ; Enable          ;
;  IO[7]    ; Enable     ; 8.913 ;      ; Fall       ; Enable          ;
;  IO[8]    ; Enable     ; 8.913 ;      ; Fall       ; Enable          ;
;  IO[9]    ; Enable     ; 8.487 ;      ; Fall       ; Enable          ;
;  IO[10]   ; Enable     ; 8.877 ;      ; Fall       ; Enable          ;
;  IO[11]   ; Enable     ; 5.520 ;      ; Fall       ; Enable          ;
;  IO[12]   ; Enable     ; 8.487 ;      ; Fall       ; Enable          ;
;  IO[13]   ; Enable     ; 5.799 ;      ; Fall       ; Enable          ;
;  IO[14]   ; Enable     ; 7.964 ;      ; Fall       ; Enable          ;
;  IO[15]   ; Enable     ; 8.877 ;      ; Fall       ; Enable          ;
;  IO[16]   ; Enable     ; 5.769 ;      ; Fall       ; Enable          ;
;  IO[17]   ; Enable     ; 8.461 ;      ; Fall       ; Enable          ;
;  IO[18]   ; Enable     ; 8.731 ;      ; Fall       ; Enable          ;
;  IO[19]   ; Enable     ; 5.778 ;      ; Fall       ; Enable          ;
;  IO[20]   ; Enable     ; 5.788 ;      ; Fall       ; Enable          ;
;  IO[21]   ; Enable     ; 8.913 ;      ; Fall       ; Enable          ;
;  IO[22]   ; Enable     ; 5.503 ;      ; Fall       ; Enable          ;
;  IO[23]   ; Enable     ; 5.493 ;      ; Fall       ; Enable          ;
;  IO[24]   ; Enable     ; 8.913 ;      ; Fall       ; Enable          ;
;  IO[25]   ; Enable     ; 5.799 ;      ; Fall       ; Enable          ;
;  IO[26]   ; Enable     ; 5.553 ;      ; Fall       ; Enable          ;
;  IO[27]   ; Enable     ; 5.530 ;      ; Fall       ; Enable          ;
;  IO[28]   ; Enable     ; 5.788 ;      ; Fall       ; Enable          ;
;  IO[29]   ; Enable     ; 9.093 ;      ; Fall       ; Enable          ;
;  IO[30]   ; Enable     ; 5.769 ;      ; Fall       ; Enable          ;
;  IO[31]   ; Enable     ; 5.563 ;      ; Fall       ; Enable          ;
+-----------+------------+-------+------+------------+-----------------+


+----------------------------------------------------------------------+
; Minimum Output Enable Times                                          ;
+-----------+------------+-------+------+------------+-----------------+
; Data Port ; Clock Port ; Rise  ; Fall ; Clock Edge ; Clock Reference ;
+-----------+------------+-------+------+------------+-----------------+
; IO[*]     ; Enable     ; 5.493 ;      ; Rise       ; Enable          ;
;  IO[0]    ; Enable     ; 9.103 ;      ; Rise       ; Enable          ;
;  IO[1]    ; Enable     ; 7.964 ;      ; Rise       ; Enable          ;
;  IO[2]    ; Enable     ; 5.520 ;      ; Rise       ; Enable          ;
;  IO[3]    ; Enable     ; 5.542 ;      ; Rise       ; Enable          ;
;  IO[4]    ; Enable     ; 8.471 ;      ; Rise       ; Enable          ;
;  IO[5]    ; Enable     ; 5.788 ;      ; Rise       ; Enable          ;
;  IO[6]    ; Enable     ; 8.731 ;      ; Rise       ; Enable          ;
;  IO[7]    ; Enable     ; 8.913 ;      ; Rise       ; Enable          ;
;  IO[8]    ; Enable     ; 8.913 ;      ; Rise       ; Enable          ;
;  IO[9]    ; Enable     ; 8.487 ;      ; Rise       ; Enable          ;
;  IO[10]   ; Enable     ; 8.877 ;      ; Rise       ; Enable          ;
;  IO[11]   ; Enable     ; 5.520 ;      ; Rise       ; Enable          ;
;  IO[12]   ; Enable     ; 8.487 ;      ; Rise       ; Enable          ;
;  IO[13]   ; Enable     ; 5.799 ;      ; Rise       ; Enable          ;
;  IO[14]   ; Enable     ; 7.964 ;      ; Rise       ; Enable          ;
;  IO[15]   ; Enable     ; 8.877 ;      ; Rise       ; Enable          ;
;  IO[16]   ; Enable     ; 5.769 ;      ; Rise       ; Enable          ;
;  IO[17]   ; Enable     ; 8.461 ;      ; Rise       ; Enable          ;
;  IO[18]   ; Enable     ; 8.731 ;      ; Rise       ; Enable          ;
;  IO[19]   ; Enable     ; 5.778 ;      ; Rise       ; Enable          ;
;  IO[20]   ; Enable     ; 5.788 ;      ; Rise       ; Enable          ;
;  IO[21]   ; Enable     ; 8.913 ;      ; Rise       ; Enable          ;
;  IO[22]   ; Enable     ; 5.503 ;      ; Rise       ; Enable          ;
;  IO[23]   ; Enable     ; 5.493 ;      ; Rise       ; Enable          ;
;  IO[24]   ; Enable     ; 8.913 ;      ; Rise       ; Enable          ;
;  IO[25]   ; Enable     ; 5.799 ;      ; Rise       ; Enable          ;
;  IO[26]   ; Enable     ; 5.553 ;      ; Rise       ; Enable          ;
;  IO[27]   ; Enable     ; 5.530 ;      ; Rise       ; Enable          ;
;  IO[28]   ; Enable     ; 5.788 ;      ; Rise       ; Enable          ;
;  IO[29]   ; Enable     ; 9.093 ;      ; Rise       ; Enable          ;
;  IO[30]   ; Enable     ; 5.769 ;      ; Rise       ; Enable          ;
;  IO[31]   ; Enable     ; 5.563 ;      ; Rise       ; Enable          ;
; IO[*]     ; Enable     ; 5.493 ;      ; Fall       ; Enable          ;
;  IO[0]    ; Enable     ; 9.103 ;      ; Fall       ; Enable          ;
;  IO[1]    ; Enable     ; 7.964 ;      ; Fall       ; Enable          ;
;  IO[2]    ; Enable     ; 5.520 ;      ; Fall       ; Enable          ;
;  IO[3]    ; Enable     ; 5.542 ;      ; Fall       ; Enable          ;
;  IO[4]    ; Enable     ; 8.471 ;      ; Fall       ; Enable          ;
;  IO[5]    ; Enable     ; 5.788 ;      ; Fall       ; Enable          ;
;  IO[6]    ; Enable     ; 8.731 ;      ; Fall       ; Enable          ;
;  IO[7]    ; Enable     ; 8.913 ;      ; Fall       ; Enable          ;
;  IO[8]    ; Enable     ; 8.913 ;      ; Fall       ; Enable          ;
;  IO[9]    ; Enable     ; 8.487 ;      ; Fall       ; Enable          ;
;  IO[10]   ; Enable     ; 8.877 ;      ; Fall       ; Enable          ;
;  IO[11]   ; Enable     ; 5.520 ;      ; Fall       ; Enable          ;
;  IO[12]   ; Enable     ; 8.487 ;      ; Fall       ; Enable          ;
;  IO[13]   ; Enable     ; 5.799 ;      ; Fall       ; Enable          ;
;  IO[14]   ; Enable     ; 7.964 ;      ; Fall       ; Enable          ;
;  IO[15]   ; Enable     ; 8.877 ;      ; Fall       ; Enable          ;
;  IO[16]   ; Enable     ; 5.769 ;      ; Fall       ; Enable          ;
;  IO[17]   ; Enable     ; 8.461 ;      ; Fall       ; Enable          ;
;  IO[18]   ; Enable     ; 8.731 ;      ; Fall       ; Enable          ;
;  IO[19]   ; Enable     ; 5.778 ;      ; Fall       ; Enable          ;
;  IO[20]   ; Enable     ; 5.788 ;      ; Fall       ; Enable          ;
;  IO[21]   ; Enable     ; 8.913 ;      ; Fall       ; Enable          ;
;  IO[22]   ; Enable     ; 5.503 ;      ; Fall       ; Enable          ;
;  IO[23]   ; Enable     ; 5.493 ;      ; Fall       ; Enable          ;
;  IO[24]   ; Enable     ; 8.913 ;      ; Fall       ; Enable          ;
;  IO[25]   ; Enable     ; 5.799 ;      ; Fall       ; Enable          ;
;  IO[26]   ; Enable     ; 5.553 ;      ; Fall       ; Enable          ;
;  IO[27]   ; Enable     ; 5.530 ;      ; Fall       ; Enable          ;
;  IO[28]   ; Enable     ; 5.788 ;      ; Fall       ; Enable          ;
;  IO[29]   ; Enable     ; 9.093 ;      ; Fall       ; Enable          ;
;  IO[30]   ; Enable     ; 5.769 ;      ; Fall       ; Enable          ;
;  IO[31]   ; Enable     ; 5.563 ;      ; Fall       ; Enable          ;
+-----------+------------+-------+------+------------+-----------------+


+-------------------------------------------------------------------------------+
; Output Disable Times                                                          ;
+-----------+------------+-----------+-----------+------------+-----------------+
; Data Port ; Clock Port ; 0 to Hi-Z ; 1 to Hi-Z ; Clock Edge ; Clock Reference ;
+-----------+------------+-----------+-----------+------------+-----------------+
; IO[*]     ; Enable     ; 5.493     ;           ; Rise       ; Enable          ;
;  IO[0]    ; Enable     ; 9.103     ;           ; Rise       ; Enable          ;
;  IO[1]    ; Enable     ; 7.964     ;           ; Rise       ; Enable          ;
;  IO[2]    ; Enable     ; 5.520     ;           ; Rise       ; Enable          ;
;  IO[3]    ; Enable     ; 5.542     ;           ; Rise       ; Enable          ;
;  IO[4]    ; Enable     ; 8.471     ;           ; Rise       ; Enable          ;
;  IO[5]    ; Enable     ; 5.788     ;           ; Rise       ; Enable          ;
;  IO[6]    ; Enable     ; 8.731     ;           ; Rise       ; Enable          ;
;  IO[7]    ; Enable     ; 8.913     ;           ; Rise       ; Enable          ;
;  IO[8]    ; Enable     ; 8.913     ;           ; Rise       ; Enable          ;
;  IO[9]    ; Enable     ; 8.487     ;           ; Rise       ; Enable          ;
;  IO[10]   ; Enable     ; 8.877     ;           ; Rise       ; Enable          ;
;  IO[11]   ; Enable     ; 5.520     ;           ; Rise       ; Enable          ;
;  IO[12]   ; Enable     ; 8.487     ;           ; Rise       ; Enable          ;
;  IO[13]   ; Enable     ; 5.799     ;           ; Rise       ; Enable          ;
;  IO[14]   ; Enable     ; 7.964     ;           ; Rise       ; Enable          ;
;  IO[15]   ; Enable     ; 8.877     ;           ; Rise       ; Enable          ;
;  IO[16]   ; Enable     ; 5.769     ;           ; Rise       ; Enable          ;
;  IO[17]   ; Enable     ; 8.461     ;           ; Rise       ; Enable          ;
;  IO[18]   ; Enable     ; 8.731     ;           ; Rise       ; Enable          ;
;  IO[19]   ; Enable     ; 5.778     ;           ; Rise       ; Enable          ;
;  IO[20]   ; Enable     ; 5.788     ;           ; Rise       ; Enable          ;
;  IO[21]   ; Enable     ; 8.913     ;           ; Rise       ; Enable          ;
;  IO[22]   ; Enable     ; 5.503     ;           ; Rise       ; Enable          ;
;  IO[23]   ; Enable     ; 5.493     ;           ; Rise       ; Enable          ;
;  IO[24]   ; Enable     ; 8.913     ;           ; Rise       ; Enable          ;
;  IO[25]   ; Enable     ; 5.799     ;           ; Rise       ; Enable          ;
;  IO[26]   ; Enable     ; 5.553     ;           ; Rise       ; Enable          ;
;  IO[27]   ; Enable     ; 5.530     ;           ; Rise       ; Enable          ;
;  IO[28]   ; Enable     ; 5.788     ;           ; Rise       ; Enable          ;
;  IO[29]   ; Enable     ; 9.093     ;           ; Rise       ; Enable          ;
;  IO[30]   ; Enable     ; 5.769     ;           ; Rise       ; Enable          ;
;  IO[31]   ; Enable     ; 5.563     ;           ; Rise       ; Enable          ;
; IO[*]     ; Enable     ; 5.493     ;           ; Fall       ; Enable          ;
;  IO[0]    ; Enable     ; 9.103     ;           ; Fall       ; Enable          ;
;  IO[1]    ; Enable     ; 7.964     ;           ; Fall       ; Enable          ;
;  IO[2]    ; Enable     ; 5.520     ;           ; Fall       ; Enable          ;
;  IO[3]    ; Enable     ; 5.542     ;           ; Fall       ; Enable          ;
;  IO[4]    ; Enable     ; 8.471     ;           ; Fall       ; Enable          ;
;  IO[5]    ; Enable     ; 5.788     ;           ; Fall       ; Enable          ;
;  IO[6]    ; Enable     ; 8.731     ;           ; Fall       ; Enable          ;
;  IO[7]    ; Enable     ; 8.913     ;           ; Fall       ; Enable          ;
;  IO[8]    ; Enable     ; 8.913     ;           ; Fall       ; Enable          ;
;  IO[9]    ; Enable     ; 8.487     ;           ; Fall       ; Enable          ;
;  IO[10]   ; Enable     ; 8.877     ;           ; Fall       ; Enable          ;
;  IO[11]   ; Enable     ; 5.520     ;           ; Fall       ; Enable          ;
;  IO[12]   ; Enable     ; 8.487     ;           ; Fall       ; Enable          ;
;  IO[13]   ; Enable     ; 5.799     ;           ; Fall       ; Enable          ;
;  IO[14]   ; Enable     ; 7.964     ;           ; Fall       ; Enable          ;
;  IO[15]   ; Enable     ; 8.877     ;           ; Fall       ; Enable          ;
;  IO[16]   ; Enable     ; 5.769     ;           ; Fall       ; Enable          ;
;  IO[17]   ; Enable     ; 8.461     ;           ; Fall       ; Enable          ;
;  IO[18]   ; Enable     ; 8.731     ;           ; Fall       ; Enable          ;
;  IO[19]   ; Enable     ; 5.778     ;           ; Fall       ; Enable          ;
;  IO[20]   ; Enable     ; 5.788     ;           ; Fall       ; Enable          ;
;  IO[21]   ; Enable     ; 8.913     ;           ; Fall       ; Enable          ;
;  IO[22]   ; Enable     ; 5.503     ;           ; Fall       ; Enable          ;
;  IO[23]   ; Enable     ; 5.493     ;           ; Fall       ; Enable          ;
;  IO[24]   ; Enable     ; 8.913     ;           ; Fall       ; Enable          ;
;  IO[25]   ; Enable     ; 5.799     ;           ; Fall       ; Enable          ;
;  IO[26]   ; Enable     ; 5.553     ;           ; Fall       ; Enable          ;
;  IO[27]   ; Enable     ; 5.530     ;           ; Fall       ; Enable          ;
;  IO[28]   ; Enable     ; 5.788     ;           ; Fall       ; Enable          ;
;  IO[29]   ; Enable     ; 9.093     ;           ; Fall       ; Enable          ;
;  IO[30]   ; Enable     ; 5.769     ;           ; Fall       ; Enable          ;
;  IO[31]   ; Enable     ; 5.563     ;           ; Fall       ; Enable          ;
+-----------+------------+-----------+-----------+------------+-----------------+


+-------------------------------------------------------------------------------+
; Minimum Output Disable Times                                                  ;
+-----------+------------+-----------+-----------+------------+-----------------+
; Data Port ; Clock Port ; 0 to Hi-Z ; 1 to Hi-Z ; Clock Edge ; Clock Reference ;
+-----------+------------+-----------+-----------+------------+-----------------+
; IO[*]     ; Enable     ; 5.493     ;           ; Rise       ; Enable          ;
;  IO[0]    ; Enable     ; 9.103     ;           ; Rise       ; Enable          ;
;  IO[1]    ; Enable     ; 7.964     ;           ; Rise       ; Enable          ;
;  IO[2]    ; Enable     ; 5.520     ;           ; Rise       ; Enable          ;
;  IO[3]    ; Enable     ; 5.542     ;           ; Rise       ; Enable          ;
;  IO[4]    ; Enable     ; 8.471     ;           ; Rise       ; Enable          ;
;  IO[5]    ; Enable     ; 5.788     ;           ; Rise       ; Enable          ;
;  IO[6]    ; Enable     ; 8.731     ;           ; Rise       ; Enable          ;
;  IO[7]    ; Enable     ; 8.913     ;           ; Rise       ; Enable          ;
;  IO[8]    ; Enable     ; 8.913     ;           ; Rise       ; Enable          ;
;  IO[9]    ; Enable     ; 8.487     ;           ; Rise       ; Enable          ;
;  IO[10]   ; Enable     ; 8.877     ;           ; Rise       ; Enable          ;
;  IO[11]   ; Enable     ; 5.520     ;           ; Rise       ; Enable          ;
;  IO[12]   ; Enable     ; 8.487     ;           ; Rise       ; Enable          ;
;  IO[13]   ; Enable     ; 5.799     ;           ; Rise       ; Enable          ;
;  IO[14]   ; Enable     ; 7.964     ;           ; Rise       ; Enable          ;
;  IO[15]   ; Enable     ; 8.877     ;           ; Rise       ; Enable          ;
;  IO[16]   ; Enable     ; 5.769     ;           ; Rise       ; Enable          ;
;  IO[17]   ; Enable     ; 8.461     ;           ; Rise       ; Enable          ;
;  IO[18]   ; Enable     ; 8.731     ;           ; Rise       ; Enable          ;
;  IO[19]   ; Enable     ; 5.778     ;           ; Rise       ; Enable          ;
;  IO[20]   ; Enable     ; 5.788     ;           ; Rise       ; Enable          ;
;  IO[21]   ; Enable     ; 8.913     ;           ; Rise       ; Enable          ;
;  IO[22]   ; Enable     ; 5.503     ;           ; Rise       ; Enable          ;
;  IO[23]   ; Enable     ; 5.493     ;           ; Rise       ; Enable          ;
;  IO[24]   ; Enable     ; 8.913     ;           ; Rise       ; Enable          ;
;  IO[25]   ; Enable     ; 5.799     ;           ; Rise       ; Enable          ;
;  IO[26]   ; Enable     ; 5.553     ;           ; Rise       ; Enable          ;
;  IO[27]   ; Enable     ; 5.530     ;           ; Rise       ; Enable          ;
;  IO[28]   ; Enable     ; 5.788     ;           ; Rise       ; Enable          ;
;  IO[29]   ; Enable     ; 9.093     ;           ; Rise       ; Enable          ;
;  IO[30]   ; Enable     ; 5.769     ;           ; Rise       ; Enable          ;
;  IO[31]   ; Enable     ; 5.563     ;           ; Rise       ; Enable          ;
; IO[*]     ; Enable     ; 5.493     ;           ; Fall       ; Enable          ;
;  IO[0]    ; Enable     ; 9.103     ;           ; Fall       ; Enable          ;
;  IO[1]    ; Enable     ; 7.964     ;           ; Fall       ; Enable          ;
;  IO[2]    ; Enable     ; 5.520     ;           ; Fall       ; Enable          ;
;  IO[3]    ; Enable     ; 5.542     ;           ; Fall       ; Enable          ;
;  IO[4]    ; Enable     ; 8.471     ;           ; Fall       ; Enable          ;
;  IO[5]    ; Enable     ; 5.788     ;           ; Fall       ; Enable          ;
;  IO[6]    ; Enable     ; 8.731     ;           ; Fall       ; Enable          ;
;  IO[7]    ; Enable     ; 8.913     ;           ; Fall       ; Enable          ;
;  IO[8]    ; Enable     ; 8.913     ;           ; Fall       ; Enable          ;
;  IO[9]    ; Enable     ; 8.487     ;           ; Fall       ; Enable          ;
;  IO[10]   ; Enable     ; 8.877     ;           ; Fall       ; Enable          ;
;  IO[11]   ; Enable     ; 5.520     ;           ; Fall       ; Enable          ;
;  IO[12]   ; Enable     ; 8.487     ;           ; Fall       ; Enable          ;
;  IO[13]   ; Enable     ; 5.799     ;           ; Fall       ; Enable          ;
;  IO[14]   ; Enable     ; 7.964     ;           ; Fall       ; Enable          ;
;  IO[15]   ; Enable     ; 8.877     ;           ; Fall       ; Enable          ;
;  IO[16]   ; Enable     ; 5.769     ;           ; Fall       ; Enable          ;
;  IO[17]   ; Enable     ; 8.461     ;           ; Fall       ; Enable          ;
;  IO[18]   ; Enable     ; 8.731     ;           ; Fall       ; Enable          ;
;  IO[19]   ; Enable     ; 5.778     ;           ; Fall       ; Enable          ;
;  IO[20]   ; Enable     ; 5.788     ;           ; Fall       ; Enable          ;
;  IO[21]   ; Enable     ; 8.913     ;           ; Fall       ; Enable          ;
;  IO[22]   ; Enable     ; 5.503     ;           ; Fall       ; Enable          ;
;  IO[23]   ; Enable     ; 5.493     ;           ; Fall       ; Enable          ;
;  IO[24]   ; Enable     ; 8.913     ;           ; Fall       ; Enable          ;
;  IO[25]   ; Enable     ; 5.799     ;           ; Fall       ; Enable          ;
;  IO[26]   ; Enable     ; 5.553     ;           ; Fall       ; Enable          ;
;  IO[27]   ; Enable     ; 5.530     ;           ; Fall       ; Enable          ;
;  IO[28]   ; Enable     ; 5.788     ;           ; Fall       ; Enable          ;
;  IO[29]   ; Enable     ; 9.093     ;           ; Fall       ; Enable          ;
;  IO[30]   ; Enable     ; 5.769     ;           ; Fall       ; Enable          ;
;  IO[31]   ; Enable     ; 5.563     ;           ; Fall       ; Enable          ;
+-----------+------------+-----------+-----------+------------+-----------------+


+-------------------------------+
; Fast Model Setup Summary      ;
+-------+-------+---------------+
; Clock ; Slack ; End Point TNS ;
+-------+-------+---------------+
; CLK   ; 0.091 ; 0.000         ;
+-------+-------+---------------+


+--------------------------------+
; Fast Model Hold Summary        ;
+-------+--------+---------------+
; Clock ; Slack  ; End Point TNS ;
+-------+--------+---------------+
; CLK   ; -0.117 ; -0.756        ;
+-------+--------+---------------+


-------------------------------
; Fast Model Recovery Summary ;
-------------------------------
No paths to report.


------------------------------
; Fast Model Removal Summary ;
------------------------------
No paths to report.


+----------------------------------------+
; Fast Model Minimum Pulse Width Summary ;
+--------+--------+----------------------+
; Clock  ; Slack  ; End Point TNS        ;
+--------+--------+----------------------+
; Enable ; -2.244 ; -6472.648            ;
; CLK    ; -1.222 ; -11.222              ;
+--------+--------+----------------------+


+---------------------------------------------------------------------------------------------------------------------+
; Fast Model Setup: 'CLK'                                                                                             ;
+-------+-------------------+-------------------+--------------+-------------+--------------+------------+------------+
; Slack ; From Node         ; To Node           ; Launch Clock ; Latch Clock ; Relationship ; Clock Skew ; Data Delay ;
+-------+-------------------+-------------------+--------------+-------------+--------------+------------+------------+
; 0.091 ; TOP-1:inst7|inst4 ; TOP-1:inst7|inst1 ; CLK          ; CLK         ; 1.000        ; 0.000      ; 0.941      ;
; 0.093 ; TOP:inst6|inst2   ; TOP:inst6|inst    ; CLK          ; CLK         ; 1.000        ; 0.000      ; 0.939      ;
; 0.096 ; TOP-1:inst7|inst4 ; TOP-1:inst7|inst  ; CLK          ; CLK         ; 1.000        ; 0.000      ; 0.936      ;
; 0.113 ; Enable            ; TOP-1:inst7|inst1 ; Enable       ; CLK         ; 0.500        ; 1.679      ; 2.098      ;
; 0.115 ; TOP:inst6|inst1   ; TOP:inst6|inst    ; CLK          ; CLK         ; 1.000        ; 0.000      ; 0.917      ;
; 0.118 ; Enable            ; TOP-1:inst7|inst  ; Enable       ; CLK         ; 0.500        ; 1.679      ; 2.093      ;
; 0.138 ; TOP:inst6|inst3   ; TOP:inst6|inst2   ; CLK          ; CLK         ; 1.000        ; 0.000      ; 0.894      ;
; 0.144 ; TOP:inst6|inst4   ; TOP:inst6|inst    ; CLK          ; CLK         ; 1.000        ; 0.000      ; 0.888      ;
; 0.166 ; TOP:inst6|inst3   ; TOP:inst6|inst3   ; CLK          ; CLK         ; 1.000        ; 0.000      ; 0.866      ;
; 0.168 ; TOP-1:inst7|inst3 ; TOP-1:inst7|inst1 ; CLK          ; CLK         ; 1.000        ; 0.000      ; 0.864      ;
; 0.173 ; TOP-1:inst7|inst3 ; TOP-1:inst7|inst  ; CLK          ; CLK         ; 1.000        ; 0.000      ; 0.859      ;
; 0.201 ; TOP:inst6|inst4   ; TOP:inst6|inst2   ; CLK          ; CLK         ; 1.000        ; 0.000      ; 0.831      ;
; 0.223 ; TOP:inst6|inst4   ; TOP:inst6|inst3   ; CLK          ; CLK         ; 1.000        ; 0.000      ; 0.809      ;
; 0.224 ; TOP:inst6|inst3   ; TOP:inst6|inst    ; CLK          ; CLK         ; 1.000        ; 0.000      ; 0.808      ;
; 0.234 ; TOP:inst6|inst2   ; TOP:inst6|inst1   ; CLK          ; CLK         ; 1.000        ; 0.000      ; 0.798      ;
; 0.234 ; TOP-1:inst7|inst4 ; TOP-1:inst7|inst2 ; CLK          ; CLK         ; 1.000        ; 0.000      ; 0.798      ;
; 0.238 ; Enable            ; TOP-1:inst7|inst2 ; Enable       ; CLK         ; 0.500        ; 1.679      ; 1.973      ;
; 0.243 ; TOP:inst6|inst3   ; TOP:inst6|inst1   ; CLK          ; CLK         ; 1.000        ; 0.000      ; 0.789      ;
; 0.256 ; TOP-1:inst7|inst2 ; TOP-1:inst7|inst  ; CLK          ; CLK         ; 1.000        ; 0.000      ; 0.776      ;
; 0.269 ; TOP-1:inst7|inst3 ; TOP-1:inst7|inst3 ; CLK          ; CLK         ; 1.000        ; 0.000      ; 0.763      ;
; 0.278 ; TOP:inst6|inst4   ; TOP:inst6|inst1   ; CLK          ; CLK         ; 1.000        ; 0.000      ; 0.754      ;
; 0.288 ; TOP-1:inst7|inst3 ; TOP-1:inst7|inst2 ; CLK          ; CLK         ; 1.000        ; 0.000      ; 0.744      ;
; 0.338 ; TOP-1:inst7|inst4 ; TOP-1:inst7|inst3 ; CLK          ; CLK         ; 1.000        ; 0.000      ; 0.694      ;
; 0.359 ; Enable            ; TOP-1:inst7|inst4 ; Enable       ; CLK         ; 0.500        ; 1.679      ; 1.852      ;
; 0.408 ; Enable            ; TOP:inst6|inst1   ; Enable       ; CLK         ; 0.500        ; 1.392      ; 1.516      ;
; 0.412 ; TOP-1:inst7|inst1 ; TOP-1:inst7|inst  ; CLK          ; CLK         ; 1.000        ; 0.000      ; 0.620      ;
; 0.415 ; TOP-1:inst7|inst2 ; TOP-1:inst7|inst1 ; CLK          ; CLK         ; 1.000        ; 0.000      ; 0.617      ;
; 0.429 ; Enable            ; TOP:inst6|inst2   ; Enable       ; CLK         ; 0.500        ; 1.392      ; 1.495      ;
; 0.451 ; Enable            ; TOP:inst6|inst3   ; Enable       ; CLK         ; 0.500        ; 1.392      ; 1.473      ;
; 0.482 ; Enable            ; TOP:inst6|inst4   ; Enable       ; CLK         ; 0.500        ; 1.392      ; 1.442      ;
; 0.493 ; Enable            ; TOP:inst6|inst    ; Enable       ; CLK         ; 0.500        ; 1.392      ; 1.431      ;
; 0.497 ; Enable            ; TOP-1:inst7|inst3 ; Enable       ; CLK         ; 0.500        ; 1.679      ; 1.714      ;
; 0.613 ; Enable            ; TOP-1:inst7|inst1 ; Enable       ; CLK         ; 1.000        ; 1.679      ; 2.098      ;
; 0.618 ; Enable            ; TOP-1:inst7|inst  ; Enable       ; CLK         ; 1.000        ; 1.679      ; 2.093      ;
; 0.665 ; TOP:inst6|inst4   ; TOP:inst6|inst4   ; CLK          ; CLK         ; 1.000        ; 0.000      ; 0.367      ;
; 0.665 ; TOP-1:inst7|inst4 ; TOP-1:inst7|inst4 ; CLK          ; CLK         ; 1.000        ; 0.000      ; 0.367      ;
; 0.665 ; TOP-1:inst7|inst1 ; TOP-1:inst7|inst1 ; CLK          ; CLK         ; 1.000        ; 0.000      ; 0.367      ;
; 0.665 ; TOP:inst6|inst    ; TOP:inst6|inst    ; CLK          ; CLK         ; 1.000        ; 0.000      ; 0.367      ;
; 0.665 ; TOP-1:inst7|inst  ; TOP-1:inst7|inst  ; CLK          ; CLK         ; 1.000        ; 0.000      ; 0.367      ;
; 0.665 ; TOP:inst6|inst2   ; TOP:inst6|inst2   ; CLK          ; CLK         ; 1.000        ; 0.000      ; 0.367      ;
; 0.665 ; TOP:inst6|inst1   ; TOP:inst6|inst1   ; CLK          ; CLK         ; 1.000        ; 0.000      ; 0.367      ;
; 0.665 ; TOP-1:inst7|inst2 ; TOP-1:inst7|inst2 ; CLK          ; CLK         ; 1.000        ; 0.000      ; 0.367      ;
; 0.738 ; Enable            ; TOP-1:inst7|inst2 ; Enable       ; CLK         ; 1.000        ; 1.679      ; 1.973      ;
; 0.859 ; Enable            ; TOP-1:inst7|inst4 ; Enable       ; CLK         ; 1.000        ; 1.679      ; 1.852      ;
; 0.908 ; Enable            ; TOP:inst6|inst1   ; Enable       ; CLK         ; 1.000        ; 1.392      ; 1.516      ;
; 0.929 ; Enable            ; TOP:inst6|inst2   ; Enable       ; CLK         ; 1.000        ; 1.392      ; 1.495      ;
; 0.951 ; Enable            ; TOP:inst6|inst3   ; Enable       ; CLK         ; 1.000        ; 1.392      ; 1.473      ;
; 0.982 ; Enable            ; TOP:inst6|inst4   ; Enable       ; CLK         ; 1.000        ; 1.392      ; 1.442      ;
; 0.993 ; Enable            ; TOP:inst6|inst    ; Enable       ; CLK         ; 1.000        ; 1.392      ; 1.431      ;
; 0.997 ; Enable            ; TOP-1:inst7|inst3 ; Enable       ; CLK         ; 1.000        ; 1.679      ; 1.714      ;
+-------+-------------------+-------------------+--------------+-------------+--------------+------------+------------+


+----------------------------------------------------------------------------------------------------------------------+
; Fast Model Hold: 'CLK'                                                                                               ;
+--------+-------------------+-------------------+--------------+-------------+--------------+------------+------------+
; Slack  ; From Node         ; To Node           ; Launch Clock ; Latch Clock ; Relationship ; Clock Skew ; Data Delay ;
+--------+-------------------+-------------------+--------------+-------------+--------------+------------+------------+
; -0.117 ; Enable            ; TOP-1:inst7|inst3 ; Enable       ; CLK         ; 0.000        ; 1.679      ; 1.714      ;
; -0.116 ; Enable            ; TOP-1:inst7|inst2 ; Enable       ; CLK         ; 0.000        ; 1.679      ; 1.715      ;
; -0.116 ; Enable            ; TOP-1:inst7|inst  ; Enable       ; CLK         ; 0.000        ; 1.679      ; 1.715      ;
; -0.113 ; Enable            ; TOP:inst6|inst    ; Enable       ; CLK         ; 0.000        ; 1.392      ; 1.431      ;
; -0.102 ; Enable            ; TOP:inst6|inst4   ; Enable       ; CLK         ; 0.000        ; 1.392      ; 1.442      ;
; -0.072 ; Enable            ; TOP:inst6|inst1   ; Enable       ; CLK         ; 0.000        ; 1.392      ; 1.472      ;
; -0.071 ; Enable            ; TOP:inst6|inst3   ; Enable       ; CLK         ; 0.000        ; 1.392      ; 1.473      ;
; -0.049 ; Enable            ; TOP:inst6|inst2   ; Enable       ; CLK         ; 0.000        ; 1.392      ; 1.495      ;
; 0.014  ; Enable            ; TOP-1:inst7|inst1 ; Enable       ; CLK         ; 0.000        ; 1.679      ; 1.845      ;
; 0.021  ; Enable            ; TOP-1:inst7|inst4 ; Enable       ; CLK         ; 0.000        ; 1.679      ; 1.852      ;
; 0.215  ; TOP:inst6|inst4   ; TOP:inst6|inst4   ; CLK          ; CLK         ; 0.000        ; 0.000      ; 0.367      ;
; 0.215  ; TOP:inst6|inst2   ; TOP:inst6|inst2   ; CLK          ; CLK         ; 0.000        ; 0.000      ; 0.367      ;
; 0.215  ; TOP:inst6|inst1   ; TOP:inst6|inst1   ; CLK          ; CLK         ; 0.000        ; 0.000      ; 0.367      ;
; 0.215  ; TOP:inst6|inst    ; TOP:inst6|inst    ; CLK          ; CLK         ; 0.000        ; 0.000      ; 0.367      ;
; 0.215  ; TOP-1:inst7|inst4 ; TOP-1:inst7|inst4 ; CLK          ; CLK         ; 0.000        ; 0.000      ; 0.367      ;
; 0.215  ; TOP-1:inst7|inst2 ; TOP-1:inst7|inst2 ; CLK          ; CLK         ; 0.000        ; 0.000      ; 0.367      ;
; 0.215  ; TOP-1:inst7|inst1 ; TOP-1:inst7|inst1 ; CLK          ; CLK         ; 0.000        ; 0.000      ; 0.367      ;
; 0.215  ; TOP-1:inst7|inst  ; TOP-1:inst7|inst  ; CLK          ; CLK         ; 0.000        ; 0.000      ; 0.367      ;
; 0.383  ; Enable            ; TOP-1:inst7|inst3 ; Enable       ; CLK         ; -0.500       ; 1.679      ; 1.714      ;
; 0.384  ; Enable            ; TOP-1:inst7|inst2 ; Enable       ; CLK         ; -0.500       ; 1.679      ; 1.715      ;
; 0.384  ; Enable            ; TOP-1:inst7|inst  ; Enable       ; CLK         ; -0.500       ; 1.679      ; 1.715      ;
; 0.387  ; Enable            ; TOP:inst6|inst    ; Enable       ; CLK         ; -0.500       ; 1.392      ; 1.431      ;
; 0.398  ; Enable            ; TOP:inst6|inst4   ; Enable       ; CLK         ; -0.500       ; 1.392      ; 1.442      ;
; 0.428  ; Enable            ; TOP:inst6|inst1   ; Enable       ; CLK         ; -0.500       ; 1.392      ; 1.472      ;
; 0.429  ; Enable            ; TOP:inst6|inst3   ; Enable       ; CLK         ; -0.500       ; 1.392      ; 1.473      ;
; 0.451  ; Enable            ; TOP:inst6|inst2   ; Enable       ; CLK         ; -0.500       ; 1.392      ; 1.495      ;
; 0.465  ; TOP-1:inst7|inst2 ; TOP-1:inst7|inst1 ; CLK          ; CLK         ; 0.000        ; 0.000      ; 0.617      ;
; 0.468  ; TOP-1:inst7|inst1 ; TOP-1:inst7|inst  ; CLK          ; CLK         ; 0.000        ; 0.000      ; 0.620      ;
; 0.514  ; Enable            ; TOP-1:inst7|inst1 ; Enable       ; CLK         ; -0.500       ; 1.679      ; 1.845      ;
; 0.521  ; Enable            ; TOP-1:inst7|inst4 ; Enable       ; CLK         ; -0.500       ; 1.679      ; 1.852      ;
; 0.541  ; TOP-1:inst7|inst3 ; TOP-1:inst7|inst2 ; CLK          ; CLK         ; 0.000        ; 0.000      ; 0.693      ;
; 0.542  ; TOP-1:inst7|inst4 ; TOP-1:inst7|inst3 ; CLK          ; CLK         ; 0.000        ; 0.000      ; 0.694      ;
; 0.587  ; TOP:inst6|inst3   ; TOP:inst6|inst    ; CLK          ; CLK         ; 0.000        ; 0.000      ; 0.739      ;
; 0.593  ; TOP-1:inst7|inst3 ; TOP-1:inst7|inst1 ; CLK          ; CLK         ; 0.000        ; 0.000      ; 0.745      ;
; 0.600  ; TOP-1:inst7|inst3 ; TOP-1:inst7|inst  ; CLK          ; CLK         ; 0.000        ; 0.000      ; 0.752      ;
; 0.602  ; TOP:inst6|inst4   ; TOP:inst6|inst1   ; CLK          ; CLK         ; 0.000        ; 0.000      ; 0.754      ;
; 0.611  ; TOP-1:inst7|inst3 ; TOP-1:inst7|inst3 ; CLK          ; CLK         ; 0.000        ; 0.000      ; 0.763      ;
; 0.618  ; TOP-1:inst7|inst4 ; TOP-1:inst7|inst2 ; CLK          ; CLK         ; 0.000        ; 0.000      ; 0.770      ;
; 0.624  ; TOP-1:inst7|inst2 ; TOP-1:inst7|inst  ; CLK          ; CLK         ; 0.000        ; 0.000      ; 0.776      ;
; 0.637  ; TOP:inst6|inst3   ; TOP:inst6|inst1   ; CLK          ; CLK         ; 0.000        ; 0.000      ; 0.789      ;
; 0.645  ; TOP:inst6|inst4   ; TOP:inst6|inst    ; CLK          ; CLK         ; 0.000        ; 0.000      ; 0.797      ;
; 0.646  ; TOP:inst6|inst2   ; TOP:inst6|inst1   ; CLK          ; CLK         ; 0.000        ; 0.000      ; 0.798      ;
; 0.647  ; TOP-1:inst7|inst4 ; TOP-1:inst7|inst1 ; CLK          ; CLK         ; 0.000        ; 0.000      ; 0.799      ;
; 0.654  ; TOP-1:inst7|inst4 ; TOP-1:inst7|inst  ; CLK          ; CLK         ; 0.000        ; 0.000      ; 0.806      ;
; 0.657  ; TOP:inst6|inst4   ; TOP:inst6|inst3   ; CLK          ; CLK         ; 0.000        ; 0.000      ; 0.809      ;
; 0.679  ; TOP:inst6|inst4   ; TOP:inst6|inst2   ; CLK          ; CLK         ; 0.000        ; 0.000      ; 0.831      ;
; 0.697  ; TOP:inst6|inst1   ; TOP:inst6|inst    ; CLK          ; CLK         ; 0.000        ; 0.000      ; 0.849      ;
; 0.714  ; TOP:inst6|inst3   ; TOP:inst6|inst3   ; CLK          ; CLK         ; 0.000        ; 0.000      ; 0.866      ;
; 0.719  ; TOP:inst6|inst2   ; TOP:inst6|inst    ; CLK          ; CLK         ; 0.000        ; 0.000      ; 0.871      ;
; 0.742  ; TOP:inst6|inst3   ; TOP:inst6|inst2   ; CLK          ; CLK         ; 0.000        ; 0.000      ; 0.894      ;
+--------+-------------------+-------------------+--------------+-------------+--------------+------------+------------+


+-----------------------------------------------------------------------------------------------------------------------------------------------+
; Fast Model Minimum Pulse Width: 'Enable'                                                                                                      ;
+--------+--------------+----------------+------------------+--------+------------+-------------------------------------------------------------+
; Slack  ; Actual Width ; Required Width ; Type             ; Clock  ; Clock Edge ; Target                                                      ;
+--------+--------------+----------------+------------------+--------+------------+-------------------------------------------------------------+
; -2.244 ; -1.244       ; 1.000          ; High Pulse Width ; Enable ; Rise       ; ram:inst|4x32ram:inst2|4x4ram:inst5|memory_cell:inst7|inst  ;
; -2.244 ; -1.244       ; 1.000          ; Low Pulse Width  ; Enable ; Rise       ; ram:inst|4x32ram:inst2|4x4ram:inst5|memory_cell:inst7|inst  ;
; -2.207 ; -1.207       ; 1.000          ; High Pulse Width ; Enable ; Rise       ; ram:inst|4x32ram:inst|4x4ram:inst4|memory_cell:inst7|inst   ;
; -2.207 ; -1.207       ; 1.000          ; Low Pulse Width  ; Enable ; Rise       ; ram:inst|4x32ram:inst|4x4ram:inst4|memory_cell:inst7|inst   ;
; -2.165 ; -1.165       ; 1.000          ; High Pulse Width ; Enable ; Rise       ; ram:inst|4x32ram:inst6|4x4ram:inst1|memory_cell:inst16|inst ;
; -2.165 ; -1.165       ; 1.000          ; Low Pulse Width  ; Enable ; Rise       ; ram:inst|4x32ram:inst6|4x4ram:inst1|memory_cell:inst16|inst ;
; -2.160 ; -1.160       ; 1.000          ; High Pulse Width ; Enable ; Rise       ; ram:inst|4x32ram:inst6|4x4ram:inst8|memory_cell:inst16|inst ;
; -2.160 ; -1.160       ; 1.000          ; Low Pulse Width  ; Enable ; Rise       ; ram:inst|4x32ram:inst6|4x4ram:inst8|memory_cell:inst16|inst ;
; -2.152 ; -1.152       ; 1.000          ; High Pulse Width ; Enable ; Rise       ; ram:inst|4x32ram:inst4|4x4ram:inst6|memory_cell:inst7|inst  ;
; -2.152 ; -1.152       ; 1.000          ; Low Pulse Width  ; Enable ; Rise       ; ram:inst|4x32ram:inst4|4x4ram:inst6|memory_cell:inst7|inst  ;
; -2.151 ; -1.151       ; 1.000          ; High Pulse Width ; Enable ; Rise       ; ram:inst|4x32ram:inst2|4x4ram:inst3|memory_cell:inst7|inst  ;
; -2.151 ; -1.151       ; 1.000          ; Low Pulse Width  ; Enable ; Rise       ; ram:inst|4x32ram:inst2|4x4ram:inst3|memory_cell:inst7|inst  ;
; -2.145 ; -1.145       ; 1.000          ; High Pulse Width ; Enable ; Rise       ; ram:inst|4x32ram:inst4|4x4ram:inst4|memory_cell:inst7|inst  ;
; -2.145 ; -1.145       ; 1.000          ; Low Pulse Width  ; Enable ; Rise       ; ram:inst|4x32ram:inst4|4x4ram:inst4|memory_cell:inst7|inst  ;
; -2.137 ; -1.137       ; 1.000          ; High Pulse Width ; Enable ; Rise       ; ram:inst|4x32ram:inst6|4x4ram:inst7|memory_cell:inst15|inst ;
; -2.137 ; -1.137       ; 1.000          ; Low Pulse Width  ; Enable ; Rise       ; ram:inst|4x32ram:inst6|4x4ram:inst7|memory_cell:inst15|inst ;
; -2.135 ; -1.135       ; 1.000          ; High Pulse Width ; Enable ; Rise       ; ram:inst|4x32ram:inst2|4x4ram:inst1|memory_cell:inst8|inst  ;
; -2.135 ; -1.135       ; 1.000          ; Low Pulse Width  ; Enable ; Rise       ; ram:inst|4x32ram:inst2|4x4ram:inst1|memory_cell:inst8|inst  ;
; -2.126 ; -1.126       ; 1.000          ; High Pulse Width ; Enable ; Rise       ; ram:inst|4x32ram:inst2|4x4ram:inst1|memory_cell:inst7|inst  ;
; -2.126 ; -1.126       ; 1.000          ; Low Pulse Width  ; Enable ; Rise       ; ram:inst|4x32ram:inst2|4x4ram:inst1|memory_cell:inst7|inst  ;
; -2.125 ; -1.125       ; 1.000          ; High Pulse Width ; Enable ; Rise       ; ram:inst|4x32ram:inst6|4x4ram:inst4|memory_cell:inst8|inst  ;
; -2.125 ; -1.125       ; 1.000          ; Low Pulse Width  ; Enable ; Rise       ; ram:inst|4x32ram:inst6|4x4ram:inst4|memory_cell:inst8|inst  ;
; -2.125 ; -1.125       ; 1.000          ; High Pulse Width ; Enable ; Rise       ; ram:inst|4x32ram:inst|4x4ram:inst|memory_cell:inst7|inst    ;
; -2.125 ; -1.125       ; 1.000          ; Low Pulse Width  ; Enable ; Rise       ; ram:inst|4x32ram:inst|4x4ram:inst|memory_cell:inst7|inst    ;
; -2.119 ; -1.119       ; 1.000          ; High Pulse Width ; Enable ; Rise       ; ram:inst|4x32ram:inst2|4x4ram:inst1|memory_cell:inst15|inst ;
; -2.119 ; -1.119       ; 1.000          ; Low Pulse Width  ; Enable ; Rise       ; ram:inst|4x32ram:inst2|4x4ram:inst1|memory_cell:inst15|inst ;
; -2.119 ; -1.119       ; 1.000          ; High Pulse Width ; Enable ; Rise       ; ram:inst|4x32ram:inst2|4x4ram:inst5|memory_cell:inst16|inst ;
; -2.119 ; -1.119       ; 1.000          ; Low Pulse Width  ; Enable ; Rise       ; ram:inst|4x32ram:inst2|4x4ram:inst5|memory_cell:inst16|inst ;
; -2.105 ; -1.105       ; 1.000          ; High Pulse Width ; Enable ; Rise       ; ram:inst|4x32ram:inst4|4x4ram:inst|memory_cell:inst7|inst   ;
; -2.105 ; -1.105       ; 1.000          ; Low Pulse Width  ; Enable ; Rise       ; ram:inst|4x32ram:inst4|4x4ram:inst|memory_cell:inst7|inst   ;
; -2.098 ; -1.098       ; 1.000          ; High Pulse Width ; Enable ; Rise       ; ram:inst|4x32ram:inst2|4x4ram:inst6|memory_cell:inst7|inst  ;
; -2.098 ; -1.098       ; 1.000          ; Low Pulse Width  ; Enable ; Rise       ; ram:inst|4x32ram:inst2|4x4ram:inst6|memory_cell:inst7|inst  ;
; -2.097 ; -1.097       ; 1.000          ; High Pulse Width ; Enable ; Rise       ; ram:inst|4x32ram:inst6|4x4ram:inst5|memory_cell:inst8|inst  ;
; -2.097 ; -1.097       ; 1.000          ; Low Pulse Width  ; Enable ; Rise       ; ram:inst|4x32ram:inst6|4x4ram:inst5|memory_cell:inst8|inst  ;
; -2.097 ; -1.097       ; 1.000          ; High Pulse Width ; Enable ; Rise       ; ram:inst|4x32ram:inst6|4x4ram:inst6|memory_cell:inst7|inst  ;
; -2.097 ; -1.097       ; 1.000          ; Low Pulse Width  ; Enable ; Rise       ; ram:inst|4x32ram:inst6|4x4ram:inst6|memory_cell:inst7|inst  ;
; -2.095 ; -1.095       ; 1.000          ; High Pulse Width ; Enable ; Rise       ; ram:inst|4x32ram:inst2|4x4ram:inst3|memory_cell:inst16|inst ;
; -2.095 ; -1.095       ; 1.000          ; Low Pulse Width  ; Enable ; Rise       ; ram:inst|4x32ram:inst2|4x4ram:inst3|memory_cell:inst16|inst ;
; -2.091 ; -1.091       ; 1.000          ; High Pulse Width ; Enable ; Rise       ; ram:inst|4x32ram:inst6|4x4ram:inst1|memory_cell:inst7|inst  ;
; -2.091 ; -1.091       ; 1.000          ; Low Pulse Width  ; Enable ; Rise       ; ram:inst|4x32ram:inst6|4x4ram:inst1|memory_cell:inst7|inst  ;
; -2.086 ; -1.086       ; 1.000          ; High Pulse Width ; Enable ; Rise       ; ram:inst|4x32ram:inst6|4x4ram:inst8|memory_cell:inst15|inst ;
; -2.086 ; -1.086       ; 1.000          ; Low Pulse Width  ; Enable ; Rise       ; ram:inst|4x32ram:inst6|4x4ram:inst8|memory_cell:inst15|inst ;
; -2.078 ; -1.078       ; 1.000          ; High Pulse Width ; Enable ; Rise       ; ram:inst|4x32ram:inst2|4x4ram:inst4|memory_cell:inst15|inst ;
; -2.078 ; -1.078       ; 1.000          ; Low Pulse Width  ; Enable ; Rise       ; ram:inst|4x32ram:inst2|4x4ram:inst4|memory_cell:inst15|inst ;
; -2.076 ; -1.076       ; 1.000          ; High Pulse Width ; Enable ; Rise       ; ram:inst|4x32ram:inst6|4x4ram:inst7|memory_cell:inst8|inst  ;
; -2.076 ; -1.076       ; 1.000          ; Low Pulse Width  ; Enable ; Rise       ; ram:inst|4x32ram:inst6|4x4ram:inst7|memory_cell:inst8|inst  ;
; -2.074 ; -1.074       ; 1.000          ; High Pulse Width ; Enable ; Rise       ; ram:inst|4x32ram:inst4|4x4ram:inst7|memory_cell:inst16|inst ;
; -2.074 ; -1.074       ; 1.000          ; Low Pulse Width  ; Enable ; Rise       ; ram:inst|4x32ram:inst4|4x4ram:inst7|memory_cell:inst16|inst ;
; -2.071 ; -1.071       ; 1.000          ; High Pulse Width ; Enable ; Rise       ; ram:inst|4x32ram:inst6|4x4ram:inst3|memory_cell:inst12|inst ;
; -2.071 ; -1.071       ; 1.000          ; Low Pulse Width  ; Enable ; Rise       ; ram:inst|4x32ram:inst6|4x4ram:inst3|memory_cell:inst12|inst ;
; -2.069 ; -1.069       ; 1.000          ; High Pulse Width ; Enable ; Rise       ; ram:inst|4x32ram:inst2|4x4ram:inst3|memory_cell:inst15|inst ;
; -2.069 ; -1.069       ; 1.000          ; Low Pulse Width  ; Enable ; Rise       ; ram:inst|4x32ram:inst2|4x4ram:inst3|memory_cell:inst15|inst ;
; -2.067 ; -1.067       ; 1.000          ; High Pulse Width ; Enable ; Rise       ; ram:inst|4x32ram:inst6|4x4ram:inst4|memory_cell:inst15|inst ;
; -2.067 ; -1.067       ; 1.000          ; Low Pulse Width  ; Enable ; Rise       ; ram:inst|4x32ram:inst6|4x4ram:inst4|memory_cell:inst15|inst ;
; -2.066 ; -1.066       ; 1.000          ; High Pulse Width ; Enable ; Rise       ; ram:inst|4x32ram:inst4|4x4ram:inst1|memory_cell:inst15|inst ;
; -2.066 ; -1.066       ; 1.000          ; Low Pulse Width  ; Enable ; Rise       ; ram:inst|4x32ram:inst4|4x4ram:inst1|memory_cell:inst15|inst ;
; -2.066 ; -1.066       ; 1.000          ; High Pulse Width ; Enable ; Rise       ; ram:inst|4x32ram:inst|4x4ram:inst5|memory_cell:inst15|inst  ;
; -2.066 ; -1.066       ; 1.000          ; Low Pulse Width  ; Enable ; Rise       ; ram:inst|4x32ram:inst|4x4ram:inst5|memory_cell:inst15|inst  ;
; -2.063 ; -1.063       ; 1.000          ; High Pulse Width ; Enable ; Rise       ; ram:inst|4x32ram:inst2|4x4ram:inst5|memory_cell:inst8|inst  ;
; -2.063 ; -1.063       ; 1.000          ; Low Pulse Width  ; Enable ; Rise       ; ram:inst|4x32ram:inst2|4x4ram:inst5|memory_cell:inst8|inst  ;
; -2.062 ; -1.062       ; 1.000          ; High Pulse Width ; Enable ; Rise       ; ram:inst|4x32ram:inst2|4x4ram:inst4|memory_cell:inst12|inst ;
; -2.062 ; -1.062       ; 1.000          ; Low Pulse Width  ; Enable ; Rise       ; ram:inst|4x32ram:inst2|4x4ram:inst4|memory_cell:inst12|inst ;
; -2.062 ; -1.062       ; 1.000          ; High Pulse Width ; Enable ; Rise       ; ram:inst|4x32ram:inst2|4x4ram:inst7|memory_cell:inst15|inst ;
; -2.062 ; -1.062       ; 1.000          ; Low Pulse Width  ; Enable ; Rise       ; ram:inst|4x32ram:inst2|4x4ram:inst7|memory_cell:inst15|inst ;
; -2.061 ; -1.061       ; 1.000          ; High Pulse Width ; Enable ; Rise       ; ram:inst|4x32ram:inst|4x4ram:inst7|memory_cell:inst15|inst  ;
; -2.061 ; -1.061       ; 1.000          ; Low Pulse Width  ; Enable ; Rise       ; ram:inst|4x32ram:inst|4x4ram:inst7|memory_cell:inst15|inst  ;
; -2.060 ; -1.060       ; 1.000          ; High Pulse Width ; Enable ; Rise       ; ram:inst|4x32ram:inst|4x4ram:inst3|memory_cell:inst15|inst  ;
; -2.060 ; -1.060       ; 1.000          ; Low Pulse Width  ; Enable ; Rise       ; ram:inst|4x32ram:inst|4x4ram:inst3|memory_cell:inst15|inst  ;
; -2.057 ; -1.057       ; 1.000          ; High Pulse Width ; Enable ; Rise       ; ram:inst|4x32ram:inst|4x4ram:inst5|memory_cell:inst8|inst   ;
; -2.057 ; -1.057       ; 1.000          ; Low Pulse Width  ; Enable ; Rise       ; ram:inst|4x32ram:inst|4x4ram:inst5|memory_cell:inst8|inst   ;
; -2.053 ; -1.053       ; 1.000          ; High Pulse Width ; Enable ; Rise       ; ram:inst|4x32ram:inst2|4x4ram:inst6|memory_cell:inst15|inst ;
; -2.053 ; -1.053       ; 1.000          ; Low Pulse Width  ; Enable ; Rise       ; ram:inst|4x32ram:inst2|4x4ram:inst6|memory_cell:inst15|inst ;
; -2.051 ; -1.051       ; 1.000          ; High Pulse Width ; Enable ; Rise       ; ram:inst|4x32ram:inst4|4x4ram:inst8|memory_cell:inst8|inst  ;
; -2.051 ; -1.051       ; 1.000          ; Low Pulse Width  ; Enable ; Rise       ; ram:inst|4x32ram:inst4|4x4ram:inst8|memory_cell:inst8|inst  ;
; -2.047 ; -1.047       ; 1.000          ; High Pulse Width ; Enable ; Rise       ; ram:inst|4x32ram:inst4|4x4ram:inst1|memory_cell:inst7|inst  ;
; -2.047 ; -1.047       ; 1.000          ; Low Pulse Width  ; Enable ; Rise       ; ram:inst|4x32ram:inst4|4x4ram:inst1|memory_cell:inst7|inst  ;
; -2.046 ; -1.046       ; 1.000          ; High Pulse Width ; Enable ; Rise       ; ram:inst|4x32ram:inst4|4x4ram:inst3|memory_cell:inst8|inst  ;
; -2.046 ; -1.046       ; 1.000          ; Low Pulse Width  ; Enable ; Rise       ; ram:inst|4x32ram:inst4|4x4ram:inst3|memory_cell:inst8|inst  ;
; -2.045 ; -1.045       ; 1.000          ; High Pulse Width ; Enable ; Rise       ; ram:inst|4x32ram:inst6|4x4ram:inst5|memory_cell:inst15|inst ;
; -2.045 ; -1.045       ; 1.000          ; Low Pulse Width  ; Enable ; Rise       ; ram:inst|4x32ram:inst6|4x4ram:inst5|memory_cell:inst15|inst ;
; -2.038 ; -1.038       ; 1.000          ; High Pulse Width ; Enable ; Rise       ; ram:inst|4x32ram:inst2|4x4ram:inst5|memory_cell:inst15|inst ;
; -2.038 ; -1.038       ; 1.000          ; Low Pulse Width  ; Enable ; Rise       ; ram:inst|4x32ram:inst2|4x4ram:inst5|memory_cell:inst15|inst ;
; -2.037 ; -1.037       ; 1.000          ; High Pulse Width ; Enable ; Rise       ; ram:inst|4x32ram:inst|4x4ram:inst|memory_cell:inst15|inst   ;
; -2.037 ; -1.037       ; 1.000          ; Low Pulse Width  ; Enable ; Rise       ; ram:inst|4x32ram:inst|4x4ram:inst|memory_cell:inst15|inst   ;
; -2.036 ; -1.036       ; 1.000          ; High Pulse Width ; Enable ; Rise       ; ram:inst|4x32ram:inst2|4x4ram:inst8|memory_cell:inst8|inst  ;
; -2.036 ; -1.036       ; 1.000          ; Low Pulse Width  ; Enable ; Rise       ; ram:inst|4x32ram:inst2|4x4ram:inst8|memory_cell:inst8|inst  ;
; -2.036 ; -1.036       ; 1.000          ; High Pulse Width ; Enable ; Rise       ; ram:inst|4x32ram:inst4|4x4ram:inst|memory_cell:inst8|inst   ;
; -2.036 ; -1.036       ; 1.000          ; Low Pulse Width  ; Enable ; Rise       ; ram:inst|4x32ram:inst4|4x4ram:inst|memory_cell:inst8|inst   ;
; -2.035 ; -1.035       ; 1.000          ; High Pulse Width ; Enable ; Rise       ; ram:inst|4x32ram:inst6|4x4ram:inst3|memory_cell:inst15|inst ;
; -2.035 ; -1.035       ; 1.000          ; Low Pulse Width  ; Enable ; Rise       ; ram:inst|4x32ram:inst6|4x4ram:inst3|memory_cell:inst15|inst ;
; -2.033 ; -1.033       ; 1.000          ; High Pulse Width ; Enable ; Rise       ; ram:inst|4x32ram:inst2|4x4ram:inst1|memory_cell:inst16|inst ;
; -2.033 ; -1.033       ; 1.000          ; Low Pulse Width  ; Enable ; Rise       ; ram:inst|4x32ram:inst2|4x4ram:inst1|memory_cell:inst16|inst ;
; -2.029 ; -1.029       ; 1.000          ; High Pulse Width ; Enable ; Rise       ; ram:inst|4x32ram:inst2|4x4ram:inst|memory_cell:inst16|inst  ;
; -2.029 ; -1.029       ; 1.000          ; Low Pulse Width  ; Enable ; Rise       ; ram:inst|4x32ram:inst2|4x4ram:inst|memory_cell:inst16|inst  ;
; -2.029 ; -1.029       ; 1.000          ; High Pulse Width ; Enable ; Rise       ; ram:inst|4x32ram:inst4|4x4ram:inst6|memory_cell:inst15|inst ;
; -2.029 ; -1.029       ; 1.000          ; Low Pulse Width  ; Enable ; Rise       ; ram:inst|4x32ram:inst4|4x4ram:inst6|memory_cell:inst15|inst ;
; -2.029 ; -1.029       ; 1.000          ; High Pulse Width ; Enable ; Rise       ; ram:inst|4x32ram:inst4|4x4ram:inst8|memory_cell:inst15|inst ;
; -2.029 ; -1.029       ; 1.000          ; Low Pulse Width  ; Enable ; Rise       ; ram:inst|4x32ram:inst4|4x4ram:inst8|memory_cell:inst15|inst ;
; -2.028 ; -1.028       ; 1.000          ; High Pulse Width ; Enable ; Rise       ; ram:inst|4x32ram:inst6|4x4ram:inst5|memory_cell:inst7|inst  ;
; -2.028 ; -1.028       ; 1.000          ; Low Pulse Width  ; Enable ; Rise       ; ram:inst|4x32ram:inst6|4x4ram:inst5|memory_cell:inst7|inst  ;
+--------+--------------+----------------+------------------+--------+------------+-------------------------------------------------------------+


+----------------------------------------------------------------------------------------------------+
; Fast Model Minimum Pulse Width: 'CLK'                                                              ;
+--------+--------------+----------------+------------------+-------+------------+-------------------+
; Slack  ; Actual Width ; Required Width ; Type             ; Clock ; Clock Edge ; Target            ;
+--------+--------------+----------------+------------------+-------+------------+-------------------+
; -1.222 ; 1.000        ; 2.222          ; Port Rate        ; CLK   ; Rise       ; CLK               ;
; -0.500 ; 0.500        ; 1.000          ; High Pulse Width ; CLK   ; Rise       ; TOP-1:inst7|inst  ;
; -0.500 ; 0.500        ; 1.000          ; Low Pulse Width  ; CLK   ; Rise       ; TOP-1:inst7|inst  ;
; -0.500 ; 0.500        ; 1.000          ; High Pulse Width ; CLK   ; Rise       ; TOP-1:inst7|inst1 ;
; -0.500 ; 0.500        ; 1.000          ; Low Pulse Width  ; CLK   ; Rise       ; TOP-1:inst7|inst1 ;
; -0.500 ; 0.500        ; 1.000          ; High Pulse Width ; CLK   ; Rise       ; TOP-1:inst7|inst2 ;
; -0.500 ; 0.500        ; 1.000          ; Low Pulse Width  ; CLK   ; Rise       ; TOP-1:inst7|inst2 ;
; -0.500 ; 0.500        ; 1.000          ; High Pulse Width ; CLK   ; Rise       ; TOP-1:inst7|inst3 ;
; -0.500 ; 0.500        ; 1.000          ; Low Pulse Width  ; CLK   ; Rise       ; TOP-1:inst7|inst3 ;
; -0.500 ; 0.500        ; 1.000          ; High Pulse Width ; CLK   ; Rise       ; TOP-1:inst7|inst4 ;
; -0.500 ; 0.500        ; 1.000          ; Low Pulse Width  ; CLK   ; Rise       ; TOP-1:inst7|inst4 ;
; -0.500 ; 0.500        ; 1.000          ; High Pulse Width ; CLK   ; Rise       ; TOP:inst6|inst    ;
; -0.500 ; 0.500        ; 1.000          ; Low Pulse Width  ; CLK   ; Rise       ; TOP:inst6|inst    ;
; -0.500 ; 0.500        ; 1.000          ; High Pulse Width ; CLK   ; Rise       ; TOP:inst6|inst1   ;
; -0.500 ; 0.500        ; 1.000          ; Low Pulse Width  ; CLK   ; Rise       ; TOP:inst6|inst1   ;
; -0.500 ; 0.500        ; 1.000          ; High Pulse Width ; CLK   ; Rise       ; TOP:inst6|inst2   ;
; -0.500 ; 0.500        ; 1.000          ; Low Pulse Width  ; CLK   ; Rise       ; TOP:inst6|inst2   ;
; -0.500 ; 0.500        ; 1.000          ; High Pulse Width ; CLK   ; Rise       ; TOP:inst6|inst3   ;
; -0.500 ; 0.500        ; 1.000          ; Low Pulse Width  ; CLK   ; Rise       ; TOP:inst6|inst3   ;
; -0.500 ; 0.500        ; 1.000          ; High Pulse Width ; CLK   ; Rise       ; TOP:inst6|inst4   ;
; -0.500 ; 0.500        ; 1.000          ; Low Pulse Width  ; CLK   ; Rise       ; TOP:inst6|inst4   ;
; 0.500  ; 0.500        ; 0.000          ; High Pulse Width ; CLK   ; Rise       ; CLK|combout       ;
; 0.500  ; 0.500        ; 0.000          ; Low Pulse Width  ; CLK   ; Rise       ; CLK|combout       ;
; 0.500  ; 0.500        ; 0.000          ; High Pulse Width ; CLK   ; Rise       ; inst6|inst1|clk   ;
; 0.500  ; 0.500        ; 0.000          ; Low Pulse Width  ; CLK   ; Rise       ; inst6|inst1|clk   ;
; 0.500  ; 0.500        ; 0.000          ; High Pulse Width ; CLK   ; Rise       ; inst6|inst2|clk   ;
; 0.500  ; 0.500        ; 0.000          ; Low Pulse Width  ; CLK   ; Rise       ; inst6|inst2|clk   ;
; 0.500  ; 0.500        ; 0.000          ; High Pulse Width ; CLK   ; Rise       ; inst6|inst3|clk   ;
; 0.500  ; 0.500        ; 0.000          ; Low Pulse Width  ; CLK   ; Rise       ; inst6|inst3|clk   ;
; 0.500  ; 0.500        ; 0.000          ; High Pulse Width ; CLK   ; Rise       ; inst6|inst4|clk   ;
; 0.500  ; 0.500        ; 0.000          ; Low Pulse Width  ; CLK   ; Rise       ; inst6|inst4|clk   ;
; 0.500  ; 0.500        ; 0.000          ; High Pulse Width ; CLK   ; Rise       ; inst6|inst|clk    ;
; 0.500  ; 0.500        ; 0.000          ; Low Pulse Width  ; CLK   ; Rise       ; inst6|inst|clk    ;
; 0.500  ; 0.500        ; 0.000          ; High Pulse Width ; CLK   ; Rise       ; inst7|inst1|clk   ;
; 0.500  ; 0.500        ; 0.000          ; Low Pulse Width  ; CLK   ; Rise       ; inst7|inst1|clk   ;
; 0.500  ; 0.500        ; 0.000          ; High Pulse Width ; CLK   ; Rise       ; inst7|inst2|clk   ;
; 0.500  ; 0.500        ; 0.000          ; Low Pulse Width  ; CLK   ; Rise       ; inst7|inst2|clk   ;
; 0.500  ; 0.500        ; 0.000          ; High Pulse Width ; CLK   ; Rise       ; inst7|inst3|clk   ;
; 0.500  ; 0.500        ; 0.000          ; Low Pulse Width  ; CLK   ; Rise       ; inst7|inst3|clk   ;
; 0.500  ; 0.500        ; 0.000          ; High Pulse Width ; CLK   ; Rise       ; inst7|inst4|clk   ;
; 0.500  ; 0.500        ; 0.000          ; Low Pulse Width  ; CLK   ; Rise       ; inst7|inst4|clk   ;
; 0.500  ; 0.500        ; 0.000          ; High Pulse Width ; CLK   ; Rise       ; inst7|inst|clk    ;
; 0.500  ; 0.500        ; 0.000          ; Low Pulse Width  ; CLK   ; Rise       ; inst7|inst|clk    ;
+--------+--------------+----------------+------------------+-------+------------+-------------------+


+-----------------------------------------------------------------------+
; Setup Times                                                           ;
+-----------+------------+-------+-------+------------+-----------------+
; Data Port ; Clock Port ; Rise  ; Fall  ; Clock Edge ; Clock Reference ;
+-----------+------------+-------+-------+------------+-----------------+
; Enable    ; CLK        ; 0.387 ; 0.387 ; Rise       ; CLK             ;
; Push/Pop  ; CLK        ; 0.502 ; 0.502 ; Rise       ; CLK             ;
; IO[*]     ; Enable     ; 2.719 ; 2.719 ; Rise       ; Enable          ;
;  IO[0]    ; Enable     ; 1.572 ; 1.572 ; Rise       ; Enable          ;
;  IO[1]    ; Enable     ; 2.021 ; 2.021 ; Rise       ; Enable          ;
;  IO[2]    ; Enable     ; 2.048 ; 2.048 ; Rise       ; Enable          ;
;  IO[3]    ; Enable     ; 1.870 ; 1.870 ; Rise       ; Enable          ;
;  IO[4]    ; Enable     ; 1.481 ; 1.481 ; Rise       ; Enable          ;
;  IO[5]    ; Enable     ; 1.854 ; 1.854 ; Rise       ; Enable          ;
;  IO[6]    ; Enable     ; 1.896 ; 1.896 ; Rise       ; Enable          ;
;  IO[7]    ; Enable     ; 1.901 ; 1.901 ; Rise       ; Enable          ;
;  IO[8]    ; Enable     ; 2.719 ; 2.719 ; Rise       ; Enable          ;
;  IO[9]    ; Enable     ; 1.934 ; 1.934 ; Rise       ; Enable          ;
;  IO[10]   ; Enable     ; 2.370 ; 2.370 ; Rise       ; Enable          ;
;  IO[11]   ; Enable     ; 1.812 ; 1.812 ; Rise       ; Enable          ;
;  IO[12]   ; Enable     ; 2.317 ; 2.317 ; Rise       ; Enable          ;
;  IO[13]   ; Enable     ; 2.292 ; 2.292 ; Rise       ; Enable          ;
;  IO[14]   ; Enable     ; 1.976 ; 1.976 ; Rise       ; Enable          ;
;  IO[15]   ; Enable     ; 2.241 ; 2.241 ; Rise       ; Enable          ;
;  IO[16]   ; Enable     ; 1.679 ; 1.679 ; Rise       ; Enable          ;
;  IO[17]   ; Enable     ; 1.904 ; 1.904 ; Rise       ; Enable          ;
;  IO[18]   ; Enable     ; 2.371 ; 2.371 ; Rise       ; Enable          ;
;  IO[19]   ; Enable     ; 1.892 ; 1.892 ; Rise       ; Enable          ;
;  IO[20]   ; Enable     ; 1.722 ; 1.722 ; Rise       ; Enable          ;
;  IO[21]   ; Enable     ; 1.826 ; 1.826 ; Rise       ; Enable          ;
;  IO[22]   ; Enable     ; 2.093 ; 2.093 ; Rise       ; Enable          ;
;  IO[23]   ; Enable     ; 1.731 ; 1.731 ; Rise       ; Enable          ;
;  IO[24]   ; Enable     ; 2.169 ; 2.169 ; Rise       ; Enable          ;
;  IO[25]   ; Enable     ; 2.189 ; 2.189 ; Rise       ; Enable          ;
;  IO[26]   ; Enable     ; 2.181 ; 2.181 ; Rise       ; Enable          ;
;  IO[27]   ; Enable     ; 1.858 ; 1.858 ; Rise       ; Enable          ;
;  IO[28]   ; Enable     ; 2.321 ; 2.321 ; Rise       ; Enable          ;
;  IO[29]   ; Enable     ; 2.116 ; 2.116 ; Rise       ; Enable          ;
;  IO[30]   ; Enable     ; 2.135 ; 2.135 ; Rise       ; Enable          ;
;  IO[31]   ; Enable     ; 2.397 ; 2.397 ; Rise       ; Enable          ;
; IO[*]     ; Enable     ; 2.408 ; 2.408 ; Fall       ; Enable          ;
;  IO[0]    ; Enable     ; 1.368 ; 1.368 ; Fall       ; Enable          ;
;  IO[1]    ; Enable     ; 1.473 ; 1.473 ; Fall       ; Enable          ;
;  IO[2]    ; Enable     ; 1.601 ; 1.601 ; Fall       ; Enable          ;
;  IO[3]    ; Enable     ; 1.501 ; 1.501 ; Fall       ; Enable          ;
;  IO[4]    ; Enable     ; 1.298 ; 1.298 ; Fall       ; Enable          ;
;  IO[5]    ; Enable     ; 1.341 ; 1.341 ; Fall       ; Enable          ;
;  IO[6]    ; Enable     ; 1.561 ; 1.561 ; Fall       ; Enable          ;
;  IO[7]    ; Enable     ; 1.665 ; 1.665 ; Fall       ; Enable          ;
;  IO[8]    ; Enable     ; 2.408 ; 2.408 ; Fall       ; Enable          ;
;  IO[9]    ; Enable     ; 1.489 ; 1.489 ; Fall       ; Enable          ;
;  IO[10]   ; Enable     ; 1.960 ; 1.960 ; Fall       ; Enable          ;
;  IO[11]   ; Enable     ; 1.449 ; 1.449 ; Fall       ; Enable          ;
;  IO[12]   ; Enable     ; 1.964 ; 1.964 ; Fall       ; Enable          ;
;  IO[13]   ; Enable     ; 1.871 ; 1.871 ; Fall       ; Enable          ;
;  IO[14]   ; Enable     ; 1.409 ; 1.409 ; Fall       ; Enable          ;
;  IO[15]   ; Enable     ; 1.940 ; 1.940 ; Fall       ; Enable          ;
;  IO[16]   ; Enable     ; 1.295 ; 1.295 ; Fall       ; Enable          ;
;  IO[17]   ; Enable     ; 1.543 ; 1.543 ; Fall       ; Enable          ;
;  IO[18]   ; Enable     ; 1.988 ; 1.988 ; Fall       ; Enable          ;
;  IO[19]   ; Enable     ; 1.512 ; 1.512 ; Fall       ; Enable          ;
;  IO[20]   ; Enable     ; 1.602 ; 1.602 ; Fall       ; Enable          ;
;  IO[21]   ; Enable     ; 1.517 ; 1.517 ; Fall       ; Enable          ;
;  IO[22]   ; Enable     ; 1.746 ; 1.746 ; Fall       ; Enable          ;
;  IO[23]   ; Enable     ; 1.377 ; 1.377 ; Fall       ; Enable          ;
;  IO[24]   ; Enable     ; 1.807 ; 1.807 ; Fall       ; Enable          ;
;  IO[25]   ; Enable     ; 1.939 ; 1.939 ; Fall       ; Enable          ;
;  IO[26]   ; Enable     ; 1.807 ; 1.807 ; Fall       ; Enable          ;
;  IO[27]   ; Enable     ; 1.443 ; 1.443 ; Fall       ; Enable          ;
;  IO[28]   ; Enable     ; 2.013 ; 2.013 ; Fall       ; Enable          ;
;  IO[29]   ; Enable     ; 1.794 ; 1.794 ; Fall       ; Enable          ;
;  IO[30]   ; Enable     ; 1.595 ; 1.595 ; Fall       ; Enable          ;
;  IO[31]   ; Enable     ; 1.813 ; 1.813 ; Fall       ; Enable          ;
+-----------+------------+-------+-------+------------+-----------------+


+-------------------------------------------------------------------------+
; Hold Times                                                              ;
+-----------+------------+--------+--------+------------+-----------------+
; Data Port ; Clock Port ; Rise   ; Fall   ; Clock Edge ; Clock Reference ;
+-----------+------------+--------+--------+------------+-----------------+
; Enable    ; CLK        ; 0.117  ; 0.117  ; Rise       ; CLK             ;
; Push/Pop  ; CLK        ; 0.269  ; 0.269  ; Rise       ; CLK             ;
; IO[*]     ; Enable     ; 0.661  ; 0.661  ; Rise       ; Enable          ;
;  IO[0]    ; Enable     ; 0.244  ; 0.244  ; Rise       ; Enable          ;
;  IO[1]    ; Enable     ; 0.214  ; 0.214  ; Rise       ; Enable          ;
;  IO[2]    ; Enable     ; 0.227  ; 0.227  ; Rise       ; Enable          ;
;  IO[3]    ; Enable     ; 0.384  ; 0.384  ; Rise       ; Enable          ;
;  IO[4]    ; Enable     ; 0.321  ; 0.321  ; Rise       ; Enable          ;
;  IO[5]    ; Enable     ; 0.458  ; 0.458  ; Rise       ; Enable          ;
;  IO[6]    ; Enable     ; 0.380  ; 0.380  ; Rise       ; Enable          ;
;  IO[7]    ; Enable     ; 0.327  ; 0.327  ; Rise       ; Enable          ;
;  IO[8]    ; Enable     ; 0.073  ; 0.073  ; Rise       ; Enable          ;
;  IO[9]    ; Enable     ; 0.177  ; 0.177  ; Rise       ; Enable          ;
;  IO[10]   ; Enable     ; 0.265  ; 0.265  ; Rise       ; Enable          ;
;  IO[11]   ; Enable     ; 0.541  ; 0.541  ; Rise       ; Enable          ;
;  IO[12]   ; Enable     ; -0.140 ; -0.140 ; Rise       ; Enable          ;
;  IO[13]   ; Enable     ; -0.226 ; -0.226 ; Rise       ; Enable          ;
;  IO[14]   ; Enable     ; 0.106  ; 0.106  ; Rise       ; Enable          ;
;  IO[15]   ; Enable     ; 0.331  ; 0.331  ; Rise       ; Enable          ;
;  IO[16]   ; Enable     ; 0.661  ; 0.661  ; Rise       ; Enable          ;
;  IO[17]   ; Enable     ; 0.457  ; 0.457  ; Rise       ; Enable          ;
;  IO[18]   ; Enable     ; 0.322  ; 0.322  ; Rise       ; Enable          ;
;  IO[19]   ; Enable     ; 0.533  ; 0.533  ; Rise       ; Enable          ;
;  IO[20]   ; Enable     ; 0.618  ; 0.618  ; Rise       ; Enable          ;
;  IO[21]   ; Enable     ; 0.286  ; 0.286  ; Rise       ; Enable          ;
;  IO[22]   ; Enable     ; 0.219  ; 0.219  ; Rise       ; Enable          ;
;  IO[23]   ; Enable     ; 0.504  ; 0.504  ; Rise       ; Enable          ;
;  IO[24]   ; Enable     ; 0.499  ; 0.499  ; Rise       ; Enable          ;
;  IO[25]   ; Enable     ; -0.133 ; -0.133 ; Rise       ; Enable          ;
;  IO[26]   ; Enable     ; 0.322  ; 0.322  ; Rise       ; Enable          ;
;  IO[27]   ; Enable     ; 0.648  ; 0.648  ; Rise       ; Enable          ;
;  IO[28]   ; Enable     ; 0.275  ; 0.275  ; Rise       ; Enable          ;
;  IO[29]   ; Enable     ; 0.477  ; 0.477  ; Rise       ; Enable          ;
;  IO[30]   ; Enable     ; 0.510  ; 0.510  ; Rise       ; Enable          ;
;  IO[31]   ; Enable     ; 0.232  ; 0.232  ; Rise       ; Enable          ;
; IO[*]     ; Enable     ; 0.736  ; 0.736  ; Fall       ; Enable          ;
;  IO[0]    ; Enable     ; 0.306  ; 0.306  ; Fall       ; Enable          ;
;  IO[1]    ; Enable     ; 0.354  ; 0.354  ; Fall       ; Enable          ;
;  IO[2]    ; Enable     ; 0.296  ; 0.296  ; Fall       ; Enable          ;
;  IO[3]    ; Enable     ; 0.574  ; 0.574  ; Fall       ; Enable          ;
;  IO[4]    ; Enable     ; 0.613  ; 0.613  ; Fall       ; Enable          ;
;  IO[5]    ; Enable     ; 0.484  ; 0.484  ; Fall       ; Enable          ;
;  IO[6]    ; Enable     ; 0.536  ; 0.536  ; Fall       ; Enable          ;
;  IO[7]    ; Enable     ; 0.655  ; 0.655  ; Fall       ; Enable          ;
;  IO[8]    ; Enable     ; 0.192  ; 0.192  ; Fall       ; Enable          ;
;  IO[9]    ; Enable     ; 0.246  ; 0.246  ; Fall       ; Enable          ;
;  IO[10]   ; Enable     ; 0.334  ; 0.334  ; Fall       ; Enable          ;
;  IO[11]   ; Enable     ; 0.658  ; 0.658  ; Fall       ; Enable          ;
;  IO[12]   ; Enable     ; -0.142 ; -0.142 ; Fall       ; Enable          ;
;  IO[13]   ; Enable     ; -0.158 ; -0.158 ; Fall       ; Enable          ;
;  IO[14]   ; Enable     ; 0.196  ; 0.196  ; Fall       ; Enable          ;
;  IO[15]   ; Enable     ; 0.589  ; 0.589  ; Fall       ; Enable          ;
;  IO[16]   ; Enable     ; 0.736  ; 0.736  ; Fall       ; Enable          ;
;  IO[17]   ; Enable     ; 0.526  ; 0.526  ; Fall       ; Enable          ;
;  IO[18]   ; Enable     ; 0.400  ; 0.400  ; Fall       ; Enable          ;
;  IO[19]   ; Enable     ; 0.656  ; 0.656  ; Fall       ; Enable          ;
;  IO[20]   ; Enable     ; 0.670  ; 0.670  ; Fall       ; Enable          ;
;  IO[21]   ; Enable     ; 0.487  ; 0.487  ; Fall       ; Enable          ;
;  IO[22]   ; Enable     ; 0.264  ; 0.264  ; Fall       ; Enable          ;
;  IO[23]   ; Enable     ; 0.323  ; 0.323  ; Fall       ; Enable          ;
;  IO[24]   ; Enable     ; 0.515  ; 0.515  ; Fall       ; Enable          ;
;  IO[25]   ; Enable     ; -0.113 ; -0.113 ; Fall       ; Enable          ;
;  IO[26]   ; Enable     ; 0.366  ; 0.366  ; Fall       ; Enable          ;
;  IO[27]   ; Enable     ; 0.477  ; 0.477  ; Fall       ; Enable          ;
;  IO[28]   ; Enable     ; 0.349  ; 0.349  ; Fall       ; Enable          ;
;  IO[29]   ; Enable     ; 0.628  ; 0.628  ; Fall       ; Enable          ;
;  IO[30]   ; Enable     ; 0.579  ; 0.579  ; Fall       ; Enable          ;
;  IO[31]   ; Enable     ; 0.164  ; 0.164  ; Fall       ; Enable          ;
+-----------+------------+--------+--------+------------+-----------------+


+-----------------------------------------------------------------------+
; Clock to Output Times                                                 ;
+-----------+------------+-------+-------+------------+-----------------+
; Data Port ; Clock Port ; Rise  ; Fall  ; Clock Edge ; Clock Reference ;
+-----------+------------+-------+-------+------------+-----------------+
; Empty     ; CLK        ; 4.318 ; 4.318 ; Rise       ; CLK             ;
; Full      ; CLK        ; 4.127 ; 4.127 ; Rise       ; CLK             ;
; IO[*]     ; CLK        ; 9.099 ; 9.099 ; Rise       ; CLK             ;
;  IO[0]    ; CLK        ; 8.069 ; 8.069 ; Rise       ; CLK             ;
;  IO[1]    ; CLK        ; 7.981 ; 7.981 ; Rise       ; CLK             ;
;  IO[2]    ; CLK        ; 8.285 ; 8.285 ; Rise       ; CLK             ;
;  IO[3]    ; CLK        ; 8.189 ; 8.189 ; Rise       ; CLK             ;
;  IO[4]    ; CLK        ; 7.977 ; 7.977 ; Rise       ; CLK             ;
;  IO[5]    ; CLK        ; 7.764 ; 7.764 ; Rise       ; CLK             ;
;  IO[6]    ; CLK        ; 7.759 ; 7.759 ; Rise       ; CLK             ;
;  IO[7]    ; CLK        ; 8.355 ; 8.355 ; Rise       ; CLK             ;
;  IO[8]    ; CLK        ; 8.166 ; 8.166 ; Rise       ; CLK             ;
;  IO[9]    ; CLK        ; 8.150 ; 8.150 ; Rise       ; CLK             ;
;  IO[10]   ; CLK        ; 7.875 ; 7.875 ; Rise       ; CLK             ;
;  IO[11]   ; CLK        ; 7.810 ; 7.810 ; Rise       ; CLK             ;
;  IO[12]   ; CLK        ; 7.943 ; 7.943 ; Rise       ; CLK             ;
;  IO[13]   ; CLK        ; 7.934 ; 7.934 ; Rise       ; CLK             ;
;  IO[14]   ; CLK        ; 8.149 ; 8.149 ; Rise       ; CLK             ;
;  IO[15]   ; CLK        ; 8.091 ; 8.091 ; Rise       ; CLK             ;
;  IO[16]   ; CLK        ; 8.139 ; 8.139 ; Rise       ; CLK             ;
;  IO[17]   ; CLK        ; 8.189 ; 8.189 ; Rise       ; CLK             ;
;  IO[18]   ; CLK        ; 7.996 ; 7.996 ; Rise       ; CLK             ;
;  IO[19]   ; CLK        ; 8.248 ; 8.248 ; Rise       ; CLK             ;
;  IO[20]   ; CLK        ; 8.507 ; 8.507 ; Rise       ; CLK             ;
;  IO[21]   ; CLK        ; 7.548 ; 7.548 ; Rise       ; CLK             ;
;  IO[22]   ; CLK        ; 8.080 ; 8.080 ; Rise       ; CLK             ;
;  IO[23]   ; CLK        ; 9.099 ; 9.099 ; Rise       ; CLK             ;
;  IO[24]   ; CLK        ; 7.755 ; 7.755 ; Rise       ; CLK             ;
;  IO[25]   ; CLK        ; 8.602 ; 8.602 ; Rise       ; CLK             ;
;  IO[26]   ; CLK        ; 8.533 ; 8.533 ; Rise       ; CLK             ;
;  IO[27]   ; CLK        ; 7.972 ; 7.972 ; Rise       ; CLK             ;
;  IO[28]   ; CLK        ; 7.822 ; 7.822 ; Rise       ; CLK             ;
;  IO[29]   ; CLK        ; 7.924 ; 7.924 ; Rise       ; CLK             ;
;  IO[30]   ; CLK        ; 8.062 ; 8.062 ; Rise       ; CLK             ;
;  IO[31]   ; CLK        ; 8.141 ; 8.141 ; Rise       ; CLK             ;
; IO[*]     ; Enable     ; 8.974 ; 8.974 ; Rise       ; Enable          ;
;  IO[0]    ; Enable     ; 8.382 ; 8.382 ; Rise       ; Enable          ;
;  IO[1]    ; Enable     ; 8.278 ; 8.278 ; Rise       ; Enable          ;
;  IO[2]    ; Enable     ; 8.553 ; 8.553 ; Rise       ; Enable          ;
;  IO[3]    ; Enable     ; 8.974 ; 8.974 ; Rise       ; Enable          ;
;  IO[4]    ; Enable     ; 8.434 ; 8.434 ; Rise       ; Enable          ;
;  IO[5]    ; Enable     ; 8.364 ; 8.364 ; Rise       ; Enable          ;
;  IO[6]    ; Enable     ; 8.166 ; 8.166 ; Rise       ; Enable          ;
;  IO[7]    ; Enable     ; 8.615 ; 8.615 ; Rise       ; Enable          ;
;  IO[8]    ; Enable     ; 8.430 ; 8.430 ; Rise       ; Enable          ;
;  IO[9]    ; Enable     ; 8.195 ; 8.195 ; Rise       ; Enable          ;
;  IO[10]   ; Enable     ; 8.039 ; 8.039 ; Rise       ; Enable          ;
;  IO[11]   ; Enable     ; 8.517 ; 8.517 ; Rise       ; Enable          ;
;  IO[12]   ; Enable     ; 8.363 ; 8.363 ; Rise       ; Enable          ;
;  IO[13]   ; Enable     ; 8.266 ; 8.266 ; Rise       ; Enable          ;
;  IO[14]   ; Enable     ; 8.416 ; 8.416 ; Rise       ; Enable          ;
;  IO[15]   ; Enable     ; 8.831 ; 8.831 ; Rise       ; Enable          ;
;  IO[16]   ; Enable     ; 8.355 ; 8.355 ; Rise       ; Enable          ;
;  IO[17]   ; Enable     ; 8.380 ; 8.380 ; Rise       ; Enable          ;
;  IO[18]   ; Enable     ; 8.742 ; 8.742 ; Rise       ; Enable          ;
;  IO[19]   ; Enable     ; 8.445 ; 8.445 ; Rise       ; Enable          ;
;  IO[20]   ; Enable     ; 8.643 ; 8.643 ; Rise       ; Enable          ;
;  IO[21]   ; Enable     ; 8.156 ; 8.156 ; Rise       ; Enable          ;
;  IO[22]   ; Enable     ; 8.514 ; 8.514 ; Rise       ; Enable          ;
;  IO[23]   ; Enable     ; 8.886 ; 8.886 ; Rise       ; Enable          ;
;  IO[24]   ; Enable     ; 8.104 ; 8.104 ; Rise       ; Enable          ;
;  IO[25]   ; Enable     ; 8.673 ; 8.673 ; Rise       ; Enable          ;
;  IO[26]   ; Enable     ; 8.572 ; 8.572 ; Rise       ; Enable          ;
;  IO[27]   ; Enable     ; 8.448 ; 8.448 ; Rise       ; Enable          ;
;  IO[28]   ; Enable     ; 8.039 ; 8.039 ; Rise       ; Enable          ;
;  IO[29]   ; Enable     ; 8.586 ; 8.586 ; Rise       ; Enable          ;
;  IO[30]   ; Enable     ; 8.348 ; 8.348 ; Rise       ; Enable          ;
;  IO[31]   ; Enable     ; 8.924 ; 8.924 ; Rise       ; Enable          ;
; IO[*]     ; Enable     ; 9.181 ; 9.181 ; Fall       ; Enable          ;
;  IO[0]    ; Enable     ; 8.356 ; 8.356 ; Fall       ; Enable          ;
;  IO[1]    ; Enable     ; 8.616 ; 8.616 ; Fall       ; Enable          ;
;  IO[2]    ; Enable     ; 8.648 ; 8.648 ; Fall       ; Enable          ;
;  IO[3]    ; Enable     ; 8.952 ; 8.952 ; Fall       ; Enable          ;
;  IO[4]    ; Enable     ; 8.408 ; 8.408 ; Fall       ; Enable          ;
;  IO[5]    ; Enable     ; 8.338 ; 8.338 ; Fall       ; Enable          ;
;  IO[6]    ; Enable     ; 8.232 ; 8.232 ; Fall       ; Enable          ;
;  IO[7]    ; Enable     ; 8.700 ; 8.700 ; Fall       ; Enable          ;
;  IO[8]    ; Enable     ; 8.587 ; 8.587 ; Fall       ; Enable          ;
;  IO[9]    ; Enable     ; 8.533 ; 8.533 ; Fall       ; Enable          ;
;  IO[10]   ; Enable     ; 8.377 ; 8.377 ; Fall       ; Enable          ;
;  IO[11]   ; Enable     ; 8.495 ; 8.495 ; Fall       ; Enable          ;
;  IO[12]   ; Enable     ; 8.601 ; 8.601 ; Fall       ; Enable          ;
;  IO[13]   ; Enable     ; 8.485 ; 8.485 ; Fall       ; Enable          ;
;  IO[14]   ; Enable     ; 8.426 ; 8.426 ; Fall       ; Enable          ;
;  IO[15]   ; Enable     ; 8.982 ; 8.982 ; Fall       ; Enable          ;
;  IO[16]   ; Enable     ; 8.333 ; 8.333 ; Fall       ; Enable          ;
;  IO[17]   ; Enable     ; 8.619 ; 8.619 ; Fall       ; Enable          ;
;  IO[18]   ; Enable     ; 8.716 ; 8.716 ; Fall       ; Enable          ;
;  IO[19]   ; Enable     ; 8.513 ; 8.513 ; Fall       ; Enable          ;
;  IO[20]   ; Enable     ; 8.617 ; 8.617 ; Fall       ; Enable          ;
;  IO[21]   ; Enable     ; 8.175 ; 8.175 ; Fall       ; Enable          ;
;  IO[22]   ; Enable     ; 8.492 ; 8.492 ; Fall       ; Enable          ;
;  IO[23]   ; Enable     ; 9.127 ; 9.127 ; Fall       ; Enable          ;
;  IO[24]   ; Enable     ; 8.177 ; 8.177 ; Fall       ; Enable          ;
;  IO[25]   ; Enable     ; 8.955 ; 8.955 ; Fall       ; Enable          ;
;  IO[26]   ; Enable     ; 8.813 ; 8.813 ; Fall       ; Enable          ;
;  IO[27]   ; Enable     ; 8.426 ; 8.426 ; Fall       ; Enable          ;
;  IO[28]   ; Enable     ; 8.171 ; 8.171 ; Fall       ; Enable          ;
;  IO[29]   ; Enable     ; 8.669 ; 8.669 ; Fall       ; Enable          ;
;  IO[30]   ; Enable     ; 8.326 ; 8.326 ; Fall       ; Enable          ;
;  IO[31]   ; Enable     ; 9.181 ; 9.181 ; Fall       ; Enable          ;
+-----------+------------+-------+-------+------------+-----------------+


+-----------------------------------------------------------------------+
; Minimum Clock to Output Times                                         ;
+-----------+------------+-------+-------+------------+-----------------+
; Data Port ; Clock Port ; Rise  ; Fall  ; Clock Edge ; Clock Reference ;
+-----------+------------+-------+-------+------------+-----------------+
; Empty     ; CLK        ; 3.884 ; 3.884 ; Rise       ; CLK             ;
; Full      ; CLK        ; 3.961 ; 3.961 ; Rise       ; CLK             ;
; IO[*]     ; CLK        ; 5.551 ; 5.551 ; Rise       ; CLK             ;
;  IO[0]    ; CLK        ; 5.872 ; 5.872 ; Rise       ; CLK             ;
;  IO[1]    ; CLK        ; 5.772 ; 5.772 ; Rise       ; CLK             ;
;  IO[2]    ; CLK        ; 5.674 ; 5.674 ; Rise       ; CLK             ;
;  IO[3]    ; CLK        ; 5.896 ; 5.896 ; Rise       ; CLK             ;
;  IO[4]    ; CLK        ; 6.173 ; 6.173 ; Rise       ; CLK             ;
;  IO[5]    ; CLK        ; 5.924 ; 5.924 ; Rise       ; CLK             ;
;  IO[6]    ; CLK        ; 5.967 ; 5.967 ; Rise       ; CLK             ;
;  IO[7]    ; CLK        ; 5.996 ; 5.996 ; Rise       ; CLK             ;
;  IO[8]    ; CLK        ; 6.130 ; 6.130 ; Rise       ; CLK             ;
;  IO[9]    ; CLK        ; 6.064 ; 6.064 ; Rise       ; CLK             ;
;  IO[10]   ; CLK        ; 5.987 ; 5.987 ; Rise       ; CLK             ;
;  IO[11]   ; CLK        ; 5.551 ; 5.551 ; Rise       ; CLK             ;
;  IO[12]   ; CLK        ; 5.754 ; 5.754 ; Rise       ; CLK             ;
;  IO[13]   ; CLK        ; 5.985 ; 5.985 ; Rise       ; CLK             ;
;  IO[14]   ; CLK        ; 5.846 ; 5.846 ; Rise       ; CLK             ;
;  IO[15]   ; CLK        ; 6.367 ; 6.367 ; Rise       ; CLK             ;
;  IO[16]   ; CLK        ; 5.767 ; 5.767 ; Rise       ; CLK             ;
;  IO[17]   ; CLK        ; 5.993 ; 5.993 ; Rise       ; CLK             ;
;  IO[18]   ; CLK        ; 6.168 ; 6.168 ; Rise       ; CLK             ;
;  IO[19]   ; CLK        ; 5.998 ; 5.998 ; Rise       ; CLK             ;
;  IO[20]   ; CLK        ; 5.876 ; 5.876 ; Rise       ; CLK             ;
;  IO[21]   ; CLK        ; 5.923 ; 5.923 ; Rise       ; CLK             ;
;  IO[22]   ; CLK        ; 5.975 ; 5.975 ; Rise       ; CLK             ;
;  IO[23]   ; CLK        ; 5.842 ; 5.842 ; Rise       ; CLK             ;
;  IO[24]   ; CLK        ; 6.091 ; 6.091 ; Rise       ; CLK             ;
;  IO[25]   ; CLK        ; 6.223 ; 6.223 ; Rise       ; CLK             ;
;  IO[26]   ; CLK        ; 6.008 ; 6.008 ; Rise       ; CLK             ;
;  IO[27]   ; CLK        ; 5.740 ; 5.740 ; Rise       ; CLK             ;
;  IO[28]   ; CLK        ; 5.903 ; 5.903 ; Rise       ; CLK             ;
;  IO[29]   ; CLK        ; 5.973 ; 5.973 ; Rise       ; CLK             ;
;  IO[30]   ; CLK        ; 5.840 ; 5.840 ; Rise       ; CLK             ;
;  IO[31]   ; CLK        ; 5.925 ; 5.925 ; Rise       ; CLK             ;
; IO[*]     ; Enable     ; 4.716 ; 4.716 ; Rise       ; Enable          ;
;  IO[0]    ; Enable     ; 5.053 ; 5.053 ; Rise       ; Enable          ;
;  IO[1]    ; Enable     ; 4.837 ; 4.837 ; Rise       ; Enable          ;
;  IO[2]    ; Enable     ; 5.170 ; 5.170 ; Rise       ; Enable          ;
;  IO[3]    ; Enable     ; 5.393 ; 5.393 ; Rise       ; Enable          ;
;  IO[4]    ; Enable     ; 5.141 ; 5.141 ; Rise       ; Enable          ;
;  IO[5]    ; Enable     ; 4.716 ; 4.716 ; Rise       ; Enable          ;
;  IO[6]    ; Enable     ; 4.957 ; 4.957 ; Rise       ; Enable          ;
;  IO[7]    ; Enable     ; 5.480 ; 5.480 ; Rise       ; Enable          ;
;  IO[8]    ; Enable     ; 5.438 ; 5.438 ; Rise       ; Enable          ;
;  IO[9]    ; Enable     ; 5.268 ; 5.268 ; Rise       ; Enable          ;
;  IO[10]   ; Enable     ; 5.317 ; 5.317 ; Rise       ; Enable          ;
;  IO[11]   ; Enable     ; 5.047 ; 5.047 ; Rise       ; Enable          ;
;  IO[12]   ; Enable     ; 5.351 ; 5.351 ; Rise       ; Enable          ;
;  IO[13]   ; Enable     ; 5.481 ; 5.481 ; Rise       ; Enable          ;
;  IO[14]   ; Enable     ; 5.149 ; 5.149 ; Rise       ; Enable          ;
;  IO[15]   ; Enable     ; 5.826 ; 5.826 ; Rise       ; Enable          ;
;  IO[16]   ; Enable     ; 5.263 ; 5.263 ; Rise       ; Enable          ;
;  IO[17]   ; Enable     ; 5.284 ; 5.284 ; Rise       ; Enable          ;
;  IO[18]   ; Enable     ; 5.006 ; 5.006 ; Rise       ; Enable          ;
;  IO[19]   ; Enable     ; 5.492 ; 5.492 ; Rise       ; Enable          ;
;  IO[20]   ; Enable     ; 4.963 ; 4.963 ; Rise       ; Enable          ;
;  IO[21]   ; Enable     ; 4.931 ; 4.931 ; Rise       ; Enable          ;
;  IO[22]   ; Enable     ; 5.022 ; 5.022 ; Rise       ; Enable          ;
;  IO[23]   ; Enable     ; 5.336 ; 5.336 ; Rise       ; Enable          ;
;  IO[24]   ; Enable     ; 5.068 ; 5.068 ; Rise       ; Enable          ;
;  IO[25]   ; Enable     ; 5.452 ; 5.452 ; Rise       ; Enable          ;
;  IO[26]   ; Enable     ; 5.502 ; 5.502 ; Rise       ; Enable          ;
;  IO[27]   ; Enable     ; 5.236 ; 5.236 ; Rise       ; Enable          ;
;  IO[28]   ; Enable     ; 4.944 ; 4.944 ; Rise       ; Enable          ;
;  IO[29]   ; Enable     ; 5.355 ; 5.355 ; Rise       ; Enable          ;
;  IO[30]   ; Enable     ; 5.299 ; 5.299 ; Rise       ; Enable          ;
;  IO[31]   ; Enable     ; 5.443 ; 5.443 ; Rise       ; Enable          ;
; IO[*]     ; Enable     ; 4.716 ; 4.716 ; Fall       ; Enable          ;
;  IO[0]    ; Enable     ; 5.053 ; 5.053 ; Fall       ; Enable          ;
;  IO[1]    ; Enable     ; 4.837 ; 4.837 ; Fall       ; Enable          ;
;  IO[2]    ; Enable     ; 5.170 ; 5.170 ; Fall       ; Enable          ;
;  IO[3]    ; Enable     ; 5.393 ; 5.393 ; Fall       ; Enable          ;
;  IO[4]    ; Enable     ; 5.141 ; 5.141 ; Fall       ; Enable          ;
;  IO[5]    ; Enable     ; 4.716 ; 4.716 ; Fall       ; Enable          ;
;  IO[6]    ; Enable     ; 4.957 ; 4.957 ; Fall       ; Enable          ;
;  IO[7]    ; Enable     ; 5.480 ; 5.480 ; Fall       ; Enable          ;
;  IO[8]    ; Enable     ; 5.438 ; 5.438 ; Fall       ; Enable          ;
;  IO[9]    ; Enable     ; 5.268 ; 5.268 ; Fall       ; Enable          ;
;  IO[10]   ; Enable     ; 5.317 ; 5.317 ; Fall       ; Enable          ;
;  IO[11]   ; Enable     ; 5.047 ; 5.047 ; Fall       ; Enable          ;
;  IO[12]   ; Enable     ; 5.515 ; 5.515 ; Fall       ; Enable          ;
;  IO[13]   ; Enable     ; 5.481 ; 5.481 ; Fall       ; Enable          ;
;  IO[14]   ; Enable     ; 5.149 ; 5.149 ; Fall       ; Enable          ;
;  IO[15]   ; Enable     ; 5.826 ; 5.826 ; Fall       ; Enable          ;
;  IO[16]   ; Enable     ; 5.263 ; 5.263 ; Fall       ; Enable          ;
;  IO[17]   ; Enable     ; 5.284 ; 5.284 ; Fall       ; Enable          ;
;  IO[18]   ; Enable     ; 5.006 ; 5.006 ; Fall       ; Enable          ;
;  IO[19]   ; Enable     ; 5.492 ; 5.492 ; Fall       ; Enable          ;
;  IO[20]   ; Enable     ; 4.963 ; 4.963 ; Fall       ; Enable          ;
;  IO[21]   ; Enable     ; 4.931 ; 4.931 ; Fall       ; Enable          ;
;  IO[22]   ; Enable     ; 5.022 ; 5.022 ; Fall       ; Enable          ;
;  IO[23]   ; Enable     ; 5.336 ; 5.336 ; Fall       ; Enable          ;
;  IO[24]   ; Enable     ; 5.068 ; 5.068 ; Fall       ; Enable          ;
;  IO[25]   ; Enable     ; 5.452 ; 5.452 ; Fall       ; Enable          ;
;  IO[26]   ; Enable     ; 5.502 ; 5.502 ; Fall       ; Enable          ;
;  IO[27]   ; Enable     ; 5.236 ; 5.236 ; Fall       ; Enable          ;
;  IO[28]   ; Enable     ; 4.944 ; 4.944 ; Fall       ; Enable          ;
;  IO[29]   ; Enable     ; 5.355 ; 5.355 ; Fall       ; Enable          ;
;  IO[30]   ; Enable     ; 5.299 ; 5.299 ; Fall       ; Enable          ;
;  IO[31]   ; Enable     ; 5.443 ; 5.443 ; Fall       ; Enable          ;
+-----------+------------+-------+-------+------------+-----------------+


+----------------------------------------------------------+
; Propagation Delay                                        ;
+------------+-------------+-------+-------+-------+-------+
; Input Port ; Output Port ; RR    ; RF    ; FR    ; FF    ;
+------------+-------------+-------+-------+-------+-------+
; Push/Pop   ; IO[0]       ; 7.478 ; 7.478 ; 7.478 ; 7.478 ;
; Push/Pop   ; IO[1]       ; 7.600 ; 7.600 ; 7.600 ; 7.600 ;
; Push/Pop   ; IO[2]       ; 7.852 ; 7.852 ; 7.852 ; 7.852 ;
; Push/Pop   ; IO[3]       ; 7.945 ; 7.945 ; 7.945 ; 7.945 ;
; Push/Pop   ; IO[4]       ; 7.382 ; 7.382 ; 7.382 ; 7.382 ;
; Push/Pop   ; IO[5]       ; 7.254 ; 7.254 ; 7.254 ; 7.254 ;
; Push/Pop   ; IO[6]       ; 7.529 ; 7.529 ; 7.529 ; 7.529 ;
; Push/Pop   ; IO[7]       ; 7.583 ; 7.583 ; 7.583 ; 7.583 ;
; Push/Pop   ; IO[8]       ; 7.905 ; 7.905 ; 7.905 ; 7.905 ;
; Push/Pop   ; IO[9]       ; 7.375 ; 7.375 ; 7.375 ; 7.375 ;
; Push/Pop   ; IO[10]      ; 7.479 ; 7.479 ; 7.479 ; 7.479 ;
; Push/Pop   ; IO[11]      ; 7.560 ; 7.560 ; 7.560 ; 7.560 ;
; Push/Pop   ; IO[12]      ; 7.609 ; 7.609 ; 7.609 ; 7.609 ;
; Push/Pop   ; IO[13]      ; 7.440 ; 7.440 ; 7.440 ; 7.440 ;
; Push/Pop   ; IO[14]      ; 7.370 ; 7.370 ; 7.370 ; 7.370 ;
; Push/Pop   ; IO[15]      ; 7.817 ; 7.817 ; 7.817 ; 7.817 ;
; Push/Pop   ; IO[16]      ; 7.551 ; 7.551 ; 7.551 ; 7.551 ;
; Push/Pop   ; IO[17]      ; 7.450 ; 7.450 ; 7.450 ; 7.450 ;
; Push/Pop   ; IO[18]      ; 7.758 ; 7.758 ; 7.758 ; 7.758 ;
; Push/Pop   ; IO[19]      ; 7.460 ; 7.460 ; 7.460 ; 7.460 ;
; Push/Pop   ; IO[20]      ; 7.719 ; 7.719 ; 7.719 ; 7.719 ;
; Push/Pop   ; IO[21]      ; 7.304 ; 7.304 ; 7.304 ; 7.304 ;
; Push/Pop   ; IO[22]      ; 7.520 ; 7.520 ; 7.520 ; 7.520 ;
; Push/Pop   ; IO[23]      ; 8.311 ; 8.311 ; 8.311 ; 8.311 ;
; Push/Pop   ; IO[24]      ; 7.144 ; 7.144 ; 7.144 ; 7.144 ;
; Push/Pop   ; IO[25]      ; 7.925 ; 7.925 ; 7.925 ; 7.925 ;
; Push/Pop   ; IO[26]      ; 7.745 ; 7.745 ; 7.745 ; 7.745 ;
; Push/Pop   ; IO[27]      ; 7.513 ; 7.513 ; 7.513 ; 7.513 ;
; Push/Pop   ; IO[28]      ; 7.240 ; 7.240 ; 7.240 ; 7.240 ;
; Push/Pop   ; IO[29]      ; 7.666 ; 7.666 ; 7.666 ; 7.666 ;
; Push/Pop   ; IO[30]      ; 7.341 ; 7.341 ; 7.341 ; 7.341 ;
; Push/Pop   ; IO[31]      ; 7.911 ; 7.911 ; 7.911 ; 7.911 ;
+------------+-------------+-------+-------+-------+-------+


+----------------------------------------------------------+
; Minimum Propagation Delay                                ;
+------------+-------------+-------+-------+-------+-------+
; Input Port ; Output Port ; RR    ; RF    ; FR    ; FF    ;
+------------+-------------+-------+-------+-------+-------+
; Push/Pop   ; IO[0]       ; 4.664 ; 4.664 ; 4.664 ; 4.664 ;
; Push/Pop   ; IO[1]       ; 4.117 ; 4.117 ; 4.117 ; 4.117 ;
; Push/Pop   ; IO[2]       ; 2.952 ; 2.952 ; 2.952 ; 2.952 ;
; Push/Pop   ; IO[3]       ; 2.971 ; 2.971 ; 2.971 ; 2.971 ;
; Push/Pop   ; IO[4]       ; 4.350 ; 4.350 ; 4.350 ; 4.350 ;
; Push/Pop   ; IO[5]       ; 3.082 ; 3.082 ; 3.082 ; 3.082 ;
; Push/Pop   ; IO[6]       ; 4.490 ; 4.490 ; 4.490 ; 4.490 ;
; Push/Pop   ; IO[7]       ; 4.581 ; 4.581 ; 4.581 ; 4.581 ;
; Push/Pop   ; IO[8]       ; 4.581 ; 4.581 ; 4.581 ; 4.581 ;
; Push/Pop   ; IO[9]       ; 4.366 ; 4.366 ; 4.366 ; 4.366 ;
; Push/Pop   ; IO[10]      ; 4.563 ; 4.563 ; 4.563 ; 4.563 ;
; Push/Pop   ; IO[11]      ; 2.952 ; 2.952 ; 2.952 ; 2.952 ;
; Push/Pop   ; IO[12]      ; 4.366 ; 4.366 ; 4.366 ; 4.366 ;
; Push/Pop   ; IO[13]      ; 3.091 ; 3.091 ; 3.091 ; 3.091 ;
; Push/Pop   ; IO[14]      ; 4.117 ; 4.117 ; 4.117 ; 4.117 ;
; Push/Pop   ; IO[15]      ; 4.563 ; 4.563 ; 4.563 ; 4.563 ;
; Push/Pop   ; IO[16]      ; 3.061 ; 3.061 ; 3.061 ; 3.061 ;
; Push/Pop   ; IO[17]      ; 4.340 ; 4.340 ; 4.340 ; 4.340 ;
; Push/Pop   ; IO[18]      ; 4.490 ; 4.490 ; 4.490 ; 4.490 ;
; Push/Pop   ; IO[19]      ; 3.072 ; 3.072 ; 3.072 ; 3.072 ;
; Push/Pop   ; IO[20]      ; 3.083 ; 3.083 ; 3.083 ; 3.083 ;
; Push/Pop   ; IO[21]      ; 4.581 ; 4.581 ; 4.581 ; 4.581 ;
; Push/Pop   ; IO[22]      ; 2.935 ; 2.935 ; 2.935 ; 2.935 ;
; Push/Pop   ; IO[23]      ; 2.925 ; 2.925 ; 2.925 ; 2.925 ;
; Push/Pop   ; IO[24]      ; 4.581 ; 4.581 ; 4.581 ; 4.581 ;
; Push/Pop   ; IO[25]      ; 3.091 ; 3.091 ; 3.091 ; 3.091 ;
; Push/Pop   ; IO[26]      ; 2.985 ; 2.985 ; 2.985 ; 2.985 ;
; Push/Pop   ; IO[27]      ; 2.962 ; 2.962 ; 2.962 ; 2.962 ;
; Push/Pop   ; IO[28]      ; 3.083 ; 3.083 ; 3.083 ; 3.083 ;
; Push/Pop   ; IO[29]      ; 4.654 ; 4.654 ; 4.654 ; 4.654 ;
; Push/Pop   ; IO[30]      ; 3.061 ; 3.061 ; 3.061 ; 3.061 ;
; Push/Pop   ; IO[31]      ; 2.995 ; 2.995 ; 2.995 ; 2.995 ;
+------------+-------------+-------+-------+-------+-------+


+----------------------------------------------------------------------+
; Output Enable Times                                                  ;
+-----------+------------+-------+------+------------+-----------------+
; Data Port ; Clock Port ; Rise  ; Fall ; Clock Edge ; Clock Reference ;
+-----------+------------+-------+------+------------+-----------------+
; IO[*]     ; Enable     ; 2.866 ;      ; Rise       ; Enable          ;
;  IO[0]    ; Enable     ; 4.605 ;      ; Rise       ; Enable          ;
;  IO[1]    ; Enable     ; 4.058 ;      ; Rise       ; Enable          ;
;  IO[2]    ; Enable     ; 2.893 ;      ; Rise       ; Enable          ;
;  IO[3]    ; Enable     ; 2.912 ;      ; Rise       ; Enable          ;
;  IO[4]    ; Enable     ; 4.291 ;      ; Rise       ; Enable          ;
;  IO[5]    ; Enable     ; 3.023 ;      ; Rise       ; Enable          ;
;  IO[6]    ; Enable     ; 4.431 ;      ; Rise       ; Enable          ;
;  IO[7]    ; Enable     ; 4.522 ;      ; Rise       ; Enable          ;
;  IO[8]    ; Enable     ; 4.522 ;      ; Rise       ; Enable          ;
;  IO[9]    ; Enable     ; 4.307 ;      ; Rise       ; Enable          ;
;  IO[10]   ; Enable     ; 4.504 ;      ; Rise       ; Enable          ;
;  IO[11]   ; Enable     ; 2.893 ;      ; Rise       ; Enable          ;
;  IO[12]   ; Enable     ; 4.307 ;      ; Rise       ; Enable          ;
;  IO[13]   ; Enable     ; 3.032 ;      ; Rise       ; Enable          ;
;  IO[14]   ; Enable     ; 4.058 ;      ; Rise       ; Enable          ;
;  IO[15]   ; Enable     ; 4.504 ;      ; Rise       ; Enable          ;
;  IO[16]   ; Enable     ; 3.002 ;      ; Rise       ; Enable          ;
;  IO[17]   ; Enable     ; 4.281 ;      ; Rise       ; Enable          ;
;  IO[18]   ; Enable     ; 4.431 ;      ; Rise       ; Enable          ;
;  IO[19]   ; Enable     ; 3.013 ;      ; Rise       ; Enable          ;
;  IO[20]   ; Enable     ; 3.024 ;      ; Rise       ; Enable          ;
;  IO[21]   ; Enable     ; 4.522 ;      ; Rise       ; Enable          ;
;  IO[22]   ; Enable     ; 2.876 ;      ; Rise       ; Enable          ;
;  IO[23]   ; Enable     ; 2.866 ;      ; Rise       ; Enable          ;
;  IO[24]   ; Enable     ; 4.522 ;      ; Rise       ; Enable          ;
;  IO[25]   ; Enable     ; 3.032 ;      ; Rise       ; Enable          ;
;  IO[26]   ; Enable     ; 2.926 ;      ; Rise       ; Enable          ;
;  IO[27]   ; Enable     ; 2.903 ;      ; Rise       ; Enable          ;
;  IO[28]   ; Enable     ; 3.024 ;      ; Rise       ; Enable          ;
;  IO[29]   ; Enable     ; 4.595 ;      ; Rise       ; Enable          ;
;  IO[30]   ; Enable     ; 3.002 ;      ; Rise       ; Enable          ;
;  IO[31]   ; Enable     ; 2.936 ;      ; Rise       ; Enable          ;
; IO[*]     ; Enable     ; 2.866 ;      ; Fall       ; Enable          ;
;  IO[0]    ; Enable     ; 4.605 ;      ; Fall       ; Enable          ;
;  IO[1]    ; Enable     ; 4.058 ;      ; Fall       ; Enable          ;
;  IO[2]    ; Enable     ; 2.893 ;      ; Fall       ; Enable          ;
;  IO[3]    ; Enable     ; 2.912 ;      ; Fall       ; Enable          ;
;  IO[4]    ; Enable     ; 4.291 ;      ; Fall       ; Enable          ;
;  IO[5]    ; Enable     ; 3.023 ;      ; Fall       ; Enable          ;
;  IO[6]    ; Enable     ; 4.431 ;      ; Fall       ; Enable          ;
;  IO[7]    ; Enable     ; 4.522 ;      ; Fall       ; Enable          ;
;  IO[8]    ; Enable     ; 4.522 ;      ; Fall       ; Enable          ;
;  IO[9]    ; Enable     ; 4.307 ;      ; Fall       ; Enable          ;
;  IO[10]   ; Enable     ; 4.504 ;      ; Fall       ; Enable          ;
;  IO[11]   ; Enable     ; 2.893 ;      ; Fall       ; Enable          ;
;  IO[12]   ; Enable     ; 4.307 ;      ; Fall       ; Enable          ;
;  IO[13]   ; Enable     ; 3.032 ;      ; Fall       ; Enable          ;
;  IO[14]   ; Enable     ; 4.058 ;      ; Fall       ; Enable          ;
;  IO[15]   ; Enable     ; 4.504 ;      ; Fall       ; Enable          ;
;  IO[16]   ; Enable     ; 3.002 ;      ; Fall       ; Enable          ;
;  IO[17]   ; Enable     ; 4.281 ;      ; Fall       ; Enable          ;
;  IO[18]   ; Enable     ; 4.431 ;      ; Fall       ; Enable          ;
;  IO[19]   ; Enable     ; 3.013 ;      ; Fall       ; Enable          ;
;  IO[20]   ; Enable     ; 3.024 ;      ; Fall       ; Enable          ;
;  IO[21]   ; Enable     ; 4.522 ;      ; Fall       ; Enable          ;
;  IO[22]   ; Enable     ; 2.876 ;      ; Fall       ; Enable          ;
;  IO[23]   ; Enable     ; 2.866 ;      ; Fall       ; Enable          ;
;  IO[24]   ; Enable     ; 4.522 ;      ; Fall       ; Enable          ;
;  IO[25]   ; Enable     ; 3.032 ;      ; Fall       ; Enable          ;
;  IO[26]   ; Enable     ; 2.926 ;      ; Fall       ; Enable          ;
;  IO[27]   ; Enable     ; 2.903 ;      ; Fall       ; Enable          ;
;  IO[28]   ; Enable     ; 3.024 ;      ; Fall       ; Enable          ;
;  IO[29]   ; Enable     ; 4.595 ;      ; Fall       ; Enable          ;
;  IO[30]   ; Enable     ; 3.002 ;      ; Fall       ; Enable          ;
;  IO[31]   ; Enable     ; 2.936 ;      ; Fall       ; Enable          ;
+-----------+------------+-------+------+------------+-----------------+


+----------------------------------------------------------------------+
; Minimum Output Enable Times                                          ;
+-----------+------------+-------+------+------------+-----------------+
; Data Port ; Clock Port ; Rise  ; Fall ; Clock Edge ; Clock Reference ;
+-----------+------------+-------+------+------------+-----------------+
; IO[*]     ; Enable     ; 2.866 ;      ; Rise       ; Enable          ;
;  IO[0]    ; Enable     ; 4.605 ;      ; Rise       ; Enable          ;
;  IO[1]    ; Enable     ; 4.058 ;      ; Rise       ; Enable          ;
;  IO[2]    ; Enable     ; 2.893 ;      ; Rise       ; Enable          ;
;  IO[3]    ; Enable     ; 2.912 ;      ; Rise       ; Enable          ;
;  IO[4]    ; Enable     ; 4.291 ;      ; Rise       ; Enable          ;
;  IO[5]    ; Enable     ; 3.023 ;      ; Rise       ; Enable          ;
;  IO[6]    ; Enable     ; 4.431 ;      ; Rise       ; Enable          ;
;  IO[7]    ; Enable     ; 4.522 ;      ; Rise       ; Enable          ;
;  IO[8]    ; Enable     ; 4.522 ;      ; Rise       ; Enable          ;
;  IO[9]    ; Enable     ; 4.307 ;      ; Rise       ; Enable          ;
;  IO[10]   ; Enable     ; 4.504 ;      ; Rise       ; Enable          ;
;  IO[11]   ; Enable     ; 2.893 ;      ; Rise       ; Enable          ;
;  IO[12]   ; Enable     ; 4.307 ;      ; Rise       ; Enable          ;
;  IO[13]   ; Enable     ; 3.032 ;      ; Rise       ; Enable          ;
;  IO[14]   ; Enable     ; 4.058 ;      ; Rise       ; Enable          ;
;  IO[15]   ; Enable     ; 4.504 ;      ; Rise       ; Enable          ;
;  IO[16]   ; Enable     ; 3.002 ;      ; Rise       ; Enable          ;
;  IO[17]   ; Enable     ; 4.281 ;      ; Rise       ; Enable          ;
;  IO[18]   ; Enable     ; 4.431 ;      ; Rise       ; Enable          ;
;  IO[19]   ; Enable     ; 3.013 ;      ; Rise       ; Enable          ;
;  IO[20]   ; Enable     ; 3.024 ;      ; Rise       ; Enable          ;
;  IO[21]   ; Enable     ; 4.522 ;      ; Rise       ; Enable          ;
;  IO[22]   ; Enable     ; 2.876 ;      ; Rise       ; Enable          ;
;  IO[23]   ; Enable     ; 2.866 ;      ; Rise       ; Enable          ;
;  IO[24]   ; Enable     ; 4.522 ;      ; Rise       ; Enable          ;
;  IO[25]   ; Enable     ; 3.032 ;      ; Rise       ; Enable          ;
;  IO[26]   ; Enable     ; 2.926 ;      ; Rise       ; Enable          ;
;  IO[27]   ; Enable     ; 2.903 ;      ; Rise       ; Enable          ;
;  IO[28]   ; Enable     ; 3.024 ;      ; Rise       ; Enable          ;
;  IO[29]   ; Enable     ; 4.595 ;      ; Rise       ; Enable          ;
;  IO[30]   ; Enable     ; 3.002 ;      ; Rise       ; Enable          ;
;  IO[31]   ; Enable     ; 2.936 ;      ; Rise       ; Enable          ;
; IO[*]     ; Enable     ; 2.866 ;      ; Fall       ; Enable          ;
;  IO[0]    ; Enable     ; 4.605 ;      ; Fall       ; Enable          ;
;  IO[1]    ; Enable     ; 4.058 ;      ; Fall       ; Enable          ;
;  IO[2]    ; Enable     ; 2.893 ;      ; Fall       ; Enable          ;
;  IO[3]    ; Enable     ; 2.912 ;      ; Fall       ; Enable          ;
;  IO[4]    ; Enable     ; 4.291 ;      ; Fall       ; Enable          ;
;  IO[5]    ; Enable     ; 3.023 ;      ; Fall       ; Enable          ;
;  IO[6]    ; Enable     ; 4.431 ;      ; Fall       ; Enable          ;
;  IO[7]    ; Enable     ; 4.522 ;      ; Fall       ; Enable          ;
;  IO[8]    ; Enable     ; 4.522 ;      ; Fall       ; Enable          ;
;  IO[9]    ; Enable     ; 4.307 ;      ; Fall       ; Enable          ;
;  IO[10]   ; Enable     ; 4.504 ;      ; Fall       ; Enable          ;
;  IO[11]   ; Enable     ; 2.893 ;      ; Fall       ; Enable          ;
;  IO[12]   ; Enable     ; 4.307 ;      ; Fall       ; Enable          ;
;  IO[13]   ; Enable     ; 3.032 ;      ; Fall       ; Enable          ;
;  IO[14]   ; Enable     ; 4.058 ;      ; Fall       ; Enable          ;
;  IO[15]   ; Enable     ; 4.504 ;      ; Fall       ; Enable          ;
;  IO[16]   ; Enable     ; 3.002 ;      ; Fall       ; Enable          ;
;  IO[17]   ; Enable     ; 4.281 ;      ; Fall       ; Enable          ;
;  IO[18]   ; Enable     ; 4.431 ;      ; Fall       ; Enable          ;
;  IO[19]   ; Enable     ; 3.013 ;      ; Fall       ; Enable          ;
;  IO[20]   ; Enable     ; 3.024 ;      ; Fall       ; Enable          ;
;  IO[21]   ; Enable     ; 4.522 ;      ; Fall       ; Enable          ;
;  IO[22]   ; Enable     ; 2.876 ;      ; Fall       ; Enable          ;
;  IO[23]   ; Enable     ; 2.866 ;      ; Fall       ; Enable          ;
;  IO[24]   ; Enable     ; 4.522 ;      ; Fall       ; Enable          ;
;  IO[25]   ; Enable     ; 3.032 ;      ; Fall       ; Enable          ;
;  IO[26]   ; Enable     ; 2.926 ;      ; Fall       ; Enable          ;
;  IO[27]   ; Enable     ; 2.903 ;      ; Fall       ; Enable          ;
;  IO[28]   ; Enable     ; 3.024 ;      ; Fall       ; Enable          ;
;  IO[29]   ; Enable     ; 4.595 ;      ; Fall       ; Enable          ;
;  IO[30]   ; Enable     ; 3.002 ;      ; Fall       ; Enable          ;
;  IO[31]   ; Enable     ; 2.936 ;      ; Fall       ; Enable          ;
+-----------+------------+-------+------+------------+-----------------+


+-------------------------------------------------------------------------------+
; Output Disable Times                                                          ;
+-----------+------------+-----------+-----------+------------+-----------------+
; Data Port ; Clock Port ; 0 to Hi-Z ; 1 to Hi-Z ; Clock Edge ; Clock Reference ;
+-----------+------------+-----------+-----------+------------+-----------------+
; IO[*]     ; Enable     ; 2.866     ;           ; Rise       ; Enable          ;
;  IO[0]    ; Enable     ; 4.605     ;           ; Rise       ; Enable          ;
;  IO[1]    ; Enable     ; 4.058     ;           ; Rise       ; Enable          ;
;  IO[2]    ; Enable     ; 2.893     ;           ; Rise       ; Enable          ;
;  IO[3]    ; Enable     ; 2.912     ;           ; Rise       ; Enable          ;
;  IO[4]    ; Enable     ; 4.291     ;           ; Rise       ; Enable          ;
;  IO[5]    ; Enable     ; 3.023     ;           ; Rise       ; Enable          ;
;  IO[6]    ; Enable     ; 4.431     ;           ; Rise       ; Enable          ;
;  IO[7]    ; Enable     ; 4.522     ;           ; Rise       ; Enable          ;
;  IO[8]    ; Enable     ; 4.522     ;           ; Rise       ; Enable          ;
;  IO[9]    ; Enable     ; 4.307     ;           ; Rise       ; Enable          ;
;  IO[10]   ; Enable     ; 4.504     ;           ; Rise       ; Enable          ;
;  IO[11]   ; Enable     ; 2.893     ;           ; Rise       ; Enable          ;
;  IO[12]   ; Enable     ; 4.307     ;           ; Rise       ; Enable          ;
;  IO[13]   ; Enable     ; 3.032     ;           ; Rise       ; Enable          ;
;  IO[14]   ; Enable     ; 4.058     ;           ; Rise       ; Enable          ;
;  IO[15]   ; Enable     ; 4.504     ;           ; Rise       ; Enable          ;
;  IO[16]   ; Enable     ; 3.002     ;           ; Rise       ; Enable          ;
;  IO[17]   ; Enable     ; 4.281     ;           ; Rise       ; Enable          ;
;  IO[18]   ; Enable     ; 4.431     ;           ; Rise       ; Enable          ;
;  IO[19]   ; Enable     ; 3.013     ;           ; Rise       ; Enable          ;
;  IO[20]   ; Enable     ; 3.024     ;           ; Rise       ; Enable          ;
;  IO[21]   ; Enable     ; 4.522     ;           ; Rise       ; Enable          ;
;  IO[22]   ; Enable     ; 2.876     ;           ; Rise       ; Enable          ;
;  IO[23]   ; Enable     ; 2.866     ;           ; Rise       ; Enable          ;
;  IO[24]   ; Enable     ; 4.522     ;           ; Rise       ; Enable          ;
;  IO[25]   ; Enable     ; 3.032     ;           ; Rise       ; Enable          ;
;  IO[26]   ; Enable     ; 2.926     ;           ; Rise       ; Enable          ;
;  IO[27]   ; Enable     ; 2.903     ;           ; Rise       ; Enable          ;
;  IO[28]   ; Enable     ; 3.024     ;           ; Rise       ; Enable          ;
;  IO[29]   ; Enable     ; 4.595     ;           ; Rise       ; Enable          ;
;  IO[30]   ; Enable     ; 3.002     ;           ; Rise       ; Enable          ;
;  IO[31]   ; Enable     ; 2.936     ;           ; Rise       ; Enable          ;
; IO[*]     ; Enable     ; 2.866     ;           ; Fall       ; Enable          ;
;  IO[0]    ; Enable     ; 4.605     ;           ; Fall       ; Enable          ;
;  IO[1]    ; Enable     ; 4.058     ;           ; Fall       ; Enable          ;
;  IO[2]    ; Enable     ; 2.893     ;           ; Fall       ; Enable          ;
;  IO[3]    ; Enable     ; 2.912     ;           ; Fall       ; Enable          ;
;  IO[4]    ; Enable     ; 4.291     ;           ; Fall       ; Enable          ;
;  IO[5]    ; Enable     ; 3.023     ;           ; Fall       ; Enable          ;
;  IO[6]    ; Enable     ; 4.431     ;           ; Fall       ; Enable          ;
;  IO[7]    ; Enable     ; 4.522     ;           ; Fall       ; Enable          ;
;  IO[8]    ; Enable     ; 4.522     ;           ; Fall       ; Enable          ;
;  IO[9]    ; Enable     ; 4.307     ;           ; Fall       ; Enable          ;
;  IO[10]   ; Enable     ; 4.504     ;           ; Fall       ; Enable          ;
;  IO[11]   ; Enable     ; 2.893     ;           ; Fall       ; Enable          ;
;  IO[12]   ; Enable     ; 4.307     ;           ; Fall       ; Enable          ;
;  IO[13]   ; Enable     ; 3.032     ;           ; Fall       ; Enable          ;
;  IO[14]   ; Enable     ; 4.058     ;           ; Fall       ; Enable          ;
;  IO[15]   ; Enable     ; 4.504     ;           ; Fall       ; Enable          ;
;  IO[16]   ; Enable     ; 3.002     ;           ; Fall       ; Enable          ;
;  IO[17]   ; Enable     ; 4.281     ;           ; Fall       ; Enable          ;
;  IO[18]   ; Enable     ; 4.431     ;           ; Fall       ; Enable          ;
;  IO[19]   ; Enable     ; 3.013     ;           ; Fall       ; Enable          ;
;  IO[20]   ; Enable     ; 3.024     ;           ; Fall       ; Enable          ;
;  IO[21]   ; Enable     ; 4.522     ;           ; Fall       ; Enable          ;
;  IO[22]   ; Enable     ; 2.876     ;           ; Fall       ; Enable          ;
;  IO[23]   ; Enable     ; 2.866     ;           ; Fall       ; Enable          ;
;  IO[24]   ; Enable     ; 4.522     ;           ; Fall       ; Enable          ;
;  IO[25]   ; Enable     ; 3.032     ;           ; Fall       ; Enable          ;
;  IO[26]   ; Enable     ; 2.926     ;           ; Fall       ; Enable          ;
;  IO[27]   ; Enable     ; 2.903     ;           ; Fall       ; Enable          ;
;  IO[28]   ; Enable     ; 3.024     ;           ; Fall       ; Enable          ;
;  IO[29]   ; Enable     ; 4.595     ;           ; Fall       ; Enable          ;
;  IO[30]   ; Enable     ; 3.002     ;           ; Fall       ; Enable          ;
;  IO[31]   ; Enable     ; 2.936     ;           ; Fall       ; Enable          ;
+-----------+------------+-----------+-----------+------------+-----------------+


+-------------------------------------------------------------------------------+
; Minimum Output Disable Times                                                  ;
+-----------+------------+-----------+-----------+------------+-----------------+
; Data Port ; Clock Port ; 0 to Hi-Z ; 1 to Hi-Z ; Clock Edge ; Clock Reference ;
+-----------+------------+-----------+-----------+------------+-----------------+
; IO[*]     ; Enable     ; 2.866     ;           ; Rise       ; Enable          ;
;  IO[0]    ; Enable     ; 4.605     ;           ; Rise       ; Enable          ;
;  IO[1]    ; Enable     ; 4.058     ;           ; Rise       ; Enable          ;
;  IO[2]    ; Enable     ; 2.893     ;           ; Rise       ; Enable          ;
;  IO[3]    ; Enable     ; 2.912     ;           ; Rise       ; Enable          ;
;  IO[4]    ; Enable     ; 4.291     ;           ; Rise       ; Enable          ;
;  IO[5]    ; Enable     ; 3.023     ;           ; Rise       ; Enable          ;
;  IO[6]    ; Enable     ; 4.431     ;           ; Rise       ; Enable          ;
;  IO[7]    ; Enable     ; 4.522     ;           ; Rise       ; Enable          ;
;  IO[8]    ; Enable     ; 4.522     ;           ; Rise       ; Enable          ;
;  IO[9]    ; Enable     ; 4.307     ;           ; Rise       ; Enable          ;
;  IO[10]   ; Enable     ; 4.504     ;           ; Rise       ; Enable          ;
;  IO[11]   ; Enable     ; 2.893     ;           ; Rise       ; Enable          ;
;  IO[12]   ; Enable     ; 4.307     ;           ; Rise       ; Enable          ;
;  IO[13]   ; Enable     ; 3.032     ;           ; Rise       ; Enable          ;
;  IO[14]   ; Enable     ; 4.058     ;           ; Rise       ; Enable          ;
;  IO[15]   ; Enable     ; 4.504     ;           ; Rise       ; Enable          ;
;  IO[16]   ; Enable     ; 3.002     ;           ; Rise       ; Enable          ;
;  IO[17]   ; Enable     ; 4.281     ;           ; Rise       ; Enable          ;
;  IO[18]   ; Enable     ; 4.431     ;           ; Rise       ; Enable          ;
;  IO[19]   ; Enable     ; 3.013     ;           ; Rise       ; Enable          ;
;  IO[20]   ; Enable     ; 3.024     ;           ; Rise       ; Enable          ;
;  IO[21]   ; Enable     ; 4.522     ;           ; Rise       ; Enable          ;
;  IO[22]   ; Enable     ; 2.876     ;           ; Rise       ; Enable          ;
;  IO[23]   ; Enable     ; 2.866     ;           ; Rise       ; Enable          ;
;  IO[24]   ; Enable     ; 4.522     ;           ; Rise       ; Enable          ;
;  IO[25]   ; Enable     ; 3.032     ;           ; Rise       ; Enable          ;
;  IO[26]   ; Enable     ; 2.926     ;           ; Rise       ; Enable          ;
;  IO[27]   ; Enable     ; 2.903     ;           ; Rise       ; Enable          ;
;  IO[28]   ; Enable     ; 3.024     ;           ; Rise       ; Enable          ;
;  IO[29]   ; Enable     ; 4.595     ;           ; Rise       ; Enable          ;
;  IO[30]   ; Enable     ; 3.002     ;           ; Rise       ; Enable          ;
;  IO[31]   ; Enable     ; 2.936     ;           ; Rise       ; Enable          ;
; IO[*]     ; Enable     ; 2.866     ;           ; Fall       ; Enable          ;
;  IO[0]    ; Enable     ; 4.605     ;           ; Fall       ; Enable          ;
;  IO[1]    ; Enable     ; 4.058     ;           ; Fall       ; Enable          ;
;  IO[2]    ; Enable     ; 2.893     ;           ; Fall       ; Enable          ;
;  IO[3]    ; Enable     ; 2.912     ;           ; Fall       ; Enable          ;
;  IO[4]    ; Enable     ; 4.291     ;           ; Fall       ; Enable          ;
;  IO[5]    ; Enable     ; 3.023     ;           ; Fall       ; Enable          ;
;  IO[6]    ; Enable     ; 4.431     ;           ; Fall       ; Enable          ;
;  IO[7]    ; Enable     ; 4.522     ;           ; Fall       ; Enable          ;
;  IO[8]    ; Enable     ; 4.522     ;           ; Fall       ; Enable          ;
;  IO[9]    ; Enable     ; 4.307     ;           ; Fall       ; Enable          ;
;  IO[10]   ; Enable     ; 4.504     ;           ; Fall       ; Enable          ;
;  IO[11]   ; Enable     ; 2.893     ;           ; Fall       ; Enable          ;
;  IO[12]   ; Enable     ; 4.307     ;           ; Fall       ; Enable          ;
;  IO[13]   ; Enable     ; 3.032     ;           ; Fall       ; Enable          ;
;  IO[14]   ; Enable     ; 4.058     ;           ; Fall       ; Enable          ;
;  IO[15]   ; Enable     ; 4.504     ;           ; Fall       ; Enable          ;
;  IO[16]   ; Enable     ; 3.002     ;           ; Fall       ; Enable          ;
;  IO[17]   ; Enable     ; 4.281     ;           ; Fall       ; Enable          ;
;  IO[18]   ; Enable     ; 4.431     ;           ; Fall       ; Enable          ;
;  IO[19]   ; Enable     ; 3.013     ;           ; Fall       ; Enable          ;
;  IO[20]   ; Enable     ; 3.024     ;           ; Fall       ; Enable          ;
;  IO[21]   ; Enable     ; 4.522     ;           ; Fall       ; Enable          ;
;  IO[22]   ; Enable     ; 2.876     ;           ; Fall       ; Enable          ;
;  IO[23]   ; Enable     ; 2.866     ;           ; Fall       ; Enable          ;
;  IO[24]   ; Enable     ; 4.522     ;           ; Fall       ; Enable          ;
;  IO[25]   ; Enable     ; 3.032     ;           ; Fall       ; Enable          ;
;  IO[26]   ; Enable     ; 2.926     ;           ; Fall       ; Enable          ;
;  IO[27]   ; Enable     ; 2.903     ;           ; Fall       ; Enable          ;
;  IO[28]   ; Enable     ; 3.024     ;           ; Fall       ; Enable          ;
;  IO[29]   ; Enable     ; 4.595     ;           ; Fall       ; Enable          ;
;  IO[30]   ; Enable     ; 3.002     ;           ; Fall       ; Enable          ;
;  IO[31]   ; Enable     ; 2.936     ;           ; Fall       ; Enable          ;
+-----------+------------+-----------+-----------+------------+-----------------+


+-------------------------------------------------------------------------------+
; Multicorner Timing Analysis Summary                                           ;
+------------------+--------+--------+----------+---------+---------------------+
; Clock            ; Setup  ; Hold   ; Recovery ; Removal ; Minimum Pulse Width ;
+------------------+--------+--------+----------+---------+---------------------+
; Worst-case Slack ; -1.007 ; -0.117 ; N/A      ; N/A     ; -4.404              ;
;  CLK             ; -1.007 ; -0.117 ; N/A      ; N/A     ; -1.222              ;
;  Enable          ; N/A    ; N/A    ; N/A      ; N/A     ; -4.404              ;
; Design-wide TNS  ; -6.62  ; -0.756 ; 0.0      ; 0.0     ; -14546.958          ;
;  CLK             ; -6.620 ; -0.756 ; N/A      ; N/A     ; -11.222             ;
;  Enable          ; N/A    ; N/A    ; N/A      ; N/A     ; -14535.736          ;
+------------------+--------+--------+----------+---------+---------------------+


+-----------------------------------------------------------------------+
; Setup Times                                                           ;
+-----------+------------+-------+-------+------------+-----------------+
; Data Port ; Clock Port ; Rise  ; Fall  ; Clock Edge ; Clock Reference ;
+-----------+------------+-------+-------+------------+-----------------+
; Enable    ; CLK        ; 1.032 ; 1.032 ; Rise       ; CLK             ;
; Push/Pop  ; CLK        ; 1.217 ; 1.217 ; Rise       ; CLK             ;
; IO[*]     ; Enable     ; 4.514 ; 4.514 ; Rise       ; Enable          ;
;  IO[0]    ; Enable     ; 2.328 ; 2.328 ; Rise       ; Enable          ;
;  IO[1]    ; Enable     ; 3.304 ; 3.304 ; Rise       ; Enable          ;
;  IO[2]    ; Enable     ; 3.227 ; 3.227 ; Rise       ; Enable          ;
;  IO[3]    ; Enable     ; 2.817 ; 2.817 ; Rise       ; Enable          ;
;  IO[4]    ; Enable     ; 2.135 ; 2.135 ; Rise       ; Enable          ;
;  IO[5]    ; Enable     ; 2.839 ; 2.839 ; Rise       ; Enable          ;
;  IO[6]    ; Enable     ; 2.875 ; 2.875 ; Rise       ; Enable          ;
;  IO[7]    ; Enable     ; 2.833 ; 2.833 ; Rise       ; Enable          ;
;  IO[8]    ; Enable     ; 4.514 ; 4.514 ; Rise       ; Enable          ;
;  IO[9]    ; Enable     ; 3.014 ; 3.014 ; Rise       ; Enable          ;
;  IO[10]   ; Enable     ; 3.830 ; 3.830 ; Rise       ; Enable          ;
;  IO[11]   ; Enable     ; 2.705 ; 2.705 ; Rise       ; Enable          ;
;  IO[12]   ; Enable     ; 3.727 ; 3.727 ; Rise       ; Enable          ;
;  IO[13]   ; Enable     ; 3.627 ; 3.627 ; Rise       ; Enable          ;
;  IO[14]   ; Enable     ; 3.191 ; 3.191 ; Rise       ; Enable          ;
;  IO[15]   ; Enable     ; 3.545 ; 3.545 ; Rise       ; Enable          ;
;  IO[16]   ; Enable     ; 2.465 ; 2.465 ; Rise       ; Enable          ;
;  IO[17]   ; Enable     ; 3.067 ; 3.067 ; Rise       ; Enable          ;
;  IO[18]   ; Enable     ; 3.873 ; 3.873 ; Rise       ; Enable          ;
;  IO[19]   ; Enable     ; 2.934 ; 2.934 ; Rise       ; Enable          ;
;  IO[20]   ; Enable     ; 2.571 ; 2.571 ; Rise       ; Enable          ;
;  IO[21]   ; Enable     ; 2.811 ; 2.811 ; Rise       ; Enable          ;
;  IO[22]   ; Enable     ; 3.375 ; 3.375 ; Rise       ; Enable          ;
;  IO[23]   ; Enable     ; 2.621 ; 2.621 ; Rise       ; Enable          ;
;  IO[24]   ; Enable     ; 3.472 ; 3.472 ; Rise       ; Enable          ;
;  IO[25]   ; Enable     ; 3.489 ; 3.489 ; Rise       ; Enable          ;
;  IO[26]   ; Enable     ; 3.364 ; 3.364 ; Rise       ; Enable          ;
;  IO[27]   ; Enable     ; 2.843 ; 2.843 ; Rise       ; Enable          ;
;  IO[28]   ; Enable     ; 3.719 ; 3.719 ; Rise       ; Enable          ;
;  IO[29]   ; Enable     ; 3.407 ; 3.407 ; Rise       ; Enable          ;
;  IO[30]   ; Enable     ; 3.359 ; 3.359 ; Rise       ; Enable          ;
;  IO[31]   ; Enable     ; 3.832 ; 3.832 ; Rise       ; Enable          ;
; IO[*]     ; Enable     ; 3.782 ; 3.782 ; Fall       ; Enable          ;
;  IO[0]    ; Enable     ; 1.729 ; 1.729 ; Fall       ; Enable          ;
;  IO[1]    ; Enable     ; 2.013 ; 2.013 ; Fall       ; Enable          ;
;  IO[2]    ; Enable     ; 2.167 ; 2.167 ; Fall       ; Enable          ;
;  IO[3]    ; Enable     ; 1.964 ; 1.964 ; Fall       ; Enable          ;
;  IO[4]    ; Enable     ; 1.588 ; 1.588 ; Fall       ; Enable          ;
;  IO[5]    ; Enable     ; 1.690 ; 1.690 ; Fall       ; Enable          ;
;  IO[6]    ; Enable     ; 2.096 ; 2.096 ; Fall       ; Enable          ;
;  IO[7]    ; Enable     ; 2.379 ; 2.379 ; Fall       ; Enable          ;
;  IO[8]    ; Enable     ; 3.782 ; 3.782 ; Fall       ; Enable          ;
;  IO[9]    ; Enable     ; 2.035 ; 2.035 ; Fall       ; Enable          ;
;  IO[10]   ; Enable     ; 2.914 ; 2.914 ; Fall       ; Enable          ;
;  IO[11]   ; Enable     ; 1.986 ; 1.986 ; Fall       ; Enable          ;
;  IO[12]   ; Enable     ; 2.840 ; 2.840 ; Fall       ; Enable          ;
;  IO[13]   ; Enable     ; 2.750 ; 2.750 ; Fall       ; Enable          ;
;  IO[14]   ; Enable     ; 1.886 ; 1.886 ; Fall       ; Enable          ;
;  IO[15]   ; Enable     ; 2.856 ; 2.856 ; Fall       ; Enable          ;
;  IO[16]   ; Enable     ; 1.495 ; 1.495 ; Fall       ; Enable          ;
;  IO[17]   ; Enable     ; 2.213 ; 2.213 ; Fall       ; Enable          ;
;  IO[18]   ; Enable     ; 2.935 ; 2.935 ; Fall       ; Enable          ;
;  IO[19]   ; Enable     ; 2.028 ; 2.028 ; Fall       ; Enable          ;
;  IO[20]   ; Enable     ; 2.287 ; 2.287 ; Fall       ; Enable          ;
;  IO[21]   ; Enable     ; 2.030 ; 2.030 ; Fall       ; Enable          ;
;  IO[22]   ; Enable     ; 2.542 ; 2.542 ; Fall       ; Enable          ;
;  IO[23]   ; Enable     ; 1.752 ; 1.752 ; Fall       ; Enable          ;
;  IO[24]   ; Enable     ; 2.594 ; 2.594 ; Fall       ; Enable          ;
;  IO[25]   ; Enable     ; 2.870 ; 2.870 ; Fall       ; Enable          ;
;  IO[26]   ; Enable     ; 2.511 ; 2.511 ; Fall       ; Enable          ;
;  IO[27]   ; Enable     ; 1.893 ; 1.893 ; Fall       ; Enable          ;
;  IO[28]   ; Enable     ; 3.010 ; 3.010 ; Fall       ; Enable          ;
;  IO[29]   ; Enable     ; 2.514 ; 2.514 ; Fall       ; Enable          ;
;  IO[30]   ; Enable     ; 2.148 ; 2.148 ; Fall       ; Enable          ;
;  IO[31]   ; Enable     ; 2.460 ; 2.460 ; Fall       ; Enable          ;
+-----------+------------+-------+-------+------------+-----------------+


+-----------------------------------------------------------------------+
; Hold Times                                                            ;
+-----------+------------+-------+-------+------------+-----------------+
; Data Port ; Clock Port ; Rise  ; Fall  ; Clock Edge ; Clock Reference ;
+-----------+------------+-------+-------+------------+-----------------+
; Enable    ; CLK        ; 0.117 ; 0.117 ; Rise       ; CLK             ;
; Push/Pop  ; CLK        ; 0.269 ; 0.269 ; Rise       ; CLK             ;
; IO[*]     ; Enable     ; 2.434 ; 2.434 ; Rise       ; Enable          ;
;  IO[0]    ; Enable     ; 1.651 ; 1.651 ; Rise       ; Enable          ;
;  IO[1]    ; Enable     ; 1.495 ; 1.495 ; Rise       ; Enable          ;
;  IO[2]    ; Enable     ; 1.553 ; 1.553 ; Rise       ; Enable          ;
;  IO[3]    ; Enable     ; 1.832 ; 1.832 ; Rise       ; Enable          ;
;  IO[4]    ; Enable     ; 1.793 ; 1.793 ; Rise       ; Enable          ;
;  IO[5]    ; Enable     ; 2.075 ; 2.075 ; Rise       ; Enable          ;
;  IO[6]    ; Enable     ; 1.896 ; 1.896 ; Rise       ; Enable          ;
;  IO[7]    ; Enable     ; 1.848 ; 1.848 ; Rise       ; Enable          ;
;  IO[8]    ; Enable     ; 1.374 ; 1.374 ; Rise       ; Enable          ;
;  IO[9]    ; Enable     ; 1.547 ; 1.547 ; Rise       ; Enable          ;
;  IO[10]   ; Enable     ; 1.665 ; 1.665 ; Rise       ; Enable          ;
;  IO[11]   ; Enable     ; 2.161 ; 2.161 ; Rise       ; Enable          ;
;  IO[12]   ; Enable     ; 1.001 ; 1.001 ; Rise       ; Enable          ;
;  IO[13]   ; Enable     ; 0.802 ; 0.802 ; Rise       ; Enable          ;
;  IO[14]   ; Enable     ; 1.328 ; 1.328 ; Rise       ; Enable          ;
;  IO[15]   ; Enable     ; 1.708 ; 1.708 ; Rise       ; Enable          ;
;  IO[16]   ; Enable     ; 2.434 ; 2.434 ; Rise       ; Enable          ;
;  IO[17]   ; Enable     ; 1.917 ; 1.917 ; Rise       ; Enable          ;
;  IO[18]   ; Enable     ; 1.814 ; 1.814 ; Rise       ; Enable          ;
;  IO[19]   ; Enable     ; 2.213 ; 2.213 ; Rise       ; Enable          ;
;  IO[20]   ; Enable     ; 2.390 ; 2.390 ; Rise       ; Enable          ;
;  IO[21]   ; Enable     ; 1.607 ; 1.607 ; Rise       ; Enable          ;
;  IO[22]   ; Enable     ; 1.518 ; 1.518 ; Rise       ; Enable          ;
;  IO[23]   ; Enable     ; 2.102 ; 2.102 ; Rise       ; Enable          ;
;  IO[24]   ; Enable     ; 2.156 ; 2.156 ; Rise       ; Enable          ;
;  IO[25]   ; Enable     ; 0.741 ; 0.741 ; Rise       ; Enable          ;
;  IO[26]   ; Enable     ; 1.786 ; 1.786 ; Rise       ; Enable          ;
;  IO[27]   ; Enable     ; 2.415 ; 2.415 ; Rise       ; Enable          ;
;  IO[28]   ; Enable     ; 1.666 ; 1.666 ; Rise       ; Enable          ;
;  IO[29]   ; Enable     ; 2.066 ; 2.066 ; Rise       ; Enable          ;
;  IO[30]   ; Enable     ; 2.166 ; 2.166 ; Rise       ; Enable          ;
;  IO[31]   ; Enable     ; 1.690 ; 1.690 ; Rise       ; Enable          ;
; IO[*]     ; Enable     ; 2.584 ; 2.584 ; Fall       ; Enable          ;
;  IO[0]    ; Enable     ; 1.729 ; 1.729 ; Fall       ; Enable          ;
;  IO[1]    ; Enable     ; 1.724 ; 1.724 ; Fall       ; Enable          ;
;  IO[2]    ; Enable     ; 1.758 ; 1.758 ; Fall       ; Enable          ;
;  IO[3]    ; Enable     ; 2.236 ; 2.236 ; Fall       ; Enable          ;
;  IO[4]    ; Enable     ; 2.300 ; 2.300 ; Fall       ; Enable          ;
;  IO[5]    ; Enable     ; 2.078 ; 2.078 ; Fall       ; Enable          ;
;  IO[6]    ; Enable     ; 2.187 ; 2.187 ; Fall       ; Enable          ;
;  IO[7]    ; Enable     ; 2.361 ; 2.361 ; Fall       ; Enable          ;
;  IO[8]    ; Enable     ; 1.506 ; 1.506 ; Fall       ; Enable          ;
;  IO[9]    ; Enable     ; 1.752 ; 1.752 ; Fall       ; Enable          ;
;  IO[10]   ; Enable     ; 1.870 ; 1.870 ; Fall       ; Enable          ;
;  IO[11]   ; Enable     ; 2.366 ; 2.366 ; Fall       ; Enable          ;
;  IO[12]   ; Enable     ; 0.907 ; 0.907 ; Fall       ; Enable          ;
;  IO[13]   ; Enable     ; 0.971 ; 0.971 ; Fall       ; Enable          ;
;  IO[14]   ; Enable     ; 1.533 ; 1.533 ; Fall       ; Enable          ;
;  IO[15]   ; Enable     ; 2.260 ; 2.260 ; Fall       ; Enable          ;
;  IO[16]   ; Enable     ; 2.584 ; 2.584 ; Fall       ; Enable          ;
;  IO[17]   ; Enable     ; 2.122 ; 2.122 ; Fall       ; Enable          ;
;  IO[18]   ; Enable     ; 1.941 ; 1.941 ; Fall       ; Enable          ;
;  IO[19]   ; Enable     ; 2.502 ; 2.502 ; Fall       ; Enable          ;
;  IO[20]   ; Enable     ; 2.470 ; 2.470 ; Fall       ; Enable          ;
;  IO[21]   ; Enable     ; 2.132 ; 2.132 ; Fall       ; Enable          ;
;  IO[22]   ; Enable     ; 1.744 ; 1.744 ; Fall       ; Enable          ;
;  IO[23]   ; Enable     ; 1.806 ; 1.806 ; Fall       ; Enable          ;
;  IO[24]   ; Enable     ; 2.131 ; 2.131 ; Fall       ; Enable          ;
;  IO[25]   ; Enable     ; 1.058 ; 1.058 ; Fall       ; Enable          ;
;  IO[26]   ; Enable     ; 1.805 ; 1.805 ; Fall       ; Enable          ;
;  IO[27]   ; Enable     ; 2.065 ; 2.065 ; Fall       ; Enable          ;
;  IO[28]   ; Enable     ; 1.825 ; 1.825 ; Fall       ; Enable          ;
;  IO[29]   ; Enable     ; 2.315 ; 2.315 ; Fall       ; Enable          ;
;  IO[30]   ; Enable     ; 2.371 ; 2.371 ; Fall       ; Enable          ;
;  IO[31]   ; Enable     ; 1.560 ; 1.560 ; Fall       ; Enable          ;
+-----------+------------+-------+-------+------------+-----------------+


+-------------------------------------------------------------------------+
; Clock to Output Times                                                   ;
+-----------+------------+--------+--------+------------+-----------------+
; Data Port ; Clock Port ; Rise   ; Fall   ; Clock Edge ; Clock Reference ;
+-----------+------------+--------+--------+------------+-----------------+
; Empty     ; CLK        ; 8.264  ; 8.264  ; Rise       ; CLK             ;
; Full      ; CLK        ; 7.817  ; 7.817  ; Rise       ; CLK             ;
; IO[*]     ; CLK        ; 18.555 ; 18.555 ; Rise       ; CLK             ;
;  IO[0]    ; CLK        ; 16.294 ; 16.294 ; Rise       ; CLK             ;
;  IO[1]    ; CLK        ; 16.020 ; 16.020 ; Rise       ; CLK             ;
;  IO[2]    ; CLK        ; 16.856 ; 16.856 ; Rise       ; CLK             ;
;  IO[3]    ; CLK        ; 16.765 ; 16.765 ; Rise       ; CLK             ;
;  IO[4]    ; CLK        ; 16.221 ; 16.221 ; Rise       ; CLK             ;
;  IO[5]    ; CLK        ; 15.643 ; 15.643 ; Rise       ; CLK             ;
;  IO[6]    ; CLK        ; 15.480 ; 15.480 ; Rise       ; CLK             ;
;  IO[7]    ; CLK        ; 16.792 ; 16.792 ; Rise       ; CLK             ;
;  IO[8]    ; CLK        ; 16.535 ; 16.535 ; Rise       ; CLK             ;
;  IO[9]    ; CLK        ; 16.520 ; 16.520 ; Rise       ; CLK             ;
;  IO[10]   ; CLK        ; 15.868 ; 15.868 ; Rise       ; CLK             ;
;  IO[11]   ; CLK        ; 15.810 ; 15.810 ; Rise       ; CLK             ;
;  IO[12]   ; CLK        ; 16.128 ; 16.128 ; Rise       ; CLK             ;
;  IO[13]   ; CLK        ; 15.988 ; 15.988 ; Rise       ; CLK             ;
;  IO[14]   ; CLK        ; 16.562 ; 16.562 ; Rise       ; CLK             ;
;  IO[15]   ; CLK        ; 16.293 ; 16.293 ; Rise       ; CLK             ;
;  IO[16]   ; CLK        ; 16.432 ; 16.432 ; Rise       ; CLK             ;
;  IO[17]   ; CLK        ; 16.537 ; 16.537 ; Rise       ; CLK             ;
;  IO[18]   ; CLK        ; 16.118 ; 16.118 ; Rise       ; CLK             ;
;  IO[19]   ; CLK        ; 16.752 ; 16.752 ; Rise       ; CLK             ;
;  IO[20]   ; CLK        ; 17.322 ; 17.322 ; Rise       ; CLK             ;
;  IO[21]   ; CLK        ; 15.220 ; 15.220 ; Rise       ; CLK             ;
;  IO[22]   ; CLK        ; 16.238 ; 16.238 ; Rise       ; CLK             ;
;  IO[23]   ; CLK        ; 18.555 ; 18.555 ; Rise       ; CLK             ;
;  IO[24]   ; CLK        ; 15.713 ; 15.713 ; Rise       ; CLK             ;
;  IO[25]   ; CLK        ; 17.332 ; 17.332 ; Rise       ; CLK             ;
;  IO[26]   ; CLK        ; 17.266 ; 17.266 ; Rise       ; CLK             ;
;  IO[27]   ; CLK        ; 16.157 ; 16.157 ; Rise       ; CLK             ;
;  IO[28]   ; CLK        ; 15.747 ; 15.747 ; Rise       ; CLK             ;
;  IO[29]   ; CLK        ; 16.034 ; 16.034 ; Rise       ; CLK             ;
;  IO[30]   ; CLK        ; 16.368 ; 16.368 ; Rise       ; CLK             ;
;  IO[31]   ; CLK        ; 16.339 ; 16.339 ; Rise       ; CLK             ;
; IO[*]     ; Enable     ; 18.379 ; 18.379 ; Rise       ; Enable          ;
;  IO[0]    ; Enable     ; 17.056 ; 17.056 ; Rise       ; Enable          ;
;  IO[1]    ; Enable     ; 16.634 ; 16.634 ; Rise       ; Enable          ;
;  IO[2]    ; Enable     ; 17.498 ; 17.498 ; Rise       ; Enable          ;
;  IO[3]    ; Enable     ; 18.379 ; 18.379 ; Rise       ; Enable          ;
;  IO[4]    ; Enable     ; 17.294 ; 17.294 ; Rise       ; Enable          ;
;  IO[5]    ; Enable     ; 17.000 ; 17.000 ; Rise       ; Enable          ;
;  IO[6]    ; Enable     ; 16.402 ; 16.402 ; Rise       ; Enable          ;
;  IO[7]    ; Enable     ; 17.503 ; 17.503 ; Rise       ; Enable          ;
;  IO[8]    ; Enable     ; 16.918 ; 16.918 ; Rise       ; Enable          ;
;  IO[9]    ; Enable     ; 16.760 ; 16.760 ; Rise       ; Enable          ;
;  IO[10]   ; Enable     ; 16.346 ; 16.346 ; Rise       ; Enable          ;
;  IO[11]   ; Enable     ; 17.339 ; 17.339 ; Rise       ; Enable          ;
;  IO[12]   ; Enable     ; 17.086 ; 17.086 ; Rise       ; Enable          ;
;  IO[13]   ; Enable     ; 16.934 ; 16.934 ; Rise       ; Enable          ;
;  IO[14]   ; Enable     ; 17.228 ; 17.228 ; Rise       ; Enable          ;
;  IO[15]   ; Enable     ; 17.893 ; 17.893 ; Rise       ; Enable          ;
;  IO[16]   ; Enable     ; 16.979 ; 16.979 ; Rise       ; Enable          ;
;  IO[17]   ; Enable     ; 17.193 ; 17.193 ; Rise       ; Enable          ;
;  IO[18]   ; Enable     ; 17.696 ; 17.696 ; Rise       ; Enable          ;
;  IO[19]   ; Enable     ; 17.227 ; 17.227 ; Rise       ; Enable          ;
;  IO[20]   ; Enable     ; 17.683 ; 17.683 ; Rise       ; Enable          ;
;  IO[21]   ; Enable     ; 16.524 ; 16.524 ; Rise       ; Enable          ;
;  IO[22]   ; Enable     ; 17.364 ; 17.364 ; Rise       ; Enable          ;
;  IO[23]   ; Enable     ; 18.111 ; 18.111 ; Rise       ; Enable          ;
;  IO[24]   ; Enable     ; 16.542 ; 16.542 ; Rise       ; Enable          ;
;  IO[25]   ; Enable     ; 17.620 ; 17.620 ; Rise       ; Enable          ;
;  IO[26]   ; Enable     ; 17.499 ; 17.499 ; Rise       ; Enable          ;
;  IO[27]   ; Enable     ; 17.278 ; 17.278 ; Rise       ; Enable          ;
;  IO[28]   ; Enable     ; 16.436 ; 16.436 ; Rise       ; Enable          ;
;  IO[29]   ; Enable     ; 17.431 ; 17.431 ; Rise       ; Enable          ;
;  IO[30]   ; Enable     ; 17.109 ; 17.109 ; Rise       ; Enable          ;
;  IO[31]   ; Enable     ; 18.101 ; 18.101 ; Rise       ; Enable          ;
; IO[*]     ; Enable     ; 18.635 ; 18.635 ; Fall       ; Enable          ;
;  IO[0]    ; Enable     ; 17.038 ; 17.038 ; Fall       ; Enable          ;
;  IO[1]    ; Enable     ; 17.449 ; 17.449 ; Fall       ; Enable          ;
;  IO[2]    ; Enable     ; 17.818 ; 17.818 ; Fall       ; Enable          ;
;  IO[3]    ; Enable     ; 18.360 ; 18.360 ; Fall       ; Enable          ;
;  IO[4]    ; Enable     ; 17.276 ; 17.276 ; Fall       ; Enable          ;
;  IO[5]    ; Enable     ; 16.982 ; 16.982 ; Fall       ; Enable          ;
;  IO[6]    ; Enable     ; 16.650 ; 16.650 ; Fall       ; Enable          ;
;  IO[7]    ; Enable     ; 17.738 ; 17.738 ; Fall       ; Enable          ;
;  IO[8]    ; Enable     ; 17.599 ; 17.599 ; Fall       ; Enable          ;
;  IO[9]    ; Enable     ; 17.575 ; 17.575 ; Fall       ; Enable          ;
;  IO[10]   ; Enable     ; 17.161 ; 17.161 ; Fall       ; Enable          ;
;  IO[11]   ; Enable     ; 17.320 ; 17.320 ; Fall       ; Enable          ;
;  IO[12]   ; Enable     ; 17.772 ; 17.772 ; Fall       ; Enable          ;
;  IO[13]   ; Enable     ; 17.416 ; 17.416 ; Fall       ; Enable          ;
;  IO[14]   ; Enable     ; 17.232 ; 17.232 ; Fall       ; Enable          ;
;  IO[15]   ; Enable     ; 18.178 ; 18.178 ; Fall       ; Enable          ;
;  IO[16]   ; Enable     ; 16.960 ; 16.960 ; Fall       ; Enable          ;
;  IO[17]   ; Enable     ; 17.558 ; 17.558 ; Fall       ; Enable          ;
;  IO[18]   ; Enable     ; 17.678 ; 17.678 ; Fall       ; Enable          ;
;  IO[19]   ; Enable     ; 17.486 ; 17.486 ; Fall       ; Enable          ;
;  IO[20]   ; Enable     ; 17.665 ; 17.665 ; Fall       ; Enable          ;
;  IO[21]   ; Enable     ; 16.692 ; 16.692 ; Fall       ; Enable          ;
;  IO[22]   ; Enable     ; 17.345 ; 17.345 ; Fall       ; Enable          ;
;  IO[23]   ; Enable     ; 18.635 ; 18.635 ; Fall       ; Enable          ;
;  IO[24]   ; Enable     ; 16.694 ; 16.694 ; Fall       ; Enable          ;
;  IO[25]   ; Enable     ; 18.309 ; 18.309 ; Fall       ; Enable          ;
;  IO[26]   ; Enable     ; 18.023 ; 18.023 ; Fall       ; Enable          ;
;  IO[27]   ; Enable     ; 17.259 ; 17.259 ; Fall       ; Enable          ;
;  IO[28]   ; Enable     ; 16.674 ; 16.674 ; Fall       ; Enable          ;
;  IO[29]   ; Enable     ; 17.799 ; 17.799 ; Fall       ; Enable          ;
;  IO[30]   ; Enable     ; 17.090 ; 17.090 ; Fall       ; Enable          ;
;  IO[31]   ; Enable     ; 18.541 ; 18.541 ; Fall       ; Enable          ;
+-----------+------------+--------+--------+------------+-----------------+


+-----------------------------------------------------------------------+
; Minimum Clock to Output Times                                         ;
+-----------+------------+-------+-------+------------+-----------------+
; Data Port ; Clock Port ; Rise  ; Fall  ; Clock Edge ; Clock Reference ;
+-----------+------------+-------+-------+------------+-----------------+
; Empty     ; CLK        ; 3.884 ; 3.884 ; Rise       ; CLK             ;
; Full      ; CLK        ; 3.961 ; 3.961 ; Rise       ; CLK             ;
; IO[*]     ; CLK        ; 5.551 ; 5.551 ; Rise       ; CLK             ;
;  IO[0]    ; CLK        ; 5.872 ; 5.872 ; Rise       ; CLK             ;
;  IO[1]    ; CLK        ; 5.772 ; 5.772 ; Rise       ; CLK             ;
;  IO[2]    ; CLK        ; 5.674 ; 5.674 ; Rise       ; CLK             ;
;  IO[3]    ; CLK        ; 5.896 ; 5.896 ; Rise       ; CLK             ;
;  IO[4]    ; CLK        ; 6.173 ; 6.173 ; Rise       ; CLK             ;
;  IO[5]    ; CLK        ; 5.924 ; 5.924 ; Rise       ; CLK             ;
;  IO[6]    ; CLK        ; 5.967 ; 5.967 ; Rise       ; CLK             ;
;  IO[7]    ; CLK        ; 5.996 ; 5.996 ; Rise       ; CLK             ;
;  IO[8]    ; CLK        ; 6.130 ; 6.130 ; Rise       ; CLK             ;
;  IO[9]    ; CLK        ; 6.064 ; 6.064 ; Rise       ; CLK             ;
;  IO[10]   ; CLK        ; 5.987 ; 5.987 ; Rise       ; CLK             ;
;  IO[11]   ; CLK        ; 5.551 ; 5.551 ; Rise       ; CLK             ;
;  IO[12]   ; CLK        ; 5.754 ; 5.754 ; Rise       ; CLK             ;
;  IO[13]   ; CLK        ; 5.985 ; 5.985 ; Rise       ; CLK             ;
;  IO[14]   ; CLK        ; 5.846 ; 5.846 ; Rise       ; CLK             ;
;  IO[15]   ; CLK        ; 6.367 ; 6.367 ; Rise       ; CLK             ;
;  IO[16]   ; CLK        ; 5.767 ; 5.767 ; Rise       ; CLK             ;
;  IO[17]   ; CLK        ; 5.993 ; 5.993 ; Rise       ; CLK             ;
;  IO[18]   ; CLK        ; 6.168 ; 6.168 ; Rise       ; CLK             ;
;  IO[19]   ; CLK        ; 5.998 ; 5.998 ; Rise       ; CLK             ;
;  IO[20]   ; CLK        ; 5.876 ; 5.876 ; Rise       ; CLK             ;
;  IO[21]   ; CLK        ; 5.923 ; 5.923 ; Rise       ; CLK             ;
;  IO[22]   ; CLK        ; 5.975 ; 5.975 ; Rise       ; CLK             ;
;  IO[23]   ; CLK        ; 5.842 ; 5.842 ; Rise       ; CLK             ;
;  IO[24]   ; CLK        ; 6.091 ; 6.091 ; Rise       ; CLK             ;
;  IO[25]   ; CLK        ; 6.223 ; 6.223 ; Rise       ; CLK             ;
;  IO[26]   ; CLK        ; 6.008 ; 6.008 ; Rise       ; CLK             ;
;  IO[27]   ; CLK        ; 5.740 ; 5.740 ; Rise       ; CLK             ;
;  IO[28]   ; CLK        ; 5.903 ; 5.903 ; Rise       ; CLK             ;
;  IO[29]   ; CLK        ; 5.973 ; 5.973 ; Rise       ; CLK             ;
;  IO[30]   ; CLK        ; 5.840 ; 5.840 ; Rise       ; CLK             ;
;  IO[31]   ; CLK        ; 5.925 ; 5.925 ; Rise       ; CLK             ;
; IO[*]     ; Enable     ; 4.716 ; 4.716 ; Rise       ; Enable          ;
;  IO[0]    ; Enable     ; 5.053 ; 5.053 ; Rise       ; Enable          ;
;  IO[1]    ; Enable     ; 4.837 ; 4.837 ; Rise       ; Enable          ;
;  IO[2]    ; Enable     ; 5.170 ; 5.170 ; Rise       ; Enable          ;
;  IO[3]    ; Enable     ; 5.393 ; 5.393 ; Rise       ; Enable          ;
;  IO[4]    ; Enable     ; 5.141 ; 5.141 ; Rise       ; Enable          ;
;  IO[5]    ; Enable     ; 4.716 ; 4.716 ; Rise       ; Enable          ;
;  IO[6]    ; Enable     ; 4.957 ; 4.957 ; Rise       ; Enable          ;
;  IO[7]    ; Enable     ; 5.480 ; 5.480 ; Rise       ; Enable          ;
;  IO[8]    ; Enable     ; 5.438 ; 5.438 ; Rise       ; Enable          ;
;  IO[9]    ; Enable     ; 5.268 ; 5.268 ; Rise       ; Enable          ;
;  IO[10]   ; Enable     ; 5.317 ; 5.317 ; Rise       ; Enable          ;
;  IO[11]   ; Enable     ; 5.047 ; 5.047 ; Rise       ; Enable          ;
;  IO[12]   ; Enable     ; 5.351 ; 5.351 ; Rise       ; Enable          ;
;  IO[13]   ; Enable     ; 5.481 ; 5.481 ; Rise       ; Enable          ;
;  IO[14]   ; Enable     ; 5.149 ; 5.149 ; Rise       ; Enable          ;
;  IO[15]   ; Enable     ; 5.826 ; 5.826 ; Rise       ; Enable          ;
;  IO[16]   ; Enable     ; 5.263 ; 5.263 ; Rise       ; Enable          ;
;  IO[17]   ; Enable     ; 5.284 ; 5.284 ; Rise       ; Enable          ;
;  IO[18]   ; Enable     ; 5.006 ; 5.006 ; Rise       ; Enable          ;
;  IO[19]   ; Enable     ; 5.492 ; 5.492 ; Rise       ; Enable          ;
;  IO[20]   ; Enable     ; 4.963 ; 4.963 ; Rise       ; Enable          ;
;  IO[21]   ; Enable     ; 4.931 ; 4.931 ; Rise       ; Enable          ;
;  IO[22]   ; Enable     ; 5.022 ; 5.022 ; Rise       ; Enable          ;
;  IO[23]   ; Enable     ; 5.336 ; 5.336 ; Rise       ; Enable          ;
;  IO[24]   ; Enable     ; 5.068 ; 5.068 ; Rise       ; Enable          ;
;  IO[25]   ; Enable     ; 5.452 ; 5.452 ; Rise       ; Enable          ;
;  IO[26]   ; Enable     ; 5.502 ; 5.502 ; Rise       ; Enable          ;
;  IO[27]   ; Enable     ; 5.236 ; 5.236 ; Rise       ; Enable          ;
;  IO[28]   ; Enable     ; 4.944 ; 4.944 ; Rise       ; Enable          ;
;  IO[29]   ; Enable     ; 5.355 ; 5.355 ; Rise       ; Enable          ;
;  IO[30]   ; Enable     ; 5.299 ; 5.299 ; Rise       ; Enable          ;
;  IO[31]   ; Enable     ; 5.443 ; 5.443 ; Rise       ; Enable          ;
; IO[*]     ; Enable     ; 4.716 ; 4.716 ; Fall       ; Enable          ;
;  IO[0]    ; Enable     ; 5.053 ; 5.053 ; Fall       ; Enable          ;
;  IO[1]    ; Enable     ; 4.837 ; 4.837 ; Fall       ; Enable          ;
;  IO[2]    ; Enable     ; 5.170 ; 5.170 ; Fall       ; Enable          ;
;  IO[3]    ; Enable     ; 5.393 ; 5.393 ; Fall       ; Enable          ;
;  IO[4]    ; Enable     ; 5.141 ; 5.141 ; Fall       ; Enable          ;
;  IO[5]    ; Enable     ; 4.716 ; 4.716 ; Fall       ; Enable          ;
;  IO[6]    ; Enable     ; 4.957 ; 4.957 ; Fall       ; Enable          ;
;  IO[7]    ; Enable     ; 5.480 ; 5.480 ; Fall       ; Enable          ;
;  IO[8]    ; Enable     ; 5.438 ; 5.438 ; Fall       ; Enable          ;
;  IO[9]    ; Enable     ; 5.268 ; 5.268 ; Fall       ; Enable          ;
;  IO[10]   ; Enable     ; 5.317 ; 5.317 ; Fall       ; Enable          ;
;  IO[11]   ; Enable     ; 5.047 ; 5.047 ; Fall       ; Enable          ;
;  IO[12]   ; Enable     ; 5.515 ; 5.515 ; Fall       ; Enable          ;
;  IO[13]   ; Enable     ; 5.481 ; 5.481 ; Fall       ; Enable          ;
;  IO[14]   ; Enable     ; 5.149 ; 5.149 ; Fall       ; Enable          ;
;  IO[15]   ; Enable     ; 5.826 ; 5.826 ; Fall       ; Enable          ;
;  IO[16]   ; Enable     ; 5.263 ; 5.263 ; Fall       ; Enable          ;
;  IO[17]   ; Enable     ; 5.284 ; 5.284 ; Fall       ; Enable          ;
;  IO[18]   ; Enable     ; 5.006 ; 5.006 ; Fall       ; Enable          ;
;  IO[19]   ; Enable     ; 5.492 ; 5.492 ; Fall       ; Enable          ;
;  IO[20]   ; Enable     ; 4.963 ; 4.963 ; Fall       ; Enable          ;
;  IO[21]   ; Enable     ; 4.931 ; 4.931 ; Fall       ; Enable          ;
;  IO[22]   ; Enable     ; 5.022 ; 5.022 ; Fall       ; Enable          ;
;  IO[23]   ; Enable     ; 5.336 ; 5.336 ; Fall       ; Enable          ;
;  IO[24]   ; Enable     ; 5.068 ; 5.068 ; Fall       ; Enable          ;
;  IO[25]   ; Enable     ; 5.452 ; 5.452 ; Fall       ; Enable          ;
;  IO[26]   ; Enable     ; 5.502 ; 5.502 ; Fall       ; Enable          ;
;  IO[27]   ; Enable     ; 5.236 ; 5.236 ; Fall       ; Enable          ;
;  IO[28]   ; Enable     ; 4.944 ; 4.944 ; Fall       ; Enable          ;
;  IO[29]   ; Enable     ; 5.355 ; 5.355 ; Fall       ; Enable          ;
;  IO[30]   ; Enable     ; 5.299 ; 5.299 ; Fall       ; Enable          ;
;  IO[31]   ; Enable     ; 5.443 ; 5.443 ; Fall       ; Enable          ;
+-----------+------------+-------+-------+------------+-----------------+


+--------------------------------------------------------------+
; Progagation Delay                                            ;
+------------+-------------+--------+--------+--------+--------+
; Input Port ; Output Port ; RR     ; RF     ; FR     ; FF     ;
+------------+-------------+--------+--------+--------+--------+
; Push/Pop   ; IO[0]       ; 15.079 ; 15.079 ; 15.079 ; 15.079 ;
; Push/Pop   ; IO[1]       ; 15.378 ; 15.378 ; 15.378 ; 15.378 ;
; Push/Pop   ; IO[2]       ; 15.903 ; 15.903 ; 15.903 ; 15.903 ;
; Push/Pop   ; IO[3]       ; 16.384 ; 16.384 ; 16.384 ; 16.384 ;
; Push/Pop   ; IO[4]       ; 15.091 ; 15.091 ; 15.091 ; 15.091 ;
; Push/Pop   ; IO[5]       ; 14.739 ; 14.739 ; 14.739 ; 14.739 ;
; Push/Pop   ; IO[6]       ; 15.151 ; 15.151 ; 15.151 ; 15.151 ;
; Push/Pop   ; IO[7]       ; 15.380 ; 15.380 ; 15.380 ; 15.380 ;
; Push/Pop   ; IO[8]       ; 15.917 ; 15.917 ; 15.917 ; 15.917 ;
; Push/Pop   ; IO[9]       ; 15.144 ; 15.144 ; 15.144 ; 15.144 ;
; Push/Pop   ; IO[10]      ; 15.244 ; 15.244 ; 15.244 ; 15.244 ;
; Push/Pop   ; IO[11]      ; 15.429 ; 15.429 ; 15.429 ; 15.429 ;
; Push/Pop   ; IO[12]      ; 15.599 ; 15.599 ; 15.599 ; 15.599 ;
; Push/Pop   ; IO[13]      ; 15.222 ; 15.222 ; 15.222 ; 15.222 ;
; Push/Pop   ; IO[14]      ; 15.061 ; 15.061 ; 15.061 ; 15.061 ;
; Push/Pop   ; IO[15]      ; 15.799 ; 15.799 ; 15.799 ; 15.799 ;
; Push/Pop   ; IO[16]      ; 15.375 ; 15.375 ; 15.375 ; 15.375 ;
; Push/Pop   ; IO[17]      ; 15.130 ; 15.130 ; 15.130 ; 15.130 ;
; Push/Pop   ; IO[18]      ; 15.704 ; 15.704 ; 15.704 ; 15.704 ;
; Push/Pop   ; IO[19]      ; 15.251 ; 15.251 ; 15.251 ; 15.251 ;
; Push/Pop   ; IO[20]      ; 15.821 ; 15.821 ; 15.821 ; 15.821 ;
; Push/Pop   ; IO[21]      ; 14.839 ; 14.839 ; 14.839 ; 14.839 ;
; Push/Pop   ; IO[22]      ; 15.352 ; 15.352 ; 15.352 ; 15.352 ;
; Push/Pop   ; IO[23]      ; 17.054 ; 17.054 ; 17.054 ; 17.054 ;
; Push/Pop   ; IO[24]      ; 14.423 ; 14.423 ; 14.423 ; 14.423 ;
; Push/Pop   ; IO[25]      ; 16.073 ; 16.073 ; 16.073 ; 16.073 ;
; Push/Pop   ; IO[26]      ; 15.765 ; 15.765 ; 15.765 ; 15.765 ;
; Push/Pop   ; IO[27]      ; 15.186 ; 15.186 ; 15.186 ; 15.186 ;
; Push/Pop   ; IO[28]      ; 14.650 ; 14.650 ; 14.650 ; 14.650 ;
; Push/Pop   ; IO[29]      ; 15.410 ; 15.410 ; 15.410 ; 15.410 ;
; Push/Pop   ; IO[30]      ; 15.087 ; 15.087 ; 15.087 ; 15.087 ;
; Push/Pop   ; IO[31]      ; 16.008 ; 16.008 ; 16.008 ; 16.008 ;
+------------+-------------+--------+--------+--------+--------+


+----------------------------------------------------------+
; Minimum Progagation Delay                                ;
+------------+-------------+-------+-------+-------+-------+
; Input Port ; Output Port ; RR    ; RF    ; FR    ; FF    ;
+------------+-------------+-------+-------+-------+-------+
; Push/Pop   ; IO[0]       ; 4.664 ; 4.664 ; 4.664 ; 4.664 ;
; Push/Pop   ; IO[1]       ; 4.117 ; 4.117 ; 4.117 ; 4.117 ;
; Push/Pop   ; IO[2]       ; 2.952 ; 2.952 ; 2.952 ; 2.952 ;
; Push/Pop   ; IO[3]       ; 2.971 ; 2.971 ; 2.971 ; 2.971 ;
; Push/Pop   ; IO[4]       ; 4.350 ; 4.350 ; 4.350 ; 4.350 ;
; Push/Pop   ; IO[5]       ; 3.082 ; 3.082 ; 3.082 ; 3.082 ;
; Push/Pop   ; IO[6]       ; 4.490 ; 4.490 ; 4.490 ; 4.490 ;
; Push/Pop   ; IO[7]       ; 4.581 ; 4.581 ; 4.581 ; 4.581 ;
; Push/Pop   ; IO[8]       ; 4.581 ; 4.581 ; 4.581 ; 4.581 ;
; Push/Pop   ; IO[9]       ; 4.366 ; 4.366 ; 4.366 ; 4.366 ;
; Push/Pop   ; IO[10]      ; 4.563 ; 4.563 ; 4.563 ; 4.563 ;
; Push/Pop   ; IO[11]      ; 2.952 ; 2.952 ; 2.952 ; 2.952 ;
; Push/Pop   ; IO[12]      ; 4.366 ; 4.366 ; 4.366 ; 4.366 ;
; Push/Pop   ; IO[13]      ; 3.091 ; 3.091 ; 3.091 ; 3.091 ;
; Push/Pop   ; IO[14]      ; 4.117 ; 4.117 ; 4.117 ; 4.117 ;
; Push/Pop   ; IO[15]      ; 4.563 ; 4.563 ; 4.563 ; 4.563 ;
; Push/Pop   ; IO[16]      ; 3.061 ; 3.061 ; 3.061 ; 3.061 ;
; Push/Pop   ; IO[17]      ; 4.340 ; 4.340 ; 4.340 ; 4.340 ;
; Push/Pop   ; IO[18]      ; 4.490 ; 4.490 ; 4.490 ; 4.490 ;
; Push/Pop   ; IO[19]      ; 3.072 ; 3.072 ; 3.072 ; 3.072 ;
; Push/Pop   ; IO[20]      ; 3.083 ; 3.083 ; 3.083 ; 3.083 ;
; Push/Pop   ; IO[21]      ; 4.581 ; 4.581 ; 4.581 ; 4.581 ;
; Push/Pop   ; IO[22]      ; 2.935 ; 2.935 ; 2.935 ; 2.935 ;
; Push/Pop   ; IO[23]      ; 2.925 ; 2.925 ; 2.925 ; 2.925 ;
; Push/Pop   ; IO[24]      ; 4.581 ; 4.581 ; 4.581 ; 4.581 ;
; Push/Pop   ; IO[25]      ; 3.091 ; 3.091 ; 3.091 ; 3.091 ;
; Push/Pop   ; IO[26]      ; 2.985 ; 2.985 ; 2.985 ; 2.985 ;
; Push/Pop   ; IO[27]      ; 2.962 ; 2.962 ; 2.962 ; 2.962 ;
; Push/Pop   ; IO[28]      ; 3.083 ; 3.083 ; 3.083 ; 3.083 ;
; Push/Pop   ; IO[29]      ; 4.654 ; 4.654 ; 4.654 ; 4.654 ;
; Push/Pop   ; IO[30]      ; 3.061 ; 3.061 ; 3.061 ; 3.061 ;
; Push/Pop   ; IO[31]      ; 2.995 ; 2.995 ; 2.995 ; 2.995 ;
+------------+-------------+-------+-------+-------+-------+


+-------------------------------------------------------------------+
; Setup Transfers                                                   ;
+------------+----------+----------+----------+----------+----------+
; From Clock ; To Clock ; RR Paths ; FR Paths ; RF Paths ; FF Paths ;
+------------+----------+----------+----------+----------+----------+
; CLK        ; CLK      ; 40       ; 0        ; 0        ; 0        ;
; Enable     ; CLK      ; 17       ; 17       ; 0        ; 0        ;
+------------+----------+----------+----------+----------+----------+
Entries labeled "false path" only account for clock-to-clock false paths and not path-based false paths. As a result, actual path counts may be lower than reported.


+-------------------------------------------------------------------+
; Hold Transfers                                                    ;
+------------+----------+----------+----------+----------+----------+
; From Clock ; To Clock ; RR Paths ; FR Paths ; RF Paths ; FF Paths ;
+------------+----------+----------+----------+----------+----------+
; CLK        ; CLK      ; 40       ; 0        ; 0        ; 0        ;
; Enable     ; CLK      ; 17       ; 17       ; 0        ; 0        ;
+------------+----------+----------+----------+----------+----------+
Entries labeled "false path" only account for clock-to-clock false paths and not path-based false paths. As a result, actual path counts may be lower than reported.


---------------
; Report TCCS ;
---------------
No dedicated SERDES Transmitter circuitry present in device or used in design


---------------
; Report RSKM ;
---------------
No dedicated SERDES Receiver circuitry present in device or used in design


+------------------------------------------------+
; Unconstrained Paths                            ;
+---------------------------------+-------+------+
; Property                        ; Setup ; Hold ;
+---------------------------------+-------+------+
; Illegal Clocks                  ; 0     ; 0    ;
; Unconstrained Clocks            ; 0     ; 0    ;
; Unconstrained Input Ports       ; 35    ; 35   ;
; Unconstrained Input Port Paths  ; 1106  ; 1106 ;
; Unconstrained Output Ports      ; 34    ; 34   ;
; Unconstrained Output Port Paths ; 1418  ; 1418 ;
+---------------------------------+-------+------+


+------------------------------------+
; TimeQuest Timing Analyzer Messages ;
+------------------------------------+
Info: *******************************************************************
Info: Running Quartus II 64-Bit TimeQuest Timing Analyzer
    Info: Version 13.0.1 Build 232 06/12/2013 Service Pack 1 SJ Web Edition
    Info: Processing started: Thu Dec 18 23:48:41 2025
Info: Command: quartus_sta PD -c PD
Info: qsta_default_script.tcl version: #1
Warning (20028): Parallel compilation is not licensed and has been disabled
Info (21077): Low junction temperature is 0 degrees C
Info (21077): High junction temperature is 85 degrees C
Critical Warning (332012): Synopsys Design Constraints File file not found: 'PD.sdc'. A Synopsys Design Constraints File is required by the TimeQuest Timing Analyzer to get proper timing constraints. Without it, the Compiler will not properly optimize the design.
Info (332142): No user constrained base clocks found in the design. Calling "derive_clocks -period 1.0"
Info (332105): Deriving Clocks
    Info (332105): create_clock -period 1.000 -name CLK CLK
    Info (332105): create_clock -period 1.000 -name Enable Enable
Info (332097): The following timing edges are non-unate.  TimeQuest will assume pos-unate behavior for these edges in the clock network.
    Info (332098): Cell: inst8|inst[0]~0  from: datab  to: combout
    Info (332098): Cell: inst8|inst[1]~1  from: datac  to: combout
    Info (332098): Cell: inst8|inst[2]~4  from: dataa  to: combout
    Info (332098): Cell: inst8|inst[3]~3  from: datad  to: combout
    Info (332098): Cell: inst8|inst[4]~2  from: dataa  to: combout
Info: Found TIMEQUEST_REPORT_SCRIPT_INCLUDE_DEFAULT_ANALYSIS = ON
Info: Analyzing Slow Model
Critical Warning (332148): Timing requirements not met
Info (332146): Worst-case setup slack is -1.007
    Info (332119):     Slack End Point TNS Clock 
    Info (332119): ========= ============= =====================
    Info (332119):    -1.007        -6.620 CLK 
Info (332146): Worst-case hold slack is -0.108
    Info (332119):     Slack End Point TNS Clock 
    Info (332119): ========= ============= =====================
    Info (332119):    -0.108        -0.151 CLK 
Info (332140): No Recovery paths to report
Info (332140): No Removal paths to report
Info (332146): Worst-case minimum pulse width slack is -4.404
    Info (332119):     Slack End Point TNS Clock 
    Info (332119): ========= ============= =====================
    Info (332119):    -4.404    -14535.736 Enable 
    Info (332119):    -1.222       -11.222 CLK 
Info (332001): The selected device family is not supported by the report_metastability command.
Info: Analyzing Fast Model
Info (332097): The following timing edges are non-unate.  TimeQuest will assume pos-unate behavior for these edges in the clock network.
    Info (332098): Cell: inst8|inst[0]~0  from: datab  to: combout
    Info (332098): Cell: inst8|inst[1]~1  from: datac  to: combout
    Info (332098): Cell: inst8|inst[2]~4  from: dataa  to: combout
    Info (332098): Cell: inst8|inst[3]~3  from: datad  to: combout
    Info (332098): Cell: inst8|inst[4]~2  from: dataa  to: combout
Info (332146): Worst-case setup slack is 0.091
    Info (332119):     Slack End Point TNS Clock 
    Info (332119): ========= ============= =====================
    Info (332119):     0.091         0.000 CLK 
Critical Warning (332148): Timing requirements not met
Info (332146): Worst-case hold slack is -0.117
    Info (332119):     Slack End Point TNS Clock 
    Info (332119): ========= ============= =====================
    Info (332119):    -0.117        -0.756 CLK 
Info (332140): No Recovery paths to report
Info (332140): No Removal paths to report
Info (332146): Worst-case minimum pulse width slack is -2.244
    Info (332119):     Slack End Point TNS Clock 
    Info (332119): ========= ============= =====================
    Info (332119):    -2.244     -6472.648 Enable 
    Info (332119):    -1.222       -11.222 CLK 
Info (332001): The selected device family is not supported by the report_metastability command.
Info (332102): Design is not fully constrained for setup requirements
Info (332102): Design is not fully constrained for hold requirements
Info: Quartus II 64-Bit TimeQuest Timing Analyzer was successful. 0 errors, 4 warnings
    Info: Peak virtual memory: 4584 megabytes
    Info: Processing ended: Thu Dec 18 23:48:43 2025
    Info: Elapsed time: 00:00:02
    Info: Total CPU time (on all processors): 00:00:02


