TimeQuest Timing Analyzer report for ram
Fri Oct 24 11:27:01 2025
Quartus II 64-Bit Version 13.0.1 Build 232 06/12/2013 Service Pack 1 SJ Web Edition


---------------------
; Table of Contents ;
---------------------
  1. Legal Notice
  2. TimeQuest Timing Analyzer Summary
  3. Parallel Compilation
  4. Clocks
  5. Slow Model Fmax Summary
  6. Slow Model Setup Summary
  7. Slow Model Hold Summary
  8. Slow Model Recovery Summary
  9. Slow Model Removal Summary
 10. Slow Model Minimum Pulse Width Summary
 11. Slow Model Minimum Pulse Width: 'A[0]'
 12. Setup Times
 13. Hold Times
 14. Clock to Output Times
 15. Minimum Clock to Output Times
 16. Propagation Delay
 17. Minimum Propagation Delay
 18. Fast Model Setup Summary
 19. Fast Model Hold Summary
 20. Fast Model Recovery Summary
 21. Fast Model Removal Summary
 22. Fast Model Minimum Pulse Width Summary
 23. Fast Model Minimum Pulse Width: 'A[0]'
 24. Setup Times
 25. Hold Times
 26. Clock to Output Times
 27. Minimum Clock to Output Times
 28. Propagation Delay
 29. Minimum Propagation Delay
 30. Multicorner Timing Analysis Summary
 31. Setup Times
 32. Hold Times
 33. Clock to Output Times
 34. Minimum Clock to Output Times
 35. Progagation Delay
 36. Minimum Progagation Delay
 37. Clock Transfers
 38. Report TCCS
 39. Report RSKM
 40. Unconstrained Paths
 41. TimeQuest Timing Analyzer Messages



----------------
; Legal Notice ;
----------------
Copyright (C) 1991-2013 Altera Corporation
Your use of Altera Corporation's design tools, logic functions 
and other software and tools, and its AMPP partner logic 
functions, and any output files from any of the foregoing 
(including device programming or simulation files), and any 
associated documentation or information are expressly subject 
to the terms and conditions of the Altera Program License 
Subscription Agreement, Altera MegaCore Function License 
Agreement, or other applicable license agreement, including, 
without limitation, that your use is for the sole purpose of 
programming logic devices manufactured by Altera and sold by 
Altera or its authorized distributors.  Please refer to the 
applicable agreement for further details.



+----------------------------------------------------------------------------------------+
; TimeQuest Timing Analyzer Summary                                                      ;
+--------------------+-------------------------------------------------------------------+
; Quartus II Version ; Version 13.0.1 Build 232 06/12/2013 Service Pack 1 SJ Web Edition ;
; Revision Name      ; ram                                                               ;
; Device Family      ; Cyclone II                                                        ;
; Device Name        ; EP2C35F672C6                                                      ;
; Timing Models      ; Final                                                             ;
; Delay Model        ; Combined                                                          ;
; Rise/Fall Delays   ; Unavailable                                                       ;
+--------------------+-------------------------------------------------------------------+


Parallel compilation was disabled, but you have multiple processors available. Enable parallel compilation to reduce compilation time.
+-------------------------------------+
; Parallel Compilation                ;
+----------------------------+--------+
; Processors                 ; Number ;
+----------------------------+--------+
; Number detected on machine ; 16     ;
; Maximum allowed            ; 1      ;
+----------------------------+--------+


+----------------------------------------------------------------------------------------------------------------------------------------------------------------------------------+
; Clocks                                                                                                                                                                           ;
+------------+------+--------+------------+-------+-------+------------+-----------+-------------+-------+--------+-----------+------------+----------+--------+--------+----------+
; Clock Name ; Type ; Period ; Frequency  ; Rise  ; Fall  ; Duty Cycle ; Divide by ; Multiply by ; Phase ; Offset ; Edge List ; Edge Shift ; Inverted ; Master ; Source ; Targets  ;
+------------+------+--------+------------+-------+-------+------------+-----------+-------------+-------+--------+-----------+------------+----------+--------+--------+----------+
; A[0]       ; Base ; 1.000  ; 1000.0 MHz ; 0.000 ; 0.500 ;            ;           ;             ;       ;        ;           ;            ;          ;        ;        ; { A[0] } ;
+------------+------+--------+------------+-------+-------+------------+-----------+-------------+-------+--------+-----------+------------+----------+--------+--------+----------+


---------------------------
; Slow Model Fmax Summary ;
---------------------------
No paths to report.


----------------------------
; Slow Model Setup Summary ;
----------------------------
No paths to report.


---------------------------
; Slow Model Hold Summary ;
---------------------------
No paths to report.


-------------------------------
; Slow Model Recovery Summary ;
-------------------------------
No paths to report.


------------------------------
; Slow Model Removal Summary ;
------------------------------
No paths to report.


+----------------------------------------+
; Slow Model Minimum Pulse Width Summary ;
+-------+--------+-----------------------+
; Clock ; Slack  ; End Point TNS         ;
+-------+--------+-----------------------+
; A[0]  ; -1.380 ; -1025.380             ;
+-------+--------+-----------------------+


+-------------------------------------------------------------------------------------------------------------------------------------+
; Slow Model Minimum Pulse Width: 'A[0]'                                                                                              ;
+--------+--------------+----------------+------------------+-------+------------+----------------------------------------------------+
; Slack  ; Actual Width ; Required Width ; Type             ; Clock ; Clock Edge ; Target                                             ;
+--------+--------------+----------------+------------------+-------+------------+----------------------------------------------------+
; -1.380 ; 1.000        ; 2.380          ; Port Rate        ; A[0]  ; Rise       ; A[0]                                               ;
; -0.500 ; 0.500        ; 1.000          ; High Pulse Width ; A[0]  ; Fall       ; 4x32ram:inst1|4x4ram:inst1|memory_cell:inst10|inst ;
; -0.500 ; 0.500        ; 1.000          ; Low Pulse Width  ; A[0]  ; Fall       ; 4x32ram:inst1|4x4ram:inst1|memory_cell:inst10|inst ;
; -0.500 ; 0.500        ; 1.000          ; High Pulse Width ; A[0]  ; Rise       ; 4x32ram:inst1|4x4ram:inst1|memory_cell:inst11|inst ;
; -0.500 ; 0.500        ; 1.000          ; Low Pulse Width  ; A[0]  ; Rise       ; 4x32ram:inst1|4x4ram:inst1|memory_cell:inst11|inst ;
; -0.500 ; 0.500        ; 1.000          ; High Pulse Width ; A[0]  ; Rise       ; 4x32ram:inst1|4x4ram:inst1|memory_cell:inst12|inst ;
; -0.500 ; 0.500        ; 1.000          ; Low Pulse Width  ; A[0]  ; Rise       ; 4x32ram:inst1|4x4ram:inst1|memory_cell:inst12|inst ;
; -0.500 ; 0.500        ; 1.000          ; High Pulse Width ; A[0]  ; Fall       ; 4x32ram:inst1|4x4ram:inst1|memory_cell:inst13|inst ;
; -0.500 ; 0.500        ; 1.000          ; Low Pulse Width  ; A[0]  ; Fall       ; 4x32ram:inst1|4x4ram:inst1|memory_cell:inst13|inst ;
; -0.500 ; 0.500        ; 1.000          ; High Pulse Width ; A[0]  ; Fall       ; 4x32ram:inst1|4x4ram:inst1|memory_cell:inst14|inst ;
; -0.500 ; 0.500        ; 1.000          ; Low Pulse Width  ; A[0]  ; Fall       ; 4x32ram:inst1|4x4ram:inst1|memory_cell:inst14|inst ;
; -0.500 ; 0.500        ; 1.000          ; High Pulse Width ; A[0]  ; Rise       ; 4x32ram:inst1|4x4ram:inst1|memory_cell:inst15|inst ;
; -0.500 ; 0.500        ; 1.000          ; Low Pulse Width  ; A[0]  ; Rise       ; 4x32ram:inst1|4x4ram:inst1|memory_cell:inst15|inst ;
; -0.500 ; 0.500        ; 1.000          ; High Pulse Width ; A[0]  ; Rise       ; 4x32ram:inst1|4x4ram:inst1|memory_cell:inst16|inst ;
; -0.500 ; 0.500        ; 1.000          ; Low Pulse Width  ; A[0]  ; Rise       ; 4x32ram:inst1|4x4ram:inst1|memory_cell:inst16|inst ;
; -0.500 ; 0.500        ; 1.000          ; High Pulse Width ; A[0]  ; Fall       ; 4x32ram:inst1|4x4ram:inst1|memory_cell:inst1|inst  ;
; -0.500 ; 0.500        ; 1.000          ; Low Pulse Width  ; A[0]  ; Fall       ; 4x32ram:inst1|4x4ram:inst1|memory_cell:inst1|inst  ;
; -0.500 ; 0.500        ; 1.000          ; High Pulse Width ; A[0]  ; Fall       ; 4x32ram:inst1|4x4ram:inst1|memory_cell:inst2|inst  ;
; -0.500 ; 0.500        ; 1.000          ; Low Pulse Width  ; A[0]  ; Fall       ; 4x32ram:inst1|4x4ram:inst1|memory_cell:inst2|inst  ;
; -0.500 ; 0.500        ; 1.000          ; High Pulse Width ; A[0]  ; Rise       ; 4x32ram:inst1|4x4ram:inst1|memory_cell:inst3|inst  ;
; -0.500 ; 0.500        ; 1.000          ; Low Pulse Width  ; A[0]  ; Rise       ; 4x32ram:inst1|4x4ram:inst1|memory_cell:inst3|inst  ;
; -0.500 ; 0.500        ; 1.000          ; High Pulse Width ; A[0]  ; Rise       ; 4x32ram:inst1|4x4ram:inst1|memory_cell:inst4|inst  ;
; -0.500 ; 0.500        ; 1.000          ; Low Pulse Width  ; A[0]  ; Rise       ; 4x32ram:inst1|4x4ram:inst1|memory_cell:inst4|inst  ;
; -0.500 ; 0.500        ; 1.000          ; High Pulse Width ; A[0]  ; Fall       ; 4x32ram:inst1|4x4ram:inst1|memory_cell:inst5|inst  ;
; -0.500 ; 0.500        ; 1.000          ; Low Pulse Width  ; A[0]  ; Fall       ; 4x32ram:inst1|4x4ram:inst1|memory_cell:inst5|inst  ;
; -0.500 ; 0.500        ; 1.000          ; High Pulse Width ; A[0]  ; Fall       ; 4x32ram:inst1|4x4ram:inst1|memory_cell:inst6|inst  ;
; -0.500 ; 0.500        ; 1.000          ; Low Pulse Width  ; A[0]  ; Fall       ; 4x32ram:inst1|4x4ram:inst1|memory_cell:inst6|inst  ;
; -0.500 ; 0.500        ; 1.000          ; High Pulse Width ; A[0]  ; Rise       ; 4x32ram:inst1|4x4ram:inst1|memory_cell:inst7|inst  ;
; -0.500 ; 0.500        ; 1.000          ; Low Pulse Width  ; A[0]  ; Rise       ; 4x32ram:inst1|4x4ram:inst1|memory_cell:inst7|inst  ;
; -0.500 ; 0.500        ; 1.000          ; High Pulse Width ; A[0]  ; Rise       ; 4x32ram:inst1|4x4ram:inst1|memory_cell:inst8|inst  ;
; -0.500 ; 0.500        ; 1.000          ; Low Pulse Width  ; A[0]  ; Rise       ; 4x32ram:inst1|4x4ram:inst1|memory_cell:inst8|inst  ;
; -0.500 ; 0.500        ; 1.000          ; High Pulse Width ; A[0]  ; Fall       ; 4x32ram:inst1|4x4ram:inst1|memory_cell:inst9|inst  ;
; -0.500 ; 0.500        ; 1.000          ; Low Pulse Width  ; A[0]  ; Fall       ; 4x32ram:inst1|4x4ram:inst1|memory_cell:inst9|inst  ;
; -0.500 ; 0.500        ; 1.000          ; High Pulse Width ; A[0]  ; Fall       ; 4x32ram:inst1|4x4ram:inst3|memory_cell:inst10|inst ;
; -0.500 ; 0.500        ; 1.000          ; Low Pulse Width  ; A[0]  ; Fall       ; 4x32ram:inst1|4x4ram:inst3|memory_cell:inst10|inst ;
; -0.500 ; 0.500        ; 1.000          ; High Pulse Width ; A[0]  ; Rise       ; 4x32ram:inst1|4x4ram:inst3|memory_cell:inst11|inst ;
; -0.500 ; 0.500        ; 1.000          ; Low Pulse Width  ; A[0]  ; Rise       ; 4x32ram:inst1|4x4ram:inst3|memory_cell:inst11|inst ;
; -0.500 ; 0.500        ; 1.000          ; High Pulse Width ; A[0]  ; Rise       ; 4x32ram:inst1|4x4ram:inst3|memory_cell:inst12|inst ;
; -0.500 ; 0.500        ; 1.000          ; Low Pulse Width  ; A[0]  ; Rise       ; 4x32ram:inst1|4x4ram:inst3|memory_cell:inst12|inst ;
; -0.500 ; 0.500        ; 1.000          ; High Pulse Width ; A[0]  ; Fall       ; 4x32ram:inst1|4x4ram:inst3|memory_cell:inst13|inst ;
; -0.500 ; 0.500        ; 1.000          ; Low Pulse Width  ; A[0]  ; Fall       ; 4x32ram:inst1|4x4ram:inst3|memory_cell:inst13|inst ;
; -0.500 ; 0.500        ; 1.000          ; High Pulse Width ; A[0]  ; Fall       ; 4x32ram:inst1|4x4ram:inst3|memory_cell:inst14|inst ;
; -0.500 ; 0.500        ; 1.000          ; Low Pulse Width  ; A[0]  ; Fall       ; 4x32ram:inst1|4x4ram:inst3|memory_cell:inst14|inst ;
; -0.500 ; 0.500        ; 1.000          ; High Pulse Width ; A[0]  ; Rise       ; 4x32ram:inst1|4x4ram:inst3|memory_cell:inst15|inst ;
; -0.500 ; 0.500        ; 1.000          ; Low Pulse Width  ; A[0]  ; Rise       ; 4x32ram:inst1|4x4ram:inst3|memory_cell:inst15|inst ;
; -0.500 ; 0.500        ; 1.000          ; High Pulse Width ; A[0]  ; Rise       ; 4x32ram:inst1|4x4ram:inst3|memory_cell:inst16|inst ;
; -0.500 ; 0.500        ; 1.000          ; Low Pulse Width  ; A[0]  ; Rise       ; 4x32ram:inst1|4x4ram:inst3|memory_cell:inst16|inst ;
; -0.500 ; 0.500        ; 1.000          ; High Pulse Width ; A[0]  ; Fall       ; 4x32ram:inst1|4x4ram:inst3|memory_cell:inst1|inst  ;
; -0.500 ; 0.500        ; 1.000          ; Low Pulse Width  ; A[0]  ; Fall       ; 4x32ram:inst1|4x4ram:inst3|memory_cell:inst1|inst  ;
; -0.500 ; 0.500        ; 1.000          ; High Pulse Width ; A[0]  ; Fall       ; 4x32ram:inst1|4x4ram:inst3|memory_cell:inst2|inst  ;
; -0.500 ; 0.500        ; 1.000          ; Low Pulse Width  ; A[0]  ; Fall       ; 4x32ram:inst1|4x4ram:inst3|memory_cell:inst2|inst  ;
; -0.500 ; 0.500        ; 1.000          ; High Pulse Width ; A[0]  ; Rise       ; 4x32ram:inst1|4x4ram:inst3|memory_cell:inst3|inst  ;
; -0.500 ; 0.500        ; 1.000          ; Low Pulse Width  ; A[0]  ; Rise       ; 4x32ram:inst1|4x4ram:inst3|memory_cell:inst3|inst  ;
; -0.500 ; 0.500        ; 1.000          ; High Pulse Width ; A[0]  ; Rise       ; 4x32ram:inst1|4x4ram:inst3|memory_cell:inst4|inst  ;
; -0.500 ; 0.500        ; 1.000          ; Low Pulse Width  ; A[0]  ; Rise       ; 4x32ram:inst1|4x4ram:inst3|memory_cell:inst4|inst  ;
; -0.500 ; 0.500        ; 1.000          ; High Pulse Width ; A[0]  ; Fall       ; 4x32ram:inst1|4x4ram:inst3|memory_cell:inst5|inst  ;
; -0.500 ; 0.500        ; 1.000          ; Low Pulse Width  ; A[0]  ; Fall       ; 4x32ram:inst1|4x4ram:inst3|memory_cell:inst5|inst  ;
; -0.500 ; 0.500        ; 1.000          ; High Pulse Width ; A[0]  ; Fall       ; 4x32ram:inst1|4x4ram:inst3|memory_cell:inst6|inst  ;
; -0.500 ; 0.500        ; 1.000          ; Low Pulse Width  ; A[0]  ; Fall       ; 4x32ram:inst1|4x4ram:inst3|memory_cell:inst6|inst  ;
; -0.500 ; 0.500        ; 1.000          ; High Pulse Width ; A[0]  ; Rise       ; 4x32ram:inst1|4x4ram:inst3|memory_cell:inst7|inst  ;
; -0.500 ; 0.500        ; 1.000          ; Low Pulse Width  ; A[0]  ; Rise       ; 4x32ram:inst1|4x4ram:inst3|memory_cell:inst7|inst  ;
; -0.500 ; 0.500        ; 1.000          ; High Pulse Width ; A[0]  ; Rise       ; 4x32ram:inst1|4x4ram:inst3|memory_cell:inst8|inst  ;
; -0.500 ; 0.500        ; 1.000          ; Low Pulse Width  ; A[0]  ; Rise       ; 4x32ram:inst1|4x4ram:inst3|memory_cell:inst8|inst  ;
; -0.500 ; 0.500        ; 1.000          ; High Pulse Width ; A[0]  ; Fall       ; 4x32ram:inst1|4x4ram:inst3|memory_cell:inst9|inst  ;
; -0.500 ; 0.500        ; 1.000          ; Low Pulse Width  ; A[0]  ; Fall       ; 4x32ram:inst1|4x4ram:inst3|memory_cell:inst9|inst  ;
; -0.500 ; 0.500        ; 1.000          ; High Pulse Width ; A[0]  ; Fall       ; 4x32ram:inst1|4x4ram:inst4|memory_cell:inst10|inst ;
; -0.500 ; 0.500        ; 1.000          ; Low Pulse Width  ; A[0]  ; Fall       ; 4x32ram:inst1|4x4ram:inst4|memory_cell:inst10|inst ;
; -0.500 ; 0.500        ; 1.000          ; High Pulse Width ; A[0]  ; Rise       ; 4x32ram:inst1|4x4ram:inst4|memory_cell:inst11|inst ;
; -0.500 ; 0.500        ; 1.000          ; Low Pulse Width  ; A[0]  ; Rise       ; 4x32ram:inst1|4x4ram:inst4|memory_cell:inst11|inst ;
; -0.500 ; 0.500        ; 1.000          ; High Pulse Width ; A[0]  ; Rise       ; 4x32ram:inst1|4x4ram:inst4|memory_cell:inst12|inst ;
; -0.500 ; 0.500        ; 1.000          ; Low Pulse Width  ; A[0]  ; Rise       ; 4x32ram:inst1|4x4ram:inst4|memory_cell:inst12|inst ;
; -0.500 ; 0.500        ; 1.000          ; High Pulse Width ; A[0]  ; Fall       ; 4x32ram:inst1|4x4ram:inst4|memory_cell:inst13|inst ;
; -0.500 ; 0.500        ; 1.000          ; Low Pulse Width  ; A[0]  ; Fall       ; 4x32ram:inst1|4x4ram:inst4|memory_cell:inst13|inst ;
; -0.500 ; 0.500        ; 1.000          ; High Pulse Width ; A[0]  ; Fall       ; 4x32ram:inst1|4x4ram:inst4|memory_cell:inst14|inst ;
; -0.500 ; 0.500        ; 1.000          ; Low Pulse Width  ; A[0]  ; Fall       ; 4x32ram:inst1|4x4ram:inst4|memory_cell:inst14|inst ;
; -0.500 ; 0.500        ; 1.000          ; High Pulse Width ; A[0]  ; Rise       ; 4x32ram:inst1|4x4ram:inst4|memory_cell:inst15|inst ;
; -0.500 ; 0.500        ; 1.000          ; Low Pulse Width  ; A[0]  ; Rise       ; 4x32ram:inst1|4x4ram:inst4|memory_cell:inst15|inst ;
; -0.500 ; 0.500        ; 1.000          ; High Pulse Width ; A[0]  ; Rise       ; 4x32ram:inst1|4x4ram:inst4|memory_cell:inst16|inst ;
; -0.500 ; 0.500        ; 1.000          ; Low Pulse Width  ; A[0]  ; Rise       ; 4x32ram:inst1|4x4ram:inst4|memory_cell:inst16|inst ;
; -0.500 ; 0.500        ; 1.000          ; High Pulse Width ; A[0]  ; Fall       ; 4x32ram:inst1|4x4ram:inst4|memory_cell:inst1|inst  ;
; -0.500 ; 0.500        ; 1.000          ; Low Pulse Width  ; A[0]  ; Fall       ; 4x32ram:inst1|4x4ram:inst4|memory_cell:inst1|inst  ;
; -0.500 ; 0.500        ; 1.000          ; High Pulse Width ; A[0]  ; Fall       ; 4x32ram:inst1|4x4ram:inst4|memory_cell:inst2|inst  ;
; -0.500 ; 0.500        ; 1.000          ; Low Pulse Width  ; A[0]  ; Fall       ; 4x32ram:inst1|4x4ram:inst4|memory_cell:inst2|inst  ;
; -0.500 ; 0.500        ; 1.000          ; High Pulse Width ; A[0]  ; Rise       ; 4x32ram:inst1|4x4ram:inst4|memory_cell:inst3|inst  ;
; -0.500 ; 0.500        ; 1.000          ; Low Pulse Width  ; A[0]  ; Rise       ; 4x32ram:inst1|4x4ram:inst4|memory_cell:inst3|inst  ;
; -0.500 ; 0.500        ; 1.000          ; High Pulse Width ; A[0]  ; Rise       ; 4x32ram:inst1|4x4ram:inst4|memory_cell:inst4|inst  ;
; -0.500 ; 0.500        ; 1.000          ; Low Pulse Width  ; A[0]  ; Rise       ; 4x32ram:inst1|4x4ram:inst4|memory_cell:inst4|inst  ;
; -0.500 ; 0.500        ; 1.000          ; High Pulse Width ; A[0]  ; Fall       ; 4x32ram:inst1|4x4ram:inst4|memory_cell:inst5|inst  ;
; -0.500 ; 0.500        ; 1.000          ; Low Pulse Width  ; A[0]  ; Fall       ; 4x32ram:inst1|4x4ram:inst4|memory_cell:inst5|inst  ;
; -0.500 ; 0.500        ; 1.000          ; High Pulse Width ; A[0]  ; Fall       ; 4x32ram:inst1|4x4ram:inst4|memory_cell:inst6|inst  ;
; -0.500 ; 0.500        ; 1.000          ; Low Pulse Width  ; A[0]  ; Fall       ; 4x32ram:inst1|4x4ram:inst4|memory_cell:inst6|inst  ;
; -0.500 ; 0.500        ; 1.000          ; High Pulse Width ; A[0]  ; Rise       ; 4x32ram:inst1|4x4ram:inst4|memory_cell:inst7|inst  ;
; -0.500 ; 0.500        ; 1.000          ; Low Pulse Width  ; A[0]  ; Rise       ; 4x32ram:inst1|4x4ram:inst4|memory_cell:inst7|inst  ;
; -0.500 ; 0.500        ; 1.000          ; High Pulse Width ; A[0]  ; Rise       ; 4x32ram:inst1|4x4ram:inst4|memory_cell:inst8|inst  ;
; -0.500 ; 0.500        ; 1.000          ; Low Pulse Width  ; A[0]  ; Rise       ; 4x32ram:inst1|4x4ram:inst4|memory_cell:inst8|inst  ;
; -0.500 ; 0.500        ; 1.000          ; High Pulse Width ; A[0]  ; Fall       ; 4x32ram:inst1|4x4ram:inst4|memory_cell:inst9|inst  ;
; -0.500 ; 0.500        ; 1.000          ; Low Pulse Width  ; A[0]  ; Fall       ; 4x32ram:inst1|4x4ram:inst4|memory_cell:inst9|inst  ;
; -0.500 ; 0.500        ; 1.000          ; High Pulse Width ; A[0]  ; Fall       ; 4x32ram:inst1|4x4ram:inst5|memory_cell:inst10|inst ;
; -0.500 ; 0.500        ; 1.000          ; Low Pulse Width  ; A[0]  ; Fall       ; 4x32ram:inst1|4x4ram:inst5|memory_cell:inst10|inst ;
; -0.500 ; 0.500        ; 1.000          ; High Pulse Width ; A[0]  ; Rise       ; 4x32ram:inst1|4x4ram:inst5|memory_cell:inst11|inst ;
+--------+--------------+----------------+------------------+-------+------------+----------------------------------------------------+


+-----------------------------------------------------------------------+
; Setup Times                                                           ;
+-----------+------------+-------+-------+------------+-----------------+
; Data Port ; Clock Port ; Rise  ; Fall  ; Clock Edge ; Clock Reference ;
+-----------+------------+-------+-------+------------+-----------------+
; IO[*]     ; A[0]       ; 6.194 ; 6.194 ; Rise       ; A[0]            ;
;  IO[0]    ; A[0]       ; 5.194 ; 5.194 ; Rise       ; A[0]            ;
;  IO[1]    ; A[0]       ; 4.207 ; 4.207 ; Rise       ; A[0]            ;
;  IO[2]    ; A[0]       ; 4.300 ; 4.300 ; Rise       ; A[0]            ;
;  IO[3]    ; A[0]       ; 4.418 ; 4.418 ; Rise       ; A[0]            ;
;  IO[4]    ; A[0]       ; 5.698 ; 5.698 ; Rise       ; A[0]            ;
;  IO[5]    ; A[0]       ; 4.841 ; 4.841 ; Rise       ; A[0]            ;
;  IO[6]    ; A[0]       ; 3.855 ; 3.855 ; Rise       ; A[0]            ;
;  IO[7]    ; A[0]       ; 4.330 ; 4.330 ; Rise       ; A[0]            ;
;  IO[8]    ; A[0]       ; 4.781 ; 4.781 ; Rise       ; A[0]            ;
;  IO[9]    ; A[0]       ; 4.350 ; 4.350 ; Rise       ; A[0]            ;
;  IO[10]   ; A[0]       ; 4.248 ; 4.248 ; Rise       ; A[0]            ;
;  IO[11]   ; A[0]       ; 4.241 ; 4.241 ; Rise       ; A[0]            ;
;  IO[12]   ; A[0]       ; 4.902 ; 4.902 ; Rise       ; A[0]            ;
;  IO[13]   ; A[0]       ; 4.820 ; 4.820 ; Rise       ; A[0]            ;
;  IO[14]   ; A[0]       ; 4.804 ; 4.804 ; Rise       ; A[0]            ;
;  IO[15]   ; A[0]       ; 4.369 ; 4.369 ; Rise       ; A[0]            ;
;  IO[16]   ; A[0]       ; 4.498 ; 4.498 ; Rise       ; A[0]            ;
;  IO[17]   ; A[0]       ; 4.776 ; 4.776 ; Rise       ; A[0]            ;
;  IO[18]   ; A[0]       ; 4.250 ; 4.250 ; Rise       ; A[0]            ;
;  IO[19]   ; A[0]       ; 3.768 ; 3.768 ; Rise       ; A[0]            ;
;  IO[20]   ; A[0]       ; 4.034 ; 4.034 ; Rise       ; A[0]            ;
;  IO[21]   ; A[0]       ; 4.459 ; 4.459 ; Rise       ; A[0]            ;
;  IO[22]   ; A[0]       ; 4.082 ; 4.082 ; Rise       ; A[0]            ;
;  IO[23]   ; A[0]       ; 4.547 ; 4.547 ; Rise       ; A[0]            ;
;  IO[24]   ; A[0]       ; 5.129 ; 5.129 ; Rise       ; A[0]            ;
;  IO[25]   ; A[0]       ; 4.858 ; 4.858 ; Rise       ; A[0]            ;
;  IO[26]   ; A[0]       ; 5.141 ; 5.141 ; Rise       ; A[0]            ;
;  IO[27]   ; A[0]       ; 4.217 ; 4.217 ; Rise       ; A[0]            ;
;  IO[28]   ; A[0]       ; 3.653 ; 3.653 ; Rise       ; A[0]            ;
;  IO[29]   ; A[0]       ; 3.881 ; 3.881 ; Rise       ; A[0]            ;
;  IO[30]   ; A[0]       ; 6.194 ; 6.194 ; Rise       ; A[0]            ;
;  IO[31]   ; A[0]       ; 4.494 ; 4.494 ; Rise       ; A[0]            ;
; IO[*]     ; A[0]       ; 5.767 ; 5.767 ; Fall       ; A[0]            ;
;  IO[0]    ; A[0]       ; 4.793 ; 4.793 ; Fall       ; A[0]            ;
;  IO[1]    ; A[0]       ; 4.437 ; 4.437 ; Fall       ; A[0]            ;
;  IO[2]    ; A[0]       ; 4.303 ; 4.303 ; Fall       ; A[0]            ;
;  IO[3]    ; A[0]       ; 4.244 ; 4.244 ; Fall       ; A[0]            ;
;  IO[4]    ; A[0]       ; 5.698 ; 5.698 ; Fall       ; A[0]            ;
;  IO[5]    ; A[0]       ; 5.051 ; 5.051 ; Fall       ; A[0]            ;
;  IO[6]    ; A[0]       ; 3.856 ; 3.856 ; Fall       ; A[0]            ;
;  IO[7]    ; A[0]       ; 3.985 ; 3.985 ; Fall       ; A[0]            ;
;  IO[8]    ; A[0]       ; 4.576 ; 4.576 ; Fall       ; A[0]            ;
;  IO[9]    ; A[0]       ; 4.352 ; 4.352 ; Fall       ; A[0]            ;
;  IO[10]   ; A[0]       ; 4.249 ; 4.249 ; Fall       ; A[0]            ;
;  IO[11]   ; A[0]       ; 4.183 ; 4.183 ; Fall       ; A[0]            ;
;  IO[12]   ; A[0]       ; 4.809 ; 4.809 ; Fall       ; A[0]            ;
;  IO[13]   ; A[0]       ; 4.818 ; 4.818 ; Fall       ; A[0]            ;
;  IO[14]   ; A[0]       ; 4.662 ; 4.662 ; Fall       ; A[0]            ;
;  IO[15]   ; A[0]       ; 4.368 ; 4.368 ; Fall       ; A[0]            ;
;  IO[16]   ; A[0]       ; 4.496 ; 4.496 ; Fall       ; A[0]            ;
;  IO[17]   ; A[0]       ; 5.104 ; 5.104 ; Fall       ; A[0]            ;
;  IO[18]   ; A[0]       ; 4.160 ; 4.160 ; Fall       ; A[0]            ;
;  IO[19]   ; A[0]       ; 4.027 ; 4.027 ; Fall       ; A[0]            ;
;  IO[20]   ; A[0]       ; 4.040 ; 4.040 ; Fall       ; A[0]            ;
;  IO[21]   ; A[0]       ; 5.247 ; 5.247 ; Fall       ; A[0]            ;
;  IO[22]   ; A[0]       ; 3.912 ; 3.912 ; Fall       ; A[0]            ;
;  IO[23]   ; A[0]       ; 4.144 ; 4.144 ; Fall       ; A[0]            ;
;  IO[24]   ; A[0]       ; 5.130 ; 5.130 ; Fall       ; A[0]            ;
;  IO[25]   ; A[0]       ; 4.855 ; 4.855 ; Fall       ; A[0]            ;
;  IO[26]   ; A[0]       ; 5.340 ; 5.340 ; Fall       ; A[0]            ;
;  IO[27]   ; A[0]       ; 4.689 ; 4.689 ; Fall       ; A[0]            ;
;  IO[28]   ; A[0]       ; 3.653 ; 3.653 ; Fall       ; A[0]            ;
;  IO[29]   ; A[0]       ; 4.424 ; 4.424 ; Fall       ; A[0]            ;
;  IO[30]   ; A[0]       ; 5.767 ; 5.767 ; Fall       ; A[0]            ;
;  IO[31]   ; A[0]       ; 4.403 ; 4.403 ; Fall       ; A[0]            ;
+-----------+------------+-------+-------+------------+-----------------+


+-------------------------------------------------------------------------+
; Hold Times                                                              ;
+-----------+------------+--------+--------+------------+-----------------+
; Data Port ; Clock Port ; Rise   ; Fall   ; Clock Edge ; Clock Reference ;
+-----------+------------+--------+--------+------------+-----------------+
; IO[*]     ; A[0]       ; -1.055 ; -1.055 ; Rise       ; A[0]            ;
;  IO[0]    ; A[0]       ; -1.961 ; -1.961 ; Rise       ; A[0]            ;
;  IO[1]    ; A[0]       ; -1.817 ; -1.817 ; Rise       ; A[0]            ;
;  IO[2]    ; A[0]       ; -1.678 ; -1.678 ; Rise       ; A[0]            ;
;  IO[3]    ; A[0]       ; -2.042 ; -2.042 ; Rise       ; A[0]            ;
;  IO[4]    ; A[0]       ; -1.817 ; -1.817 ; Rise       ; A[0]            ;
;  IO[5]    ; A[0]       ; -1.892 ; -1.892 ; Rise       ; A[0]            ;
;  IO[6]    ; A[0]       ; -1.700 ; -1.700 ; Rise       ; A[0]            ;
;  IO[7]    ; A[0]       ; -1.627 ; -1.627 ; Rise       ; A[0]            ;
;  IO[8]    ; A[0]       ; -1.650 ; -1.650 ; Rise       ; A[0]            ;
;  IO[9]    ; A[0]       ; -1.409 ; -1.409 ; Rise       ; A[0]            ;
;  IO[10]   ; A[0]       ; -2.325 ; -2.325 ; Rise       ; A[0]            ;
;  IO[11]   ; A[0]       ; -1.685 ; -1.685 ; Rise       ; A[0]            ;
;  IO[12]   ; A[0]       ; -1.263 ; -1.263 ; Rise       ; A[0]            ;
;  IO[13]   ; A[0]       ; -1.456 ; -1.456 ; Rise       ; A[0]            ;
;  IO[14]   ; A[0]       ; -1.055 ; -1.055 ; Rise       ; A[0]            ;
;  IO[15]   ; A[0]       ; -1.603 ; -1.603 ; Rise       ; A[0]            ;
;  IO[16]   ; A[0]       ; -1.727 ; -1.727 ; Rise       ; A[0]            ;
;  IO[17]   ; A[0]       ; -1.875 ; -1.875 ; Rise       ; A[0]            ;
;  IO[18]   ; A[0]       ; -1.514 ; -1.514 ; Rise       ; A[0]            ;
;  IO[19]   ; A[0]       ; -1.724 ; -1.724 ; Rise       ; A[0]            ;
;  IO[20]   ; A[0]       ; -1.343 ; -1.343 ; Rise       ; A[0]            ;
;  IO[21]   ; A[0]       ; -2.022 ; -2.022 ; Rise       ; A[0]            ;
;  IO[22]   ; A[0]       ; -1.366 ; -1.366 ; Rise       ; A[0]            ;
;  IO[23]   ; A[0]       ; -2.061 ; -2.061 ; Rise       ; A[0]            ;
;  IO[24]   ; A[0]       ; -1.981 ; -1.981 ; Rise       ; A[0]            ;
;  IO[25]   ; A[0]       ; -2.356 ; -2.356 ; Rise       ; A[0]            ;
;  IO[26]   ; A[0]       ; -1.751 ; -1.751 ; Rise       ; A[0]            ;
;  IO[27]   ; A[0]       ; -2.525 ; -2.525 ; Rise       ; A[0]            ;
;  IO[28]   ; A[0]       ; -1.360 ; -1.360 ; Rise       ; A[0]            ;
;  IO[29]   ; A[0]       ; -1.121 ; -1.121 ; Rise       ; A[0]            ;
;  IO[30]   ; A[0]       ; -1.600 ; -1.600 ; Rise       ; A[0]            ;
;  IO[31]   ; A[0]       ; -1.462 ; -1.462 ; Rise       ; A[0]            ;
; IO[*]     ; A[0]       ; -0.937 ; -0.937 ; Fall       ; A[0]            ;
;  IO[0]    ; A[0]       ; -2.032 ; -2.032 ; Fall       ; A[0]            ;
;  IO[1]    ; A[0]       ; -1.707 ; -1.707 ; Fall       ; A[0]            ;
;  IO[2]    ; A[0]       ; -1.479 ; -1.479 ; Fall       ; A[0]            ;
;  IO[3]    ; A[0]       ; -1.713 ; -1.713 ; Fall       ; A[0]            ;
;  IO[4]    ; A[0]       ; -2.092 ; -2.092 ; Fall       ; A[0]            ;
;  IO[5]    ; A[0]       ; -1.755 ; -1.755 ; Fall       ; A[0]            ;
;  IO[6]    ; A[0]       ; -1.673 ; -1.673 ; Fall       ; A[0]            ;
;  IO[7]    ; A[0]       ; -1.505 ; -1.505 ; Fall       ; A[0]            ;
;  IO[8]    ; A[0]       ; -1.585 ; -1.585 ; Fall       ; A[0]            ;
;  IO[9]    ; A[0]       ; -1.481 ; -1.481 ; Fall       ; A[0]            ;
;  IO[10]   ; A[0]       ; -2.158 ; -2.158 ; Fall       ; A[0]            ;
;  IO[11]   ; A[0]       ; -1.702 ; -1.702 ; Fall       ; A[0]            ;
;  IO[12]   ; A[0]       ; -1.209 ; -1.209 ; Fall       ; A[0]            ;
;  IO[13]   ; A[0]       ; -1.681 ; -1.681 ; Fall       ; A[0]            ;
;  IO[14]   ; A[0]       ; -1.033 ; -1.033 ; Fall       ; A[0]            ;
;  IO[15]   ; A[0]       ; -1.331 ; -1.331 ; Fall       ; A[0]            ;
;  IO[16]   ; A[0]       ; -1.890 ; -1.890 ; Fall       ; A[0]            ;
;  IO[17]   ; A[0]       ; -1.410 ; -1.410 ; Fall       ; A[0]            ;
;  IO[18]   ; A[0]       ; -1.579 ; -1.579 ; Fall       ; A[0]            ;
;  IO[19]   ; A[0]       ; -1.688 ; -1.688 ; Fall       ; A[0]            ;
;  IO[20]   ; A[0]       ; -0.937 ; -0.937 ; Fall       ; A[0]            ;
;  IO[21]   ; A[0]       ; -1.932 ; -1.932 ; Fall       ; A[0]            ;
;  IO[22]   ; A[0]       ; -1.694 ; -1.694 ; Fall       ; A[0]            ;
;  IO[23]   ; A[0]       ; -1.531 ; -1.531 ; Fall       ; A[0]            ;
;  IO[24]   ; A[0]       ; -1.880 ; -1.880 ; Fall       ; A[0]            ;
;  IO[25]   ; A[0]       ; -2.008 ; -2.008 ; Fall       ; A[0]            ;
;  IO[26]   ; A[0]       ; -1.343 ; -1.343 ; Fall       ; A[0]            ;
;  IO[27]   ; A[0]       ; -2.158 ; -2.158 ; Fall       ; A[0]            ;
;  IO[28]   ; A[0]       ; -1.391 ; -1.391 ; Fall       ; A[0]            ;
;  IO[29]   ; A[0]       ; -1.075 ; -1.075 ; Fall       ; A[0]            ;
;  IO[30]   ; A[0]       ; -1.590 ; -1.590 ; Fall       ; A[0]            ;
;  IO[31]   ; A[0]       ; -1.603 ; -1.603 ; Fall       ; A[0]            ;
+-----------+------------+--------+--------+------------+-----------------+


+-------------------------------------------------------------------------+
; Clock to Output Times                                                   ;
+-----------+------------+--------+--------+------------+-----------------+
; Data Port ; Clock Port ; Rise   ; Fall   ; Clock Edge ; Clock Reference ;
+-----------+------------+--------+--------+------------+-----------------+
; IO[*]     ; A[0]       ; 15.053 ; 15.053 ; Rise       ; A[0]            ;
;  IO[0]    ; A[0]       ; 12.116 ; 12.116 ; Rise       ; A[0]            ;
;  IO[1]    ; A[0]       ; 12.175 ; 12.175 ; Rise       ; A[0]            ;
;  IO[2]    ; A[0]       ; 13.338 ; 13.338 ; Rise       ; A[0]            ;
;  IO[3]    ; A[0]       ; 13.173 ; 13.173 ; Rise       ; A[0]            ;
;  IO[4]    ; A[0]       ; 13.805 ; 13.805 ; Rise       ; A[0]            ;
;  IO[5]    ; A[0]       ; 13.833 ; 13.833 ; Rise       ; A[0]            ;
;  IO[6]    ; A[0]       ; 13.080 ; 13.080 ; Rise       ; A[0]            ;
;  IO[7]    ; A[0]       ; 14.342 ; 14.342 ; Rise       ; A[0]            ;
;  IO[8]    ; A[0]       ; 12.582 ; 12.582 ; Rise       ; A[0]            ;
;  IO[9]    ; A[0]       ; 13.627 ; 13.627 ; Rise       ; A[0]            ;
;  IO[10]   ; A[0]       ; 13.864 ; 13.864 ; Rise       ; A[0]            ;
;  IO[11]   ; A[0]       ; 13.378 ; 13.378 ; Rise       ; A[0]            ;
;  IO[12]   ; A[0]       ; 13.478 ; 13.478 ; Rise       ; A[0]            ;
;  IO[13]   ; A[0]       ; 13.180 ; 13.180 ; Rise       ; A[0]            ;
;  IO[14]   ; A[0]       ; 12.768 ; 12.768 ; Rise       ; A[0]            ;
;  IO[15]   ; A[0]       ; 14.905 ; 14.905 ; Rise       ; A[0]            ;
;  IO[16]   ; A[0]       ; 15.053 ; 15.053 ; Rise       ; A[0]            ;
;  IO[17]   ; A[0]       ; 13.531 ; 13.531 ; Rise       ; A[0]            ;
;  IO[18]   ; A[0]       ; 12.376 ; 12.376 ; Rise       ; A[0]            ;
;  IO[19]   ; A[0]       ; 13.624 ; 13.624 ; Rise       ; A[0]            ;
;  IO[20]   ; A[0]       ; 13.677 ; 13.677 ; Rise       ; A[0]            ;
;  IO[21]   ; A[0]       ; 13.068 ; 13.068 ; Rise       ; A[0]            ;
;  IO[22]   ; A[0]       ; 12.762 ; 12.762 ; Rise       ; A[0]            ;
;  IO[23]   ; A[0]       ; 12.731 ; 12.731 ; Rise       ; A[0]            ;
;  IO[24]   ; A[0]       ; 13.604 ; 13.604 ; Rise       ; A[0]            ;
;  IO[25]   ; A[0]       ; 12.460 ; 12.460 ; Rise       ; A[0]            ;
;  IO[26]   ; A[0]       ; 12.864 ; 12.864 ; Rise       ; A[0]            ;
;  IO[27]   ; A[0]       ; 12.994 ; 12.994 ; Rise       ; A[0]            ;
;  IO[28]   ; A[0]       ; 11.415 ; 11.415 ; Rise       ; A[0]            ;
;  IO[29]   ; A[0]       ; 12.681 ; 12.681 ; Rise       ; A[0]            ;
;  IO[30]   ; A[0]       ; 12.464 ; 12.464 ; Rise       ; A[0]            ;
;  IO[31]   ; A[0]       ; 12.040 ; 12.040 ; Rise       ; A[0]            ;
; IO[*]     ; A[0]       ; 15.545 ; 15.545 ; Fall       ; A[0]            ;
;  IO[0]    ; A[0]       ; 12.659 ; 12.659 ; Fall       ; A[0]            ;
;  IO[1]    ; A[0]       ; 12.571 ; 12.571 ; Fall       ; A[0]            ;
;  IO[2]    ; A[0]       ; 13.224 ; 13.224 ; Fall       ; A[0]            ;
;  IO[3]    ; A[0]       ; 13.245 ; 13.245 ; Fall       ; A[0]            ;
;  IO[4]    ; A[0]       ; 13.890 ; 13.890 ; Fall       ; A[0]            ;
;  IO[5]    ; A[0]       ; 14.141 ; 14.141 ; Fall       ; A[0]            ;
;  IO[6]    ; A[0]       ; 13.116 ; 13.116 ; Fall       ; A[0]            ;
;  IO[7]    ; A[0]       ; 14.741 ; 14.741 ; Fall       ; A[0]            ;
;  IO[8]    ; A[0]       ; 13.051 ; 13.051 ; Fall       ; A[0]            ;
;  IO[9]    ; A[0]       ; 14.033 ; 14.033 ; Fall       ; A[0]            ;
;  IO[10]   ; A[0]       ; 14.123 ; 14.123 ; Fall       ; A[0]            ;
;  IO[11]   ; A[0]       ; 12.957 ; 12.957 ; Fall       ; A[0]            ;
;  IO[12]   ; A[0]       ; 13.661 ; 13.661 ; Fall       ; A[0]            ;
;  IO[13]   ; A[0]       ; 13.327 ; 13.327 ; Fall       ; A[0]            ;
;  IO[14]   ; A[0]       ; 13.139 ; 13.139 ; Fall       ; A[0]            ;
;  IO[15]   ; A[0]       ; 14.839 ; 14.839 ; Fall       ; A[0]            ;
;  IO[16]   ; A[0]       ; 15.545 ; 15.545 ; Fall       ; A[0]            ;
;  IO[17]   ; A[0]       ; 13.153 ; 13.153 ; Fall       ; A[0]            ;
;  IO[18]   ; A[0]       ; 12.497 ; 12.497 ; Fall       ; A[0]            ;
;  IO[19]   ; A[0]       ; 14.742 ; 14.742 ; Fall       ; A[0]            ;
;  IO[20]   ; A[0]       ; 14.243 ; 14.243 ; Fall       ; A[0]            ;
;  IO[21]   ; A[0]       ; 14.208 ; 14.208 ; Fall       ; A[0]            ;
;  IO[22]   ; A[0]       ; 13.983 ; 13.983 ; Fall       ; A[0]            ;
;  IO[23]   ; A[0]       ; 13.745 ; 13.745 ; Fall       ; A[0]            ;
;  IO[24]   ; A[0]       ; 13.756 ; 13.756 ; Fall       ; A[0]            ;
;  IO[25]   ; A[0]       ; 13.168 ; 13.168 ; Fall       ; A[0]            ;
;  IO[26]   ; A[0]       ; 13.270 ; 13.270 ; Fall       ; A[0]            ;
;  IO[27]   ; A[0]       ; 14.765 ; 14.765 ; Fall       ; A[0]            ;
;  IO[28]   ; A[0]       ; 11.934 ; 11.934 ; Fall       ; A[0]            ;
;  IO[29]   ; A[0]       ; 13.948 ; 13.948 ; Fall       ; A[0]            ;
;  IO[30]   ; A[0]       ; 14.047 ; 14.047 ; Fall       ; A[0]            ;
;  IO[31]   ; A[0]       ; 12.835 ; 12.835 ; Fall       ; A[0]            ;
+-----------+------------+--------+--------+------------+-----------------+


+-----------------------------------------------------------------------+
; Minimum Clock to Output Times                                         ;
+-----------+------------+-------+-------+------------+-----------------+
; Data Port ; Clock Port ; Rise  ; Fall  ; Clock Edge ; Clock Reference ;
+-----------+------------+-------+-------+------------+-----------------+
; IO[*]     ; A[0]       ; 6.760 ; 6.760 ; Rise       ; A[0]            ;
;  IO[0]    ; A[0]       ; 7.229 ; 7.229 ; Rise       ; A[0]            ;
;  IO[1]    ; A[0]       ; 8.282 ; 8.282 ; Rise       ; A[0]            ;
;  IO[2]    ; A[0]       ; 6.760 ; 6.760 ; Rise       ; A[0]            ;
;  IO[3]    ; A[0]       ; 7.439 ; 7.439 ; Rise       ; A[0]            ;
;  IO[4]    ; A[0]       ; 7.255 ; 7.255 ; Rise       ; A[0]            ;
;  IO[5]    ; A[0]       ; 8.422 ; 8.422 ; Rise       ; A[0]            ;
;  IO[6]    ; A[0]       ; 7.259 ; 7.259 ; Rise       ; A[0]            ;
;  IO[7]    ; A[0]       ; 6.962 ; 6.962 ; Rise       ; A[0]            ;
;  IO[8]    ; A[0]       ; 7.563 ; 7.563 ; Rise       ; A[0]            ;
;  IO[9]    ; A[0]       ; 8.533 ; 8.533 ; Rise       ; A[0]            ;
;  IO[10]   ; A[0]       ; 8.781 ; 8.781 ; Rise       ; A[0]            ;
;  IO[11]   ; A[0]       ; 7.282 ; 7.282 ; Rise       ; A[0]            ;
;  IO[12]   ; A[0]       ; 8.695 ; 8.695 ; Rise       ; A[0]            ;
;  IO[13]   ; A[0]       ; 7.524 ; 7.524 ; Rise       ; A[0]            ;
;  IO[14]   ; A[0]       ; 7.596 ; 7.596 ; Rise       ; A[0]            ;
;  IO[15]   ; A[0]       ; 7.805 ; 7.805 ; Rise       ; A[0]            ;
;  IO[16]   ; A[0]       ; 8.269 ; 8.269 ; Rise       ; A[0]            ;
;  IO[17]   ; A[0]       ; 7.636 ; 7.636 ; Rise       ; A[0]            ;
;  IO[18]   ; A[0]       ; 7.413 ; 7.413 ; Rise       ; A[0]            ;
;  IO[19]   ; A[0]       ; 9.230 ; 9.230 ; Rise       ; A[0]            ;
;  IO[20]   ; A[0]       ; 8.167 ; 8.167 ; Rise       ; A[0]            ;
;  IO[21]   ; A[0]       ; 7.923 ; 7.923 ; Rise       ; A[0]            ;
;  IO[22]   ; A[0]       ; 8.664 ; 8.664 ; Rise       ; A[0]            ;
;  IO[23]   ; A[0]       ; 7.040 ; 7.040 ; Rise       ; A[0]            ;
;  IO[24]   ; A[0]       ; 8.656 ; 8.656 ; Rise       ; A[0]            ;
;  IO[25]   ; A[0]       ; 7.942 ; 7.942 ; Rise       ; A[0]            ;
;  IO[26]   ; A[0]       ; 7.497 ; 7.497 ; Rise       ; A[0]            ;
;  IO[27]   ; A[0]       ; 7.506 ; 7.506 ; Rise       ; A[0]            ;
;  IO[28]   ; A[0]       ; 8.062 ; 8.062 ; Rise       ; A[0]            ;
;  IO[29]   ; A[0]       ; 8.109 ; 8.109 ; Rise       ; A[0]            ;
;  IO[30]   ; A[0]       ; 8.273 ; 8.273 ; Rise       ; A[0]            ;
;  IO[31]   ; A[0]       ; 9.503 ; 9.503 ; Rise       ; A[0]            ;
; IO[*]     ; A[0]       ; 6.760 ; 6.760 ; Fall       ; A[0]            ;
;  IO[0]    ; A[0]       ; 7.229 ; 7.229 ; Fall       ; A[0]            ;
;  IO[1]    ; A[0]       ; 8.282 ; 8.282 ; Fall       ; A[0]            ;
;  IO[2]    ; A[0]       ; 6.760 ; 6.760 ; Fall       ; A[0]            ;
;  IO[3]    ; A[0]       ; 7.439 ; 7.439 ; Fall       ; A[0]            ;
;  IO[4]    ; A[0]       ; 7.255 ; 7.255 ; Fall       ; A[0]            ;
;  IO[5]    ; A[0]       ; 8.422 ; 8.422 ; Fall       ; A[0]            ;
;  IO[6]    ; A[0]       ; 7.259 ; 7.259 ; Fall       ; A[0]            ;
;  IO[7]    ; A[0]       ; 6.962 ; 6.962 ; Fall       ; A[0]            ;
;  IO[8]    ; A[0]       ; 7.563 ; 7.563 ; Fall       ; A[0]            ;
;  IO[9]    ; A[0]       ; 8.533 ; 8.533 ; Fall       ; A[0]            ;
;  IO[10]   ; A[0]       ; 8.781 ; 8.781 ; Fall       ; A[0]            ;
;  IO[11]   ; A[0]       ; 7.282 ; 7.282 ; Fall       ; A[0]            ;
;  IO[12]   ; A[0]       ; 8.864 ; 8.864 ; Fall       ; A[0]            ;
;  IO[13]   ; A[0]       ; 7.524 ; 7.524 ; Fall       ; A[0]            ;
;  IO[14]   ; A[0]       ; 7.596 ; 7.596 ; Fall       ; A[0]            ;
;  IO[15]   ; A[0]       ; 7.805 ; 7.805 ; Fall       ; A[0]            ;
;  IO[16]   ; A[0]       ; 8.269 ; 8.269 ; Fall       ; A[0]            ;
;  IO[17]   ; A[0]       ; 7.636 ; 7.636 ; Fall       ; A[0]            ;
;  IO[18]   ; A[0]       ; 7.413 ; 7.413 ; Fall       ; A[0]            ;
;  IO[19]   ; A[0]       ; 9.230 ; 9.230 ; Fall       ; A[0]            ;
;  IO[20]   ; A[0]       ; 8.167 ; 8.167 ; Fall       ; A[0]            ;
;  IO[21]   ; A[0]       ; 7.923 ; 7.923 ; Fall       ; A[0]            ;
;  IO[22]   ; A[0]       ; 8.664 ; 8.664 ; Fall       ; A[0]            ;
;  IO[23]   ; A[0]       ; 7.040 ; 7.040 ; Fall       ; A[0]            ;
;  IO[24]   ; A[0]       ; 8.656 ; 8.656 ; Fall       ; A[0]            ;
;  IO[25]   ; A[0]       ; 7.942 ; 7.942 ; Fall       ; A[0]            ;
;  IO[26]   ; A[0]       ; 7.497 ; 7.497 ; Fall       ; A[0]            ;
;  IO[27]   ; A[0]       ; 7.506 ; 7.506 ; Fall       ; A[0]            ;
;  IO[28]   ; A[0]       ; 8.062 ; 8.062 ; Fall       ; A[0]            ;
;  IO[29]   ; A[0]       ; 8.109 ; 8.109 ; Fall       ; A[0]            ;
;  IO[30]   ; A[0]       ; 8.273 ; 8.273 ; Fall       ; A[0]            ;
;  IO[31]   ; A[0]       ; 9.503 ; 9.503 ; Fall       ; A[0]            ;
+-----------+------------+-------+-------+------------+-----------------+


+--------------------------------------------------------------+
; Propagation Delay                                            ;
+------------+-------------+--------+--------+--------+--------+
; Input Port ; Output Port ; RR     ; RF     ; FR     ; FF     ;
+------------+-------------+--------+--------+--------+--------+
; A[1]       ; IO[0]       ; 17.017 ; 17.017 ; 17.017 ; 17.017 ;
; A[1]       ; IO[1]       ; 16.999 ; 16.999 ; 16.999 ; 16.999 ;
; A[1]       ; IO[2]       ; 16.529 ; 16.529 ; 16.529 ; 16.529 ;
; A[1]       ; IO[3]       ; 16.399 ; 15.768 ; 15.768 ; 16.399 ;
; A[1]       ; IO[4]       ; 16.577 ; 16.577 ; 16.577 ; 16.577 ;
; A[1]       ; IO[5]       ; 16.648 ; 16.648 ; 16.648 ; 16.648 ;
; A[1]       ; IO[6]       ; 15.638 ; 15.638 ; 15.638 ; 15.638 ;
; A[1]       ; IO[7]       ; 17.493 ; 17.493 ; 17.493 ; 17.493 ;
; A[1]       ; IO[8]       ; 15.739 ; 15.739 ; 15.739 ; 15.739 ;
; A[1]       ; IO[9]       ; 15.966 ; 15.966 ; 15.966 ; 15.966 ;
; A[1]       ; IO[10]      ; 17.922 ; 17.922 ; 17.922 ; 17.922 ;
; A[1]       ; IO[11]      ; 16.550 ; 16.508 ; 16.508 ; 16.550 ;
; A[1]       ; IO[12]      ; 19.101 ; 19.101 ; 19.101 ; 19.101 ;
; A[1]       ; IO[13]      ; 17.558 ; 17.558 ; 17.558 ; 17.558 ;
; A[1]       ; IO[14]      ; 15.884 ; 15.884 ; 15.884 ; 15.884 ;
; A[1]       ; IO[15]      ; 16.664 ; 16.664 ; 16.664 ; 16.664 ;
; A[1]       ; IO[16]      ; 18.271 ; 18.271 ; 18.271 ; 18.271 ;
; A[1]       ; IO[17]      ; 15.958 ; 15.958 ; 15.958 ; 15.958 ;
; A[1]       ; IO[18]      ; 15.429 ; 15.429 ; 15.429 ; 15.429 ;
; A[1]       ; IO[19]      ; 18.666 ; 18.666 ; 18.666 ; 18.666 ;
; A[1]       ; IO[20]      ; 16.402 ; 16.402 ; 16.402 ; 16.402 ;
; A[1]       ; IO[21]      ; 16.981 ; 16.981 ; 16.981 ; 16.981 ;
; A[1]       ; IO[22]      ; 17.153 ; 17.153 ; 17.153 ; 17.153 ;
; A[1]       ; IO[23]      ; 15.635 ; 15.500 ; 15.500 ; 15.635 ;
; A[1]       ; IO[24]      ; 17.647 ; 17.647 ; 17.647 ; 17.647 ;
; A[1]       ; IO[25]      ; 16.545 ; 16.545 ; 16.545 ; 16.545 ;
; A[1]       ; IO[26]      ; 17.149 ; 17.149 ; 17.149 ; 17.149 ;
; A[1]       ; IO[27]      ; 17.007 ; 17.007 ; 17.007 ; 17.007 ;
; A[1]       ; IO[28]      ; 14.542 ; 14.542 ; 14.542 ; 14.542 ;
; A[1]       ; IO[29]      ; 16.142 ; 16.142 ; 16.142 ; 16.142 ;
; A[1]       ; IO[30]      ; 15.955 ; 15.955 ; 15.955 ; 15.955 ;
; A[1]       ; IO[31]      ; 16.939 ; 16.335 ; 16.335 ; 16.939 ;
; A[2]       ; IO[0]       ; 13.232 ; 11.868 ; 11.868 ; 13.232 ;
; A[2]       ; IO[1]       ; 11.590 ; 11.519 ; 11.519 ; 11.590 ;
; A[2]       ; IO[2]       ; 11.823 ; 10.140 ; 10.140 ; 11.823 ;
; A[2]       ; IO[3]       ; 12.603 ; 10.770 ; 10.770 ; 12.603 ;
; A[2]       ; IO[4]       ; 12.231 ; 11.768 ; 11.768 ; 12.231 ;
; A[2]       ; IO[5]       ; 12.077 ; 13.115 ; 13.115 ; 12.077 ;
; A[2]       ; IO[6]       ; 9.531  ; 11.302 ; 11.302 ; 9.531  ;
; A[2]       ; IO[7]       ; 12.791 ; 12.422 ; 12.422 ; 12.791 ;
; A[2]       ; IO[8]       ; 13.080 ; 9.556  ; 9.556  ; 13.080 ;
; A[2]       ; IO[9]       ; 13.073 ; 13.011 ; 13.011 ; 13.073 ;
; A[2]       ; IO[10]      ; 12.462 ; 13.553 ; 13.553 ; 12.462 ;
; A[2]       ; IO[11]      ; 12.293 ; 10.248 ; 10.248 ; 12.293 ;
; A[2]       ; IO[12]      ; 12.993 ; 14.678 ; 14.678 ; 12.993 ;
; A[2]       ; IO[13]      ; 12.195 ; 10.391 ; 10.391 ; 12.195 ;
; A[2]       ; IO[14]      ; 9.325  ; 11.305 ; 11.305 ; 9.325  ;
; A[2]       ; IO[15]      ; 12.373 ; 10.791 ; 10.791 ; 12.373 ;
; A[2]       ; IO[16]      ; 11.334 ; 12.515 ; 12.515 ; 11.334 ;
; A[2]       ; IO[17]      ; 11.863 ; 12.722 ; 12.722 ; 11.863 ;
; A[2]       ; IO[18]      ; 11.683 ; 10.540 ; 10.540 ; 11.683 ;
; A[2]       ; IO[19]      ; 11.129 ; 12.300 ; 12.300 ; 11.129 ;
; A[2]       ; IO[20]      ; 12.378 ; 11.825 ; 11.825 ; 12.378 ;
; A[2]       ; IO[21]      ; 11.886 ; 10.769 ; 10.769 ; 11.886 ;
; A[2]       ; IO[22]      ; 12.465 ; 11.091 ; 11.091 ; 12.465 ;
; A[2]       ; IO[23]      ; 11.858 ; 10.346 ; 10.346 ; 11.858 ;
; A[2]       ; IO[24]      ; 11.367 ; 12.624 ; 12.624 ; 11.367 ;
; A[2]       ; IO[25]      ; 12.109 ; 11.252 ; 11.252 ; 12.109 ;
; A[2]       ; IO[26]      ; 12.316 ; 10.357 ; 10.357 ; 12.316 ;
; A[2]       ; IO[27]      ; 11.925 ; 10.410 ; 10.410 ; 11.925 ;
; A[2]       ; IO[28]      ; 9.537  ; 11.410 ; 11.410 ; 9.537  ;
; A[2]       ; IO[29]      ; 9.702  ; 11.407 ; 11.407 ; 9.702  ;
; A[2]       ; IO[30]      ; 9.488  ; 9.793  ; 9.793  ; 9.488  ;
; A[2]       ; IO[31]      ; 10.935 ; 12.435 ; 12.435 ; 10.935 ;
; A[3]       ; IO[0]       ; 16.770 ; 17.096 ; 17.096 ; 16.770 ;
; A[3]       ; IO[1]       ; 16.977 ; 18.908 ; 18.908 ; 16.977 ;
; A[3]       ; IO[2]       ; 15.598 ; 17.121 ; 17.121 ; 15.598 ;
; A[3]       ; IO[3]       ; 16.228 ; 17.682 ; 17.682 ; 16.228 ;
; A[3]       ; IO[4]       ; 16.216 ; 16.485 ; 16.485 ; 16.216 ;
; A[3]       ; IO[5]       ; 18.573 ; 18.850 ; 18.850 ; 18.573 ;
; A[3]       ; IO[6]       ; 15.963 ; 16.867 ; 16.867 ; 15.963 ;
; A[3]       ; IO[7]       ; 17.880 ; 17.349 ; 17.349 ; 17.880 ;
; A[3]       ; IO[8]       ; 16.618 ; 17.190 ; 17.190 ; 16.618 ;
; A[3]       ; IO[9]       ; 18.469 ; 18.005 ; 18.005 ; 18.469 ;
; A[3]       ; IO[10]      ; 19.011 ; 18.356 ; 18.356 ; 19.011 ;
; A[3]       ; IO[11]      ; 15.831 ; 17.470 ; 17.470 ; 15.831 ;
; A[3]       ; IO[12]      ; 20.136 ; 17.935 ; 17.935 ; 20.136 ;
; A[3]       ; IO[13]      ; 15.733 ; 17.109 ; 17.109 ; 15.733 ;
; A[3]       ; IO[14]      ; 15.753 ; 17.569 ; 17.569 ; 15.753 ;
; A[3]       ; IO[15]      ; 15.911 ; 18.425 ; 18.425 ; 15.911 ;
; A[3]       ; IO[16]      ; 17.973 ; 18.740 ; 18.740 ; 17.973 ;
; A[3]       ; IO[17]      ; 17.170 ; 17.272 ; 17.272 ; 17.170 ;
; A[3]       ; IO[18]      ; 15.998 ; 17.169 ; 17.169 ; 15.998 ;
; A[3]       ; IO[19]      ; 16.326 ; 19.934 ; 19.934 ; 16.326 ;
; A[3]       ; IO[20]      ; 17.283 ; 17.616 ; 17.616 ; 17.283 ;
; A[3]       ; IO[21]      ; 15.730 ; 18.403 ; 18.403 ; 15.730 ;
; A[3]       ; IO[22]      ; 16.549 ; 18.273 ; 18.273 ; 16.549 ;
; A[3]       ; IO[23]      ; 15.595 ; 17.980 ; 17.980 ; 15.595 ;
; A[3]       ; IO[24]      ; 16.750 ; 20.258 ; 20.258 ; 16.750 ;
; A[3]       ; IO[25]      ; 16.710 ; 18.058 ; 18.058 ; 16.710 ;
; A[3]       ; IO[26]      ; 15.854 ; 17.991 ; 17.991 ; 15.854 ;
; A[3]       ; IO[27]      ; 15.757 ; 18.044 ; 18.044 ; 15.757 ;
; A[3]       ; IO[28]      ; 15.858 ; 18.226 ; 18.226 ; 15.858 ;
; A[3]       ; IO[29]      ; 15.872 ; 17.239 ; 17.239 ; 15.872 ;
; A[3]       ; IO[30]      ; 15.251 ; 17.378 ; 17.378 ; 15.251 ;
; A[3]       ; IO[31]      ; 16.305 ; 20.069 ; 20.069 ; 16.305 ;
; A[4]       ; IO[0]       ; 16.738 ; 16.833 ; 16.833 ; 16.738 ;
; A[4]       ; IO[1]       ; 15.096 ; 17.407 ; 17.407 ; 15.096 ;
; A[4]       ; IO[2]       ; 15.329 ; 15.620 ; 15.620 ; 15.329 ;
; A[4]       ; IO[3]       ; 16.109 ; 16.181 ; 16.181 ; 16.109 ;
; A[4]       ; IO[4]       ; 15.737 ; 16.733 ; 16.733 ; 15.737 ;
; A[4]       ; IO[5]       ; 15.583 ; 17.429 ; 17.429 ; 15.583 ;
; A[4]       ; IO[6]       ; 15.372 ; 16.267 ; 16.267 ; 15.372 ;
; A[4]       ; IO[7]       ; 16.297 ; 15.848 ; 15.848 ; 16.297 ;
; A[4]       ; IO[8]       ; 16.586 ; 15.689 ; 15.689 ; 16.586 ;
; A[4]       ; IO[9]       ; 16.579 ; 16.738 ; 16.738 ; 16.579 ;
; A[4]       ; IO[10]      ; 15.968 ; 16.855 ; 16.855 ; 15.968 ;
; A[4]       ; IO[11]      ; 15.799 ; 15.969 ; 15.969 ; 15.799 ;
; A[4]       ; IO[12]      ; 16.499 ; 16.434 ; 16.434 ; 16.499 ;
; A[4]       ; IO[13]      ; 15.701 ; 15.608 ; 15.608 ; 15.701 ;
; A[4]       ; IO[14]      ; 16.074 ; 16.270 ; 16.270 ; 16.074 ;
; A[4]       ; IO[15]      ; 15.879 ; 16.924 ; 16.924 ; 15.879 ;
; A[4]       ; IO[16]      ; 14.894 ; 17.239 ; 17.239 ; 14.894 ;
; A[4]       ; IO[17]      ; 15.369 ; 17.687 ; 17.687 ; 15.369 ;
; A[4]       ; IO[18]      ; 15.624 ; 15.668 ; 15.668 ; 15.624 ;
; A[4]       ; IO[19]      ; 15.418 ; 18.433 ; 18.433 ; 15.418 ;
; A[4]       ; IO[20]      ; 15.884 ; 16.115 ; 16.115 ; 15.884 ;
; A[4]       ; IO[21]      ; 15.392 ; 16.902 ; 16.902 ; 15.392 ;
; A[4]       ; IO[22]      ; 15.971 ; 16.772 ; 16.772 ; 15.971 ;
; A[4]       ; IO[23]      ; 15.364 ; 16.479 ; 16.479 ; 15.364 ;
; A[4]       ; IO[24]      ; 14.873 ; 18.757 ; 18.757 ; 14.873 ;
; A[4]       ; IO[25]      ; 15.615 ; 16.557 ; 16.557 ; 15.615 ;
; A[4]       ; IO[26]      ; 15.822 ; 16.490 ; 16.490 ; 15.822 ;
; A[4]       ; IO[27]      ; 15.431 ; 16.543 ; 16.543 ; 15.431 ;
; A[4]       ; IO[28]      ; 16.731 ; 16.375 ; 16.375 ; 16.731 ;
; A[4]       ; IO[29]      ; 15.744 ; 16.372 ; 16.372 ; 15.744 ;
; A[4]       ; IO[30]      ; 15.883 ; 15.361 ; 15.361 ; 15.883 ;
; A[4]       ; IO[31]      ; 14.981 ; 18.568 ; 18.568 ; 14.981 ;
; CSS        ; IO[0]       ; 11.360 ; 18.443 ; 18.443 ; 11.360 ;
; CSS        ; IO[1]       ; 10.900 ; 16.772 ; 16.772 ; 10.900 ;
; CSS        ; IO[2]       ; 11.238 ; 16.846 ; 16.846 ; 11.238 ;
; CSS        ; IO[3]       ; 10.900 ; 17.626 ; 17.626 ; 10.900 ;
; CSS        ; IO[4]       ; 10.876 ; 18.343 ; 18.343 ; 10.876 ;
; CSS        ; IO[5]       ; 10.651 ; 19.039 ; 19.039 ; 10.651 ;
; CSS        ; IO[6]       ; 11.125 ; 17.877 ; 17.877 ; 11.125 ;
; CSS        ; IO[7]       ; 11.388 ; 17.814 ; 17.814 ; 11.388 ;
; CSS        ; IO[8]       ; 10.900 ; 18.103 ; 18.103 ; 10.900 ;
; CSS        ; IO[9]       ; 11.121 ; 18.348 ; 18.348 ; 11.121 ;
; CSS        ; IO[10]      ; 11.428 ; 17.485 ; 17.485 ; 11.428 ;
; CSS        ; IO[11]      ; 11.238 ; 17.316 ; 17.316 ; 11.238 ;
; CSS        ; IO[12]      ; 11.657 ; 18.024 ; 18.024 ; 11.657 ;
; CSS        ; IO[13]      ; 10.920 ; 17.218 ; 17.218 ; 10.920 ;
; CSS        ; IO[14]      ; 11.115 ; 17.880 ; 17.880 ; 11.115 ;
; CSS        ; IO[15]      ; 11.516 ; 17.396 ; 17.396 ; 11.516 ;
; CSS        ; IO[16]      ; 11.360 ; 17.361 ; 17.361 ; 11.360 ;
; CSS        ; IO[17]      ; 11.657 ; 19.297 ; 19.297 ; 11.657 ;
; CSS        ; IO[18]      ; 11.340 ; 16.706 ; 16.706 ; 11.340 ;
; CSS        ; IO[19]      ; 11.115 ; 17.979 ; 17.979 ; 11.115 ;
; CSS        ; IO[20]      ; 11.667 ; 17.401 ; 17.401 ; 11.667 ;
; CSS        ; IO[21]      ; 11.242 ; 17.497 ; 17.497 ; 11.242 ;
; CSS        ; IO[22]      ; 11.667 ; 17.533 ; 17.533 ; 11.667 ;
; CSS        ; IO[23]      ; 11.242 ; 16.881 ; 16.881 ; 11.242 ;
; CSS        ; IO[24]      ; 10.651 ; 18.122 ; 18.122 ; 10.651 ;
; CSS        ; IO[25]      ; 11.657 ; 17.132 ; 17.132 ; 11.657 ;
; CSS        ; IO[26]      ; 11.438 ; 17.339 ; 17.339 ; 11.438 ;
; CSS        ; IO[27]      ; 11.506 ; 16.948 ; 16.948 ; 11.506 ;
; CSS        ; IO[28]      ; 11.134 ; 17.985 ; 17.985 ; 11.134 ;
; CSS        ; IO[29]      ; 11.131 ; 17.982 ; 17.982 ; 11.131 ;
; CSS        ; IO[30]      ; 11.111 ; 15.801 ; 15.801 ; 11.111 ;
; CSS        ; IO[31]      ; 11.115 ; 17.933 ; 17.933 ; 11.115 ;
; RWS        ; IO[0]       ; 18.093 ; 11.010 ; 11.010 ; 18.093 ;
; RWS        ; IO[1]       ; 16.584 ; 10.550 ; 10.550 ; 16.584 ;
; RWS        ; IO[2]       ; 16.496 ; 10.888 ; 10.888 ; 16.496 ;
; RWS        ; IO[3]       ; 17.276 ; 10.550 ; 10.550 ; 17.276 ;
; RWS        ; IO[4]       ; 17.993 ; 10.526 ; 10.526 ; 17.993 ;
; RWS        ; IO[5]       ; 18.689 ; 10.301 ; 10.301 ; 18.689 ;
; RWS        ; IO[6]       ; 17.527 ; 10.775 ; 10.775 ; 17.527 ;
; RWS        ; IO[7]       ; 17.464 ; 11.038 ; 11.038 ; 17.464 ;
; RWS        ; IO[8]       ; 17.753 ; 10.550 ; 10.550 ; 17.753 ;
; RWS        ; IO[9]       ; 17.998 ; 10.771 ; 10.771 ; 17.998 ;
; RWS        ; IO[10]      ; 17.135 ; 11.078 ; 11.078 ; 17.135 ;
; RWS        ; IO[11]      ; 16.966 ; 10.888 ; 10.888 ; 16.966 ;
; RWS        ; IO[12]      ; 17.807 ; 11.307 ; 11.307 ; 17.807 ;
; RWS        ; IO[13]      ; 16.868 ; 10.570 ; 10.570 ; 16.868 ;
; RWS        ; IO[14]      ; 17.530 ; 10.765 ; 10.765 ; 17.530 ;
; RWS        ; IO[15]      ; 17.046 ; 11.166 ; 11.166 ; 17.046 ;
; RWS        ; IO[16]      ; 17.011 ; 11.010 ; 11.010 ; 17.011 ;
; RWS        ; IO[17]      ; 18.947 ; 11.307 ; 11.307 ; 18.947 ;
; RWS        ; IO[18]      ; 16.356 ; 10.990 ; 10.990 ; 16.356 ;
; RWS        ; IO[19]      ; 17.629 ; 10.765 ; 10.765 ; 17.629 ;
; RWS        ; IO[20]      ; 17.051 ; 11.317 ; 11.317 ; 17.051 ;
; RWS        ; IO[21]      ; 17.147 ; 10.892 ; 10.892 ; 17.147 ;
; RWS        ; IO[22]      ; 17.183 ; 11.317 ; 11.317 ; 17.183 ;
; RWS        ; IO[23]      ; 16.531 ; 10.892 ; 10.892 ; 16.531 ;
; RWS        ; IO[24]      ; 17.934 ; 10.301 ; 10.301 ; 17.934 ;
; RWS        ; IO[25]      ; 16.782 ; 11.307 ; 11.307 ; 16.782 ;
; RWS        ; IO[26]      ; 16.989 ; 11.088 ; 11.088 ; 16.989 ;
; RWS        ; IO[27]      ; 16.598 ; 11.156 ; 11.156 ; 16.598 ;
; RWS        ; IO[28]      ; 17.635 ; 10.784 ; 10.784 ; 17.635 ;
; RWS        ; IO[29]      ; 17.632 ; 10.781 ; 10.781 ; 17.632 ;
; RWS        ; IO[30]      ; 15.451 ; 10.761 ; 10.761 ; 15.451 ;
; RWS        ; IO[31]      ; 17.745 ; 10.765 ; 10.765 ; 17.745 ;
+------------+-------------+--------+--------+--------+--------+


+--------------------------------------------------------------+
; Minimum Propagation Delay                                    ;
+------------+-------------+--------+--------+--------+--------+
; Input Port ; Output Port ; RR     ; RF     ; FR     ; FF     ;
+------------+-------------+--------+--------+--------+--------+
; A[1]       ; IO[0]       ; 13.319 ; 13.319 ; 13.319 ; 13.319 ;
; A[1]       ; IO[1]       ; 12.071 ; 12.071 ; 12.071 ; 12.071 ;
; A[1]       ; IO[2]       ; 13.068 ; 13.068 ; 13.068 ; 13.068 ;
; A[1]       ; IO[3]       ; 13.895 ; 13.964 ; 13.964 ; 13.895 ;
; A[1]       ; IO[4]       ; 12.236 ; 12.236 ; 12.236 ; 12.236 ;
; A[1]       ; IO[5]       ; 13.784 ; 13.784 ; 13.784 ; 13.784 ;
; A[1]       ; IO[6]       ; 11.896 ; 11.896 ; 11.896 ; 11.896 ;
; A[1]       ; IO[7]       ; 13.426 ; 12.171 ; 12.171 ; 13.426 ;
; A[1]       ; IO[8]       ; 13.209 ; 13.209 ; 13.209 ; 13.209 ;
; A[1]       ; IO[9]       ; 12.884 ; 12.884 ; 12.884 ; 12.884 ;
; A[1]       ; IO[10]      ; 13.205 ; 13.205 ; 13.205 ; 13.205 ;
; A[1]       ; IO[11]      ; 13.278 ; 13.278 ; 13.278 ; 13.278 ;
; A[1]       ; IO[12]      ; 13.389 ; 13.389 ; 13.389 ; 13.389 ;
; A[1]       ; IO[13]      ; 12.938 ; 12.938 ; 12.938 ; 12.938 ;
; A[1]       ; IO[14]      ; 12.106 ; 12.106 ; 12.106 ; 12.106 ;
; A[1]       ; IO[15]      ; 13.688 ; 13.551 ; 13.551 ; 13.688 ;
; A[1]       ; IO[16]      ; 12.781 ; 12.781 ; 12.781 ; 12.781 ;
; A[1]       ; IO[17]      ; 13.716 ; 13.716 ; 13.716 ; 13.716 ;
; A[1]       ; IO[18]      ; 12.862 ; 12.862 ; 12.862 ; 12.862 ;
; A[1]       ; IO[19]      ; 13.125 ; 14.435 ; 14.435 ; 13.125 ;
; A[1]       ; IO[20]      ; 13.304 ; 13.304 ; 13.304 ; 13.304 ;
; A[1]       ; IO[21]      ; 13.341 ; 13.341 ; 13.341 ; 13.341 ;
; A[1]       ; IO[22]      ; 13.862 ; 13.862 ; 13.862 ; 13.862 ;
; A[1]       ; IO[23]      ; 12.821 ; 13.177 ; 13.177 ; 12.821 ;
; A[1]       ; IO[24]      ; 13.496 ; 13.496 ; 13.496 ; 13.496 ;
; A[1]       ; IO[25]      ; 13.150 ; 13.150 ; 13.150 ; 13.150 ;
; A[1]       ; IO[26]      ; 12.871 ; 12.871 ; 12.871 ; 12.871 ;
; A[1]       ; IO[27]      ; 13.252 ; 14.042 ; 14.042 ; 13.252 ;
; A[1]       ; IO[28]      ; 12.442 ; 12.442 ; 12.442 ; 12.442 ;
; A[1]       ; IO[29]      ; 11.502 ; 11.502 ; 11.502 ; 11.502 ;
; A[1]       ; IO[30]      ; 12.431 ; 12.431 ; 12.431 ; 12.431 ;
; A[1]       ; IO[31]      ; 13.906 ; 13.187 ; 13.187 ; 13.906 ;
; A[2]       ; IO[0]       ; 7.569  ; 8.114  ; 8.114  ; 7.569  ;
; A[2]       ; IO[1]       ; 9.273  ; 9.562  ; 9.562  ; 9.273  ;
; A[2]       ; IO[2]       ; 7.154  ; 7.157  ; 7.157  ; 7.154  ;
; A[2]       ; IO[3]       ; 7.632  ; 7.675  ; 7.675  ; 7.632  ;
; A[2]       ; IO[4]       ; 8.867  ; 8.502  ; 8.502  ; 8.867  ;
; A[2]       ; IO[5]       ; 9.978  ; 10.399 ; 10.399 ; 9.978  ;
; A[2]       ; IO[6]       ; 8.950  ; 8.420  ; 8.420  ; 8.950  ;
; A[2]       ; IO[7]       ; 7.146  ; 7.425  ; 7.425  ; 7.146  ;
; A[2]       ; IO[8]       ; 8.586  ; 8.252  ; 8.252  ; 8.586  ;
; A[2]       ; IO[9]       ; 9.087  ; 9.100  ; 9.100  ; 9.087  ;
; A[2]       ; IO[10]      ; 9.456  ; 9.570  ; 9.570  ; 9.456  ;
; A[2]       ; IO[11]      ; 7.967  ; 7.953  ; 7.953  ; 7.967  ;
; A[2]       ; IO[12]      ; 8.249  ; 7.882  ; 7.882  ; 8.249  ;
; A[2]       ; IO[13]      ; 7.531  ; 8.097  ; 8.097  ; 7.531  ;
; A[2]       ; IO[14]      ; 8.661  ; 8.769  ; 8.769  ; 8.661  ;
; A[2]       ; IO[15]      ; 8.290  ; 8.733  ; 8.733  ; 8.290  ;
; A[2]       ; IO[16]      ; 9.487  ; 10.786 ; 10.786 ; 9.487  ;
; A[2]       ; IO[17]      ; 9.303  ; 8.850  ; 8.850  ; 9.303  ;
; A[2]       ; IO[18]      ; 8.263  ; 8.857  ; 8.857  ; 8.263  ;
; A[2]       ; IO[19]      ; 9.566  ; 10.094 ; 10.094 ; 9.566  ;
; A[2]       ; IO[20]      ; 9.226  ; 8.671  ; 8.671  ; 9.226  ;
; A[2]       ; IO[21]      ; 8.220  ; 8.727  ; 8.727  ; 8.220  ;
; A[2]       ; IO[22]      ; 9.551  ; 9.672  ; 9.672  ; 9.551  ;
; A[2]       ; IO[23]      ; 8.229  ; 8.402  ; 8.402  ; 8.229  ;
; A[2]       ; IO[24]      ; 9.798  ; 9.082  ; 9.082  ; 9.798  ;
; A[2]       ; IO[25]      ; 9.299  ; 9.542  ; 9.542  ; 9.299  ;
; A[2]       ; IO[26]      ; 9.385  ; 8.452  ; 8.452  ; 9.385  ;
; A[2]       ; IO[27]      ; 7.958  ; 8.609  ; 8.609  ; 7.958  ;
; A[2]       ; IO[28]      ; 8.906  ; 9.270  ; 9.270  ; 8.906  ;
; A[2]       ; IO[29]      ; 8.779  ; 8.365  ; 8.365  ; 8.779  ;
; A[2]       ; IO[30]      ; 8.578  ; 8.764  ; 8.764  ; 8.578  ;
; A[2]       ; IO[31]      ; 10.097 ; 10.390 ; 10.390 ; 10.097 ;
; A[3]       ; IO[0]       ; 14.185 ; 13.681 ; 13.681 ; 14.185 ;
; A[3]       ; IO[1]       ; 13.718 ; 13.973 ; 13.973 ; 13.718 ;
; A[3]       ; IO[2]       ; 12.124 ; 14.631 ; 14.631 ; 12.124 ;
; A[3]       ; IO[3]       ; 12.502 ; 14.010 ; 14.010 ; 12.502 ;
; A[3]       ; IO[4]       ; 15.093 ; 12.704 ; 12.704 ; 15.093 ;
; A[3]       ; IO[5]       ; 14.791 ; 14.216 ; 14.216 ; 14.791 ;
; A[3]       ; IO[6]       ; 12.488 ; 12.618 ; 12.618 ; 12.488 ;
; A[3]       ; IO[7]       ; 14.272 ; 13.013 ; 13.013 ; 14.272 ;
; A[3]       ; IO[8]       ; 12.700 ; 12.810 ; 12.810 ; 12.700 ;
; A[3]       ; IO[9]       ; 13.844 ; 13.177 ; 13.177 ; 13.844 ;
; A[3]       ; IO[10]      ; 13.901 ; 14.476 ; 14.476 ; 13.901 ;
; A[3]       ; IO[11]      ; 13.191 ; 14.685 ; 14.685 ; 13.191 ;
; A[3]       ; IO[12]      ; 12.330 ; 14.977 ; 14.977 ; 12.330 ;
; A[3]       ; IO[13]      ; 14.568 ; 14.620 ; 14.620 ; 14.568 ;
; A[3]       ; IO[14]      ; 12.339 ; 12.856 ; 12.856 ; 12.339 ;
; A[3]       ; IO[15]      ; 13.387 ; 15.242 ; 15.242 ; 13.387 ;
; A[3]       ; IO[16]      ; 13.932 ; 14.567 ; 14.567 ; 13.932 ;
; A[3]       ; IO[17]      ; 14.772 ; 14.443 ; 14.443 ; 14.772 ;
; A[3]       ; IO[18]      ; 13.672 ; 12.816 ; 12.816 ; 13.672 ;
; A[3]       ; IO[19]      ; 14.667 ; 14.551 ; 14.551 ; 14.667 ;
; A[3]       ; IO[20]      ; 13.963 ; 14.279 ; 14.279 ; 13.963 ;
; A[3]       ; IO[21]      ; 14.515 ; 14.987 ; 14.987 ; 14.515 ;
; A[3]       ; IO[22]      ; 14.125 ; 14.472 ; 14.472 ; 14.125 ;
; A[3]       ; IO[23]      ; 14.291 ; 14.974 ; 14.974 ; 14.291 ;
; A[3]       ; IO[24]      ; 14.437 ; 14.043 ; 14.043 ; 14.437 ;
; A[3]       ; IO[25]      ; 14.140 ; 14.715 ; 14.715 ; 14.140 ;
; A[3]       ; IO[26]      ; 13.363 ; 14.641 ; 14.641 ; 13.363 ;
; A[3]       ; IO[27]      ; 14.369 ; 14.575 ; 14.575 ; 14.369 ;
; A[3]       ; IO[28]      ; 12.785 ; 13.068 ; 13.068 ; 12.785 ;
; A[3]       ; IO[29]      ; 12.752 ; 12.863 ; 12.863 ; 12.752 ;
; A[3]       ; IO[30]      ; 12.408 ; 12.109 ; 12.109 ; 12.408 ;
; A[3]       ; IO[31]      ; 14.473 ; 14.242 ; 14.242 ; 14.473 ;
; A[4]       ; IO[0]       ; 12.320 ; 13.314 ; 13.314 ; 12.320 ;
; A[4]       ; IO[1]       ; 12.993 ; 14.261 ; 14.261 ; 12.993 ;
; A[4]       ; IO[2]       ; 12.347 ; 12.667 ; 12.667 ; 12.347 ;
; A[4]       ; IO[3]       ; 12.910 ; 13.019 ; 13.019 ; 12.910 ;
; A[4]       ; IO[4]       ; 12.540 ; 14.103 ; 14.103 ; 12.540 ;
; A[4]       ; IO[5]       ; 14.183 ; 14.786 ; 14.786 ; 14.183 ;
; A[4]       ; IO[6]       ; 12.153 ; 14.434 ; 14.434 ; 12.153 ;
; A[4]       ; IO[7]       ; 12.980 ; 13.362 ; 13.362 ; 12.980 ;
; A[4]       ; IO[8]       ; 12.172 ; 13.217 ; 13.217 ; 12.172 ;
; A[4]       ; IO[9]       ; 13.144 ; 14.387 ; 14.387 ; 13.144 ;
; A[4]       ; IO[10]      ; 14.443 ; 14.444 ; 14.444 ; 14.443 ;
; A[4]       ; IO[11]      ; 12.893 ; 13.708 ; 13.708 ; 12.893 ;
; A[4]       ; IO[12]      ; 14.465 ; 12.847 ; 12.847 ; 14.465 ;
; A[4]       ; IO[13]      ; 12.296 ; 13.536 ; 13.536 ; 12.296 ;
; A[4]       ; IO[14]      ; 11.826 ; 13.798 ; 13.798 ; 11.826 ;
; A[4]       ; IO[15]      ; 13.016 ; 13.904 ; 13.904 ; 13.016 ;
; A[4]       ; IO[16]      ; 13.939 ; 14.475 ; 14.475 ; 13.939 ;
; A[4]       ; IO[17]      ; 12.968 ; 14.359 ; 14.359 ; 12.968 ;
; A[4]       ; IO[18]      ; 12.783 ; 13.968 ; 13.968 ; 12.783 ;
; A[4]       ; IO[19]      ; 12.926 ; 14.791 ; 14.791 ; 12.926 ;
; A[4]       ; IO[20]      ; 13.883 ; 14.412 ; 14.412 ; 13.883 ;
; A[4]       ; IO[21]      ; 13.106 ; 13.952 ; 13.952 ; 13.106 ;
; A[4]       ; IO[22]      ; 12.828 ; 14.668 ; 14.668 ; 12.828 ;
; A[4]       ; IO[23]      ; 13.064 ; 13.934 ; 13.934 ; 13.064 ;
; A[4]       ; IO[24]      ; 13.538 ; 14.980 ; 14.980 ; 13.538 ;
; A[4]       ; IO[25]      ; 13.478 ; 14.509 ; 14.509 ; 13.478 ;
; A[4]       ; IO[26]      ; 13.044 ; 13.880 ; 13.880 ; 13.044 ;
; A[4]       ; IO[27]      ; 13.128 ; 14.101 ; 14.101 ; 13.128 ;
; A[4]       ; IO[28]      ; 12.753 ; 14.299 ; 14.299 ; 12.753 ;
; A[4]       ; IO[29]      ; 12.720 ; 14.503 ; 14.503 ; 12.720 ;
; A[4]       ; IO[30]      ; 12.076 ; 13.973 ; 13.973 ; 12.076 ;
; A[4]       ; IO[31]      ; 13.147 ; 14.880 ; 14.880 ; 13.147 ;
; CSS        ; IO[0]       ; 11.360 ; 11.360 ; 11.360 ; 11.360 ;
; CSS        ; IO[1]       ; 10.900 ; 10.900 ; 10.900 ; 10.900 ;
; CSS        ; IO[2]       ; 11.238 ; 11.238 ; 11.238 ; 11.238 ;
; CSS        ; IO[3]       ; 10.900 ; 10.900 ; 10.900 ; 10.900 ;
; CSS        ; IO[4]       ; 10.876 ; 10.876 ; 10.876 ; 10.876 ;
; CSS        ; IO[5]       ; 10.651 ; 10.651 ; 10.651 ; 10.651 ;
; CSS        ; IO[6]       ; 11.125 ; 11.125 ; 11.125 ; 11.125 ;
; CSS        ; IO[7]       ; 11.388 ; 11.388 ; 11.388 ; 11.388 ;
; CSS        ; IO[8]       ; 10.900 ; 10.900 ; 10.900 ; 10.900 ;
; CSS        ; IO[9]       ; 11.121 ; 11.121 ; 11.121 ; 11.121 ;
; CSS        ; IO[10]      ; 11.428 ; 11.428 ; 11.428 ; 11.428 ;
; CSS        ; IO[11]      ; 11.238 ; 11.238 ; 11.238 ; 11.238 ;
; CSS        ; IO[12]      ; 11.657 ; 11.657 ; 11.657 ; 11.657 ;
; CSS        ; IO[13]      ; 10.920 ; 10.920 ; 10.920 ; 10.920 ;
; CSS        ; IO[14]      ; 11.115 ; 11.115 ; 11.115 ; 11.115 ;
; CSS        ; IO[15]      ; 11.516 ; 11.516 ; 11.516 ; 11.516 ;
; CSS        ; IO[16]      ; 11.360 ; 11.360 ; 11.360 ; 11.360 ;
; CSS        ; IO[17]      ; 11.657 ; 11.657 ; 11.657 ; 11.657 ;
; CSS        ; IO[18]      ; 11.340 ; 11.340 ; 11.340 ; 11.340 ;
; CSS        ; IO[19]      ; 11.115 ; 11.115 ; 11.115 ; 11.115 ;
; CSS        ; IO[20]      ; 11.667 ; 11.667 ; 11.667 ; 11.667 ;
; CSS        ; IO[21]      ; 11.242 ; 11.242 ; 11.242 ; 11.242 ;
; CSS        ; IO[22]      ; 11.667 ; 11.667 ; 11.667 ; 11.667 ;
; CSS        ; IO[23]      ; 11.242 ; 11.242 ; 11.242 ; 11.242 ;
; CSS        ; IO[24]      ; 10.651 ; 10.651 ; 10.651 ; 10.651 ;
; CSS        ; IO[25]      ; 11.657 ; 11.657 ; 11.657 ; 11.657 ;
; CSS        ; IO[26]      ; 11.438 ; 11.438 ; 11.438 ; 11.438 ;
; CSS        ; IO[27]      ; 11.506 ; 11.506 ; 11.506 ; 11.506 ;
; CSS        ; IO[28]      ; 11.134 ; 11.134 ; 11.134 ; 11.134 ;
; CSS        ; IO[29]      ; 11.131 ; 11.131 ; 11.131 ; 11.131 ;
; CSS        ; IO[30]      ; 11.111 ; 11.111 ; 11.111 ; 11.111 ;
; CSS        ; IO[31]      ; 11.115 ; 11.115 ; 11.115 ; 11.115 ;
; RWS        ; IO[0]       ; 11.010 ; 11.010 ; 11.010 ; 11.010 ;
; RWS        ; IO[1]       ; 10.550 ; 10.550 ; 10.550 ; 10.550 ;
; RWS        ; IO[2]       ; 10.888 ; 10.888 ; 10.888 ; 10.888 ;
; RWS        ; IO[3]       ; 10.550 ; 10.550 ; 10.550 ; 10.550 ;
; RWS        ; IO[4]       ; 10.526 ; 10.526 ; 10.526 ; 10.526 ;
; RWS        ; IO[5]       ; 10.301 ; 10.301 ; 10.301 ; 10.301 ;
; RWS        ; IO[6]       ; 10.775 ; 10.775 ; 10.775 ; 10.775 ;
; RWS        ; IO[7]       ; 11.038 ; 11.038 ; 11.038 ; 11.038 ;
; RWS        ; IO[8]       ; 10.550 ; 10.550 ; 10.550 ; 10.550 ;
; RWS        ; IO[9]       ; 10.771 ; 10.771 ; 10.771 ; 10.771 ;
; RWS        ; IO[10]      ; 11.078 ; 11.078 ; 11.078 ; 11.078 ;
; RWS        ; IO[11]      ; 10.888 ; 10.888 ; 10.888 ; 10.888 ;
; RWS        ; IO[12]      ; 11.307 ; 11.307 ; 11.307 ; 11.307 ;
; RWS        ; IO[13]      ; 10.570 ; 10.570 ; 10.570 ; 10.570 ;
; RWS        ; IO[14]      ; 10.765 ; 10.765 ; 10.765 ; 10.765 ;
; RWS        ; IO[15]      ; 11.166 ; 11.166 ; 11.166 ; 11.166 ;
; RWS        ; IO[16]      ; 11.010 ; 11.010 ; 11.010 ; 11.010 ;
; RWS        ; IO[17]      ; 11.307 ; 11.307 ; 11.307 ; 11.307 ;
; RWS        ; IO[18]      ; 10.990 ; 10.990 ; 10.990 ; 10.990 ;
; RWS        ; IO[19]      ; 10.765 ; 10.765 ; 10.765 ; 10.765 ;
; RWS        ; IO[20]      ; 11.317 ; 11.317 ; 11.317 ; 11.317 ;
; RWS        ; IO[21]      ; 10.892 ; 10.892 ; 10.892 ; 10.892 ;
; RWS        ; IO[22]      ; 11.317 ; 11.317 ; 11.317 ; 11.317 ;
; RWS        ; IO[23]      ; 10.892 ; 10.892 ; 10.892 ; 10.892 ;
; RWS        ; IO[24]      ; 10.301 ; 10.301 ; 10.301 ; 10.301 ;
; RWS        ; IO[25]      ; 11.307 ; 11.307 ; 11.307 ; 11.307 ;
; RWS        ; IO[26]      ; 11.088 ; 11.088 ; 11.088 ; 11.088 ;
; RWS        ; IO[27]      ; 11.156 ; 11.156 ; 11.156 ; 11.156 ;
; RWS        ; IO[28]      ; 10.784 ; 10.784 ; 10.784 ; 10.784 ;
; RWS        ; IO[29]      ; 10.781 ; 10.781 ; 10.781 ; 10.781 ;
; RWS        ; IO[30]      ; 10.761 ; 10.761 ; 10.761 ; 10.761 ;
; RWS        ; IO[31]      ; 10.765 ; 10.765 ; 10.765 ; 10.765 ;
+------------+-------------+--------+--------+--------+--------+


----------------------------
; Fast Model Setup Summary ;
----------------------------
No paths to report.


---------------------------
; Fast Model Hold Summary ;
---------------------------
No paths to report.


-------------------------------
; Fast Model Recovery Summary ;
-------------------------------
No paths to report.


------------------------------
; Fast Model Removal Summary ;
------------------------------
No paths to report.


+----------------------------------------+
; Fast Model Minimum Pulse Width Summary ;
+-------+--------+-----------------------+
; Clock ; Slack  ; End Point TNS         ;
+-------+--------+-----------------------+
; A[0]  ; -1.380 ; -1025.380             ;
+-------+--------+-----------------------+


+-------------------------------------------------------------------------------------------------------------------------------------+
; Fast Model Minimum Pulse Width: 'A[0]'                                                                                              ;
+--------+--------------+----------------+------------------+-------+------------+----------------------------------------------------+
; Slack  ; Actual Width ; Required Width ; Type             ; Clock ; Clock Edge ; Target                                             ;
+--------+--------------+----------------+------------------+-------+------------+----------------------------------------------------+
; -1.380 ; 1.000        ; 2.380          ; Port Rate        ; A[0]  ; Rise       ; A[0]                                               ;
; -0.500 ; 0.500        ; 1.000          ; High Pulse Width ; A[0]  ; Fall       ; 4x32ram:inst1|4x4ram:inst1|memory_cell:inst10|inst ;
; -0.500 ; 0.500        ; 1.000          ; Low Pulse Width  ; A[0]  ; Fall       ; 4x32ram:inst1|4x4ram:inst1|memory_cell:inst10|inst ;
; -0.500 ; 0.500        ; 1.000          ; High Pulse Width ; A[0]  ; Rise       ; 4x32ram:inst1|4x4ram:inst1|memory_cell:inst11|inst ;
; -0.500 ; 0.500        ; 1.000          ; Low Pulse Width  ; A[0]  ; Rise       ; 4x32ram:inst1|4x4ram:inst1|memory_cell:inst11|inst ;
; -0.500 ; 0.500        ; 1.000          ; High Pulse Width ; A[0]  ; Rise       ; 4x32ram:inst1|4x4ram:inst1|memory_cell:inst12|inst ;
; -0.500 ; 0.500        ; 1.000          ; Low Pulse Width  ; A[0]  ; Rise       ; 4x32ram:inst1|4x4ram:inst1|memory_cell:inst12|inst ;
; -0.500 ; 0.500        ; 1.000          ; High Pulse Width ; A[0]  ; Fall       ; 4x32ram:inst1|4x4ram:inst1|memory_cell:inst13|inst ;
; -0.500 ; 0.500        ; 1.000          ; Low Pulse Width  ; A[0]  ; Fall       ; 4x32ram:inst1|4x4ram:inst1|memory_cell:inst13|inst ;
; -0.500 ; 0.500        ; 1.000          ; High Pulse Width ; A[0]  ; Fall       ; 4x32ram:inst1|4x4ram:inst1|memory_cell:inst14|inst ;
; -0.500 ; 0.500        ; 1.000          ; Low Pulse Width  ; A[0]  ; Fall       ; 4x32ram:inst1|4x4ram:inst1|memory_cell:inst14|inst ;
; -0.500 ; 0.500        ; 1.000          ; High Pulse Width ; A[0]  ; Rise       ; 4x32ram:inst1|4x4ram:inst1|memory_cell:inst15|inst ;
; -0.500 ; 0.500        ; 1.000          ; Low Pulse Width  ; A[0]  ; Rise       ; 4x32ram:inst1|4x4ram:inst1|memory_cell:inst15|inst ;
; -0.500 ; 0.500        ; 1.000          ; High Pulse Width ; A[0]  ; Rise       ; 4x32ram:inst1|4x4ram:inst1|memory_cell:inst16|inst ;
; -0.500 ; 0.500        ; 1.000          ; Low Pulse Width  ; A[0]  ; Rise       ; 4x32ram:inst1|4x4ram:inst1|memory_cell:inst16|inst ;
; -0.500 ; 0.500        ; 1.000          ; High Pulse Width ; A[0]  ; Fall       ; 4x32ram:inst1|4x4ram:inst1|memory_cell:inst1|inst  ;
; -0.500 ; 0.500        ; 1.000          ; Low Pulse Width  ; A[0]  ; Fall       ; 4x32ram:inst1|4x4ram:inst1|memory_cell:inst1|inst  ;
; -0.500 ; 0.500        ; 1.000          ; High Pulse Width ; A[0]  ; Fall       ; 4x32ram:inst1|4x4ram:inst1|memory_cell:inst2|inst  ;
; -0.500 ; 0.500        ; 1.000          ; Low Pulse Width  ; A[0]  ; Fall       ; 4x32ram:inst1|4x4ram:inst1|memory_cell:inst2|inst  ;
; -0.500 ; 0.500        ; 1.000          ; High Pulse Width ; A[0]  ; Rise       ; 4x32ram:inst1|4x4ram:inst1|memory_cell:inst3|inst  ;
; -0.500 ; 0.500        ; 1.000          ; Low Pulse Width  ; A[0]  ; Rise       ; 4x32ram:inst1|4x4ram:inst1|memory_cell:inst3|inst  ;
; -0.500 ; 0.500        ; 1.000          ; High Pulse Width ; A[0]  ; Rise       ; 4x32ram:inst1|4x4ram:inst1|memory_cell:inst4|inst  ;
; -0.500 ; 0.500        ; 1.000          ; Low Pulse Width  ; A[0]  ; Rise       ; 4x32ram:inst1|4x4ram:inst1|memory_cell:inst4|inst  ;
; -0.500 ; 0.500        ; 1.000          ; High Pulse Width ; A[0]  ; Fall       ; 4x32ram:inst1|4x4ram:inst1|memory_cell:inst5|inst  ;
; -0.500 ; 0.500        ; 1.000          ; Low Pulse Width  ; A[0]  ; Fall       ; 4x32ram:inst1|4x4ram:inst1|memory_cell:inst5|inst  ;
; -0.500 ; 0.500        ; 1.000          ; High Pulse Width ; A[0]  ; Fall       ; 4x32ram:inst1|4x4ram:inst1|memory_cell:inst6|inst  ;
; -0.500 ; 0.500        ; 1.000          ; Low Pulse Width  ; A[0]  ; Fall       ; 4x32ram:inst1|4x4ram:inst1|memory_cell:inst6|inst  ;
; -0.500 ; 0.500        ; 1.000          ; High Pulse Width ; A[0]  ; Rise       ; 4x32ram:inst1|4x4ram:inst1|memory_cell:inst7|inst  ;
; -0.500 ; 0.500        ; 1.000          ; Low Pulse Width  ; A[0]  ; Rise       ; 4x32ram:inst1|4x4ram:inst1|memory_cell:inst7|inst  ;
; -0.500 ; 0.500        ; 1.000          ; High Pulse Width ; A[0]  ; Rise       ; 4x32ram:inst1|4x4ram:inst1|memory_cell:inst8|inst  ;
; -0.500 ; 0.500        ; 1.000          ; Low Pulse Width  ; A[0]  ; Rise       ; 4x32ram:inst1|4x4ram:inst1|memory_cell:inst8|inst  ;
; -0.500 ; 0.500        ; 1.000          ; High Pulse Width ; A[0]  ; Fall       ; 4x32ram:inst1|4x4ram:inst1|memory_cell:inst9|inst  ;
; -0.500 ; 0.500        ; 1.000          ; Low Pulse Width  ; A[0]  ; Fall       ; 4x32ram:inst1|4x4ram:inst1|memory_cell:inst9|inst  ;
; -0.500 ; 0.500        ; 1.000          ; High Pulse Width ; A[0]  ; Fall       ; 4x32ram:inst1|4x4ram:inst3|memory_cell:inst10|inst ;
; -0.500 ; 0.500        ; 1.000          ; Low Pulse Width  ; A[0]  ; Fall       ; 4x32ram:inst1|4x4ram:inst3|memory_cell:inst10|inst ;
; -0.500 ; 0.500        ; 1.000          ; High Pulse Width ; A[0]  ; Rise       ; 4x32ram:inst1|4x4ram:inst3|memory_cell:inst11|inst ;
; -0.500 ; 0.500        ; 1.000          ; Low Pulse Width  ; A[0]  ; Rise       ; 4x32ram:inst1|4x4ram:inst3|memory_cell:inst11|inst ;
; -0.500 ; 0.500        ; 1.000          ; High Pulse Width ; A[0]  ; Rise       ; 4x32ram:inst1|4x4ram:inst3|memory_cell:inst12|inst ;
; -0.500 ; 0.500        ; 1.000          ; Low Pulse Width  ; A[0]  ; Rise       ; 4x32ram:inst1|4x4ram:inst3|memory_cell:inst12|inst ;
; -0.500 ; 0.500        ; 1.000          ; High Pulse Width ; A[0]  ; Fall       ; 4x32ram:inst1|4x4ram:inst3|memory_cell:inst13|inst ;
; -0.500 ; 0.500        ; 1.000          ; Low Pulse Width  ; A[0]  ; Fall       ; 4x32ram:inst1|4x4ram:inst3|memory_cell:inst13|inst ;
; -0.500 ; 0.500        ; 1.000          ; High Pulse Width ; A[0]  ; Fall       ; 4x32ram:inst1|4x4ram:inst3|memory_cell:inst14|inst ;
; -0.500 ; 0.500        ; 1.000          ; Low Pulse Width  ; A[0]  ; Fall       ; 4x32ram:inst1|4x4ram:inst3|memory_cell:inst14|inst ;
; -0.500 ; 0.500        ; 1.000          ; High Pulse Width ; A[0]  ; Rise       ; 4x32ram:inst1|4x4ram:inst3|memory_cell:inst15|inst ;
; -0.500 ; 0.500        ; 1.000          ; Low Pulse Width  ; A[0]  ; Rise       ; 4x32ram:inst1|4x4ram:inst3|memory_cell:inst15|inst ;
; -0.500 ; 0.500        ; 1.000          ; High Pulse Width ; A[0]  ; Rise       ; 4x32ram:inst1|4x4ram:inst3|memory_cell:inst16|inst ;
; -0.500 ; 0.500        ; 1.000          ; Low Pulse Width  ; A[0]  ; Rise       ; 4x32ram:inst1|4x4ram:inst3|memory_cell:inst16|inst ;
; -0.500 ; 0.500        ; 1.000          ; High Pulse Width ; A[0]  ; Fall       ; 4x32ram:inst1|4x4ram:inst3|memory_cell:inst1|inst  ;
; -0.500 ; 0.500        ; 1.000          ; Low Pulse Width  ; A[0]  ; Fall       ; 4x32ram:inst1|4x4ram:inst3|memory_cell:inst1|inst  ;
; -0.500 ; 0.500        ; 1.000          ; High Pulse Width ; A[0]  ; Fall       ; 4x32ram:inst1|4x4ram:inst3|memory_cell:inst2|inst  ;
; -0.500 ; 0.500        ; 1.000          ; Low Pulse Width  ; A[0]  ; Fall       ; 4x32ram:inst1|4x4ram:inst3|memory_cell:inst2|inst  ;
; -0.500 ; 0.500        ; 1.000          ; High Pulse Width ; A[0]  ; Rise       ; 4x32ram:inst1|4x4ram:inst3|memory_cell:inst3|inst  ;
; -0.500 ; 0.500        ; 1.000          ; Low Pulse Width  ; A[0]  ; Rise       ; 4x32ram:inst1|4x4ram:inst3|memory_cell:inst3|inst  ;
; -0.500 ; 0.500        ; 1.000          ; High Pulse Width ; A[0]  ; Rise       ; 4x32ram:inst1|4x4ram:inst3|memory_cell:inst4|inst  ;
; -0.500 ; 0.500        ; 1.000          ; Low Pulse Width  ; A[0]  ; Rise       ; 4x32ram:inst1|4x4ram:inst3|memory_cell:inst4|inst  ;
; -0.500 ; 0.500        ; 1.000          ; High Pulse Width ; A[0]  ; Fall       ; 4x32ram:inst1|4x4ram:inst3|memory_cell:inst5|inst  ;
; -0.500 ; 0.500        ; 1.000          ; Low Pulse Width  ; A[0]  ; Fall       ; 4x32ram:inst1|4x4ram:inst3|memory_cell:inst5|inst  ;
; -0.500 ; 0.500        ; 1.000          ; High Pulse Width ; A[0]  ; Fall       ; 4x32ram:inst1|4x4ram:inst3|memory_cell:inst6|inst  ;
; -0.500 ; 0.500        ; 1.000          ; Low Pulse Width  ; A[0]  ; Fall       ; 4x32ram:inst1|4x4ram:inst3|memory_cell:inst6|inst  ;
; -0.500 ; 0.500        ; 1.000          ; High Pulse Width ; A[0]  ; Rise       ; 4x32ram:inst1|4x4ram:inst3|memory_cell:inst7|inst  ;
; -0.500 ; 0.500        ; 1.000          ; Low Pulse Width  ; A[0]  ; Rise       ; 4x32ram:inst1|4x4ram:inst3|memory_cell:inst7|inst  ;
; -0.500 ; 0.500        ; 1.000          ; High Pulse Width ; A[0]  ; Rise       ; 4x32ram:inst1|4x4ram:inst3|memory_cell:inst8|inst  ;
; -0.500 ; 0.500        ; 1.000          ; Low Pulse Width  ; A[0]  ; Rise       ; 4x32ram:inst1|4x4ram:inst3|memory_cell:inst8|inst  ;
; -0.500 ; 0.500        ; 1.000          ; High Pulse Width ; A[0]  ; Fall       ; 4x32ram:inst1|4x4ram:inst3|memory_cell:inst9|inst  ;
; -0.500 ; 0.500        ; 1.000          ; Low Pulse Width  ; A[0]  ; Fall       ; 4x32ram:inst1|4x4ram:inst3|memory_cell:inst9|inst  ;
; -0.500 ; 0.500        ; 1.000          ; High Pulse Width ; A[0]  ; Fall       ; 4x32ram:inst1|4x4ram:inst4|memory_cell:inst10|inst ;
; -0.500 ; 0.500        ; 1.000          ; Low Pulse Width  ; A[0]  ; Fall       ; 4x32ram:inst1|4x4ram:inst4|memory_cell:inst10|inst ;
; -0.500 ; 0.500        ; 1.000          ; High Pulse Width ; A[0]  ; Rise       ; 4x32ram:inst1|4x4ram:inst4|memory_cell:inst11|inst ;
; -0.500 ; 0.500        ; 1.000          ; Low Pulse Width  ; A[0]  ; Rise       ; 4x32ram:inst1|4x4ram:inst4|memory_cell:inst11|inst ;
; -0.500 ; 0.500        ; 1.000          ; High Pulse Width ; A[0]  ; Rise       ; 4x32ram:inst1|4x4ram:inst4|memory_cell:inst12|inst ;
; -0.500 ; 0.500        ; 1.000          ; Low Pulse Width  ; A[0]  ; Rise       ; 4x32ram:inst1|4x4ram:inst4|memory_cell:inst12|inst ;
; -0.500 ; 0.500        ; 1.000          ; High Pulse Width ; A[0]  ; Fall       ; 4x32ram:inst1|4x4ram:inst4|memory_cell:inst13|inst ;
; -0.500 ; 0.500        ; 1.000          ; Low Pulse Width  ; A[0]  ; Fall       ; 4x32ram:inst1|4x4ram:inst4|memory_cell:inst13|inst ;
; -0.500 ; 0.500        ; 1.000          ; High Pulse Width ; A[0]  ; Fall       ; 4x32ram:inst1|4x4ram:inst4|memory_cell:inst14|inst ;
; -0.500 ; 0.500        ; 1.000          ; Low Pulse Width  ; A[0]  ; Fall       ; 4x32ram:inst1|4x4ram:inst4|memory_cell:inst14|inst ;
; -0.500 ; 0.500        ; 1.000          ; High Pulse Width ; A[0]  ; Rise       ; 4x32ram:inst1|4x4ram:inst4|memory_cell:inst15|inst ;
; -0.500 ; 0.500        ; 1.000          ; Low Pulse Width  ; A[0]  ; Rise       ; 4x32ram:inst1|4x4ram:inst4|memory_cell:inst15|inst ;
; -0.500 ; 0.500        ; 1.000          ; High Pulse Width ; A[0]  ; Rise       ; 4x32ram:inst1|4x4ram:inst4|memory_cell:inst16|inst ;
; -0.500 ; 0.500        ; 1.000          ; Low Pulse Width  ; A[0]  ; Rise       ; 4x32ram:inst1|4x4ram:inst4|memory_cell:inst16|inst ;
; -0.500 ; 0.500        ; 1.000          ; High Pulse Width ; A[0]  ; Fall       ; 4x32ram:inst1|4x4ram:inst4|memory_cell:inst1|inst  ;
; -0.500 ; 0.500        ; 1.000          ; Low Pulse Width  ; A[0]  ; Fall       ; 4x32ram:inst1|4x4ram:inst4|memory_cell:inst1|inst  ;
; -0.500 ; 0.500        ; 1.000          ; High Pulse Width ; A[0]  ; Fall       ; 4x32ram:inst1|4x4ram:inst4|memory_cell:inst2|inst  ;
; -0.500 ; 0.500        ; 1.000          ; Low Pulse Width  ; A[0]  ; Fall       ; 4x32ram:inst1|4x4ram:inst4|memory_cell:inst2|inst  ;
; -0.500 ; 0.500        ; 1.000          ; High Pulse Width ; A[0]  ; Rise       ; 4x32ram:inst1|4x4ram:inst4|memory_cell:inst3|inst  ;
; -0.500 ; 0.500        ; 1.000          ; Low Pulse Width  ; A[0]  ; Rise       ; 4x32ram:inst1|4x4ram:inst4|memory_cell:inst3|inst  ;
; -0.500 ; 0.500        ; 1.000          ; High Pulse Width ; A[0]  ; Rise       ; 4x32ram:inst1|4x4ram:inst4|memory_cell:inst4|inst  ;
; -0.500 ; 0.500        ; 1.000          ; Low Pulse Width  ; A[0]  ; Rise       ; 4x32ram:inst1|4x4ram:inst4|memory_cell:inst4|inst  ;
; -0.500 ; 0.500        ; 1.000          ; High Pulse Width ; A[0]  ; Fall       ; 4x32ram:inst1|4x4ram:inst4|memory_cell:inst5|inst  ;
; -0.500 ; 0.500        ; 1.000          ; Low Pulse Width  ; A[0]  ; Fall       ; 4x32ram:inst1|4x4ram:inst4|memory_cell:inst5|inst  ;
; -0.500 ; 0.500        ; 1.000          ; High Pulse Width ; A[0]  ; Fall       ; 4x32ram:inst1|4x4ram:inst4|memory_cell:inst6|inst  ;
; -0.500 ; 0.500        ; 1.000          ; Low Pulse Width  ; A[0]  ; Fall       ; 4x32ram:inst1|4x4ram:inst4|memory_cell:inst6|inst  ;
; -0.500 ; 0.500        ; 1.000          ; High Pulse Width ; A[0]  ; Rise       ; 4x32ram:inst1|4x4ram:inst4|memory_cell:inst7|inst  ;
; -0.500 ; 0.500        ; 1.000          ; Low Pulse Width  ; A[0]  ; Rise       ; 4x32ram:inst1|4x4ram:inst4|memory_cell:inst7|inst  ;
; -0.500 ; 0.500        ; 1.000          ; High Pulse Width ; A[0]  ; Rise       ; 4x32ram:inst1|4x4ram:inst4|memory_cell:inst8|inst  ;
; -0.500 ; 0.500        ; 1.000          ; Low Pulse Width  ; A[0]  ; Rise       ; 4x32ram:inst1|4x4ram:inst4|memory_cell:inst8|inst  ;
; -0.500 ; 0.500        ; 1.000          ; High Pulse Width ; A[0]  ; Fall       ; 4x32ram:inst1|4x4ram:inst4|memory_cell:inst9|inst  ;
; -0.500 ; 0.500        ; 1.000          ; Low Pulse Width  ; A[0]  ; Fall       ; 4x32ram:inst1|4x4ram:inst4|memory_cell:inst9|inst  ;
; -0.500 ; 0.500        ; 1.000          ; High Pulse Width ; A[0]  ; Fall       ; 4x32ram:inst1|4x4ram:inst5|memory_cell:inst10|inst ;
; -0.500 ; 0.500        ; 1.000          ; Low Pulse Width  ; A[0]  ; Fall       ; 4x32ram:inst1|4x4ram:inst5|memory_cell:inst10|inst ;
; -0.500 ; 0.500        ; 1.000          ; High Pulse Width ; A[0]  ; Rise       ; 4x32ram:inst1|4x4ram:inst5|memory_cell:inst11|inst ;
+--------+--------------+----------------+------------------+-------+------------+----------------------------------------------------+


+-----------------------------------------------------------------------+
; Setup Times                                                           ;
+-----------+------------+-------+-------+------------+-----------------+
; Data Port ; Clock Port ; Rise  ; Fall  ; Clock Edge ; Clock Reference ;
+-----------+------------+-------+-------+------------+-----------------+
; IO[*]     ; A[0]       ; 3.505 ; 3.505 ; Rise       ; A[0]            ;
;  IO[0]    ; A[0]       ; 3.043 ; 3.043 ; Rise       ; A[0]            ;
;  IO[1]    ; A[0]       ; 2.519 ; 2.519 ; Rise       ; A[0]            ;
;  IO[2]    ; A[0]       ; 2.633 ; 2.633 ; Rise       ; A[0]            ;
;  IO[3]    ; A[0]       ; 2.641 ; 2.641 ; Rise       ; A[0]            ;
;  IO[4]    ; A[0]       ; 3.336 ; 3.336 ; Rise       ; A[0]            ;
;  IO[5]    ; A[0]       ; 2.795 ; 2.795 ; Rise       ; A[0]            ;
;  IO[6]    ; A[0]       ; 2.384 ; 2.384 ; Rise       ; A[0]            ;
;  IO[7]    ; A[0]       ; 2.514 ; 2.514 ; Rise       ; A[0]            ;
;  IO[8]    ; A[0]       ; 2.764 ; 2.764 ; Rise       ; A[0]            ;
;  IO[9]    ; A[0]       ; 2.566 ; 2.566 ; Rise       ; A[0]            ;
;  IO[10]   ; A[0]       ; 2.476 ; 2.476 ; Rise       ; A[0]            ;
;  IO[11]   ; A[0]       ; 2.506 ; 2.506 ; Rise       ; A[0]            ;
;  IO[12]   ; A[0]       ; 2.937 ; 2.937 ; Rise       ; A[0]            ;
;  IO[13]   ; A[0]       ; 2.870 ; 2.870 ; Rise       ; A[0]            ;
;  IO[14]   ; A[0]       ; 2.815 ; 2.815 ; Rise       ; A[0]            ;
;  IO[15]   ; A[0]       ; 2.657 ; 2.657 ; Rise       ; A[0]            ;
;  IO[16]   ; A[0]       ; 2.672 ; 2.672 ; Rise       ; A[0]            ;
;  IO[17]   ; A[0]       ; 2.815 ; 2.815 ; Rise       ; A[0]            ;
;  IO[18]   ; A[0]       ; 2.532 ; 2.532 ; Rise       ; A[0]            ;
;  IO[19]   ; A[0]       ; 2.319 ; 2.319 ; Rise       ; A[0]            ;
;  IO[20]   ; A[0]       ; 2.463 ; 2.463 ; Rise       ; A[0]            ;
;  IO[21]   ; A[0]       ; 2.668 ; 2.668 ; Rise       ; A[0]            ;
;  IO[22]   ; A[0]       ; 2.413 ; 2.413 ; Rise       ; A[0]            ;
;  IO[23]   ; A[0]       ; 2.695 ; 2.695 ; Rise       ; A[0]            ;
;  IO[24]   ; A[0]       ; 3.001 ; 3.001 ; Rise       ; A[0]            ;
;  IO[25]   ; A[0]       ; 2.878 ; 2.878 ; Rise       ; A[0]            ;
;  IO[26]   ; A[0]       ; 2.962 ; 2.962 ; Rise       ; A[0]            ;
;  IO[27]   ; A[0]       ; 2.488 ; 2.488 ; Rise       ; A[0]            ;
;  IO[28]   ; A[0]       ; 2.217 ; 2.217 ; Rise       ; A[0]            ;
;  IO[29]   ; A[0]       ; 2.297 ; 2.297 ; Rise       ; A[0]            ;
;  IO[30]   ; A[0]       ; 3.505 ; 3.505 ; Rise       ; A[0]            ;
;  IO[31]   ; A[0]       ; 2.616 ; 2.616 ; Rise       ; A[0]            ;
; IO[*]     ; A[0]       ; 3.336 ; 3.336 ; Fall       ; A[0]            ;
;  IO[0]    ; A[0]       ; 2.835 ; 2.835 ; Fall       ; A[0]            ;
;  IO[1]    ; A[0]       ; 2.622 ; 2.622 ; Fall       ; A[0]            ;
;  IO[2]    ; A[0]       ; 2.633 ; 2.633 ; Fall       ; A[0]            ;
;  IO[3]    ; A[0]       ; 2.497 ; 2.497 ; Fall       ; A[0]            ;
;  IO[4]    ; A[0]       ; 3.336 ; 3.336 ; Fall       ; A[0]            ;
;  IO[5]    ; A[0]       ; 2.904 ; 2.904 ; Fall       ; A[0]            ;
;  IO[6]    ; A[0]       ; 2.385 ; 2.385 ; Fall       ; A[0]            ;
;  IO[7]    ; A[0]       ; 2.342 ; 2.342 ; Fall       ; A[0]            ;
;  IO[8]    ; A[0]       ; 2.676 ; 2.676 ; Fall       ; A[0]            ;
;  IO[9]    ; A[0]       ; 2.567 ; 2.567 ; Fall       ; A[0]            ;
;  IO[10]   ; A[0]       ; 2.507 ; 2.507 ; Fall       ; A[0]            ;
;  IO[11]   ; A[0]       ; 2.486 ; 2.486 ; Fall       ; A[0]            ;
;  IO[12]   ; A[0]       ; 2.867 ; 2.867 ; Fall       ; A[0]            ;
;  IO[13]   ; A[0]       ; 2.868 ; 2.868 ; Fall       ; A[0]            ;
;  IO[14]   ; A[0]       ; 2.747 ; 2.747 ; Fall       ; A[0]            ;
;  IO[15]   ; A[0]       ; 2.657 ; 2.657 ; Fall       ; A[0]            ;
;  IO[16]   ; A[0]       ; 2.673 ; 2.673 ; Fall       ; A[0]            ;
;  IO[17]   ; A[0]       ; 2.988 ; 2.988 ; Fall       ; A[0]            ;
;  IO[18]   ; A[0]       ; 2.501 ; 2.501 ; Fall       ; A[0]            ;
;  IO[19]   ; A[0]       ; 2.459 ; 2.459 ; Fall       ; A[0]            ;
;  IO[20]   ; A[0]       ; 2.467 ; 2.467 ; Fall       ; A[0]            ;
;  IO[21]   ; A[0]       ; 3.039 ; 3.039 ; Fall       ; A[0]            ;
;  IO[22]   ; A[0]       ; 2.336 ; 2.336 ; Fall       ; A[0]            ;
;  IO[23]   ; A[0]       ; 2.493 ; 2.493 ; Fall       ; A[0]            ;
;  IO[24]   ; A[0]       ; 3.002 ; 3.002 ; Fall       ; A[0]            ;
;  IO[25]   ; A[0]       ; 2.872 ; 2.872 ; Fall       ; A[0]            ;
;  IO[26]   ; A[0]       ; 3.069 ; 3.069 ; Fall       ; A[0]            ;
;  IO[27]   ; A[0]       ; 2.688 ; 2.688 ; Fall       ; A[0]            ;
;  IO[28]   ; A[0]       ; 2.219 ; 2.219 ; Fall       ; A[0]            ;
;  IO[29]   ; A[0]       ; 2.647 ; 2.647 ; Fall       ; A[0]            ;
;  IO[30]   ; A[0]       ; 3.289 ; 3.289 ; Fall       ; A[0]            ;
;  IO[31]   ; A[0]       ; 2.619 ; 2.619 ; Fall       ; A[0]            ;
+-----------+------------+-------+-------+------------+-----------------+


+-------------------------------------------------------------------------+
; Hold Times                                                              ;
+-----------+------------+--------+--------+------------+-----------------+
; Data Port ; Clock Port ; Rise   ; Fall   ; Clock Edge ; Clock Reference ;
+-----------+------------+--------+--------+------------+-----------------+
; IO[*]     ; A[0]       ; -0.959 ; -0.959 ; Rise       ; A[0]            ;
;  IO[0]    ; A[0]       ; -1.427 ; -1.427 ; Rise       ; A[0]            ;
;  IO[1]    ; A[0]       ; -1.311 ; -1.311 ; Rise       ; A[0]            ;
;  IO[2]    ; A[0]       ; -1.259 ; -1.259 ; Rise       ; A[0]            ;
;  IO[3]    ; A[0]       ; -1.445 ; -1.445 ; Rise       ; A[0]            ;
;  IO[4]    ; A[0]       ; -1.347 ; -1.347 ; Rise       ; A[0]            ;
;  IO[5]    ; A[0]       ; -1.369 ; -1.369 ; Rise       ; A[0]            ;
;  IO[6]    ; A[0]       ; -1.235 ; -1.235 ; Rise       ; A[0]            ;
;  IO[7]    ; A[0]       ; -1.221 ; -1.221 ; Rise       ; A[0]            ;
;  IO[8]    ; A[0]       ; -1.243 ; -1.243 ; Rise       ; A[0]            ;
;  IO[9]    ; A[0]       ; -1.141 ; -1.141 ; Rise       ; A[0]            ;
;  IO[10]   ; A[0]       ; -1.505 ; -1.505 ; Rise       ; A[0]            ;
;  IO[11]   ; A[0]       ; -1.274 ; -1.274 ; Rise       ; A[0]            ;
;  IO[12]   ; A[0]       ; -1.010 ; -1.010 ; Rise       ; A[0]            ;
;  IO[13]   ; A[0]       ; -1.134 ; -1.134 ; Rise       ; A[0]            ;
;  IO[14]   ; A[0]       ; -0.959 ; -0.959 ; Rise       ; A[0]            ;
;  IO[15]   ; A[0]       ; -1.274 ; -1.274 ; Rise       ; A[0]            ;
;  IO[16]   ; A[0]       ; -1.290 ; -1.290 ; Rise       ; A[0]            ;
;  IO[17]   ; A[0]       ; -1.299 ; -1.299 ; Rise       ; A[0]            ;
;  IO[18]   ; A[0]       ; -1.161 ; -1.161 ; Rise       ; A[0]            ;
;  IO[19]   ; A[0]       ; -1.298 ; -1.298 ; Rise       ; A[0]            ;
;  IO[20]   ; A[0]       ; -1.101 ; -1.101 ; Rise       ; A[0]            ;
;  IO[21]   ; A[0]       ; -1.429 ; -1.429 ; Rise       ; A[0]            ;
;  IO[22]   ; A[0]       ; -1.100 ; -1.100 ; Rise       ; A[0]            ;
;  IO[23]   ; A[0]       ; -1.396 ; -1.396 ; Rise       ; A[0]            ;
;  IO[24]   ; A[0]       ; -1.434 ; -1.434 ; Rise       ; A[0]            ;
;  IO[25]   ; A[0]       ; -1.601 ; -1.601 ; Rise       ; A[0]            ;
;  IO[26]   ; A[0]       ; -1.297 ; -1.297 ; Rise       ; A[0]            ;
;  IO[27]   ; A[0]       ; -1.641 ; -1.641 ; Rise       ; A[0]            ;
;  IO[28]   ; A[0]       ; -1.106 ; -1.106 ; Rise       ; A[0]            ;
;  IO[29]   ; A[0]       ; -0.964 ; -0.964 ; Rise       ; A[0]            ;
;  IO[30]   ; A[0]       ; -1.172 ; -1.172 ; Rise       ; A[0]            ;
;  IO[31]   ; A[0]       ; -1.171 ; -1.171 ; Rise       ; A[0]            ;
; IO[*]     ; A[0]       ; -0.894 ; -0.894 ; Fall       ; A[0]            ;
;  IO[0]    ; A[0]       ; -1.407 ; -1.407 ; Fall       ; A[0]            ;
;  IO[1]    ; A[0]       ; -1.260 ; -1.260 ; Fall       ; A[0]            ;
;  IO[2]    ; A[0]       ; -1.183 ; -1.183 ; Fall       ; A[0]            ;
;  IO[3]    ; A[0]       ; -1.278 ; -1.278 ; Fall       ; A[0]            ;
;  IO[4]    ; A[0]       ; -1.475 ; -1.475 ; Fall       ; A[0]            ;
;  IO[5]    ; A[0]       ; -1.287 ; -1.287 ; Fall       ; A[0]            ;
;  IO[6]    ; A[0]       ; -1.218 ; -1.218 ; Fall       ; A[0]            ;
;  IO[7]    ; A[0]       ; -1.159 ; -1.159 ; Fall       ; A[0]            ;
;  IO[8]    ; A[0]       ; -1.207 ; -1.207 ; Fall       ; A[0]            ;
;  IO[9]    ; A[0]       ; -1.179 ; -1.179 ; Fall       ; A[0]            ;
;  IO[10]   ; A[0]       ; -1.437 ; -1.437 ; Fall       ; A[0]            ;
;  IO[11]   ; A[0]       ; -1.259 ; -1.259 ; Fall       ; A[0]            ;
;  IO[12]   ; A[0]       ; -1.052 ; -1.052 ; Fall       ; A[0]            ;
;  IO[13]   ; A[0]       ; -1.253 ; -1.253 ; Fall       ; A[0]            ;
;  IO[14]   ; A[0]       ; -0.943 ; -0.943 ; Fall       ; A[0]            ;
;  IO[15]   ; A[0]       ; -1.126 ; -1.126 ; Fall       ; A[0]            ;
;  IO[16]   ; A[0]       ; -1.378 ; -1.378 ; Fall       ; A[0]            ;
;  IO[17]   ; A[0]       ; -1.122 ; -1.122 ; Fall       ; A[0]            ;
;  IO[18]   ; A[0]       ; -1.222 ; -1.222 ; Fall       ; A[0]            ;
;  IO[19]   ; A[0]       ; -1.262 ; -1.262 ; Fall       ; A[0]            ;
;  IO[20]   ; A[0]       ; -0.894 ; -0.894 ; Fall       ; A[0]            ;
;  IO[21]   ; A[0]       ; -1.414 ; -1.414 ; Fall       ; A[0]            ;
;  IO[22]   ; A[0]       ; -1.261 ; -1.261 ; Fall       ; A[0]            ;
;  IO[23]   ; A[0]       ; -1.178 ; -1.178 ; Fall       ; A[0]            ;
;  IO[24]   ; A[0]       ; -1.358 ; -1.358 ; Fall       ; A[0]            ;
;  IO[25]   ; A[0]       ; -1.440 ; -1.440 ; Fall       ; A[0]            ;
;  IO[26]   ; A[0]       ; -1.097 ; -1.097 ; Fall       ; A[0]            ;
;  IO[27]   ; A[0]       ; -1.500 ; -1.500 ; Fall       ; A[0]            ;
;  IO[28]   ; A[0]       ; -1.135 ; -1.135 ; Fall       ; A[0]            ;
;  IO[29]   ; A[0]       ; -0.922 ; -0.922 ; Fall       ; A[0]            ;
;  IO[30]   ; A[0]       ; -1.243 ; -1.243 ; Fall       ; A[0]            ;
;  IO[31]   ; A[0]       ; -1.226 ; -1.226 ; Fall       ; A[0]            ;
+-----------+------------+--------+--------+------------+-----------------+


+-----------------------------------------------------------------------+
; Clock to Output Times                                                 ;
+-----------+------------+-------+-------+------------+-----------------+
; Data Port ; Clock Port ; Rise  ; Fall  ; Clock Edge ; Clock Reference ;
+-----------+------------+-------+-------+------------+-----------------+
; IO[*]     ; A[0]       ; 7.549 ; 7.549 ; Rise       ; A[0]            ;
;  IO[0]    ; A[0]       ; 6.197 ; 6.197 ; Rise       ; A[0]            ;
;  IO[1]    ; A[0]       ; 6.219 ; 6.219 ; Rise       ; A[0]            ;
;  IO[2]    ; A[0]       ; 6.635 ; 6.635 ; Rise       ; A[0]            ;
;  IO[3]    ; A[0]       ; 6.624 ; 6.624 ; Rise       ; A[0]            ;
;  IO[4]    ; A[0]       ; 6.844 ; 6.844 ; Rise       ; A[0]            ;
;  IO[5]    ; A[0]       ; 6.911 ; 6.911 ; Rise       ; A[0]            ;
;  IO[6]    ; A[0]       ; 6.505 ; 6.505 ; Rise       ; A[0]            ;
;  IO[7]    ; A[0]       ; 7.251 ; 7.251 ; Rise       ; A[0]            ;
;  IO[8]    ; A[0]       ; 6.381 ; 6.381 ; Rise       ; A[0]            ;
;  IO[9]    ; A[0]       ; 6.749 ; 6.749 ; Rise       ; A[0]            ;
;  IO[10]   ; A[0]       ; 6.861 ; 6.861 ; Rise       ; A[0]            ;
;  IO[11]   ; A[0]       ; 6.725 ; 6.725 ; Rise       ; A[0]            ;
;  IO[12]   ; A[0]       ; 6.722 ; 6.722 ; Rise       ; A[0]            ;
;  IO[13]   ; A[0]       ; 6.563 ; 6.563 ; Rise       ; A[0]            ;
;  IO[14]   ; A[0]       ; 6.377 ; 6.377 ; Rise       ; A[0]            ;
;  IO[15]   ; A[0]       ; 7.467 ; 7.467 ; Rise       ; A[0]            ;
;  IO[16]   ; A[0]       ; 7.549 ; 7.549 ; Rise       ; A[0]            ;
;  IO[17]   ; A[0]       ; 6.700 ; 6.700 ; Rise       ; A[0]            ;
;  IO[18]   ; A[0]       ; 6.217 ; 6.217 ; Rise       ; A[0]            ;
;  IO[19]   ; A[0]       ; 6.895 ; 6.895 ; Rise       ; A[0]            ;
;  IO[20]   ; A[0]       ; 6.797 ; 6.797 ; Rise       ; A[0]            ;
;  IO[21]   ; A[0]       ; 6.640 ; 6.640 ; Rise       ; A[0]            ;
;  IO[22]   ; A[0]       ; 6.347 ; 6.347 ; Rise       ; A[0]            ;
;  IO[23]   ; A[0]       ; 6.413 ; 6.413 ; Rise       ; A[0]            ;
;  IO[24]   ; A[0]       ; 6.831 ; 6.831 ; Rise       ; A[0]            ;
;  IO[25]   ; A[0]       ; 6.306 ; 6.306 ; Rise       ; A[0]            ;
;  IO[26]   ; A[0]       ; 6.496 ; 6.496 ; Rise       ; A[0]            ;
;  IO[27]   ; A[0]       ; 6.672 ; 6.672 ; Rise       ; A[0]            ;
;  IO[28]   ; A[0]       ; 5.778 ; 5.778 ; Rise       ; A[0]            ;
;  IO[29]   ; A[0]       ; 6.393 ; 6.393 ; Rise       ; A[0]            ;
;  IO[30]   ; A[0]       ; 6.411 ; 6.411 ; Rise       ; A[0]            ;
;  IO[31]   ; A[0]       ; 6.086 ; 6.086 ; Rise       ; A[0]            ;
; IO[*]     ; A[0]       ; 7.737 ; 7.737 ; Fall       ; A[0]            ;
;  IO[0]    ; A[0]       ; 6.417 ; 6.417 ; Fall       ; A[0]            ;
;  IO[1]    ; A[0]       ; 6.356 ; 6.356 ; Fall       ; A[0]            ;
;  IO[2]    ; A[0]       ; 6.610 ; 6.610 ; Fall       ; A[0]            ;
;  IO[3]    ; A[0]       ; 6.614 ; 6.614 ; Fall       ; A[0]            ;
;  IO[4]    ; A[0]       ; 6.936 ; 6.936 ; Fall       ; A[0]            ;
;  IO[5]    ; A[0]       ; 7.129 ; 7.129 ; Fall       ; A[0]            ;
;  IO[6]    ; A[0]       ; 6.545 ; 6.545 ; Fall       ; A[0]            ;
;  IO[7]    ; A[0]       ; 7.393 ; 7.393 ; Fall       ; A[0]            ;
;  IO[8]    ; A[0]       ; 6.572 ; 6.572 ; Fall       ; A[0]            ;
;  IO[9]    ; A[0]       ; 6.981 ; 6.981 ; Fall       ; A[0]            ;
;  IO[10]   ; A[0]       ; 7.052 ; 7.052 ; Fall       ; A[0]            ;
;  IO[11]   ; A[0]       ; 6.499 ; 6.499 ; Fall       ; A[0]            ;
;  IO[12]   ; A[0]       ; 6.860 ; 6.860 ; Fall       ; A[0]            ;
;  IO[13]   ; A[0]       ; 6.670 ; 6.670 ; Fall       ; A[0]            ;
;  IO[14]   ; A[0]       ; 6.591 ; 6.591 ; Fall       ; A[0]            ;
;  IO[15]   ; A[0]       ; 7.381 ; 7.381 ; Fall       ; A[0]            ;
;  IO[16]   ; A[0]       ; 7.737 ; 7.737 ; Fall       ; A[0]            ;
;  IO[17]   ; A[0]       ; 6.569 ; 6.569 ; Fall       ; A[0]            ;
;  IO[18]   ; A[0]       ; 6.272 ; 6.272 ; Fall       ; A[0]            ;
;  IO[19]   ; A[0]       ; 7.355 ; 7.355 ; Fall       ; A[0]            ;
;  IO[20]   ; A[0]       ; 7.048 ; 7.048 ; Fall       ; A[0]            ;
;  IO[21]   ; A[0]       ; 7.138 ; 7.138 ; Fall       ; A[0]            ;
;  IO[22]   ; A[0]       ; 6.951 ; 6.951 ; Fall       ; A[0]            ;
;  IO[23]   ; A[0]       ; 6.813 ; 6.813 ; Fall       ; A[0]            ;
;  IO[24]   ; A[0]       ; 6.864 ; 6.864 ; Fall       ; A[0]            ;
;  IO[25]   ; A[0]       ; 6.609 ; 6.609 ; Fall       ; A[0]            ;
;  IO[26]   ; A[0]       ; 6.635 ; 6.635 ; Fall       ; A[0]            ;
;  IO[27]   ; A[0]       ; 7.292 ; 7.292 ; Fall       ; A[0]            ;
;  IO[28]   ; A[0]       ; 6.017 ; 6.017 ; Fall       ; A[0]            ;
;  IO[29]   ; A[0]       ; 6.933 ; 6.933 ; Fall       ; A[0]            ;
;  IO[30]   ; A[0]       ; 7.032 ; 7.032 ; Fall       ; A[0]            ;
;  IO[31]   ; A[0]       ; 6.436 ; 6.436 ; Fall       ; A[0]            ;
+-----------+------------+-------+-------+------------+-----------------+


+-----------------------------------------------------------------------+
; Minimum Clock to Output Times                                         ;
+-----------+------------+-------+-------+------------+-----------------+
; Data Port ; Clock Port ; Rise  ; Fall  ; Clock Edge ; Clock Reference ;
+-----------+------------+-------+-------+------------+-----------------+
; IO[*]     ; A[0]       ; 3.487 ; 3.487 ; Rise       ; A[0]            ;
;  IO[0]    ; A[0]       ; 3.672 ; 3.672 ; Rise       ; A[0]            ;
;  IO[1]    ; A[0]       ; 4.248 ; 4.248 ; Rise       ; A[0]            ;
;  IO[2]    ; A[0]       ; 3.487 ; 3.487 ; Rise       ; A[0]            ;
;  IO[3]    ; A[0]       ; 3.751 ; 3.751 ; Rise       ; A[0]            ;
;  IO[4]    ; A[0]       ; 3.661 ; 3.661 ; Rise       ; A[0]            ;
;  IO[5]    ; A[0]       ; 4.251 ; 4.251 ; Rise       ; A[0]            ;
;  IO[6]    ; A[0]       ; 3.652 ; 3.652 ; Rise       ; A[0]            ;
;  IO[7]    ; A[0]       ; 3.526 ; 3.526 ; Rise       ; A[0]            ;
;  IO[8]    ; A[0]       ; 3.827 ; 3.827 ; Rise       ; A[0]            ;
;  IO[9]    ; A[0]       ; 4.302 ; 4.302 ; Rise       ; A[0]            ;
;  IO[10]   ; A[0]       ; 4.397 ; 4.397 ; Rise       ; A[0]            ;
;  IO[11]   ; A[0]       ; 3.682 ; 3.682 ; Rise       ; A[0]            ;
;  IO[12]   ; A[0]       ; 4.438 ; 4.438 ; Rise       ; A[0]            ;
;  IO[13]   ; A[0]       ; 3.854 ; 3.854 ; Rise       ; A[0]            ;
;  IO[14]   ; A[0]       ; 3.911 ; 3.911 ; Rise       ; A[0]            ;
;  IO[15]   ; A[0]       ; 3.979 ; 3.979 ; Rise       ; A[0]            ;
;  IO[16]   ; A[0]       ; 4.232 ; 4.232 ; Rise       ; A[0]            ;
;  IO[17]   ; A[0]       ; 3.919 ; 3.919 ; Rise       ; A[0]            ;
;  IO[18]   ; A[0]       ; 3.735 ; 3.735 ; Rise       ; A[0]            ;
;  IO[19]   ; A[0]       ; 4.648 ; 4.648 ; Rise       ; A[0]            ;
;  IO[20]   ; A[0]       ; 4.111 ; 4.111 ; Rise       ; A[0]            ;
;  IO[21]   ; A[0]       ; 3.980 ; 3.980 ; Rise       ; A[0]            ;
;  IO[22]   ; A[0]       ; 4.416 ; 4.416 ; Rise       ; A[0]            ;
;  IO[23]   ; A[0]       ; 3.603 ; 3.603 ; Rise       ; A[0]            ;
;  IO[24]   ; A[0]       ; 4.361 ; 4.361 ; Rise       ; A[0]            ;
;  IO[25]   ; A[0]       ; 4.027 ; 4.027 ; Rise       ; A[0]            ;
;  IO[26]   ; A[0]       ; 3.764 ; 3.764 ; Rise       ; A[0]            ;
;  IO[27]   ; A[0]       ; 3.819 ; 3.819 ; Rise       ; A[0]            ;
;  IO[28]   ; A[0]       ; 4.136 ; 4.136 ; Rise       ; A[0]            ;
;  IO[29]   ; A[0]       ; 4.079 ; 4.079 ; Rise       ; A[0]            ;
;  IO[30]   ; A[0]       ; 4.106 ; 4.106 ; Rise       ; A[0]            ;
;  IO[31]   ; A[0]       ; 4.805 ; 4.805 ; Rise       ; A[0]            ;
; IO[*]     ; A[0]       ; 3.487 ; 3.487 ; Fall       ; A[0]            ;
;  IO[0]    ; A[0]       ; 3.672 ; 3.672 ; Fall       ; A[0]            ;
;  IO[1]    ; A[0]       ; 4.248 ; 4.248 ; Fall       ; A[0]            ;
;  IO[2]    ; A[0]       ; 3.487 ; 3.487 ; Fall       ; A[0]            ;
;  IO[3]    ; A[0]       ; 3.751 ; 3.751 ; Fall       ; A[0]            ;
;  IO[4]    ; A[0]       ; 3.661 ; 3.661 ; Fall       ; A[0]            ;
;  IO[5]    ; A[0]       ; 4.251 ; 4.251 ; Fall       ; A[0]            ;
;  IO[6]    ; A[0]       ; 3.652 ; 3.652 ; Fall       ; A[0]            ;
;  IO[7]    ; A[0]       ; 3.526 ; 3.526 ; Fall       ; A[0]            ;
;  IO[8]    ; A[0]       ; 3.827 ; 3.827 ; Fall       ; A[0]            ;
;  IO[9]    ; A[0]       ; 4.302 ; 4.302 ; Fall       ; A[0]            ;
;  IO[10]   ; A[0]       ; 4.397 ; 4.397 ; Fall       ; A[0]            ;
;  IO[11]   ; A[0]       ; 3.682 ; 3.682 ; Fall       ; A[0]            ;
;  IO[12]   ; A[0]       ; 4.438 ; 4.438 ; Fall       ; A[0]            ;
;  IO[13]   ; A[0]       ; 3.854 ; 3.854 ; Fall       ; A[0]            ;
;  IO[14]   ; A[0]       ; 3.911 ; 3.911 ; Fall       ; A[0]            ;
;  IO[15]   ; A[0]       ; 3.979 ; 3.979 ; Fall       ; A[0]            ;
;  IO[16]   ; A[0]       ; 4.232 ; 4.232 ; Fall       ; A[0]            ;
;  IO[17]   ; A[0]       ; 3.919 ; 3.919 ; Fall       ; A[0]            ;
;  IO[18]   ; A[0]       ; 3.735 ; 3.735 ; Fall       ; A[0]            ;
;  IO[19]   ; A[0]       ; 4.648 ; 4.648 ; Fall       ; A[0]            ;
;  IO[20]   ; A[0]       ; 4.111 ; 4.111 ; Fall       ; A[0]            ;
;  IO[21]   ; A[0]       ; 3.980 ; 3.980 ; Fall       ; A[0]            ;
;  IO[22]   ; A[0]       ; 4.416 ; 4.416 ; Fall       ; A[0]            ;
;  IO[23]   ; A[0]       ; 3.603 ; 3.603 ; Fall       ; A[0]            ;
;  IO[24]   ; A[0]       ; 4.361 ; 4.361 ; Fall       ; A[0]            ;
;  IO[25]   ; A[0]       ; 4.027 ; 4.027 ; Fall       ; A[0]            ;
;  IO[26]   ; A[0]       ; 3.764 ; 3.764 ; Fall       ; A[0]            ;
;  IO[27]   ; A[0]       ; 3.819 ; 3.819 ; Fall       ; A[0]            ;
;  IO[28]   ; A[0]       ; 4.136 ; 4.136 ; Fall       ; A[0]            ;
;  IO[29]   ; A[0]       ; 4.079 ; 4.079 ; Fall       ; A[0]            ;
;  IO[30]   ; A[0]       ; 4.106 ; 4.106 ; Fall       ; A[0]            ;
;  IO[31]   ; A[0]       ; 4.805 ; 4.805 ; Fall       ; A[0]            ;
+-----------+------------+-------+-------+------------+-----------------+


+--------------------------------------------------------------+
; Propagation Delay                                            ;
+------------+-------------+--------+--------+--------+--------+
; Input Port ; Output Port ; RR     ; RF     ; FR     ; FF     ;
+------------+-------------+--------+--------+--------+--------+
; A[1]       ; IO[0]       ; 8.878  ; 8.878  ; 8.878  ; 8.878  ;
; A[1]       ; IO[1]       ; 8.955  ; 8.955  ; 8.955  ; 8.955  ;
; A[1]       ; IO[2]       ; 8.643  ; 8.643  ; 8.643  ; 8.643  ;
; A[1]       ; IO[3]       ; 8.581  ; 8.280  ; 8.280  ; 8.581  ;
; A[1]       ; IO[4]       ; 8.729  ; 8.729  ; 8.729  ; 8.729  ;
; A[1]       ; IO[5]       ; 8.745  ; 8.745  ; 8.745  ; 8.745  ;
; A[1]       ; IO[6]       ; 8.228  ; 8.228  ; 8.228  ; 8.228  ;
; A[1]       ; IO[7]       ; 9.125  ; 9.125  ; 9.125  ; 9.125  ;
; A[1]       ; IO[8]       ; 8.303  ; 8.303  ; 8.303  ; 8.303  ;
; A[1]       ; IO[9]       ; 8.346  ; 8.346  ; 8.346  ; 8.346  ;
; A[1]       ; IO[10]      ; 9.308  ; 9.308  ; 9.308  ; 9.308  ;
; A[1]       ; IO[11]      ; 8.668  ; 8.653  ; 8.653  ; 8.668  ;
; A[1]       ; IO[12]      ; 9.898  ; 9.898  ; 9.898  ; 9.898  ;
; A[1]       ; IO[13]      ; 9.169  ; 9.169  ; 9.169  ; 9.169  ;
; A[1]       ; IO[14]      ; 8.363  ; 8.363  ; 8.363  ; 8.363  ;
; A[1]       ; IO[15]      ; 8.717  ; 8.717  ; 8.717  ; 8.717  ;
; A[1]       ; IO[16]      ; 9.533  ; 9.533  ; 9.533  ; 9.533  ;
; A[1]       ; IO[17]      ; 8.364  ; 8.364  ; 8.364  ; 8.364  ;
; A[1]       ; IO[18]      ; 8.167  ; 8.167  ; 8.167  ; 8.167  ;
; A[1]       ; IO[19]      ; 9.692  ; 9.692  ; 9.692  ; 9.692  ;
; A[1]       ; IO[20]      ; 8.547  ; 8.547  ; 8.547  ; 8.547  ;
; A[1]       ; IO[21]      ; 8.938  ; 8.938  ; 8.938  ; 8.938  ;
; A[1]       ; IO[22]      ; 8.953  ; 8.953  ; 8.953  ; 8.953  ;
; A[1]       ; IO[23]      ; 8.276  ; 8.160  ; 8.160  ; 8.276  ;
; A[1]       ; IO[24]      ; 9.220  ; 9.220  ; 9.220  ; 9.220  ;
; A[1]       ; IO[25]      ; 8.645  ; 8.645  ; 8.645  ; 8.645  ;
; A[1]       ; IO[26]      ; 8.966  ; 8.966  ; 8.966  ; 8.966  ;
; A[1]       ; IO[27]      ; 8.856  ; 8.856  ; 8.856  ; 8.856  ;
; A[1]       ; IO[28]      ; 7.665  ; 7.665  ; 7.665  ; 7.665  ;
; A[1]       ; IO[29]      ; 8.449  ; 8.449  ; 8.449  ; 8.449  ;
; A[1]       ; IO[30]      ; 8.388  ; 8.388  ; 8.388  ; 8.388  ;
; A[1]       ; IO[31]      ; 8.834  ; 8.633  ; 8.633  ; 8.834  ;
; A[2]       ; IO[0]       ; 6.549  ; 5.845  ; 5.845  ; 6.549  ;
; A[2]       ; IO[1]       ; 5.755  ; 5.720  ; 5.720  ; 5.755  ;
; A[2]       ; IO[2]       ; 5.864  ; 5.046  ; 5.046  ; 5.864  ;
; A[2]       ; IO[3]       ; 6.246  ; 5.330  ; 5.330  ; 6.246  ;
; A[2]       ; IO[4]       ; 6.029  ; 5.797  ; 5.797  ; 6.029  ;
; A[2]       ; IO[5]       ; 5.976  ; 6.499  ; 6.499  ; 5.976  ;
; A[2]       ; IO[6]       ; 4.784  ; 5.577  ; 5.577  ; 4.784  ;
; A[2]       ; IO[7]       ; 6.350  ; 6.104  ; 6.104  ; 6.350  ;
; A[2]       ; IO[8]       ; 6.478  ; 4.780  ; 4.780  ; 6.478  ;
; A[2]       ; IO[9]       ; 6.419  ; 6.367  ; 6.367  ; 6.419  ;
; A[2]       ; IO[10]      ; 6.119  ; 6.572  ; 6.572  ; 6.119  ;
; A[2]       ; IO[11]      ; 6.066  ; 5.098  ; 5.098  ; 6.066  ;
; A[2]       ; IO[12]      ; 6.412  ; 7.205  ; 7.205  ; 6.412  ;
; A[2]       ; IO[13]      ; 6.044  ; 5.145  ; 5.145  ; 6.044  ;
; A[2]       ; IO[14]      ; 4.667  ; 5.570  ; 5.570  ; 4.667  ;
; A[2]       ; IO[15]      ; 6.142  ; 5.408  ; 5.408  ; 6.142  ;
; A[2]       ; IO[16]      ; 5.638  ; 6.186  ; 6.186  ; 5.638  ;
; A[2]       ; IO[17]      ; 5.885  ; 6.237  ; 6.237  ; 5.885  ;
; A[2]       ; IO[18]      ; 5.804  ; 5.186  ; 5.186  ; 5.804  ;
; A[2]       ; IO[19]      ; 5.530  ; 6.080  ; 6.080  ; 5.530  ;
; A[2]       ; IO[20]      ; 6.111  ; 5.803  ; 5.803  ; 6.111  ;
; A[2]       ; IO[21]      ; 5.899  ; 5.356  ; 5.356  ; 5.899  ;
; A[2]       ; IO[22]      ; 6.161  ; 5.496  ; 5.496  ; 6.161  ;
; A[2]       ; IO[23]      ; 5.881  ; 5.168  ; 5.168  ; 5.881  ;
; A[2]       ; IO[24]      ; 5.663  ; 6.258  ; 6.258  ; 5.663  ;
; A[2]       ; IO[25]      ; 5.984  ; 5.563  ; 5.563  ; 5.984  ;
; A[2]       ; IO[26]      ; 6.065  ; 5.149  ; 5.149  ; 6.065  ;
; A[2]       ; IO[27]      ; 5.924  ; 5.201  ; 5.201  ; 5.924  ;
; A[2]       ; IO[28]      ; 4.772  ; 5.626  ; 5.626  ; 4.772  ;
; A[2]       ; IO[29]      ; 4.840  ; 5.628  ; 5.628  ; 4.840  ;
; A[2]       ; IO[30]      ; 4.671  ; 4.840  ; 4.840  ; 4.671  ;
; A[2]       ; IO[31]      ; 5.433  ; 6.155  ; 6.155  ; 5.433  ;
; A[3]       ; IO[0]       ; 8.814  ; 8.948  ; 8.948  ; 8.814  ;
; A[3]       ; IO[1]       ; 8.930  ; 9.869  ; 9.869  ; 8.930  ;
; A[3]       ; IO[2]       ; 8.256  ; 8.963  ; 8.963  ; 8.256  ;
; A[3]       ; IO[3]       ; 8.540  ; 9.228  ; 9.228  ; 8.540  ;
; A[3]       ; IO[4]       ; 8.486  ; 8.709  ; 8.709  ; 8.486  ;
; A[3]       ; IO[5]       ; 9.709  ; 9.790  ; 9.790  ; 9.709  ;
; A[3]       ; IO[6]       ; 8.418  ; 8.864  ; 8.864  ; 8.418  ;
; A[3]       ; IO[7]       ; 9.314  ; 9.052  ; 9.052  ; 9.314  ;
; A[3]       ; IO[8]       ; 8.743  ; 8.994  ; 8.994  ; 8.743  ;
; A[3]       ; IO[9]       ; 9.577  ; 9.398  ; 9.398  ; 9.577  ;
; A[3]       ; IO[10]      ; 9.782  ; 9.559  ; 9.559  ; 9.782  ;
; A[3]       ; IO[11]      ; 8.331  ; 9.127  ; 9.127  ; 8.331  ;
; A[3]       ; IO[12]      ; 10.415 ; 9.366  ; 9.366  ; 10.415 ;
; A[3]       ; IO[13]      ; 8.309  ; 8.950  ; 8.950  ; 8.309  ;
; A[3]       ; IO[14]      ; 8.259  ; 9.193  ; 9.193  ; 8.259  ;
; A[3]       ; IO[15]      ; 8.407  ; 9.622  ; 9.622  ; 8.407  ;
; A[3]       ; IO[16]      ; 9.396  ; 9.718  ; 9.718  ; 9.396  ;
; A[3]       ; IO[17]      ; 8.926  ; 9.053  ; 9.053  ; 8.926  ;
; A[3]       ; IO[18]      ; 8.396  ; 8.981  ; 8.981  ; 8.396  ;
; A[3]       ; IO[19]      ; 8.578  ; 10.294 ; 10.294 ; 8.578  ;
; A[3]       ; IO[20]      ; 9.013  ; 9.228  ; 9.228  ; 9.013  ;
; A[3]       ; IO[21]      ; 8.288  ; 9.570  ; 9.570  ; 8.288  ;
; A[3]       ; IO[22]      ; 8.706  ; 9.537  ; 9.537  ; 8.706  ;
; A[3]       ; IO[23]      ; 8.256  ; 9.382  ; 9.382  ; 8.256  ;
; A[3]       ; IO[24]      ; 8.807  ; 10.472 ; 10.472 ; 8.807  ;
; A[3]       ; IO[25]      ; 8.773  ; 9.412  ; 9.412  ; 8.773  ;
; A[3]       ; IO[26]      ; 8.330  ; 9.363  ; 9.363  ; 8.330  ;
; A[3]       ; IO[27]      ; 8.339  ; 9.415  ; 9.415  ; 8.339  ;
; A[3]       ; IO[28]      ; 8.315  ; 9.508  ; 9.508  ; 8.315  ;
; A[3]       ; IO[29]      ; 8.341  ; 9.031  ; 9.031  ; 8.341  ;
; A[3]       ; IO[30]      ; 8.050  ; 9.070  ; 9.070  ; 8.050  ;
; A[3]       ; IO[31]      ; 8.593  ; 10.369 ; 10.369 ; 8.593  ;
; A[4]       ; IO[0]       ; 8.819  ; 8.840  ; 8.840  ; 8.819  ;
; A[4]       ; IO[1]       ; 8.025  ; 9.167  ; 9.167  ; 8.025  ;
; A[4]       ; IO[2]       ; 8.134  ; 8.261  ; 8.261  ; 8.134  ;
; A[4]       ; IO[3]       ; 8.516  ; 8.526  ; 8.526  ; 8.516  ;
; A[4]       ; IO[4]       ; 8.299  ; 8.792  ; 8.792  ; 8.299  ;
; A[4]       ; IO[5]       ; 8.246  ; 9.102  ; 9.102  ; 8.246  ;
; A[4]       ; IO[6]       ; 8.140  ; 8.572  ; 8.572  ; 8.140  ;
; A[4]       ; IO[7]       ; 8.620  ; 8.350  ; 8.350  ; 8.620  ;
; A[4]       ; IO[8]       ; 8.748  ; 8.292  ; 8.292  ; 8.748  ;
; A[4]       ; IO[9]       ; 8.689  ; 8.770  ; 8.770  ; 8.689  ;
; A[4]       ; IO[10]      ; 8.389  ; 8.857  ; 8.857  ; 8.389  ;
; A[4]       ; IO[11]      ; 8.336  ; 8.425  ; 8.425  ; 8.336  ;
; A[4]       ; IO[12]      ; 8.682  ; 8.664  ; 8.664  ; 8.682  ;
; A[4]       ; IO[13]      ; 8.314  ; 8.248  ; 8.248  ; 8.314  ;
; A[4]       ; IO[14]      ; 8.469  ; 8.565  ; 8.565  ; 8.469  ;
; A[4]       ; IO[15]      ; 8.412  ; 8.920  ; 8.920  ; 8.412  ;
; A[4]       ; IO[16]      ; 7.908  ; 9.016  ; 9.016  ; 7.908  ;
; A[4]       ; IO[17]      ; 8.155  ; 9.232  ; 9.232  ; 8.155  ;
; A[4]       ; IO[18]      ; 8.233  ; 8.279  ; 8.279  ; 8.233  ;
; A[4]       ; IO[19]      ; 8.133  ; 9.592  ; 9.592  ; 8.133  ;
; A[4]       ; IO[20]      ; 8.381  ; 8.526  ; 8.526  ; 8.381  ;
; A[4]       ; IO[21]      ; 8.169  ; 8.868  ; 8.868  ; 8.169  ;
; A[4]       ; IO[22]      ; 8.431  ; 8.835  ; 8.835  ; 8.431  ;
; A[4]       ; IO[23]      ; 8.151  ; 8.680  ; 8.680  ; 8.151  ;
; A[4]       ; IO[24]      ; 7.933  ; 9.770  ; 9.770  ; 7.933  ;
; A[4]       ; IO[25]      ; 8.254  ; 8.710  ; 8.710  ; 8.254  ;
; A[4]       ; IO[26]      ; 8.335  ; 8.661  ; 8.661  ; 8.335  ;
; A[4]       ; IO[27]      ; 8.194  ; 8.713  ; 8.713  ; 8.194  ;
; A[4]       ; IO[28]      ; 8.784  ; 8.621  ; 8.621  ; 8.784  ;
; A[4]       ; IO[29]      ; 8.307  ; 8.623  ; 8.623  ; 8.307  ;
; A[4]       ; IO[30]      ; 8.346  ; 8.093  ; 8.093  ; 8.346  ;
; A[4]       ; IO[31]      ; 7.929  ; 9.667  ; 9.667  ; 7.929  ;
; CSS        ; IO[0]       ; 6.236  ; 9.560  ; 9.560  ; 6.236  ;
; CSS        ; IO[1]       ; 6.024  ; 8.799  ; 8.799  ; 6.024  ;
; CSS        ; IO[2]       ; 6.193  ; 8.803  ; 8.803  ; 6.193  ;
; CSS        ; IO[3]       ; 6.024  ; 9.185  ; 9.185  ; 6.024  ;
; CSS        ; IO[4]       ; 6.009  ; 9.512  ; 9.512  ; 6.009  ;
; CSS        ; IO[5]       ; 5.920  ; 9.822  ; 9.822  ; 5.920  ;
; CSS        ; IO[6]       ; 6.130  ; 9.292  ; 9.292  ; 6.130  ;
; CSS        ; IO[7]       ; 6.274  ; 9.289  ; 9.289  ; 6.274  ;
; CSS        ; IO[8]       ; 6.024  ; 9.417  ; 9.417  ; 6.024  ;
; CSS        ; IO[9]       ; 6.122  ; 9.490  ; 9.490  ; 6.122  ;
; CSS        ; IO[10]      ; 6.270  ; 9.058  ; 9.058  ; 6.270  ;
; CSS        ; IO[11]      ; 6.193  ; 9.005  ; 9.005  ; 6.193  ;
; CSS        ; IO[12]      ; 6.404  ; 9.351  ; 9.351  ; 6.404  ;
; CSS        ; IO[13]      ; 6.044  ; 8.983  ; 8.983  ; 6.044  ;
; CSS        ; IO[14]      ; 6.120  ; 9.285  ; 9.285  ; 6.120  ;
; CSS        ; IO[15]      ; 6.347  ; 9.081  ; 9.081  ; 6.347  ;
; CSS        ; IO[16]      ; 6.236  ; 9.053  ; 9.053  ; 6.236  ;
; CSS        ; IO[17]      ; 6.401  ; 9.952  ; 9.952  ; 6.401  ;
; CSS        ; IO[18]      ; 6.216  ; 8.743  ; 8.743  ; 6.216  ;
; CSS        ; IO[19]      ; 6.120  ; 9.335  ; 9.335  ; 6.120  ;
; CSS        ; IO[20]      ; 6.411  ; 9.068  ; 9.068  ; 6.411  ;
; CSS        ; IO[21]      ; 6.201  ; 9.186  ; 9.186  ; 6.201  ;
; CSS        ; IO[22]      ; 6.411  ; 9.118  ; 9.118  ; 6.411  ;
; CSS        ; IO[23]      ; 6.201  ; 8.820  ; 8.820  ; 6.201  ;
; CSS        ; IO[24]      ; 5.920  ; 9.402  ; 9.402  ; 5.920  ;
; CSS        ; IO[25]      ; 6.401  ; 8.923  ; 8.923  ; 6.401  ;
; CSS        ; IO[26]      ; 6.280  ; 9.004  ; 9.004  ; 6.280  ;
; CSS        ; IO[27]      ; 6.337  ; 8.863  ; 8.863  ; 6.337  ;
; CSS        ; IO[28]      ; 6.141  ; 9.341  ; 9.341  ; 6.141  ;
; CSS        ; IO[29]      ; 6.132  ; 9.343  ; 9.343  ; 6.132  ;
; CSS        ; IO[30]      ; 6.112  ; 8.225  ; 8.225  ; 6.112  ;
; CSS        ; IO[31]      ; 6.120  ; 9.299  ; 9.299  ; 6.120  ;
; RWS        ; IO[0]       ; 9.372  ; 6.048  ; 6.048  ; 9.372  ;
; RWS        ; IO[1]       ; 8.700  ; 5.836  ; 5.836  ; 8.700  ;
; RWS        ; IO[2]       ; 8.615  ; 6.005  ; 6.005  ; 8.615  ;
; RWS        ; IO[3]       ; 8.997  ; 5.836  ; 5.836  ; 8.997  ;
; RWS        ; IO[4]       ; 9.324  ; 5.821  ; 5.821  ; 9.324  ;
; RWS        ; IO[5]       ; 9.634  ; 5.732  ; 5.732  ; 9.634  ;
; RWS        ; IO[6]       ; 9.104  ; 5.942  ; 5.942  ; 9.104  ;
; RWS        ; IO[7]       ; 9.101  ; 6.086  ; 6.086  ; 9.101  ;
; RWS        ; IO[8]       ; 9.229  ; 5.836  ; 5.836  ; 9.229  ;
; RWS        ; IO[9]       ; 9.302  ; 5.934  ; 5.934  ; 9.302  ;
; RWS        ; IO[10]      ; 8.870  ; 6.082  ; 6.082  ; 8.870  ;
; RWS        ; IO[11]      ; 8.817  ; 6.005  ; 6.005  ; 8.817  ;
; RWS        ; IO[12]      ; 9.249  ; 6.216  ; 6.216  ; 9.249  ;
; RWS        ; IO[13]      ; 8.795  ; 5.856  ; 5.856  ; 8.795  ;
; RWS        ; IO[14]      ; 9.097  ; 5.932  ; 5.932  ; 9.097  ;
; RWS        ; IO[15]      ; 8.893  ; 6.159  ; 6.159  ; 8.893  ;
; RWS        ; IO[16]      ; 8.865  ; 6.048  ; 6.048  ; 8.865  ;
; RWS        ; IO[17]      ; 9.764  ; 6.213  ; 6.213  ; 9.764  ;
; RWS        ; IO[18]      ; 8.555  ; 6.028  ; 6.028  ; 8.555  ;
; RWS        ; IO[19]      ; 9.147  ; 5.932  ; 5.932  ; 9.147  ;
; RWS        ; IO[20]      ; 8.880  ; 6.223  ; 6.223  ; 8.880  ;
; RWS        ; IO[21]      ; 8.998  ; 6.013  ; 6.013  ; 8.998  ;
; RWS        ; IO[22]      ; 8.930  ; 6.223  ; 6.223  ; 8.930  ;
; RWS        ; IO[23]      ; 8.632  ; 6.013  ; 6.013  ; 8.632  ;
; RWS        ; IO[24]      ; 9.303  ; 5.732  ; 5.732  ; 9.303  ;
; RWS        ; IO[25]      ; 8.735  ; 6.213  ; 6.213  ; 8.735  ;
; RWS        ; IO[26]      ; 8.816  ; 6.092  ; 6.092  ; 8.816  ;
; RWS        ; IO[27]      ; 8.675  ; 6.149  ; 6.149  ; 8.675  ;
; RWS        ; IO[28]      ; 9.153  ; 5.953  ; 5.953  ; 9.153  ;
; RWS        ; IO[29]      ; 9.155  ; 5.944  ; 5.944  ; 9.155  ;
; RWS        ; IO[30]      ; 8.037  ; 5.924  ; 5.924  ; 8.037  ;
; RWS        ; IO[31]      ; 9.200  ; 5.932  ; 5.932  ; 9.200  ;
+------------+-------------+--------+--------+--------+--------+


+----------------------------------------------------------+
; Minimum Propagation Delay                                ;
+------------+-------------+-------+-------+-------+-------+
; Input Port ; Output Port ; RR    ; RF    ; FR    ; FF    ;
+------------+-------------+-------+-------+-------+-------+
; A[1]       ; IO[0]       ; 7.189 ; 7.189 ; 7.189 ; 7.189 ;
; A[1]       ; IO[1]       ; 6.612 ; 6.612 ; 6.612 ; 6.612 ;
; A[1]       ; IO[2]       ; 7.069 ; 7.069 ; 7.069 ; 7.069 ;
; A[1]       ; IO[3]       ; 7.436 ; 7.488 ; 7.488 ; 7.436 ;
; A[1]       ; IO[4]       ; 6.598 ; 6.598 ; 6.598 ; 6.598 ;
; A[1]       ; IO[5]       ; 7.391 ; 7.391 ; 7.391 ; 7.391 ;
; A[1]       ; IO[6]       ; 6.429 ; 6.429 ; 6.429 ; 6.429 ;
; A[1]       ; IO[7]       ; 7.130 ; 6.627 ; 6.627 ; 7.130 ;
; A[1]       ; IO[8]       ; 7.118 ; 7.118 ; 7.118 ; 7.118 ;
; A[1]       ; IO[9]       ; 6.877 ; 6.877 ; 6.877 ; 6.877 ;
; A[1]       ; IO[10]      ; 7.109 ; 7.109 ; 7.109 ; 7.109 ;
; A[1]       ; IO[11]      ; 7.164 ; 7.164 ; 7.164 ; 7.164 ;
; A[1]       ; IO[12]      ; 7.218 ; 7.218 ; 7.218 ; 7.218 ;
; A[1]       ; IO[13]      ; 6.928 ; 6.928 ; 6.928 ; 6.928 ;
; A[1]       ; IO[14]      ; 6.567 ; 6.567 ; 6.567 ; 6.567 ;
; A[1]       ; IO[15]      ; 7.324 ; 7.322 ; 7.322 ; 7.324 ;
; A[1]       ; IO[16]      ; 6.938 ; 6.938 ; 6.938 ; 6.938 ;
; A[1]       ; IO[17]      ; 7.372 ; 7.372 ; 7.372 ; 7.372 ;
; A[1]       ; IO[18]      ; 6.893 ; 6.893 ; 6.893 ; 6.893 ;
; A[1]       ; IO[19]      ; 7.073 ; 7.629 ; 7.629 ; 7.073 ;
; A[1]       ; IO[20]      ; 7.194 ; 7.194 ; 7.194 ; 7.194 ;
; A[1]       ; IO[21]      ; 7.197 ; 7.197 ; 7.197 ; 7.197 ;
; A[1]       ; IO[22]      ; 7.424 ; 7.424 ; 7.424 ; 7.424 ;
; A[1]       ; IO[23]      ; 6.960 ; 7.154 ; 7.154 ; 6.960 ;
; A[1]       ; IO[24]      ; 7.274 ; 7.274 ; 7.274 ; 7.274 ;
; A[1]       ; IO[25]      ; 7.061 ; 7.061 ; 7.061 ; 7.061 ;
; A[1]       ; IO[26]      ; 6.977 ; 6.977 ; 6.977 ; 6.977 ;
; A[1]       ; IO[27]      ; 7.169 ; 7.565 ; 7.565 ; 7.169 ;
; A[1]       ; IO[28]      ; 6.707 ; 6.707 ; 6.707 ; 6.707 ;
; A[1]       ; IO[29]      ; 6.202 ; 6.202 ; 6.202 ; 6.202 ;
; A[1]       ; IO[30]      ; 6.606 ; 6.606 ; 6.606 ; 6.606 ;
; A[1]       ; IO[31]      ; 7.397 ; 7.084 ; 7.084 ; 7.397 ;
; A[2]       ; IO[0]       ; 3.830 ; 4.073 ; 4.073 ; 3.830 ;
; A[2]       ; IO[1]       ; 4.681 ; 4.770 ; 4.770 ; 4.681 ;
; A[2]       ; IO[2]       ; 3.603 ; 3.619 ; 3.619 ; 3.603 ;
; A[2]       ; IO[3]       ; 3.814 ; 3.834 ; 3.834 ; 3.814 ;
; A[2]       ; IO[4]       ; 4.416 ; 4.259 ; 4.259 ; 4.416 ;
; A[2]       ; IO[5]       ; 5.001 ; 5.159 ; 5.159 ; 5.001 ;
; A[2]       ; IO[6]       ; 4.482 ; 4.217 ; 4.217 ; 4.482 ;
; A[2]       ; IO[7]       ; 3.600 ; 3.734 ; 3.734 ; 3.600 ;
; A[2]       ; IO[8]       ; 4.293 ; 4.118 ; 4.118 ; 4.293 ;
; A[2]       ; IO[9]       ; 4.501 ; 4.538 ; 4.538 ; 4.501 ;
; A[2]       ; IO[10]      ; 4.719 ; 4.778 ; 4.778 ; 4.719 ;
; A[2]       ; IO[11]      ; 3.986 ; 3.991 ; 3.991 ; 3.986 ;
; A[2]       ; IO[12]      ; 4.123 ; 3.944 ; 3.944 ; 4.123 ;
; A[2]       ; IO[13]      ; 3.800 ; 4.060 ; 4.060 ; 3.800 ;
; A[2]       ; IO[14]      ; 4.347 ; 4.380 ; 4.380 ; 4.347 ;
; A[2]       ; IO[15]      ; 4.191 ; 4.388 ; 4.388 ; 4.191 ;
; A[2]       ; IO[16]      ; 4.749 ; 5.338 ; 5.338 ; 4.749 ;
; A[2]       ; IO[17]      ; 4.657 ; 4.463 ; 4.463 ; 4.657 ;
; A[2]       ; IO[18]      ; 4.183 ; 4.438 ; 4.438 ; 4.183 ;
; A[2]       ; IO[19]      ; 4.766 ; 5.022 ; 5.022 ; 4.766 ;
; A[2]       ; IO[20]      ; 4.625 ; 4.363 ; 4.363 ; 4.625 ;
; A[2]       ; IO[21]      ; 4.137 ; 4.353 ; 4.353 ; 4.137 ;
; A[2]       ; IO[22]      ; 4.752 ; 4.847 ; 4.847 ; 4.752 ;
; A[2]       ; IO[23]      ; 4.133 ; 4.209 ; 4.209 ; 4.133 ;
; A[2]       ; IO[24]      ; 4.909 ; 4.564 ; 4.564 ; 4.909 ;
; A[2]       ; IO[25]      ; 4.618 ; 4.741 ; 4.741 ; 4.618 ;
; A[2]       ; IO[26]      ; 4.659 ; 4.206 ; 4.206 ; 4.659 ;
; A[2]       ; IO[27]      ; 4.008 ; 4.297 ; 4.297 ; 4.008 ;
; A[2]       ; IO[28]      ; 4.441 ; 4.610 ; 4.610 ; 4.441 ;
; A[2]       ; IO[29]      ; 4.372 ; 4.183 ; 4.183 ; 4.372 ;
; A[2]       ; IO[30]      ; 4.280 ; 4.353 ; 4.353 ; 4.280 ;
; A[2]       ; IO[31]      ; 5.024 ; 5.136 ; 5.136 ; 5.024 ;
; A[3]       ; IO[0]       ; 7.548 ; 7.332 ; 7.332 ; 7.548 ;
; A[3]       ; IO[1]       ; 7.372 ; 7.552 ; 7.552 ; 7.372 ;
; A[3]       ; IO[2]       ; 6.544 ; 7.817 ; 7.817 ; 6.544 ;
; A[3]       ; IO[3]       ; 6.698 ; 7.449 ; 7.449 ; 6.698 ;
; A[3]       ; IO[4]       ; 7.983 ; 6.852 ; 6.852 ; 7.983 ;
; A[3]       ; IO[5]       ; 7.832 ; 7.626 ; 7.626 ; 7.832 ;
; A[3]       ; IO[6]       ; 6.763 ; 6.823 ; 6.823 ; 6.763 ;
; A[3]       ; IO[7]       ; 7.633 ; 7.008 ; 7.008 ; 7.633 ;
; A[3]       ; IO[8]       ; 6.807 ; 6.907 ; 6.907 ; 6.807 ;
; A[3]       ; IO[9]       ; 7.374 ; 7.056 ; 7.056 ; 7.374 ;
; A[3]       ; IO[10]      ; 7.410 ; 7.754 ; 7.754 ; 7.410 ;
; A[3]       ; IO[11]      ; 7.022 ; 7.828 ; 7.828 ; 7.022 ;
; A[3]       ; IO[12]      ; 6.633 ; 7.998 ; 7.998 ; 6.633 ;
; A[3]       ; IO[13]      ; 7.730 ; 7.833 ; 7.833 ; 7.730 ;
; A[3]       ; IO[14]      ; 6.693 ; 6.930 ; 6.930 ; 6.693 ;
; A[3]       ; IO[15]      ; 7.172 ; 8.148 ; 8.148 ; 7.172 ;
; A[3]       ; IO[16]      ; 7.440 ; 7.762 ; 7.762 ; 7.440 ;
; A[3]       ; IO[17]      ; 7.831 ; 7.738 ; 7.738 ; 7.831 ;
; A[3]       ; IO[18]      ; 7.278 ; 6.919 ; 6.919 ; 7.278 ;
; A[3]       ; IO[19]      ; 7.795 ; 7.782 ; 7.782 ; 7.795 ;
; A[3]       ; IO[20]      ; 7.384 ; 7.651 ; 7.651 ; 7.384 ;
; A[3]       ; IO[21]      ; 7.717 ; 8.006 ; 8.006 ; 7.717 ;
; A[3]       ; IO[22]      ; 7.537 ; 7.751 ; 7.751 ; 7.537 ;
; A[3]       ; IO[23]      ; 7.596 ; 8.003 ; 8.003 ; 7.596 ;
; A[3]       ; IO[24]      ; 7.683 ; 7.530 ; 7.530 ; 7.683 ;
; A[3]       ; IO[25]      ; 7.501 ; 7.867 ; 7.867 ; 7.501 ;
; A[3]       ; IO[26]      ; 7.118 ; 7.795 ; 7.795 ; 7.118 ;
; A[3]       ; IO[27]      ; 7.618 ; 7.796 ; 7.796 ; 7.618 ;
; A[3]       ; IO[28]      ; 6.925 ; 7.035 ; 7.035 ; 6.925 ;
; A[3]       ; IO[29]      ; 6.865 ; 6.924 ; 6.924 ; 6.865 ;
; A[3]       ; IO[30]      ; 6.708 ; 6.543 ; 6.543 ; 6.708 ;
; A[3]       ; IO[31]      ; 7.698 ; 7.634 ; 7.634 ; 7.698 ;
; A[4]       ; IO[0]       ; 6.687 ; 7.192 ; 7.192 ; 6.687 ;
; A[4]       ; IO[1]       ; 7.044 ; 7.669 ; 7.669 ; 7.044 ;
; A[4]       ; IO[2]       ; 6.684 ; 6.841 ; 6.841 ; 6.684 ;
; A[4]       ; IO[3]       ; 6.994 ; 7.004 ; 7.004 ; 6.994 ;
; A[4]       ; IO[4]       ; 6.796 ; 7.520 ; 7.520 ; 6.796 ;
; A[4]       ; IO[5]       ; 7.598 ; 7.865 ; 7.865 ; 7.598 ;
; A[4]       ; IO[6]       ; 6.635 ; 7.673 ; 7.673 ; 6.635 ;
; A[4]       ; IO[7]       ; 7.005 ; 7.216 ; 7.216 ; 7.005 ;
; A[4]       ; IO[8]       ; 6.618 ; 7.113 ; 7.113 ; 6.618 ;
; A[4]       ; IO[9]       ; 7.053 ; 7.671 ; 7.671 ; 7.053 ;
; A[4]       ; IO[10]      ; 7.751 ; 7.707 ; 7.707 ; 7.751 ;
; A[4]       ; IO[11]      ; 6.981 ; 7.328 ; 7.328 ; 6.981 ;
; A[4]       ; IO[12]      ; 7.712 ; 6.939 ; 6.939 ; 7.712 ;
; A[4]       ; IO[13]      ; 6.701 ; 7.331 ; 7.331 ; 6.701 ;
; A[4]       ; IO[14]      ; 6.481 ; 7.416 ; 7.416 ; 6.481 ;
; A[4]       ; IO[15]      ; 7.034 ; 7.478 ; 7.478 ; 7.034 ;
; A[4]       ; IO[16]      ; 7.497 ; 7.737 ; 7.737 ; 7.497 ;
; A[4]       ; IO[17]      ; 6.984 ; 7.658 ; 7.658 ; 6.984 ;
; A[4]       ; IO[18]      ; 6.916 ; 7.461 ; 7.461 ; 6.916 ;
; A[4]       ; IO[19]      ; 7.010 ; 7.841 ; 7.841 ; 7.010 ;
; A[4]       ; IO[20]      ; 7.443 ; 7.690 ; 7.690 ; 7.443 ;
; A[4]       ; IO[21]      ; 7.037 ; 7.463 ; 7.463 ; 7.037 ;
; A[4]       ; IO[22]      ; 6.953 ; 7.824 ; 7.824 ; 6.953 ;
; A[4]       ; IO[23]      ; 7.059 ; 7.477 ; 7.477 ; 7.059 ;
; A[4]       ; IO[24]      ; 7.284 ; 7.980 ; 7.980 ; 7.284 ;
; A[4]       ; IO[25]      ; 7.238 ; 7.750 ; 7.750 ; 7.238 ;
; A[4]       ; IO[26]      ; 7.023 ; 7.424 ; 7.424 ; 7.023 ;
; A[4]       ; IO[27]      ; 7.088 ; 7.530 ; 7.530 ; 7.088 ;
; A[4]       ; IO[28]      ; 6.930 ; 7.652 ; 7.652 ; 6.930 ;
; A[4]       ; IO[29]      ; 6.870 ; 7.695 ; 7.695 ; 6.870 ;
; A[4]       ; IO[30]      ; 6.540 ; 7.421 ; 7.421 ; 6.540 ;
; A[4]       ; IO[31]      ; 7.112 ; 7.886 ; 7.886 ; 7.112 ;
; CSS        ; IO[0]       ; 6.236 ; 6.236 ; 6.236 ; 6.236 ;
; CSS        ; IO[1]       ; 6.024 ; 6.024 ; 6.024 ; 6.024 ;
; CSS        ; IO[2]       ; 6.193 ; 6.193 ; 6.193 ; 6.193 ;
; CSS        ; IO[3]       ; 6.024 ; 6.024 ; 6.024 ; 6.024 ;
; CSS        ; IO[4]       ; 6.009 ; 6.009 ; 6.009 ; 6.009 ;
; CSS        ; IO[5]       ; 5.920 ; 5.920 ; 5.920 ; 5.920 ;
; CSS        ; IO[6]       ; 6.130 ; 6.130 ; 6.130 ; 6.130 ;
; CSS        ; IO[7]       ; 6.274 ; 6.274 ; 6.274 ; 6.274 ;
; CSS        ; IO[8]       ; 6.024 ; 6.024 ; 6.024 ; 6.024 ;
; CSS        ; IO[9]       ; 6.122 ; 6.122 ; 6.122 ; 6.122 ;
; CSS        ; IO[10]      ; 6.270 ; 6.270 ; 6.270 ; 6.270 ;
; CSS        ; IO[11]      ; 6.193 ; 6.193 ; 6.193 ; 6.193 ;
; CSS        ; IO[12]      ; 6.404 ; 6.404 ; 6.404 ; 6.404 ;
; CSS        ; IO[13]      ; 6.044 ; 6.044 ; 6.044 ; 6.044 ;
; CSS        ; IO[14]      ; 6.120 ; 6.120 ; 6.120 ; 6.120 ;
; CSS        ; IO[15]      ; 6.347 ; 6.347 ; 6.347 ; 6.347 ;
; CSS        ; IO[16]      ; 6.236 ; 6.236 ; 6.236 ; 6.236 ;
; CSS        ; IO[17]      ; 6.401 ; 6.401 ; 6.401 ; 6.401 ;
; CSS        ; IO[18]      ; 6.216 ; 6.216 ; 6.216 ; 6.216 ;
; CSS        ; IO[19]      ; 6.120 ; 6.120 ; 6.120 ; 6.120 ;
; CSS        ; IO[20]      ; 6.411 ; 6.411 ; 6.411 ; 6.411 ;
; CSS        ; IO[21]      ; 6.201 ; 6.201 ; 6.201 ; 6.201 ;
; CSS        ; IO[22]      ; 6.411 ; 6.411 ; 6.411 ; 6.411 ;
; CSS        ; IO[23]      ; 6.201 ; 6.201 ; 6.201 ; 6.201 ;
; CSS        ; IO[24]      ; 5.920 ; 5.920 ; 5.920 ; 5.920 ;
; CSS        ; IO[25]      ; 6.401 ; 6.401 ; 6.401 ; 6.401 ;
; CSS        ; IO[26]      ; 6.280 ; 6.280 ; 6.280 ; 6.280 ;
; CSS        ; IO[27]      ; 6.337 ; 6.337 ; 6.337 ; 6.337 ;
; CSS        ; IO[28]      ; 6.141 ; 6.141 ; 6.141 ; 6.141 ;
; CSS        ; IO[29]      ; 6.132 ; 6.132 ; 6.132 ; 6.132 ;
; CSS        ; IO[30]      ; 6.112 ; 6.112 ; 6.112 ; 6.112 ;
; CSS        ; IO[31]      ; 6.120 ; 6.120 ; 6.120 ; 6.120 ;
; RWS        ; IO[0]       ; 6.048 ; 6.048 ; 6.048 ; 6.048 ;
; RWS        ; IO[1]       ; 5.836 ; 5.836 ; 5.836 ; 5.836 ;
; RWS        ; IO[2]       ; 6.005 ; 6.005 ; 6.005 ; 6.005 ;
; RWS        ; IO[3]       ; 5.836 ; 5.836 ; 5.836 ; 5.836 ;
; RWS        ; IO[4]       ; 5.821 ; 5.821 ; 5.821 ; 5.821 ;
; RWS        ; IO[5]       ; 5.732 ; 5.732 ; 5.732 ; 5.732 ;
; RWS        ; IO[6]       ; 5.942 ; 5.942 ; 5.942 ; 5.942 ;
; RWS        ; IO[7]       ; 6.086 ; 6.086 ; 6.086 ; 6.086 ;
; RWS        ; IO[8]       ; 5.836 ; 5.836 ; 5.836 ; 5.836 ;
; RWS        ; IO[9]       ; 5.934 ; 5.934 ; 5.934 ; 5.934 ;
; RWS        ; IO[10]      ; 6.082 ; 6.082 ; 6.082 ; 6.082 ;
; RWS        ; IO[11]      ; 6.005 ; 6.005 ; 6.005 ; 6.005 ;
; RWS        ; IO[12]      ; 6.216 ; 6.216 ; 6.216 ; 6.216 ;
; RWS        ; IO[13]      ; 5.856 ; 5.856 ; 5.856 ; 5.856 ;
; RWS        ; IO[14]      ; 5.932 ; 5.932 ; 5.932 ; 5.932 ;
; RWS        ; IO[15]      ; 6.159 ; 6.159 ; 6.159 ; 6.159 ;
; RWS        ; IO[16]      ; 6.048 ; 6.048 ; 6.048 ; 6.048 ;
; RWS        ; IO[17]      ; 6.213 ; 6.213 ; 6.213 ; 6.213 ;
; RWS        ; IO[18]      ; 6.028 ; 6.028 ; 6.028 ; 6.028 ;
; RWS        ; IO[19]      ; 5.932 ; 5.932 ; 5.932 ; 5.932 ;
; RWS        ; IO[20]      ; 6.223 ; 6.223 ; 6.223 ; 6.223 ;
; RWS        ; IO[21]      ; 6.013 ; 6.013 ; 6.013 ; 6.013 ;
; RWS        ; IO[22]      ; 6.223 ; 6.223 ; 6.223 ; 6.223 ;
; RWS        ; IO[23]      ; 6.013 ; 6.013 ; 6.013 ; 6.013 ;
; RWS        ; IO[24]      ; 5.732 ; 5.732 ; 5.732 ; 5.732 ;
; RWS        ; IO[25]      ; 6.213 ; 6.213 ; 6.213 ; 6.213 ;
; RWS        ; IO[26]      ; 6.092 ; 6.092 ; 6.092 ; 6.092 ;
; RWS        ; IO[27]      ; 6.149 ; 6.149 ; 6.149 ; 6.149 ;
; RWS        ; IO[28]      ; 5.953 ; 5.953 ; 5.953 ; 5.953 ;
; RWS        ; IO[29]      ; 5.944 ; 5.944 ; 5.944 ; 5.944 ;
; RWS        ; IO[30]      ; 5.924 ; 5.924 ; 5.924 ; 5.924 ;
; RWS        ; IO[31]      ; 5.932 ; 5.932 ; 5.932 ; 5.932 ;
+------------+-------------+-------+-------+-------+-------+


+----------------------------------------------------------------------------+
; Multicorner Timing Analysis Summary                                        ;
+------------------+-------+------+----------+---------+---------------------+
; Clock            ; Setup ; Hold ; Recovery ; Removal ; Minimum Pulse Width ;
+------------------+-------+------+----------+---------+---------------------+
; Worst-case Slack ; N/A   ; N/A  ; N/A      ; N/A     ; -1.380              ;
;  A[0]            ; N/A   ; N/A  ; N/A      ; N/A     ; -1.380              ;
; Design-wide TNS  ; 0.0   ; 0.0  ; 0.0      ; 0.0     ; -1025.38            ;
;  A[0]            ; N/A   ; N/A  ; N/A      ; N/A     ; -1025.380           ;
+------------------+-------+------+----------+---------+---------------------+


+-----------------------------------------------------------------------+
; Setup Times                                                           ;
+-----------+------------+-------+-------+------------+-----------------+
; Data Port ; Clock Port ; Rise  ; Fall  ; Clock Edge ; Clock Reference ;
+-----------+------------+-------+-------+------------+-----------------+
; IO[*]     ; A[0]       ; 6.194 ; 6.194 ; Rise       ; A[0]            ;
;  IO[0]    ; A[0]       ; 5.194 ; 5.194 ; Rise       ; A[0]            ;
;  IO[1]    ; A[0]       ; 4.207 ; 4.207 ; Rise       ; A[0]            ;
;  IO[2]    ; A[0]       ; 4.300 ; 4.300 ; Rise       ; A[0]            ;
;  IO[3]    ; A[0]       ; 4.418 ; 4.418 ; Rise       ; A[0]            ;
;  IO[4]    ; A[0]       ; 5.698 ; 5.698 ; Rise       ; A[0]            ;
;  IO[5]    ; A[0]       ; 4.841 ; 4.841 ; Rise       ; A[0]            ;
;  IO[6]    ; A[0]       ; 3.855 ; 3.855 ; Rise       ; A[0]            ;
;  IO[7]    ; A[0]       ; 4.330 ; 4.330 ; Rise       ; A[0]            ;
;  IO[8]    ; A[0]       ; 4.781 ; 4.781 ; Rise       ; A[0]            ;
;  IO[9]    ; A[0]       ; 4.350 ; 4.350 ; Rise       ; A[0]            ;
;  IO[10]   ; A[0]       ; 4.248 ; 4.248 ; Rise       ; A[0]            ;
;  IO[11]   ; A[0]       ; 4.241 ; 4.241 ; Rise       ; A[0]            ;
;  IO[12]   ; A[0]       ; 4.902 ; 4.902 ; Rise       ; A[0]            ;
;  IO[13]   ; A[0]       ; 4.820 ; 4.820 ; Rise       ; A[0]            ;
;  IO[14]   ; A[0]       ; 4.804 ; 4.804 ; Rise       ; A[0]            ;
;  IO[15]   ; A[0]       ; 4.369 ; 4.369 ; Rise       ; A[0]            ;
;  IO[16]   ; A[0]       ; 4.498 ; 4.498 ; Rise       ; A[0]            ;
;  IO[17]   ; A[0]       ; 4.776 ; 4.776 ; Rise       ; A[0]            ;
;  IO[18]   ; A[0]       ; 4.250 ; 4.250 ; Rise       ; A[0]            ;
;  IO[19]   ; A[0]       ; 3.768 ; 3.768 ; Rise       ; A[0]            ;
;  IO[20]   ; A[0]       ; 4.034 ; 4.034 ; Rise       ; A[0]            ;
;  IO[21]   ; A[0]       ; 4.459 ; 4.459 ; Rise       ; A[0]            ;
;  IO[22]   ; A[0]       ; 4.082 ; 4.082 ; Rise       ; A[0]            ;
;  IO[23]   ; A[0]       ; 4.547 ; 4.547 ; Rise       ; A[0]            ;
;  IO[24]   ; A[0]       ; 5.129 ; 5.129 ; Rise       ; A[0]            ;
;  IO[25]   ; A[0]       ; 4.858 ; 4.858 ; Rise       ; A[0]            ;
;  IO[26]   ; A[0]       ; 5.141 ; 5.141 ; Rise       ; A[0]            ;
;  IO[27]   ; A[0]       ; 4.217 ; 4.217 ; Rise       ; A[0]            ;
;  IO[28]   ; A[0]       ; 3.653 ; 3.653 ; Rise       ; A[0]            ;
;  IO[29]   ; A[0]       ; 3.881 ; 3.881 ; Rise       ; A[0]            ;
;  IO[30]   ; A[0]       ; 6.194 ; 6.194 ; Rise       ; A[0]            ;
;  IO[31]   ; A[0]       ; 4.494 ; 4.494 ; Rise       ; A[0]            ;
; IO[*]     ; A[0]       ; 5.767 ; 5.767 ; Fall       ; A[0]            ;
;  IO[0]    ; A[0]       ; 4.793 ; 4.793 ; Fall       ; A[0]            ;
;  IO[1]    ; A[0]       ; 4.437 ; 4.437 ; Fall       ; A[0]            ;
;  IO[2]    ; A[0]       ; 4.303 ; 4.303 ; Fall       ; A[0]            ;
;  IO[3]    ; A[0]       ; 4.244 ; 4.244 ; Fall       ; A[0]            ;
;  IO[4]    ; A[0]       ; 5.698 ; 5.698 ; Fall       ; A[0]            ;
;  IO[5]    ; A[0]       ; 5.051 ; 5.051 ; Fall       ; A[0]            ;
;  IO[6]    ; A[0]       ; 3.856 ; 3.856 ; Fall       ; A[0]            ;
;  IO[7]    ; A[0]       ; 3.985 ; 3.985 ; Fall       ; A[0]            ;
;  IO[8]    ; A[0]       ; 4.576 ; 4.576 ; Fall       ; A[0]            ;
;  IO[9]    ; A[0]       ; 4.352 ; 4.352 ; Fall       ; A[0]            ;
;  IO[10]   ; A[0]       ; 4.249 ; 4.249 ; Fall       ; A[0]            ;
;  IO[11]   ; A[0]       ; 4.183 ; 4.183 ; Fall       ; A[0]            ;
;  IO[12]   ; A[0]       ; 4.809 ; 4.809 ; Fall       ; A[0]            ;
;  IO[13]   ; A[0]       ; 4.818 ; 4.818 ; Fall       ; A[0]            ;
;  IO[14]   ; A[0]       ; 4.662 ; 4.662 ; Fall       ; A[0]            ;
;  IO[15]   ; A[0]       ; 4.368 ; 4.368 ; Fall       ; A[0]            ;
;  IO[16]   ; A[0]       ; 4.496 ; 4.496 ; Fall       ; A[0]            ;
;  IO[17]   ; A[0]       ; 5.104 ; 5.104 ; Fall       ; A[0]            ;
;  IO[18]   ; A[0]       ; 4.160 ; 4.160 ; Fall       ; A[0]            ;
;  IO[19]   ; A[0]       ; 4.027 ; 4.027 ; Fall       ; A[0]            ;
;  IO[20]   ; A[0]       ; 4.040 ; 4.040 ; Fall       ; A[0]            ;
;  IO[21]   ; A[0]       ; 5.247 ; 5.247 ; Fall       ; A[0]            ;
;  IO[22]   ; A[0]       ; 3.912 ; 3.912 ; Fall       ; A[0]            ;
;  IO[23]   ; A[0]       ; 4.144 ; 4.144 ; Fall       ; A[0]            ;
;  IO[24]   ; A[0]       ; 5.130 ; 5.130 ; Fall       ; A[0]            ;
;  IO[25]   ; A[0]       ; 4.855 ; 4.855 ; Fall       ; A[0]            ;
;  IO[26]   ; A[0]       ; 5.340 ; 5.340 ; Fall       ; A[0]            ;
;  IO[27]   ; A[0]       ; 4.689 ; 4.689 ; Fall       ; A[0]            ;
;  IO[28]   ; A[0]       ; 3.653 ; 3.653 ; Fall       ; A[0]            ;
;  IO[29]   ; A[0]       ; 4.424 ; 4.424 ; Fall       ; A[0]            ;
;  IO[30]   ; A[0]       ; 5.767 ; 5.767 ; Fall       ; A[0]            ;
;  IO[31]   ; A[0]       ; 4.403 ; 4.403 ; Fall       ; A[0]            ;
+-----------+------------+-------+-------+------------+-----------------+


+-------------------------------------------------------------------------+
; Hold Times                                                              ;
+-----------+------------+--------+--------+------------+-----------------+
; Data Port ; Clock Port ; Rise   ; Fall   ; Clock Edge ; Clock Reference ;
+-----------+------------+--------+--------+------------+-----------------+
; IO[*]     ; A[0]       ; -0.959 ; -0.959 ; Rise       ; A[0]            ;
;  IO[0]    ; A[0]       ; -1.427 ; -1.427 ; Rise       ; A[0]            ;
;  IO[1]    ; A[0]       ; -1.311 ; -1.311 ; Rise       ; A[0]            ;
;  IO[2]    ; A[0]       ; -1.259 ; -1.259 ; Rise       ; A[0]            ;
;  IO[3]    ; A[0]       ; -1.445 ; -1.445 ; Rise       ; A[0]            ;
;  IO[4]    ; A[0]       ; -1.347 ; -1.347 ; Rise       ; A[0]            ;
;  IO[5]    ; A[0]       ; -1.369 ; -1.369 ; Rise       ; A[0]            ;
;  IO[6]    ; A[0]       ; -1.235 ; -1.235 ; Rise       ; A[0]            ;
;  IO[7]    ; A[0]       ; -1.221 ; -1.221 ; Rise       ; A[0]            ;
;  IO[8]    ; A[0]       ; -1.243 ; -1.243 ; Rise       ; A[0]            ;
;  IO[9]    ; A[0]       ; -1.141 ; -1.141 ; Rise       ; A[0]            ;
;  IO[10]   ; A[0]       ; -1.505 ; -1.505 ; Rise       ; A[0]            ;
;  IO[11]   ; A[0]       ; -1.274 ; -1.274 ; Rise       ; A[0]            ;
;  IO[12]   ; A[0]       ; -1.010 ; -1.010 ; Rise       ; A[0]            ;
;  IO[13]   ; A[0]       ; -1.134 ; -1.134 ; Rise       ; A[0]            ;
;  IO[14]   ; A[0]       ; -0.959 ; -0.959 ; Rise       ; A[0]            ;
;  IO[15]   ; A[0]       ; -1.274 ; -1.274 ; Rise       ; A[0]            ;
;  IO[16]   ; A[0]       ; -1.290 ; -1.290 ; Rise       ; A[0]            ;
;  IO[17]   ; A[0]       ; -1.299 ; -1.299 ; Rise       ; A[0]            ;
;  IO[18]   ; A[0]       ; -1.161 ; -1.161 ; Rise       ; A[0]            ;
;  IO[19]   ; A[0]       ; -1.298 ; -1.298 ; Rise       ; A[0]            ;
;  IO[20]   ; A[0]       ; -1.101 ; -1.101 ; Rise       ; A[0]            ;
;  IO[21]   ; A[0]       ; -1.429 ; -1.429 ; Rise       ; A[0]            ;
;  IO[22]   ; A[0]       ; -1.100 ; -1.100 ; Rise       ; A[0]            ;
;  IO[23]   ; A[0]       ; -1.396 ; -1.396 ; Rise       ; A[0]            ;
;  IO[24]   ; A[0]       ; -1.434 ; -1.434 ; Rise       ; A[0]            ;
;  IO[25]   ; A[0]       ; -1.601 ; -1.601 ; Rise       ; A[0]            ;
;  IO[26]   ; A[0]       ; -1.297 ; -1.297 ; Rise       ; A[0]            ;
;  IO[27]   ; A[0]       ; -1.641 ; -1.641 ; Rise       ; A[0]            ;
;  IO[28]   ; A[0]       ; -1.106 ; -1.106 ; Rise       ; A[0]            ;
;  IO[29]   ; A[0]       ; -0.964 ; -0.964 ; Rise       ; A[0]            ;
;  IO[30]   ; A[0]       ; -1.172 ; -1.172 ; Rise       ; A[0]            ;
;  IO[31]   ; A[0]       ; -1.171 ; -1.171 ; Rise       ; A[0]            ;
; IO[*]     ; A[0]       ; -0.894 ; -0.894 ; Fall       ; A[0]            ;
;  IO[0]    ; A[0]       ; -1.407 ; -1.407 ; Fall       ; A[0]            ;
;  IO[1]    ; A[0]       ; -1.260 ; -1.260 ; Fall       ; A[0]            ;
;  IO[2]    ; A[0]       ; -1.183 ; -1.183 ; Fall       ; A[0]            ;
;  IO[3]    ; A[0]       ; -1.278 ; -1.278 ; Fall       ; A[0]            ;
;  IO[4]    ; A[0]       ; -1.475 ; -1.475 ; Fall       ; A[0]            ;
;  IO[5]    ; A[0]       ; -1.287 ; -1.287 ; Fall       ; A[0]            ;
;  IO[6]    ; A[0]       ; -1.218 ; -1.218 ; Fall       ; A[0]            ;
;  IO[7]    ; A[0]       ; -1.159 ; -1.159 ; Fall       ; A[0]            ;
;  IO[8]    ; A[0]       ; -1.207 ; -1.207 ; Fall       ; A[0]            ;
;  IO[9]    ; A[0]       ; -1.179 ; -1.179 ; Fall       ; A[0]            ;
;  IO[10]   ; A[0]       ; -1.437 ; -1.437 ; Fall       ; A[0]            ;
;  IO[11]   ; A[0]       ; -1.259 ; -1.259 ; Fall       ; A[0]            ;
;  IO[12]   ; A[0]       ; -1.052 ; -1.052 ; Fall       ; A[0]            ;
;  IO[13]   ; A[0]       ; -1.253 ; -1.253 ; Fall       ; A[0]            ;
;  IO[14]   ; A[0]       ; -0.943 ; -0.943 ; Fall       ; A[0]            ;
;  IO[15]   ; A[0]       ; -1.126 ; -1.126 ; Fall       ; A[0]            ;
;  IO[16]   ; A[0]       ; -1.378 ; -1.378 ; Fall       ; A[0]            ;
;  IO[17]   ; A[0]       ; -1.122 ; -1.122 ; Fall       ; A[0]            ;
;  IO[18]   ; A[0]       ; -1.222 ; -1.222 ; Fall       ; A[0]            ;
;  IO[19]   ; A[0]       ; -1.262 ; -1.262 ; Fall       ; A[0]            ;
;  IO[20]   ; A[0]       ; -0.894 ; -0.894 ; Fall       ; A[0]            ;
;  IO[21]   ; A[0]       ; -1.414 ; -1.414 ; Fall       ; A[0]            ;
;  IO[22]   ; A[0]       ; -1.261 ; -1.261 ; Fall       ; A[0]            ;
;  IO[23]   ; A[0]       ; -1.178 ; -1.178 ; Fall       ; A[0]            ;
;  IO[24]   ; A[0]       ; -1.358 ; -1.358 ; Fall       ; A[0]            ;
;  IO[25]   ; A[0]       ; -1.440 ; -1.440 ; Fall       ; A[0]            ;
;  IO[26]   ; A[0]       ; -1.097 ; -1.097 ; Fall       ; A[0]            ;
;  IO[27]   ; A[0]       ; -1.500 ; -1.500 ; Fall       ; A[0]            ;
;  IO[28]   ; A[0]       ; -1.135 ; -1.135 ; Fall       ; A[0]            ;
;  IO[29]   ; A[0]       ; -0.922 ; -0.922 ; Fall       ; A[0]            ;
;  IO[30]   ; A[0]       ; -1.243 ; -1.243 ; Fall       ; A[0]            ;
;  IO[31]   ; A[0]       ; -1.226 ; -1.226 ; Fall       ; A[0]            ;
+-----------+------------+--------+--------+------------+-----------------+


+-------------------------------------------------------------------------+
; Clock to Output Times                                                   ;
+-----------+------------+--------+--------+------------+-----------------+
; Data Port ; Clock Port ; Rise   ; Fall   ; Clock Edge ; Clock Reference ;
+-----------+------------+--------+--------+------------+-----------------+
; IO[*]     ; A[0]       ; 15.053 ; 15.053 ; Rise       ; A[0]            ;
;  IO[0]    ; A[0]       ; 12.116 ; 12.116 ; Rise       ; A[0]            ;
;  IO[1]    ; A[0]       ; 12.175 ; 12.175 ; Rise       ; A[0]            ;
;  IO[2]    ; A[0]       ; 13.338 ; 13.338 ; Rise       ; A[0]            ;
;  IO[3]    ; A[0]       ; 13.173 ; 13.173 ; Rise       ; A[0]            ;
;  IO[4]    ; A[0]       ; 13.805 ; 13.805 ; Rise       ; A[0]            ;
;  IO[5]    ; A[0]       ; 13.833 ; 13.833 ; Rise       ; A[0]            ;
;  IO[6]    ; A[0]       ; 13.080 ; 13.080 ; Rise       ; A[0]            ;
;  IO[7]    ; A[0]       ; 14.342 ; 14.342 ; Rise       ; A[0]            ;
;  IO[8]    ; A[0]       ; 12.582 ; 12.582 ; Rise       ; A[0]            ;
;  IO[9]    ; A[0]       ; 13.627 ; 13.627 ; Rise       ; A[0]            ;
;  IO[10]   ; A[0]       ; 13.864 ; 13.864 ; Rise       ; A[0]            ;
;  IO[11]   ; A[0]       ; 13.378 ; 13.378 ; Rise       ; A[0]            ;
;  IO[12]   ; A[0]       ; 13.478 ; 13.478 ; Rise       ; A[0]            ;
;  IO[13]   ; A[0]       ; 13.180 ; 13.180 ; Rise       ; A[0]            ;
;  IO[14]   ; A[0]       ; 12.768 ; 12.768 ; Rise       ; A[0]            ;
;  IO[15]   ; A[0]       ; 14.905 ; 14.905 ; Rise       ; A[0]            ;
;  IO[16]   ; A[0]       ; 15.053 ; 15.053 ; Rise       ; A[0]            ;
;  IO[17]   ; A[0]       ; 13.531 ; 13.531 ; Rise       ; A[0]            ;
;  IO[18]   ; A[0]       ; 12.376 ; 12.376 ; Rise       ; A[0]            ;
;  IO[19]   ; A[0]       ; 13.624 ; 13.624 ; Rise       ; A[0]            ;
;  IO[20]   ; A[0]       ; 13.677 ; 13.677 ; Rise       ; A[0]            ;
;  IO[21]   ; A[0]       ; 13.068 ; 13.068 ; Rise       ; A[0]            ;
;  IO[22]   ; A[0]       ; 12.762 ; 12.762 ; Rise       ; A[0]            ;
;  IO[23]   ; A[0]       ; 12.731 ; 12.731 ; Rise       ; A[0]            ;
;  IO[24]   ; A[0]       ; 13.604 ; 13.604 ; Rise       ; A[0]            ;
;  IO[25]   ; A[0]       ; 12.460 ; 12.460 ; Rise       ; A[0]            ;
;  IO[26]   ; A[0]       ; 12.864 ; 12.864 ; Rise       ; A[0]            ;
;  IO[27]   ; A[0]       ; 12.994 ; 12.994 ; Rise       ; A[0]            ;
;  IO[28]   ; A[0]       ; 11.415 ; 11.415 ; Rise       ; A[0]            ;
;  IO[29]   ; A[0]       ; 12.681 ; 12.681 ; Rise       ; A[0]            ;
;  IO[30]   ; A[0]       ; 12.464 ; 12.464 ; Rise       ; A[0]            ;
;  IO[31]   ; A[0]       ; 12.040 ; 12.040 ; Rise       ; A[0]            ;
; IO[*]     ; A[0]       ; 15.545 ; 15.545 ; Fall       ; A[0]            ;
;  IO[0]    ; A[0]       ; 12.659 ; 12.659 ; Fall       ; A[0]            ;
;  IO[1]    ; A[0]       ; 12.571 ; 12.571 ; Fall       ; A[0]            ;
;  IO[2]    ; A[0]       ; 13.224 ; 13.224 ; Fall       ; A[0]            ;
;  IO[3]    ; A[0]       ; 13.245 ; 13.245 ; Fall       ; A[0]            ;
;  IO[4]    ; A[0]       ; 13.890 ; 13.890 ; Fall       ; A[0]            ;
;  IO[5]    ; A[0]       ; 14.141 ; 14.141 ; Fall       ; A[0]            ;
;  IO[6]    ; A[0]       ; 13.116 ; 13.116 ; Fall       ; A[0]            ;
;  IO[7]    ; A[0]       ; 14.741 ; 14.741 ; Fall       ; A[0]            ;
;  IO[8]    ; A[0]       ; 13.051 ; 13.051 ; Fall       ; A[0]            ;
;  IO[9]    ; A[0]       ; 14.033 ; 14.033 ; Fall       ; A[0]            ;
;  IO[10]   ; A[0]       ; 14.123 ; 14.123 ; Fall       ; A[0]            ;
;  IO[11]   ; A[0]       ; 12.957 ; 12.957 ; Fall       ; A[0]            ;
;  IO[12]   ; A[0]       ; 13.661 ; 13.661 ; Fall       ; A[0]            ;
;  IO[13]   ; A[0]       ; 13.327 ; 13.327 ; Fall       ; A[0]            ;
;  IO[14]   ; A[0]       ; 13.139 ; 13.139 ; Fall       ; A[0]            ;
;  IO[15]   ; A[0]       ; 14.839 ; 14.839 ; Fall       ; A[0]            ;
;  IO[16]   ; A[0]       ; 15.545 ; 15.545 ; Fall       ; A[0]            ;
;  IO[17]   ; A[0]       ; 13.153 ; 13.153 ; Fall       ; A[0]            ;
;  IO[18]   ; A[0]       ; 12.497 ; 12.497 ; Fall       ; A[0]            ;
;  IO[19]   ; A[0]       ; 14.742 ; 14.742 ; Fall       ; A[0]            ;
;  IO[20]   ; A[0]       ; 14.243 ; 14.243 ; Fall       ; A[0]            ;
;  IO[21]   ; A[0]       ; 14.208 ; 14.208 ; Fall       ; A[0]            ;
;  IO[22]   ; A[0]       ; 13.983 ; 13.983 ; Fall       ; A[0]            ;
;  IO[23]   ; A[0]       ; 13.745 ; 13.745 ; Fall       ; A[0]            ;
;  IO[24]   ; A[0]       ; 13.756 ; 13.756 ; Fall       ; A[0]            ;
;  IO[25]   ; A[0]       ; 13.168 ; 13.168 ; Fall       ; A[0]            ;
;  IO[26]   ; A[0]       ; 13.270 ; 13.270 ; Fall       ; A[0]            ;
;  IO[27]   ; A[0]       ; 14.765 ; 14.765 ; Fall       ; A[0]            ;
;  IO[28]   ; A[0]       ; 11.934 ; 11.934 ; Fall       ; A[0]            ;
;  IO[29]   ; A[0]       ; 13.948 ; 13.948 ; Fall       ; A[0]            ;
;  IO[30]   ; A[0]       ; 14.047 ; 14.047 ; Fall       ; A[0]            ;
;  IO[31]   ; A[0]       ; 12.835 ; 12.835 ; Fall       ; A[0]            ;
+-----------+------------+--------+--------+------------+-----------------+


+-----------------------------------------------------------------------+
; Minimum Clock to Output Times                                         ;
+-----------+------------+-------+-------+------------+-----------------+
; Data Port ; Clock Port ; Rise  ; Fall  ; Clock Edge ; Clock Reference ;
+-----------+------------+-------+-------+------------+-----------------+
; IO[*]     ; A[0]       ; 3.487 ; 3.487 ; Rise       ; A[0]            ;
;  IO[0]    ; A[0]       ; 3.672 ; 3.672 ; Rise       ; A[0]            ;
;  IO[1]    ; A[0]       ; 4.248 ; 4.248 ; Rise       ; A[0]            ;
;  IO[2]    ; A[0]       ; 3.487 ; 3.487 ; Rise       ; A[0]            ;
;  IO[3]    ; A[0]       ; 3.751 ; 3.751 ; Rise       ; A[0]            ;
;  IO[4]    ; A[0]       ; 3.661 ; 3.661 ; Rise       ; A[0]            ;
;  IO[5]    ; A[0]       ; 4.251 ; 4.251 ; Rise       ; A[0]            ;
;  IO[6]    ; A[0]       ; 3.652 ; 3.652 ; Rise       ; A[0]            ;
;  IO[7]    ; A[0]       ; 3.526 ; 3.526 ; Rise       ; A[0]            ;
;  IO[8]    ; A[0]       ; 3.827 ; 3.827 ; Rise       ; A[0]            ;
;  IO[9]    ; A[0]       ; 4.302 ; 4.302 ; Rise       ; A[0]            ;
;  IO[10]   ; A[0]       ; 4.397 ; 4.397 ; Rise       ; A[0]            ;
;  IO[11]   ; A[0]       ; 3.682 ; 3.682 ; Rise       ; A[0]            ;
;  IO[12]   ; A[0]       ; 4.438 ; 4.438 ; Rise       ; A[0]            ;
;  IO[13]   ; A[0]       ; 3.854 ; 3.854 ; Rise       ; A[0]            ;
;  IO[14]   ; A[0]       ; 3.911 ; 3.911 ; Rise       ; A[0]            ;
;  IO[15]   ; A[0]       ; 3.979 ; 3.979 ; Rise       ; A[0]            ;
;  IO[16]   ; A[0]       ; 4.232 ; 4.232 ; Rise       ; A[0]            ;
;  IO[17]   ; A[0]       ; 3.919 ; 3.919 ; Rise       ; A[0]            ;
;  IO[18]   ; A[0]       ; 3.735 ; 3.735 ; Rise       ; A[0]            ;
;  IO[19]   ; A[0]       ; 4.648 ; 4.648 ; Rise       ; A[0]            ;
;  IO[20]   ; A[0]       ; 4.111 ; 4.111 ; Rise       ; A[0]            ;
;  IO[21]   ; A[0]       ; 3.980 ; 3.980 ; Rise       ; A[0]            ;
;  IO[22]   ; A[0]       ; 4.416 ; 4.416 ; Rise       ; A[0]            ;
;  IO[23]   ; A[0]       ; 3.603 ; 3.603 ; Rise       ; A[0]            ;
;  IO[24]   ; A[0]       ; 4.361 ; 4.361 ; Rise       ; A[0]            ;
;  IO[25]   ; A[0]       ; 4.027 ; 4.027 ; Rise       ; A[0]            ;
;  IO[26]   ; A[0]       ; 3.764 ; 3.764 ; Rise       ; A[0]            ;
;  IO[27]   ; A[0]       ; 3.819 ; 3.819 ; Rise       ; A[0]            ;
;  IO[28]   ; A[0]       ; 4.136 ; 4.136 ; Rise       ; A[0]            ;
;  IO[29]   ; A[0]       ; 4.079 ; 4.079 ; Rise       ; A[0]            ;
;  IO[30]   ; A[0]       ; 4.106 ; 4.106 ; Rise       ; A[0]            ;
;  IO[31]   ; A[0]       ; 4.805 ; 4.805 ; Rise       ; A[0]            ;
; IO[*]     ; A[0]       ; 3.487 ; 3.487 ; Fall       ; A[0]            ;
;  IO[0]    ; A[0]       ; 3.672 ; 3.672 ; Fall       ; A[0]            ;
;  IO[1]    ; A[0]       ; 4.248 ; 4.248 ; Fall       ; A[0]            ;
;  IO[2]    ; A[0]       ; 3.487 ; 3.487 ; Fall       ; A[0]            ;
;  IO[3]    ; A[0]       ; 3.751 ; 3.751 ; Fall       ; A[0]            ;
;  IO[4]    ; A[0]       ; 3.661 ; 3.661 ; Fall       ; A[0]            ;
;  IO[5]    ; A[0]       ; 4.251 ; 4.251 ; Fall       ; A[0]            ;
;  IO[6]    ; A[0]       ; 3.652 ; 3.652 ; Fall       ; A[0]            ;
;  IO[7]    ; A[0]       ; 3.526 ; 3.526 ; Fall       ; A[0]            ;
;  IO[8]    ; A[0]       ; 3.827 ; 3.827 ; Fall       ; A[0]            ;
;  IO[9]    ; A[0]       ; 4.302 ; 4.302 ; Fall       ; A[0]            ;
;  IO[10]   ; A[0]       ; 4.397 ; 4.397 ; Fall       ; A[0]            ;
;  IO[11]   ; A[0]       ; 3.682 ; 3.682 ; Fall       ; A[0]            ;
;  IO[12]   ; A[0]       ; 4.438 ; 4.438 ; Fall       ; A[0]            ;
;  IO[13]   ; A[0]       ; 3.854 ; 3.854 ; Fall       ; A[0]            ;
;  IO[14]   ; A[0]       ; 3.911 ; 3.911 ; Fall       ; A[0]            ;
;  IO[15]   ; A[0]       ; 3.979 ; 3.979 ; Fall       ; A[0]            ;
;  IO[16]   ; A[0]       ; 4.232 ; 4.232 ; Fall       ; A[0]            ;
;  IO[17]   ; A[0]       ; 3.919 ; 3.919 ; Fall       ; A[0]            ;
;  IO[18]   ; A[0]       ; 3.735 ; 3.735 ; Fall       ; A[0]            ;
;  IO[19]   ; A[0]       ; 4.648 ; 4.648 ; Fall       ; A[0]            ;
;  IO[20]   ; A[0]       ; 4.111 ; 4.111 ; Fall       ; A[0]            ;
;  IO[21]   ; A[0]       ; 3.980 ; 3.980 ; Fall       ; A[0]            ;
;  IO[22]   ; A[0]       ; 4.416 ; 4.416 ; Fall       ; A[0]            ;
;  IO[23]   ; A[0]       ; 3.603 ; 3.603 ; Fall       ; A[0]            ;
;  IO[24]   ; A[0]       ; 4.361 ; 4.361 ; Fall       ; A[0]            ;
;  IO[25]   ; A[0]       ; 4.027 ; 4.027 ; Fall       ; A[0]            ;
;  IO[26]   ; A[0]       ; 3.764 ; 3.764 ; Fall       ; A[0]            ;
;  IO[27]   ; A[0]       ; 3.819 ; 3.819 ; Fall       ; A[0]            ;
;  IO[28]   ; A[0]       ; 4.136 ; 4.136 ; Fall       ; A[0]            ;
;  IO[29]   ; A[0]       ; 4.079 ; 4.079 ; Fall       ; A[0]            ;
;  IO[30]   ; A[0]       ; 4.106 ; 4.106 ; Fall       ; A[0]            ;
;  IO[31]   ; A[0]       ; 4.805 ; 4.805 ; Fall       ; A[0]            ;
+-----------+------------+-------+-------+------------+-----------------+


+--------------------------------------------------------------+
; Progagation Delay                                            ;
+------------+-------------+--------+--------+--------+--------+
; Input Port ; Output Port ; RR     ; RF     ; FR     ; FF     ;
+------------+-------------+--------+--------+--------+--------+
; A[1]       ; IO[0]       ; 17.017 ; 17.017 ; 17.017 ; 17.017 ;
; A[1]       ; IO[1]       ; 16.999 ; 16.999 ; 16.999 ; 16.999 ;
; A[1]       ; IO[2]       ; 16.529 ; 16.529 ; 16.529 ; 16.529 ;
; A[1]       ; IO[3]       ; 16.399 ; 15.768 ; 15.768 ; 16.399 ;
; A[1]       ; IO[4]       ; 16.577 ; 16.577 ; 16.577 ; 16.577 ;
; A[1]       ; IO[5]       ; 16.648 ; 16.648 ; 16.648 ; 16.648 ;
; A[1]       ; IO[6]       ; 15.638 ; 15.638 ; 15.638 ; 15.638 ;
; A[1]       ; IO[7]       ; 17.493 ; 17.493 ; 17.493 ; 17.493 ;
; A[1]       ; IO[8]       ; 15.739 ; 15.739 ; 15.739 ; 15.739 ;
; A[1]       ; IO[9]       ; 15.966 ; 15.966 ; 15.966 ; 15.966 ;
; A[1]       ; IO[10]      ; 17.922 ; 17.922 ; 17.922 ; 17.922 ;
; A[1]       ; IO[11]      ; 16.550 ; 16.508 ; 16.508 ; 16.550 ;
; A[1]       ; IO[12]      ; 19.101 ; 19.101 ; 19.101 ; 19.101 ;
; A[1]       ; IO[13]      ; 17.558 ; 17.558 ; 17.558 ; 17.558 ;
; A[1]       ; IO[14]      ; 15.884 ; 15.884 ; 15.884 ; 15.884 ;
; A[1]       ; IO[15]      ; 16.664 ; 16.664 ; 16.664 ; 16.664 ;
; A[1]       ; IO[16]      ; 18.271 ; 18.271 ; 18.271 ; 18.271 ;
; A[1]       ; IO[17]      ; 15.958 ; 15.958 ; 15.958 ; 15.958 ;
; A[1]       ; IO[18]      ; 15.429 ; 15.429 ; 15.429 ; 15.429 ;
; A[1]       ; IO[19]      ; 18.666 ; 18.666 ; 18.666 ; 18.666 ;
; A[1]       ; IO[20]      ; 16.402 ; 16.402 ; 16.402 ; 16.402 ;
; A[1]       ; IO[21]      ; 16.981 ; 16.981 ; 16.981 ; 16.981 ;
; A[1]       ; IO[22]      ; 17.153 ; 17.153 ; 17.153 ; 17.153 ;
; A[1]       ; IO[23]      ; 15.635 ; 15.500 ; 15.500 ; 15.635 ;
; A[1]       ; IO[24]      ; 17.647 ; 17.647 ; 17.647 ; 17.647 ;
; A[1]       ; IO[25]      ; 16.545 ; 16.545 ; 16.545 ; 16.545 ;
; A[1]       ; IO[26]      ; 17.149 ; 17.149 ; 17.149 ; 17.149 ;
; A[1]       ; IO[27]      ; 17.007 ; 17.007 ; 17.007 ; 17.007 ;
; A[1]       ; IO[28]      ; 14.542 ; 14.542 ; 14.542 ; 14.542 ;
; A[1]       ; IO[29]      ; 16.142 ; 16.142 ; 16.142 ; 16.142 ;
; A[1]       ; IO[30]      ; 15.955 ; 15.955 ; 15.955 ; 15.955 ;
; A[1]       ; IO[31]      ; 16.939 ; 16.335 ; 16.335 ; 16.939 ;
; A[2]       ; IO[0]       ; 13.232 ; 11.868 ; 11.868 ; 13.232 ;
; A[2]       ; IO[1]       ; 11.590 ; 11.519 ; 11.519 ; 11.590 ;
; A[2]       ; IO[2]       ; 11.823 ; 10.140 ; 10.140 ; 11.823 ;
; A[2]       ; IO[3]       ; 12.603 ; 10.770 ; 10.770 ; 12.603 ;
; A[2]       ; IO[4]       ; 12.231 ; 11.768 ; 11.768 ; 12.231 ;
; A[2]       ; IO[5]       ; 12.077 ; 13.115 ; 13.115 ; 12.077 ;
; A[2]       ; IO[6]       ; 9.531  ; 11.302 ; 11.302 ; 9.531  ;
; A[2]       ; IO[7]       ; 12.791 ; 12.422 ; 12.422 ; 12.791 ;
; A[2]       ; IO[8]       ; 13.080 ; 9.556  ; 9.556  ; 13.080 ;
; A[2]       ; IO[9]       ; 13.073 ; 13.011 ; 13.011 ; 13.073 ;
; A[2]       ; IO[10]      ; 12.462 ; 13.553 ; 13.553 ; 12.462 ;
; A[2]       ; IO[11]      ; 12.293 ; 10.248 ; 10.248 ; 12.293 ;
; A[2]       ; IO[12]      ; 12.993 ; 14.678 ; 14.678 ; 12.993 ;
; A[2]       ; IO[13]      ; 12.195 ; 10.391 ; 10.391 ; 12.195 ;
; A[2]       ; IO[14]      ; 9.325  ; 11.305 ; 11.305 ; 9.325  ;
; A[2]       ; IO[15]      ; 12.373 ; 10.791 ; 10.791 ; 12.373 ;
; A[2]       ; IO[16]      ; 11.334 ; 12.515 ; 12.515 ; 11.334 ;
; A[2]       ; IO[17]      ; 11.863 ; 12.722 ; 12.722 ; 11.863 ;
; A[2]       ; IO[18]      ; 11.683 ; 10.540 ; 10.540 ; 11.683 ;
; A[2]       ; IO[19]      ; 11.129 ; 12.300 ; 12.300 ; 11.129 ;
; A[2]       ; IO[20]      ; 12.378 ; 11.825 ; 11.825 ; 12.378 ;
; A[2]       ; IO[21]      ; 11.886 ; 10.769 ; 10.769 ; 11.886 ;
; A[2]       ; IO[22]      ; 12.465 ; 11.091 ; 11.091 ; 12.465 ;
; A[2]       ; IO[23]      ; 11.858 ; 10.346 ; 10.346 ; 11.858 ;
; A[2]       ; IO[24]      ; 11.367 ; 12.624 ; 12.624 ; 11.367 ;
; A[2]       ; IO[25]      ; 12.109 ; 11.252 ; 11.252 ; 12.109 ;
; A[2]       ; IO[26]      ; 12.316 ; 10.357 ; 10.357 ; 12.316 ;
; A[2]       ; IO[27]      ; 11.925 ; 10.410 ; 10.410 ; 11.925 ;
; A[2]       ; IO[28]      ; 9.537  ; 11.410 ; 11.410 ; 9.537  ;
; A[2]       ; IO[29]      ; 9.702  ; 11.407 ; 11.407 ; 9.702  ;
; A[2]       ; IO[30]      ; 9.488  ; 9.793  ; 9.793  ; 9.488  ;
; A[2]       ; IO[31]      ; 10.935 ; 12.435 ; 12.435 ; 10.935 ;
; A[3]       ; IO[0]       ; 16.770 ; 17.096 ; 17.096 ; 16.770 ;
; A[3]       ; IO[1]       ; 16.977 ; 18.908 ; 18.908 ; 16.977 ;
; A[3]       ; IO[2]       ; 15.598 ; 17.121 ; 17.121 ; 15.598 ;
; A[3]       ; IO[3]       ; 16.228 ; 17.682 ; 17.682 ; 16.228 ;
; A[3]       ; IO[4]       ; 16.216 ; 16.485 ; 16.485 ; 16.216 ;
; A[3]       ; IO[5]       ; 18.573 ; 18.850 ; 18.850 ; 18.573 ;
; A[3]       ; IO[6]       ; 15.963 ; 16.867 ; 16.867 ; 15.963 ;
; A[3]       ; IO[7]       ; 17.880 ; 17.349 ; 17.349 ; 17.880 ;
; A[3]       ; IO[8]       ; 16.618 ; 17.190 ; 17.190 ; 16.618 ;
; A[3]       ; IO[9]       ; 18.469 ; 18.005 ; 18.005 ; 18.469 ;
; A[3]       ; IO[10]      ; 19.011 ; 18.356 ; 18.356 ; 19.011 ;
; A[3]       ; IO[11]      ; 15.831 ; 17.470 ; 17.470 ; 15.831 ;
; A[3]       ; IO[12]      ; 20.136 ; 17.935 ; 17.935 ; 20.136 ;
; A[3]       ; IO[13]      ; 15.733 ; 17.109 ; 17.109 ; 15.733 ;
; A[3]       ; IO[14]      ; 15.753 ; 17.569 ; 17.569 ; 15.753 ;
; A[3]       ; IO[15]      ; 15.911 ; 18.425 ; 18.425 ; 15.911 ;
; A[3]       ; IO[16]      ; 17.973 ; 18.740 ; 18.740 ; 17.973 ;
; A[3]       ; IO[17]      ; 17.170 ; 17.272 ; 17.272 ; 17.170 ;
; A[3]       ; IO[18]      ; 15.998 ; 17.169 ; 17.169 ; 15.998 ;
; A[3]       ; IO[19]      ; 16.326 ; 19.934 ; 19.934 ; 16.326 ;
; A[3]       ; IO[20]      ; 17.283 ; 17.616 ; 17.616 ; 17.283 ;
; A[3]       ; IO[21]      ; 15.730 ; 18.403 ; 18.403 ; 15.730 ;
; A[3]       ; IO[22]      ; 16.549 ; 18.273 ; 18.273 ; 16.549 ;
; A[3]       ; IO[23]      ; 15.595 ; 17.980 ; 17.980 ; 15.595 ;
; A[3]       ; IO[24]      ; 16.750 ; 20.258 ; 20.258 ; 16.750 ;
; A[3]       ; IO[25]      ; 16.710 ; 18.058 ; 18.058 ; 16.710 ;
; A[3]       ; IO[26]      ; 15.854 ; 17.991 ; 17.991 ; 15.854 ;
; A[3]       ; IO[27]      ; 15.757 ; 18.044 ; 18.044 ; 15.757 ;
; A[3]       ; IO[28]      ; 15.858 ; 18.226 ; 18.226 ; 15.858 ;
; A[3]       ; IO[29]      ; 15.872 ; 17.239 ; 17.239 ; 15.872 ;
; A[3]       ; IO[30]      ; 15.251 ; 17.378 ; 17.378 ; 15.251 ;
; A[3]       ; IO[31]      ; 16.305 ; 20.069 ; 20.069 ; 16.305 ;
; A[4]       ; IO[0]       ; 16.738 ; 16.833 ; 16.833 ; 16.738 ;
; A[4]       ; IO[1]       ; 15.096 ; 17.407 ; 17.407 ; 15.096 ;
; A[4]       ; IO[2]       ; 15.329 ; 15.620 ; 15.620 ; 15.329 ;
; A[4]       ; IO[3]       ; 16.109 ; 16.181 ; 16.181 ; 16.109 ;
; A[4]       ; IO[4]       ; 15.737 ; 16.733 ; 16.733 ; 15.737 ;
; A[4]       ; IO[5]       ; 15.583 ; 17.429 ; 17.429 ; 15.583 ;
; A[4]       ; IO[6]       ; 15.372 ; 16.267 ; 16.267 ; 15.372 ;
; A[4]       ; IO[7]       ; 16.297 ; 15.848 ; 15.848 ; 16.297 ;
; A[4]       ; IO[8]       ; 16.586 ; 15.689 ; 15.689 ; 16.586 ;
; A[4]       ; IO[9]       ; 16.579 ; 16.738 ; 16.738 ; 16.579 ;
; A[4]       ; IO[10]      ; 15.968 ; 16.855 ; 16.855 ; 15.968 ;
; A[4]       ; IO[11]      ; 15.799 ; 15.969 ; 15.969 ; 15.799 ;
; A[4]       ; IO[12]      ; 16.499 ; 16.434 ; 16.434 ; 16.499 ;
; A[4]       ; IO[13]      ; 15.701 ; 15.608 ; 15.608 ; 15.701 ;
; A[4]       ; IO[14]      ; 16.074 ; 16.270 ; 16.270 ; 16.074 ;
; A[4]       ; IO[15]      ; 15.879 ; 16.924 ; 16.924 ; 15.879 ;
; A[4]       ; IO[16]      ; 14.894 ; 17.239 ; 17.239 ; 14.894 ;
; A[4]       ; IO[17]      ; 15.369 ; 17.687 ; 17.687 ; 15.369 ;
; A[4]       ; IO[18]      ; 15.624 ; 15.668 ; 15.668 ; 15.624 ;
; A[4]       ; IO[19]      ; 15.418 ; 18.433 ; 18.433 ; 15.418 ;
; A[4]       ; IO[20]      ; 15.884 ; 16.115 ; 16.115 ; 15.884 ;
; A[4]       ; IO[21]      ; 15.392 ; 16.902 ; 16.902 ; 15.392 ;
; A[4]       ; IO[22]      ; 15.971 ; 16.772 ; 16.772 ; 15.971 ;
; A[4]       ; IO[23]      ; 15.364 ; 16.479 ; 16.479 ; 15.364 ;
; A[4]       ; IO[24]      ; 14.873 ; 18.757 ; 18.757 ; 14.873 ;
; A[4]       ; IO[25]      ; 15.615 ; 16.557 ; 16.557 ; 15.615 ;
; A[4]       ; IO[26]      ; 15.822 ; 16.490 ; 16.490 ; 15.822 ;
; A[4]       ; IO[27]      ; 15.431 ; 16.543 ; 16.543 ; 15.431 ;
; A[4]       ; IO[28]      ; 16.731 ; 16.375 ; 16.375 ; 16.731 ;
; A[4]       ; IO[29]      ; 15.744 ; 16.372 ; 16.372 ; 15.744 ;
; A[4]       ; IO[30]      ; 15.883 ; 15.361 ; 15.361 ; 15.883 ;
; A[4]       ; IO[31]      ; 14.981 ; 18.568 ; 18.568 ; 14.981 ;
; CSS        ; IO[0]       ; 11.360 ; 18.443 ; 18.443 ; 11.360 ;
; CSS        ; IO[1]       ; 10.900 ; 16.772 ; 16.772 ; 10.900 ;
; CSS        ; IO[2]       ; 11.238 ; 16.846 ; 16.846 ; 11.238 ;
; CSS        ; IO[3]       ; 10.900 ; 17.626 ; 17.626 ; 10.900 ;
; CSS        ; IO[4]       ; 10.876 ; 18.343 ; 18.343 ; 10.876 ;
; CSS        ; IO[5]       ; 10.651 ; 19.039 ; 19.039 ; 10.651 ;
; CSS        ; IO[6]       ; 11.125 ; 17.877 ; 17.877 ; 11.125 ;
; CSS        ; IO[7]       ; 11.388 ; 17.814 ; 17.814 ; 11.388 ;
; CSS        ; IO[8]       ; 10.900 ; 18.103 ; 18.103 ; 10.900 ;
; CSS        ; IO[9]       ; 11.121 ; 18.348 ; 18.348 ; 11.121 ;
; CSS        ; IO[10]      ; 11.428 ; 17.485 ; 17.485 ; 11.428 ;
; CSS        ; IO[11]      ; 11.238 ; 17.316 ; 17.316 ; 11.238 ;
; CSS        ; IO[12]      ; 11.657 ; 18.024 ; 18.024 ; 11.657 ;
; CSS        ; IO[13]      ; 10.920 ; 17.218 ; 17.218 ; 10.920 ;
; CSS        ; IO[14]      ; 11.115 ; 17.880 ; 17.880 ; 11.115 ;
; CSS        ; IO[15]      ; 11.516 ; 17.396 ; 17.396 ; 11.516 ;
; CSS        ; IO[16]      ; 11.360 ; 17.361 ; 17.361 ; 11.360 ;
; CSS        ; IO[17]      ; 11.657 ; 19.297 ; 19.297 ; 11.657 ;
; CSS        ; IO[18]      ; 11.340 ; 16.706 ; 16.706 ; 11.340 ;
; CSS        ; IO[19]      ; 11.115 ; 17.979 ; 17.979 ; 11.115 ;
; CSS        ; IO[20]      ; 11.667 ; 17.401 ; 17.401 ; 11.667 ;
; CSS        ; IO[21]      ; 11.242 ; 17.497 ; 17.497 ; 11.242 ;
; CSS        ; IO[22]      ; 11.667 ; 17.533 ; 17.533 ; 11.667 ;
; CSS        ; IO[23]      ; 11.242 ; 16.881 ; 16.881 ; 11.242 ;
; CSS        ; IO[24]      ; 10.651 ; 18.122 ; 18.122 ; 10.651 ;
; CSS        ; IO[25]      ; 11.657 ; 17.132 ; 17.132 ; 11.657 ;
; CSS        ; IO[26]      ; 11.438 ; 17.339 ; 17.339 ; 11.438 ;
; CSS        ; IO[27]      ; 11.506 ; 16.948 ; 16.948 ; 11.506 ;
; CSS        ; IO[28]      ; 11.134 ; 17.985 ; 17.985 ; 11.134 ;
; CSS        ; IO[29]      ; 11.131 ; 17.982 ; 17.982 ; 11.131 ;
; CSS        ; IO[30]      ; 11.111 ; 15.801 ; 15.801 ; 11.111 ;
; CSS        ; IO[31]      ; 11.115 ; 17.933 ; 17.933 ; 11.115 ;
; RWS        ; IO[0]       ; 18.093 ; 11.010 ; 11.010 ; 18.093 ;
; RWS        ; IO[1]       ; 16.584 ; 10.550 ; 10.550 ; 16.584 ;
; RWS        ; IO[2]       ; 16.496 ; 10.888 ; 10.888 ; 16.496 ;
; RWS        ; IO[3]       ; 17.276 ; 10.550 ; 10.550 ; 17.276 ;
; RWS        ; IO[4]       ; 17.993 ; 10.526 ; 10.526 ; 17.993 ;
; RWS        ; IO[5]       ; 18.689 ; 10.301 ; 10.301 ; 18.689 ;
; RWS        ; IO[6]       ; 17.527 ; 10.775 ; 10.775 ; 17.527 ;
; RWS        ; IO[7]       ; 17.464 ; 11.038 ; 11.038 ; 17.464 ;
; RWS        ; IO[8]       ; 17.753 ; 10.550 ; 10.550 ; 17.753 ;
; RWS        ; IO[9]       ; 17.998 ; 10.771 ; 10.771 ; 17.998 ;
; RWS        ; IO[10]      ; 17.135 ; 11.078 ; 11.078 ; 17.135 ;
; RWS        ; IO[11]      ; 16.966 ; 10.888 ; 10.888 ; 16.966 ;
; RWS        ; IO[12]      ; 17.807 ; 11.307 ; 11.307 ; 17.807 ;
; RWS        ; IO[13]      ; 16.868 ; 10.570 ; 10.570 ; 16.868 ;
; RWS        ; IO[14]      ; 17.530 ; 10.765 ; 10.765 ; 17.530 ;
; RWS        ; IO[15]      ; 17.046 ; 11.166 ; 11.166 ; 17.046 ;
; RWS        ; IO[16]      ; 17.011 ; 11.010 ; 11.010 ; 17.011 ;
; RWS        ; IO[17]      ; 18.947 ; 11.307 ; 11.307 ; 18.947 ;
; RWS        ; IO[18]      ; 16.356 ; 10.990 ; 10.990 ; 16.356 ;
; RWS        ; IO[19]      ; 17.629 ; 10.765 ; 10.765 ; 17.629 ;
; RWS        ; IO[20]      ; 17.051 ; 11.317 ; 11.317 ; 17.051 ;
; RWS        ; IO[21]      ; 17.147 ; 10.892 ; 10.892 ; 17.147 ;
; RWS        ; IO[22]      ; 17.183 ; 11.317 ; 11.317 ; 17.183 ;
; RWS        ; IO[23]      ; 16.531 ; 10.892 ; 10.892 ; 16.531 ;
; RWS        ; IO[24]      ; 17.934 ; 10.301 ; 10.301 ; 17.934 ;
; RWS        ; IO[25]      ; 16.782 ; 11.307 ; 11.307 ; 16.782 ;
; RWS        ; IO[26]      ; 16.989 ; 11.088 ; 11.088 ; 16.989 ;
; RWS        ; IO[27]      ; 16.598 ; 11.156 ; 11.156 ; 16.598 ;
; RWS        ; IO[28]      ; 17.635 ; 10.784 ; 10.784 ; 17.635 ;
; RWS        ; IO[29]      ; 17.632 ; 10.781 ; 10.781 ; 17.632 ;
; RWS        ; IO[30]      ; 15.451 ; 10.761 ; 10.761 ; 15.451 ;
; RWS        ; IO[31]      ; 17.745 ; 10.765 ; 10.765 ; 17.745 ;
+------------+-------------+--------+--------+--------+--------+


+----------------------------------------------------------+
; Minimum Progagation Delay                                ;
+------------+-------------+-------+-------+-------+-------+
; Input Port ; Output Port ; RR    ; RF    ; FR    ; FF    ;
+------------+-------------+-------+-------+-------+-------+
; A[1]       ; IO[0]       ; 7.189 ; 7.189 ; 7.189 ; 7.189 ;
; A[1]       ; IO[1]       ; 6.612 ; 6.612 ; 6.612 ; 6.612 ;
; A[1]       ; IO[2]       ; 7.069 ; 7.069 ; 7.069 ; 7.069 ;
; A[1]       ; IO[3]       ; 7.436 ; 7.488 ; 7.488 ; 7.436 ;
; A[1]       ; IO[4]       ; 6.598 ; 6.598 ; 6.598 ; 6.598 ;
; A[1]       ; IO[5]       ; 7.391 ; 7.391 ; 7.391 ; 7.391 ;
; A[1]       ; IO[6]       ; 6.429 ; 6.429 ; 6.429 ; 6.429 ;
; A[1]       ; IO[7]       ; 7.130 ; 6.627 ; 6.627 ; 7.130 ;
; A[1]       ; IO[8]       ; 7.118 ; 7.118 ; 7.118 ; 7.118 ;
; A[1]       ; IO[9]       ; 6.877 ; 6.877 ; 6.877 ; 6.877 ;
; A[1]       ; IO[10]      ; 7.109 ; 7.109 ; 7.109 ; 7.109 ;
; A[1]       ; IO[11]      ; 7.164 ; 7.164 ; 7.164 ; 7.164 ;
; A[1]       ; IO[12]      ; 7.218 ; 7.218 ; 7.218 ; 7.218 ;
; A[1]       ; IO[13]      ; 6.928 ; 6.928 ; 6.928 ; 6.928 ;
; A[1]       ; IO[14]      ; 6.567 ; 6.567 ; 6.567 ; 6.567 ;
; A[1]       ; IO[15]      ; 7.324 ; 7.322 ; 7.322 ; 7.324 ;
; A[1]       ; IO[16]      ; 6.938 ; 6.938 ; 6.938 ; 6.938 ;
; A[1]       ; IO[17]      ; 7.372 ; 7.372 ; 7.372 ; 7.372 ;
; A[1]       ; IO[18]      ; 6.893 ; 6.893 ; 6.893 ; 6.893 ;
; A[1]       ; IO[19]      ; 7.073 ; 7.629 ; 7.629 ; 7.073 ;
; A[1]       ; IO[20]      ; 7.194 ; 7.194 ; 7.194 ; 7.194 ;
; A[1]       ; IO[21]      ; 7.197 ; 7.197 ; 7.197 ; 7.197 ;
; A[1]       ; IO[22]      ; 7.424 ; 7.424 ; 7.424 ; 7.424 ;
; A[1]       ; IO[23]      ; 6.960 ; 7.154 ; 7.154 ; 6.960 ;
; A[1]       ; IO[24]      ; 7.274 ; 7.274 ; 7.274 ; 7.274 ;
; A[1]       ; IO[25]      ; 7.061 ; 7.061 ; 7.061 ; 7.061 ;
; A[1]       ; IO[26]      ; 6.977 ; 6.977 ; 6.977 ; 6.977 ;
; A[1]       ; IO[27]      ; 7.169 ; 7.565 ; 7.565 ; 7.169 ;
; A[1]       ; IO[28]      ; 6.707 ; 6.707 ; 6.707 ; 6.707 ;
; A[1]       ; IO[29]      ; 6.202 ; 6.202 ; 6.202 ; 6.202 ;
; A[1]       ; IO[30]      ; 6.606 ; 6.606 ; 6.606 ; 6.606 ;
; A[1]       ; IO[31]      ; 7.397 ; 7.084 ; 7.084 ; 7.397 ;
; A[2]       ; IO[0]       ; 3.830 ; 4.073 ; 4.073 ; 3.830 ;
; A[2]       ; IO[1]       ; 4.681 ; 4.770 ; 4.770 ; 4.681 ;
; A[2]       ; IO[2]       ; 3.603 ; 3.619 ; 3.619 ; 3.603 ;
; A[2]       ; IO[3]       ; 3.814 ; 3.834 ; 3.834 ; 3.814 ;
; A[2]       ; IO[4]       ; 4.416 ; 4.259 ; 4.259 ; 4.416 ;
; A[2]       ; IO[5]       ; 5.001 ; 5.159 ; 5.159 ; 5.001 ;
; A[2]       ; IO[6]       ; 4.482 ; 4.217 ; 4.217 ; 4.482 ;
; A[2]       ; IO[7]       ; 3.600 ; 3.734 ; 3.734 ; 3.600 ;
; A[2]       ; IO[8]       ; 4.293 ; 4.118 ; 4.118 ; 4.293 ;
; A[2]       ; IO[9]       ; 4.501 ; 4.538 ; 4.538 ; 4.501 ;
; A[2]       ; IO[10]      ; 4.719 ; 4.778 ; 4.778 ; 4.719 ;
; A[2]       ; IO[11]      ; 3.986 ; 3.991 ; 3.991 ; 3.986 ;
; A[2]       ; IO[12]      ; 4.123 ; 3.944 ; 3.944 ; 4.123 ;
; A[2]       ; IO[13]      ; 3.800 ; 4.060 ; 4.060 ; 3.800 ;
; A[2]       ; IO[14]      ; 4.347 ; 4.380 ; 4.380 ; 4.347 ;
; A[2]       ; IO[15]      ; 4.191 ; 4.388 ; 4.388 ; 4.191 ;
; A[2]       ; IO[16]      ; 4.749 ; 5.338 ; 5.338 ; 4.749 ;
; A[2]       ; IO[17]      ; 4.657 ; 4.463 ; 4.463 ; 4.657 ;
; A[2]       ; IO[18]      ; 4.183 ; 4.438 ; 4.438 ; 4.183 ;
; A[2]       ; IO[19]      ; 4.766 ; 5.022 ; 5.022 ; 4.766 ;
; A[2]       ; IO[20]      ; 4.625 ; 4.363 ; 4.363 ; 4.625 ;
; A[2]       ; IO[21]      ; 4.137 ; 4.353 ; 4.353 ; 4.137 ;
; A[2]       ; IO[22]      ; 4.752 ; 4.847 ; 4.847 ; 4.752 ;
; A[2]       ; IO[23]      ; 4.133 ; 4.209 ; 4.209 ; 4.133 ;
; A[2]       ; IO[24]      ; 4.909 ; 4.564 ; 4.564 ; 4.909 ;
; A[2]       ; IO[25]      ; 4.618 ; 4.741 ; 4.741 ; 4.618 ;
; A[2]       ; IO[26]      ; 4.659 ; 4.206 ; 4.206 ; 4.659 ;
; A[2]       ; IO[27]      ; 4.008 ; 4.297 ; 4.297 ; 4.008 ;
; A[2]       ; IO[28]      ; 4.441 ; 4.610 ; 4.610 ; 4.441 ;
; A[2]       ; IO[29]      ; 4.372 ; 4.183 ; 4.183 ; 4.372 ;
; A[2]       ; IO[30]      ; 4.280 ; 4.353 ; 4.353 ; 4.280 ;
; A[2]       ; IO[31]      ; 5.024 ; 5.136 ; 5.136 ; 5.024 ;
; A[3]       ; IO[0]       ; 7.548 ; 7.332 ; 7.332 ; 7.548 ;
; A[3]       ; IO[1]       ; 7.372 ; 7.552 ; 7.552 ; 7.372 ;
; A[3]       ; IO[2]       ; 6.544 ; 7.817 ; 7.817 ; 6.544 ;
; A[3]       ; IO[3]       ; 6.698 ; 7.449 ; 7.449 ; 6.698 ;
; A[3]       ; IO[4]       ; 7.983 ; 6.852 ; 6.852 ; 7.983 ;
; A[3]       ; IO[5]       ; 7.832 ; 7.626 ; 7.626 ; 7.832 ;
; A[3]       ; IO[6]       ; 6.763 ; 6.823 ; 6.823 ; 6.763 ;
; A[3]       ; IO[7]       ; 7.633 ; 7.008 ; 7.008 ; 7.633 ;
; A[3]       ; IO[8]       ; 6.807 ; 6.907 ; 6.907 ; 6.807 ;
; A[3]       ; IO[9]       ; 7.374 ; 7.056 ; 7.056 ; 7.374 ;
; A[3]       ; IO[10]      ; 7.410 ; 7.754 ; 7.754 ; 7.410 ;
; A[3]       ; IO[11]      ; 7.022 ; 7.828 ; 7.828 ; 7.022 ;
; A[3]       ; IO[12]      ; 6.633 ; 7.998 ; 7.998 ; 6.633 ;
; A[3]       ; IO[13]      ; 7.730 ; 7.833 ; 7.833 ; 7.730 ;
; A[3]       ; IO[14]      ; 6.693 ; 6.930 ; 6.930 ; 6.693 ;
; A[3]       ; IO[15]      ; 7.172 ; 8.148 ; 8.148 ; 7.172 ;
; A[3]       ; IO[16]      ; 7.440 ; 7.762 ; 7.762 ; 7.440 ;
; A[3]       ; IO[17]      ; 7.831 ; 7.738 ; 7.738 ; 7.831 ;
; A[3]       ; IO[18]      ; 7.278 ; 6.919 ; 6.919 ; 7.278 ;
; A[3]       ; IO[19]      ; 7.795 ; 7.782 ; 7.782 ; 7.795 ;
; A[3]       ; IO[20]      ; 7.384 ; 7.651 ; 7.651 ; 7.384 ;
; A[3]       ; IO[21]      ; 7.717 ; 8.006 ; 8.006 ; 7.717 ;
; A[3]       ; IO[22]      ; 7.537 ; 7.751 ; 7.751 ; 7.537 ;
; A[3]       ; IO[23]      ; 7.596 ; 8.003 ; 8.003 ; 7.596 ;
; A[3]       ; IO[24]      ; 7.683 ; 7.530 ; 7.530 ; 7.683 ;
; A[3]       ; IO[25]      ; 7.501 ; 7.867 ; 7.867 ; 7.501 ;
; A[3]       ; IO[26]      ; 7.118 ; 7.795 ; 7.795 ; 7.118 ;
; A[3]       ; IO[27]      ; 7.618 ; 7.796 ; 7.796 ; 7.618 ;
; A[3]       ; IO[28]      ; 6.925 ; 7.035 ; 7.035 ; 6.925 ;
; A[3]       ; IO[29]      ; 6.865 ; 6.924 ; 6.924 ; 6.865 ;
; A[3]       ; IO[30]      ; 6.708 ; 6.543 ; 6.543 ; 6.708 ;
; A[3]       ; IO[31]      ; 7.698 ; 7.634 ; 7.634 ; 7.698 ;
; A[4]       ; IO[0]       ; 6.687 ; 7.192 ; 7.192 ; 6.687 ;
; A[4]       ; IO[1]       ; 7.044 ; 7.669 ; 7.669 ; 7.044 ;
; A[4]       ; IO[2]       ; 6.684 ; 6.841 ; 6.841 ; 6.684 ;
; A[4]       ; IO[3]       ; 6.994 ; 7.004 ; 7.004 ; 6.994 ;
; A[4]       ; IO[4]       ; 6.796 ; 7.520 ; 7.520 ; 6.796 ;
; A[4]       ; IO[5]       ; 7.598 ; 7.865 ; 7.865 ; 7.598 ;
; A[4]       ; IO[6]       ; 6.635 ; 7.673 ; 7.673 ; 6.635 ;
; A[4]       ; IO[7]       ; 7.005 ; 7.216 ; 7.216 ; 7.005 ;
; A[4]       ; IO[8]       ; 6.618 ; 7.113 ; 7.113 ; 6.618 ;
; A[4]       ; IO[9]       ; 7.053 ; 7.671 ; 7.671 ; 7.053 ;
; A[4]       ; IO[10]      ; 7.751 ; 7.707 ; 7.707 ; 7.751 ;
; A[4]       ; IO[11]      ; 6.981 ; 7.328 ; 7.328 ; 6.981 ;
; A[4]       ; IO[12]      ; 7.712 ; 6.939 ; 6.939 ; 7.712 ;
; A[4]       ; IO[13]      ; 6.701 ; 7.331 ; 7.331 ; 6.701 ;
; A[4]       ; IO[14]      ; 6.481 ; 7.416 ; 7.416 ; 6.481 ;
; A[4]       ; IO[15]      ; 7.034 ; 7.478 ; 7.478 ; 7.034 ;
; A[4]       ; IO[16]      ; 7.497 ; 7.737 ; 7.737 ; 7.497 ;
; A[4]       ; IO[17]      ; 6.984 ; 7.658 ; 7.658 ; 6.984 ;
; A[4]       ; IO[18]      ; 6.916 ; 7.461 ; 7.461 ; 6.916 ;
; A[4]       ; IO[19]      ; 7.010 ; 7.841 ; 7.841 ; 7.010 ;
; A[4]       ; IO[20]      ; 7.443 ; 7.690 ; 7.690 ; 7.443 ;
; A[4]       ; IO[21]      ; 7.037 ; 7.463 ; 7.463 ; 7.037 ;
; A[4]       ; IO[22]      ; 6.953 ; 7.824 ; 7.824 ; 6.953 ;
; A[4]       ; IO[23]      ; 7.059 ; 7.477 ; 7.477 ; 7.059 ;
; A[4]       ; IO[24]      ; 7.284 ; 7.980 ; 7.980 ; 7.284 ;
; A[4]       ; IO[25]      ; 7.238 ; 7.750 ; 7.750 ; 7.238 ;
; A[4]       ; IO[26]      ; 7.023 ; 7.424 ; 7.424 ; 7.023 ;
; A[4]       ; IO[27]      ; 7.088 ; 7.530 ; 7.530 ; 7.088 ;
; A[4]       ; IO[28]      ; 6.930 ; 7.652 ; 7.652 ; 6.930 ;
; A[4]       ; IO[29]      ; 6.870 ; 7.695 ; 7.695 ; 6.870 ;
; A[4]       ; IO[30]      ; 6.540 ; 7.421 ; 7.421 ; 6.540 ;
; A[4]       ; IO[31]      ; 7.112 ; 7.886 ; 7.886 ; 7.112 ;
; CSS        ; IO[0]       ; 6.236 ; 6.236 ; 6.236 ; 6.236 ;
; CSS        ; IO[1]       ; 6.024 ; 6.024 ; 6.024 ; 6.024 ;
; CSS        ; IO[2]       ; 6.193 ; 6.193 ; 6.193 ; 6.193 ;
; CSS        ; IO[3]       ; 6.024 ; 6.024 ; 6.024 ; 6.024 ;
; CSS        ; IO[4]       ; 6.009 ; 6.009 ; 6.009 ; 6.009 ;
; CSS        ; IO[5]       ; 5.920 ; 5.920 ; 5.920 ; 5.920 ;
; CSS        ; IO[6]       ; 6.130 ; 6.130 ; 6.130 ; 6.130 ;
; CSS        ; IO[7]       ; 6.274 ; 6.274 ; 6.274 ; 6.274 ;
; CSS        ; IO[8]       ; 6.024 ; 6.024 ; 6.024 ; 6.024 ;
; CSS        ; IO[9]       ; 6.122 ; 6.122 ; 6.122 ; 6.122 ;
; CSS        ; IO[10]      ; 6.270 ; 6.270 ; 6.270 ; 6.270 ;
; CSS        ; IO[11]      ; 6.193 ; 6.193 ; 6.193 ; 6.193 ;
; CSS        ; IO[12]      ; 6.404 ; 6.404 ; 6.404 ; 6.404 ;
; CSS        ; IO[13]      ; 6.044 ; 6.044 ; 6.044 ; 6.044 ;
; CSS        ; IO[14]      ; 6.120 ; 6.120 ; 6.120 ; 6.120 ;
; CSS        ; IO[15]      ; 6.347 ; 6.347 ; 6.347 ; 6.347 ;
; CSS        ; IO[16]      ; 6.236 ; 6.236 ; 6.236 ; 6.236 ;
; CSS        ; IO[17]      ; 6.401 ; 6.401 ; 6.401 ; 6.401 ;
; CSS        ; IO[18]      ; 6.216 ; 6.216 ; 6.216 ; 6.216 ;
; CSS        ; IO[19]      ; 6.120 ; 6.120 ; 6.120 ; 6.120 ;
; CSS        ; IO[20]      ; 6.411 ; 6.411 ; 6.411 ; 6.411 ;
; CSS        ; IO[21]      ; 6.201 ; 6.201 ; 6.201 ; 6.201 ;
; CSS        ; IO[22]      ; 6.411 ; 6.411 ; 6.411 ; 6.411 ;
; CSS        ; IO[23]      ; 6.201 ; 6.201 ; 6.201 ; 6.201 ;
; CSS        ; IO[24]      ; 5.920 ; 5.920 ; 5.920 ; 5.920 ;
; CSS        ; IO[25]      ; 6.401 ; 6.401 ; 6.401 ; 6.401 ;
; CSS        ; IO[26]      ; 6.280 ; 6.280 ; 6.280 ; 6.280 ;
; CSS        ; IO[27]      ; 6.337 ; 6.337 ; 6.337 ; 6.337 ;
; CSS        ; IO[28]      ; 6.141 ; 6.141 ; 6.141 ; 6.141 ;
; CSS        ; IO[29]      ; 6.132 ; 6.132 ; 6.132 ; 6.132 ;
; CSS        ; IO[30]      ; 6.112 ; 6.112 ; 6.112 ; 6.112 ;
; CSS        ; IO[31]      ; 6.120 ; 6.120 ; 6.120 ; 6.120 ;
; RWS        ; IO[0]       ; 6.048 ; 6.048 ; 6.048 ; 6.048 ;
; RWS        ; IO[1]       ; 5.836 ; 5.836 ; 5.836 ; 5.836 ;
; RWS        ; IO[2]       ; 6.005 ; 6.005 ; 6.005 ; 6.005 ;
; RWS        ; IO[3]       ; 5.836 ; 5.836 ; 5.836 ; 5.836 ;
; RWS        ; IO[4]       ; 5.821 ; 5.821 ; 5.821 ; 5.821 ;
; RWS        ; IO[5]       ; 5.732 ; 5.732 ; 5.732 ; 5.732 ;
; RWS        ; IO[6]       ; 5.942 ; 5.942 ; 5.942 ; 5.942 ;
; RWS        ; IO[7]       ; 6.086 ; 6.086 ; 6.086 ; 6.086 ;
; RWS        ; IO[8]       ; 5.836 ; 5.836 ; 5.836 ; 5.836 ;
; RWS        ; IO[9]       ; 5.934 ; 5.934 ; 5.934 ; 5.934 ;
; RWS        ; IO[10]      ; 6.082 ; 6.082 ; 6.082 ; 6.082 ;
; RWS        ; IO[11]      ; 6.005 ; 6.005 ; 6.005 ; 6.005 ;
; RWS        ; IO[12]      ; 6.216 ; 6.216 ; 6.216 ; 6.216 ;
; RWS        ; IO[13]      ; 5.856 ; 5.856 ; 5.856 ; 5.856 ;
; RWS        ; IO[14]      ; 5.932 ; 5.932 ; 5.932 ; 5.932 ;
; RWS        ; IO[15]      ; 6.159 ; 6.159 ; 6.159 ; 6.159 ;
; RWS        ; IO[16]      ; 6.048 ; 6.048 ; 6.048 ; 6.048 ;
; RWS        ; IO[17]      ; 6.213 ; 6.213 ; 6.213 ; 6.213 ;
; RWS        ; IO[18]      ; 6.028 ; 6.028 ; 6.028 ; 6.028 ;
; RWS        ; IO[19]      ; 5.932 ; 5.932 ; 5.932 ; 5.932 ;
; RWS        ; IO[20]      ; 6.223 ; 6.223 ; 6.223 ; 6.223 ;
; RWS        ; IO[21]      ; 6.013 ; 6.013 ; 6.013 ; 6.013 ;
; RWS        ; IO[22]      ; 6.223 ; 6.223 ; 6.223 ; 6.223 ;
; RWS        ; IO[23]      ; 6.013 ; 6.013 ; 6.013 ; 6.013 ;
; RWS        ; IO[24]      ; 5.732 ; 5.732 ; 5.732 ; 5.732 ;
; RWS        ; IO[25]      ; 6.213 ; 6.213 ; 6.213 ; 6.213 ;
; RWS        ; IO[26]      ; 6.092 ; 6.092 ; 6.092 ; 6.092 ;
; RWS        ; IO[27]      ; 6.149 ; 6.149 ; 6.149 ; 6.149 ;
; RWS        ; IO[28]      ; 5.953 ; 5.953 ; 5.953 ; 5.953 ;
; RWS        ; IO[29]      ; 5.944 ; 5.944 ; 5.944 ; 5.944 ;
; RWS        ; IO[30]      ; 5.924 ; 5.924 ; 5.924 ; 5.924 ;
; RWS        ; IO[31]      ; 5.932 ; 5.932 ; 5.932 ; 5.932 ;
+------------+-------------+-------+-------+-------+-------+


-------------------
; Clock Transfers ;
-------------------
Nothing to report.


---------------
; Report TCCS ;
---------------
No dedicated SERDES Transmitter circuitry present in device or used in design


---------------
; Report RSKM ;
---------------
No dedicated SERDES Receiver circuitry present in device or used in design


+------------------------------------------------+
; Unconstrained Paths                            ;
+---------------------------------+-------+------+
; Property                        ; Setup ; Hold ;
+---------------------------------+-------+------+
; Illegal Clocks                  ; 0     ; 0    ;
; Unconstrained Clocks            ; 0     ; 0    ;
; Unconstrained Input Ports       ; 39    ; 39   ;
; Unconstrained Input Port Paths  ; 1248  ; 1248 ;
; Unconstrained Output Ports      ; 32    ; 32   ;
; Unconstrained Output Port Paths ; 1248  ; 1248 ;
+---------------------------------+-------+------+


+------------------------------------+
; TimeQuest Timing Analyzer Messages ;
+------------------------------------+
Info: *******************************************************************
Info: Running Quartus II 64-Bit TimeQuest Timing Analyzer
    Info: Version 13.0.1 Build 232 06/12/2013 Service Pack 1 SJ Web Edition
    Info: Processing started: Fri Oct 24 11:27:01 2025
Info: Command: quartus_sta ram -c ram
Info: qsta_default_script.tcl version: #1
Warning (20028): Parallel compilation is not licensed and has been disabled
Info (21077): Low junction temperature is 0 degrees C
Info (21077): High junction temperature is 85 degrees C
Critical Warning (332012): Synopsys Design Constraints File file not found: 'ram.sdc'. A Synopsys Design Constraints File is required by the TimeQuest Timing Analyzer to get proper timing constraints. Without it, the Compiler will not properly optimize the design.
Info (332142): No user constrained base clocks found in the design. Calling "derive_clocks -period 1.0"
Info (332105): Deriving Clocks
    Info (332105): create_clock -period 1.000 -name A[0] A[0]
Info: Found TIMEQUEST_REPORT_SCRIPT_INCLUDE_DEFAULT_ANALYSIS = ON
Info: Analyzing Slow Model
Info (332140): No fmax paths to report
Info (332140): No Setup paths to report
Info (332140): No Hold paths to report
Info (332140): No Recovery paths to report
Info (332140): No Removal paths to report
Critical Warning (332148): Timing requirements not met
Info (332146): Worst-case minimum pulse width slack is -1.380
    Info (332119):     Slack End Point TNS Clock 
    Info (332119): ========= ============= =====================
    Info (332119):    -1.380     -1025.380 A[0] 
Info (332001): The selected device family is not supported by the report_metastability command.
Info: Analyzing Fast Model
Info (332140): No Setup paths to report
Info (332140): No Hold paths to report
Info (332140): No Recovery paths to report
Info (332140): No Removal paths to report
Critical Warning (332148): Timing requirements not met
Info (332146): Worst-case minimum pulse width slack is -1.380
    Info (332119):     Slack End Point TNS Clock 
    Info (332119): ========= ============= =====================
    Info (332119):    -1.380     -1025.380 A[0] 
Info (332001): The selected device family is not supported by the report_metastability command.
Info (332102): Design is not fully constrained for setup requirements
Info (332102): Design is not fully constrained for hold requirements
Info: Quartus II 64-Bit TimeQuest Timing Analyzer was successful. 0 errors, 4 warnings
    Info: Peak virtual memory: 4585 megabytes
    Info: Processing ended: Fri Oct 24 11:27:01 2025
    Info: Elapsed time: 00:00:00
    Info: Total CPU time (on all processors): 00:00:01


