Simulator report for ram
Fri Oct 24 11:28:40 2025
Quartus II 64-Bit Version 13.0.1 Build 232 06/12/2013 Service Pack 1 SJ Web Edition


---------------------
; Table of Contents ;
---------------------
  1. Legal Notice
  2. Simulator Summary
  3. Simulator Settings
  4. Simulation Waveforms
  5. Coverage Summary
  6. Complete 1/0-Value Coverage
  7. Missing 1-Value Coverage
  8. Missing 0-Value Coverage
  9. Simulator INI Usage
 10. Simulator Messages



----------------
; Legal Notice ;
----------------
Copyright (C) 1991-2013 Altera Corporation
Your use of Altera Corporation's design tools, logic functions 
and other software and tools, and its AMPP partner logic 
functions, and any output files from any of the foregoing 
(including device programming or simulation files), and any 
associated documentation or information are expressly subject 
to the terms and conditions of the Altera Program License 
Subscription Agreement, Altera MegaCore Function License 
Agreement, or other applicable license agreement, including, 
without limitation, that your use is for the sole purpose of 
programming logic devices manufactured by Altera and sold by 
Altera or its authorized distributors.  Please refer to the 
applicable agreement for further details.



+--------------------------------------------+
; Simulator Summary                          ;
+-----------------------------+--------------+
; Type                        ; Value        ;
+-----------------------------+--------------+
; Simulation Start Time       ; 0 ps         ;
; Simulation End Time         ; 1.0 us       ;
; Simulation Netlist Size     ; 4055 nodes   ;
; Simulation Coverage         ;      11.23 % ;
; Total Number of Transitions ; 6784         ;
; Simulation Breakpoints      ; 0            ;
; Family                      ; Cyclone II   ;
+-----------------------------+--------------+


+----------------------------------------------------------------------------------------------------------------------------------------------------------------+
; Simulator Settings                                                                                                                                             ;
+--------------------------------------------------------------------------------------------+---------------------------------------------------+---------------+
; Option                                                                                     ; Setting                                           ; Default Value ;
+--------------------------------------------------------------------------------------------+---------------------------------------------------+---------------+
; Simulation mode                                                                            ; Functional                                        ; Timing        ;
; Start time                                                                                 ; 0 ns                                              ; 0 ns          ;
; Simulation results format                                                                  ; VWF                                               ;               ;
; Vector input source                                                                        ; D:/E/1subject/HK5/lls/thuchanh/btvn1010/ramwf.vwf ;               ;
; Add pins automatically to simulation output waveforms                                      ; On                                                ; On            ;
; Check outputs                                                                              ; Off                                               ; Off           ;
; Report simulation coverage                                                                 ; On                                                ; On            ;
; Display complete 1/0 value coverage report                                                 ; On                                                ; On            ;
; Display missing 1-value coverage report                                                    ; On                                                ; On            ;
; Display missing 0-value coverage report                                                    ; On                                                ; On            ;
; Detect setup and hold time violations                                                      ; Off                                               ; Off           ;
; Detect glitches                                                                            ; Off                                               ; Off           ;
; Disable timing delays in Timing Simulation                                                 ; Off                                               ; Off           ;
; Generate Signal Activity File                                                              ; Off                                               ; Off           ;
; Generate VCD File for PowerPlay Power Analyzer                                             ; Off                                               ; Off           ;
; Group bus channels in simulation results                                                   ; Off                                               ; Off           ;
; Preserve fewer signal transitions to reduce memory requirements                            ; On                                                ; On            ;
; Trigger vector comparison with the specified mode                                          ; INPUT_EDGE                                        ; INPUT_EDGE    ;
; Disable setup and hold time violations detection in input registers of bi-directional pins ; Off                                               ; Off           ;
; Overwrite Waveform Inputs With Simulation Outputs                                          ; Off                                               ;               ;
; Perform Glitch Filtering in Timing Simulation                                              ; Auto                                              ; Auto          ;
+--------------------------------------------------------------------------------------------+---------------------------------------------------+---------------+


+----------------------+
; Simulation Waveforms ;
+----------------------+
Waveform report data cannot be output to ASCII.
Please use Quartus II 64-Bit to view the waveform report data.


+--------------------------------------------------------------------+
; Coverage Summary                                                   ;
+-----------------------------------------------------+--------------+
; Type                                                ; Value        ;
+-----------------------------------------------------+--------------+
; Total coverage as a percentage                      ;      11.23 % ;
; Total nodes checked                                 ; 4055         ;
; Total output ports checked                          ; 4087         ;
; Total output ports with complete 1/0-value coverage ; 459          ;
; Total output ports with no 1/0-value coverage       ; 2796         ;
; Total output ports with no 1-value coverage         ; 3564         ;
; Total output ports with no 0-value coverage         ; 2860         ;
+-----------------------------------------------------+--------------+


The following table displays output ports that toggle between 1 and 0 during simulation.
+----------------------------------------------------------------------------------------------------------------------------------------+
; Complete 1/0-Value Coverage                                                                                                            ;
+----------------------------------------------------------+----------------------------------------------------------+------------------+
; Node Name                                                ; Output Port Name                                         ; Output Port Type ;
+----------------------------------------------------------+----------------------------------------------------------+------------------+
; |ram|IO[31]                                              ; |ram|IO[31]                                              ; out              ;
; |ram|IO[31]                                              ; |ram|IO[31]~result                                       ; pin_out          ;
; |ram|IO[30]                                              ; |ram|IO[30]                                              ; out              ;
; |ram|IO[30]                                              ; |ram|IO[30]~result                                       ; pin_out          ;
; |ram|IO[29]                                              ; |ram|IO[29]                                              ; out              ;
; |ram|IO[29]                                              ; |ram|IO[29]~result                                       ; pin_out          ;
; |ram|IO[28]                                              ; |ram|IO[28]                                              ; out              ;
; |ram|IO[28]                                              ; |ram|IO[28]~result                                       ; pin_out          ;
; |ram|IO[27]                                              ; |ram|IO[27]                                              ; out              ;
; |ram|IO[27]                                              ; |ram|IO[27]~result                                       ; pin_out          ;
; |ram|IO[26]                                              ; |ram|IO[26]                                              ; out              ;
; |ram|IO[26]                                              ; |ram|IO[26]~result                                       ; pin_out          ;
; |ram|IO[25]                                              ; |ram|IO[25]                                              ; out              ;
; |ram|IO[25]                                              ; |ram|IO[25]~result                                       ; pin_out          ;
; |ram|IO[24]                                              ; |ram|IO[24]                                              ; out              ;
; |ram|IO[24]                                              ; |ram|IO[24]~result                                       ; pin_out          ;
; |ram|IO[23]                                              ; |ram|IO[23]                                              ; out              ;
; |ram|IO[23]                                              ; |ram|IO[23]~result                                       ; pin_out          ;
; |ram|IO[22]                                              ; |ram|IO[22]                                              ; out              ;
; |ram|IO[22]                                              ; |ram|IO[22]~result                                       ; pin_out          ;
; |ram|IO[21]                                              ; |ram|IO[21]                                              ; out              ;
; |ram|IO[21]                                              ; |ram|IO[21]~result                                       ; pin_out          ;
; |ram|IO[20]                                              ; |ram|IO[20]                                              ; out              ;
; |ram|IO[20]                                              ; |ram|IO[20]~result                                       ; pin_out          ;
; |ram|IO[19]                                              ; |ram|IO[19]                                              ; out              ;
; |ram|IO[19]                                              ; |ram|IO[19]~result                                       ; pin_out          ;
; |ram|IO[18]                                              ; |ram|IO[18]                                              ; out              ;
; |ram|IO[18]                                              ; |ram|IO[18]~result                                       ; pin_out          ;
; |ram|IO[17]                                              ; |ram|IO[17]                                              ; out              ;
; |ram|IO[17]                                              ; |ram|IO[17]~result                                       ; pin_out          ;
; |ram|IO[16]                                              ; |ram|IO[16]                                              ; out              ;
; |ram|IO[16]                                              ; |ram|IO[16]~result                                       ; pin_out          ;
; |ram|IO[15]                                              ; |ram|IO[15]                                              ; out              ;
; |ram|IO[15]                                              ; |ram|IO[15]~result                                       ; pin_out          ;
; |ram|IO[14]                                              ; |ram|IO[14]                                              ; out              ;
; |ram|IO[14]                                              ; |ram|IO[14]~result                                       ; pin_out          ;
; |ram|IO[13]                                              ; |ram|IO[13]                                              ; out              ;
; |ram|IO[13]                                              ; |ram|IO[13]~result                                       ; pin_out          ;
; |ram|IO[12]                                              ; |ram|IO[12]                                              ; out              ;
; |ram|IO[12]                                              ; |ram|IO[12]~result                                       ; pin_out          ;
; |ram|IO[11]                                              ; |ram|IO[11]                                              ; out              ;
; |ram|IO[11]                                              ; |ram|IO[11]~result                                       ; pin_out          ;
; |ram|IO[10]                                              ; |ram|IO[10]                                              ; out              ;
; |ram|IO[10]                                              ; |ram|IO[10]~result                                       ; pin_out          ;
; |ram|IO[9]                                               ; |ram|IO[9]                                               ; out              ;
; |ram|IO[9]                                               ; |ram|IO[9]~result                                        ; pin_out          ;
; |ram|IO[8]                                               ; |ram|IO[8]                                               ; out              ;
; |ram|IO[8]                                               ; |ram|IO[8]~result                                        ; pin_out          ;
; |ram|IO[7]                                               ; |ram|IO[7]                                               ; out              ;
; |ram|IO[7]                                               ; |ram|IO[7]~result                                        ; pin_out          ;
; |ram|IO[6]                                               ; |ram|IO[6]                                               ; out              ;
; |ram|IO[6]                                               ; |ram|IO[6]~result                                        ; pin_out          ;
; |ram|IO[5]                                               ; |ram|IO[5]                                               ; out              ;
; |ram|IO[5]                                               ; |ram|IO[5]~result                                        ; pin_out          ;
; |ram|IO[4]                                               ; |ram|IO[4]                                               ; out              ;
; |ram|IO[4]                                               ; |ram|IO[4]~result                                        ; pin_out          ;
; |ram|IO[3]                                               ; |ram|IO[3]                                               ; out              ;
; |ram|IO[3]                                               ; |ram|IO[3]~result                                        ; pin_out          ;
; |ram|IO[2]                                               ; |ram|IO[2]                                               ; out              ;
; |ram|IO[2]                                               ; |ram|IO[2]~result                                        ; pin_out          ;
; |ram|IO[1]                                               ; |ram|IO[1]                                               ; out              ;
; |ram|IO[1]                                               ; |ram|IO[1]~result                                        ; pin_out          ;
; |ram|IO[0]                                               ; |ram|IO[0]                                               ; out              ;
; |ram|IO[0]                                               ; |ram|IO[0]~result                                        ; pin_out          ;
; |ram|IO~0                                                ; |ram|IO~0                                                ; out0             ;
; |ram|IO~1                                                ; |ram|IO~1                                                ; out0             ;
; |ram|IO~2                                                ; |ram|IO~2                                                ; out0             ;
; |ram|IO~3                                                ; |ram|IO~3                                                ; out0             ;
; |ram|IO~4                                                ; |ram|IO~4                                                ; out0             ;
; |ram|IO~5                                                ; |ram|IO~5                                                ; out0             ;
; |ram|IO~6                                                ; |ram|IO~6                                                ; out0             ;
; |ram|IO~7                                                ; |ram|IO~7                                                ; out0             ;
; |ram|IO~8                                                ; |ram|IO~8                                                ; out0             ;
; |ram|IO~9                                                ; |ram|IO~9                                                ; out0             ;
; |ram|IO~10                                               ; |ram|IO~10                                               ; out0             ;
; |ram|IO~11                                               ; |ram|IO~11                                               ; out0             ;
; |ram|IO~12                                               ; |ram|IO~12                                               ; out0             ;
; |ram|IO~13                                               ; |ram|IO~13                                               ; out0             ;
; |ram|IO~14                                               ; |ram|IO~14                                               ; out0             ;
; |ram|IO~15                                               ; |ram|IO~15                                               ; out0             ;
; |ram|IO~16                                               ; |ram|IO~16                                               ; out0             ;
; |ram|IO~17                                               ; |ram|IO~17                                               ; out0             ;
; |ram|IO~18                                               ; |ram|IO~18                                               ; out0             ;
; |ram|IO~19                                               ; |ram|IO~19                                               ; out0             ;
; |ram|IO~20                                               ; |ram|IO~20                                               ; out0             ;
; |ram|IO~21                                               ; |ram|IO~21                                               ; out0             ;
; |ram|IO~22                                               ; |ram|IO~22                                               ; out0             ;
; |ram|IO~23                                               ; |ram|IO~23                                               ; out0             ;
; |ram|IO~24                                               ; |ram|IO~24                                               ; out0             ;
; |ram|IO~25                                               ; |ram|IO~25                                               ; out0             ;
; |ram|IO~26                                               ; |ram|IO~26                                               ; out0             ;
; |ram|IO~27                                               ; |ram|IO~27                                               ; out0             ;
; |ram|IO~28                                               ; |ram|IO~28                                               ; out0             ;
; |ram|IO~29                                               ; |ram|IO~29                                               ; out0             ;
; |ram|IO~30                                               ; |ram|IO~30                                               ; out0             ;
; |ram|IO~31                                               ; |ram|IO~31                                               ; out0             ;
; |ram|RWS                                                 ; |ram|RWS                                                 ; out              ;
; |ram|CSS                                                 ; |ram|CSS                                                 ; out              ;
; |ram|A[2]                                                ; |ram|A[2]                                                ; out              ;
; |ram|A[1]                                                ; |ram|A[1]                                                ; out              ;
; |ram|A[0]                                                ; |ram|A[0]                                                ; out              ;
; |ram|4x32ram:inst7|4x4ram:inst8|IN~0                     ; |ram|4x32ram:inst7|4x4ram:inst8|IN~0                     ; out0             ;
; |ram|4x32ram:inst7|4x4ram:inst8|inst17                   ; |ram|4x32ram:inst7|4x4ram:inst8|inst17                   ; out0             ;
; |ram|4x32ram:inst7|4x4ram:inst8|inst18                   ; |ram|4x32ram:inst7|4x4ram:inst8|inst18                   ; out0             ;
; |ram|4x32ram:inst7|4x4ram:inst8|IN~1                     ; |ram|4x32ram:inst7|4x4ram:inst8|IN~1                     ; out0             ;
; |ram|4x32ram:inst7|4x4ram:inst8|IN~2                     ; |ram|4x32ram:inst7|4x4ram:inst8|IN~2                     ; out0             ;
; |ram|4x32ram:inst7|4x4ram:inst8|IN~3                     ; |ram|4x32ram:inst7|4x4ram:inst8|IN~3                     ; out0             ;
; |ram|4x32ram:inst7|4x4ram:inst8|memory_cell:inst5|inst3  ; |ram|4x32ram:inst7|4x4ram:inst8|memory_cell:inst5|inst3  ; out              ;
; |ram|4x32ram:inst7|4x4ram:inst8|memory_cell:inst5|inst4  ; |ram|4x32ram:inst7|4x4ram:inst8|memory_cell:inst5|inst4  ; out0             ;
; |ram|4x32ram:inst7|4x4ram:inst8|memory_cell:inst14|inst3 ; |ram|4x32ram:inst7|4x4ram:inst8|memory_cell:inst14|inst3 ; out              ;
; |ram|4x32ram:inst7|4x4ram:inst8|memory_cell:inst14|inst4 ; |ram|4x32ram:inst7|4x4ram:inst8|memory_cell:inst14|inst4 ; out0             ;
; |ram|4x32ram:inst7|4x4ram:inst8|memory_cell:inst13|inst3 ; |ram|4x32ram:inst7|4x4ram:inst8|memory_cell:inst13|inst3 ; out              ;
; |ram|4x32ram:inst7|4x4ram:inst8|memory_cell:inst13|inst4 ; |ram|4x32ram:inst7|4x4ram:inst8|memory_cell:inst13|inst4 ; out0             ;
; |ram|4x32ram:inst7|4x4ram:inst8|memory_cell:inst6|inst3  ; |ram|4x32ram:inst7|4x4ram:inst8|memory_cell:inst6|inst3  ; out              ;
; |ram|4x32ram:inst7|4x4ram:inst8|memory_cell:inst6|inst4  ; |ram|4x32ram:inst7|4x4ram:inst8|memory_cell:inst6|inst4  ; out0             ;
; |ram|4x32ram:inst7|4x4ram:inst8|24decoder:inst|inst2     ; |ram|4x32ram:inst7|4x4ram:inst8|24decoder:inst|inst2     ; out0             ;
; |ram|4x32ram:inst7|4x4ram:inst8|24decoder:inst|inst4     ; |ram|4x32ram:inst7|4x4ram:inst8|24decoder:inst|inst4     ; out0             ;
; |ram|4x32ram:inst7|4x4ram:inst8|24decoder:inst|inst5     ; |ram|4x32ram:inst7|4x4ram:inst8|24decoder:inst|inst5     ; out0             ;
; |ram|4x32ram:inst7|4x4ram:inst7|IN~0                     ; |ram|4x32ram:inst7|4x4ram:inst7|IN~0                     ; out0             ;
; |ram|4x32ram:inst7|4x4ram:inst7|inst17                   ; |ram|4x32ram:inst7|4x4ram:inst7|inst17                   ; out0             ;
; |ram|4x32ram:inst7|4x4ram:inst7|inst18                   ; |ram|4x32ram:inst7|4x4ram:inst7|inst18                   ; out0             ;
; |ram|4x32ram:inst7|4x4ram:inst7|IN~1                     ; |ram|4x32ram:inst7|4x4ram:inst7|IN~1                     ; out0             ;
; |ram|4x32ram:inst7|4x4ram:inst7|IN~2                     ; |ram|4x32ram:inst7|4x4ram:inst7|IN~2                     ; out0             ;
; |ram|4x32ram:inst7|4x4ram:inst7|IN~3                     ; |ram|4x32ram:inst7|4x4ram:inst7|IN~3                     ; out0             ;
; |ram|4x32ram:inst7|4x4ram:inst7|memory_cell:inst5|inst3  ; |ram|4x32ram:inst7|4x4ram:inst7|memory_cell:inst5|inst3  ; out              ;
; |ram|4x32ram:inst7|4x4ram:inst7|memory_cell:inst5|inst4  ; |ram|4x32ram:inst7|4x4ram:inst7|memory_cell:inst5|inst4  ; out0             ;
; |ram|4x32ram:inst7|4x4ram:inst7|memory_cell:inst14|inst3 ; |ram|4x32ram:inst7|4x4ram:inst7|memory_cell:inst14|inst3 ; out              ;
; |ram|4x32ram:inst7|4x4ram:inst7|memory_cell:inst14|inst4 ; |ram|4x32ram:inst7|4x4ram:inst7|memory_cell:inst14|inst4 ; out0             ;
; |ram|4x32ram:inst7|4x4ram:inst7|memory_cell:inst13|inst3 ; |ram|4x32ram:inst7|4x4ram:inst7|memory_cell:inst13|inst3 ; out              ;
; |ram|4x32ram:inst7|4x4ram:inst7|memory_cell:inst13|inst4 ; |ram|4x32ram:inst7|4x4ram:inst7|memory_cell:inst13|inst4 ; out0             ;
; |ram|4x32ram:inst7|4x4ram:inst7|memory_cell:inst6|inst3  ; |ram|4x32ram:inst7|4x4ram:inst7|memory_cell:inst6|inst3  ; out              ;
; |ram|4x32ram:inst7|4x4ram:inst7|memory_cell:inst6|inst4  ; |ram|4x32ram:inst7|4x4ram:inst7|memory_cell:inst6|inst4  ; out0             ;
; |ram|4x32ram:inst7|4x4ram:inst7|24decoder:inst|inst2     ; |ram|4x32ram:inst7|4x4ram:inst7|24decoder:inst|inst2     ; out0             ;
; |ram|4x32ram:inst7|4x4ram:inst7|24decoder:inst|inst4     ; |ram|4x32ram:inst7|4x4ram:inst7|24decoder:inst|inst4     ; out0             ;
; |ram|4x32ram:inst7|4x4ram:inst7|24decoder:inst|inst5     ; |ram|4x32ram:inst7|4x4ram:inst7|24decoder:inst|inst5     ; out0             ;
; |ram|4x32ram:inst7|4x4ram:inst6|IN~0                     ; |ram|4x32ram:inst7|4x4ram:inst6|IN~0                     ; out0             ;
; |ram|4x32ram:inst7|4x4ram:inst6|inst17                   ; |ram|4x32ram:inst7|4x4ram:inst6|inst17                   ; out0             ;
; |ram|4x32ram:inst7|4x4ram:inst6|inst18                   ; |ram|4x32ram:inst7|4x4ram:inst6|inst18                   ; out0             ;
; |ram|4x32ram:inst7|4x4ram:inst6|IN~1                     ; |ram|4x32ram:inst7|4x4ram:inst6|IN~1                     ; out0             ;
; |ram|4x32ram:inst7|4x4ram:inst6|IN~2                     ; |ram|4x32ram:inst7|4x4ram:inst6|IN~2                     ; out0             ;
; |ram|4x32ram:inst7|4x4ram:inst6|IN~3                     ; |ram|4x32ram:inst7|4x4ram:inst6|IN~3                     ; out0             ;
; |ram|4x32ram:inst7|4x4ram:inst6|memory_cell:inst5|inst3  ; |ram|4x32ram:inst7|4x4ram:inst6|memory_cell:inst5|inst3  ; out              ;
; |ram|4x32ram:inst7|4x4ram:inst6|memory_cell:inst5|inst4  ; |ram|4x32ram:inst7|4x4ram:inst6|memory_cell:inst5|inst4  ; out0             ;
; |ram|4x32ram:inst7|4x4ram:inst6|memory_cell:inst14|inst3 ; |ram|4x32ram:inst7|4x4ram:inst6|memory_cell:inst14|inst3 ; out              ;
; |ram|4x32ram:inst7|4x4ram:inst6|memory_cell:inst14|inst4 ; |ram|4x32ram:inst7|4x4ram:inst6|memory_cell:inst14|inst4 ; out0             ;
; |ram|4x32ram:inst7|4x4ram:inst6|memory_cell:inst13|inst3 ; |ram|4x32ram:inst7|4x4ram:inst6|memory_cell:inst13|inst3 ; out              ;
; |ram|4x32ram:inst7|4x4ram:inst6|memory_cell:inst13|inst4 ; |ram|4x32ram:inst7|4x4ram:inst6|memory_cell:inst13|inst4 ; out0             ;
; |ram|4x32ram:inst7|4x4ram:inst6|memory_cell:inst6|inst3  ; |ram|4x32ram:inst7|4x4ram:inst6|memory_cell:inst6|inst3  ; out              ;
; |ram|4x32ram:inst7|4x4ram:inst6|memory_cell:inst6|inst4  ; |ram|4x32ram:inst7|4x4ram:inst6|memory_cell:inst6|inst4  ; out0             ;
; |ram|4x32ram:inst7|4x4ram:inst6|24decoder:inst|inst2     ; |ram|4x32ram:inst7|4x4ram:inst6|24decoder:inst|inst2     ; out0             ;
; |ram|4x32ram:inst7|4x4ram:inst6|24decoder:inst|inst4     ; |ram|4x32ram:inst7|4x4ram:inst6|24decoder:inst|inst4     ; out0             ;
; |ram|4x32ram:inst7|4x4ram:inst6|24decoder:inst|inst5     ; |ram|4x32ram:inst7|4x4ram:inst6|24decoder:inst|inst5     ; out0             ;
; |ram|4x32ram:inst7|4x4ram:inst5|IN~0                     ; |ram|4x32ram:inst7|4x4ram:inst5|IN~0                     ; out0             ;
; |ram|4x32ram:inst7|4x4ram:inst5|inst17                   ; |ram|4x32ram:inst7|4x4ram:inst5|inst17                   ; out0             ;
; |ram|4x32ram:inst7|4x4ram:inst5|inst18                   ; |ram|4x32ram:inst7|4x4ram:inst5|inst18                   ; out0             ;
; |ram|4x32ram:inst7|4x4ram:inst5|IN~1                     ; |ram|4x32ram:inst7|4x4ram:inst5|IN~1                     ; out0             ;
; |ram|4x32ram:inst7|4x4ram:inst5|IN~2                     ; |ram|4x32ram:inst7|4x4ram:inst5|IN~2                     ; out0             ;
; |ram|4x32ram:inst7|4x4ram:inst5|IN~3                     ; |ram|4x32ram:inst7|4x4ram:inst5|IN~3                     ; out0             ;
; |ram|4x32ram:inst7|4x4ram:inst5|memory_cell:inst5|inst3  ; |ram|4x32ram:inst7|4x4ram:inst5|memory_cell:inst5|inst3  ; out              ;
; |ram|4x32ram:inst7|4x4ram:inst5|memory_cell:inst5|inst4  ; |ram|4x32ram:inst7|4x4ram:inst5|memory_cell:inst5|inst4  ; out0             ;
; |ram|4x32ram:inst7|4x4ram:inst5|memory_cell:inst14|inst3 ; |ram|4x32ram:inst7|4x4ram:inst5|memory_cell:inst14|inst3 ; out              ;
; |ram|4x32ram:inst7|4x4ram:inst5|memory_cell:inst14|inst4 ; |ram|4x32ram:inst7|4x4ram:inst5|memory_cell:inst14|inst4 ; out0             ;
; |ram|4x32ram:inst7|4x4ram:inst5|memory_cell:inst13|inst3 ; |ram|4x32ram:inst7|4x4ram:inst5|memory_cell:inst13|inst3 ; out              ;
; |ram|4x32ram:inst7|4x4ram:inst5|memory_cell:inst13|inst4 ; |ram|4x32ram:inst7|4x4ram:inst5|memory_cell:inst13|inst4 ; out0             ;
; |ram|4x32ram:inst7|4x4ram:inst5|memory_cell:inst6|inst3  ; |ram|4x32ram:inst7|4x4ram:inst5|memory_cell:inst6|inst3  ; out              ;
; |ram|4x32ram:inst7|4x4ram:inst5|memory_cell:inst6|inst4  ; |ram|4x32ram:inst7|4x4ram:inst5|memory_cell:inst6|inst4  ; out0             ;
; |ram|4x32ram:inst7|4x4ram:inst5|24decoder:inst|inst2     ; |ram|4x32ram:inst7|4x4ram:inst5|24decoder:inst|inst2     ; out0             ;
; |ram|4x32ram:inst7|4x4ram:inst5|24decoder:inst|inst4     ; |ram|4x32ram:inst7|4x4ram:inst5|24decoder:inst|inst4     ; out0             ;
; |ram|4x32ram:inst7|4x4ram:inst5|24decoder:inst|inst5     ; |ram|4x32ram:inst7|4x4ram:inst5|24decoder:inst|inst5     ; out0             ;
; |ram|4x32ram:inst7|4x4ram:inst4|IN~0                     ; |ram|4x32ram:inst7|4x4ram:inst4|IN~0                     ; out0             ;
; |ram|4x32ram:inst7|4x4ram:inst4|inst17                   ; |ram|4x32ram:inst7|4x4ram:inst4|inst17                   ; out0             ;
; |ram|4x32ram:inst7|4x4ram:inst4|inst18                   ; |ram|4x32ram:inst7|4x4ram:inst4|inst18                   ; out0             ;
; |ram|4x32ram:inst7|4x4ram:inst4|IN~1                     ; |ram|4x32ram:inst7|4x4ram:inst4|IN~1                     ; out0             ;
; |ram|4x32ram:inst7|4x4ram:inst4|IN~2                     ; |ram|4x32ram:inst7|4x4ram:inst4|IN~2                     ; out0             ;
; |ram|4x32ram:inst7|4x4ram:inst4|IN~3                     ; |ram|4x32ram:inst7|4x4ram:inst4|IN~3                     ; out0             ;
; |ram|4x32ram:inst7|4x4ram:inst4|memory_cell:inst5|inst3  ; |ram|4x32ram:inst7|4x4ram:inst4|memory_cell:inst5|inst3  ; out              ;
; |ram|4x32ram:inst7|4x4ram:inst4|memory_cell:inst5|inst4  ; |ram|4x32ram:inst7|4x4ram:inst4|memory_cell:inst5|inst4  ; out0             ;
; |ram|4x32ram:inst7|4x4ram:inst4|memory_cell:inst14|inst3 ; |ram|4x32ram:inst7|4x4ram:inst4|memory_cell:inst14|inst3 ; out              ;
; |ram|4x32ram:inst7|4x4ram:inst4|memory_cell:inst14|inst4 ; |ram|4x32ram:inst7|4x4ram:inst4|memory_cell:inst14|inst4 ; out0             ;
; |ram|4x32ram:inst7|4x4ram:inst4|memory_cell:inst13|inst3 ; |ram|4x32ram:inst7|4x4ram:inst4|memory_cell:inst13|inst3 ; out              ;
; |ram|4x32ram:inst7|4x4ram:inst4|memory_cell:inst13|inst4 ; |ram|4x32ram:inst7|4x4ram:inst4|memory_cell:inst13|inst4 ; out0             ;
; |ram|4x32ram:inst7|4x4ram:inst4|memory_cell:inst6|inst3  ; |ram|4x32ram:inst7|4x4ram:inst4|memory_cell:inst6|inst3  ; out              ;
; |ram|4x32ram:inst7|4x4ram:inst4|memory_cell:inst6|inst4  ; |ram|4x32ram:inst7|4x4ram:inst4|memory_cell:inst6|inst4  ; out0             ;
; |ram|4x32ram:inst7|4x4ram:inst4|24decoder:inst|inst2     ; |ram|4x32ram:inst7|4x4ram:inst4|24decoder:inst|inst2     ; out0             ;
; |ram|4x32ram:inst7|4x4ram:inst4|24decoder:inst|inst4     ; |ram|4x32ram:inst7|4x4ram:inst4|24decoder:inst|inst4     ; out0             ;
; |ram|4x32ram:inst7|4x4ram:inst4|24decoder:inst|inst5     ; |ram|4x32ram:inst7|4x4ram:inst4|24decoder:inst|inst5     ; out0             ;
; |ram|4x32ram:inst7|4x4ram:inst3|IN~0                     ; |ram|4x32ram:inst7|4x4ram:inst3|IN~0                     ; out0             ;
; |ram|4x32ram:inst7|4x4ram:inst3|inst17                   ; |ram|4x32ram:inst7|4x4ram:inst3|inst17                   ; out0             ;
; |ram|4x32ram:inst7|4x4ram:inst3|inst18                   ; |ram|4x32ram:inst7|4x4ram:inst3|inst18                   ; out0             ;
; |ram|4x32ram:inst7|4x4ram:inst3|IN~1                     ; |ram|4x32ram:inst7|4x4ram:inst3|IN~1                     ; out0             ;
; |ram|4x32ram:inst7|4x4ram:inst3|IN~2                     ; |ram|4x32ram:inst7|4x4ram:inst3|IN~2                     ; out0             ;
; |ram|4x32ram:inst7|4x4ram:inst3|IN~3                     ; |ram|4x32ram:inst7|4x4ram:inst3|IN~3                     ; out0             ;
; |ram|4x32ram:inst7|4x4ram:inst3|memory_cell:inst5|inst3  ; |ram|4x32ram:inst7|4x4ram:inst3|memory_cell:inst5|inst3  ; out              ;
; |ram|4x32ram:inst7|4x4ram:inst3|memory_cell:inst5|inst4  ; |ram|4x32ram:inst7|4x4ram:inst3|memory_cell:inst5|inst4  ; out0             ;
; |ram|4x32ram:inst7|4x4ram:inst3|memory_cell:inst14|inst3 ; |ram|4x32ram:inst7|4x4ram:inst3|memory_cell:inst14|inst3 ; out              ;
; |ram|4x32ram:inst7|4x4ram:inst3|memory_cell:inst14|inst4 ; |ram|4x32ram:inst7|4x4ram:inst3|memory_cell:inst14|inst4 ; out0             ;
; |ram|4x32ram:inst7|4x4ram:inst3|memory_cell:inst13|inst3 ; |ram|4x32ram:inst7|4x4ram:inst3|memory_cell:inst13|inst3 ; out              ;
; |ram|4x32ram:inst7|4x4ram:inst3|memory_cell:inst13|inst4 ; |ram|4x32ram:inst7|4x4ram:inst3|memory_cell:inst13|inst4 ; out0             ;
; |ram|4x32ram:inst7|4x4ram:inst3|memory_cell:inst6|inst3  ; |ram|4x32ram:inst7|4x4ram:inst3|memory_cell:inst6|inst3  ; out              ;
; |ram|4x32ram:inst7|4x4ram:inst3|memory_cell:inst6|inst4  ; |ram|4x32ram:inst7|4x4ram:inst3|memory_cell:inst6|inst4  ; out0             ;
; |ram|4x32ram:inst7|4x4ram:inst3|24decoder:inst|inst2     ; |ram|4x32ram:inst7|4x4ram:inst3|24decoder:inst|inst2     ; out0             ;
; |ram|4x32ram:inst7|4x4ram:inst3|24decoder:inst|inst4     ; |ram|4x32ram:inst7|4x4ram:inst3|24decoder:inst|inst4     ; out0             ;
; |ram|4x32ram:inst7|4x4ram:inst3|24decoder:inst|inst5     ; |ram|4x32ram:inst7|4x4ram:inst3|24decoder:inst|inst5     ; out0             ;
; |ram|4x32ram:inst7|4x4ram:inst1|IN~0                     ; |ram|4x32ram:inst7|4x4ram:inst1|IN~0                     ; out0             ;
; |ram|4x32ram:inst7|4x4ram:inst1|inst17                   ; |ram|4x32ram:inst7|4x4ram:inst1|inst17                   ; out0             ;
; |ram|4x32ram:inst7|4x4ram:inst1|inst18                   ; |ram|4x32ram:inst7|4x4ram:inst1|inst18                   ; out0             ;
; |ram|4x32ram:inst7|4x4ram:inst1|IN~1                     ; |ram|4x32ram:inst7|4x4ram:inst1|IN~1                     ; out0             ;
; |ram|4x32ram:inst7|4x4ram:inst1|IN~2                     ; |ram|4x32ram:inst7|4x4ram:inst1|IN~2                     ; out0             ;
; |ram|4x32ram:inst7|4x4ram:inst1|IN~3                     ; |ram|4x32ram:inst7|4x4ram:inst1|IN~3                     ; out0             ;
; |ram|4x32ram:inst7|4x4ram:inst1|memory_cell:inst5|inst3  ; |ram|4x32ram:inst7|4x4ram:inst1|memory_cell:inst5|inst3  ; out              ;
; |ram|4x32ram:inst7|4x4ram:inst1|memory_cell:inst5|inst4  ; |ram|4x32ram:inst7|4x4ram:inst1|memory_cell:inst5|inst4  ; out0             ;
; |ram|4x32ram:inst7|4x4ram:inst1|memory_cell:inst14|inst3 ; |ram|4x32ram:inst7|4x4ram:inst1|memory_cell:inst14|inst3 ; out              ;
; |ram|4x32ram:inst7|4x4ram:inst1|memory_cell:inst14|inst4 ; |ram|4x32ram:inst7|4x4ram:inst1|memory_cell:inst14|inst4 ; out0             ;
; |ram|4x32ram:inst7|4x4ram:inst1|memory_cell:inst13|inst3 ; |ram|4x32ram:inst7|4x4ram:inst1|memory_cell:inst13|inst3 ; out              ;
; |ram|4x32ram:inst7|4x4ram:inst1|memory_cell:inst13|inst4 ; |ram|4x32ram:inst7|4x4ram:inst1|memory_cell:inst13|inst4 ; out0             ;
; |ram|4x32ram:inst7|4x4ram:inst1|memory_cell:inst6|inst3  ; |ram|4x32ram:inst7|4x4ram:inst1|memory_cell:inst6|inst3  ; out              ;
; |ram|4x32ram:inst7|4x4ram:inst1|memory_cell:inst6|inst4  ; |ram|4x32ram:inst7|4x4ram:inst1|memory_cell:inst6|inst4  ; out0             ;
; |ram|4x32ram:inst7|4x4ram:inst1|24decoder:inst|inst2     ; |ram|4x32ram:inst7|4x4ram:inst1|24decoder:inst|inst2     ; out0             ;
; |ram|4x32ram:inst7|4x4ram:inst1|24decoder:inst|inst4     ; |ram|4x32ram:inst7|4x4ram:inst1|24decoder:inst|inst4     ; out0             ;
; |ram|4x32ram:inst7|4x4ram:inst1|24decoder:inst|inst5     ; |ram|4x32ram:inst7|4x4ram:inst1|24decoder:inst|inst5     ; out0             ;
; |ram|4x32ram:inst7|4x4ram:inst|IN~0                      ; |ram|4x32ram:inst7|4x4ram:inst|IN~0                      ; out0             ;
; |ram|4x32ram:inst7|4x4ram:inst|inst17                    ; |ram|4x32ram:inst7|4x4ram:inst|inst17                    ; out0             ;
; |ram|4x32ram:inst7|4x4ram:inst|inst18                    ; |ram|4x32ram:inst7|4x4ram:inst|inst18                    ; out0             ;
; |ram|4x32ram:inst7|4x4ram:inst|IN~1                      ; |ram|4x32ram:inst7|4x4ram:inst|IN~1                      ; out0             ;
; |ram|4x32ram:inst7|4x4ram:inst|IN~2                      ; |ram|4x32ram:inst7|4x4ram:inst|IN~2                      ; out0             ;
; |ram|4x32ram:inst7|4x4ram:inst|IN~3                      ; |ram|4x32ram:inst7|4x4ram:inst|IN~3                      ; out0             ;
; |ram|4x32ram:inst7|4x4ram:inst|memory_cell:inst5|inst3   ; |ram|4x32ram:inst7|4x4ram:inst|memory_cell:inst5|inst3   ; out              ;
; |ram|4x32ram:inst7|4x4ram:inst|memory_cell:inst5|inst4   ; |ram|4x32ram:inst7|4x4ram:inst|memory_cell:inst5|inst4   ; out0             ;
; |ram|4x32ram:inst7|4x4ram:inst|memory_cell:inst14|inst3  ; |ram|4x32ram:inst7|4x4ram:inst|memory_cell:inst14|inst3  ; out              ;
; |ram|4x32ram:inst7|4x4ram:inst|memory_cell:inst14|inst4  ; |ram|4x32ram:inst7|4x4ram:inst|memory_cell:inst14|inst4  ; out0             ;
; |ram|4x32ram:inst7|4x4ram:inst|memory_cell:inst13|inst3  ; |ram|4x32ram:inst7|4x4ram:inst|memory_cell:inst13|inst3  ; out              ;
; |ram|4x32ram:inst7|4x4ram:inst|memory_cell:inst13|inst4  ; |ram|4x32ram:inst7|4x4ram:inst|memory_cell:inst13|inst4  ; out0             ;
; |ram|4x32ram:inst7|4x4ram:inst|memory_cell:inst6|inst3   ; |ram|4x32ram:inst7|4x4ram:inst|memory_cell:inst6|inst3   ; out              ;
; |ram|4x32ram:inst7|4x4ram:inst|memory_cell:inst6|inst4   ; |ram|4x32ram:inst7|4x4ram:inst|memory_cell:inst6|inst4   ; out0             ;
; |ram|4x32ram:inst7|4x4ram:inst|24decoder:inst|inst2      ; |ram|4x32ram:inst7|4x4ram:inst|24decoder:inst|inst2      ; out0             ;
; |ram|4x32ram:inst7|4x4ram:inst|24decoder:inst|inst4      ; |ram|4x32ram:inst7|4x4ram:inst|24decoder:inst|inst4      ; out0             ;
; |ram|4x32ram:inst7|4x4ram:inst|24decoder:inst|inst5      ; |ram|4x32ram:inst7|4x4ram:inst|24decoder:inst|inst5      ; out0             ;
; |ram|4x32ram:inst6|4x4ram:inst8|inst17                   ; |ram|4x32ram:inst6|4x4ram:inst8|inst17                   ; out0             ;
; |ram|4x32ram:inst6|4x4ram:inst8|inst18                   ; |ram|4x32ram:inst6|4x4ram:inst8|inst18                   ; out0             ;
; |ram|4x32ram:inst6|4x4ram:inst8|memory_cell:inst7|inst4  ; |ram|4x32ram:inst6|4x4ram:inst8|memory_cell:inst7|inst4  ; out0             ;
; |ram|4x32ram:inst6|4x4ram:inst8|memory_cell:inst16|inst4 ; |ram|4x32ram:inst6|4x4ram:inst8|memory_cell:inst16|inst4 ; out0             ;
; |ram|4x32ram:inst6|4x4ram:inst8|memory_cell:inst15|inst4 ; |ram|4x32ram:inst6|4x4ram:inst8|memory_cell:inst15|inst4 ; out0             ;
; |ram|4x32ram:inst6|4x4ram:inst8|memory_cell:inst8|inst4  ; |ram|4x32ram:inst6|4x4ram:inst8|memory_cell:inst8|inst4  ; out0             ;
; |ram|4x32ram:inst6|4x4ram:inst8|24decoder:inst|inst2     ; |ram|4x32ram:inst6|4x4ram:inst8|24decoder:inst|inst2     ; out0             ;
; |ram|4x32ram:inst6|4x4ram:inst8|24decoder:inst|inst4     ; |ram|4x32ram:inst6|4x4ram:inst8|24decoder:inst|inst4     ; out0             ;
; |ram|4x32ram:inst6|4x4ram:inst8|24decoder:inst|inst5     ; |ram|4x32ram:inst6|4x4ram:inst8|24decoder:inst|inst5     ; out0             ;
; |ram|4x32ram:inst6|4x4ram:inst7|inst17                   ; |ram|4x32ram:inst6|4x4ram:inst7|inst17                   ; out0             ;
; |ram|4x32ram:inst6|4x4ram:inst7|inst18                   ; |ram|4x32ram:inst6|4x4ram:inst7|inst18                   ; out0             ;
; |ram|4x32ram:inst6|4x4ram:inst7|memory_cell:inst7|inst4  ; |ram|4x32ram:inst6|4x4ram:inst7|memory_cell:inst7|inst4  ; out0             ;
; |ram|4x32ram:inst6|4x4ram:inst7|memory_cell:inst16|inst4 ; |ram|4x32ram:inst6|4x4ram:inst7|memory_cell:inst16|inst4 ; out0             ;
; |ram|4x32ram:inst6|4x4ram:inst7|memory_cell:inst15|inst4 ; |ram|4x32ram:inst6|4x4ram:inst7|memory_cell:inst15|inst4 ; out0             ;
; |ram|4x32ram:inst6|4x4ram:inst7|memory_cell:inst8|inst4  ; |ram|4x32ram:inst6|4x4ram:inst7|memory_cell:inst8|inst4  ; out0             ;
; |ram|4x32ram:inst6|4x4ram:inst7|24decoder:inst|inst2     ; |ram|4x32ram:inst6|4x4ram:inst7|24decoder:inst|inst2     ; out0             ;
; |ram|4x32ram:inst6|4x4ram:inst7|24decoder:inst|inst4     ; |ram|4x32ram:inst6|4x4ram:inst7|24decoder:inst|inst4     ; out0             ;
; |ram|4x32ram:inst6|4x4ram:inst7|24decoder:inst|inst5     ; |ram|4x32ram:inst6|4x4ram:inst7|24decoder:inst|inst5     ; out0             ;
; |ram|4x32ram:inst6|4x4ram:inst6|inst17                   ; |ram|4x32ram:inst6|4x4ram:inst6|inst17                   ; out0             ;
; |ram|4x32ram:inst6|4x4ram:inst6|inst18                   ; |ram|4x32ram:inst6|4x4ram:inst6|inst18                   ; out0             ;
; |ram|4x32ram:inst6|4x4ram:inst6|memory_cell:inst7|inst4  ; |ram|4x32ram:inst6|4x4ram:inst6|memory_cell:inst7|inst4  ; out0             ;
; |ram|4x32ram:inst6|4x4ram:inst6|memory_cell:inst16|inst4 ; |ram|4x32ram:inst6|4x4ram:inst6|memory_cell:inst16|inst4 ; out0             ;
; |ram|4x32ram:inst6|4x4ram:inst6|memory_cell:inst15|inst4 ; |ram|4x32ram:inst6|4x4ram:inst6|memory_cell:inst15|inst4 ; out0             ;
; |ram|4x32ram:inst6|4x4ram:inst6|memory_cell:inst8|inst4  ; |ram|4x32ram:inst6|4x4ram:inst6|memory_cell:inst8|inst4  ; out0             ;
; |ram|4x32ram:inst6|4x4ram:inst6|24decoder:inst|inst2     ; |ram|4x32ram:inst6|4x4ram:inst6|24decoder:inst|inst2     ; out0             ;
; |ram|4x32ram:inst6|4x4ram:inst6|24decoder:inst|inst4     ; |ram|4x32ram:inst6|4x4ram:inst6|24decoder:inst|inst4     ; out0             ;
; |ram|4x32ram:inst6|4x4ram:inst6|24decoder:inst|inst5     ; |ram|4x32ram:inst6|4x4ram:inst6|24decoder:inst|inst5     ; out0             ;
; |ram|4x32ram:inst6|4x4ram:inst5|inst17                   ; |ram|4x32ram:inst6|4x4ram:inst5|inst17                   ; out0             ;
; |ram|4x32ram:inst6|4x4ram:inst5|inst18                   ; |ram|4x32ram:inst6|4x4ram:inst5|inst18                   ; out0             ;
; |ram|4x32ram:inst6|4x4ram:inst5|memory_cell:inst7|inst4  ; |ram|4x32ram:inst6|4x4ram:inst5|memory_cell:inst7|inst4  ; out0             ;
; |ram|4x32ram:inst6|4x4ram:inst5|memory_cell:inst16|inst4 ; |ram|4x32ram:inst6|4x4ram:inst5|memory_cell:inst16|inst4 ; out0             ;
; |ram|4x32ram:inst6|4x4ram:inst5|memory_cell:inst15|inst4 ; |ram|4x32ram:inst6|4x4ram:inst5|memory_cell:inst15|inst4 ; out0             ;
; |ram|4x32ram:inst6|4x4ram:inst5|memory_cell:inst8|inst4  ; |ram|4x32ram:inst6|4x4ram:inst5|memory_cell:inst8|inst4  ; out0             ;
; |ram|4x32ram:inst6|4x4ram:inst5|24decoder:inst|inst2     ; |ram|4x32ram:inst6|4x4ram:inst5|24decoder:inst|inst2     ; out0             ;
; |ram|4x32ram:inst6|4x4ram:inst5|24decoder:inst|inst4     ; |ram|4x32ram:inst6|4x4ram:inst5|24decoder:inst|inst4     ; out0             ;
; |ram|4x32ram:inst6|4x4ram:inst5|24decoder:inst|inst5     ; |ram|4x32ram:inst6|4x4ram:inst5|24decoder:inst|inst5     ; out0             ;
; |ram|4x32ram:inst6|4x4ram:inst4|inst17                   ; |ram|4x32ram:inst6|4x4ram:inst4|inst17                   ; out0             ;
; |ram|4x32ram:inst6|4x4ram:inst4|inst18                   ; |ram|4x32ram:inst6|4x4ram:inst4|inst18                   ; out0             ;
; |ram|4x32ram:inst6|4x4ram:inst4|memory_cell:inst7|inst4  ; |ram|4x32ram:inst6|4x4ram:inst4|memory_cell:inst7|inst4  ; out0             ;
; |ram|4x32ram:inst6|4x4ram:inst4|memory_cell:inst16|inst4 ; |ram|4x32ram:inst6|4x4ram:inst4|memory_cell:inst16|inst4 ; out0             ;
; |ram|4x32ram:inst6|4x4ram:inst4|memory_cell:inst15|inst4 ; |ram|4x32ram:inst6|4x4ram:inst4|memory_cell:inst15|inst4 ; out0             ;
; |ram|4x32ram:inst6|4x4ram:inst4|memory_cell:inst8|inst4  ; |ram|4x32ram:inst6|4x4ram:inst4|memory_cell:inst8|inst4  ; out0             ;
; |ram|4x32ram:inst6|4x4ram:inst4|24decoder:inst|inst2     ; |ram|4x32ram:inst6|4x4ram:inst4|24decoder:inst|inst2     ; out0             ;
; |ram|4x32ram:inst6|4x4ram:inst4|24decoder:inst|inst4     ; |ram|4x32ram:inst6|4x4ram:inst4|24decoder:inst|inst4     ; out0             ;
; |ram|4x32ram:inst6|4x4ram:inst4|24decoder:inst|inst5     ; |ram|4x32ram:inst6|4x4ram:inst4|24decoder:inst|inst5     ; out0             ;
; |ram|4x32ram:inst6|4x4ram:inst3|inst17                   ; |ram|4x32ram:inst6|4x4ram:inst3|inst17                   ; out0             ;
; |ram|4x32ram:inst6|4x4ram:inst3|inst18                   ; |ram|4x32ram:inst6|4x4ram:inst3|inst18                   ; out0             ;
; |ram|4x32ram:inst6|4x4ram:inst3|memory_cell:inst7|inst4  ; |ram|4x32ram:inst6|4x4ram:inst3|memory_cell:inst7|inst4  ; out0             ;
; |ram|4x32ram:inst6|4x4ram:inst3|memory_cell:inst16|inst4 ; |ram|4x32ram:inst6|4x4ram:inst3|memory_cell:inst16|inst4 ; out0             ;
; |ram|4x32ram:inst6|4x4ram:inst3|memory_cell:inst15|inst4 ; |ram|4x32ram:inst6|4x4ram:inst3|memory_cell:inst15|inst4 ; out0             ;
; |ram|4x32ram:inst6|4x4ram:inst3|memory_cell:inst8|inst4  ; |ram|4x32ram:inst6|4x4ram:inst3|memory_cell:inst8|inst4  ; out0             ;
; |ram|4x32ram:inst6|4x4ram:inst3|24decoder:inst|inst2     ; |ram|4x32ram:inst6|4x4ram:inst3|24decoder:inst|inst2     ; out0             ;
; |ram|4x32ram:inst6|4x4ram:inst3|24decoder:inst|inst4     ; |ram|4x32ram:inst6|4x4ram:inst3|24decoder:inst|inst4     ; out0             ;
; |ram|4x32ram:inst6|4x4ram:inst3|24decoder:inst|inst5     ; |ram|4x32ram:inst6|4x4ram:inst3|24decoder:inst|inst5     ; out0             ;
; |ram|4x32ram:inst6|4x4ram:inst1|inst17                   ; |ram|4x32ram:inst6|4x4ram:inst1|inst17                   ; out0             ;
; |ram|4x32ram:inst6|4x4ram:inst1|inst18                   ; |ram|4x32ram:inst6|4x4ram:inst1|inst18                   ; out0             ;
; |ram|4x32ram:inst6|4x4ram:inst1|memory_cell:inst7|inst4  ; |ram|4x32ram:inst6|4x4ram:inst1|memory_cell:inst7|inst4  ; out0             ;
; |ram|4x32ram:inst6|4x4ram:inst1|memory_cell:inst16|inst4 ; |ram|4x32ram:inst6|4x4ram:inst1|memory_cell:inst16|inst4 ; out0             ;
; |ram|4x32ram:inst6|4x4ram:inst1|memory_cell:inst15|inst4 ; |ram|4x32ram:inst6|4x4ram:inst1|memory_cell:inst15|inst4 ; out0             ;
; |ram|4x32ram:inst6|4x4ram:inst1|memory_cell:inst8|inst4  ; |ram|4x32ram:inst6|4x4ram:inst1|memory_cell:inst8|inst4  ; out0             ;
; |ram|4x32ram:inst6|4x4ram:inst1|24decoder:inst|inst2     ; |ram|4x32ram:inst6|4x4ram:inst1|24decoder:inst|inst2     ; out0             ;
; |ram|4x32ram:inst6|4x4ram:inst1|24decoder:inst|inst4     ; |ram|4x32ram:inst6|4x4ram:inst1|24decoder:inst|inst4     ; out0             ;
; |ram|4x32ram:inst6|4x4ram:inst1|24decoder:inst|inst5     ; |ram|4x32ram:inst6|4x4ram:inst1|24decoder:inst|inst5     ; out0             ;
; |ram|4x32ram:inst6|4x4ram:inst|inst17                    ; |ram|4x32ram:inst6|4x4ram:inst|inst17                    ; out0             ;
; |ram|4x32ram:inst6|4x4ram:inst|inst18                    ; |ram|4x32ram:inst6|4x4ram:inst|inst18                    ; out0             ;
; |ram|4x32ram:inst6|4x4ram:inst|memory_cell:inst7|inst4   ; |ram|4x32ram:inst6|4x4ram:inst|memory_cell:inst7|inst4   ; out0             ;
; |ram|4x32ram:inst6|4x4ram:inst|memory_cell:inst16|inst4  ; |ram|4x32ram:inst6|4x4ram:inst|memory_cell:inst16|inst4  ; out0             ;
; |ram|4x32ram:inst6|4x4ram:inst|memory_cell:inst15|inst4  ; |ram|4x32ram:inst6|4x4ram:inst|memory_cell:inst15|inst4  ; out0             ;
; |ram|4x32ram:inst6|4x4ram:inst|memory_cell:inst8|inst4   ; |ram|4x32ram:inst6|4x4ram:inst|memory_cell:inst8|inst4   ; out0             ;
; |ram|4x32ram:inst6|4x4ram:inst|24decoder:inst|inst2      ; |ram|4x32ram:inst6|4x4ram:inst|24decoder:inst|inst2      ; out0             ;
; |ram|4x32ram:inst6|4x4ram:inst|24decoder:inst|inst4      ; |ram|4x32ram:inst6|4x4ram:inst|24decoder:inst|inst4      ; out0             ;
; |ram|4x32ram:inst6|4x4ram:inst|24decoder:inst|inst5      ; |ram|4x32ram:inst6|4x4ram:inst|24decoder:inst|inst5      ; out0             ;
; |ram|4x32ram:inst5|4x4ram:inst8|24decoder:inst|inst2     ; |ram|4x32ram:inst5|4x4ram:inst8|24decoder:inst|inst2     ; out0             ;
; |ram|4x32ram:inst5|4x4ram:inst8|24decoder:inst|inst4     ; |ram|4x32ram:inst5|4x4ram:inst8|24decoder:inst|inst4     ; out0             ;
; |ram|4x32ram:inst5|4x4ram:inst8|24decoder:inst|inst5     ; |ram|4x32ram:inst5|4x4ram:inst8|24decoder:inst|inst5     ; out0             ;
; |ram|4x32ram:inst5|4x4ram:inst7|24decoder:inst|inst2     ; |ram|4x32ram:inst5|4x4ram:inst7|24decoder:inst|inst2     ; out0             ;
; |ram|4x32ram:inst5|4x4ram:inst7|24decoder:inst|inst4     ; |ram|4x32ram:inst5|4x4ram:inst7|24decoder:inst|inst4     ; out0             ;
; |ram|4x32ram:inst5|4x4ram:inst7|24decoder:inst|inst5     ; |ram|4x32ram:inst5|4x4ram:inst7|24decoder:inst|inst5     ; out0             ;
; |ram|4x32ram:inst5|4x4ram:inst6|24decoder:inst|inst2     ; |ram|4x32ram:inst5|4x4ram:inst6|24decoder:inst|inst2     ; out0             ;
; |ram|4x32ram:inst5|4x4ram:inst6|24decoder:inst|inst4     ; |ram|4x32ram:inst5|4x4ram:inst6|24decoder:inst|inst4     ; out0             ;
; |ram|4x32ram:inst5|4x4ram:inst6|24decoder:inst|inst5     ; |ram|4x32ram:inst5|4x4ram:inst6|24decoder:inst|inst5     ; out0             ;
; |ram|4x32ram:inst5|4x4ram:inst5|24decoder:inst|inst2     ; |ram|4x32ram:inst5|4x4ram:inst5|24decoder:inst|inst2     ; out0             ;
; |ram|4x32ram:inst5|4x4ram:inst5|24decoder:inst|inst4     ; |ram|4x32ram:inst5|4x4ram:inst5|24decoder:inst|inst4     ; out0             ;
; |ram|4x32ram:inst5|4x4ram:inst5|24decoder:inst|inst5     ; |ram|4x32ram:inst5|4x4ram:inst5|24decoder:inst|inst5     ; out0             ;
; |ram|4x32ram:inst5|4x4ram:inst4|24decoder:inst|inst2     ; |ram|4x32ram:inst5|4x4ram:inst4|24decoder:inst|inst2     ; out0             ;
; |ram|4x32ram:inst5|4x4ram:inst4|24decoder:inst|inst4     ; |ram|4x32ram:inst5|4x4ram:inst4|24decoder:inst|inst4     ; out0             ;
; |ram|4x32ram:inst5|4x4ram:inst4|24decoder:inst|inst5     ; |ram|4x32ram:inst5|4x4ram:inst4|24decoder:inst|inst5     ; out0             ;
; |ram|4x32ram:inst5|4x4ram:inst3|24decoder:inst|inst2     ; |ram|4x32ram:inst5|4x4ram:inst3|24decoder:inst|inst2     ; out0             ;
; |ram|4x32ram:inst5|4x4ram:inst3|24decoder:inst|inst4     ; |ram|4x32ram:inst5|4x4ram:inst3|24decoder:inst|inst4     ; out0             ;
; |ram|4x32ram:inst5|4x4ram:inst3|24decoder:inst|inst5     ; |ram|4x32ram:inst5|4x4ram:inst3|24decoder:inst|inst5     ; out0             ;
; |ram|4x32ram:inst5|4x4ram:inst1|24decoder:inst|inst2     ; |ram|4x32ram:inst5|4x4ram:inst1|24decoder:inst|inst2     ; out0             ;
; |ram|4x32ram:inst5|4x4ram:inst1|24decoder:inst|inst4     ; |ram|4x32ram:inst5|4x4ram:inst1|24decoder:inst|inst4     ; out0             ;
; |ram|4x32ram:inst5|4x4ram:inst1|24decoder:inst|inst5     ; |ram|4x32ram:inst5|4x4ram:inst1|24decoder:inst|inst5     ; out0             ;
; |ram|4x32ram:inst5|4x4ram:inst|24decoder:inst|inst2      ; |ram|4x32ram:inst5|4x4ram:inst|24decoder:inst|inst2      ; out0             ;
; |ram|4x32ram:inst5|4x4ram:inst|24decoder:inst|inst4      ; |ram|4x32ram:inst5|4x4ram:inst|24decoder:inst|inst4      ; out0             ;
; |ram|4x32ram:inst5|4x4ram:inst|24decoder:inst|inst5      ; |ram|4x32ram:inst5|4x4ram:inst|24decoder:inst|inst5      ; out0             ;
; |ram|4x32ram:inst4|4x4ram:inst8|24decoder:inst|inst2     ; |ram|4x32ram:inst4|4x4ram:inst8|24decoder:inst|inst2     ; out0             ;
; |ram|4x32ram:inst4|4x4ram:inst8|24decoder:inst|inst4     ; |ram|4x32ram:inst4|4x4ram:inst8|24decoder:inst|inst4     ; out0             ;
; |ram|4x32ram:inst4|4x4ram:inst8|24decoder:inst|inst5     ; |ram|4x32ram:inst4|4x4ram:inst8|24decoder:inst|inst5     ; out0             ;
; |ram|4x32ram:inst4|4x4ram:inst7|24decoder:inst|inst2     ; |ram|4x32ram:inst4|4x4ram:inst7|24decoder:inst|inst2     ; out0             ;
; |ram|4x32ram:inst4|4x4ram:inst7|24decoder:inst|inst4     ; |ram|4x32ram:inst4|4x4ram:inst7|24decoder:inst|inst4     ; out0             ;
; |ram|4x32ram:inst4|4x4ram:inst7|24decoder:inst|inst5     ; |ram|4x32ram:inst4|4x4ram:inst7|24decoder:inst|inst5     ; out0             ;
; |ram|4x32ram:inst4|4x4ram:inst6|24decoder:inst|inst2     ; |ram|4x32ram:inst4|4x4ram:inst6|24decoder:inst|inst2     ; out0             ;
; |ram|4x32ram:inst4|4x4ram:inst6|24decoder:inst|inst4     ; |ram|4x32ram:inst4|4x4ram:inst6|24decoder:inst|inst4     ; out0             ;
; |ram|4x32ram:inst4|4x4ram:inst6|24decoder:inst|inst5     ; |ram|4x32ram:inst4|4x4ram:inst6|24decoder:inst|inst5     ; out0             ;
; |ram|4x32ram:inst4|4x4ram:inst5|24decoder:inst|inst2     ; |ram|4x32ram:inst4|4x4ram:inst5|24decoder:inst|inst2     ; out0             ;
; |ram|4x32ram:inst4|4x4ram:inst5|24decoder:inst|inst4     ; |ram|4x32ram:inst4|4x4ram:inst5|24decoder:inst|inst4     ; out0             ;
; |ram|4x32ram:inst4|4x4ram:inst5|24decoder:inst|inst5     ; |ram|4x32ram:inst4|4x4ram:inst5|24decoder:inst|inst5     ; out0             ;
; |ram|4x32ram:inst4|4x4ram:inst4|24decoder:inst|inst2     ; |ram|4x32ram:inst4|4x4ram:inst4|24decoder:inst|inst2     ; out0             ;
; |ram|4x32ram:inst4|4x4ram:inst4|24decoder:inst|inst4     ; |ram|4x32ram:inst4|4x4ram:inst4|24decoder:inst|inst4     ; out0             ;
; |ram|4x32ram:inst4|4x4ram:inst4|24decoder:inst|inst5     ; |ram|4x32ram:inst4|4x4ram:inst4|24decoder:inst|inst5     ; out0             ;
; |ram|4x32ram:inst4|4x4ram:inst3|24decoder:inst|inst2     ; |ram|4x32ram:inst4|4x4ram:inst3|24decoder:inst|inst2     ; out0             ;
; |ram|4x32ram:inst4|4x4ram:inst3|24decoder:inst|inst4     ; |ram|4x32ram:inst4|4x4ram:inst3|24decoder:inst|inst4     ; out0             ;
; |ram|4x32ram:inst4|4x4ram:inst3|24decoder:inst|inst5     ; |ram|4x32ram:inst4|4x4ram:inst3|24decoder:inst|inst5     ; out0             ;
; |ram|4x32ram:inst4|4x4ram:inst1|24decoder:inst|inst2     ; |ram|4x32ram:inst4|4x4ram:inst1|24decoder:inst|inst2     ; out0             ;
; |ram|4x32ram:inst4|4x4ram:inst1|24decoder:inst|inst4     ; |ram|4x32ram:inst4|4x4ram:inst1|24decoder:inst|inst4     ; out0             ;
; |ram|4x32ram:inst4|4x4ram:inst1|24decoder:inst|inst5     ; |ram|4x32ram:inst4|4x4ram:inst1|24decoder:inst|inst5     ; out0             ;
; |ram|4x32ram:inst4|4x4ram:inst|24decoder:inst|inst2      ; |ram|4x32ram:inst4|4x4ram:inst|24decoder:inst|inst2      ; out0             ;
; |ram|4x32ram:inst4|4x4ram:inst|24decoder:inst|inst4      ; |ram|4x32ram:inst4|4x4ram:inst|24decoder:inst|inst4      ; out0             ;
; |ram|4x32ram:inst4|4x4ram:inst|24decoder:inst|inst5      ; |ram|4x32ram:inst4|4x4ram:inst|24decoder:inst|inst5      ; out0             ;
; |ram|4x32ram:inst3|4x4ram:inst8|24decoder:inst|inst2     ; |ram|4x32ram:inst3|4x4ram:inst8|24decoder:inst|inst2     ; out0             ;
; |ram|4x32ram:inst3|4x4ram:inst8|24decoder:inst|inst4     ; |ram|4x32ram:inst3|4x4ram:inst8|24decoder:inst|inst4     ; out0             ;
; |ram|4x32ram:inst3|4x4ram:inst8|24decoder:inst|inst5     ; |ram|4x32ram:inst3|4x4ram:inst8|24decoder:inst|inst5     ; out0             ;
; |ram|4x32ram:inst3|4x4ram:inst7|24decoder:inst|inst2     ; |ram|4x32ram:inst3|4x4ram:inst7|24decoder:inst|inst2     ; out0             ;
; |ram|4x32ram:inst3|4x4ram:inst7|24decoder:inst|inst4     ; |ram|4x32ram:inst3|4x4ram:inst7|24decoder:inst|inst4     ; out0             ;
; |ram|4x32ram:inst3|4x4ram:inst7|24decoder:inst|inst5     ; |ram|4x32ram:inst3|4x4ram:inst7|24decoder:inst|inst5     ; out0             ;
; |ram|4x32ram:inst3|4x4ram:inst6|24decoder:inst|inst2     ; |ram|4x32ram:inst3|4x4ram:inst6|24decoder:inst|inst2     ; out0             ;
; |ram|4x32ram:inst3|4x4ram:inst6|24decoder:inst|inst4     ; |ram|4x32ram:inst3|4x4ram:inst6|24decoder:inst|inst4     ; out0             ;
; |ram|4x32ram:inst3|4x4ram:inst6|24decoder:inst|inst5     ; |ram|4x32ram:inst3|4x4ram:inst6|24decoder:inst|inst5     ; out0             ;
; |ram|4x32ram:inst3|4x4ram:inst5|24decoder:inst|inst2     ; |ram|4x32ram:inst3|4x4ram:inst5|24decoder:inst|inst2     ; out0             ;
; |ram|4x32ram:inst3|4x4ram:inst5|24decoder:inst|inst4     ; |ram|4x32ram:inst3|4x4ram:inst5|24decoder:inst|inst4     ; out0             ;
; |ram|4x32ram:inst3|4x4ram:inst5|24decoder:inst|inst5     ; |ram|4x32ram:inst3|4x4ram:inst5|24decoder:inst|inst5     ; out0             ;
; |ram|4x32ram:inst3|4x4ram:inst4|24decoder:inst|inst2     ; |ram|4x32ram:inst3|4x4ram:inst4|24decoder:inst|inst2     ; out0             ;
; |ram|4x32ram:inst3|4x4ram:inst4|24decoder:inst|inst4     ; |ram|4x32ram:inst3|4x4ram:inst4|24decoder:inst|inst4     ; out0             ;
; |ram|4x32ram:inst3|4x4ram:inst4|24decoder:inst|inst5     ; |ram|4x32ram:inst3|4x4ram:inst4|24decoder:inst|inst5     ; out0             ;
; |ram|4x32ram:inst3|4x4ram:inst3|24decoder:inst|inst2     ; |ram|4x32ram:inst3|4x4ram:inst3|24decoder:inst|inst2     ; out0             ;
; |ram|4x32ram:inst3|4x4ram:inst3|24decoder:inst|inst4     ; |ram|4x32ram:inst3|4x4ram:inst3|24decoder:inst|inst4     ; out0             ;
; |ram|4x32ram:inst3|4x4ram:inst3|24decoder:inst|inst5     ; |ram|4x32ram:inst3|4x4ram:inst3|24decoder:inst|inst5     ; out0             ;
; |ram|4x32ram:inst3|4x4ram:inst1|24decoder:inst|inst2     ; |ram|4x32ram:inst3|4x4ram:inst1|24decoder:inst|inst2     ; out0             ;
; |ram|4x32ram:inst3|4x4ram:inst1|24decoder:inst|inst4     ; |ram|4x32ram:inst3|4x4ram:inst1|24decoder:inst|inst4     ; out0             ;
; |ram|4x32ram:inst3|4x4ram:inst1|24decoder:inst|inst5     ; |ram|4x32ram:inst3|4x4ram:inst1|24decoder:inst|inst5     ; out0             ;
; |ram|4x32ram:inst3|4x4ram:inst|24decoder:inst|inst2      ; |ram|4x32ram:inst3|4x4ram:inst|24decoder:inst|inst2      ; out0             ;
; |ram|4x32ram:inst3|4x4ram:inst|24decoder:inst|inst4      ; |ram|4x32ram:inst3|4x4ram:inst|24decoder:inst|inst4      ; out0             ;
; |ram|4x32ram:inst3|4x4ram:inst|24decoder:inst|inst5      ; |ram|4x32ram:inst3|4x4ram:inst|24decoder:inst|inst5      ; out0             ;
; |ram|4x32ram:inst2|4x4ram:inst8|24decoder:inst|inst2     ; |ram|4x32ram:inst2|4x4ram:inst8|24decoder:inst|inst2     ; out0             ;
; |ram|4x32ram:inst2|4x4ram:inst8|24decoder:inst|inst4     ; |ram|4x32ram:inst2|4x4ram:inst8|24decoder:inst|inst4     ; out0             ;
; |ram|4x32ram:inst2|4x4ram:inst8|24decoder:inst|inst5     ; |ram|4x32ram:inst2|4x4ram:inst8|24decoder:inst|inst5     ; out0             ;
; |ram|4x32ram:inst2|4x4ram:inst7|24decoder:inst|inst2     ; |ram|4x32ram:inst2|4x4ram:inst7|24decoder:inst|inst2     ; out0             ;
; |ram|4x32ram:inst2|4x4ram:inst7|24decoder:inst|inst4     ; |ram|4x32ram:inst2|4x4ram:inst7|24decoder:inst|inst4     ; out0             ;
; |ram|4x32ram:inst2|4x4ram:inst7|24decoder:inst|inst5     ; |ram|4x32ram:inst2|4x4ram:inst7|24decoder:inst|inst5     ; out0             ;
; |ram|4x32ram:inst2|4x4ram:inst6|24decoder:inst|inst2     ; |ram|4x32ram:inst2|4x4ram:inst6|24decoder:inst|inst2     ; out0             ;
; |ram|4x32ram:inst2|4x4ram:inst6|24decoder:inst|inst4     ; |ram|4x32ram:inst2|4x4ram:inst6|24decoder:inst|inst4     ; out0             ;
; |ram|4x32ram:inst2|4x4ram:inst6|24decoder:inst|inst5     ; |ram|4x32ram:inst2|4x4ram:inst6|24decoder:inst|inst5     ; out0             ;
; |ram|4x32ram:inst2|4x4ram:inst5|24decoder:inst|inst2     ; |ram|4x32ram:inst2|4x4ram:inst5|24decoder:inst|inst2     ; out0             ;
; |ram|4x32ram:inst2|4x4ram:inst5|24decoder:inst|inst4     ; |ram|4x32ram:inst2|4x4ram:inst5|24decoder:inst|inst4     ; out0             ;
; |ram|4x32ram:inst2|4x4ram:inst5|24decoder:inst|inst5     ; |ram|4x32ram:inst2|4x4ram:inst5|24decoder:inst|inst5     ; out0             ;
; |ram|4x32ram:inst2|4x4ram:inst4|24decoder:inst|inst2     ; |ram|4x32ram:inst2|4x4ram:inst4|24decoder:inst|inst2     ; out0             ;
; |ram|4x32ram:inst2|4x4ram:inst4|24decoder:inst|inst4     ; |ram|4x32ram:inst2|4x4ram:inst4|24decoder:inst|inst4     ; out0             ;
; |ram|4x32ram:inst2|4x4ram:inst4|24decoder:inst|inst5     ; |ram|4x32ram:inst2|4x4ram:inst4|24decoder:inst|inst5     ; out0             ;
; |ram|4x32ram:inst2|4x4ram:inst3|24decoder:inst|inst2     ; |ram|4x32ram:inst2|4x4ram:inst3|24decoder:inst|inst2     ; out0             ;
; |ram|4x32ram:inst2|4x4ram:inst3|24decoder:inst|inst4     ; |ram|4x32ram:inst2|4x4ram:inst3|24decoder:inst|inst4     ; out0             ;
; |ram|4x32ram:inst2|4x4ram:inst3|24decoder:inst|inst5     ; |ram|4x32ram:inst2|4x4ram:inst3|24decoder:inst|inst5     ; out0             ;
; |ram|4x32ram:inst2|4x4ram:inst1|24decoder:inst|inst2     ; |ram|4x32ram:inst2|4x4ram:inst1|24decoder:inst|inst2     ; out0             ;
; |ram|4x32ram:inst2|4x4ram:inst1|24decoder:inst|inst4     ; |ram|4x32ram:inst2|4x4ram:inst1|24decoder:inst|inst4     ; out0             ;
; |ram|4x32ram:inst2|4x4ram:inst1|24decoder:inst|inst5     ; |ram|4x32ram:inst2|4x4ram:inst1|24decoder:inst|inst5     ; out0             ;
; |ram|4x32ram:inst2|4x4ram:inst|24decoder:inst|inst2      ; |ram|4x32ram:inst2|4x4ram:inst|24decoder:inst|inst2      ; out0             ;
; |ram|4x32ram:inst2|4x4ram:inst|24decoder:inst|inst4      ; |ram|4x32ram:inst2|4x4ram:inst|24decoder:inst|inst4      ; out0             ;
; |ram|4x32ram:inst2|4x4ram:inst|24decoder:inst|inst5      ; |ram|4x32ram:inst2|4x4ram:inst|24decoder:inst|inst5      ; out0             ;
; |ram|4x32ram:inst1|4x4ram:inst8|24decoder:inst|inst2     ; |ram|4x32ram:inst1|4x4ram:inst8|24decoder:inst|inst2     ; out0             ;
; |ram|4x32ram:inst1|4x4ram:inst8|24decoder:inst|inst4     ; |ram|4x32ram:inst1|4x4ram:inst8|24decoder:inst|inst4     ; out0             ;
; |ram|4x32ram:inst1|4x4ram:inst8|24decoder:inst|inst5     ; |ram|4x32ram:inst1|4x4ram:inst8|24decoder:inst|inst5     ; out0             ;
; |ram|4x32ram:inst1|4x4ram:inst7|24decoder:inst|inst2     ; |ram|4x32ram:inst1|4x4ram:inst7|24decoder:inst|inst2     ; out0             ;
; |ram|4x32ram:inst1|4x4ram:inst7|24decoder:inst|inst4     ; |ram|4x32ram:inst1|4x4ram:inst7|24decoder:inst|inst4     ; out0             ;
; |ram|4x32ram:inst1|4x4ram:inst7|24decoder:inst|inst5     ; |ram|4x32ram:inst1|4x4ram:inst7|24decoder:inst|inst5     ; out0             ;
; |ram|4x32ram:inst1|4x4ram:inst6|24decoder:inst|inst2     ; |ram|4x32ram:inst1|4x4ram:inst6|24decoder:inst|inst2     ; out0             ;
; |ram|4x32ram:inst1|4x4ram:inst6|24decoder:inst|inst4     ; |ram|4x32ram:inst1|4x4ram:inst6|24decoder:inst|inst4     ; out0             ;
; |ram|4x32ram:inst1|4x4ram:inst6|24decoder:inst|inst5     ; |ram|4x32ram:inst1|4x4ram:inst6|24decoder:inst|inst5     ; out0             ;
; |ram|4x32ram:inst1|4x4ram:inst5|24decoder:inst|inst2     ; |ram|4x32ram:inst1|4x4ram:inst5|24decoder:inst|inst2     ; out0             ;
; |ram|4x32ram:inst1|4x4ram:inst5|24decoder:inst|inst4     ; |ram|4x32ram:inst1|4x4ram:inst5|24decoder:inst|inst4     ; out0             ;
; |ram|4x32ram:inst1|4x4ram:inst5|24decoder:inst|inst5     ; |ram|4x32ram:inst1|4x4ram:inst5|24decoder:inst|inst5     ; out0             ;
; |ram|4x32ram:inst1|4x4ram:inst4|24decoder:inst|inst2     ; |ram|4x32ram:inst1|4x4ram:inst4|24decoder:inst|inst2     ; out0             ;
; |ram|4x32ram:inst1|4x4ram:inst4|24decoder:inst|inst4     ; |ram|4x32ram:inst1|4x4ram:inst4|24decoder:inst|inst4     ; out0             ;
; |ram|4x32ram:inst1|4x4ram:inst4|24decoder:inst|inst5     ; |ram|4x32ram:inst1|4x4ram:inst4|24decoder:inst|inst5     ; out0             ;
; |ram|4x32ram:inst1|4x4ram:inst3|24decoder:inst|inst2     ; |ram|4x32ram:inst1|4x4ram:inst3|24decoder:inst|inst2     ; out0             ;
; |ram|4x32ram:inst1|4x4ram:inst3|24decoder:inst|inst4     ; |ram|4x32ram:inst1|4x4ram:inst3|24decoder:inst|inst4     ; out0             ;
; |ram|4x32ram:inst1|4x4ram:inst3|24decoder:inst|inst5     ; |ram|4x32ram:inst1|4x4ram:inst3|24decoder:inst|inst5     ; out0             ;
; |ram|4x32ram:inst1|4x4ram:inst1|24decoder:inst|inst2     ; |ram|4x32ram:inst1|4x4ram:inst1|24decoder:inst|inst2     ; out0             ;
; |ram|4x32ram:inst1|4x4ram:inst1|24decoder:inst|inst4     ; |ram|4x32ram:inst1|4x4ram:inst1|24decoder:inst|inst4     ; out0             ;
; |ram|4x32ram:inst1|4x4ram:inst1|24decoder:inst|inst5     ; |ram|4x32ram:inst1|4x4ram:inst1|24decoder:inst|inst5     ; out0             ;
; |ram|4x32ram:inst1|4x4ram:inst|24decoder:inst|inst2      ; |ram|4x32ram:inst1|4x4ram:inst|24decoder:inst|inst2      ; out0             ;
; |ram|4x32ram:inst1|4x4ram:inst|24decoder:inst|inst4      ; |ram|4x32ram:inst1|4x4ram:inst|24decoder:inst|inst4      ; out0             ;
; |ram|4x32ram:inst1|4x4ram:inst|24decoder:inst|inst5      ; |ram|4x32ram:inst1|4x4ram:inst|24decoder:inst|inst5      ; out0             ;
; |ram|38decoder:inst8|inst7                               ; |ram|38decoder:inst8|inst7                               ; out0             ;
; |ram|38decoder:inst8|inst8                               ; |ram|38decoder:inst8|inst8                               ; out0             ;
; |ram|38decoder:inst8|24decoder:inst1|inst2               ; |ram|38decoder:inst8|24decoder:inst1|inst2               ; out0             ;
; |ram|38decoder:inst8|24decoder:inst1|inst3               ; |ram|38decoder:inst8|24decoder:inst1|inst3               ; out0             ;
; |ram|38decoder:inst8|24decoder:inst|inst2                ; |ram|38decoder:inst8|24decoder:inst|inst2                ; out0             ;
; |ram|38decoder:inst8|24decoder:inst|inst3                ; |ram|38decoder:inst8|24decoder:inst|inst3                ; out0             ;
; |ram|4x32ram:inst|4x4ram:inst8|24decoder:inst|inst2      ; |ram|4x32ram:inst|4x4ram:inst8|24decoder:inst|inst2      ; out0             ;
; |ram|4x32ram:inst|4x4ram:inst8|24decoder:inst|inst4      ; |ram|4x32ram:inst|4x4ram:inst8|24decoder:inst|inst4      ; out0             ;
; |ram|4x32ram:inst|4x4ram:inst8|24decoder:inst|inst5      ; |ram|4x32ram:inst|4x4ram:inst8|24decoder:inst|inst5      ; out0             ;
; |ram|4x32ram:inst|4x4ram:inst7|24decoder:inst|inst2      ; |ram|4x32ram:inst|4x4ram:inst7|24decoder:inst|inst2      ; out0             ;
; |ram|4x32ram:inst|4x4ram:inst7|24decoder:inst|inst4      ; |ram|4x32ram:inst|4x4ram:inst7|24decoder:inst|inst4      ; out0             ;
; |ram|4x32ram:inst|4x4ram:inst7|24decoder:inst|inst5      ; |ram|4x32ram:inst|4x4ram:inst7|24decoder:inst|inst5      ; out0             ;
; |ram|4x32ram:inst|4x4ram:inst6|24decoder:inst|inst2      ; |ram|4x32ram:inst|4x4ram:inst6|24decoder:inst|inst2      ; out0             ;
; |ram|4x32ram:inst|4x4ram:inst6|24decoder:inst|inst4      ; |ram|4x32ram:inst|4x4ram:inst6|24decoder:inst|inst4      ; out0             ;
; |ram|4x32ram:inst|4x4ram:inst6|24decoder:inst|inst5      ; |ram|4x32ram:inst|4x4ram:inst6|24decoder:inst|inst5      ; out0             ;
; |ram|4x32ram:inst|4x4ram:inst5|24decoder:inst|inst2      ; |ram|4x32ram:inst|4x4ram:inst5|24decoder:inst|inst2      ; out0             ;
; |ram|4x32ram:inst|4x4ram:inst5|24decoder:inst|inst4      ; |ram|4x32ram:inst|4x4ram:inst5|24decoder:inst|inst4      ; out0             ;
; |ram|4x32ram:inst|4x4ram:inst5|24decoder:inst|inst5      ; |ram|4x32ram:inst|4x4ram:inst5|24decoder:inst|inst5      ; out0             ;
; |ram|4x32ram:inst|4x4ram:inst4|24decoder:inst|inst2      ; |ram|4x32ram:inst|4x4ram:inst4|24decoder:inst|inst2      ; out0             ;
; |ram|4x32ram:inst|4x4ram:inst4|24decoder:inst|inst4      ; |ram|4x32ram:inst|4x4ram:inst4|24decoder:inst|inst4      ; out0             ;
; |ram|4x32ram:inst|4x4ram:inst4|24decoder:inst|inst5      ; |ram|4x32ram:inst|4x4ram:inst4|24decoder:inst|inst5      ; out0             ;
; |ram|4x32ram:inst|4x4ram:inst3|24decoder:inst|inst2      ; |ram|4x32ram:inst|4x4ram:inst3|24decoder:inst|inst2      ; out0             ;
; |ram|4x32ram:inst|4x4ram:inst3|24decoder:inst|inst4      ; |ram|4x32ram:inst|4x4ram:inst3|24decoder:inst|inst4      ; out0             ;
; |ram|4x32ram:inst|4x4ram:inst3|24decoder:inst|inst5      ; |ram|4x32ram:inst|4x4ram:inst3|24decoder:inst|inst5      ; out0             ;
; |ram|4x32ram:inst|4x4ram:inst1|24decoder:inst|inst2      ; |ram|4x32ram:inst|4x4ram:inst1|24decoder:inst|inst2      ; out0             ;
; |ram|4x32ram:inst|4x4ram:inst1|24decoder:inst|inst4      ; |ram|4x32ram:inst|4x4ram:inst1|24decoder:inst|inst4      ; out0             ;
; |ram|4x32ram:inst|4x4ram:inst1|24decoder:inst|inst5      ; |ram|4x32ram:inst|4x4ram:inst1|24decoder:inst|inst5      ; out0             ;
; |ram|4x32ram:inst|4x4ram:inst|24decoder:inst|inst2       ; |ram|4x32ram:inst|4x4ram:inst|24decoder:inst|inst2       ; out0             ;
; |ram|4x32ram:inst|4x4ram:inst|24decoder:inst|inst4       ; |ram|4x32ram:inst|4x4ram:inst|24decoder:inst|inst4       ; out0             ;
; |ram|4x32ram:inst|4x4ram:inst|24decoder:inst|inst5       ; |ram|4x32ram:inst|4x4ram:inst|24decoder:inst|inst5       ; out0             ;
+----------------------------------------------------------+----------------------------------------------------------+------------------+


The following table displays output ports that do not toggle to 1 during simulation.
+----------------------------------------------------------------------------------------------------------------------------------------+
; Missing 1-Value Coverage                                                                                                               ;
+----------------------------------------------------------+----------------------------------------------------------+------------------+
; Node Name                                                ; Output Port Name                                         ; Output Port Type ;
+----------------------------------------------------------+----------------------------------------------------------+------------------+
; |ram|A[4]                                                ; |ram|A[4]                                                ; out              ;
; |ram|A[3]                                                ; |ram|A[3]                                                ; out              ;
; |ram|4x32ram:inst7|4x4ram:inst8|memory_cell:inst3|inst3  ; |ram|4x32ram:inst7|4x4ram:inst8|memory_cell:inst3|inst3  ; out              ;
; |ram|4x32ram:inst7|4x4ram:inst8|memory_cell:inst3|inst   ; |ram|4x32ram:inst7|4x4ram:inst8|memory_cell:inst3|inst   ; regout           ;
; |ram|4x32ram:inst7|4x4ram:inst8|memory_cell:inst3|inst4  ; |ram|4x32ram:inst7|4x4ram:inst8|memory_cell:inst3|inst4  ; out0             ;
; |ram|4x32ram:inst7|4x4ram:inst8|memory_cell:inst7|inst3  ; |ram|4x32ram:inst7|4x4ram:inst8|memory_cell:inst7|inst3  ; out              ;
; |ram|4x32ram:inst7|4x4ram:inst8|memory_cell:inst7|inst   ; |ram|4x32ram:inst7|4x4ram:inst8|memory_cell:inst7|inst   ; regout           ;
; |ram|4x32ram:inst7|4x4ram:inst8|memory_cell:inst7|inst4  ; |ram|4x32ram:inst7|4x4ram:inst8|memory_cell:inst7|inst4  ; out0             ;
; |ram|4x32ram:inst7|4x4ram:inst8|memory_cell:inst1|inst3  ; |ram|4x32ram:inst7|4x4ram:inst8|memory_cell:inst1|inst3  ; out              ;
; |ram|4x32ram:inst7|4x4ram:inst8|memory_cell:inst1|inst   ; |ram|4x32ram:inst7|4x4ram:inst8|memory_cell:inst1|inst   ; regout           ;
; |ram|4x32ram:inst7|4x4ram:inst8|memory_cell:inst1|inst4  ; |ram|4x32ram:inst7|4x4ram:inst8|memory_cell:inst1|inst4  ; out0             ;
; |ram|4x32ram:inst7|4x4ram:inst8|memory_cell:inst16|inst3 ; |ram|4x32ram:inst7|4x4ram:inst8|memory_cell:inst16|inst3 ; out              ;
; |ram|4x32ram:inst7|4x4ram:inst8|memory_cell:inst16|inst  ; |ram|4x32ram:inst7|4x4ram:inst8|memory_cell:inst16|inst  ; regout           ;
; |ram|4x32ram:inst7|4x4ram:inst8|memory_cell:inst16|inst4 ; |ram|4x32ram:inst7|4x4ram:inst8|memory_cell:inst16|inst4 ; out0             ;
; |ram|4x32ram:inst7|4x4ram:inst8|memory_cell:inst12|inst3 ; |ram|4x32ram:inst7|4x4ram:inst8|memory_cell:inst12|inst3 ; out              ;
; |ram|4x32ram:inst7|4x4ram:inst8|memory_cell:inst12|inst  ; |ram|4x32ram:inst7|4x4ram:inst8|memory_cell:inst12|inst  ; regout           ;
; |ram|4x32ram:inst7|4x4ram:inst8|memory_cell:inst12|inst4 ; |ram|4x32ram:inst7|4x4ram:inst8|memory_cell:inst12|inst4 ; out0             ;
; |ram|4x32ram:inst7|4x4ram:inst8|memory_cell:inst10|inst3 ; |ram|4x32ram:inst7|4x4ram:inst8|memory_cell:inst10|inst3 ; out              ;
; |ram|4x32ram:inst7|4x4ram:inst8|memory_cell:inst10|inst  ; |ram|4x32ram:inst7|4x4ram:inst8|memory_cell:inst10|inst  ; regout           ;
; |ram|4x32ram:inst7|4x4ram:inst8|memory_cell:inst10|inst4 ; |ram|4x32ram:inst7|4x4ram:inst8|memory_cell:inst10|inst4 ; out0             ;
; |ram|4x32ram:inst7|4x4ram:inst8|memory_cell:inst15|inst3 ; |ram|4x32ram:inst7|4x4ram:inst8|memory_cell:inst15|inst3 ; out              ;
; |ram|4x32ram:inst7|4x4ram:inst8|memory_cell:inst15|inst  ; |ram|4x32ram:inst7|4x4ram:inst8|memory_cell:inst15|inst  ; regout           ;
; |ram|4x32ram:inst7|4x4ram:inst8|memory_cell:inst15|inst4 ; |ram|4x32ram:inst7|4x4ram:inst8|memory_cell:inst15|inst4 ; out0             ;
; |ram|4x32ram:inst7|4x4ram:inst8|memory_cell:inst11|inst3 ; |ram|4x32ram:inst7|4x4ram:inst8|memory_cell:inst11|inst3 ; out              ;
; |ram|4x32ram:inst7|4x4ram:inst8|memory_cell:inst11|inst  ; |ram|4x32ram:inst7|4x4ram:inst8|memory_cell:inst11|inst  ; regout           ;
; |ram|4x32ram:inst7|4x4ram:inst8|memory_cell:inst11|inst4 ; |ram|4x32ram:inst7|4x4ram:inst8|memory_cell:inst11|inst4 ; out0             ;
; |ram|4x32ram:inst7|4x4ram:inst8|memory_cell:inst9|inst3  ; |ram|4x32ram:inst7|4x4ram:inst8|memory_cell:inst9|inst3  ; out              ;
; |ram|4x32ram:inst7|4x4ram:inst8|memory_cell:inst9|inst   ; |ram|4x32ram:inst7|4x4ram:inst8|memory_cell:inst9|inst   ; regout           ;
; |ram|4x32ram:inst7|4x4ram:inst8|memory_cell:inst9|inst4  ; |ram|4x32ram:inst7|4x4ram:inst8|memory_cell:inst9|inst4  ; out0             ;
; |ram|4x32ram:inst7|4x4ram:inst8|memory_cell:inst8|inst3  ; |ram|4x32ram:inst7|4x4ram:inst8|memory_cell:inst8|inst3  ; out              ;
; |ram|4x32ram:inst7|4x4ram:inst8|memory_cell:inst8|inst   ; |ram|4x32ram:inst7|4x4ram:inst8|memory_cell:inst8|inst   ; regout           ;
; |ram|4x32ram:inst7|4x4ram:inst8|memory_cell:inst8|inst4  ; |ram|4x32ram:inst7|4x4ram:inst8|memory_cell:inst8|inst4  ; out0             ;
; |ram|4x32ram:inst7|4x4ram:inst8|memory_cell:inst4|inst3  ; |ram|4x32ram:inst7|4x4ram:inst8|memory_cell:inst4|inst3  ; out              ;
; |ram|4x32ram:inst7|4x4ram:inst8|memory_cell:inst4|inst   ; |ram|4x32ram:inst7|4x4ram:inst8|memory_cell:inst4|inst   ; regout           ;
; |ram|4x32ram:inst7|4x4ram:inst8|memory_cell:inst4|inst4  ; |ram|4x32ram:inst7|4x4ram:inst8|memory_cell:inst4|inst4  ; out0             ;
; |ram|4x32ram:inst7|4x4ram:inst8|24decoder:inst|inst3     ; |ram|4x32ram:inst7|4x4ram:inst8|24decoder:inst|inst3     ; out0             ;
; |ram|4x32ram:inst7|4x4ram:inst8|memory_cell:inst2|inst3  ; |ram|4x32ram:inst7|4x4ram:inst8|memory_cell:inst2|inst3  ; out              ;
; |ram|4x32ram:inst7|4x4ram:inst8|memory_cell:inst2|inst   ; |ram|4x32ram:inst7|4x4ram:inst8|memory_cell:inst2|inst   ; regout           ;
; |ram|4x32ram:inst7|4x4ram:inst8|memory_cell:inst2|inst4  ; |ram|4x32ram:inst7|4x4ram:inst8|memory_cell:inst2|inst4  ; out0             ;
; |ram|4x32ram:inst7|4x4ram:inst7|memory_cell:inst3|inst3  ; |ram|4x32ram:inst7|4x4ram:inst7|memory_cell:inst3|inst3  ; out              ;
; |ram|4x32ram:inst7|4x4ram:inst7|memory_cell:inst3|inst   ; |ram|4x32ram:inst7|4x4ram:inst7|memory_cell:inst3|inst   ; regout           ;
; |ram|4x32ram:inst7|4x4ram:inst7|memory_cell:inst3|inst4  ; |ram|4x32ram:inst7|4x4ram:inst7|memory_cell:inst3|inst4  ; out0             ;
; |ram|4x32ram:inst7|4x4ram:inst7|memory_cell:inst7|inst3  ; |ram|4x32ram:inst7|4x4ram:inst7|memory_cell:inst7|inst3  ; out              ;
; |ram|4x32ram:inst7|4x4ram:inst7|memory_cell:inst7|inst   ; |ram|4x32ram:inst7|4x4ram:inst7|memory_cell:inst7|inst   ; regout           ;
; |ram|4x32ram:inst7|4x4ram:inst7|memory_cell:inst7|inst4  ; |ram|4x32ram:inst7|4x4ram:inst7|memory_cell:inst7|inst4  ; out0             ;
; |ram|4x32ram:inst7|4x4ram:inst7|memory_cell:inst1|inst3  ; |ram|4x32ram:inst7|4x4ram:inst7|memory_cell:inst1|inst3  ; out              ;
; |ram|4x32ram:inst7|4x4ram:inst7|memory_cell:inst1|inst   ; |ram|4x32ram:inst7|4x4ram:inst7|memory_cell:inst1|inst   ; regout           ;
; |ram|4x32ram:inst7|4x4ram:inst7|memory_cell:inst1|inst4  ; |ram|4x32ram:inst7|4x4ram:inst7|memory_cell:inst1|inst4  ; out0             ;
; |ram|4x32ram:inst7|4x4ram:inst7|memory_cell:inst16|inst3 ; |ram|4x32ram:inst7|4x4ram:inst7|memory_cell:inst16|inst3 ; out              ;
; |ram|4x32ram:inst7|4x4ram:inst7|memory_cell:inst16|inst  ; |ram|4x32ram:inst7|4x4ram:inst7|memory_cell:inst16|inst  ; regout           ;
; |ram|4x32ram:inst7|4x4ram:inst7|memory_cell:inst16|inst4 ; |ram|4x32ram:inst7|4x4ram:inst7|memory_cell:inst16|inst4 ; out0             ;
; |ram|4x32ram:inst7|4x4ram:inst7|memory_cell:inst12|inst3 ; |ram|4x32ram:inst7|4x4ram:inst7|memory_cell:inst12|inst3 ; out              ;
; |ram|4x32ram:inst7|4x4ram:inst7|memory_cell:inst12|inst  ; |ram|4x32ram:inst7|4x4ram:inst7|memory_cell:inst12|inst  ; regout           ;
; |ram|4x32ram:inst7|4x4ram:inst7|memory_cell:inst12|inst4 ; |ram|4x32ram:inst7|4x4ram:inst7|memory_cell:inst12|inst4 ; out0             ;
; |ram|4x32ram:inst7|4x4ram:inst7|memory_cell:inst10|inst3 ; |ram|4x32ram:inst7|4x4ram:inst7|memory_cell:inst10|inst3 ; out              ;
; |ram|4x32ram:inst7|4x4ram:inst7|memory_cell:inst10|inst  ; |ram|4x32ram:inst7|4x4ram:inst7|memory_cell:inst10|inst  ; regout           ;
; |ram|4x32ram:inst7|4x4ram:inst7|memory_cell:inst10|inst4 ; |ram|4x32ram:inst7|4x4ram:inst7|memory_cell:inst10|inst4 ; out0             ;
; |ram|4x32ram:inst7|4x4ram:inst7|memory_cell:inst15|inst3 ; |ram|4x32ram:inst7|4x4ram:inst7|memory_cell:inst15|inst3 ; out              ;
; |ram|4x32ram:inst7|4x4ram:inst7|memory_cell:inst15|inst  ; |ram|4x32ram:inst7|4x4ram:inst7|memory_cell:inst15|inst  ; regout           ;
; |ram|4x32ram:inst7|4x4ram:inst7|memory_cell:inst15|inst4 ; |ram|4x32ram:inst7|4x4ram:inst7|memory_cell:inst15|inst4 ; out0             ;
; |ram|4x32ram:inst7|4x4ram:inst7|memory_cell:inst11|inst3 ; |ram|4x32ram:inst7|4x4ram:inst7|memory_cell:inst11|inst3 ; out              ;
; |ram|4x32ram:inst7|4x4ram:inst7|memory_cell:inst11|inst  ; |ram|4x32ram:inst7|4x4ram:inst7|memory_cell:inst11|inst  ; regout           ;
; |ram|4x32ram:inst7|4x4ram:inst7|memory_cell:inst11|inst4 ; |ram|4x32ram:inst7|4x4ram:inst7|memory_cell:inst11|inst4 ; out0             ;
; |ram|4x32ram:inst7|4x4ram:inst7|memory_cell:inst9|inst3  ; |ram|4x32ram:inst7|4x4ram:inst7|memory_cell:inst9|inst3  ; out              ;
; |ram|4x32ram:inst7|4x4ram:inst7|memory_cell:inst9|inst   ; |ram|4x32ram:inst7|4x4ram:inst7|memory_cell:inst9|inst   ; regout           ;
; |ram|4x32ram:inst7|4x4ram:inst7|memory_cell:inst9|inst4  ; |ram|4x32ram:inst7|4x4ram:inst7|memory_cell:inst9|inst4  ; out0             ;
; |ram|4x32ram:inst7|4x4ram:inst7|memory_cell:inst8|inst3  ; |ram|4x32ram:inst7|4x4ram:inst7|memory_cell:inst8|inst3  ; out              ;
; |ram|4x32ram:inst7|4x4ram:inst7|memory_cell:inst8|inst   ; |ram|4x32ram:inst7|4x4ram:inst7|memory_cell:inst8|inst   ; regout           ;
; |ram|4x32ram:inst7|4x4ram:inst7|memory_cell:inst8|inst4  ; |ram|4x32ram:inst7|4x4ram:inst7|memory_cell:inst8|inst4  ; out0             ;
; |ram|4x32ram:inst7|4x4ram:inst7|memory_cell:inst4|inst3  ; |ram|4x32ram:inst7|4x4ram:inst7|memory_cell:inst4|inst3  ; out              ;
; |ram|4x32ram:inst7|4x4ram:inst7|memory_cell:inst4|inst   ; |ram|4x32ram:inst7|4x4ram:inst7|memory_cell:inst4|inst   ; regout           ;
; |ram|4x32ram:inst7|4x4ram:inst7|memory_cell:inst4|inst4  ; |ram|4x32ram:inst7|4x4ram:inst7|memory_cell:inst4|inst4  ; out0             ;
; |ram|4x32ram:inst7|4x4ram:inst7|24decoder:inst|inst3     ; |ram|4x32ram:inst7|4x4ram:inst7|24decoder:inst|inst3     ; out0             ;
; |ram|4x32ram:inst7|4x4ram:inst7|memory_cell:inst2|inst3  ; |ram|4x32ram:inst7|4x4ram:inst7|memory_cell:inst2|inst3  ; out              ;
; |ram|4x32ram:inst7|4x4ram:inst7|memory_cell:inst2|inst   ; |ram|4x32ram:inst7|4x4ram:inst7|memory_cell:inst2|inst   ; regout           ;
; |ram|4x32ram:inst7|4x4ram:inst7|memory_cell:inst2|inst4  ; |ram|4x32ram:inst7|4x4ram:inst7|memory_cell:inst2|inst4  ; out0             ;
; |ram|4x32ram:inst7|4x4ram:inst6|memory_cell:inst3|inst3  ; |ram|4x32ram:inst7|4x4ram:inst6|memory_cell:inst3|inst3  ; out              ;
; |ram|4x32ram:inst7|4x4ram:inst6|memory_cell:inst3|inst   ; |ram|4x32ram:inst7|4x4ram:inst6|memory_cell:inst3|inst   ; regout           ;
; |ram|4x32ram:inst7|4x4ram:inst6|memory_cell:inst3|inst4  ; |ram|4x32ram:inst7|4x4ram:inst6|memory_cell:inst3|inst4  ; out0             ;
; |ram|4x32ram:inst7|4x4ram:inst6|memory_cell:inst7|inst3  ; |ram|4x32ram:inst7|4x4ram:inst6|memory_cell:inst7|inst3  ; out              ;
; |ram|4x32ram:inst7|4x4ram:inst6|memory_cell:inst7|inst   ; |ram|4x32ram:inst7|4x4ram:inst6|memory_cell:inst7|inst   ; regout           ;
; |ram|4x32ram:inst7|4x4ram:inst6|memory_cell:inst7|inst4  ; |ram|4x32ram:inst7|4x4ram:inst6|memory_cell:inst7|inst4  ; out0             ;
; |ram|4x32ram:inst7|4x4ram:inst6|memory_cell:inst1|inst3  ; |ram|4x32ram:inst7|4x4ram:inst6|memory_cell:inst1|inst3  ; out              ;
; |ram|4x32ram:inst7|4x4ram:inst6|memory_cell:inst1|inst   ; |ram|4x32ram:inst7|4x4ram:inst6|memory_cell:inst1|inst   ; regout           ;
; |ram|4x32ram:inst7|4x4ram:inst6|memory_cell:inst1|inst4  ; |ram|4x32ram:inst7|4x4ram:inst6|memory_cell:inst1|inst4  ; out0             ;
; |ram|4x32ram:inst7|4x4ram:inst6|memory_cell:inst16|inst3 ; |ram|4x32ram:inst7|4x4ram:inst6|memory_cell:inst16|inst3 ; out              ;
; |ram|4x32ram:inst7|4x4ram:inst6|memory_cell:inst16|inst  ; |ram|4x32ram:inst7|4x4ram:inst6|memory_cell:inst16|inst  ; regout           ;
; |ram|4x32ram:inst7|4x4ram:inst6|memory_cell:inst16|inst4 ; |ram|4x32ram:inst7|4x4ram:inst6|memory_cell:inst16|inst4 ; out0             ;
; |ram|4x32ram:inst7|4x4ram:inst6|memory_cell:inst12|inst3 ; |ram|4x32ram:inst7|4x4ram:inst6|memory_cell:inst12|inst3 ; out              ;
; |ram|4x32ram:inst7|4x4ram:inst6|memory_cell:inst12|inst  ; |ram|4x32ram:inst7|4x4ram:inst6|memory_cell:inst12|inst  ; regout           ;
; |ram|4x32ram:inst7|4x4ram:inst6|memory_cell:inst12|inst4 ; |ram|4x32ram:inst7|4x4ram:inst6|memory_cell:inst12|inst4 ; out0             ;
; |ram|4x32ram:inst7|4x4ram:inst6|memory_cell:inst10|inst3 ; |ram|4x32ram:inst7|4x4ram:inst6|memory_cell:inst10|inst3 ; out              ;
; |ram|4x32ram:inst7|4x4ram:inst6|memory_cell:inst10|inst  ; |ram|4x32ram:inst7|4x4ram:inst6|memory_cell:inst10|inst  ; regout           ;
; |ram|4x32ram:inst7|4x4ram:inst6|memory_cell:inst10|inst4 ; |ram|4x32ram:inst7|4x4ram:inst6|memory_cell:inst10|inst4 ; out0             ;
; |ram|4x32ram:inst7|4x4ram:inst6|memory_cell:inst15|inst3 ; |ram|4x32ram:inst7|4x4ram:inst6|memory_cell:inst15|inst3 ; out              ;
; |ram|4x32ram:inst7|4x4ram:inst6|memory_cell:inst15|inst  ; |ram|4x32ram:inst7|4x4ram:inst6|memory_cell:inst15|inst  ; regout           ;
; |ram|4x32ram:inst7|4x4ram:inst6|memory_cell:inst15|inst4 ; |ram|4x32ram:inst7|4x4ram:inst6|memory_cell:inst15|inst4 ; out0             ;
; |ram|4x32ram:inst7|4x4ram:inst6|memory_cell:inst11|inst3 ; |ram|4x32ram:inst7|4x4ram:inst6|memory_cell:inst11|inst3 ; out              ;
; |ram|4x32ram:inst7|4x4ram:inst6|memory_cell:inst11|inst  ; |ram|4x32ram:inst7|4x4ram:inst6|memory_cell:inst11|inst  ; regout           ;
; |ram|4x32ram:inst7|4x4ram:inst6|memory_cell:inst11|inst4 ; |ram|4x32ram:inst7|4x4ram:inst6|memory_cell:inst11|inst4 ; out0             ;
; |ram|4x32ram:inst7|4x4ram:inst6|memory_cell:inst9|inst3  ; |ram|4x32ram:inst7|4x4ram:inst6|memory_cell:inst9|inst3  ; out              ;
; |ram|4x32ram:inst7|4x4ram:inst6|memory_cell:inst9|inst   ; |ram|4x32ram:inst7|4x4ram:inst6|memory_cell:inst9|inst   ; regout           ;
; |ram|4x32ram:inst7|4x4ram:inst6|memory_cell:inst9|inst4  ; |ram|4x32ram:inst7|4x4ram:inst6|memory_cell:inst9|inst4  ; out0             ;
; |ram|4x32ram:inst7|4x4ram:inst6|memory_cell:inst8|inst3  ; |ram|4x32ram:inst7|4x4ram:inst6|memory_cell:inst8|inst3  ; out              ;
; |ram|4x32ram:inst7|4x4ram:inst6|memory_cell:inst8|inst   ; |ram|4x32ram:inst7|4x4ram:inst6|memory_cell:inst8|inst   ; regout           ;
; |ram|4x32ram:inst7|4x4ram:inst6|memory_cell:inst8|inst4  ; |ram|4x32ram:inst7|4x4ram:inst6|memory_cell:inst8|inst4  ; out0             ;
; |ram|4x32ram:inst7|4x4ram:inst6|memory_cell:inst4|inst3  ; |ram|4x32ram:inst7|4x4ram:inst6|memory_cell:inst4|inst3  ; out              ;
; |ram|4x32ram:inst7|4x4ram:inst6|memory_cell:inst4|inst   ; |ram|4x32ram:inst7|4x4ram:inst6|memory_cell:inst4|inst   ; regout           ;
; |ram|4x32ram:inst7|4x4ram:inst6|memory_cell:inst4|inst4  ; |ram|4x32ram:inst7|4x4ram:inst6|memory_cell:inst4|inst4  ; out0             ;
; |ram|4x32ram:inst7|4x4ram:inst6|24decoder:inst|inst3     ; |ram|4x32ram:inst7|4x4ram:inst6|24decoder:inst|inst3     ; out0             ;
; |ram|4x32ram:inst7|4x4ram:inst6|memory_cell:inst2|inst3  ; |ram|4x32ram:inst7|4x4ram:inst6|memory_cell:inst2|inst3  ; out              ;
; |ram|4x32ram:inst7|4x4ram:inst6|memory_cell:inst2|inst   ; |ram|4x32ram:inst7|4x4ram:inst6|memory_cell:inst2|inst   ; regout           ;
; |ram|4x32ram:inst7|4x4ram:inst6|memory_cell:inst2|inst4  ; |ram|4x32ram:inst7|4x4ram:inst6|memory_cell:inst2|inst4  ; out0             ;
; |ram|4x32ram:inst7|4x4ram:inst5|memory_cell:inst3|inst3  ; |ram|4x32ram:inst7|4x4ram:inst5|memory_cell:inst3|inst3  ; out              ;
; |ram|4x32ram:inst7|4x4ram:inst5|memory_cell:inst3|inst   ; |ram|4x32ram:inst7|4x4ram:inst5|memory_cell:inst3|inst   ; regout           ;
; |ram|4x32ram:inst7|4x4ram:inst5|memory_cell:inst3|inst4  ; |ram|4x32ram:inst7|4x4ram:inst5|memory_cell:inst3|inst4  ; out0             ;
; |ram|4x32ram:inst7|4x4ram:inst5|memory_cell:inst7|inst3  ; |ram|4x32ram:inst7|4x4ram:inst5|memory_cell:inst7|inst3  ; out              ;
; |ram|4x32ram:inst7|4x4ram:inst5|memory_cell:inst7|inst   ; |ram|4x32ram:inst7|4x4ram:inst5|memory_cell:inst7|inst   ; regout           ;
; |ram|4x32ram:inst7|4x4ram:inst5|memory_cell:inst7|inst4  ; |ram|4x32ram:inst7|4x4ram:inst5|memory_cell:inst7|inst4  ; out0             ;
; |ram|4x32ram:inst7|4x4ram:inst5|memory_cell:inst1|inst3  ; |ram|4x32ram:inst7|4x4ram:inst5|memory_cell:inst1|inst3  ; out              ;
; |ram|4x32ram:inst7|4x4ram:inst5|memory_cell:inst1|inst   ; |ram|4x32ram:inst7|4x4ram:inst5|memory_cell:inst1|inst   ; regout           ;
; |ram|4x32ram:inst7|4x4ram:inst5|memory_cell:inst1|inst4  ; |ram|4x32ram:inst7|4x4ram:inst5|memory_cell:inst1|inst4  ; out0             ;
; |ram|4x32ram:inst7|4x4ram:inst5|memory_cell:inst16|inst3 ; |ram|4x32ram:inst7|4x4ram:inst5|memory_cell:inst16|inst3 ; out              ;
; |ram|4x32ram:inst7|4x4ram:inst5|memory_cell:inst16|inst  ; |ram|4x32ram:inst7|4x4ram:inst5|memory_cell:inst16|inst  ; regout           ;
; |ram|4x32ram:inst7|4x4ram:inst5|memory_cell:inst16|inst4 ; |ram|4x32ram:inst7|4x4ram:inst5|memory_cell:inst16|inst4 ; out0             ;
; |ram|4x32ram:inst7|4x4ram:inst5|memory_cell:inst12|inst3 ; |ram|4x32ram:inst7|4x4ram:inst5|memory_cell:inst12|inst3 ; out              ;
; |ram|4x32ram:inst7|4x4ram:inst5|memory_cell:inst12|inst  ; |ram|4x32ram:inst7|4x4ram:inst5|memory_cell:inst12|inst  ; regout           ;
; |ram|4x32ram:inst7|4x4ram:inst5|memory_cell:inst12|inst4 ; |ram|4x32ram:inst7|4x4ram:inst5|memory_cell:inst12|inst4 ; out0             ;
; |ram|4x32ram:inst7|4x4ram:inst5|memory_cell:inst10|inst3 ; |ram|4x32ram:inst7|4x4ram:inst5|memory_cell:inst10|inst3 ; out              ;
; |ram|4x32ram:inst7|4x4ram:inst5|memory_cell:inst10|inst  ; |ram|4x32ram:inst7|4x4ram:inst5|memory_cell:inst10|inst  ; regout           ;
; |ram|4x32ram:inst7|4x4ram:inst5|memory_cell:inst10|inst4 ; |ram|4x32ram:inst7|4x4ram:inst5|memory_cell:inst10|inst4 ; out0             ;
; |ram|4x32ram:inst7|4x4ram:inst5|memory_cell:inst15|inst3 ; |ram|4x32ram:inst7|4x4ram:inst5|memory_cell:inst15|inst3 ; out              ;
; |ram|4x32ram:inst7|4x4ram:inst5|memory_cell:inst15|inst  ; |ram|4x32ram:inst7|4x4ram:inst5|memory_cell:inst15|inst  ; regout           ;
; |ram|4x32ram:inst7|4x4ram:inst5|memory_cell:inst15|inst4 ; |ram|4x32ram:inst7|4x4ram:inst5|memory_cell:inst15|inst4 ; out0             ;
; |ram|4x32ram:inst7|4x4ram:inst5|memory_cell:inst11|inst3 ; |ram|4x32ram:inst7|4x4ram:inst5|memory_cell:inst11|inst3 ; out              ;
; |ram|4x32ram:inst7|4x4ram:inst5|memory_cell:inst11|inst  ; |ram|4x32ram:inst7|4x4ram:inst5|memory_cell:inst11|inst  ; regout           ;
; |ram|4x32ram:inst7|4x4ram:inst5|memory_cell:inst11|inst4 ; |ram|4x32ram:inst7|4x4ram:inst5|memory_cell:inst11|inst4 ; out0             ;
; |ram|4x32ram:inst7|4x4ram:inst5|memory_cell:inst9|inst3  ; |ram|4x32ram:inst7|4x4ram:inst5|memory_cell:inst9|inst3  ; out              ;
; |ram|4x32ram:inst7|4x4ram:inst5|memory_cell:inst9|inst   ; |ram|4x32ram:inst7|4x4ram:inst5|memory_cell:inst9|inst   ; regout           ;
; |ram|4x32ram:inst7|4x4ram:inst5|memory_cell:inst9|inst4  ; |ram|4x32ram:inst7|4x4ram:inst5|memory_cell:inst9|inst4  ; out0             ;
; |ram|4x32ram:inst7|4x4ram:inst5|memory_cell:inst8|inst3  ; |ram|4x32ram:inst7|4x4ram:inst5|memory_cell:inst8|inst3  ; out              ;
; |ram|4x32ram:inst7|4x4ram:inst5|memory_cell:inst8|inst   ; |ram|4x32ram:inst7|4x4ram:inst5|memory_cell:inst8|inst   ; regout           ;
; |ram|4x32ram:inst7|4x4ram:inst5|memory_cell:inst8|inst4  ; |ram|4x32ram:inst7|4x4ram:inst5|memory_cell:inst8|inst4  ; out0             ;
; |ram|4x32ram:inst7|4x4ram:inst5|memory_cell:inst4|inst3  ; |ram|4x32ram:inst7|4x4ram:inst5|memory_cell:inst4|inst3  ; out              ;
; |ram|4x32ram:inst7|4x4ram:inst5|memory_cell:inst4|inst   ; |ram|4x32ram:inst7|4x4ram:inst5|memory_cell:inst4|inst   ; regout           ;
; |ram|4x32ram:inst7|4x4ram:inst5|memory_cell:inst4|inst4  ; |ram|4x32ram:inst7|4x4ram:inst5|memory_cell:inst4|inst4  ; out0             ;
; |ram|4x32ram:inst7|4x4ram:inst5|24decoder:inst|inst3     ; |ram|4x32ram:inst7|4x4ram:inst5|24decoder:inst|inst3     ; out0             ;
; |ram|4x32ram:inst7|4x4ram:inst5|memory_cell:inst2|inst3  ; |ram|4x32ram:inst7|4x4ram:inst5|memory_cell:inst2|inst3  ; out              ;
; |ram|4x32ram:inst7|4x4ram:inst5|memory_cell:inst2|inst   ; |ram|4x32ram:inst7|4x4ram:inst5|memory_cell:inst2|inst   ; regout           ;
; |ram|4x32ram:inst7|4x4ram:inst5|memory_cell:inst2|inst4  ; |ram|4x32ram:inst7|4x4ram:inst5|memory_cell:inst2|inst4  ; out0             ;
; |ram|4x32ram:inst7|4x4ram:inst4|memory_cell:inst3|inst3  ; |ram|4x32ram:inst7|4x4ram:inst4|memory_cell:inst3|inst3  ; out              ;
; |ram|4x32ram:inst7|4x4ram:inst4|memory_cell:inst3|inst   ; |ram|4x32ram:inst7|4x4ram:inst4|memory_cell:inst3|inst   ; regout           ;
; |ram|4x32ram:inst7|4x4ram:inst4|memory_cell:inst3|inst4  ; |ram|4x32ram:inst7|4x4ram:inst4|memory_cell:inst3|inst4  ; out0             ;
; |ram|4x32ram:inst7|4x4ram:inst4|memory_cell:inst7|inst3  ; |ram|4x32ram:inst7|4x4ram:inst4|memory_cell:inst7|inst3  ; out              ;
; |ram|4x32ram:inst7|4x4ram:inst4|memory_cell:inst7|inst   ; |ram|4x32ram:inst7|4x4ram:inst4|memory_cell:inst7|inst   ; regout           ;
; |ram|4x32ram:inst7|4x4ram:inst4|memory_cell:inst7|inst4  ; |ram|4x32ram:inst7|4x4ram:inst4|memory_cell:inst7|inst4  ; out0             ;
; |ram|4x32ram:inst7|4x4ram:inst4|memory_cell:inst1|inst3  ; |ram|4x32ram:inst7|4x4ram:inst4|memory_cell:inst1|inst3  ; out              ;
; |ram|4x32ram:inst7|4x4ram:inst4|memory_cell:inst1|inst   ; |ram|4x32ram:inst7|4x4ram:inst4|memory_cell:inst1|inst   ; regout           ;
; |ram|4x32ram:inst7|4x4ram:inst4|memory_cell:inst1|inst4  ; |ram|4x32ram:inst7|4x4ram:inst4|memory_cell:inst1|inst4  ; out0             ;
; |ram|4x32ram:inst7|4x4ram:inst4|memory_cell:inst16|inst3 ; |ram|4x32ram:inst7|4x4ram:inst4|memory_cell:inst16|inst3 ; out              ;
; |ram|4x32ram:inst7|4x4ram:inst4|memory_cell:inst16|inst  ; |ram|4x32ram:inst7|4x4ram:inst4|memory_cell:inst16|inst  ; regout           ;
; |ram|4x32ram:inst7|4x4ram:inst4|memory_cell:inst16|inst4 ; |ram|4x32ram:inst7|4x4ram:inst4|memory_cell:inst16|inst4 ; out0             ;
; |ram|4x32ram:inst7|4x4ram:inst4|memory_cell:inst12|inst3 ; |ram|4x32ram:inst7|4x4ram:inst4|memory_cell:inst12|inst3 ; out              ;
; |ram|4x32ram:inst7|4x4ram:inst4|memory_cell:inst12|inst  ; |ram|4x32ram:inst7|4x4ram:inst4|memory_cell:inst12|inst  ; regout           ;
; |ram|4x32ram:inst7|4x4ram:inst4|memory_cell:inst12|inst4 ; |ram|4x32ram:inst7|4x4ram:inst4|memory_cell:inst12|inst4 ; out0             ;
; |ram|4x32ram:inst7|4x4ram:inst4|memory_cell:inst10|inst3 ; |ram|4x32ram:inst7|4x4ram:inst4|memory_cell:inst10|inst3 ; out              ;
; |ram|4x32ram:inst7|4x4ram:inst4|memory_cell:inst10|inst  ; |ram|4x32ram:inst7|4x4ram:inst4|memory_cell:inst10|inst  ; regout           ;
; |ram|4x32ram:inst7|4x4ram:inst4|memory_cell:inst10|inst4 ; |ram|4x32ram:inst7|4x4ram:inst4|memory_cell:inst10|inst4 ; out0             ;
; |ram|4x32ram:inst7|4x4ram:inst4|memory_cell:inst15|inst3 ; |ram|4x32ram:inst7|4x4ram:inst4|memory_cell:inst15|inst3 ; out              ;
; |ram|4x32ram:inst7|4x4ram:inst4|memory_cell:inst15|inst  ; |ram|4x32ram:inst7|4x4ram:inst4|memory_cell:inst15|inst  ; regout           ;
; |ram|4x32ram:inst7|4x4ram:inst4|memory_cell:inst15|inst4 ; |ram|4x32ram:inst7|4x4ram:inst4|memory_cell:inst15|inst4 ; out0             ;
; |ram|4x32ram:inst7|4x4ram:inst4|memory_cell:inst11|inst3 ; |ram|4x32ram:inst7|4x4ram:inst4|memory_cell:inst11|inst3 ; out              ;
; |ram|4x32ram:inst7|4x4ram:inst4|memory_cell:inst11|inst  ; |ram|4x32ram:inst7|4x4ram:inst4|memory_cell:inst11|inst  ; regout           ;
; |ram|4x32ram:inst7|4x4ram:inst4|memory_cell:inst11|inst4 ; |ram|4x32ram:inst7|4x4ram:inst4|memory_cell:inst11|inst4 ; out0             ;
; |ram|4x32ram:inst7|4x4ram:inst4|memory_cell:inst9|inst3  ; |ram|4x32ram:inst7|4x4ram:inst4|memory_cell:inst9|inst3  ; out              ;
; |ram|4x32ram:inst7|4x4ram:inst4|memory_cell:inst9|inst   ; |ram|4x32ram:inst7|4x4ram:inst4|memory_cell:inst9|inst   ; regout           ;
; |ram|4x32ram:inst7|4x4ram:inst4|memory_cell:inst9|inst4  ; |ram|4x32ram:inst7|4x4ram:inst4|memory_cell:inst9|inst4  ; out0             ;
; |ram|4x32ram:inst7|4x4ram:inst4|memory_cell:inst8|inst3  ; |ram|4x32ram:inst7|4x4ram:inst4|memory_cell:inst8|inst3  ; out              ;
; |ram|4x32ram:inst7|4x4ram:inst4|memory_cell:inst8|inst   ; |ram|4x32ram:inst7|4x4ram:inst4|memory_cell:inst8|inst   ; regout           ;
; |ram|4x32ram:inst7|4x4ram:inst4|memory_cell:inst8|inst4  ; |ram|4x32ram:inst7|4x4ram:inst4|memory_cell:inst8|inst4  ; out0             ;
; |ram|4x32ram:inst7|4x4ram:inst4|memory_cell:inst4|inst3  ; |ram|4x32ram:inst7|4x4ram:inst4|memory_cell:inst4|inst3  ; out              ;
; |ram|4x32ram:inst7|4x4ram:inst4|memory_cell:inst4|inst   ; |ram|4x32ram:inst7|4x4ram:inst4|memory_cell:inst4|inst   ; regout           ;
; |ram|4x32ram:inst7|4x4ram:inst4|memory_cell:inst4|inst4  ; |ram|4x32ram:inst7|4x4ram:inst4|memory_cell:inst4|inst4  ; out0             ;
; |ram|4x32ram:inst7|4x4ram:inst4|24decoder:inst|inst3     ; |ram|4x32ram:inst7|4x4ram:inst4|24decoder:inst|inst3     ; out0             ;
; |ram|4x32ram:inst7|4x4ram:inst4|memory_cell:inst2|inst3  ; |ram|4x32ram:inst7|4x4ram:inst4|memory_cell:inst2|inst3  ; out              ;
; |ram|4x32ram:inst7|4x4ram:inst4|memory_cell:inst2|inst   ; |ram|4x32ram:inst7|4x4ram:inst4|memory_cell:inst2|inst   ; regout           ;
; |ram|4x32ram:inst7|4x4ram:inst4|memory_cell:inst2|inst4  ; |ram|4x32ram:inst7|4x4ram:inst4|memory_cell:inst2|inst4  ; out0             ;
; |ram|4x32ram:inst7|4x4ram:inst3|memory_cell:inst3|inst3  ; |ram|4x32ram:inst7|4x4ram:inst3|memory_cell:inst3|inst3  ; out              ;
; |ram|4x32ram:inst7|4x4ram:inst3|memory_cell:inst3|inst   ; |ram|4x32ram:inst7|4x4ram:inst3|memory_cell:inst3|inst   ; regout           ;
; |ram|4x32ram:inst7|4x4ram:inst3|memory_cell:inst3|inst4  ; |ram|4x32ram:inst7|4x4ram:inst3|memory_cell:inst3|inst4  ; out0             ;
; |ram|4x32ram:inst7|4x4ram:inst3|memory_cell:inst7|inst3  ; |ram|4x32ram:inst7|4x4ram:inst3|memory_cell:inst7|inst3  ; out              ;
; |ram|4x32ram:inst7|4x4ram:inst3|memory_cell:inst7|inst   ; |ram|4x32ram:inst7|4x4ram:inst3|memory_cell:inst7|inst   ; regout           ;
; |ram|4x32ram:inst7|4x4ram:inst3|memory_cell:inst7|inst4  ; |ram|4x32ram:inst7|4x4ram:inst3|memory_cell:inst7|inst4  ; out0             ;
; |ram|4x32ram:inst7|4x4ram:inst3|memory_cell:inst1|inst3  ; |ram|4x32ram:inst7|4x4ram:inst3|memory_cell:inst1|inst3  ; out              ;
; |ram|4x32ram:inst7|4x4ram:inst3|memory_cell:inst1|inst   ; |ram|4x32ram:inst7|4x4ram:inst3|memory_cell:inst1|inst   ; regout           ;
; |ram|4x32ram:inst7|4x4ram:inst3|memory_cell:inst1|inst4  ; |ram|4x32ram:inst7|4x4ram:inst3|memory_cell:inst1|inst4  ; out0             ;
; |ram|4x32ram:inst7|4x4ram:inst3|memory_cell:inst16|inst3 ; |ram|4x32ram:inst7|4x4ram:inst3|memory_cell:inst16|inst3 ; out              ;
; |ram|4x32ram:inst7|4x4ram:inst3|memory_cell:inst16|inst  ; |ram|4x32ram:inst7|4x4ram:inst3|memory_cell:inst16|inst  ; regout           ;
; |ram|4x32ram:inst7|4x4ram:inst3|memory_cell:inst16|inst4 ; |ram|4x32ram:inst7|4x4ram:inst3|memory_cell:inst16|inst4 ; out0             ;
; |ram|4x32ram:inst7|4x4ram:inst3|memory_cell:inst12|inst3 ; |ram|4x32ram:inst7|4x4ram:inst3|memory_cell:inst12|inst3 ; out              ;
; |ram|4x32ram:inst7|4x4ram:inst3|memory_cell:inst12|inst  ; |ram|4x32ram:inst7|4x4ram:inst3|memory_cell:inst12|inst  ; regout           ;
; |ram|4x32ram:inst7|4x4ram:inst3|memory_cell:inst12|inst4 ; |ram|4x32ram:inst7|4x4ram:inst3|memory_cell:inst12|inst4 ; out0             ;
; |ram|4x32ram:inst7|4x4ram:inst3|memory_cell:inst10|inst3 ; |ram|4x32ram:inst7|4x4ram:inst3|memory_cell:inst10|inst3 ; out              ;
; |ram|4x32ram:inst7|4x4ram:inst3|memory_cell:inst10|inst  ; |ram|4x32ram:inst7|4x4ram:inst3|memory_cell:inst10|inst  ; regout           ;
; |ram|4x32ram:inst7|4x4ram:inst3|memory_cell:inst10|inst4 ; |ram|4x32ram:inst7|4x4ram:inst3|memory_cell:inst10|inst4 ; out0             ;
; |ram|4x32ram:inst7|4x4ram:inst3|memory_cell:inst15|inst3 ; |ram|4x32ram:inst7|4x4ram:inst3|memory_cell:inst15|inst3 ; out              ;
; |ram|4x32ram:inst7|4x4ram:inst3|memory_cell:inst15|inst  ; |ram|4x32ram:inst7|4x4ram:inst3|memory_cell:inst15|inst  ; regout           ;
; |ram|4x32ram:inst7|4x4ram:inst3|memory_cell:inst15|inst4 ; |ram|4x32ram:inst7|4x4ram:inst3|memory_cell:inst15|inst4 ; out0             ;
; |ram|4x32ram:inst7|4x4ram:inst3|memory_cell:inst11|inst3 ; |ram|4x32ram:inst7|4x4ram:inst3|memory_cell:inst11|inst3 ; out              ;
; |ram|4x32ram:inst7|4x4ram:inst3|memory_cell:inst11|inst  ; |ram|4x32ram:inst7|4x4ram:inst3|memory_cell:inst11|inst  ; regout           ;
; |ram|4x32ram:inst7|4x4ram:inst3|memory_cell:inst11|inst4 ; |ram|4x32ram:inst7|4x4ram:inst3|memory_cell:inst11|inst4 ; out0             ;
; |ram|4x32ram:inst7|4x4ram:inst3|memory_cell:inst9|inst3  ; |ram|4x32ram:inst7|4x4ram:inst3|memory_cell:inst9|inst3  ; out              ;
; |ram|4x32ram:inst7|4x4ram:inst3|memory_cell:inst9|inst   ; |ram|4x32ram:inst7|4x4ram:inst3|memory_cell:inst9|inst   ; regout           ;
; |ram|4x32ram:inst7|4x4ram:inst3|memory_cell:inst9|inst4  ; |ram|4x32ram:inst7|4x4ram:inst3|memory_cell:inst9|inst4  ; out0             ;
; |ram|4x32ram:inst7|4x4ram:inst3|memory_cell:inst8|inst3  ; |ram|4x32ram:inst7|4x4ram:inst3|memory_cell:inst8|inst3  ; out              ;
; |ram|4x32ram:inst7|4x4ram:inst3|memory_cell:inst8|inst   ; |ram|4x32ram:inst7|4x4ram:inst3|memory_cell:inst8|inst   ; regout           ;
; |ram|4x32ram:inst7|4x4ram:inst3|memory_cell:inst8|inst4  ; |ram|4x32ram:inst7|4x4ram:inst3|memory_cell:inst8|inst4  ; out0             ;
; |ram|4x32ram:inst7|4x4ram:inst3|memory_cell:inst4|inst3  ; |ram|4x32ram:inst7|4x4ram:inst3|memory_cell:inst4|inst3  ; out              ;
; |ram|4x32ram:inst7|4x4ram:inst3|memory_cell:inst4|inst   ; |ram|4x32ram:inst7|4x4ram:inst3|memory_cell:inst4|inst   ; regout           ;
; |ram|4x32ram:inst7|4x4ram:inst3|memory_cell:inst4|inst4  ; |ram|4x32ram:inst7|4x4ram:inst3|memory_cell:inst4|inst4  ; out0             ;
; |ram|4x32ram:inst7|4x4ram:inst3|24decoder:inst|inst3     ; |ram|4x32ram:inst7|4x4ram:inst3|24decoder:inst|inst3     ; out0             ;
; |ram|4x32ram:inst7|4x4ram:inst3|memory_cell:inst2|inst3  ; |ram|4x32ram:inst7|4x4ram:inst3|memory_cell:inst2|inst3  ; out              ;
; |ram|4x32ram:inst7|4x4ram:inst3|memory_cell:inst2|inst   ; |ram|4x32ram:inst7|4x4ram:inst3|memory_cell:inst2|inst   ; regout           ;
; |ram|4x32ram:inst7|4x4ram:inst3|memory_cell:inst2|inst4  ; |ram|4x32ram:inst7|4x4ram:inst3|memory_cell:inst2|inst4  ; out0             ;
; |ram|4x32ram:inst7|4x4ram:inst1|memory_cell:inst3|inst3  ; |ram|4x32ram:inst7|4x4ram:inst1|memory_cell:inst3|inst3  ; out              ;
; |ram|4x32ram:inst7|4x4ram:inst1|memory_cell:inst3|inst   ; |ram|4x32ram:inst7|4x4ram:inst1|memory_cell:inst3|inst   ; regout           ;
; |ram|4x32ram:inst7|4x4ram:inst1|memory_cell:inst3|inst4  ; |ram|4x32ram:inst7|4x4ram:inst1|memory_cell:inst3|inst4  ; out0             ;
; |ram|4x32ram:inst7|4x4ram:inst1|memory_cell:inst7|inst3  ; |ram|4x32ram:inst7|4x4ram:inst1|memory_cell:inst7|inst3  ; out              ;
; |ram|4x32ram:inst7|4x4ram:inst1|memory_cell:inst7|inst   ; |ram|4x32ram:inst7|4x4ram:inst1|memory_cell:inst7|inst   ; regout           ;
; |ram|4x32ram:inst7|4x4ram:inst1|memory_cell:inst7|inst4  ; |ram|4x32ram:inst7|4x4ram:inst1|memory_cell:inst7|inst4  ; out0             ;
; |ram|4x32ram:inst7|4x4ram:inst1|memory_cell:inst1|inst3  ; |ram|4x32ram:inst7|4x4ram:inst1|memory_cell:inst1|inst3  ; out              ;
; |ram|4x32ram:inst7|4x4ram:inst1|memory_cell:inst1|inst   ; |ram|4x32ram:inst7|4x4ram:inst1|memory_cell:inst1|inst   ; regout           ;
; |ram|4x32ram:inst7|4x4ram:inst1|memory_cell:inst1|inst4  ; |ram|4x32ram:inst7|4x4ram:inst1|memory_cell:inst1|inst4  ; out0             ;
; |ram|4x32ram:inst7|4x4ram:inst1|memory_cell:inst16|inst3 ; |ram|4x32ram:inst7|4x4ram:inst1|memory_cell:inst16|inst3 ; out              ;
; |ram|4x32ram:inst7|4x4ram:inst1|memory_cell:inst16|inst  ; |ram|4x32ram:inst7|4x4ram:inst1|memory_cell:inst16|inst  ; regout           ;
; |ram|4x32ram:inst7|4x4ram:inst1|memory_cell:inst16|inst4 ; |ram|4x32ram:inst7|4x4ram:inst1|memory_cell:inst16|inst4 ; out0             ;
; |ram|4x32ram:inst7|4x4ram:inst1|memory_cell:inst12|inst3 ; |ram|4x32ram:inst7|4x4ram:inst1|memory_cell:inst12|inst3 ; out              ;
; |ram|4x32ram:inst7|4x4ram:inst1|memory_cell:inst12|inst  ; |ram|4x32ram:inst7|4x4ram:inst1|memory_cell:inst12|inst  ; regout           ;
; |ram|4x32ram:inst7|4x4ram:inst1|memory_cell:inst12|inst4 ; |ram|4x32ram:inst7|4x4ram:inst1|memory_cell:inst12|inst4 ; out0             ;
; |ram|4x32ram:inst7|4x4ram:inst1|memory_cell:inst10|inst3 ; |ram|4x32ram:inst7|4x4ram:inst1|memory_cell:inst10|inst3 ; out              ;
; |ram|4x32ram:inst7|4x4ram:inst1|memory_cell:inst10|inst  ; |ram|4x32ram:inst7|4x4ram:inst1|memory_cell:inst10|inst  ; regout           ;
; |ram|4x32ram:inst7|4x4ram:inst1|memory_cell:inst10|inst4 ; |ram|4x32ram:inst7|4x4ram:inst1|memory_cell:inst10|inst4 ; out0             ;
; |ram|4x32ram:inst7|4x4ram:inst1|memory_cell:inst15|inst3 ; |ram|4x32ram:inst7|4x4ram:inst1|memory_cell:inst15|inst3 ; out              ;
; |ram|4x32ram:inst7|4x4ram:inst1|memory_cell:inst15|inst  ; |ram|4x32ram:inst7|4x4ram:inst1|memory_cell:inst15|inst  ; regout           ;
; |ram|4x32ram:inst7|4x4ram:inst1|memory_cell:inst15|inst4 ; |ram|4x32ram:inst7|4x4ram:inst1|memory_cell:inst15|inst4 ; out0             ;
; |ram|4x32ram:inst7|4x4ram:inst1|memory_cell:inst11|inst3 ; |ram|4x32ram:inst7|4x4ram:inst1|memory_cell:inst11|inst3 ; out              ;
; |ram|4x32ram:inst7|4x4ram:inst1|memory_cell:inst11|inst  ; |ram|4x32ram:inst7|4x4ram:inst1|memory_cell:inst11|inst  ; regout           ;
; |ram|4x32ram:inst7|4x4ram:inst1|memory_cell:inst11|inst4 ; |ram|4x32ram:inst7|4x4ram:inst1|memory_cell:inst11|inst4 ; out0             ;
; |ram|4x32ram:inst7|4x4ram:inst1|memory_cell:inst9|inst3  ; |ram|4x32ram:inst7|4x4ram:inst1|memory_cell:inst9|inst3  ; out              ;
; |ram|4x32ram:inst7|4x4ram:inst1|memory_cell:inst9|inst   ; |ram|4x32ram:inst7|4x4ram:inst1|memory_cell:inst9|inst   ; regout           ;
; |ram|4x32ram:inst7|4x4ram:inst1|memory_cell:inst9|inst4  ; |ram|4x32ram:inst7|4x4ram:inst1|memory_cell:inst9|inst4  ; out0             ;
; |ram|4x32ram:inst7|4x4ram:inst1|memory_cell:inst8|inst3  ; |ram|4x32ram:inst7|4x4ram:inst1|memory_cell:inst8|inst3  ; out              ;
; |ram|4x32ram:inst7|4x4ram:inst1|memory_cell:inst8|inst   ; |ram|4x32ram:inst7|4x4ram:inst1|memory_cell:inst8|inst   ; regout           ;
; |ram|4x32ram:inst7|4x4ram:inst1|memory_cell:inst8|inst4  ; |ram|4x32ram:inst7|4x4ram:inst1|memory_cell:inst8|inst4  ; out0             ;
; |ram|4x32ram:inst7|4x4ram:inst1|memory_cell:inst4|inst3  ; |ram|4x32ram:inst7|4x4ram:inst1|memory_cell:inst4|inst3  ; out              ;
; |ram|4x32ram:inst7|4x4ram:inst1|memory_cell:inst4|inst   ; |ram|4x32ram:inst7|4x4ram:inst1|memory_cell:inst4|inst   ; regout           ;
; |ram|4x32ram:inst7|4x4ram:inst1|memory_cell:inst4|inst4  ; |ram|4x32ram:inst7|4x4ram:inst1|memory_cell:inst4|inst4  ; out0             ;
; |ram|4x32ram:inst7|4x4ram:inst1|24decoder:inst|inst3     ; |ram|4x32ram:inst7|4x4ram:inst1|24decoder:inst|inst3     ; out0             ;
; |ram|4x32ram:inst7|4x4ram:inst1|memory_cell:inst2|inst3  ; |ram|4x32ram:inst7|4x4ram:inst1|memory_cell:inst2|inst3  ; out              ;
; |ram|4x32ram:inst7|4x4ram:inst1|memory_cell:inst2|inst   ; |ram|4x32ram:inst7|4x4ram:inst1|memory_cell:inst2|inst   ; regout           ;
; |ram|4x32ram:inst7|4x4ram:inst1|memory_cell:inst2|inst4  ; |ram|4x32ram:inst7|4x4ram:inst1|memory_cell:inst2|inst4  ; out0             ;
; |ram|4x32ram:inst7|4x4ram:inst|memory_cell:inst3|inst3   ; |ram|4x32ram:inst7|4x4ram:inst|memory_cell:inst3|inst3   ; out              ;
; |ram|4x32ram:inst7|4x4ram:inst|memory_cell:inst3|inst    ; |ram|4x32ram:inst7|4x4ram:inst|memory_cell:inst3|inst    ; regout           ;
; |ram|4x32ram:inst7|4x4ram:inst|memory_cell:inst3|inst4   ; |ram|4x32ram:inst7|4x4ram:inst|memory_cell:inst3|inst4   ; out0             ;
; |ram|4x32ram:inst7|4x4ram:inst|memory_cell:inst7|inst3   ; |ram|4x32ram:inst7|4x4ram:inst|memory_cell:inst7|inst3   ; out              ;
; |ram|4x32ram:inst7|4x4ram:inst|memory_cell:inst7|inst    ; |ram|4x32ram:inst7|4x4ram:inst|memory_cell:inst7|inst    ; regout           ;
; |ram|4x32ram:inst7|4x4ram:inst|memory_cell:inst7|inst4   ; |ram|4x32ram:inst7|4x4ram:inst|memory_cell:inst7|inst4   ; out0             ;
; |ram|4x32ram:inst7|4x4ram:inst|memory_cell:inst1|inst3   ; |ram|4x32ram:inst7|4x4ram:inst|memory_cell:inst1|inst3   ; out              ;
; |ram|4x32ram:inst7|4x4ram:inst|memory_cell:inst1|inst    ; |ram|4x32ram:inst7|4x4ram:inst|memory_cell:inst1|inst    ; regout           ;
; |ram|4x32ram:inst7|4x4ram:inst|memory_cell:inst1|inst4   ; |ram|4x32ram:inst7|4x4ram:inst|memory_cell:inst1|inst4   ; out0             ;
; |ram|4x32ram:inst7|4x4ram:inst|memory_cell:inst16|inst3  ; |ram|4x32ram:inst7|4x4ram:inst|memory_cell:inst16|inst3  ; out              ;
; |ram|4x32ram:inst7|4x4ram:inst|memory_cell:inst16|inst   ; |ram|4x32ram:inst7|4x4ram:inst|memory_cell:inst16|inst   ; regout           ;
; |ram|4x32ram:inst7|4x4ram:inst|memory_cell:inst16|inst4  ; |ram|4x32ram:inst7|4x4ram:inst|memory_cell:inst16|inst4  ; out0             ;
; |ram|4x32ram:inst7|4x4ram:inst|memory_cell:inst12|inst3  ; |ram|4x32ram:inst7|4x4ram:inst|memory_cell:inst12|inst3  ; out              ;
; |ram|4x32ram:inst7|4x4ram:inst|memory_cell:inst12|inst   ; |ram|4x32ram:inst7|4x4ram:inst|memory_cell:inst12|inst   ; regout           ;
; |ram|4x32ram:inst7|4x4ram:inst|memory_cell:inst12|inst4  ; |ram|4x32ram:inst7|4x4ram:inst|memory_cell:inst12|inst4  ; out0             ;
; |ram|4x32ram:inst7|4x4ram:inst|memory_cell:inst10|inst3  ; |ram|4x32ram:inst7|4x4ram:inst|memory_cell:inst10|inst3  ; out              ;
; |ram|4x32ram:inst7|4x4ram:inst|memory_cell:inst10|inst   ; |ram|4x32ram:inst7|4x4ram:inst|memory_cell:inst10|inst   ; regout           ;
; |ram|4x32ram:inst7|4x4ram:inst|memory_cell:inst10|inst4  ; |ram|4x32ram:inst7|4x4ram:inst|memory_cell:inst10|inst4  ; out0             ;
; |ram|4x32ram:inst7|4x4ram:inst|memory_cell:inst15|inst3  ; |ram|4x32ram:inst7|4x4ram:inst|memory_cell:inst15|inst3  ; out              ;
; |ram|4x32ram:inst7|4x4ram:inst|memory_cell:inst15|inst   ; |ram|4x32ram:inst7|4x4ram:inst|memory_cell:inst15|inst   ; regout           ;
; |ram|4x32ram:inst7|4x4ram:inst|memory_cell:inst15|inst4  ; |ram|4x32ram:inst7|4x4ram:inst|memory_cell:inst15|inst4  ; out0             ;
; |ram|4x32ram:inst7|4x4ram:inst|memory_cell:inst11|inst3  ; |ram|4x32ram:inst7|4x4ram:inst|memory_cell:inst11|inst3  ; out              ;
; |ram|4x32ram:inst7|4x4ram:inst|memory_cell:inst11|inst   ; |ram|4x32ram:inst7|4x4ram:inst|memory_cell:inst11|inst   ; regout           ;
; |ram|4x32ram:inst7|4x4ram:inst|memory_cell:inst11|inst4  ; |ram|4x32ram:inst7|4x4ram:inst|memory_cell:inst11|inst4  ; out0             ;
; |ram|4x32ram:inst7|4x4ram:inst|memory_cell:inst9|inst3   ; |ram|4x32ram:inst7|4x4ram:inst|memory_cell:inst9|inst3   ; out              ;
; |ram|4x32ram:inst7|4x4ram:inst|memory_cell:inst9|inst    ; |ram|4x32ram:inst7|4x4ram:inst|memory_cell:inst9|inst    ; regout           ;
; |ram|4x32ram:inst7|4x4ram:inst|memory_cell:inst9|inst4   ; |ram|4x32ram:inst7|4x4ram:inst|memory_cell:inst9|inst4   ; out0             ;
; |ram|4x32ram:inst7|4x4ram:inst|memory_cell:inst8|inst3   ; |ram|4x32ram:inst7|4x4ram:inst|memory_cell:inst8|inst3   ; out              ;
; |ram|4x32ram:inst7|4x4ram:inst|memory_cell:inst8|inst    ; |ram|4x32ram:inst7|4x4ram:inst|memory_cell:inst8|inst    ; regout           ;
; |ram|4x32ram:inst7|4x4ram:inst|memory_cell:inst8|inst4   ; |ram|4x32ram:inst7|4x4ram:inst|memory_cell:inst8|inst4   ; out0             ;
; |ram|4x32ram:inst7|4x4ram:inst|memory_cell:inst4|inst3   ; |ram|4x32ram:inst7|4x4ram:inst|memory_cell:inst4|inst3   ; out              ;
; |ram|4x32ram:inst7|4x4ram:inst|memory_cell:inst4|inst    ; |ram|4x32ram:inst7|4x4ram:inst|memory_cell:inst4|inst    ; regout           ;
; |ram|4x32ram:inst7|4x4ram:inst|memory_cell:inst4|inst4   ; |ram|4x32ram:inst7|4x4ram:inst|memory_cell:inst4|inst4   ; out0             ;
; |ram|4x32ram:inst7|4x4ram:inst|24decoder:inst|inst3      ; |ram|4x32ram:inst7|4x4ram:inst|24decoder:inst|inst3      ; out0             ;
; |ram|4x32ram:inst7|4x4ram:inst|memory_cell:inst2|inst3   ; |ram|4x32ram:inst7|4x4ram:inst|memory_cell:inst2|inst3   ; out              ;
; |ram|4x32ram:inst7|4x4ram:inst|memory_cell:inst2|inst    ; |ram|4x32ram:inst7|4x4ram:inst|memory_cell:inst2|inst    ; regout           ;
; |ram|4x32ram:inst7|4x4ram:inst|memory_cell:inst2|inst4   ; |ram|4x32ram:inst7|4x4ram:inst|memory_cell:inst2|inst4   ; out0             ;
; |ram|4x32ram:inst6|4x4ram:inst8|inst20                   ; |ram|4x32ram:inst6|4x4ram:inst8|inst20                   ; out              ;
; |ram|4x32ram:inst6|4x4ram:inst8|IN~0                     ; |ram|4x32ram:inst6|4x4ram:inst8|IN~0                     ; out0             ;
; |ram|4x32ram:inst6|4x4ram:inst8|inst21                   ; |ram|4x32ram:inst6|4x4ram:inst8|inst21                   ; out              ;
; |ram|4x32ram:inst6|4x4ram:inst8|IN~1                     ; |ram|4x32ram:inst6|4x4ram:inst8|IN~1                     ; out0             ;
; |ram|4x32ram:inst6|4x4ram:inst8|inst22                   ; |ram|4x32ram:inst6|4x4ram:inst8|inst22                   ; out              ;
; |ram|4x32ram:inst6|4x4ram:inst8|IN~2                     ; |ram|4x32ram:inst6|4x4ram:inst8|IN~2                     ; out0             ;
; |ram|4x32ram:inst6|4x4ram:inst8|inst19                   ; |ram|4x32ram:inst6|4x4ram:inst8|inst19                   ; out              ;
; |ram|4x32ram:inst6|4x4ram:inst8|IN~3                     ; |ram|4x32ram:inst6|4x4ram:inst8|IN~3                     ; out0             ;
; |ram|4x32ram:inst6|4x4ram:inst8|memory_cell:inst3|inst3  ; |ram|4x32ram:inst6|4x4ram:inst8|memory_cell:inst3|inst3  ; out              ;
; |ram|4x32ram:inst6|4x4ram:inst8|memory_cell:inst3|inst   ; |ram|4x32ram:inst6|4x4ram:inst8|memory_cell:inst3|inst   ; regout           ;
; |ram|4x32ram:inst6|4x4ram:inst8|memory_cell:inst3|inst4  ; |ram|4x32ram:inst6|4x4ram:inst8|memory_cell:inst3|inst4  ; out0             ;
; |ram|4x32ram:inst6|4x4ram:inst8|memory_cell:inst5|inst3  ; |ram|4x32ram:inst6|4x4ram:inst8|memory_cell:inst5|inst3  ; out              ;
; |ram|4x32ram:inst6|4x4ram:inst8|memory_cell:inst5|inst   ; |ram|4x32ram:inst6|4x4ram:inst8|memory_cell:inst5|inst   ; regout           ;
; |ram|4x32ram:inst6|4x4ram:inst8|memory_cell:inst5|inst4  ; |ram|4x32ram:inst6|4x4ram:inst8|memory_cell:inst5|inst4  ; out0             ;
; |ram|4x32ram:inst6|4x4ram:inst8|memory_cell:inst7|inst3  ; |ram|4x32ram:inst6|4x4ram:inst8|memory_cell:inst7|inst3  ; out              ;
; |ram|4x32ram:inst6|4x4ram:inst8|memory_cell:inst7|inst   ; |ram|4x32ram:inst6|4x4ram:inst8|memory_cell:inst7|inst   ; regout           ;
; |ram|4x32ram:inst6|4x4ram:inst8|memory_cell:inst1|inst3  ; |ram|4x32ram:inst6|4x4ram:inst8|memory_cell:inst1|inst3  ; out              ;
; |ram|4x32ram:inst6|4x4ram:inst8|memory_cell:inst1|inst   ; |ram|4x32ram:inst6|4x4ram:inst8|memory_cell:inst1|inst   ; regout           ;
; |ram|4x32ram:inst6|4x4ram:inst8|memory_cell:inst1|inst4  ; |ram|4x32ram:inst6|4x4ram:inst8|memory_cell:inst1|inst4  ; out0             ;
; |ram|4x32ram:inst6|4x4ram:inst8|memory_cell:inst16|inst3 ; |ram|4x32ram:inst6|4x4ram:inst8|memory_cell:inst16|inst3 ; out              ;
; |ram|4x32ram:inst6|4x4ram:inst8|memory_cell:inst16|inst  ; |ram|4x32ram:inst6|4x4ram:inst8|memory_cell:inst16|inst  ; regout           ;
; |ram|4x32ram:inst6|4x4ram:inst8|memory_cell:inst14|inst3 ; |ram|4x32ram:inst6|4x4ram:inst8|memory_cell:inst14|inst3 ; out              ;
; |ram|4x32ram:inst6|4x4ram:inst8|memory_cell:inst14|inst  ; |ram|4x32ram:inst6|4x4ram:inst8|memory_cell:inst14|inst  ; regout           ;
; |ram|4x32ram:inst6|4x4ram:inst8|memory_cell:inst14|inst4 ; |ram|4x32ram:inst6|4x4ram:inst8|memory_cell:inst14|inst4 ; out0             ;
; |ram|4x32ram:inst6|4x4ram:inst8|memory_cell:inst12|inst3 ; |ram|4x32ram:inst6|4x4ram:inst8|memory_cell:inst12|inst3 ; out              ;
; |ram|4x32ram:inst6|4x4ram:inst8|memory_cell:inst12|inst  ; |ram|4x32ram:inst6|4x4ram:inst8|memory_cell:inst12|inst  ; regout           ;
; |ram|4x32ram:inst6|4x4ram:inst8|memory_cell:inst12|inst4 ; |ram|4x32ram:inst6|4x4ram:inst8|memory_cell:inst12|inst4 ; out0             ;
; |ram|4x32ram:inst6|4x4ram:inst8|memory_cell:inst10|inst3 ; |ram|4x32ram:inst6|4x4ram:inst8|memory_cell:inst10|inst3 ; out              ;
; |ram|4x32ram:inst6|4x4ram:inst8|memory_cell:inst10|inst  ; |ram|4x32ram:inst6|4x4ram:inst8|memory_cell:inst10|inst  ; regout           ;
; |ram|4x32ram:inst6|4x4ram:inst8|memory_cell:inst10|inst4 ; |ram|4x32ram:inst6|4x4ram:inst8|memory_cell:inst10|inst4 ; out0             ;
; |ram|4x32ram:inst6|4x4ram:inst8|memory_cell:inst15|inst3 ; |ram|4x32ram:inst6|4x4ram:inst8|memory_cell:inst15|inst3 ; out              ;
; |ram|4x32ram:inst6|4x4ram:inst8|memory_cell:inst15|inst  ; |ram|4x32ram:inst6|4x4ram:inst8|memory_cell:inst15|inst  ; regout           ;
; |ram|4x32ram:inst6|4x4ram:inst8|memory_cell:inst13|inst3 ; |ram|4x32ram:inst6|4x4ram:inst8|memory_cell:inst13|inst3 ; out              ;
; |ram|4x32ram:inst6|4x4ram:inst8|memory_cell:inst13|inst  ; |ram|4x32ram:inst6|4x4ram:inst8|memory_cell:inst13|inst  ; regout           ;
; |ram|4x32ram:inst6|4x4ram:inst8|memory_cell:inst13|inst4 ; |ram|4x32ram:inst6|4x4ram:inst8|memory_cell:inst13|inst4 ; out0             ;
; |ram|4x32ram:inst6|4x4ram:inst8|memory_cell:inst11|inst3 ; |ram|4x32ram:inst6|4x4ram:inst8|memory_cell:inst11|inst3 ; out              ;
; |ram|4x32ram:inst6|4x4ram:inst8|memory_cell:inst11|inst  ; |ram|4x32ram:inst6|4x4ram:inst8|memory_cell:inst11|inst  ; regout           ;
; |ram|4x32ram:inst6|4x4ram:inst8|memory_cell:inst11|inst4 ; |ram|4x32ram:inst6|4x4ram:inst8|memory_cell:inst11|inst4 ; out0             ;
; |ram|4x32ram:inst6|4x4ram:inst8|memory_cell:inst9|inst3  ; |ram|4x32ram:inst6|4x4ram:inst8|memory_cell:inst9|inst3  ; out              ;
; |ram|4x32ram:inst6|4x4ram:inst8|memory_cell:inst9|inst   ; |ram|4x32ram:inst6|4x4ram:inst8|memory_cell:inst9|inst   ; regout           ;
; |ram|4x32ram:inst6|4x4ram:inst8|memory_cell:inst9|inst4  ; |ram|4x32ram:inst6|4x4ram:inst8|memory_cell:inst9|inst4  ; out0             ;
; |ram|4x32ram:inst6|4x4ram:inst8|memory_cell:inst8|inst3  ; |ram|4x32ram:inst6|4x4ram:inst8|memory_cell:inst8|inst3  ; out              ;
; |ram|4x32ram:inst6|4x4ram:inst8|memory_cell:inst8|inst   ; |ram|4x32ram:inst6|4x4ram:inst8|memory_cell:inst8|inst   ; regout           ;
; |ram|4x32ram:inst6|4x4ram:inst8|memory_cell:inst6|inst3  ; |ram|4x32ram:inst6|4x4ram:inst8|memory_cell:inst6|inst3  ; out              ;
; |ram|4x32ram:inst6|4x4ram:inst8|memory_cell:inst6|inst   ; |ram|4x32ram:inst6|4x4ram:inst8|memory_cell:inst6|inst   ; regout           ;
; |ram|4x32ram:inst6|4x4ram:inst8|memory_cell:inst6|inst4  ; |ram|4x32ram:inst6|4x4ram:inst8|memory_cell:inst6|inst4  ; out0             ;
; |ram|4x32ram:inst6|4x4ram:inst8|memory_cell:inst4|inst3  ; |ram|4x32ram:inst6|4x4ram:inst8|memory_cell:inst4|inst3  ; out              ;
; |ram|4x32ram:inst6|4x4ram:inst8|memory_cell:inst4|inst   ; |ram|4x32ram:inst6|4x4ram:inst8|memory_cell:inst4|inst   ; regout           ;
; |ram|4x32ram:inst6|4x4ram:inst8|memory_cell:inst4|inst4  ; |ram|4x32ram:inst6|4x4ram:inst8|memory_cell:inst4|inst4  ; out0             ;
; |ram|4x32ram:inst6|4x4ram:inst8|24decoder:inst|inst3     ; |ram|4x32ram:inst6|4x4ram:inst8|24decoder:inst|inst3     ; out0             ;
; |ram|4x32ram:inst6|4x4ram:inst8|memory_cell:inst2|inst3  ; |ram|4x32ram:inst6|4x4ram:inst8|memory_cell:inst2|inst3  ; out              ;
; |ram|4x32ram:inst6|4x4ram:inst8|memory_cell:inst2|inst   ; |ram|4x32ram:inst6|4x4ram:inst8|memory_cell:inst2|inst   ; regout           ;
; |ram|4x32ram:inst6|4x4ram:inst8|memory_cell:inst2|inst4  ; |ram|4x32ram:inst6|4x4ram:inst8|memory_cell:inst2|inst4  ; out0             ;
; |ram|4x32ram:inst6|4x4ram:inst7|inst20                   ; |ram|4x32ram:inst6|4x4ram:inst7|inst20                   ; out              ;
; |ram|4x32ram:inst6|4x4ram:inst7|IN~0                     ; |ram|4x32ram:inst6|4x4ram:inst7|IN~0                     ; out0             ;
; |ram|4x32ram:inst6|4x4ram:inst7|inst21                   ; |ram|4x32ram:inst6|4x4ram:inst7|inst21                   ; out              ;
; |ram|4x32ram:inst6|4x4ram:inst7|IN~1                     ; |ram|4x32ram:inst6|4x4ram:inst7|IN~1                     ; out0             ;
; |ram|4x32ram:inst6|4x4ram:inst7|inst22                   ; |ram|4x32ram:inst6|4x4ram:inst7|inst22                   ; out              ;
; |ram|4x32ram:inst6|4x4ram:inst7|IN~2                     ; |ram|4x32ram:inst6|4x4ram:inst7|IN~2                     ; out0             ;
; |ram|4x32ram:inst6|4x4ram:inst7|inst19                   ; |ram|4x32ram:inst6|4x4ram:inst7|inst19                   ; out              ;
; |ram|4x32ram:inst6|4x4ram:inst7|IN~3                     ; |ram|4x32ram:inst6|4x4ram:inst7|IN~3                     ; out0             ;
; |ram|4x32ram:inst6|4x4ram:inst7|memory_cell:inst3|inst3  ; |ram|4x32ram:inst6|4x4ram:inst7|memory_cell:inst3|inst3  ; out              ;
; |ram|4x32ram:inst6|4x4ram:inst7|memory_cell:inst3|inst   ; |ram|4x32ram:inst6|4x4ram:inst7|memory_cell:inst3|inst   ; regout           ;
; |ram|4x32ram:inst6|4x4ram:inst7|memory_cell:inst3|inst4  ; |ram|4x32ram:inst6|4x4ram:inst7|memory_cell:inst3|inst4  ; out0             ;
; |ram|4x32ram:inst6|4x4ram:inst7|memory_cell:inst5|inst3  ; |ram|4x32ram:inst6|4x4ram:inst7|memory_cell:inst5|inst3  ; out              ;
; |ram|4x32ram:inst6|4x4ram:inst7|memory_cell:inst5|inst   ; |ram|4x32ram:inst6|4x4ram:inst7|memory_cell:inst5|inst   ; regout           ;
; |ram|4x32ram:inst6|4x4ram:inst7|memory_cell:inst5|inst4  ; |ram|4x32ram:inst6|4x4ram:inst7|memory_cell:inst5|inst4  ; out0             ;
; |ram|4x32ram:inst6|4x4ram:inst7|memory_cell:inst7|inst3  ; |ram|4x32ram:inst6|4x4ram:inst7|memory_cell:inst7|inst3  ; out              ;
; |ram|4x32ram:inst6|4x4ram:inst7|memory_cell:inst7|inst   ; |ram|4x32ram:inst6|4x4ram:inst7|memory_cell:inst7|inst   ; regout           ;
; |ram|4x32ram:inst6|4x4ram:inst7|memory_cell:inst1|inst3  ; |ram|4x32ram:inst6|4x4ram:inst7|memory_cell:inst1|inst3  ; out              ;
; |ram|4x32ram:inst6|4x4ram:inst7|memory_cell:inst1|inst   ; |ram|4x32ram:inst6|4x4ram:inst7|memory_cell:inst1|inst   ; regout           ;
; |ram|4x32ram:inst6|4x4ram:inst7|memory_cell:inst1|inst4  ; |ram|4x32ram:inst6|4x4ram:inst7|memory_cell:inst1|inst4  ; out0             ;
; |ram|4x32ram:inst6|4x4ram:inst7|memory_cell:inst16|inst3 ; |ram|4x32ram:inst6|4x4ram:inst7|memory_cell:inst16|inst3 ; out              ;
; |ram|4x32ram:inst6|4x4ram:inst7|memory_cell:inst16|inst  ; |ram|4x32ram:inst6|4x4ram:inst7|memory_cell:inst16|inst  ; regout           ;
; |ram|4x32ram:inst6|4x4ram:inst7|memory_cell:inst14|inst3 ; |ram|4x32ram:inst6|4x4ram:inst7|memory_cell:inst14|inst3 ; out              ;
; |ram|4x32ram:inst6|4x4ram:inst7|memory_cell:inst14|inst  ; |ram|4x32ram:inst6|4x4ram:inst7|memory_cell:inst14|inst  ; regout           ;
; |ram|4x32ram:inst6|4x4ram:inst7|memory_cell:inst14|inst4 ; |ram|4x32ram:inst6|4x4ram:inst7|memory_cell:inst14|inst4 ; out0             ;
; |ram|4x32ram:inst6|4x4ram:inst7|memory_cell:inst12|inst3 ; |ram|4x32ram:inst6|4x4ram:inst7|memory_cell:inst12|inst3 ; out              ;
; |ram|4x32ram:inst6|4x4ram:inst7|memory_cell:inst12|inst  ; |ram|4x32ram:inst6|4x4ram:inst7|memory_cell:inst12|inst  ; regout           ;
; |ram|4x32ram:inst6|4x4ram:inst7|memory_cell:inst12|inst4 ; |ram|4x32ram:inst6|4x4ram:inst7|memory_cell:inst12|inst4 ; out0             ;
; |ram|4x32ram:inst6|4x4ram:inst7|memory_cell:inst10|inst3 ; |ram|4x32ram:inst6|4x4ram:inst7|memory_cell:inst10|inst3 ; out              ;
; |ram|4x32ram:inst6|4x4ram:inst7|memory_cell:inst10|inst  ; |ram|4x32ram:inst6|4x4ram:inst7|memory_cell:inst10|inst  ; regout           ;
; |ram|4x32ram:inst6|4x4ram:inst7|memory_cell:inst10|inst4 ; |ram|4x32ram:inst6|4x4ram:inst7|memory_cell:inst10|inst4 ; out0             ;
; |ram|4x32ram:inst6|4x4ram:inst7|memory_cell:inst15|inst3 ; |ram|4x32ram:inst6|4x4ram:inst7|memory_cell:inst15|inst3 ; out              ;
; |ram|4x32ram:inst6|4x4ram:inst7|memory_cell:inst15|inst  ; |ram|4x32ram:inst6|4x4ram:inst7|memory_cell:inst15|inst  ; regout           ;
; |ram|4x32ram:inst6|4x4ram:inst7|memory_cell:inst13|inst3 ; |ram|4x32ram:inst6|4x4ram:inst7|memory_cell:inst13|inst3 ; out              ;
; |ram|4x32ram:inst6|4x4ram:inst7|memory_cell:inst13|inst  ; |ram|4x32ram:inst6|4x4ram:inst7|memory_cell:inst13|inst  ; regout           ;
; |ram|4x32ram:inst6|4x4ram:inst7|memory_cell:inst13|inst4 ; |ram|4x32ram:inst6|4x4ram:inst7|memory_cell:inst13|inst4 ; out0             ;
; |ram|4x32ram:inst6|4x4ram:inst7|memory_cell:inst11|inst3 ; |ram|4x32ram:inst6|4x4ram:inst7|memory_cell:inst11|inst3 ; out              ;
; |ram|4x32ram:inst6|4x4ram:inst7|memory_cell:inst11|inst  ; |ram|4x32ram:inst6|4x4ram:inst7|memory_cell:inst11|inst  ; regout           ;
; |ram|4x32ram:inst6|4x4ram:inst7|memory_cell:inst11|inst4 ; |ram|4x32ram:inst6|4x4ram:inst7|memory_cell:inst11|inst4 ; out0             ;
; |ram|4x32ram:inst6|4x4ram:inst7|memory_cell:inst9|inst3  ; |ram|4x32ram:inst6|4x4ram:inst7|memory_cell:inst9|inst3  ; out              ;
; |ram|4x32ram:inst6|4x4ram:inst7|memory_cell:inst9|inst   ; |ram|4x32ram:inst6|4x4ram:inst7|memory_cell:inst9|inst   ; regout           ;
; |ram|4x32ram:inst6|4x4ram:inst7|memory_cell:inst9|inst4  ; |ram|4x32ram:inst6|4x4ram:inst7|memory_cell:inst9|inst4  ; out0             ;
; |ram|4x32ram:inst6|4x4ram:inst7|memory_cell:inst8|inst3  ; |ram|4x32ram:inst6|4x4ram:inst7|memory_cell:inst8|inst3  ; out              ;
; |ram|4x32ram:inst6|4x4ram:inst7|memory_cell:inst8|inst   ; |ram|4x32ram:inst6|4x4ram:inst7|memory_cell:inst8|inst   ; regout           ;
; |ram|4x32ram:inst6|4x4ram:inst7|memory_cell:inst6|inst3  ; |ram|4x32ram:inst6|4x4ram:inst7|memory_cell:inst6|inst3  ; out              ;
; |ram|4x32ram:inst6|4x4ram:inst7|memory_cell:inst6|inst   ; |ram|4x32ram:inst6|4x4ram:inst7|memory_cell:inst6|inst   ; regout           ;
; |ram|4x32ram:inst6|4x4ram:inst7|memory_cell:inst6|inst4  ; |ram|4x32ram:inst6|4x4ram:inst7|memory_cell:inst6|inst4  ; out0             ;
; |ram|4x32ram:inst6|4x4ram:inst7|memory_cell:inst4|inst3  ; |ram|4x32ram:inst6|4x4ram:inst7|memory_cell:inst4|inst3  ; out              ;
; |ram|4x32ram:inst6|4x4ram:inst7|memory_cell:inst4|inst   ; |ram|4x32ram:inst6|4x4ram:inst7|memory_cell:inst4|inst   ; regout           ;
; |ram|4x32ram:inst6|4x4ram:inst7|memory_cell:inst4|inst4  ; |ram|4x32ram:inst6|4x4ram:inst7|memory_cell:inst4|inst4  ; out0             ;
; |ram|4x32ram:inst6|4x4ram:inst7|24decoder:inst|inst3     ; |ram|4x32ram:inst6|4x4ram:inst7|24decoder:inst|inst3     ; out0             ;
; |ram|4x32ram:inst6|4x4ram:inst7|memory_cell:inst2|inst3  ; |ram|4x32ram:inst6|4x4ram:inst7|memory_cell:inst2|inst3  ; out              ;
; |ram|4x32ram:inst6|4x4ram:inst7|memory_cell:inst2|inst   ; |ram|4x32ram:inst6|4x4ram:inst7|memory_cell:inst2|inst   ; regout           ;
; |ram|4x32ram:inst6|4x4ram:inst7|memory_cell:inst2|inst4  ; |ram|4x32ram:inst6|4x4ram:inst7|memory_cell:inst2|inst4  ; out0             ;
; |ram|4x32ram:inst6|4x4ram:inst6|inst20                   ; |ram|4x32ram:inst6|4x4ram:inst6|inst20                   ; out              ;
; |ram|4x32ram:inst6|4x4ram:inst6|IN~0                     ; |ram|4x32ram:inst6|4x4ram:inst6|IN~0                     ; out0             ;
; |ram|4x32ram:inst6|4x4ram:inst6|inst21                   ; |ram|4x32ram:inst6|4x4ram:inst6|inst21                   ; out              ;
; |ram|4x32ram:inst6|4x4ram:inst6|IN~1                     ; |ram|4x32ram:inst6|4x4ram:inst6|IN~1                     ; out0             ;
; |ram|4x32ram:inst6|4x4ram:inst6|inst22                   ; |ram|4x32ram:inst6|4x4ram:inst6|inst22                   ; out              ;
; |ram|4x32ram:inst6|4x4ram:inst6|IN~2                     ; |ram|4x32ram:inst6|4x4ram:inst6|IN~2                     ; out0             ;
; |ram|4x32ram:inst6|4x4ram:inst6|inst19                   ; |ram|4x32ram:inst6|4x4ram:inst6|inst19                   ; out              ;
; |ram|4x32ram:inst6|4x4ram:inst6|IN~3                     ; |ram|4x32ram:inst6|4x4ram:inst6|IN~3                     ; out0             ;
; |ram|4x32ram:inst6|4x4ram:inst6|memory_cell:inst3|inst3  ; |ram|4x32ram:inst6|4x4ram:inst6|memory_cell:inst3|inst3  ; out              ;
; |ram|4x32ram:inst6|4x4ram:inst6|memory_cell:inst3|inst   ; |ram|4x32ram:inst6|4x4ram:inst6|memory_cell:inst3|inst   ; regout           ;
; |ram|4x32ram:inst6|4x4ram:inst6|memory_cell:inst3|inst4  ; |ram|4x32ram:inst6|4x4ram:inst6|memory_cell:inst3|inst4  ; out0             ;
; |ram|4x32ram:inst6|4x4ram:inst6|memory_cell:inst5|inst3  ; |ram|4x32ram:inst6|4x4ram:inst6|memory_cell:inst5|inst3  ; out              ;
; |ram|4x32ram:inst6|4x4ram:inst6|memory_cell:inst5|inst   ; |ram|4x32ram:inst6|4x4ram:inst6|memory_cell:inst5|inst   ; regout           ;
; |ram|4x32ram:inst6|4x4ram:inst6|memory_cell:inst5|inst4  ; |ram|4x32ram:inst6|4x4ram:inst6|memory_cell:inst5|inst4  ; out0             ;
; |ram|4x32ram:inst6|4x4ram:inst6|memory_cell:inst7|inst3  ; |ram|4x32ram:inst6|4x4ram:inst6|memory_cell:inst7|inst3  ; out              ;
; |ram|4x32ram:inst6|4x4ram:inst6|memory_cell:inst7|inst   ; |ram|4x32ram:inst6|4x4ram:inst6|memory_cell:inst7|inst   ; regout           ;
; |ram|4x32ram:inst6|4x4ram:inst6|memory_cell:inst1|inst3  ; |ram|4x32ram:inst6|4x4ram:inst6|memory_cell:inst1|inst3  ; out              ;
; |ram|4x32ram:inst6|4x4ram:inst6|memory_cell:inst1|inst   ; |ram|4x32ram:inst6|4x4ram:inst6|memory_cell:inst1|inst   ; regout           ;
; |ram|4x32ram:inst6|4x4ram:inst6|memory_cell:inst1|inst4  ; |ram|4x32ram:inst6|4x4ram:inst6|memory_cell:inst1|inst4  ; out0             ;
; |ram|4x32ram:inst6|4x4ram:inst6|memory_cell:inst16|inst3 ; |ram|4x32ram:inst6|4x4ram:inst6|memory_cell:inst16|inst3 ; out              ;
; |ram|4x32ram:inst6|4x4ram:inst6|memory_cell:inst16|inst  ; |ram|4x32ram:inst6|4x4ram:inst6|memory_cell:inst16|inst  ; regout           ;
; |ram|4x32ram:inst6|4x4ram:inst6|memory_cell:inst14|inst3 ; |ram|4x32ram:inst6|4x4ram:inst6|memory_cell:inst14|inst3 ; out              ;
; |ram|4x32ram:inst6|4x4ram:inst6|memory_cell:inst14|inst  ; |ram|4x32ram:inst6|4x4ram:inst6|memory_cell:inst14|inst  ; regout           ;
; |ram|4x32ram:inst6|4x4ram:inst6|memory_cell:inst14|inst4 ; |ram|4x32ram:inst6|4x4ram:inst6|memory_cell:inst14|inst4 ; out0             ;
; |ram|4x32ram:inst6|4x4ram:inst6|memory_cell:inst12|inst3 ; |ram|4x32ram:inst6|4x4ram:inst6|memory_cell:inst12|inst3 ; out              ;
; |ram|4x32ram:inst6|4x4ram:inst6|memory_cell:inst12|inst  ; |ram|4x32ram:inst6|4x4ram:inst6|memory_cell:inst12|inst  ; regout           ;
; |ram|4x32ram:inst6|4x4ram:inst6|memory_cell:inst12|inst4 ; |ram|4x32ram:inst6|4x4ram:inst6|memory_cell:inst12|inst4 ; out0             ;
; |ram|4x32ram:inst6|4x4ram:inst6|memory_cell:inst10|inst3 ; |ram|4x32ram:inst6|4x4ram:inst6|memory_cell:inst10|inst3 ; out              ;
; |ram|4x32ram:inst6|4x4ram:inst6|memory_cell:inst10|inst  ; |ram|4x32ram:inst6|4x4ram:inst6|memory_cell:inst10|inst  ; regout           ;
; |ram|4x32ram:inst6|4x4ram:inst6|memory_cell:inst10|inst4 ; |ram|4x32ram:inst6|4x4ram:inst6|memory_cell:inst10|inst4 ; out0             ;
; |ram|4x32ram:inst6|4x4ram:inst6|memory_cell:inst15|inst3 ; |ram|4x32ram:inst6|4x4ram:inst6|memory_cell:inst15|inst3 ; out              ;
; |ram|4x32ram:inst6|4x4ram:inst6|memory_cell:inst15|inst  ; |ram|4x32ram:inst6|4x4ram:inst6|memory_cell:inst15|inst  ; regout           ;
; |ram|4x32ram:inst6|4x4ram:inst6|memory_cell:inst13|inst3 ; |ram|4x32ram:inst6|4x4ram:inst6|memory_cell:inst13|inst3 ; out              ;
; |ram|4x32ram:inst6|4x4ram:inst6|memory_cell:inst13|inst  ; |ram|4x32ram:inst6|4x4ram:inst6|memory_cell:inst13|inst  ; regout           ;
; |ram|4x32ram:inst6|4x4ram:inst6|memory_cell:inst13|inst4 ; |ram|4x32ram:inst6|4x4ram:inst6|memory_cell:inst13|inst4 ; out0             ;
; |ram|4x32ram:inst6|4x4ram:inst6|memory_cell:inst11|inst3 ; |ram|4x32ram:inst6|4x4ram:inst6|memory_cell:inst11|inst3 ; out              ;
; |ram|4x32ram:inst6|4x4ram:inst6|memory_cell:inst11|inst  ; |ram|4x32ram:inst6|4x4ram:inst6|memory_cell:inst11|inst  ; regout           ;
; |ram|4x32ram:inst6|4x4ram:inst6|memory_cell:inst11|inst4 ; |ram|4x32ram:inst6|4x4ram:inst6|memory_cell:inst11|inst4 ; out0             ;
; |ram|4x32ram:inst6|4x4ram:inst6|memory_cell:inst9|inst3  ; |ram|4x32ram:inst6|4x4ram:inst6|memory_cell:inst9|inst3  ; out              ;
; |ram|4x32ram:inst6|4x4ram:inst6|memory_cell:inst9|inst   ; |ram|4x32ram:inst6|4x4ram:inst6|memory_cell:inst9|inst   ; regout           ;
; |ram|4x32ram:inst6|4x4ram:inst6|memory_cell:inst9|inst4  ; |ram|4x32ram:inst6|4x4ram:inst6|memory_cell:inst9|inst4  ; out0             ;
; |ram|4x32ram:inst6|4x4ram:inst6|memory_cell:inst8|inst3  ; |ram|4x32ram:inst6|4x4ram:inst6|memory_cell:inst8|inst3  ; out              ;
; |ram|4x32ram:inst6|4x4ram:inst6|memory_cell:inst8|inst   ; |ram|4x32ram:inst6|4x4ram:inst6|memory_cell:inst8|inst   ; regout           ;
; |ram|4x32ram:inst6|4x4ram:inst6|memory_cell:inst6|inst3  ; |ram|4x32ram:inst6|4x4ram:inst6|memory_cell:inst6|inst3  ; out              ;
; |ram|4x32ram:inst6|4x4ram:inst6|memory_cell:inst6|inst   ; |ram|4x32ram:inst6|4x4ram:inst6|memory_cell:inst6|inst   ; regout           ;
; |ram|4x32ram:inst6|4x4ram:inst6|memory_cell:inst6|inst4  ; |ram|4x32ram:inst6|4x4ram:inst6|memory_cell:inst6|inst4  ; out0             ;
; |ram|4x32ram:inst6|4x4ram:inst6|memory_cell:inst4|inst3  ; |ram|4x32ram:inst6|4x4ram:inst6|memory_cell:inst4|inst3  ; out              ;
; |ram|4x32ram:inst6|4x4ram:inst6|memory_cell:inst4|inst   ; |ram|4x32ram:inst6|4x4ram:inst6|memory_cell:inst4|inst   ; regout           ;
; |ram|4x32ram:inst6|4x4ram:inst6|memory_cell:inst4|inst4  ; |ram|4x32ram:inst6|4x4ram:inst6|memory_cell:inst4|inst4  ; out0             ;
; |ram|4x32ram:inst6|4x4ram:inst6|24decoder:inst|inst3     ; |ram|4x32ram:inst6|4x4ram:inst6|24decoder:inst|inst3     ; out0             ;
; |ram|4x32ram:inst6|4x4ram:inst6|memory_cell:inst2|inst3  ; |ram|4x32ram:inst6|4x4ram:inst6|memory_cell:inst2|inst3  ; out              ;
; |ram|4x32ram:inst6|4x4ram:inst6|memory_cell:inst2|inst   ; |ram|4x32ram:inst6|4x4ram:inst6|memory_cell:inst2|inst   ; regout           ;
; |ram|4x32ram:inst6|4x4ram:inst6|memory_cell:inst2|inst4  ; |ram|4x32ram:inst6|4x4ram:inst6|memory_cell:inst2|inst4  ; out0             ;
; |ram|4x32ram:inst6|4x4ram:inst5|inst20                   ; |ram|4x32ram:inst6|4x4ram:inst5|inst20                   ; out              ;
; |ram|4x32ram:inst6|4x4ram:inst5|IN~0                     ; |ram|4x32ram:inst6|4x4ram:inst5|IN~0                     ; out0             ;
; |ram|4x32ram:inst6|4x4ram:inst5|inst21                   ; |ram|4x32ram:inst6|4x4ram:inst5|inst21                   ; out              ;
; |ram|4x32ram:inst6|4x4ram:inst5|IN~1                     ; |ram|4x32ram:inst6|4x4ram:inst5|IN~1                     ; out0             ;
; |ram|4x32ram:inst6|4x4ram:inst5|inst22                   ; |ram|4x32ram:inst6|4x4ram:inst5|inst22                   ; out              ;
; |ram|4x32ram:inst6|4x4ram:inst5|IN~2                     ; |ram|4x32ram:inst6|4x4ram:inst5|IN~2                     ; out0             ;
; |ram|4x32ram:inst6|4x4ram:inst5|inst19                   ; |ram|4x32ram:inst6|4x4ram:inst5|inst19                   ; out              ;
; |ram|4x32ram:inst6|4x4ram:inst5|IN~3                     ; |ram|4x32ram:inst6|4x4ram:inst5|IN~3                     ; out0             ;
; |ram|4x32ram:inst6|4x4ram:inst5|memory_cell:inst3|inst3  ; |ram|4x32ram:inst6|4x4ram:inst5|memory_cell:inst3|inst3  ; out              ;
; |ram|4x32ram:inst6|4x4ram:inst5|memory_cell:inst3|inst   ; |ram|4x32ram:inst6|4x4ram:inst5|memory_cell:inst3|inst   ; regout           ;
; |ram|4x32ram:inst6|4x4ram:inst5|memory_cell:inst3|inst4  ; |ram|4x32ram:inst6|4x4ram:inst5|memory_cell:inst3|inst4  ; out0             ;
; |ram|4x32ram:inst6|4x4ram:inst5|memory_cell:inst5|inst3  ; |ram|4x32ram:inst6|4x4ram:inst5|memory_cell:inst5|inst3  ; out              ;
; |ram|4x32ram:inst6|4x4ram:inst5|memory_cell:inst5|inst   ; |ram|4x32ram:inst6|4x4ram:inst5|memory_cell:inst5|inst   ; regout           ;
; |ram|4x32ram:inst6|4x4ram:inst5|memory_cell:inst5|inst4  ; |ram|4x32ram:inst6|4x4ram:inst5|memory_cell:inst5|inst4  ; out0             ;
; |ram|4x32ram:inst6|4x4ram:inst5|memory_cell:inst7|inst3  ; |ram|4x32ram:inst6|4x4ram:inst5|memory_cell:inst7|inst3  ; out              ;
; |ram|4x32ram:inst6|4x4ram:inst5|memory_cell:inst7|inst   ; |ram|4x32ram:inst6|4x4ram:inst5|memory_cell:inst7|inst   ; regout           ;
; |ram|4x32ram:inst6|4x4ram:inst5|memory_cell:inst1|inst3  ; |ram|4x32ram:inst6|4x4ram:inst5|memory_cell:inst1|inst3  ; out              ;
; |ram|4x32ram:inst6|4x4ram:inst5|memory_cell:inst1|inst   ; |ram|4x32ram:inst6|4x4ram:inst5|memory_cell:inst1|inst   ; regout           ;
; |ram|4x32ram:inst6|4x4ram:inst5|memory_cell:inst1|inst4  ; |ram|4x32ram:inst6|4x4ram:inst5|memory_cell:inst1|inst4  ; out0             ;
; |ram|4x32ram:inst6|4x4ram:inst5|memory_cell:inst16|inst3 ; |ram|4x32ram:inst6|4x4ram:inst5|memory_cell:inst16|inst3 ; out              ;
; |ram|4x32ram:inst6|4x4ram:inst5|memory_cell:inst16|inst  ; |ram|4x32ram:inst6|4x4ram:inst5|memory_cell:inst16|inst  ; regout           ;
; |ram|4x32ram:inst6|4x4ram:inst5|memory_cell:inst14|inst3 ; |ram|4x32ram:inst6|4x4ram:inst5|memory_cell:inst14|inst3 ; out              ;
; |ram|4x32ram:inst6|4x4ram:inst5|memory_cell:inst14|inst  ; |ram|4x32ram:inst6|4x4ram:inst5|memory_cell:inst14|inst  ; regout           ;
; |ram|4x32ram:inst6|4x4ram:inst5|memory_cell:inst14|inst4 ; |ram|4x32ram:inst6|4x4ram:inst5|memory_cell:inst14|inst4 ; out0             ;
; |ram|4x32ram:inst6|4x4ram:inst5|memory_cell:inst12|inst3 ; |ram|4x32ram:inst6|4x4ram:inst5|memory_cell:inst12|inst3 ; out              ;
; |ram|4x32ram:inst6|4x4ram:inst5|memory_cell:inst12|inst  ; |ram|4x32ram:inst6|4x4ram:inst5|memory_cell:inst12|inst  ; regout           ;
; |ram|4x32ram:inst6|4x4ram:inst5|memory_cell:inst12|inst4 ; |ram|4x32ram:inst6|4x4ram:inst5|memory_cell:inst12|inst4 ; out0             ;
; |ram|4x32ram:inst6|4x4ram:inst5|memory_cell:inst10|inst3 ; |ram|4x32ram:inst6|4x4ram:inst5|memory_cell:inst10|inst3 ; out              ;
; |ram|4x32ram:inst6|4x4ram:inst5|memory_cell:inst10|inst  ; |ram|4x32ram:inst6|4x4ram:inst5|memory_cell:inst10|inst  ; regout           ;
; |ram|4x32ram:inst6|4x4ram:inst5|memory_cell:inst10|inst4 ; |ram|4x32ram:inst6|4x4ram:inst5|memory_cell:inst10|inst4 ; out0             ;
; |ram|4x32ram:inst6|4x4ram:inst5|memory_cell:inst15|inst3 ; |ram|4x32ram:inst6|4x4ram:inst5|memory_cell:inst15|inst3 ; out              ;
; |ram|4x32ram:inst6|4x4ram:inst5|memory_cell:inst15|inst  ; |ram|4x32ram:inst6|4x4ram:inst5|memory_cell:inst15|inst  ; regout           ;
; |ram|4x32ram:inst6|4x4ram:inst5|memory_cell:inst13|inst3 ; |ram|4x32ram:inst6|4x4ram:inst5|memory_cell:inst13|inst3 ; out              ;
; |ram|4x32ram:inst6|4x4ram:inst5|memory_cell:inst13|inst  ; |ram|4x32ram:inst6|4x4ram:inst5|memory_cell:inst13|inst  ; regout           ;
; |ram|4x32ram:inst6|4x4ram:inst5|memory_cell:inst13|inst4 ; |ram|4x32ram:inst6|4x4ram:inst5|memory_cell:inst13|inst4 ; out0             ;
; |ram|4x32ram:inst6|4x4ram:inst5|memory_cell:inst11|inst3 ; |ram|4x32ram:inst6|4x4ram:inst5|memory_cell:inst11|inst3 ; out              ;
; |ram|4x32ram:inst6|4x4ram:inst5|memory_cell:inst11|inst  ; |ram|4x32ram:inst6|4x4ram:inst5|memory_cell:inst11|inst  ; regout           ;
; |ram|4x32ram:inst6|4x4ram:inst5|memory_cell:inst11|inst4 ; |ram|4x32ram:inst6|4x4ram:inst5|memory_cell:inst11|inst4 ; out0             ;
; |ram|4x32ram:inst6|4x4ram:inst5|memory_cell:inst9|inst3  ; |ram|4x32ram:inst6|4x4ram:inst5|memory_cell:inst9|inst3  ; out              ;
; |ram|4x32ram:inst6|4x4ram:inst5|memory_cell:inst9|inst   ; |ram|4x32ram:inst6|4x4ram:inst5|memory_cell:inst9|inst   ; regout           ;
; |ram|4x32ram:inst6|4x4ram:inst5|memory_cell:inst9|inst4  ; |ram|4x32ram:inst6|4x4ram:inst5|memory_cell:inst9|inst4  ; out0             ;
; |ram|4x32ram:inst6|4x4ram:inst5|memory_cell:inst8|inst3  ; |ram|4x32ram:inst6|4x4ram:inst5|memory_cell:inst8|inst3  ; out              ;
; |ram|4x32ram:inst6|4x4ram:inst5|memory_cell:inst8|inst   ; |ram|4x32ram:inst6|4x4ram:inst5|memory_cell:inst8|inst   ; regout           ;
; |ram|4x32ram:inst6|4x4ram:inst5|memory_cell:inst6|inst3  ; |ram|4x32ram:inst6|4x4ram:inst5|memory_cell:inst6|inst3  ; out              ;
; |ram|4x32ram:inst6|4x4ram:inst5|memory_cell:inst6|inst   ; |ram|4x32ram:inst6|4x4ram:inst5|memory_cell:inst6|inst   ; regout           ;
; |ram|4x32ram:inst6|4x4ram:inst5|memory_cell:inst6|inst4  ; |ram|4x32ram:inst6|4x4ram:inst5|memory_cell:inst6|inst4  ; out0             ;
; |ram|4x32ram:inst6|4x4ram:inst5|memory_cell:inst4|inst3  ; |ram|4x32ram:inst6|4x4ram:inst5|memory_cell:inst4|inst3  ; out              ;
; |ram|4x32ram:inst6|4x4ram:inst5|memory_cell:inst4|inst   ; |ram|4x32ram:inst6|4x4ram:inst5|memory_cell:inst4|inst   ; regout           ;
; |ram|4x32ram:inst6|4x4ram:inst5|memory_cell:inst4|inst4  ; |ram|4x32ram:inst6|4x4ram:inst5|memory_cell:inst4|inst4  ; out0             ;
; |ram|4x32ram:inst6|4x4ram:inst5|24decoder:inst|inst3     ; |ram|4x32ram:inst6|4x4ram:inst5|24decoder:inst|inst3     ; out0             ;
; |ram|4x32ram:inst6|4x4ram:inst5|memory_cell:inst2|inst3  ; |ram|4x32ram:inst6|4x4ram:inst5|memory_cell:inst2|inst3  ; out              ;
; |ram|4x32ram:inst6|4x4ram:inst5|memory_cell:inst2|inst   ; |ram|4x32ram:inst6|4x4ram:inst5|memory_cell:inst2|inst   ; regout           ;
; |ram|4x32ram:inst6|4x4ram:inst5|memory_cell:inst2|inst4  ; |ram|4x32ram:inst6|4x4ram:inst5|memory_cell:inst2|inst4  ; out0             ;
; |ram|4x32ram:inst6|4x4ram:inst4|inst20                   ; |ram|4x32ram:inst6|4x4ram:inst4|inst20                   ; out              ;
; |ram|4x32ram:inst6|4x4ram:inst4|IN~0                     ; |ram|4x32ram:inst6|4x4ram:inst4|IN~0                     ; out0             ;
; |ram|4x32ram:inst6|4x4ram:inst4|inst21                   ; |ram|4x32ram:inst6|4x4ram:inst4|inst21                   ; out              ;
; |ram|4x32ram:inst6|4x4ram:inst4|IN~1                     ; |ram|4x32ram:inst6|4x4ram:inst4|IN~1                     ; out0             ;
; |ram|4x32ram:inst6|4x4ram:inst4|inst22                   ; |ram|4x32ram:inst6|4x4ram:inst4|inst22                   ; out              ;
; |ram|4x32ram:inst6|4x4ram:inst4|IN~2                     ; |ram|4x32ram:inst6|4x4ram:inst4|IN~2                     ; out0             ;
; |ram|4x32ram:inst6|4x4ram:inst4|inst19                   ; |ram|4x32ram:inst6|4x4ram:inst4|inst19                   ; out              ;
; |ram|4x32ram:inst6|4x4ram:inst4|IN~3                     ; |ram|4x32ram:inst6|4x4ram:inst4|IN~3                     ; out0             ;
; |ram|4x32ram:inst6|4x4ram:inst4|memory_cell:inst3|inst3  ; |ram|4x32ram:inst6|4x4ram:inst4|memory_cell:inst3|inst3  ; out              ;
; |ram|4x32ram:inst6|4x4ram:inst4|memory_cell:inst3|inst   ; |ram|4x32ram:inst6|4x4ram:inst4|memory_cell:inst3|inst   ; regout           ;
; |ram|4x32ram:inst6|4x4ram:inst4|memory_cell:inst3|inst4  ; |ram|4x32ram:inst6|4x4ram:inst4|memory_cell:inst3|inst4  ; out0             ;
; |ram|4x32ram:inst6|4x4ram:inst4|memory_cell:inst5|inst3  ; |ram|4x32ram:inst6|4x4ram:inst4|memory_cell:inst5|inst3  ; out              ;
; |ram|4x32ram:inst6|4x4ram:inst4|memory_cell:inst5|inst   ; |ram|4x32ram:inst6|4x4ram:inst4|memory_cell:inst5|inst   ; regout           ;
; |ram|4x32ram:inst6|4x4ram:inst4|memory_cell:inst5|inst4  ; |ram|4x32ram:inst6|4x4ram:inst4|memory_cell:inst5|inst4  ; out0             ;
; |ram|4x32ram:inst6|4x4ram:inst4|memory_cell:inst7|inst3  ; |ram|4x32ram:inst6|4x4ram:inst4|memory_cell:inst7|inst3  ; out              ;
; |ram|4x32ram:inst6|4x4ram:inst4|memory_cell:inst7|inst   ; |ram|4x32ram:inst6|4x4ram:inst4|memory_cell:inst7|inst   ; regout           ;
; |ram|4x32ram:inst6|4x4ram:inst4|memory_cell:inst1|inst3  ; |ram|4x32ram:inst6|4x4ram:inst4|memory_cell:inst1|inst3  ; out              ;
; |ram|4x32ram:inst6|4x4ram:inst4|memory_cell:inst1|inst   ; |ram|4x32ram:inst6|4x4ram:inst4|memory_cell:inst1|inst   ; regout           ;
; |ram|4x32ram:inst6|4x4ram:inst4|memory_cell:inst1|inst4  ; |ram|4x32ram:inst6|4x4ram:inst4|memory_cell:inst1|inst4  ; out0             ;
; |ram|4x32ram:inst6|4x4ram:inst4|memory_cell:inst16|inst3 ; |ram|4x32ram:inst6|4x4ram:inst4|memory_cell:inst16|inst3 ; out              ;
; |ram|4x32ram:inst6|4x4ram:inst4|memory_cell:inst16|inst  ; |ram|4x32ram:inst6|4x4ram:inst4|memory_cell:inst16|inst  ; regout           ;
; |ram|4x32ram:inst6|4x4ram:inst4|memory_cell:inst14|inst3 ; |ram|4x32ram:inst6|4x4ram:inst4|memory_cell:inst14|inst3 ; out              ;
; |ram|4x32ram:inst6|4x4ram:inst4|memory_cell:inst14|inst  ; |ram|4x32ram:inst6|4x4ram:inst4|memory_cell:inst14|inst  ; regout           ;
; |ram|4x32ram:inst6|4x4ram:inst4|memory_cell:inst14|inst4 ; |ram|4x32ram:inst6|4x4ram:inst4|memory_cell:inst14|inst4 ; out0             ;
; |ram|4x32ram:inst6|4x4ram:inst4|memory_cell:inst12|inst3 ; |ram|4x32ram:inst6|4x4ram:inst4|memory_cell:inst12|inst3 ; out              ;
; |ram|4x32ram:inst6|4x4ram:inst4|memory_cell:inst12|inst  ; |ram|4x32ram:inst6|4x4ram:inst4|memory_cell:inst12|inst  ; regout           ;
; |ram|4x32ram:inst6|4x4ram:inst4|memory_cell:inst12|inst4 ; |ram|4x32ram:inst6|4x4ram:inst4|memory_cell:inst12|inst4 ; out0             ;
; |ram|4x32ram:inst6|4x4ram:inst4|memory_cell:inst10|inst3 ; |ram|4x32ram:inst6|4x4ram:inst4|memory_cell:inst10|inst3 ; out              ;
; |ram|4x32ram:inst6|4x4ram:inst4|memory_cell:inst10|inst  ; |ram|4x32ram:inst6|4x4ram:inst4|memory_cell:inst10|inst  ; regout           ;
; |ram|4x32ram:inst6|4x4ram:inst4|memory_cell:inst10|inst4 ; |ram|4x32ram:inst6|4x4ram:inst4|memory_cell:inst10|inst4 ; out0             ;
; |ram|4x32ram:inst6|4x4ram:inst4|memory_cell:inst15|inst3 ; |ram|4x32ram:inst6|4x4ram:inst4|memory_cell:inst15|inst3 ; out              ;
; |ram|4x32ram:inst6|4x4ram:inst4|memory_cell:inst15|inst  ; |ram|4x32ram:inst6|4x4ram:inst4|memory_cell:inst15|inst  ; regout           ;
; |ram|4x32ram:inst6|4x4ram:inst4|memory_cell:inst13|inst3 ; |ram|4x32ram:inst6|4x4ram:inst4|memory_cell:inst13|inst3 ; out              ;
; |ram|4x32ram:inst6|4x4ram:inst4|memory_cell:inst13|inst  ; |ram|4x32ram:inst6|4x4ram:inst4|memory_cell:inst13|inst  ; regout           ;
; |ram|4x32ram:inst6|4x4ram:inst4|memory_cell:inst13|inst4 ; |ram|4x32ram:inst6|4x4ram:inst4|memory_cell:inst13|inst4 ; out0             ;
; |ram|4x32ram:inst6|4x4ram:inst4|memory_cell:inst11|inst3 ; |ram|4x32ram:inst6|4x4ram:inst4|memory_cell:inst11|inst3 ; out              ;
; |ram|4x32ram:inst6|4x4ram:inst4|memory_cell:inst11|inst  ; |ram|4x32ram:inst6|4x4ram:inst4|memory_cell:inst11|inst  ; regout           ;
; |ram|4x32ram:inst6|4x4ram:inst4|memory_cell:inst11|inst4 ; |ram|4x32ram:inst6|4x4ram:inst4|memory_cell:inst11|inst4 ; out0             ;
; |ram|4x32ram:inst6|4x4ram:inst4|memory_cell:inst9|inst3  ; |ram|4x32ram:inst6|4x4ram:inst4|memory_cell:inst9|inst3  ; out              ;
; |ram|4x32ram:inst6|4x4ram:inst4|memory_cell:inst9|inst   ; |ram|4x32ram:inst6|4x4ram:inst4|memory_cell:inst9|inst   ; regout           ;
; |ram|4x32ram:inst6|4x4ram:inst4|memory_cell:inst9|inst4  ; |ram|4x32ram:inst6|4x4ram:inst4|memory_cell:inst9|inst4  ; out0             ;
; |ram|4x32ram:inst6|4x4ram:inst4|memory_cell:inst8|inst3  ; |ram|4x32ram:inst6|4x4ram:inst4|memory_cell:inst8|inst3  ; out              ;
; |ram|4x32ram:inst6|4x4ram:inst4|memory_cell:inst8|inst   ; |ram|4x32ram:inst6|4x4ram:inst4|memory_cell:inst8|inst   ; regout           ;
; |ram|4x32ram:inst6|4x4ram:inst4|memory_cell:inst6|inst3  ; |ram|4x32ram:inst6|4x4ram:inst4|memory_cell:inst6|inst3  ; out              ;
; |ram|4x32ram:inst6|4x4ram:inst4|memory_cell:inst6|inst   ; |ram|4x32ram:inst6|4x4ram:inst4|memory_cell:inst6|inst   ; regout           ;
; |ram|4x32ram:inst6|4x4ram:inst4|memory_cell:inst6|inst4  ; |ram|4x32ram:inst6|4x4ram:inst4|memory_cell:inst6|inst4  ; out0             ;
; |ram|4x32ram:inst6|4x4ram:inst4|memory_cell:inst4|inst3  ; |ram|4x32ram:inst6|4x4ram:inst4|memory_cell:inst4|inst3  ; out              ;
; |ram|4x32ram:inst6|4x4ram:inst4|memory_cell:inst4|inst   ; |ram|4x32ram:inst6|4x4ram:inst4|memory_cell:inst4|inst   ; regout           ;
; |ram|4x32ram:inst6|4x4ram:inst4|memory_cell:inst4|inst4  ; |ram|4x32ram:inst6|4x4ram:inst4|memory_cell:inst4|inst4  ; out0             ;
; |ram|4x32ram:inst6|4x4ram:inst4|24decoder:inst|inst3     ; |ram|4x32ram:inst6|4x4ram:inst4|24decoder:inst|inst3     ; out0             ;
; |ram|4x32ram:inst6|4x4ram:inst4|memory_cell:inst2|inst3  ; |ram|4x32ram:inst6|4x4ram:inst4|memory_cell:inst2|inst3  ; out              ;
; |ram|4x32ram:inst6|4x4ram:inst4|memory_cell:inst2|inst   ; |ram|4x32ram:inst6|4x4ram:inst4|memory_cell:inst2|inst   ; regout           ;
; |ram|4x32ram:inst6|4x4ram:inst4|memory_cell:inst2|inst4  ; |ram|4x32ram:inst6|4x4ram:inst4|memory_cell:inst2|inst4  ; out0             ;
; |ram|4x32ram:inst6|4x4ram:inst3|inst20                   ; |ram|4x32ram:inst6|4x4ram:inst3|inst20                   ; out              ;
; |ram|4x32ram:inst6|4x4ram:inst3|IN~0                     ; |ram|4x32ram:inst6|4x4ram:inst3|IN~0                     ; out0             ;
; |ram|4x32ram:inst6|4x4ram:inst3|inst21                   ; |ram|4x32ram:inst6|4x4ram:inst3|inst21                   ; out              ;
; |ram|4x32ram:inst6|4x4ram:inst3|IN~1                     ; |ram|4x32ram:inst6|4x4ram:inst3|IN~1                     ; out0             ;
; |ram|4x32ram:inst6|4x4ram:inst3|inst22                   ; |ram|4x32ram:inst6|4x4ram:inst3|inst22                   ; out              ;
; |ram|4x32ram:inst6|4x4ram:inst3|IN~2                     ; |ram|4x32ram:inst6|4x4ram:inst3|IN~2                     ; out0             ;
; |ram|4x32ram:inst6|4x4ram:inst3|inst19                   ; |ram|4x32ram:inst6|4x4ram:inst3|inst19                   ; out              ;
; |ram|4x32ram:inst6|4x4ram:inst3|IN~3                     ; |ram|4x32ram:inst6|4x4ram:inst3|IN~3                     ; out0             ;
; |ram|4x32ram:inst6|4x4ram:inst3|memory_cell:inst3|inst3  ; |ram|4x32ram:inst6|4x4ram:inst3|memory_cell:inst3|inst3  ; out              ;
; |ram|4x32ram:inst6|4x4ram:inst3|memory_cell:inst3|inst   ; |ram|4x32ram:inst6|4x4ram:inst3|memory_cell:inst3|inst   ; regout           ;
; |ram|4x32ram:inst6|4x4ram:inst3|memory_cell:inst3|inst4  ; |ram|4x32ram:inst6|4x4ram:inst3|memory_cell:inst3|inst4  ; out0             ;
; |ram|4x32ram:inst6|4x4ram:inst3|memory_cell:inst5|inst3  ; |ram|4x32ram:inst6|4x4ram:inst3|memory_cell:inst5|inst3  ; out              ;
; |ram|4x32ram:inst6|4x4ram:inst3|memory_cell:inst5|inst   ; |ram|4x32ram:inst6|4x4ram:inst3|memory_cell:inst5|inst   ; regout           ;
; |ram|4x32ram:inst6|4x4ram:inst3|memory_cell:inst5|inst4  ; |ram|4x32ram:inst6|4x4ram:inst3|memory_cell:inst5|inst4  ; out0             ;
; |ram|4x32ram:inst6|4x4ram:inst3|memory_cell:inst7|inst3  ; |ram|4x32ram:inst6|4x4ram:inst3|memory_cell:inst7|inst3  ; out              ;
; |ram|4x32ram:inst6|4x4ram:inst3|memory_cell:inst7|inst   ; |ram|4x32ram:inst6|4x4ram:inst3|memory_cell:inst7|inst   ; regout           ;
; |ram|4x32ram:inst6|4x4ram:inst3|memory_cell:inst1|inst3  ; |ram|4x32ram:inst6|4x4ram:inst3|memory_cell:inst1|inst3  ; out              ;
; |ram|4x32ram:inst6|4x4ram:inst3|memory_cell:inst1|inst   ; |ram|4x32ram:inst6|4x4ram:inst3|memory_cell:inst1|inst   ; regout           ;
; |ram|4x32ram:inst6|4x4ram:inst3|memory_cell:inst1|inst4  ; |ram|4x32ram:inst6|4x4ram:inst3|memory_cell:inst1|inst4  ; out0             ;
; |ram|4x32ram:inst6|4x4ram:inst3|memory_cell:inst16|inst3 ; |ram|4x32ram:inst6|4x4ram:inst3|memory_cell:inst16|inst3 ; out              ;
; |ram|4x32ram:inst6|4x4ram:inst3|memory_cell:inst16|inst  ; |ram|4x32ram:inst6|4x4ram:inst3|memory_cell:inst16|inst  ; regout           ;
; |ram|4x32ram:inst6|4x4ram:inst3|memory_cell:inst14|inst3 ; |ram|4x32ram:inst6|4x4ram:inst3|memory_cell:inst14|inst3 ; out              ;
; |ram|4x32ram:inst6|4x4ram:inst3|memory_cell:inst14|inst  ; |ram|4x32ram:inst6|4x4ram:inst3|memory_cell:inst14|inst  ; regout           ;
; |ram|4x32ram:inst6|4x4ram:inst3|memory_cell:inst14|inst4 ; |ram|4x32ram:inst6|4x4ram:inst3|memory_cell:inst14|inst4 ; out0             ;
; |ram|4x32ram:inst6|4x4ram:inst3|memory_cell:inst12|inst3 ; |ram|4x32ram:inst6|4x4ram:inst3|memory_cell:inst12|inst3 ; out              ;
; |ram|4x32ram:inst6|4x4ram:inst3|memory_cell:inst12|inst  ; |ram|4x32ram:inst6|4x4ram:inst3|memory_cell:inst12|inst  ; regout           ;
; |ram|4x32ram:inst6|4x4ram:inst3|memory_cell:inst12|inst4 ; |ram|4x32ram:inst6|4x4ram:inst3|memory_cell:inst12|inst4 ; out0             ;
; |ram|4x32ram:inst6|4x4ram:inst3|memory_cell:inst10|inst3 ; |ram|4x32ram:inst6|4x4ram:inst3|memory_cell:inst10|inst3 ; out              ;
; |ram|4x32ram:inst6|4x4ram:inst3|memory_cell:inst10|inst  ; |ram|4x32ram:inst6|4x4ram:inst3|memory_cell:inst10|inst  ; regout           ;
; |ram|4x32ram:inst6|4x4ram:inst3|memory_cell:inst10|inst4 ; |ram|4x32ram:inst6|4x4ram:inst3|memory_cell:inst10|inst4 ; out0             ;
; |ram|4x32ram:inst6|4x4ram:inst3|memory_cell:inst15|inst3 ; |ram|4x32ram:inst6|4x4ram:inst3|memory_cell:inst15|inst3 ; out              ;
; |ram|4x32ram:inst6|4x4ram:inst3|memory_cell:inst15|inst  ; |ram|4x32ram:inst6|4x4ram:inst3|memory_cell:inst15|inst  ; regout           ;
; |ram|4x32ram:inst6|4x4ram:inst3|memory_cell:inst13|inst3 ; |ram|4x32ram:inst6|4x4ram:inst3|memory_cell:inst13|inst3 ; out              ;
; |ram|4x32ram:inst6|4x4ram:inst3|memory_cell:inst13|inst  ; |ram|4x32ram:inst6|4x4ram:inst3|memory_cell:inst13|inst  ; regout           ;
; |ram|4x32ram:inst6|4x4ram:inst3|memory_cell:inst13|inst4 ; |ram|4x32ram:inst6|4x4ram:inst3|memory_cell:inst13|inst4 ; out0             ;
; |ram|4x32ram:inst6|4x4ram:inst3|memory_cell:inst11|inst3 ; |ram|4x32ram:inst6|4x4ram:inst3|memory_cell:inst11|inst3 ; out              ;
; |ram|4x32ram:inst6|4x4ram:inst3|memory_cell:inst11|inst  ; |ram|4x32ram:inst6|4x4ram:inst3|memory_cell:inst11|inst  ; regout           ;
; |ram|4x32ram:inst6|4x4ram:inst3|memory_cell:inst11|inst4 ; |ram|4x32ram:inst6|4x4ram:inst3|memory_cell:inst11|inst4 ; out0             ;
; |ram|4x32ram:inst6|4x4ram:inst3|memory_cell:inst9|inst3  ; |ram|4x32ram:inst6|4x4ram:inst3|memory_cell:inst9|inst3  ; out              ;
; |ram|4x32ram:inst6|4x4ram:inst3|memory_cell:inst9|inst   ; |ram|4x32ram:inst6|4x4ram:inst3|memory_cell:inst9|inst   ; regout           ;
; |ram|4x32ram:inst6|4x4ram:inst3|memory_cell:inst9|inst4  ; |ram|4x32ram:inst6|4x4ram:inst3|memory_cell:inst9|inst4  ; out0             ;
; |ram|4x32ram:inst6|4x4ram:inst3|memory_cell:inst8|inst3  ; |ram|4x32ram:inst6|4x4ram:inst3|memory_cell:inst8|inst3  ; out              ;
; |ram|4x32ram:inst6|4x4ram:inst3|memory_cell:inst8|inst   ; |ram|4x32ram:inst6|4x4ram:inst3|memory_cell:inst8|inst   ; regout           ;
; |ram|4x32ram:inst6|4x4ram:inst3|memory_cell:inst6|inst3  ; |ram|4x32ram:inst6|4x4ram:inst3|memory_cell:inst6|inst3  ; out              ;
; |ram|4x32ram:inst6|4x4ram:inst3|memory_cell:inst6|inst   ; |ram|4x32ram:inst6|4x4ram:inst3|memory_cell:inst6|inst   ; regout           ;
; |ram|4x32ram:inst6|4x4ram:inst3|memory_cell:inst6|inst4  ; |ram|4x32ram:inst6|4x4ram:inst3|memory_cell:inst6|inst4  ; out0             ;
; |ram|4x32ram:inst6|4x4ram:inst3|memory_cell:inst4|inst3  ; |ram|4x32ram:inst6|4x4ram:inst3|memory_cell:inst4|inst3  ; out              ;
; |ram|4x32ram:inst6|4x4ram:inst3|memory_cell:inst4|inst   ; |ram|4x32ram:inst6|4x4ram:inst3|memory_cell:inst4|inst   ; regout           ;
; |ram|4x32ram:inst6|4x4ram:inst3|memory_cell:inst4|inst4  ; |ram|4x32ram:inst6|4x4ram:inst3|memory_cell:inst4|inst4  ; out0             ;
; |ram|4x32ram:inst6|4x4ram:inst3|24decoder:inst|inst3     ; |ram|4x32ram:inst6|4x4ram:inst3|24decoder:inst|inst3     ; out0             ;
; |ram|4x32ram:inst6|4x4ram:inst3|memory_cell:inst2|inst3  ; |ram|4x32ram:inst6|4x4ram:inst3|memory_cell:inst2|inst3  ; out              ;
; |ram|4x32ram:inst6|4x4ram:inst3|memory_cell:inst2|inst   ; |ram|4x32ram:inst6|4x4ram:inst3|memory_cell:inst2|inst   ; regout           ;
; |ram|4x32ram:inst6|4x4ram:inst3|memory_cell:inst2|inst4  ; |ram|4x32ram:inst6|4x4ram:inst3|memory_cell:inst2|inst4  ; out0             ;
; |ram|4x32ram:inst6|4x4ram:inst1|inst20                   ; |ram|4x32ram:inst6|4x4ram:inst1|inst20                   ; out              ;
; |ram|4x32ram:inst6|4x4ram:inst1|IN~0                     ; |ram|4x32ram:inst6|4x4ram:inst1|IN~0                     ; out0             ;
; |ram|4x32ram:inst6|4x4ram:inst1|inst21                   ; |ram|4x32ram:inst6|4x4ram:inst1|inst21                   ; out              ;
; |ram|4x32ram:inst6|4x4ram:inst1|IN~1                     ; |ram|4x32ram:inst6|4x4ram:inst1|IN~1                     ; out0             ;
; |ram|4x32ram:inst6|4x4ram:inst1|inst22                   ; |ram|4x32ram:inst6|4x4ram:inst1|inst22                   ; out              ;
; |ram|4x32ram:inst6|4x4ram:inst1|IN~2                     ; |ram|4x32ram:inst6|4x4ram:inst1|IN~2                     ; out0             ;
; |ram|4x32ram:inst6|4x4ram:inst1|inst19                   ; |ram|4x32ram:inst6|4x4ram:inst1|inst19                   ; out              ;
; |ram|4x32ram:inst6|4x4ram:inst1|IN~3                     ; |ram|4x32ram:inst6|4x4ram:inst1|IN~3                     ; out0             ;
; |ram|4x32ram:inst6|4x4ram:inst1|memory_cell:inst3|inst3  ; |ram|4x32ram:inst6|4x4ram:inst1|memory_cell:inst3|inst3  ; out              ;
; |ram|4x32ram:inst6|4x4ram:inst1|memory_cell:inst3|inst   ; |ram|4x32ram:inst6|4x4ram:inst1|memory_cell:inst3|inst   ; regout           ;
; |ram|4x32ram:inst6|4x4ram:inst1|memory_cell:inst3|inst4  ; |ram|4x32ram:inst6|4x4ram:inst1|memory_cell:inst3|inst4  ; out0             ;
; |ram|4x32ram:inst6|4x4ram:inst1|memory_cell:inst5|inst3  ; |ram|4x32ram:inst6|4x4ram:inst1|memory_cell:inst5|inst3  ; out              ;
; |ram|4x32ram:inst6|4x4ram:inst1|memory_cell:inst5|inst   ; |ram|4x32ram:inst6|4x4ram:inst1|memory_cell:inst5|inst   ; regout           ;
; |ram|4x32ram:inst6|4x4ram:inst1|memory_cell:inst5|inst4  ; |ram|4x32ram:inst6|4x4ram:inst1|memory_cell:inst5|inst4  ; out0             ;
; |ram|4x32ram:inst6|4x4ram:inst1|memory_cell:inst7|inst3  ; |ram|4x32ram:inst6|4x4ram:inst1|memory_cell:inst7|inst3  ; out              ;
; |ram|4x32ram:inst6|4x4ram:inst1|memory_cell:inst7|inst   ; |ram|4x32ram:inst6|4x4ram:inst1|memory_cell:inst7|inst   ; regout           ;
; |ram|4x32ram:inst6|4x4ram:inst1|memory_cell:inst1|inst3  ; |ram|4x32ram:inst6|4x4ram:inst1|memory_cell:inst1|inst3  ; out              ;
; |ram|4x32ram:inst6|4x4ram:inst1|memory_cell:inst1|inst   ; |ram|4x32ram:inst6|4x4ram:inst1|memory_cell:inst1|inst   ; regout           ;
; |ram|4x32ram:inst6|4x4ram:inst1|memory_cell:inst1|inst4  ; |ram|4x32ram:inst6|4x4ram:inst1|memory_cell:inst1|inst4  ; out0             ;
; |ram|4x32ram:inst6|4x4ram:inst1|memory_cell:inst16|inst3 ; |ram|4x32ram:inst6|4x4ram:inst1|memory_cell:inst16|inst3 ; out              ;
; |ram|4x32ram:inst6|4x4ram:inst1|memory_cell:inst16|inst  ; |ram|4x32ram:inst6|4x4ram:inst1|memory_cell:inst16|inst  ; regout           ;
; |ram|4x32ram:inst6|4x4ram:inst1|memory_cell:inst14|inst3 ; |ram|4x32ram:inst6|4x4ram:inst1|memory_cell:inst14|inst3 ; out              ;
; |ram|4x32ram:inst6|4x4ram:inst1|memory_cell:inst14|inst  ; |ram|4x32ram:inst6|4x4ram:inst1|memory_cell:inst14|inst  ; regout           ;
; |ram|4x32ram:inst6|4x4ram:inst1|memory_cell:inst14|inst4 ; |ram|4x32ram:inst6|4x4ram:inst1|memory_cell:inst14|inst4 ; out0             ;
; |ram|4x32ram:inst6|4x4ram:inst1|memory_cell:inst12|inst3 ; |ram|4x32ram:inst6|4x4ram:inst1|memory_cell:inst12|inst3 ; out              ;
; |ram|4x32ram:inst6|4x4ram:inst1|memory_cell:inst12|inst  ; |ram|4x32ram:inst6|4x4ram:inst1|memory_cell:inst12|inst  ; regout           ;
; |ram|4x32ram:inst6|4x4ram:inst1|memory_cell:inst12|inst4 ; |ram|4x32ram:inst6|4x4ram:inst1|memory_cell:inst12|inst4 ; out0             ;
; |ram|4x32ram:inst6|4x4ram:inst1|memory_cell:inst10|inst3 ; |ram|4x32ram:inst6|4x4ram:inst1|memory_cell:inst10|inst3 ; out              ;
; |ram|4x32ram:inst6|4x4ram:inst1|memory_cell:inst10|inst  ; |ram|4x32ram:inst6|4x4ram:inst1|memory_cell:inst10|inst  ; regout           ;
; |ram|4x32ram:inst6|4x4ram:inst1|memory_cell:inst10|inst4 ; |ram|4x32ram:inst6|4x4ram:inst1|memory_cell:inst10|inst4 ; out0             ;
; |ram|4x32ram:inst6|4x4ram:inst1|memory_cell:inst15|inst3 ; |ram|4x32ram:inst6|4x4ram:inst1|memory_cell:inst15|inst3 ; out              ;
; |ram|4x32ram:inst6|4x4ram:inst1|memory_cell:inst15|inst  ; |ram|4x32ram:inst6|4x4ram:inst1|memory_cell:inst15|inst  ; regout           ;
; |ram|4x32ram:inst6|4x4ram:inst1|memory_cell:inst13|inst3 ; |ram|4x32ram:inst6|4x4ram:inst1|memory_cell:inst13|inst3 ; out              ;
; |ram|4x32ram:inst6|4x4ram:inst1|memory_cell:inst13|inst  ; |ram|4x32ram:inst6|4x4ram:inst1|memory_cell:inst13|inst  ; regout           ;
; |ram|4x32ram:inst6|4x4ram:inst1|memory_cell:inst13|inst4 ; |ram|4x32ram:inst6|4x4ram:inst1|memory_cell:inst13|inst4 ; out0             ;
; |ram|4x32ram:inst6|4x4ram:inst1|memory_cell:inst11|inst3 ; |ram|4x32ram:inst6|4x4ram:inst1|memory_cell:inst11|inst3 ; out              ;
; |ram|4x32ram:inst6|4x4ram:inst1|memory_cell:inst11|inst  ; |ram|4x32ram:inst6|4x4ram:inst1|memory_cell:inst11|inst  ; regout           ;
; |ram|4x32ram:inst6|4x4ram:inst1|memory_cell:inst11|inst4 ; |ram|4x32ram:inst6|4x4ram:inst1|memory_cell:inst11|inst4 ; out0             ;
; |ram|4x32ram:inst6|4x4ram:inst1|memory_cell:inst9|inst3  ; |ram|4x32ram:inst6|4x4ram:inst1|memory_cell:inst9|inst3  ; out              ;
; |ram|4x32ram:inst6|4x4ram:inst1|memory_cell:inst9|inst   ; |ram|4x32ram:inst6|4x4ram:inst1|memory_cell:inst9|inst   ; regout           ;
; |ram|4x32ram:inst6|4x4ram:inst1|memory_cell:inst9|inst4  ; |ram|4x32ram:inst6|4x4ram:inst1|memory_cell:inst9|inst4  ; out0             ;
; |ram|4x32ram:inst6|4x4ram:inst1|memory_cell:inst8|inst3  ; |ram|4x32ram:inst6|4x4ram:inst1|memory_cell:inst8|inst3  ; out              ;
; |ram|4x32ram:inst6|4x4ram:inst1|memory_cell:inst8|inst   ; |ram|4x32ram:inst6|4x4ram:inst1|memory_cell:inst8|inst   ; regout           ;
; |ram|4x32ram:inst6|4x4ram:inst1|memory_cell:inst6|inst3  ; |ram|4x32ram:inst6|4x4ram:inst1|memory_cell:inst6|inst3  ; out              ;
; |ram|4x32ram:inst6|4x4ram:inst1|memory_cell:inst6|inst   ; |ram|4x32ram:inst6|4x4ram:inst1|memory_cell:inst6|inst   ; regout           ;
; |ram|4x32ram:inst6|4x4ram:inst1|memory_cell:inst6|inst4  ; |ram|4x32ram:inst6|4x4ram:inst1|memory_cell:inst6|inst4  ; out0             ;
; |ram|4x32ram:inst6|4x4ram:inst1|memory_cell:inst4|inst3  ; |ram|4x32ram:inst6|4x4ram:inst1|memory_cell:inst4|inst3  ; out              ;
; |ram|4x32ram:inst6|4x4ram:inst1|memory_cell:inst4|inst   ; |ram|4x32ram:inst6|4x4ram:inst1|memory_cell:inst4|inst   ; regout           ;
; |ram|4x32ram:inst6|4x4ram:inst1|memory_cell:inst4|inst4  ; |ram|4x32ram:inst6|4x4ram:inst1|memory_cell:inst4|inst4  ; out0             ;
; |ram|4x32ram:inst6|4x4ram:inst1|24decoder:inst|inst3     ; |ram|4x32ram:inst6|4x4ram:inst1|24decoder:inst|inst3     ; out0             ;
; |ram|4x32ram:inst6|4x4ram:inst1|memory_cell:inst2|inst3  ; |ram|4x32ram:inst6|4x4ram:inst1|memory_cell:inst2|inst3  ; out              ;
; |ram|4x32ram:inst6|4x4ram:inst1|memory_cell:inst2|inst   ; |ram|4x32ram:inst6|4x4ram:inst1|memory_cell:inst2|inst   ; regout           ;
; |ram|4x32ram:inst6|4x4ram:inst1|memory_cell:inst2|inst4  ; |ram|4x32ram:inst6|4x4ram:inst1|memory_cell:inst2|inst4  ; out0             ;
; |ram|4x32ram:inst6|4x4ram:inst|inst20                    ; |ram|4x32ram:inst6|4x4ram:inst|inst20                    ; out              ;
; |ram|4x32ram:inst6|4x4ram:inst|IN~0                      ; |ram|4x32ram:inst6|4x4ram:inst|IN~0                      ; out0             ;
; |ram|4x32ram:inst6|4x4ram:inst|inst21                    ; |ram|4x32ram:inst6|4x4ram:inst|inst21                    ; out              ;
; |ram|4x32ram:inst6|4x4ram:inst|IN~1                      ; |ram|4x32ram:inst6|4x4ram:inst|IN~1                      ; out0             ;
; |ram|4x32ram:inst6|4x4ram:inst|inst22                    ; |ram|4x32ram:inst6|4x4ram:inst|inst22                    ; out              ;
; |ram|4x32ram:inst6|4x4ram:inst|IN~2                      ; |ram|4x32ram:inst6|4x4ram:inst|IN~2                      ; out0             ;
; |ram|4x32ram:inst6|4x4ram:inst|inst19                    ; |ram|4x32ram:inst6|4x4ram:inst|inst19                    ; out              ;
; |ram|4x32ram:inst6|4x4ram:inst|IN~3                      ; |ram|4x32ram:inst6|4x4ram:inst|IN~3                      ; out0             ;
; |ram|4x32ram:inst6|4x4ram:inst|memory_cell:inst3|inst3   ; |ram|4x32ram:inst6|4x4ram:inst|memory_cell:inst3|inst3   ; out              ;
; |ram|4x32ram:inst6|4x4ram:inst|memory_cell:inst3|inst    ; |ram|4x32ram:inst6|4x4ram:inst|memory_cell:inst3|inst    ; regout           ;
; |ram|4x32ram:inst6|4x4ram:inst|memory_cell:inst3|inst4   ; |ram|4x32ram:inst6|4x4ram:inst|memory_cell:inst3|inst4   ; out0             ;
; |ram|4x32ram:inst6|4x4ram:inst|memory_cell:inst5|inst3   ; |ram|4x32ram:inst6|4x4ram:inst|memory_cell:inst5|inst3   ; out              ;
; |ram|4x32ram:inst6|4x4ram:inst|memory_cell:inst5|inst    ; |ram|4x32ram:inst6|4x4ram:inst|memory_cell:inst5|inst    ; regout           ;
; |ram|4x32ram:inst6|4x4ram:inst|memory_cell:inst5|inst4   ; |ram|4x32ram:inst6|4x4ram:inst|memory_cell:inst5|inst4   ; out0             ;
; |ram|4x32ram:inst6|4x4ram:inst|memory_cell:inst7|inst3   ; |ram|4x32ram:inst6|4x4ram:inst|memory_cell:inst7|inst3   ; out              ;
; |ram|4x32ram:inst6|4x4ram:inst|memory_cell:inst7|inst    ; |ram|4x32ram:inst6|4x4ram:inst|memory_cell:inst7|inst    ; regout           ;
; |ram|4x32ram:inst6|4x4ram:inst|memory_cell:inst1|inst3   ; |ram|4x32ram:inst6|4x4ram:inst|memory_cell:inst1|inst3   ; out              ;
; |ram|4x32ram:inst6|4x4ram:inst|memory_cell:inst1|inst    ; |ram|4x32ram:inst6|4x4ram:inst|memory_cell:inst1|inst    ; regout           ;
; |ram|4x32ram:inst6|4x4ram:inst|memory_cell:inst1|inst4   ; |ram|4x32ram:inst6|4x4ram:inst|memory_cell:inst1|inst4   ; out0             ;
; |ram|4x32ram:inst6|4x4ram:inst|memory_cell:inst16|inst3  ; |ram|4x32ram:inst6|4x4ram:inst|memory_cell:inst16|inst3  ; out              ;
; |ram|4x32ram:inst6|4x4ram:inst|memory_cell:inst16|inst   ; |ram|4x32ram:inst6|4x4ram:inst|memory_cell:inst16|inst   ; regout           ;
; |ram|4x32ram:inst6|4x4ram:inst|memory_cell:inst14|inst3  ; |ram|4x32ram:inst6|4x4ram:inst|memory_cell:inst14|inst3  ; out              ;
; |ram|4x32ram:inst6|4x4ram:inst|memory_cell:inst14|inst   ; |ram|4x32ram:inst6|4x4ram:inst|memory_cell:inst14|inst   ; regout           ;
; |ram|4x32ram:inst6|4x4ram:inst|memory_cell:inst14|inst4  ; |ram|4x32ram:inst6|4x4ram:inst|memory_cell:inst14|inst4  ; out0             ;
; |ram|4x32ram:inst6|4x4ram:inst|memory_cell:inst12|inst3  ; |ram|4x32ram:inst6|4x4ram:inst|memory_cell:inst12|inst3  ; out              ;
; |ram|4x32ram:inst6|4x4ram:inst|memory_cell:inst12|inst   ; |ram|4x32ram:inst6|4x4ram:inst|memory_cell:inst12|inst   ; regout           ;
; |ram|4x32ram:inst6|4x4ram:inst|memory_cell:inst12|inst4  ; |ram|4x32ram:inst6|4x4ram:inst|memory_cell:inst12|inst4  ; out0             ;
; |ram|4x32ram:inst6|4x4ram:inst|memory_cell:inst10|inst3  ; |ram|4x32ram:inst6|4x4ram:inst|memory_cell:inst10|inst3  ; out              ;
; |ram|4x32ram:inst6|4x4ram:inst|memory_cell:inst10|inst   ; |ram|4x32ram:inst6|4x4ram:inst|memory_cell:inst10|inst   ; regout           ;
; |ram|4x32ram:inst6|4x4ram:inst|memory_cell:inst10|inst4  ; |ram|4x32ram:inst6|4x4ram:inst|memory_cell:inst10|inst4  ; out0             ;
; |ram|4x32ram:inst6|4x4ram:inst|memory_cell:inst15|inst3  ; |ram|4x32ram:inst6|4x4ram:inst|memory_cell:inst15|inst3  ; out              ;
; |ram|4x32ram:inst6|4x4ram:inst|memory_cell:inst15|inst   ; |ram|4x32ram:inst6|4x4ram:inst|memory_cell:inst15|inst   ; regout           ;
; |ram|4x32ram:inst6|4x4ram:inst|memory_cell:inst13|inst3  ; |ram|4x32ram:inst6|4x4ram:inst|memory_cell:inst13|inst3  ; out              ;
; |ram|4x32ram:inst6|4x4ram:inst|memory_cell:inst13|inst   ; |ram|4x32ram:inst6|4x4ram:inst|memory_cell:inst13|inst   ; regout           ;
; |ram|4x32ram:inst6|4x4ram:inst|memory_cell:inst13|inst4  ; |ram|4x32ram:inst6|4x4ram:inst|memory_cell:inst13|inst4  ; out0             ;
; |ram|4x32ram:inst6|4x4ram:inst|memory_cell:inst11|inst3  ; |ram|4x32ram:inst6|4x4ram:inst|memory_cell:inst11|inst3  ; out              ;
; |ram|4x32ram:inst6|4x4ram:inst|memory_cell:inst11|inst   ; |ram|4x32ram:inst6|4x4ram:inst|memory_cell:inst11|inst   ; regout           ;
; |ram|4x32ram:inst6|4x4ram:inst|memory_cell:inst11|inst4  ; |ram|4x32ram:inst6|4x4ram:inst|memory_cell:inst11|inst4  ; out0             ;
; |ram|4x32ram:inst6|4x4ram:inst|memory_cell:inst9|inst3   ; |ram|4x32ram:inst6|4x4ram:inst|memory_cell:inst9|inst3   ; out              ;
; |ram|4x32ram:inst6|4x4ram:inst|memory_cell:inst9|inst    ; |ram|4x32ram:inst6|4x4ram:inst|memory_cell:inst9|inst    ; regout           ;
; |ram|4x32ram:inst6|4x4ram:inst|memory_cell:inst9|inst4   ; |ram|4x32ram:inst6|4x4ram:inst|memory_cell:inst9|inst4   ; out0             ;
; |ram|4x32ram:inst6|4x4ram:inst|memory_cell:inst8|inst3   ; |ram|4x32ram:inst6|4x4ram:inst|memory_cell:inst8|inst3   ; out              ;
; |ram|4x32ram:inst6|4x4ram:inst|memory_cell:inst8|inst    ; |ram|4x32ram:inst6|4x4ram:inst|memory_cell:inst8|inst    ; regout           ;
; |ram|4x32ram:inst6|4x4ram:inst|memory_cell:inst6|inst3   ; |ram|4x32ram:inst6|4x4ram:inst|memory_cell:inst6|inst3   ; out              ;
; |ram|4x32ram:inst6|4x4ram:inst|memory_cell:inst6|inst    ; |ram|4x32ram:inst6|4x4ram:inst|memory_cell:inst6|inst    ; regout           ;
; |ram|4x32ram:inst6|4x4ram:inst|memory_cell:inst6|inst4   ; |ram|4x32ram:inst6|4x4ram:inst|memory_cell:inst6|inst4   ; out0             ;
; |ram|4x32ram:inst6|4x4ram:inst|memory_cell:inst4|inst3   ; |ram|4x32ram:inst6|4x4ram:inst|memory_cell:inst4|inst3   ; out              ;
; |ram|4x32ram:inst6|4x4ram:inst|memory_cell:inst4|inst    ; |ram|4x32ram:inst6|4x4ram:inst|memory_cell:inst4|inst    ; regout           ;
; |ram|4x32ram:inst6|4x4ram:inst|memory_cell:inst4|inst4   ; |ram|4x32ram:inst6|4x4ram:inst|memory_cell:inst4|inst4   ; out0             ;
; |ram|4x32ram:inst6|4x4ram:inst|24decoder:inst|inst3      ; |ram|4x32ram:inst6|4x4ram:inst|24decoder:inst|inst3      ; out0             ;
; |ram|4x32ram:inst6|4x4ram:inst|memory_cell:inst2|inst3   ; |ram|4x32ram:inst6|4x4ram:inst|memory_cell:inst2|inst3   ; out              ;
; |ram|4x32ram:inst6|4x4ram:inst|memory_cell:inst2|inst    ; |ram|4x32ram:inst6|4x4ram:inst|memory_cell:inst2|inst    ; regout           ;
; |ram|4x32ram:inst6|4x4ram:inst|memory_cell:inst2|inst4   ; |ram|4x32ram:inst6|4x4ram:inst|memory_cell:inst2|inst4   ; out0             ;
; |ram|4x32ram:inst5|4x4ram:inst8|inst20                   ; |ram|4x32ram:inst5|4x4ram:inst8|inst20                   ; out              ;
; |ram|4x32ram:inst5|4x4ram:inst8|IN~0                     ; |ram|4x32ram:inst5|4x4ram:inst8|IN~0                     ; out0             ;
; |ram|4x32ram:inst5|4x4ram:inst8|inst17                   ; |ram|4x32ram:inst5|4x4ram:inst8|inst17                   ; out0             ;
; |ram|4x32ram:inst5|4x4ram:inst8|inst18                   ; |ram|4x32ram:inst5|4x4ram:inst8|inst18                   ; out0             ;
; |ram|4x32ram:inst5|4x4ram:inst8|inst21                   ; |ram|4x32ram:inst5|4x4ram:inst8|inst21                   ; out              ;
; |ram|4x32ram:inst5|4x4ram:inst8|IN~1                     ; |ram|4x32ram:inst5|4x4ram:inst8|IN~1                     ; out0             ;
; |ram|4x32ram:inst5|4x4ram:inst8|inst22                   ; |ram|4x32ram:inst5|4x4ram:inst8|inst22                   ; out              ;
; |ram|4x32ram:inst5|4x4ram:inst8|IN~2                     ; |ram|4x32ram:inst5|4x4ram:inst8|IN~2                     ; out0             ;
; |ram|4x32ram:inst5|4x4ram:inst8|inst19                   ; |ram|4x32ram:inst5|4x4ram:inst8|inst19                   ; out              ;
; |ram|4x32ram:inst5|4x4ram:inst8|IN~3                     ; |ram|4x32ram:inst5|4x4ram:inst8|IN~3                     ; out0             ;
; |ram|4x32ram:inst5|4x4ram:inst8|memory_cell:inst3|inst3  ; |ram|4x32ram:inst5|4x4ram:inst8|memory_cell:inst3|inst3  ; out              ;
; |ram|4x32ram:inst5|4x4ram:inst8|memory_cell:inst3|inst   ; |ram|4x32ram:inst5|4x4ram:inst8|memory_cell:inst3|inst   ; regout           ;
; |ram|4x32ram:inst5|4x4ram:inst8|memory_cell:inst3|inst4  ; |ram|4x32ram:inst5|4x4ram:inst8|memory_cell:inst3|inst4  ; out0             ;
; |ram|4x32ram:inst5|4x4ram:inst8|memory_cell:inst5|inst3  ; |ram|4x32ram:inst5|4x4ram:inst8|memory_cell:inst5|inst3  ; out              ;
; |ram|4x32ram:inst5|4x4ram:inst8|memory_cell:inst5|inst   ; |ram|4x32ram:inst5|4x4ram:inst8|memory_cell:inst5|inst   ; regout           ;
; |ram|4x32ram:inst5|4x4ram:inst8|memory_cell:inst5|inst4  ; |ram|4x32ram:inst5|4x4ram:inst8|memory_cell:inst5|inst4  ; out0             ;
; |ram|4x32ram:inst5|4x4ram:inst8|memory_cell:inst7|inst3  ; |ram|4x32ram:inst5|4x4ram:inst8|memory_cell:inst7|inst3  ; out              ;
; |ram|4x32ram:inst5|4x4ram:inst8|memory_cell:inst7|inst   ; |ram|4x32ram:inst5|4x4ram:inst8|memory_cell:inst7|inst   ; regout           ;
; |ram|4x32ram:inst5|4x4ram:inst8|memory_cell:inst7|inst4  ; |ram|4x32ram:inst5|4x4ram:inst8|memory_cell:inst7|inst4  ; out0             ;
; |ram|4x32ram:inst5|4x4ram:inst8|memory_cell:inst1|inst3  ; |ram|4x32ram:inst5|4x4ram:inst8|memory_cell:inst1|inst3  ; out              ;
; |ram|4x32ram:inst5|4x4ram:inst8|memory_cell:inst1|inst   ; |ram|4x32ram:inst5|4x4ram:inst8|memory_cell:inst1|inst   ; regout           ;
; |ram|4x32ram:inst5|4x4ram:inst8|memory_cell:inst1|inst4  ; |ram|4x32ram:inst5|4x4ram:inst8|memory_cell:inst1|inst4  ; out0             ;
; |ram|4x32ram:inst5|4x4ram:inst8|memory_cell:inst16|inst3 ; |ram|4x32ram:inst5|4x4ram:inst8|memory_cell:inst16|inst3 ; out              ;
; |ram|4x32ram:inst5|4x4ram:inst8|memory_cell:inst16|inst  ; |ram|4x32ram:inst5|4x4ram:inst8|memory_cell:inst16|inst  ; regout           ;
; |ram|4x32ram:inst5|4x4ram:inst8|memory_cell:inst16|inst4 ; |ram|4x32ram:inst5|4x4ram:inst8|memory_cell:inst16|inst4 ; out0             ;
; |ram|4x32ram:inst5|4x4ram:inst8|memory_cell:inst14|inst3 ; |ram|4x32ram:inst5|4x4ram:inst8|memory_cell:inst14|inst3 ; out              ;
; |ram|4x32ram:inst5|4x4ram:inst8|memory_cell:inst14|inst  ; |ram|4x32ram:inst5|4x4ram:inst8|memory_cell:inst14|inst  ; regout           ;
; |ram|4x32ram:inst5|4x4ram:inst8|memory_cell:inst14|inst4 ; |ram|4x32ram:inst5|4x4ram:inst8|memory_cell:inst14|inst4 ; out0             ;
; |ram|4x32ram:inst5|4x4ram:inst8|memory_cell:inst12|inst3 ; |ram|4x32ram:inst5|4x4ram:inst8|memory_cell:inst12|inst3 ; out              ;
; |ram|4x32ram:inst5|4x4ram:inst8|memory_cell:inst12|inst  ; |ram|4x32ram:inst5|4x4ram:inst8|memory_cell:inst12|inst  ; regout           ;
; |ram|4x32ram:inst5|4x4ram:inst8|memory_cell:inst12|inst4 ; |ram|4x32ram:inst5|4x4ram:inst8|memory_cell:inst12|inst4 ; out0             ;
; |ram|4x32ram:inst5|4x4ram:inst8|memory_cell:inst10|inst3 ; |ram|4x32ram:inst5|4x4ram:inst8|memory_cell:inst10|inst3 ; out              ;
; |ram|4x32ram:inst5|4x4ram:inst8|memory_cell:inst10|inst  ; |ram|4x32ram:inst5|4x4ram:inst8|memory_cell:inst10|inst  ; regout           ;
; |ram|4x32ram:inst5|4x4ram:inst8|memory_cell:inst10|inst4 ; |ram|4x32ram:inst5|4x4ram:inst8|memory_cell:inst10|inst4 ; out0             ;
; |ram|4x32ram:inst5|4x4ram:inst8|memory_cell:inst15|inst3 ; |ram|4x32ram:inst5|4x4ram:inst8|memory_cell:inst15|inst3 ; out              ;
; |ram|4x32ram:inst5|4x4ram:inst8|memory_cell:inst15|inst  ; |ram|4x32ram:inst5|4x4ram:inst8|memory_cell:inst15|inst  ; regout           ;
; |ram|4x32ram:inst5|4x4ram:inst8|memory_cell:inst15|inst4 ; |ram|4x32ram:inst5|4x4ram:inst8|memory_cell:inst15|inst4 ; out0             ;
; |ram|4x32ram:inst5|4x4ram:inst8|memory_cell:inst13|inst3 ; |ram|4x32ram:inst5|4x4ram:inst8|memory_cell:inst13|inst3 ; out              ;
; |ram|4x32ram:inst5|4x4ram:inst8|memory_cell:inst13|inst  ; |ram|4x32ram:inst5|4x4ram:inst8|memory_cell:inst13|inst  ; regout           ;
; |ram|4x32ram:inst5|4x4ram:inst8|memory_cell:inst13|inst4 ; |ram|4x32ram:inst5|4x4ram:inst8|memory_cell:inst13|inst4 ; out0             ;
; |ram|4x32ram:inst5|4x4ram:inst8|memory_cell:inst11|inst3 ; |ram|4x32ram:inst5|4x4ram:inst8|memory_cell:inst11|inst3 ; out              ;
; |ram|4x32ram:inst5|4x4ram:inst8|memory_cell:inst11|inst  ; |ram|4x32ram:inst5|4x4ram:inst8|memory_cell:inst11|inst  ; regout           ;
; |ram|4x32ram:inst5|4x4ram:inst8|memory_cell:inst11|inst4 ; |ram|4x32ram:inst5|4x4ram:inst8|memory_cell:inst11|inst4 ; out0             ;
; |ram|4x32ram:inst5|4x4ram:inst8|memory_cell:inst9|inst3  ; |ram|4x32ram:inst5|4x4ram:inst8|memory_cell:inst9|inst3  ; out              ;
; |ram|4x32ram:inst5|4x4ram:inst8|memory_cell:inst9|inst   ; |ram|4x32ram:inst5|4x4ram:inst8|memory_cell:inst9|inst   ; regout           ;
; |ram|4x32ram:inst5|4x4ram:inst8|memory_cell:inst9|inst4  ; |ram|4x32ram:inst5|4x4ram:inst8|memory_cell:inst9|inst4  ; out0             ;
; |ram|4x32ram:inst5|4x4ram:inst8|memory_cell:inst8|inst3  ; |ram|4x32ram:inst5|4x4ram:inst8|memory_cell:inst8|inst3  ; out              ;
; |ram|4x32ram:inst5|4x4ram:inst8|memory_cell:inst8|inst   ; |ram|4x32ram:inst5|4x4ram:inst8|memory_cell:inst8|inst   ; regout           ;
; |ram|4x32ram:inst5|4x4ram:inst8|memory_cell:inst8|inst4  ; |ram|4x32ram:inst5|4x4ram:inst8|memory_cell:inst8|inst4  ; out0             ;
; |ram|4x32ram:inst5|4x4ram:inst8|memory_cell:inst6|inst3  ; |ram|4x32ram:inst5|4x4ram:inst8|memory_cell:inst6|inst3  ; out              ;
; |ram|4x32ram:inst5|4x4ram:inst8|memory_cell:inst6|inst   ; |ram|4x32ram:inst5|4x4ram:inst8|memory_cell:inst6|inst   ; regout           ;
; |ram|4x32ram:inst5|4x4ram:inst8|memory_cell:inst6|inst4  ; |ram|4x32ram:inst5|4x4ram:inst8|memory_cell:inst6|inst4  ; out0             ;
; |ram|4x32ram:inst5|4x4ram:inst8|memory_cell:inst4|inst3  ; |ram|4x32ram:inst5|4x4ram:inst8|memory_cell:inst4|inst3  ; out              ;
; |ram|4x32ram:inst5|4x4ram:inst8|memory_cell:inst4|inst   ; |ram|4x32ram:inst5|4x4ram:inst8|memory_cell:inst4|inst   ; regout           ;
; |ram|4x32ram:inst5|4x4ram:inst8|memory_cell:inst4|inst4  ; |ram|4x32ram:inst5|4x4ram:inst8|memory_cell:inst4|inst4  ; out0             ;
; |ram|4x32ram:inst5|4x4ram:inst8|24decoder:inst|inst3     ; |ram|4x32ram:inst5|4x4ram:inst8|24decoder:inst|inst3     ; out0             ;
; |ram|4x32ram:inst5|4x4ram:inst8|memory_cell:inst2|inst3  ; |ram|4x32ram:inst5|4x4ram:inst8|memory_cell:inst2|inst3  ; out              ;
; |ram|4x32ram:inst5|4x4ram:inst8|memory_cell:inst2|inst   ; |ram|4x32ram:inst5|4x4ram:inst8|memory_cell:inst2|inst   ; regout           ;
; |ram|4x32ram:inst5|4x4ram:inst8|memory_cell:inst2|inst4  ; |ram|4x32ram:inst5|4x4ram:inst8|memory_cell:inst2|inst4  ; out0             ;
; |ram|4x32ram:inst5|4x4ram:inst7|inst20                   ; |ram|4x32ram:inst5|4x4ram:inst7|inst20                   ; out              ;
; |ram|4x32ram:inst5|4x4ram:inst7|IN~0                     ; |ram|4x32ram:inst5|4x4ram:inst7|IN~0                     ; out0             ;
; |ram|4x32ram:inst5|4x4ram:inst7|inst17                   ; |ram|4x32ram:inst5|4x4ram:inst7|inst17                   ; out0             ;
; |ram|4x32ram:inst5|4x4ram:inst7|inst18                   ; |ram|4x32ram:inst5|4x4ram:inst7|inst18                   ; out0             ;
; |ram|4x32ram:inst5|4x4ram:inst7|inst21                   ; |ram|4x32ram:inst5|4x4ram:inst7|inst21                   ; out              ;
; |ram|4x32ram:inst5|4x4ram:inst7|IN~1                     ; |ram|4x32ram:inst5|4x4ram:inst7|IN~1                     ; out0             ;
; |ram|4x32ram:inst5|4x4ram:inst7|inst22                   ; |ram|4x32ram:inst5|4x4ram:inst7|inst22                   ; out              ;
; |ram|4x32ram:inst5|4x4ram:inst7|IN~2                     ; |ram|4x32ram:inst5|4x4ram:inst7|IN~2                     ; out0             ;
; |ram|4x32ram:inst5|4x4ram:inst7|inst19                   ; |ram|4x32ram:inst5|4x4ram:inst7|inst19                   ; out              ;
; |ram|4x32ram:inst5|4x4ram:inst7|IN~3                     ; |ram|4x32ram:inst5|4x4ram:inst7|IN~3                     ; out0             ;
; |ram|4x32ram:inst5|4x4ram:inst7|memory_cell:inst3|inst3  ; |ram|4x32ram:inst5|4x4ram:inst7|memory_cell:inst3|inst3  ; out              ;
; |ram|4x32ram:inst5|4x4ram:inst7|memory_cell:inst3|inst   ; |ram|4x32ram:inst5|4x4ram:inst7|memory_cell:inst3|inst   ; regout           ;
; |ram|4x32ram:inst5|4x4ram:inst7|memory_cell:inst3|inst4  ; |ram|4x32ram:inst5|4x4ram:inst7|memory_cell:inst3|inst4  ; out0             ;
; |ram|4x32ram:inst5|4x4ram:inst7|memory_cell:inst5|inst3  ; |ram|4x32ram:inst5|4x4ram:inst7|memory_cell:inst5|inst3  ; out              ;
; |ram|4x32ram:inst5|4x4ram:inst7|memory_cell:inst5|inst   ; |ram|4x32ram:inst5|4x4ram:inst7|memory_cell:inst5|inst   ; regout           ;
; |ram|4x32ram:inst5|4x4ram:inst7|memory_cell:inst5|inst4  ; |ram|4x32ram:inst5|4x4ram:inst7|memory_cell:inst5|inst4  ; out0             ;
; |ram|4x32ram:inst5|4x4ram:inst7|memory_cell:inst7|inst3  ; |ram|4x32ram:inst5|4x4ram:inst7|memory_cell:inst7|inst3  ; out              ;
; |ram|4x32ram:inst5|4x4ram:inst7|memory_cell:inst7|inst   ; |ram|4x32ram:inst5|4x4ram:inst7|memory_cell:inst7|inst   ; regout           ;
; |ram|4x32ram:inst5|4x4ram:inst7|memory_cell:inst7|inst4  ; |ram|4x32ram:inst5|4x4ram:inst7|memory_cell:inst7|inst4  ; out0             ;
; |ram|4x32ram:inst5|4x4ram:inst7|memory_cell:inst1|inst3  ; |ram|4x32ram:inst5|4x4ram:inst7|memory_cell:inst1|inst3  ; out              ;
; |ram|4x32ram:inst5|4x4ram:inst7|memory_cell:inst1|inst   ; |ram|4x32ram:inst5|4x4ram:inst7|memory_cell:inst1|inst   ; regout           ;
; |ram|4x32ram:inst5|4x4ram:inst7|memory_cell:inst1|inst4  ; |ram|4x32ram:inst5|4x4ram:inst7|memory_cell:inst1|inst4  ; out0             ;
; |ram|4x32ram:inst5|4x4ram:inst7|memory_cell:inst16|inst3 ; |ram|4x32ram:inst5|4x4ram:inst7|memory_cell:inst16|inst3 ; out              ;
; |ram|4x32ram:inst5|4x4ram:inst7|memory_cell:inst16|inst  ; |ram|4x32ram:inst5|4x4ram:inst7|memory_cell:inst16|inst  ; regout           ;
; |ram|4x32ram:inst5|4x4ram:inst7|memory_cell:inst16|inst4 ; |ram|4x32ram:inst5|4x4ram:inst7|memory_cell:inst16|inst4 ; out0             ;
; |ram|4x32ram:inst5|4x4ram:inst7|memory_cell:inst14|inst3 ; |ram|4x32ram:inst5|4x4ram:inst7|memory_cell:inst14|inst3 ; out              ;
; |ram|4x32ram:inst5|4x4ram:inst7|memory_cell:inst14|inst  ; |ram|4x32ram:inst5|4x4ram:inst7|memory_cell:inst14|inst  ; regout           ;
; |ram|4x32ram:inst5|4x4ram:inst7|memory_cell:inst14|inst4 ; |ram|4x32ram:inst5|4x4ram:inst7|memory_cell:inst14|inst4 ; out0             ;
; |ram|4x32ram:inst5|4x4ram:inst7|memory_cell:inst12|inst3 ; |ram|4x32ram:inst5|4x4ram:inst7|memory_cell:inst12|inst3 ; out              ;
; |ram|4x32ram:inst5|4x4ram:inst7|memory_cell:inst12|inst  ; |ram|4x32ram:inst5|4x4ram:inst7|memory_cell:inst12|inst  ; regout           ;
; |ram|4x32ram:inst5|4x4ram:inst7|memory_cell:inst12|inst4 ; |ram|4x32ram:inst5|4x4ram:inst7|memory_cell:inst12|inst4 ; out0             ;
; |ram|4x32ram:inst5|4x4ram:inst7|memory_cell:inst10|inst3 ; |ram|4x32ram:inst5|4x4ram:inst7|memory_cell:inst10|inst3 ; out              ;
; |ram|4x32ram:inst5|4x4ram:inst7|memory_cell:inst10|inst  ; |ram|4x32ram:inst5|4x4ram:inst7|memory_cell:inst10|inst  ; regout           ;
; |ram|4x32ram:inst5|4x4ram:inst7|memory_cell:inst10|inst4 ; |ram|4x32ram:inst5|4x4ram:inst7|memory_cell:inst10|inst4 ; out0             ;
; |ram|4x32ram:inst5|4x4ram:inst7|memory_cell:inst15|inst3 ; |ram|4x32ram:inst5|4x4ram:inst7|memory_cell:inst15|inst3 ; out              ;
; |ram|4x32ram:inst5|4x4ram:inst7|memory_cell:inst15|inst  ; |ram|4x32ram:inst5|4x4ram:inst7|memory_cell:inst15|inst  ; regout           ;
; |ram|4x32ram:inst5|4x4ram:inst7|memory_cell:inst15|inst4 ; |ram|4x32ram:inst5|4x4ram:inst7|memory_cell:inst15|inst4 ; out0             ;
; |ram|4x32ram:inst5|4x4ram:inst7|memory_cell:inst13|inst3 ; |ram|4x32ram:inst5|4x4ram:inst7|memory_cell:inst13|inst3 ; out              ;
; |ram|4x32ram:inst5|4x4ram:inst7|memory_cell:inst13|inst  ; |ram|4x32ram:inst5|4x4ram:inst7|memory_cell:inst13|inst  ; regout           ;
; |ram|4x32ram:inst5|4x4ram:inst7|memory_cell:inst13|inst4 ; |ram|4x32ram:inst5|4x4ram:inst7|memory_cell:inst13|inst4 ; out0             ;
; |ram|4x32ram:inst5|4x4ram:inst7|memory_cell:inst11|inst3 ; |ram|4x32ram:inst5|4x4ram:inst7|memory_cell:inst11|inst3 ; out              ;
; |ram|4x32ram:inst5|4x4ram:inst7|memory_cell:inst11|inst  ; |ram|4x32ram:inst5|4x4ram:inst7|memory_cell:inst11|inst  ; regout           ;
; |ram|4x32ram:inst5|4x4ram:inst7|memory_cell:inst11|inst4 ; |ram|4x32ram:inst5|4x4ram:inst7|memory_cell:inst11|inst4 ; out0             ;
; |ram|4x32ram:inst5|4x4ram:inst7|memory_cell:inst9|inst3  ; |ram|4x32ram:inst5|4x4ram:inst7|memory_cell:inst9|inst3  ; out              ;
; |ram|4x32ram:inst5|4x4ram:inst7|memory_cell:inst9|inst   ; |ram|4x32ram:inst5|4x4ram:inst7|memory_cell:inst9|inst   ; regout           ;
; |ram|4x32ram:inst5|4x4ram:inst7|memory_cell:inst9|inst4  ; |ram|4x32ram:inst5|4x4ram:inst7|memory_cell:inst9|inst4  ; out0             ;
; |ram|4x32ram:inst5|4x4ram:inst7|memory_cell:inst8|inst3  ; |ram|4x32ram:inst5|4x4ram:inst7|memory_cell:inst8|inst3  ; out              ;
; |ram|4x32ram:inst5|4x4ram:inst7|memory_cell:inst8|inst   ; |ram|4x32ram:inst5|4x4ram:inst7|memory_cell:inst8|inst   ; regout           ;
; |ram|4x32ram:inst5|4x4ram:inst7|memory_cell:inst8|inst4  ; |ram|4x32ram:inst5|4x4ram:inst7|memory_cell:inst8|inst4  ; out0             ;
; |ram|4x32ram:inst5|4x4ram:inst7|memory_cell:inst6|inst3  ; |ram|4x32ram:inst5|4x4ram:inst7|memory_cell:inst6|inst3  ; out              ;
; |ram|4x32ram:inst5|4x4ram:inst7|memory_cell:inst6|inst   ; |ram|4x32ram:inst5|4x4ram:inst7|memory_cell:inst6|inst   ; regout           ;
; |ram|4x32ram:inst5|4x4ram:inst7|memory_cell:inst6|inst4  ; |ram|4x32ram:inst5|4x4ram:inst7|memory_cell:inst6|inst4  ; out0             ;
; |ram|4x32ram:inst5|4x4ram:inst7|memory_cell:inst4|inst3  ; |ram|4x32ram:inst5|4x4ram:inst7|memory_cell:inst4|inst3  ; out              ;
; |ram|4x32ram:inst5|4x4ram:inst7|memory_cell:inst4|inst   ; |ram|4x32ram:inst5|4x4ram:inst7|memory_cell:inst4|inst   ; regout           ;
; |ram|4x32ram:inst5|4x4ram:inst7|memory_cell:inst4|inst4  ; |ram|4x32ram:inst5|4x4ram:inst7|memory_cell:inst4|inst4  ; out0             ;
; |ram|4x32ram:inst5|4x4ram:inst7|24decoder:inst|inst3     ; |ram|4x32ram:inst5|4x4ram:inst7|24decoder:inst|inst3     ; out0             ;
; |ram|4x32ram:inst5|4x4ram:inst7|memory_cell:inst2|inst3  ; |ram|4x32ram:inst5|4x4ram:inst7|memory_cell:inst2|inst3  ; out              ;
; |ram|4x32ram:inst5|4x4ram:inst7|memory_cell:inst2|inst   ; |ram|4x32ram:inst5|4x4ram:inst7|memory_cell:inst2|inst   ; regout           ;
; |ram|4x32ram:inst5|4x4ram:inst7|memory_cell:inst2|inst4  ; |ram|4x32ram:inst5|4x4ram:inst7|memory_cell:inst2|inst4  ; out0             ;
; |ram|4x32ram:inst5|4x4ram:inst6|inst20                   ; |ram|4x32ram:inst5|4x4ram:inst6|inst20                   ; out              ;
; |ram|4x32ram:inst5|4x4ram:inst6|IN~0                     ; |ram|4x32ram:inst5|4x4ram:inst6|IN~0                     ; out0             ;
; |ram|4x32ram:inst5|4x4ram:inst6|inst17                   ; |ram|4x32ram:inst5|4x4ram:inst6|inst17                   ; out0             ;
; |ram|4x32ram:inst5|4x4ram:inst6|inst18                   ; |ram|4x32ram:inst5|4x4ram:inst6|inst18                   ; out0             ;
; |ram|4x32ram:inst5|4x4ram:inst6|inst21                   ; |ram|4x32ram:inst5|4x4ram:inst6|inst21                   ; out              ;
; |ram|4x32ram:inst5|4x4ram:inst6|IN~1                     ; |ram|4x32ram:inst5|4x4ram:inst6|IN~1                     ; out0             ;
; |ram|4x32ram:inst5|4x4ram:inst6|inst22                   ; |ram|4x32ram:inst5|4x4ram:inst6|inst22                   ; out              ;
; |ram|4x32ram:inst5|4x4ram:inst6|IN~2                     ; |ram|4x32ram:inst5|4x4ram:inst6|IN~2                     ; out0             ;
; |ram|4x32ram:inst5|4x4ram:inst6|inst19                   ; |ram|4x32ram:inst5|4x4ram:inst6|inst19                   ; out              ;
; |ram|4x32ram:inst5|4x4ram:inst6|IN~3                     ; |ram|4x32ram:inst5|4x4ram:inst6|IN~3                     ; out0             ;
; |ram|4x32ram:inst5|4x4ram:inst6|memory_cell:inst3|inst3  ; |ram|4x32ram:inst5|4x4ram:inst6|memory_cell:inst3|inst3  ; out              ;
; |ram|4x32ram:inst5|4x4ram:inst6|memory_cell:inst3|inst   ; |ram|4x32ram:inst5|4x4ram:inst6|memory_cell:inst3|inst   ; regout           ;
; |ram|4x32ram:inst5|4x4ram:inst6|memory_cell:inst3|inst4  ; |ram|4x32ram:inst5|4x4ram:inst6|memory_cell:inst3|inst4  ; out0             ;
; |ram|4x32ram:inst5|4x4ram:inst6|memory_cell:inst5|inst3  ; |ram|4x32ram:inst5|4x4ram:inst6|memory_cell:inst5|inst3  ; out              ;
; |ram|4x32ram:inst5|4x4ram:inst6|memory_cell:inst5|inst   ; |ram|4x32ram:inst5|4x4ram:inst6|memory_cell:inst5|inst   ; regout           ;
; |ram|4x32ram:inst5|4x4ram:inst6|memory_cell:inst5|inst4  ; |ram|4x32ram:inst5|4x4ram:inst6|memory_cell:inst5|inst4  ; out0             ;
; |ram|4x32ram:inst5|4x4ram:inst6|memory_cell:inst7|inst3  ; |ram|4x32ram:inst5|4x4ram:inst6|memory_cell:inst7|inst3  ; out              ;
; |ram|4x32ram:inst5|4x4ram:inst6|memory_cell:inst7|inst   ; |ram|4x32ram:inst5|4x4ram:inst6|memory_cell:inst7|inst   ; regout           ;
; |ram|4x32ram:inst5|4x4ram:inst6|memory_cell:inst7|inst4  ; |ram|4x32ram:inst5|4x4ram:inst6|memory_cell:inst7|inst4  ; out0             ;
; |ram|4x32ram:inst5|4x4ram:inst6|memory_cell:inst1|inst3  ; |ram|4x32ram:inst5|4x4ram:inst6|memory_cell:inst1|inst3  ; out              ;
; |ram|4x32ram:inst5|4x4ram:inst6|memory_cell:inst1|inst   ; |ram|4x32ram:inst5|4x4ram:inst6|memory_cell:inst1|inst   ; regout           ;
; |ram|4x32ram:inst5|4x4ram:inst6|memory_cell:inst1|inst4  ; |ram|4x32ram:inst5|4x4ram:inst6|memory_cell:inst1|inst4  ; out0             ;
; |ram|4x32ram:inst5|4x4ram:inst6|memory_cell:inst16|inst3 ; |ram|4x32ram:inst5|4x4ram:inst6|memory_cell:inst16|inst3 ; out              ;
; |ram|4x32ram:inst5|4x4ram:inst6|memory_cell:inst16|inst  ; |ram|4x32ram:inst5|4x4ram:inst6|memory_cell:inst16|inst  ; regout           ;
; |ram|4x32ram:inst5|4x4ram:inst6|memory_cell:inst16|inst4 ; |ram|4x32ram:inst5|4x4ram:inst6|memory_cell:inst16|inst4 ; out0             ;
; |ram|4x32ram:inst5|4x4ram:inst6|memory_cell:inst14|inst3 ; |ram|4x32ram:inst5|4x4ram:inst6|memory_cell:inst14|inst3 ; out              ;
; |ram|4x32ram:inst5|4x4ram:inst6|memory_cell:inst14|inst  ; |ram|4x32ram:inst5|4x4ram:inst6|memory_cell:inst14|inst  ; regout           ;
; |ram|4x32ram:inst5|4x4ram:inst6|memory_cell:inst14|inst4 ; |ram|4x32ram:inst5|4x4ram:inst6|memory_cell:inst14|inst4 ; out0             ;
; |ram|4x32ram:inst5|4x4ram:inst6|memory_cell:inst12|inst3 ; |ram|4x32ram:inst5|4x4ram:inst6|memory_cell:inst12|inst3 ; out              ;
; |ram|4x32ram:inst5|4x4ram:inst6|memory_cell:inst12|inst  ; |ram|4x32ram:inst5|4x4ram:inst6|memory_cell:inst12|inst  ; regout           ;
; |ram|4x32ram:inst5|4x4ram:inst6|memory_cell:inst12|inst4 ; |ram|4x32ram:inst5|4x4ram:inst6|memory_cell:inst12|inst4 ; out0             ;
; |ram|4x32ram:inst5|4x4ram:inst6|memory_cell:inst10|inst3 ; |ram|4x32ram:inst5|4x4ram:inst6|memory_cell:inst10|inst3 ; out              ;
; |ram|4x32ram:inst5|4x4ram:inst6|memory_cell:inst10|inst  ; |ram|4x32ram:inst5|4x4ram:inst6|memory_cell:inst10|inst  ; regout           ;
; |ram|4x32ram:inst5|4x4ram:inst6|memory_cell:inst10|inst4 ; |ram|4x32ram:inst5|4x4ram:inst6|memory_cell:inst10|inst4 ; out0             ;
; |ram|4x32ram:inst5|4x4ram:inst6|memory_cell:inst15|inst3 ; |ram|4x32ram:inst5|4x4ram:inst6|memory_cell:inst15|inst3 ; out              ;
; |ram|4x32ram:inst5|4x4ram:inst6|memory_cell:inst15|inst  ; |ram|4x32ram:inst5|4x4ram:inst6|memory_cell:inst15|inst  ; regout           ;
; |ram|4x32ram:inst5|4x4ram:inst6|memory_cell:inst15|inst4 ; |ram|4x32ram:inst5|4x4ram:inst6|memory_cell:inst15|inst4 ; out0             ;
; |ram|4x32ram:inst5|4x4ram:inst6|memory_cell:inst13|inst3 ; |ram|4x32ram:inst5|4x4ram:inst6|memory_cell:inst13|inst3 ; out              ;
; |ram|4x32ram:inst5|4x4ram:inst6|memory_cell:inst13|inst  ; |ram|4x32ram:inst5|4x4ram:inst6|memory_cell:inst13|inst  ; regout           ;
; |ram|4x32ram:inst5|4x4ram:inst6|memory_cell:inst13|inst4 ; |ram|4x32ram:inst5|4x4ram:inst6|memory_cell:inst13|inst4 ; out0             ;
; |ram|4x32ram:inst5|4x4ram:inst6|memory_cell:inst11|inst3 ; |ram|4x32ram:inst5|4x4ram:inst6|memory_cell:inst11|inst3 ; out              ;
; |ram|4x32ram:inst5|4x4ram:inst6|memory_cell:inst11|inst  ; |ram|4x32ram:inst5|4x4ram:inst6|memory_cell:inst11|inst  ; regout           ;
; |ram|4x32ram:inst5|4x4ram:inst6|memory_cell:inst11|inst4 ; |ram|4x32ram:inst5|4x4ram:inst6|memory_cell:inst11|inst4 ; out0             ;
; |ram|4x32ram:inst5|4x4ram:inst6|memory_cell:inst9|inst3  ; |ram|4x32ram:inst5|4x4ram:inst6|memory_cell:inst9|inst3  ; out              ;
; |ram|4x32ram:inst5|4x4ram:inst6|memory_cell:inst9|inst   ; |ram|4x32ram:inst5|4x4ram:inst6|memory_cell:inst9|inst   ; regout           ;
; |ram|4x32ram:inst5|4x4ram:inst6|memory_cell:inst9|inst4  ; |ram|4x32ram:inst5|4x4ram:inst6|memory_cell:inst9|inst4  ; out0             ;
; |ram|4x32ram:inst5|4x4ram:inst6|memory_cell:inst8|inst3  ; |ram|4x32ram:inst5|4x4ram:inst6|memory_cell:inst8|inst3  ; out              ;
; |ram|4x32ram:inst5|4x4ram:inst6|memory_cell:inst8|inst   ; |ram|4x32ram:inst5|4x4ram:inst6|memory_cell:inst8|inst   ; regout           ;
; |ram|4x32ram:inst5|4x4ram:inst6|memory_cell:inst8|inst4  ; |ram|4x32ram:inst5|4x4ram:inst6|memory_cell:inst8|inst4  ; out0             ;
; |ram|4x32ram:inst5|4x4ram:inst6|memory_cell:inst6|inst3  ; |ram|4x32ram:inst5|4x4ram:inst6|memory_cell:inst6|inst3  ; out              ;
; |ram|4x32ram:inst5|4x4ram:inst6|memory_cell:inst6|inst   ; |ram|4x32ram:inst5|4x4ram:inst6|memory_cell:inst6|inst   ; regout           ;
; |ram|4x32ram:inst5|4x4ram:inst6|memory_cell:inst6|inst4  ; |ram|4x32ram:inst5|4x4ram:inst6|memory_cell:inst6|inst4  ; out0             ;
; |ram|4x32ram:inst5|4x4ram:inst6|memory_cell:inst4|inst3  ; |ram|4x32ram:inst5|4x4ram:inst6|memory_cell:inst4|inst3  ; out              ;
; |ram|4x32ram:inst5|4x4ram:inst6|memory_cell:inst4|inst   ; |ram|4x32ram:inst5|4x4ram:inst6|memory_cell:inst4|inst   ; regout           ;
; |ram|4x32ram:inst5|4x4ram:inst6|memory_cell:inst4|inst4  ; |ram|4x32ram:inst5|4x4ram:inst6|memory_cell:inst4|inst4  ; out0             ;
; |ram|4x32ram:inst5|4x4ram:inst6|24decoder:inst|inst3     ; |ram|4x32ram:inst5|4x4ram:inst6|24decoder:inst|inst3     ; out0             ;
; |ram|4x32ram:inst5|4x4ram:inst6|memory_cell:inst2|inst3  ; |ram|4x32ram:inst5|4x4ram:inst6|memory_cell:inst2|inst3  ; out              ;
; |ram|4x32ram:inst5|4x4ram:inst6|memory_cell:inst2|inst   ; |ram|4x32ram:inst5|4x4ram:inst6|memory_cell:inst2|inst   ; regout           ;
; |ram|4x32ram:inst5|4x4ram:inst6|memory_cell:inst2|inst4  ; |ram|4x32ram:inst5|4x4ram:inst6|memory_cell:inst2|inst4  ; out0             ;
; |ram|4x32ram:inst5|4x4ram:inst5|inst20                   ; |ram|4x32ram:inst5|4x4ram:inst5|inst20                   ; out              ;
; |ram|4x32ram:inst5|4x4ram:inst5|IN~0                     ; |ram|4x32ram:inst5|4x4ram:inst5|IN~0                     ; out0             ;
; |ram|4x32ram:inst5|4x4ram:inst5|inst17                   ; |ram|4x32ram:inst5|4x4ram:inst5|inst17                   ; out0             ;
; |ram|4x32ram:inst5|4x4ram:inst5|inst18                   ; |ram|4x32ram:inst5|4x4ram:inst5|inst18                   ; out0             ;
; |ram|4x32ram:inst5|4x4ram:inst5|inst21                   ; |ram|4x32ram:inst5|4x4ram:inst5|inst21                   ; out              ;
; |ram|4x32ram:inst5|4x4ram:inst5|IN~1                     ; |ram|4x32ram:inst5|4x4ram:inst5|IN~1                     ; out0             ;
; |ram|4x32ram:inst5|4x4ram:inst5|inst22                   ; |ram|4x32ram:inst5|4x4ram:inst5|inst22                   ; out              ;
; |ram|4x32ram:inst5|4x4ram:inst5|IN~2                     ; |ram|4x32ram:inst5|4x4ram:inst5|IN~2                     ; out0             ;
; |ram|4x32ram:inst5|4x4ram:inst5|inst19                   ; |ram|4x32ram:inst5|4x4ram:inst5|inst19                   ; out              ;
; |ram|4x32ram:inst5|4x4ram:inst5|IN~3                     ; |ram|4x32ram:inst5|4x4ram:inst5|IN~3                     ; out0             ;
; |ram|4x32ram:inst5|4x4ram:inst5|memory_cell:inst3|inst3  ; |ram|4x32ram:inst5|4x4ram:inst5|memory_cell:inst3|inst3  ; out              ;
; |ram|4x32ram:inst5|4x4ram:inst5|memory_cell:inst3|inst   ; |ram|4x32ram:inst5|4x4ram:inst5|memory_cell:inst3|inst   ; regout           ;
; |ram|4x32ram:inst5|4x4ram:inst5|memory_cell:inst3|inst4  ; |ram|4x32ram:inst5|4x4ram:inst5|memory_cell:inst3|inst4  ; out0             ;
; |ram|4x32ram:inst5|4x4ram:inst5|memory_cell:inst5|inst3  ; |ram|4x32ram:inst5|4x4ram:inst5|memory_cell:inst5|inst3  ; out              ;
; |ram|4x32ram:inst5|4x4ram:inst5|memory_cell:inst5|inst   ; |ram|4x32ram:inst5|4x4ram:inst5|memory_cell:inst5|inst   ; regout           ;
; |ram|4x32ram:inst5|4x4ram:inst5|memory_cell:inst5|inst4  ; |ram|4x32ram:inst5|4x4ram:inst5|memory_cell:inst5|inst4  ; out0             ;
; |ram|4x32ram:inst5|4x4ram:inst5|memory_cell:inst7|inst3  ; |ram|4x32ram:inst5|4x4ram:inst5|memory_cell:inst7|inst3  ; out              ;
; |ram|4x32ram:inst5|4x4ram:inst5|memory_cell:inst7|inst   ; |ram|4x32ram:inst5|4x4ram:inst5|memory_cell:inst7|inst   ; regout           ;
; |ram|4x32ram:inst5|4x4ram:inst5|memory_cell:inst7|inst4  ; |ram|4x32ram:inst5|4x4ram:inst5|memory_cell:inst7|inst4  ; out0             ;
; |ram|4x32ram:inst5|4x4ram:inst5|memory_cell:inst1|inst3  ; |ram|4x32ram:inst5|4x4ram:inst5|memory_cell:inst1|inst3  ; out              ;
; |ram|4x32ram:inst5|4x4ram:inst5|memory_cell:inst1|inst   ; |ram|4x32ram:inst5|4x4ram:inst5|memory_cell:inst1|inst   ; regout           ;
; |ram|4x32ram:inst5|4x4ram:inst5|memory_cell:inst1|inst4  ; |ram|4x32ram:inst5|4x4ram:inst5|memory_cell:inst1|inst4  ; out0             ;
; |ram|4x32ram:inst5|4x4ram:inst5|memory_cell:inst16|inst3 ; |ram|4x32ram:inst5|4x4ram:inst5|memory_cell:inst16|inst3 ; out              ;
; |ram|4x32ram:inst5|4x4ram:inst5|memory_cell:inst16|inst  ; |ram|4x32ram:inst5|4x4ram:inst5|memory_cell:inst16|inst  ; regout           ;
; |ram|4x32ram:inst5|4x4ram:inst5|memory_cell:inst16|inst4 ; |ram|4x32ram:inst5|4x4ram:inst5|memory_cell:inst16|inst4 ; out0             ;
; |ram|4x32ram:inst5|4x4ram:inst5|memory_cell:inst14|inst3 ; |ram|4x32ram:inst5|4x4ram:inst5|memory_cell:inst14|inst3 ; out              ;
; |ram|4x32ram:inst5|4x4ram:inst5|memory_cell:inst14|inst  ; |ram|4x32ram:inst5|4x4ram:inst5|memory_cell:inst14|inst  ; regout           ;
; |ram|4x32ram:inst5|4x4ram:inst5|memory_cell:inst14|inst4 ; |ram|4x32ram:inst5|4x4ram:inst5|memory_cell:inst14|inst4 ; out0             ;
; |ram|4x32ram:inst5|4x4ram:inst5|memory_cell:inst12|inst3 ; |ram|4x32ram:inst5|4x4ram:inst5|memory_cell:inst12|inst3 ; out              ;
; |ram|4x32ram:inst5|4x4ram:inst5|memory_cell:inst12|inst  ; |ram|4x32ram:inst5|4x4ram:inst5|memory_cell:inst12|inst  ; regout           ;
; |ram|4x32ram:inst5|4x4ram:inst5|memory_cell:inst12|inst4 ; |ram|4x32ram:inst5|4x4ram:inst5|memory_cell:inst12|inst4 ; out0             ;
; |ram|4x32ram:inst5|4x4ram:inst5|memory_cell:inst10|inst3 ; |ram|4x32ram:inst5|4x4ram:inst5|memory_cell:inst10|inst3 ; out              ;
; |ram|4x32ram:inst5|4x4ram:inst5|memory_cell:inst10|inst  ; |ram|4x32ram:inst5|4x4ram:inst5|memory_cell:inst10|inst  ; regout           ;
; |ram|4x32ram:inst5|4x4ram:inst5|memory_cell:inst10|inst4 ; |ram|4x32ram:inst5|4x4ram:inst5|memory_cell:inst10|inst4 ; out0             ;
; |ram|4x32ram:inst5|4x4ram:inst5|memory_cell:inst15|inst3 ; |ram|4x32ram:inst5|4x4ram:inst5|memory_cell:inst15|inst3 ; out              ;
; |ram|4x32ram:inst5|4x4ram:inst5|memory_cell:inst15|inst  ; |ram|4x32ram:inst5|4x4ram:inst5|memory_cell:inst15|inst  ; regout           ;
; |ram|4x32ram:inst5|4x4ram:inst5|memory_cell:inst15|inst4 ; |ram|4x32ram:inst5|4x4ram:inst5|memory_cell:inst15|inst4 ; out0             ;
; |ram|4x32ram:inst5|4x4ram:inst5|memory_cell:inst13|inst3 ; |ram|4x32ram:inst5|4x4ram:inst5|memory_cell:inst13|inst3 ; out              ;
; |ram|4x32ram:inst5|4x4ram:inst5|memory_cell:inst13|inst  ; |ram|4x32ram:inst5|4x4ram:inst5|memory_cell:inst13|inst  ; regout           ;
; |ram|4x32ram:inst5|4x4ram:inst5|memory_cell:inst13|inst4 ; |ram|4x32ram:inst5|4x4ram:inst5|memory_cell:inst13|inst4 ; out0             ;
; |ram|4x32ram:inst5|4x4ram:inst5|memory_cell:inst11|inst3 ; |ram|4x32ram:inst5|4x4ram:inst5|memory_cell:inst11|inst3 ; out              ;
; |ram|4x32ram:inst5|4x4ram:inst5|memory_cell:inst11|inst  ; |ram|4x32ram:inst5|4x4ram:inst5|memory_cell:inst11|inst  ; regout           ;
; |ram|4x32ram:inst5|4x4ram:inst5|memory_cell:inst11|inst4 ; |ram|4x32ram:inst5|4x4ram:inst5|memory_cell:inst11|inst4 ; out0             ;
; |ram|4x32ram:inst5|4x4ram:inst5|memory_cell:inst9|inst3  ; |ram|4x32ram:inst5|4x4ram:inst5|memory_cell:inst9|inst3  ; out              ;
; |ram|4x32ram:inst5|4x4ram:inst5|memory_cell:inst9|inst   ; |ram|4x32ram:inst5|4x4ram:inst5|memory_cell:inst9|inst   ; regout           ;
; |ram|4x32ram:inst5|4x4ram:inst5|memory_cell:inst9|inst4  ; |ram|4x32ram:inst5|4x4ram:inst5|memory_cell:inst9|inst4  ; out0             ;
; |ram|4x32ram:inst5|4x4ram:inst5|memory_cell:inst8|inst3  ; |ram|4x32ram:inst5|4x4ram:inst5|memory_cell:inst8|inst3  ; out              ;
; |ram|4x32ram:inst5|4x4ram:inst5|memory_cell:inst8|inst   ; |ram|4x32ram:inst5|4x4ram:inst5|memory_cell:inst8|inst   ; regout           ;
; |ram|4x32ram:inst5|4x4ram:inst5|memory_cell:inst8|inst4  ; |ram|4x32ram:inst5|4x4ram:inst5|memory_cell:inst8|inst4  ; out0             ;
; |ram|4x32ram:inst5|4x4ram:inst5|memory_cell:inst6|inst3  ; |ram|4x32ram:inst5|4x4ram:inst5|memory_cell:inst6|inst3  ; out              ;
; |ram|4x32ram:inst5|4x4ram:inst5|memory_cell:inst6|inst   ; |ram|4x32ram:inst5|4x4ram:inst5|memory_cell:inst6|inst   ; regout           ;
; |ram|4x32ram:inst5|4x4ram:inst5|memory_cell:inst6|inst4  ; |ram|4x32ram:inst5|4x4ram:inst5|memory_cell:inst6|inst4  ; out0             ;
; |ram|4x32ram:inst5|4x4ram:inst5|memory_cell:inst4|inst3  ; |ram|4x32ram:inst5|4x4ram:inst5|memory_cell:inst4|inst3  ; out              ;
; |ram|4x32ram:inst5|4x4ram:inst5|memory_cell:inst4|inst   ; |ram|4x32ram:inst5|4x4ram:inst5|memory_cell:inst4|inst   ; regout           ;
; |ram|4x32ram:inst5|4x4ram:inst5|memory_cell:inst4|inst4  ; |ram|4x32ram:inst5|4x4ram:inst5|memory_cell:inst4|inst4  ; out0             ;
; |ram|4x32ram:inst5|4x4ram:inst5|24decoder:inst|inst3     ; |ram|4x32ram:inst5|4x4ram:inst5|24decoder:inst|inst3     ; out0             ;
; |ram|4x32ram:inst5|4x4ram:inst5|memory_cell:inst2|inst3  ; |ram|4x32ram:inst5|4x4ram:inst5|memory_cell:inst2|inst3  ; out              ;
; |ram|4x32ram:inst5|4x4ram:inst5|memory_cell:inst2|inst   ; |ram|4x32ram:inst5|4x4ram:inst5|memory_cell:inst2|inst   ; regout           ;
; |ram|4x32ram:inst5|4x4ram:inst5|memory_cell:inst2|inst4  ; |ram|4x32ram:inst5|4x4ram:inst5|memory_cell:inst2|inst4  ; out0             ;
; |ram|4x32ram:inst5|4x4ram:inst4|inst20                   ; |ram|4x32ram:inst5|4x4ram:inst4|inst20                   ; out              ;
; |ram|4x32ram:inst5|4x4ram:inst4|IN~0                     ; |ram|4x32ram:inst5|4x4ram:inst4|IN~0                     ; out0             ;
; |ram|4x32ram:inst5|4x4ram:inst4|inst17                   ; |ram|4x32ram:inst5|4x4ram:inst4|inst17                   ; out0             ;
; |ram|4x32ram:inst5|4x4ram:inst4|inst18                   ; |ram|4x32ram:inst5|4x4ram:inst4|inst18                   ; out0             ;
; |ram|4x32ram:inst5|4x4ram:inst4|inst21                   ; |ram|4x32ram:inst5|4x4ram:inst4|inst21                   ; out              ;
; |ram|4x32ram:inst5|4x4ram:inst4|IN~1                     ; |ram|4x32ram:inst5|4x4ram:inst4|IN~1                     ; out0             ;
; |ram|4x32ram:inst5|4x4ram:inst4|inst22                   ; |ram|4x32ram:inst5|4x4ram:inst4|inst22                   ; out              ;
; |ram|4x32ram:inst5|4x4ram:inst4|IN~2                     ; |ram|4x32ram:inst5|4x4ram:inst4|IN~2                     ; out0             ;
; |ram|4x32ram:inst5|4x4ram:inst4|inst19                   ; |ram|4x32ram:inst5|4x4ram:inst4|inst19                   ; out              ;
; |ram|4x32ram:inst5|4x4ram:inst4|IN~3                     ; |ram|4x32ram:inst5|4x4ram:inst4|IN~3                     ; out0             ;
; |ram|4x32ram:inst5|4x4ram:inst4|memory_cell:inst3|inst3  ; |ram|4x32ram:inst5|4x4ram:inst4|memory_cell:inst3|inst3  ; out              ;
; |ram|4x32ram:inst5|4x4ram:inst4|memory_cell:inst3|inst   ; |ram|4x32ram:inst5|4x4ram:inst4|memory_cell:inst3|inst   ; regout           ;
; |ram|4x32ram:inst5|4x4ram:inst4|memory_cell:inst3|inst4  ; |ram|4x32ram:inst5|4x4ram:inst4|memory_cell:inst3|inst4  ; out0             ;
; |ram|4x32ram:inst5|4x4ram:inst4|memory_cell:inst5|inst3  ; |ram|4x32ram:inst5|4x4ram:inst4|memory_cell:inst5|inst3  ; out              ;
; |ram|4x32ram:inst5|4x4ram:inst4|memory_cell:inst5|inst   ; |ram|4x32ram:inst5|4x4ram:inst4|memory_cell:inst5|inst   ; regout           ;
; |ram|4x32ram:inst5|4x4ram:inst4|memory_cell:inst5|inst4  ; |ram|4x32ram:inst5|4x4ram:inst4|memory_cell:inst5|inst4  ; out0             ;
; |ram|4x32ram:inst5|4x4ram:inst4|memory_cell:inst7|inst3  ; |ram|4x32ram:inst5|4x4ram:inst4|memory_cell:inst7|inst3  ; out              ;
; |ram|4x32ram:inst5|4x4ram:inst4|memory_cell:inst7|inst   ; |ram|4x32ram:inst5|4x4ram:inst4|memory_cell:inst7|inst   ; regout           ;
; |ram|4x32ram:inst5|4x4ram:inst4|memory_cell:inst7|inst4  ; |ram|4x32ram:inst5|4x4ram:inst4|memory_cell:inst7|inst4  ; out0             ;
; |ram|4x32ram:inst5|4x4ram:inst4|memory_cell:inst1|inst3  ; |ram|4x32ram:inst5|4x4ram:inst4|memory_cell:inst1|inst3  ; out              ;
; |ram|4x32ram:inst5|4x4ram:inst4|memory_cell:inst1|inst   ; |ram|4x32ram:inst5|4x4ram:inst4|memory_cell:inst1|inst   ; regout           ;
; |ram|4x32ram:inst5|4x4ram:inst4|memory_cell:inst1|inst4  ; |ram|4x32ram:inst5|4x4ram:inst4|memory_cell:inst1|inst4  ; out0             ;
; |ram|4x32ram:inst5|4x4ram:inst4|memory_cell:inst16|inst3 ; |ram|4x32ram:inst5|4x4ram:inst4|memory_cell:inst16|inst3 ; out              ;
; |ram|4x32ram:inst5|4x4ram:inst4|memory_cell:inst16|inst  ; |ram|4x32ram:inst5|4x4ram:inst4|memory_cell:inst16|inst  ; regout           ;
; |ram|4x32ram:inst5|4x4ram:inst4|memory_cell:inst16|inst4 ; |ram|4x32ram:inst5|4x4ram:inst4|memory_cell:inst16|inst4 ; out0             ;
; |ram|4x32ram:inst5|4x4ram:inst4|memory_cell:inst14|inst3 ; |ram|4x32ram:inst5|4x4ram:inst4|memory_cell:inst14|inst3 ; out              ;
; |ram|4x32ram:inst5|4x4ram:inst4|memory_cell:inst14|inst  ; |ram|4x32ram:inst5|4x4ram:inst4|memory_cell:inst14|inst  ; regout           ;
; |ram|4x32ram:inst5|4x4ram:inst4|memory_cell:inst14|inst4 ; |ram|4x32ram:inst5|4x4ram:inst4|memory_cell:inst14|inst4 ; out0             ;
; |ram|4x32ram:inst5|4x4ram:inst4|memory_cell:inst12|inst3 ; |ram|4x32ram:inst5|4x4ram:inst4|memory_cell:inst12|inst3 ; out              ;
; |ram|4x32ram:inst5|4x4ram:inst4|memory_cell:inst12|inst  ; |ram|4x32ram:inst5|4x4ram:inst4|memory_cell:inst12|inst  ; regout           ;
; |ram|4x32ram:inst5|4x4ram:inst4|memory_cell:inst12|inst4 ; |ram|4x32ram:inst5|4x4ram:inst4|memory_cell:inst12|inst4 ; out0             ;
; |ram|4x32ram:inst5|4x4ram:inst4|memory_cell:inst10|inst3 ; |ram|4x32ram:inst5|4x4ram:inst4|memory_cell:inst10|inst3 ; out              ;
; |ram|4x32ram:inst5|4x4ram:inst4|memory_cell:inst10|inst  ; |ram|4x32ram:inst5|4x4ram:inst4|memory_cell:inst10|inst  ; regout           ;
; |ram|4x32ram:inst5|4x4ram:inst4|memory_cell:inst10|inst4 ; |ram|4x32ram:inst5|4x4ram:inst4|memory_cell:inst10|inst4 ; out0             ;
; |ram|4x32ram:inst5|4x4ram:inst4|memory_cell:inst15|inst3 ; |ram|4x32ram:inst5|4x4ram:inst4|memory_cell:inst15|inst3 ; out              ;
; |ram|4x32ram:inst5|4x4ram:inst4|memory_cell:inst15|inst  ; |ram|4x32ram:inst5|4x4ram:inst4|memory_cell:inst15|inst  ; regout           ;
; |ram|4x32ram:inst5|4x4ram:inst4|memory_cell:inst15|inst4 ; |ram|4x32ram:inst5|4x4ram:inst4|memory_cell:inst15|inst4 ; out0             ;
; |ram|4x32ram:inst5|4x4ram:inst4|memory_cell:inst13|inst3 ; |ram|4x32ram:inst5|4x4ram:inst4|memory_cell:inst13|inst3 ; out              ;
; |ram|4x32ram:inst5|4x4ram:inst4|memory_cell:inst13|inst  ; |ram|4x32ram:inst5|4x4ram:inst4|memory_cell:inst13|inst  ; regout           ;
; |ram|4x32ram:inst5|4x4ram:inst4|memory_cell:inst13|inst4 ; |ram|4x32ram:inst5|4x4ram:inst4|memory_cell:inst13|inst4 ; out0             ;
; |ram|4x32ram:inst5|4x4ram:inst4|memory_cell:inst11|inst3 ; |ram|4x32ram:inst5|4x4ram:inst4|memory_cell:inst11|inst3 ; out              ;
; |ram|4x32ram:inst5|4x4ram:inst4|memory_cell:inst11|inst  ; |ram|4x32ram:inst5|4x4ram:inst4|memory_cell:inst11|inst  ; regout           ;
; |ram|4x32ram:inst5|4x4ram:inst4|memory_cell:inst11|inst4 ; |ram|4x32ram:inst5|4x4ram:inst4|memory_cell:inst11|inst4 ; out0             ;
; |ram|4x32ram:inst5|4x4ram:inst4|memory_cell:inst9|inst3  ; |ram|4x32ram:inst5|4x4ram:inst4|memory_cell:inst9|inst3  ; out              ;
; |ram|4x32ram:inst5|4x4ram:inst4|memory_cell:inst9|inst   ; |ram|4x32ram:inst5|4x4ram:inst4|memory_cell:inst9|inst   ; regout           ;
; |ram|4x32ram:inst5|4x4ram:inst4|memory_cell:inst9|inst4  ; |ram|4x32ram:inst5|4x4ram:inst4|memory_cell:inst9|inst4  ; out0             ;
; |ram|4x32ram:inst5|4x4ram:inst4|memory_cell:inst8|inst3  ; |ram|4x32ram:inst5|4x4ram:inst4|memory_cell:inst8|inst3  ; out              ;
; |ram|4x32ram:inst5|4x4ram:inst4|memory_cell:inst8|inst   ; |ram|4x32ram:inst5|4x4ram:inst4|memory_cell:inst8|inst   ; regout           ;
; |ram|4x32ram:inst5|4x4ram:inst4|memory_cell:inst8|inst4  ; |ram|4x32ram:inst5|4x4ram:inst4|memory_cell:inst8|inst4  ; out0             ;
; |ram|4x32ram:inst5|4x4ram:inst4|memory_cell:inst6|inst3  ; |ram|4x32ram:inst5|4x4ram:inst4|memory_cell:inst6|inst3  ; out              ;
; |ram|4x32ram:inst5|4x4ram:inst4|memory_cell:inst6|inst   ; |ram|4x32ram:inst5|4x4ram:inst4|memory_cell:inst6|inst   ; regout           ;
; |ram|4x32ram:inst5|4x4ram:inst4|memory_cell:inst6|inst4  ; |ram|4x32ram:inst5|4x4ram:inst4|memory_cell:inst6|inst4  ; out0             ;
; |ram|4x32ram:inst5|4x4ram:inst4|memory_cell:inst4|inst3  ; |ram|4x32ram:inst5|4x4ram:inst4|memory_cell:inst4|inst3  ; out              ;
; |ram|4x32ram:inst5|4x4ram:inst4|memory_cell:inst4|inst   ; |ram|4x32ram:inst5|4x4ram:inst4|memory_cell:inst4|inst   ; regout           ;
; |ram|4x32ram:inst5|4x4ram:inst4|memory_cell:inst4|inst4  ; |ram|4x32ram:inst5|4x4ram:inst4|memory_cell:inst4|inst4  ; out0             ;
; |ram|4x32ram:inst5|4x4ram:inst4|24decoder:inst|inst3     ; |ram|4x32ram:inst5|4x4ram:inst4|24decoder:inst|inst3     ; out0             ;
; |ram|4x32ram:inst5|4x4ram:inst4|memory_cell:inst2|inst3  ; |ram|4x32ram:inst5|4x4ram:inst4|memory_cell:inst2|inst3  ; out              ;
; |ram|4x32ram:inst5|4x4ram:inst4|memory_cell:inst2|inst   ; |ram|4x32ram:inst5|4x4ram:inst4|memory_cell:inst2|inst   ; regout           ;
; |ram|4x32ram:inst5|4x4ram:inst4|memory_cell:inst2|inst4  ; |ram|4x32ram:inst5|4x4ram:inst4|memory_cell:inst2|inst4  ; out0             ;
; |ram|4x32ram:inst5|4x4ram:inst3|inst20                   ; |ram|4x32ram:inst5|4x4ram:inst3|inst20                   ; out              ;
; |ram|4x32ram:inst5|4x4ram:inst3|IN~0                     ; |ram|4x32ram:inst5|4x4ram:inst3|IN~0                     ; out0             ;
; |ram|4x32ram:inst5|4x4ram:inst3|inst17                   ; |ram|4x32ram:inst5|4x4ram:inst3|inst17                   ; out0             ;
; |ram|4x32ram:inst5|4x4ram:inst3|inst18                   ; |ram|4x32ram:inst5|4x4ram:inst3|inst18                   ; out0             ;
; |ram|4x32ram:inst5|4x4ram:inst3|inst21                   ; |ram|4x32ram:inst5|4x4ram:inst3|inst21                   ; out              ;
; |ram|4x32ram:inst5|4x4ram:inst3|IN~1                     ; |ram|4x32ram:inst5|4x4ram:inst3|IN~1                     ; out0             ;
; |ram|4x32ram:inst5|4x4ram:inst3|inst22                   ; |ram|4x32ram:inst5|4x4ram:inst3|inst22                   ; out              ;
; |ram|4x32ram:inst5|4x4ram:inst3|IN~2                     ; |ram|4x32ram:inst5|4x4ram:inst3|IN~2                     ; out0             ;
; |ram|4x32ram:inst5|4x4ram:inst3|inst19                   ; |ram|4x32ram:inst5|4x4ram:inst3|inst19                   ; out              ;
; |ram|4x32ram:inst5|4x4ram:inst3|IN~3                     ; |ram|4x32ram:inst5|4x4ram:inst3|IN~3                     ; out0             ;
; |ram|4x32ram:inst5|4x4ram:inst3|memory_cell:inst3|inst3  ; |ram|4x32ram:inst5|4x4ram:inst3|memory_cell:inst3|inst3  ; out              ;
; |ram|4x32ram:inst5|4x4ram:inst3|memory_cell:inst3|inst   ; |ram|4x32ram:inst5|4x4ram:inst3|memory_cell:inst3|inst   ; regout           ;
; |ram|4x32ram:inst5|4x4ram:inst3|memory_cell:inst3|inst4  ; |ram|4x32ram:inst5|4x4ram:inst3|memory_cell:inst3|inst4  ; out0             ;
; |ram|4x32ram:inst5|4x4ram:inst3|memory_cell:inst5|inst3  ; |ram|4x32ram:inst5|4x4ram:inst3|memory_cell:inst5|inst3  ; out              ;
; |ram|4x32ram:inst5|4x4ram:inst3|memory_cell:inst5|inst   ; |ram|4x32ram:inst5|4x4ram:inst3|memory_cell:inst5|inst   ; regout           ;
; |ram|4x32ram:inst5|4x4ram:inst3|memory_cell:inst5|inst4  ; |ram|4x32ram:inst5|4x4ram:inst3|memory_cell:inst5|inst4  ; out0             ;
; |ram|4x32ram:inst5|4x4ram:inst3|memory_cell:inst7|inst3  ; |ram|4x32ram:inst5|4x4ram:inst3|memory_cell:inst7|inst3  ; out              ;
; |ram|4x32ram:inst5|4x4ram:inst3|memory_cell:inst7|inst   ; |ram|4x32ram:inst5|4x4ram:inst3|memory_cell:inst7|inst   ; regout           ;
; |ram|4x32ram:inst5|4x4ram:inst3|memory_cell:inst7|inst4  ; |ram|4x32ram:inst5|4x4ram:inst3|memory_cell:inst7|inst4  ; out0             ;
; |ram|4x32ram:inst5|4x4ram:inst3|memory_cell:inst1|inst3  ; |ram|4x32ram:inst5|4x4ram:inst3|memory_cell:inst1|inst3  ; out              ;
; |ram|4x32ram:inst5|4x4ram:inst3|memory_cell:inst1|inst   ; |ram|4x32ram:inst5|4x4ram:inst3|memory_cell:inst1|inst   ; regout           ;
; |ram|4x32ram:inst5|4x4ram:inst3|memory_cell:inst1|inst4  ; |ram|4x32ram:inst5|4x4ram:inst3|memory_cell:inst1|inst4  ; out0             ;
; |ram|4x32ram:inst5|4x4ram:inst3|memory_cell:inst16|inst3 ; |ram|4x32ram:inst5|4x4ram:inst3|memory_cell:inst16|inst3 ; out              ;
; |ram|4x32ram:inst5|4x4ram:inst3|memory_cell:inst16|inst  ; |ram|4x32ram:inst5|4x4ram:inst3|memory_cell:inst16|inst  ; regout           ;
; |ram|4x32ram:inst5|4x4ram:inst3|memory_cell:inst16|inst4 ; |ram|4x32ram:inst5|4x4ram:inst3|memory_cell:inst16|inst4 ; out0             ;
; |ram|4x32ram:inst5|4x4ram:inst3|memory_cell:inst14|inst3 ; |ram|4x32ram:inst5|4x4ram:inst3|memory_cell:inst14|inst3 ; out              ;
; |ram|4x32ram:inst5|4x4ram:inst3|memory_cell:inst14|inst  ; |ram|4x32ram:inst5|4x4ram:inst3|memory_cell:inst14|inst  ; regout           ;
; |ram|4x32ram:inst5|4x4ram:inst3|memory_cell:inst14|inst4 ; |ram|4x32ram:inst5|4x4ram:inst3|memory_cell:inst14|inst4 ; out0             ;
; |ram|4x32ram:inst5|4x4ram:inst3|memory_cell:inst12|inst3 ; |ram|4x32ram:inst5|4x4ram:inst3|memory_cell:inst12|inst3 ; out              ;
; |ram|4x32ram:inst5|4x4ram:inst3|memory_cell:inst12|inst  ; |ram|4x32ram:inst5|4x4ram:inst3|memory_cell:inst12|inst  ; regout           ;
; |ram|4x32ram:inst5|4x4ram:inst3|memory_cell:inst12|inst4 ; |ram|4x32ram:inst5|4x4ram:inst3|memory_cell:inst12|inst4 ; out0             ;
; |ram|4x32ram:inst5|4x4ram:inst3|memory_cell:inst10|inst3 ; |ram|4x32ram:inst5|4x4ram:inst3|memory_cell:inst10|inst3 ; out              ;
; |ram|4x32ram:inst5|4x4ram:inst3|memory_cell:inst10|inst  ; |ram|4x32ram:inst5|4x4ram:inst3|memory_cell:inst10|inst  ; regout           ;
; |ram|4x32ram:inst5|4x4ram:inst3|memory_cell:inst10|inst4 ; |ram|4x32ram:inst5|4x4ram:inst3|memory_cell:inst10|inst4 ; out0             ;
; |ram|4x32ram:inst5|4x4ram:inst3|memory_cell:inst15|inst3 ; |ram|4x32ram:inst5|4x4ram:inst3|memory_cell:inst15|inst3 ; out              ;
; |ram|4x32ram:inst5|4x4ram:inst3|memory_cell:inst15|inst  ; |ram|4x32ram:inst5|4x4ram:inst3|memory_cell:inst15|inst  ; regout           ;
; |ram|4x32ram:inst5|4x4ram:inst3|memory_cell:inst15|inst4 ; |ram|4x32ram:inst5|4x4ram:inst3|memory_cell:inst15|inst4 ; out0             ;
; |ram|4x32ram:inst5|4x4ram:inst3|memory_cell:inst13|inst3 ; |ram|4x32ram:inst5|4x4ram:inst3|memory_cell:inst13|inst3 ; out              ;
; |ram|4x32ram:inst5|4x4ram:inst3|memory_cell:inst13|inst  ; |ram|4x32ram:inst5|4x4ram:inst3|memory_cell:inst13|inst  ; regout           ;
; |ram|4x32ram:inst5|4x4ram:inst3|memory_cell:inst13|inst4 ; |ram|4x32ram:inst5|4x4ram:inst3|memory_cell:inst13|inst4 ; out0             ;
; |ram|4x32ram:inst5|4x4ram:inst3|memory_cell:inst11|inst3 ; |ram|4x32ram:inst5|4x4ram:inst3|memory_cell:inst11|inst3 ; out              ;
; |ram|4x32ram:inst5|4x4ram:inst3|memory_cell:inst11|inst  ; |ram|4x32ram:inst5|4x4ram:inst3|memory_cell:inst11|inst  ; regout           ;
; |ram|4x32ram:inst5|4x4ram:inst3|memory_cell:inst11|inst4 ; |ram|4x32ram:inst5|4x4ram:inst3|memory_cell:inst11|inst4 ; out0             ;
; |ram|4x32ram:inst5|4x4ram:inst3|memory_cell:inst9|inst3  ; |ram|4x32ram:inst5|4x4ram:inst3|memory_cell:inst9|inst3  ; out              ;
; |ram|4x32ram:inst5|4x4ram:inst3|memory_cell:inst9|inst   ; |ram|4x32ram:inst5|4x4ram:inst3|memory_cell:inst9|inst   ; regout           ;
; |ram|4x32ram:inst5|4x4ram:inst3|memory_cell:inst9|inst4  ; |ram|4x32ram:inst5|4x4ram:inst3|memory_cell:inst9|inst4  ; out0             ;
; |ram|4x32ram:inst5|4x4ram:inst3|memory_cell:inst8|inst3  ; |ram|4x32ram:inst5|4x4ram:inst3|memory_cell:inst8|inst3  ; out              ;
; |ram|4x32ram:inst5|4x4ram:inst3|memory_cell:inst8|inst   ; |ram|4x32ram:inst5|4x4ram:inst3|memory_cell:inst8|inst   ; regout           ;
; |ram|4x32ram:inst5|4x4ram:inst3|memory_cell:inst8|inst4  ; |ram|4x32ram:inst5|4x4ram:inst3|memory_cell:inst8|inst4  ; out0             ;
; |ram|4x32ram:inst5|4x4ram:inst3|memory_cell:inst6|inst3  ; |ram|4x32ram:inst5|4x4ram:inst3|memory_cell:inst6|inst3  ; out              ;
; |ram|4x32ram:inst5|4x4ram:inst3|memory_cell:inst6|inst   ; |ram|4x32ram:inst5|4x4ram:inst3|memory_cell:inst6|inst   ; regout           ;
; |ram|4x32ram:inst5|4x4ram:inst3|memory_cell:inst6|inst4  ; |ram|4x32ram:inst5|4x4ram:inst3|memory_cell:inst6|inst4  ; out0             ;
; |ram|4x32ram:inst5|4x4ram:inst3|memory_cell:inst4|inst3  ; |ram|4x32ram:inst5|4x4ram:inst3|memory_cell:inst4|inst3  ; out              ;
; |ram|4x32ram:inst5|4x4ram:inst3|memory_cell:inst4|inst   ; |ram|4x32ram:inst5|4x4ram:inst3|memory_cell:inst4|inst   ; regout           ;
; |ram|4x32ram:inst5|4x4ram:inst3|memory_cell:inst4|inst4  ; |ram|4x32ram:inst5|4x4ram:inst3|memory_cell:inst4|inst4  ; out0             ;
; |ram|4x32ram:inst5|4x4ram:inst3|24decoder:inst|inst3     ; |ram|4x32ram:inst5|4x4ram:inst3|24decoder:inst|inst3     ; out0             ;
; |ram|4x32ram:inst5|4x4ram:inst3|memory_cell:inst2|inst3  ; |ram|4x32ram:inst5|4x4ram:inst3|memory_cell:inst2|inst3  ; out              ;
; |ram|4x32ram:inst5|4x4ram:inst3|memory_cell:inst2|inst   ; |ram|4x32ram:inst5|4x4ram:inst3|memory_cell:inst2|inst   ; regout           ;
; |ram|4x32ram:inst5|4x4ram:inst3|memory_cell:inst2|inst4  ; |ram|4x32ram:inst5|4x4ram:inst3|memory_cell:inst2|inst4  ; out0             ;
; |ram|4x32ram:inst5|4x4ram:inst1|inst20                   ; |ram|4x32ram:inst5|4x4ram:inst1|inst20                   ; out              ;
; |ram|4x32ram:inst5|4x4ram:inst1|IN~0                     ; |ram|4x32ram:inst5|4x4ram:inst1|IN~0                     ; out0             ;
; |ram|4x32ram:inst5|4x4ram:inst1|inst17                   ; |ram|4x32ram:inst5|4x4ram:inst1|inst17                   ; out0             ;
; |ram|4x32ram:inst5|4x4ram:inst1|inst18                   ; |ram|4x32ram:inst5|4x4ram:inst1|inst18                   ; out0             ;
; |ram|4x32ram:inst5|4x4ram:inst1|inst21                   ; |ram|4x32ram:inst5|4x4ram:inst1|inst21                   ; out              ;
; |ram|4x32ram:inst5|4x4ram:inst1|IN~1                     ; |ram|4x32ram:inst5|4x4ram:inst1|IN~1                     ; out0             ;
; |ram|4x32ram:inst5|4x4ram:inst1|inst22                   ; |ram|4x32ram:inst5|4x4ram:inst1|inst22                   ; out              ;
; |ram|4x32ram:inst5|4x4ram:inst1|IN~2                     ; |ram|4x32ram:inst5|4x4ram:inst1|IN~2                     ; out0             ;
; |ram|4x32ram:inst5|4x4ram:inst1|inst19                   ; |ram|4x32ram:inst5|4x4ram:inst1|inst19                   ; out              ;
; |ram|4x32ram:inst5|4x4ram:inst1|IN~3                     ; |ram|4x32ram:inst5|4x4ram:inst1|IN~3                     ; out0             ;
; |ram|4x32ram:inst5|4x4ram:inst1|memory_cell:inst3|inst3  ; |ram|4x32ram:inst5|4x4ram:inst1|memory_cell:inst3|inst3  ; out              ;
; |ram|4x32ram:inst5|4x4ram:inst1|memory_cell:inst3|inst   ; |ram|4x32ram:inst5|4x4ram:inst1|memory_cell:inst3|inst   ; regout           ;
; |ram|4x32ram:inst5|4x4ram:inst1|memory_cell:inst3|inst4  ; |ram|4x32ram:inst5|4x4ram:inst1|memory_cell:inst3|inst4  ; out0             ;
; |ram|4x32ram:inst5|4x4ram:inst1|memory_cell:inst5|inst3  ; |ram|4x32ram:inst5|4x4ram:inst1|memory_cell:inst5|inst3  ; out              ;
; |ram|4x32ram:inst5|4x4ram:inst1|memory_cell:inst5|inst   ; |ram|4x32ram:inst5|4x4ram:inst1|memory_cell:inst5|inst   ; regout           ;
; |ram|4x32ram:inst5|4x4ram:inst1|memory_cell:inst5|inst4  ; |ram|4x32ram:inst5|4x4ram:inst1|memory_cell:inst5|inst4  ; out0             ;
; |ram|4x32ram:inst5|4x4ram:inst1|memory_cell:inst7|inst3  ; |ram|4x32ram:inst5|4x4ram:inst1|memory_cell:inst7|inst3  ; out              ;
; |ram|4x32ram:inst5|4x4ram:inst1|memory_cell:inst7|inst   ; |ram|4x32ram:inst5|4x4ram:inst1|memory_cell:inst7|inst   ; regout           ;
; |ram|4x32ram:inst5|4x4ram:inst1|memory_cell:inst7|inst4  ; |ram|4x32ram:inst5|4x4ram:inst1|memory_cell:inst7|inst4  ; out0             ;
; |ram|4x32ram:inst5|4x4ram:inst1|memory_cell:inst1|inst3  ; |ram|4x32ram:inst5|4x4ram:inst1|memory_cell:inst1|inst3  ; out              ;
; |ram|4x32ram:inst5|4x4ram:inst1|memory_cell:inst1|inst   ; |ram|4x32ram:inst5|4x4ram:inst1|memory_cell:inst1|inst   ; regout           ;
; |ram|4x32ram:inst5|4x4ram:inst1|memory_cell:inst1|inst4  ; |ram|4x32ram:inst5|4x4ram:inst1|memory_cell:inst1|inst4  ; out0             ;
; |ram|4x32ram:inst5|4x4ram:inst1|memory_cell:inst16|inst3 ; |ram|4x32ram:inst5|4x4ram:inst1|memory_cell:inst16|inst3 ; out              ;
; |ram|4x32ram:inst5|4x4ram:inst1|memory_cell:inst16|inst  ; |ram|4x32ram:inst5|4x4ram:inst1|memory_cell:inst16|inst  ; regout           ;
; |ram|4x32ram:inst5|4x4ram:inst1|memory_cell:inst16|inst4 ; |ram|4x32ram:inst5|4x4ram:inst1|memory_cell:inst16|inst4 ; out0             ;
; |ram|4x32ram:inst5|4x4ram:inst1|memory_cell:inst14|inst3 ; |ram|4x32ram:inst5|4x4ram:inst1|memory_cell:inst14|inst3 ; out              ;
; |ram|4x32ram:inst5|4x4ram:inst1|memory_cell:inst14|inst  ; |ram|4x32ram:inst5|4x4ram:inst1|memory_cell:inst14|inst  ; regout           ;
; |ram|4x32ram:inst5|4x4ram:inst1|memory_cell:inst14|inst4 ; |ram|4x32ram:inst5|4x4ram:inst1|memory_cell:inst14|inst4 ; out0             ;
; |ram|4x32ram:inst5|4x4ram:inst1|memory_cell:inst12|inst3 ; |ram|4x32ram:inst5|4x4ram:inst1|memory_cell:inst12|inst3 ; out              ;
; |ram|4x32ram:inst5|4x4ram:inst1|memory_cell:inst12|inst  ; |ram|4x32ram:inst5|4x4ram:inst1|memory_cell:inst12|inst  ; regout           ;
; |ram|4x32ram:inst5|4x4ram:inst1|memory_cell:inst12|inst4 ; |ram|4x32ram:inst5|4x4ram:inst1|memory_cell:inst12|inst4 ; out0             ;
; |ram|4x32ram:inst5|4x4ram:inst1|memory_cell:inst10|inst3 ; |ram|4x32ram:inst5|4x4ram:inst1|memory_cell:inst10|inst3 ; out              ;
; |ram|4x32ram:inst5|4x4ram:inst1|memory_cell:inst10|inst  ; |ram|4x32ram:inst5|4x4ram:inst1|memory_cell:inst10|inst  ; regout           ;
; |ram|4x32ram:inst5|4x4ram:inst1|memory_cell:inst10|inst4 ; |ram|4x32ram:inst5|4x4ram:inst1|memory_cell:inst10|inst4 ; out0             ;
; |ram|4x32ram:inst5|4x4ram:inst1|memory_cell:inst15|inst3 ; |ram|4x32ram:inst5|4x4ram:inst1|memory_cell:inst15|inst3 ; out              ;
; |ram|4x32ram:inst5|4x4ram:inst1|memory_cell:inst15|inst  ; |ram|4x32ram:inst5|4x4ram:inst1|memory_cell:inst15|inst  ; regout           ;
; |ram|4x32ram:inst5|4x4ram:inst1|memory_cell:inst15|inst4 ; |ram|4x32ram:inst5|4x4ram:inst1|memory_cell:inst15|inst4 ; out0             ;
; |ram|4x32ram:inst5|4x4ram:inst1|memory_cell:inst13|inst3 ; |ram|4x32ram:inst5|4x4ram:inst1|memory_cell:inst13|inst3 ; out              ;
; |ram|4x32ram:inst5|4x4ram:inst1|memory_cell:inst13|inst  ; |ram|4x32ram:inst5|4x4ram:inst1|memory_cell:inst13|inst  ; regout           ;
; |ram|4x32ram:inst5|4x4ram:inst1|memory_cell:inst13|inst4 ; |ram|4x32ram:inst5|4x4ram:inst1|memory_cell:inst13|inst4 ; out0             ;
; |ram|4x32ram:inst5|4x4ram:inst1|memory_cell:inst11|inst3 ; |ram|4x32ram:inst5|4x4ram:inst1|memory_cell:inst11|inst3 ; out              ;
; |ram|4x32ram:inst5|4x4ram:inst1|memory_cell:inst11|inst  ; |ram|4x32ram:inst5|4x4ram:inst1|memory_cell:inst11|inst  ; regout           ;
; |ram|4x32ram:inst5|4x4ram:inst1|memory_cell:inst11|inst4 ; |ram|4x32ram:inst5|4x4ram:inst1|memory_cell:inst11|inst4 ; out0             ;
; |ram|4x32ram:inst5|4x4ram:inst1|memory_cell:inst9|inst3  ; |ram|4x32ram:inst5|4x4ram:inst1|memory_cell:inst9|inst3  ; out              ;
; |ram|4x32ram:inst5|4x4ram:inst1|memory_cell:inst9|inst   ; |ram|4x32ram:inst5|4x4ram:inst1|memory_cell:inst9|inst   ; regout           ;
; |ram|4x32ram:inst5|4x4ram:inst1|memory_cell:inst9|inst4  ; |ram|4x32ram:inst5|4x4ram:inst1|memory_cell:inst9|inst4  ; out0             ;
; |ram|4x32ram:inst5|4x4ram:inst1|memory_cell:inst8|inst3  ; |ram|4x32ram:inst5|4x4ram:inst1|memory_cell:inst8|inst3  ; out              ;
; |ram|4x32ram:inst5|4x4ram:inst1|memory_cell:inst8|inst   ; |ram|4x32ram:inst5|4x4ram:inst1|memory_cell:inst8|inst   ; regout           ;
; |ram|4x32ram:inst5|4x4ram:inst1|memory_cell:inst8|inst4  ; |ram|4x32ram:inst5|4x4ram:inst1|memory_cell:inst8|inst4  ; out0             ;
; |ram|4x32ram:inst5|4x4ram:inst1|memory_cell:inst6|inst3  ; |ram|4x32ram:inst5|4x4ram:inst1|memory_cell:inst6|inst3  ; out              ;
; |ram|4x32ram:inst5|4x4ram:inst1|memory_cell:inst6|inst   ; |ram|4x32ram:inst5|4x4ram:inst1|memory_cell:inst6|inst   ; regout           ;
; |ram|4x32ram:inst5|4x4ram:inst1|memory_cell:inst6|inst4  ; |ram|4x32ram:inst5|4x4ram:inst1|memory_cell:inst6|inst4  ; out0             ;
; |ram|4x32ram:inst5|4x4ram:inst1|memory_cell:inst4|inst3  ; |ram|4x32ram:inst5|4x4ram:inst1|memory_cell:inst4|inst3  ; out              ;
; |ram|4x32ram:inst5|4x4ram:inst1|memory_cell:inst4|inst   ; |ram|4x32ram:inst5|4x4ram:inst1|memory_cell:inst4|inst   ; regout           ;
; |ram|4x32ram:inst5|4x4ram:inst1|memory_cell:inst4|inst4  ; |ram|4x32ram:inst5|4x4ram:inst1|memory_cell:inst4|inst4  ; out0             ;
; |ram|4x32ram:inst5|4x4ram:inst1|24decoder:inst|inst3     ; |ram|4x32ram:inst5|4x4ram:inst1|24decoder:inst|inst3     ; out0             ;
; |ram|4x32ram:inst5|4x4ram:inst1|memory_cell:inst2|inst3  ; |ram|4x32ram:inst5|4x4ram:inst1|memory_cell:inst2|inst3  ; out              ;
; |ram|4x32ram:inst5|4x4ram:inst1|memory_cell:inst2|inst   ; |ram|4x32ram:inst5|4x4ram:inst1|memory_cell:inst2|inst   ; regout           ;
; |ram|4x32ram:inst5|4x4ram:inst1|memory_cell:inst2|inst4  ; |ram|4x32ram:inst5|4x4ram:inst1|memory_cell:inst2|inst4  ; out0             ;
; |ram|4x32ram:inst5|4x4ram:inst|inst20                    ; |ram|4x32ram:inst5|4x4ram:inst|inst20                    ; out              ;
; |ram|4x32ram:inst5|4x4ram:inst|IN~0                      ; |ram|4x32ram:inst5|4x4ram:inst|IN~0                      ; out0             ;
; |ram|4x32ram:inst5|4x4ram:inst|inst17                    ; |ram|4x32ram:inst5|4x4ram:inst|inst17                    ; out0             ;
; |ram|4x32ram:inst5|4x4ram:inst|inst18                    ; |ram|4x32ram:inst5|4x4ram:inst|inst18                    ; out0             ;
; |ram|4x32ram:inst5|4x4ram:inst|inst21                    ; |ram|4x32ram:inst5|4x4ram:inst|inst21                    ; out              ;
; |ram|4x32ram:inst5|4x4ram:inst|IN~1                      ; |ram|4x32ram:inst5|4x4ram:inst|IN~1                      ; out0             ;
; |ram|4x32ram:inst5|4x4ram:inst|inst22                    ; |ram|4x32ram:inst5|4x4ram:inst|inst22                    ; out              ;
; |ram|4x32ram:inst5|4x4ram:inst|IN~2                      ; |ram|4x32ram:inst5|4x4ram:inst|IN~2                      ; out0             ;
; |ram|4x32ram:inst5|4x4ram:inst|inst19                    ; |ram|4x32ram:inst5|4x4ram:inst|inst19                    ; out              ;
; |ram|4x32ram:inst5|4x4ram:inst|IN~3                      ; |ram|4x32ram:inst5|4x4ram:inst|IN~3                      ; out0             ;
; |ram|4x32ram:inst5|4x4ram:inst|memory_cell:inst3|inst3   ; |ram|4x32ram:inst5|4x4ram:inst|memory_cell:inst3|inst3   ; out              ;
; |ram|4x32ram:inst5|4x4ram:inst|memory_cell:inst3|inst    ; |ram|4x32ram:inst5|4x4ram:inst|memory_cell:inst3|inst    ; regout           ;
; |ram|4x32ram:inst5|4x4ram:inst|memory_cell:inst3|inst4   ; |ram|4x32ram:inst5|4x4ram:inst|memory_cell:inst3|inst4   ; out0             ;
; |ram|4x32ram:inst5|4x4ram:inst|memory_cell:inst5|inst3   ; |ram|4x32ram:inst5|4x4ram:inst|memory_cell:inst5|inst3   ; out              ;
; |ram|4x32ram:inst5|4x4ram:inst|memory_cell:inst5|inst    ; |ram|4x32ram:inst5|4x4ram:inst|memory_cell:inst5|inst    ; regout           ;
; |ram|4x32ram:inst5|4x4ram:inst|memory_cell:inst5|inst4   ; |ram|4x32ram:inst5|4x4ram:inst|memory_cell:inst5|inst4   ; out0             ;
; |ram|4x32ram:inst5|4x4ram:inst|memory_cell:inst7|inst3   ; |ram|4x32ram:inst5|4x4ram:inst|memory_cell:inst7|inst3   ; out              ;
; |ram|4x32ram:inst5|4x4ram:inst|memory_cell:inst7|inst    ; |ram|4x32ram:inst5|4x4ram:inst|memory_cell:inst7|inst    ; regout           ;
; |ram|4x32ram:inst5|4x4ram:inst|memory_cell:inst7|inst4   ; |ram|4x32ram:inst5|4x4ram:inst|memory_cell:inst7|inst4   ; out0             ;
; |ram|4x32ram:inst5|4x4ram:inst|memory_cell:inst1|inst3   ; |ram|4x32ram:inst5|4x4ram:inst|memory_cell:inst1|inst3   ; out              ;
; |ram|4x32ram:inst5|4x4ram:inst|memory_cell:inst1|inst    ; |ram|4x32ram:inst5|4x4ram:inst|memory_cell:inst1|inst    ; regout           ;
; |ram|4x32ram:inst5|4x4ram:inst|memory_cell:inst1|inst4   ; |ram|4x32ram:inst5|4x4ram:inst|memory_cell:inst1|inst4   ; out0             ;
; |ram|4x32ram:inst5|4x4ram:inst|memory_cell:inst16|inst3  ; |ram|4x32ram:inst5|4x4ram:inst|memory_cell:inst16|inst3  ; out              ;
; |ram|4x32ram:inst5|4x4ram:inst|memory_cell:inst16|inst   ; |ram|4x32ram:inst5|4x4ram:inst|memory_cell:inst16|inst   ; regout           ;
; |ram|4x32ram:inst5|4x4ram:inst|memory_cell:inst16|inst4  ; |ram|4x32ram:inst5|4x4ram:inst|memory_cell:inst16|inst4  ; out0             ;
; |ram|4x32ram:inst5|4x4ram:inst|memory_cell:inst14|inst3  ; |ram|4x32ram:inst5|4x4ram:inst|memory_cell:inst14|inst3  ; out              ;
; |ram|4x32ram:inst5|4x4ram:inst|memory_cell:inst14|inst   ; |ram|4x32ram:inst5|4x4ram:inst|memory_cell:inst14|inst   ; regout           ;
; |ram|4x32ram:inst5|4x4ram:inst|memory_cell:inst14|inst4  ; |ram|4x32ram:inst5|4x4ram:inst|memory_cell:inst14|inst4  ; out0             ;
; |ram|4x32ram:inst5|4x4ram:inst|memory_cell:inst12|inst3  ; |ram|4x32ram:inst5|4x4ram:inst|memory_cell:inst12|inst3  ; out              ;
; |ram|4x32ram:inst5|4x4ram:inst|memory_cell:inst12|inst   ; |ram|4x32ram:inst5|4x4ram:inst|memory_cell:inst12|inst   ; regout           ;
; |ram|4x32ram:inst5|4x4ram:inst|memory_cell:inst12|inst4  ; |ram|4x32ram:inst5|4x4ram:inst|memory_cell:inst12|inst4  ; out0             ;
; |ram|4x32ram:inst5|4x4ram:inst|memory_cell:inst10|inst3  ; |ram|4x32ram:inst5|4x4ram:inst|memory_cell:inst10|inst3  ; out              ;
; |ram|4x32ram:inst5|4x4ram:inst|memory_cell:inst10|inst   ; |ram|4x32ram:inst5|4x4ram:inst|memory_cell:inst10|inst   ; regout           ;
; |ram|4x32ram:inst5|4x4ram:inst|memory_cell:inst10|inst4  ; |ram|4x32ram:inst5|4x4ram:inst|memory_cell:inst10|inst4  ; out0             ;
; |ram|4x32ram:inst5|4x4ram:inst|memory_cell:inst15|inst3  ; |ram|4x32ram:inst5|4x4ram:inst|memory_cell:inst15|inst3  ; out              ;
; |ram|4x32ram:inst5|4x4ram:inst|memory_cell:inst15|inst   ; |ram|4x32ram:inst5|4x4ram:inst|memory_cell:inst15|inst   ; regout           ;
; |ram|4x32ram:inst5|4x4ram:inst|memory_cell:inst15|inst4  ; |ram|4x32ram:inst5|4x4ram:inst|memory_cell:inst15|inst4  ; out0             ;
; |ram|4x32ram:inst5|4x4ram:inst|memory_cell:inst13|inst3  ; |ram|4x32ram:inst5|4x4ram:inst|memory_cell:inst13|inst3  ; out              ;
; |ram|4x32ram:inst5|4x4ram:inst|memory_cell:inst13|inst   ; |ram|4x32ram:inst5|4x4ram:inst|memory_cell:inst13|inst   ; regout           ;
; |ram|4x32ram:inst5|4x4ram:inst|memory_cell:inst13|inst4  ; |ram|4x32ram:inst5|4x4ram:inst|memory_cell:inst13|inst4  ; out0             ;
; |ram|4x32ram:inst5|4x4ram:inst|memory_cell:inst11|inst3  ; |ram|4x32ram:inst5|4x4ram:inst|memory_cell:inst11|inst3  ; out              ;
; |ram|4x32ram:inst5|4x4ram:inst|memory_cell:inst11|inst   ; |ram|4x32ram:inst5|4x4ram:inst|memory_cell:inst11|inst   ; regout           ;
; |ram|4x32ram:inst5|4x4ram:inst|memory_cell:inst11|inst4  ; |ram|4x32ram:inst5|4x4ram:inst|memory_cell:inst11|inst4  ; out0             ;
; |ram|4x32ram:inst5|4x4ram:inst|memory_cell:inst9|inst3   ; |ram|4x32ram:inst5|4x4ram:inst|memory_cell:inst9|inst3   ; out              ;
; |ram|4x32ram:inst5|4x4ram:inst|memory_cell:inst9|inst    ; |ram|4x32ram:inst5|4x4ram:inst|memory_cell:inst9|inst    ; regout           ;
; |ram|4x32ram:inst5|4x4ram:inst|memory_cell:inst9|inst4   ; |ram|4x32ram:inst5|4x4ram:inst|memory_cell:inst9|inst4   ; out0             ;
; |ram|4x32ram:inst5|4x4ram:inst|memory_cell:inst8|inst3   ; |ram|4x32ram:inst5|4x4ram:inst|memory_cell:inst8|inst3   ; out              ;
; |ram|4x32ram:inst5|4x4ram:inst|memory_cell:inst8|inst    ; |ram|4x32ram:inst5|4x4ram:inst|memory_cell:inst8|inst    ; regout           ;
; |ram|4x32ram:inst5|4x4ram:inst|memory_cell:inst8|inst4   ; |ram|4x32ram:inst5|4x4ram:inst|memory_cell:inst8|inst4   ; out0             ;
; |ram|4x32ram:inst5|4x4ram:inst|memory_cell:inst6|inst3   ; |ram|4x32ram:inst5|4x4ram:inst|memory_cell:inst6|inst3   ; out              ;
; |ram|4x32ram:inst5|4x4ram:inst|memory_cell:inst6|inst    ; |ram|4x32ram:inst5|4x4ram:inst|memory_cell:inst6|inst    ; regout           ;
; |ram|4x32ram:inst5|4x4ram:inst|memory_cell:inst6|inst4   ; |ram|4x32ram:inst5|4x4ram:inst|memory_cell:inst6|inst4   ; out0             ;
; |ram|4x32ram:inst5|4x4ram:inst|memory_cell:inst4|inst3   ; |ram|4x32ram:inst5|4x4ram:inst|memory_cell:inst4|inst3   ; out              ;
; |ram|4x32ram:inst5|4x4ram:inst|memory_cell:inst4|inst    ; |ram|4x32ram:inst5|4x4ram:inst|memory_cell:inst4|inst    ; regout           ;
; |ram|4x32ram:inst5|4x4ram:inst|memory_cell:inst4|inst4   ; |ram|4x32ram:inst5|4x4ram:inst|memory_cell:inst4|inst4   ; out0             ;
; |ram|4x32ram:inst5|4x4ram:inst|24decoder:inst|inst3      ; |ram|4x32ram:inst5|4x4ram:inst|24decoder:inst|inst3      ; out0             ;
; |ram|4x32ram:inst5|4x4ram:inst|memory_cell:inst2|inst3   ; |ram|4x32ram:inst5|4x4ram:inst|memory_cell:inst2|inst3   ; out              ;
; |ram|4x32ram:inst5|4x4ram:inst|memory_cell:inst2|inst    ; |ram|4x32ram:inst5|4x4ram:inst|memory_cell:inst2|inst    ; regout           ;
; |ram|4x32ram:inst5|4x4ram:inst|memory_cell:inst2|inst4   ; |ram|4x32ram:inst5|4x4ram:inst|memory_cell:inst2|inst4   ; out0             ;
; |ram|4x32ram:inst4|4x4ram:inst8|inst20                   ; |ram|4x32ram:inst4|4x4ram:inst8|inst20                   ; out              ;
; |ram|4x32ram:inst4|4x4ram:inst8|IN~0                     ; |ram|4x32ram:inst4|4x4ram:inst8|IN~0                     ; out0             ;
; |ram|4x32ram:inst4|4x4ram:inst8|inst17                   ; |ram|4x32ram:inst4|4x4ram:inst8|inst17                   ; out0             ;
; |ram|4x32ram:inst4|4x4ram:inst8|inst18                   ; |ram|4x32ram:inst4|4x4ram:inst8|inst18                   ; out0             ;
; |ram|4x32ram:inst4|4x4ram:inst8|inst21                   ; |ram|4x32ram:inst4|4x4ram:inst8|inst21                   ; out              ;
; |ram|4x32ram:inst4|4x4ram:inst8|IN~1                     ; |ram|4x32ram:inst4|4x4ram:inst8|IN~1                     ; out0             ;
; |ram|4x32ram:inst4|4x4ram:inst8|inst22                   ; |ram|4x32ram:inst4|4x4ram:inst8|inst22                   ; out              ;
; |ram|4x32ram:inst4|4x4ram:inst8|IN~2                     ; |ram|4x32ram:inst4|4x4ram:inst8|IN~2                     ; out0             ;
; |ram|4x32ram:inst4|4x4ram:inst8|inst19                   ; |ram|4x32ram:inst4|4x4ram:inst8|inst19                   ; out              ;
; |ram|4x32ram:inst4|4x4ram:inst8|IN~3                     ; |ram|4x32ram:inst4|4x4ram:inst8|IN~3                     ; out0             ;
; |ram|4x32ram:inst4|4x4ram:inst8|memory_cell:inst3|inst3  ; |ram|4x32ram:inst4|4x4ram:inst8|memory_cell:inst3|inst3  ; out              ;
; |ram|4x32ram:inst4|4x4ram:inst8|memory_cell:inst3|inst   ; |ram|4x32ram:inst4|4x4ram:inst8|memory_cell:inst3|inst   ; regout           ;
; |ram|4x32ram:inst4|4x4ram:inst8|memory_cell:inst3|inst4  ; |ram|4x32ram:inst4|4x4ram:inst8|memory_cell:inst3|inst4  ; out0             ;
; |ram|4x32ram:inst4|4x4ram:inst8|memory_cell:inst5|inst3  ; |ram|4x32ram:inst4|4x4ram:inst8|memory_cell:inst5|inst3  ; out              ;
; |ram|4x32ram:inst4|4x4ram:inst8|memory_cell:inst5|inst   ; |ram|4x32ram:inst4|4x4ram:inst8|memory_cell:inst5|inst   ; regout           ;
; |ram|4x32ram:inst4|4x4ram:inst8|memory_cell:inst5|inst4  ; |ram|4x32ram:inst4|4x4ram:inst8|memory_cell:inst5|inst4  ; out0             ;
; |ram|4x32ram:inst4|4x4ram:inst8|memory_cell:inst7|inst3  ; |ram|4x32ram:inst4|4x4ram:inst8|memory_cell:inst7|inst3  ; out              ;
; |ram|4x32ram:inst4|4x4ram:inst8|memory_cell:inst7|inst   ; |ram|4x32ram:inst4|4x4ram:inst8|memory_cell:inst7|inst   ; regout           ;
; |ram|4x32ram:inst4|4x4ram:inst8|memory_cell:inst7|inst4  ; |ram|4x32ram:inst4|4x4ram:inst8|memory_cell:inst7|inst4  ; out0             ;
; |ram|4x32ram:inst4|4x4ram:inst8|memory_cell:inst1|inst3  ; |ram|4x32ram:inst4|4x4ram:inst8|memory_cell:inst1|inst3  ; out              ;
; |ram|4x32ram:inst4|4x4ram:inst8|memory_cell:inst1|inst   ; |ram|4x32ram:inst4|4x4ram:inst8|memory_cell:inst1|inst   ; regout           ;
; |ram|4x32ram:inst4|4x4ram:inst8|memory_cell:inst1|inst4  ; |ram|4x32ram:inst4|4x4ram:inst8|memory_cell:inst1|inst4  ; out0             ;
; |ram|4x32ram:inst4|4x4ram:inst8|memory_cell:inst16|inst3 ; |ram|4x32ram:inst4|4x4ram:inst8|memory_cell:inst16|inst3 ; out              ;
; |ram|4x32ram:inst4|4x4ram:inst8|memory_cell:inst16|inst  ; |ram|4x32ram:inst4|4x4ram:inst8|memory_cell:inst16|inst  ; regout           ;
; |ram|4x32ram:inst4|4x4ram:inst8|memory_cell:inst16|inst4 ; |ram|4x32ram:inst4|4x4ram:inst8|memory_cell:inst16|inst4 ; out0             ;
; |ram|4x32ram:inst4|4x4ram:inst8|memory_cell:inst14|inst3 ; |ram|4x32ram:inst4|4x4ram:inst8|memory_cell:inst14|inst3 ; out              ;
; |ram|4x32ram:inst4|4x4ram:inst8|memory_cell:inst14|inst  ; |ram|4x32ram:inst4|4x4ram:inst8|memory_cell:inst14|inst  ; regout           ;
; |ram|4x32ram:inst4|4x4ram:inst8|memory_cell:inst14|inst4 ; |ram|4x32ram:inst4|4x4ram:inst8|memory_cell:inst14|inst4 ; out0             ;
; |ram|4x32ram:inst4|4x4ram:inst8|memory_cell:inst12|inst3 ; |ram|4x32ram:inst4|4x4ram:inst8|memory_cell:inst12|inst3 ; out              ;
; |ram|4x32ram:inst4|4x4ram:inst8|memory_cell:inst12|inst  ; |ram|4x32ram:inst4|4x4ram:inst8|memory_cell:inst12|inst  ; regout           ;
; |ram|4x32ram:inst4|4x4ram:inst8|memory_cell:inst12|inst4 ; |ram|4x32ram:inst4|4x4ram:inst8|memory_cell:inst12|inst4 ; out0             ;
; |ram|4x32ram:inst4|4x4ram:inst8|memory_cell:inst10|inst3 ; |ram|4x32ram:inst4|4x4ram:inst8|memory_cell:inst10|inst3 ; out              ;
; |ram|4x32ram:inst4|4x4ram:inst8|memory_cell:inst10|inst  ; |ram|4x32ram:inst4|4x4ram:inst8|memory_cell:inst10|inst  ; regout           ;
; |ram|4x32ram:inst4|4x4ram:inst8|memory_cell:inst10|inst4 ; |ram|4x32ram:inst4|4x4ram:inst8|memory_cell:inst10|inst4 ; out0             ;
; |ram|4x32ram:inst4|4x4ram:inst8|memory_cell:inst15|inst3 ; |ram|4x32ram:inst4|4x4ram:inst8|memory_cell:inst15|inst3 ; out              ;
; |ram|4x32ram:inst4|4x4ram:inst8|memory_cell:inst15|inst  ; |ram|4x32ram:inst4|4x4ram:inst8|memory_cell:inst15|inst  ; regout           ;
; |ram|4x32ram:inst4|4x4ram:inst8|memory_cell:inst15|inst4 ; |ram|4x32ram:inst4|4x4ram:inst8|memory_cell:inst15|inst4 ; out0             ;
; |ram|4x32ram:inst4|4x4ram:inst8|memory_cell:inst13|inst3 ; |ram|4x32ram:inst4|4x4ram:inst8|memory_cell:inst13|inst3 ; out              ;
; |ram|4x32ram:inst4|4x4ram:inst8|memory_cell:inst13|inst  ; |ram|4x32ram:inst4|4x4ram:inst8|memory_cell:inst13|inst  ; regout           ;
; |ram|4x32ram:inst4|4x4ram:inst8|memory_cell:inst13|inst4 ; |ram|4x32ram:inst4|4x4ram:inst8|memory_cell:inst13|inst4 ; out0             ;
; |ram|4x32ram:inst4|4x4ram:inst8|memory_cell:inst11|inst3 ; |ram|4x32ram:inst4|4x4ram:inst8|memory_cell:inst11|inst3 ; out              ;
; |ram|4x32ram:inst4|4x4ram:inst8|memory_cell:inst11|inst  ; |ram|4x32ram:inst4|4x4ram:inst8|memory_cell:inst11|inst  ; regout           ;
; |ram|4x32ram:inst4|4x4ram:inst8|memory_cell:inst11|inst4 ; |ram|4x32ram:inst4|4x4ram:inst8|memory_cell:inst11|inst4 ; out0             ;
; |ram|4x32ram:inst4|4x4ram:inst8|memory_cell:inst9|inst3  ; |ram|4x32ram:inst4|4x4ram:inst8|memory_cell:inst9|inst3  ; out              ;
; |ram|4x32ram:inst4|4x4ram:inst8|memory_cell:inst9|inst   ; |ram|4x32ram:inst4|4x4ram:inst8|memory_cell:inst9|inst   ; regout           ;
; |ram|4x32ram:inst4|4x4ram:inst8|memory_cell:inst9|inst4  ; |ram|4x32ram:inst4|4x4ram:inst8|memory_cell:inst9|inst4  ; out0             ;
; |ram|4x32ram:inst4|4x4ram:inst8|memory_cell:inst8|inst3  ; |ram|4x32ram:inst4|4x4ram:inst8|memory_cell:inst8|inst3  ; out              ;
; |ram|4x32ram:inst4|4x4ram:inst8|memory_cell:inst8|inst   ; |ram|4x32ram:inst4|4x4ram:inst8|memory_cell:inst8|inst   ; regout           ;
; |ram|4x32ram:inst4|4x4ram:inst8|memory_cell:inst8|inst4  ; |ram|4x32ram:inst4|4x4ram:inst8|memory_cell:inst8|inst4  ; out0             ;
; |ram|4x32ram:inst4|4x4ram:inst8|memory_cell:inst6|inst3  ; |ram|4x32ram:inst4|4x4ram:inst8|memory_cell:inst6|inst3  ; out              ;
; |ram|4x32ram:inst4|4x4ram:inst8|memory_cell:inst6|inst   ; |ram|4x32ram:inst4|4x4ram:inst8|memory_cell:inst6|inst   ; regout           ;
; |ram|4x32ram:inst4|4x4ram:inst8|memory_cell:inst6|inst4  ; |ram|4x32ram:inst4|4x4ram:inst8|memory_cell:inst6|inst4  ; out0             ;
; |ram|4x32ram:inst4|4x4ram:inst8|memory_cell:inst4|inst3  ; |ram|4x32ram:inst4|4x4ram:inst8|memory_cell:inst4|inst3  ; out              ;
; |ram|4x32ram:inst4|4x4ram:inst8|memory_cell:inst4|inst   ; |ram|4x32ram:inst4|4x4ram:inst8|memory_cell:inst4|inst   ; regout           ;
; |ram|4x32ram:inst4|4x4ram:inst8|memory_cell:inst4|inst4  ; |ram|4x32ram:inst4|4x4ram:inst8|memory_cell:inst4|inst4  ; out0             ;
; |ram|4x32ram:inst4|4x4ram:inst8|24decoder:inst|inst3     ; |ram|4x32ram:inst4|4x4ram:inst8|24decoder:inst|inst3     ; out0             ;
; |ram|4x32ram:inst4|4x4ram:inst8|memory_cell:inst2|inst3  ; |ram|4x32ram:inst4|4x4ram:inst8|memory_cell:inst2|inst3  ; out              ;
; |ram|4x32ram:inst4|4x4ram:inst8|memory_cell:inst2|inst   ; |ram|4x32ram:inst4|4x4ram:inst8|memory_cell:inst2|inst   ; regout           ;
; |ram|4x32ram:inst4|4x4ram:inst8|memory_cell:inst2|inst4  ; |ram|4x32ram:inst4|4x4ram:inst8|memory_cell:inst2|inst4  ; out0             ;
; |ram|4x32ram:inst4|4x4ram:inst7|inst20                   ; |ram|4x32ram:inst4|4x4ram:inst7|inst20                   ; out              ;
; |ram|4x32ram:inst4|4x4ram:inst7|IN~0                     ; |ram|4x32ram:inst4|4x4ram:inst7|IN~0                     ; out0             ;
; |ram|4x32ram:inst4|4x4ram:inst7|inst17                   ; |ram|4x32ram:inst4|4x4ram:inst7|inst17                   ; out0             ;
; |ram|4x32ram:inst4|4x4ram:inst7|inst18                   ; |ram|4x32ram:inst4|4x4ram:inst7|inst18                   ; out0             ;
; |ram|4x32ram:inst4|4x4ram:inst7|inst21                   ; |ram|4x32ram:inst4|4x4ram:inst7|inst21                   ; out              ;
; |ram|4x32ram:inst4|4x4ram:inst7|IN~1                     ; |ram|4x32ram:inst4|4x4ram:inst7|IN~1                     ; out0             ;
; |ram|4x32ram:inst4|4x4ram:inst7|inst22                   ; |ram|4x32ram:inst4|4x4ram:inst7|inst22                   ; out              ;
; |ram|4x32ram:inst4|4x4ram:inst7|IN~2                     ; |ram|4x32ram:inst4|4x4ram:inst7|IN~2                     ; out0             ;
; |ram|4x32ram:inst4|4x4ram:inst7|inst19                   ; |ram|4x32ram:inst4|4x4ram:inst7|inst19                   ; out              ;
; |ram|4x32ram:inst4|4x4ram:inst7|IN~3                     ; |ram|4x32ram:inst4|4x4ram:inst7|IN~3                     ; out0             ;
; |ram|4x32ram:inst4|4x4ram:inst7|memory_cell:inst3|inst3  ; |ram|4x32ram:inst4|4x4ram:inst7|memory_cell:inst3|inst3  ; out              ;
; |ram|4x32ram:inst4|4x4ram:inst7|memory_cell:inst3|inst   ; |ram|4x32ram:inst4|4x4ram:inst7|memory_cell:inst3|inst   ; regout           ;
; |ram|4x32ram:inst4|4x4ram:inst7|memory_cell:inst3|inst4  ; |ram|4x32ram:inst4|4x4ram:inst7|memory_cell:inst3|inst4  ; out0             ;
; |ram|4x32ram:inst4|4x4ram:inst7|memory_cell:inst5|inst3  ; |ram|4x32ram:inst4|4x4ram:inst7|memory_cell:inst5|inst3  ; out              ;
; |ram|4x32ram:inst4|4x4ram:inst7|memory_cell:inst5|inst   ; |ram|4x32ram:inst4|4x4ram:inst7|memory_cell:inst5|inst   ; regout           ;
; |ram|4x32ram:inst4|4x4ram:inst7|memory_cell:inst5|inst4  ; |ram|4x32ram:inst4|4x4ram:inst7|memory_cell:inst5|inst4  ; out0             ;
; |ram|4x32ram:inst4|4x4ram:inst7|memory_cell:inst7|inst3  ; |ram|4x32ram:inst4|4x4ram:inst7|memory_cell:inst7|inst3  ; out              ;
; |ram|4x32ram:inst4|4x4ram:inst7|memory_cell:inst7|inst   ; |ram|4x32ram:inst4|4x4ram:inst7|memory_cell:inst7|inst   ; regout           ;
; |ram|4x32ram:inst4|4x4ram:inst7|memory_cell:inst7|inst4  ; |ram|4x32ram:inst4|4x4ram:inst7|memory_cell:inst7|inst4  ; out0             ;
; |ram|4x32ram:inst4|4x4ram:inst7|memory_cell:inst1|inst3  ; |ram|4x32ram:inst4|4x4ram:inst7|memory_cell:inst1|inst3  ; out              ;
; |ram|4x32ram:inst4|4x4ram:inst7|memory_cell:inst1|inst   ; |ram|4x32ram:inst4|4x4ram:inst7|memory_cell:inst1|inst   ; regout           ;
; |ram|4x32ram:inst4|4x4ram:inst7|memory_cell:inst1|inst4  ; |ram|4x32ram:inst4|4x4ram:inst7|memory_cell:inst1|inst4  ; out0             ;
; |ram|4x32ram:inst4|4x4ram:inst7|memory_cell:inst16|inst3 ; |ram|4x32ram:inst4|4x4ram:inst7|memory_cell:inst16|inst3 ; out              ;
; |ram|4x32ram:inst4|4x4ram:inst7|memory_cell:inst16|inst  ; |ram|4x32ram:inst4|4x4ram:inst7|memory_cell:inst16|inst  ; regout           ;
; |ram|4x32ram:inst4|4x4ram:inst7|memory_cell:inst16|inst4 ; |ram|4x32ram:inst4|4x4ram:inst7|memory_cell:inst16|inst4 ; out0             ;
; |ram|4x32ram:inst4|4x4ram:inst7|memory_cell:inst14|inst3 ; |ram|4x32ram:inst4|4x4ram:inst7|memory_cell:inst14|inst3 ; out              ;
; |ram|4x32ram:inst4|4x4ram:inst7|memory_cell:inst14|inst  ; |ram|4x32ram:inst4|4x4ram:inst7|memory_cell:inst14|inst  ; regout           ;
; |ram|4x32ram:inst4|4x4ram:inst7|memory_cell:inst14|inst4 ; |ram|4x32ram:inst4|4x4ram:inst7|memory_cell:inst14|inst4 ; out0             ;
; |ram|4x32ram:inst4|4x4ram:inst7|memory_cell:inst12|inst3 ; |ram|4x32ram:inst4|4x4ram:inst7|memory_cell:inst12|inst3 ; out              ;
; |ram|4x32ram:inst4|4x4ram:inst7|memory_cell:inst12|inst  ; |ram|4x32ram:inst4|4x4ram:inst7|memory_cell:inst12|inst  ; regout           ;
; |ram|4x32ram:inst4|4x4ram:inst7|memory_cell:inst12|inst4 ; |ram|4x32ram:inst4|4x4ram:inst7|memory_cell:inst12|inst4 ; out0             ;
; |ram|4x32ram:inst4|4x4ram:inst7|memory_cell:inst10|inst3 ; |ram|4x32ram:inst4|4x4ram:inst7|memory_cell:inst10|inst3 ; out              ;
; |ram|4x32ram:inst4|4x4ram:inst7|memory_cell:inst10|inst  ; |ram|4x32ram:inst4|4x4ram:inst7|memory_cell:inst10|inst  ; regout           ;
; |ram|4x32ram:inst4|4x4ram:inst7|memory_cell:inst10|inst4 ; |ram|4x32ram:inst4|4x4ram:inst7|memory_cell:inst10|inst4 ; out0             ;
; |ram|4x32ram:inst4|4x4ram:inst7|memory_cell:inst15|inst3 ; |ram|4x32ram:inst4|4x4ram:inst7|memory_cell:inst15|inst3 ; out              ;
; |ram|4x32ram:inst4|4x4ram:inst7|memory_cell:inst15|inst  ; |ram|4x32ram:inst4|4x4ram:inst7|memory_cell:inst15|inst  ; regout           ;
; |ram|4x32ram:inst4|4x4ram:inst7|memory_cell:inst15|inst4 ; |ram|4x32ram:inst4|4x4ram:inst7|memory_cell:inst15|inst4 ; out0             ;
; |ram|4x32ram:inst4|4x4ram:inst7|memory_cell:inst13|inst3 ; |ram|4x32ram:inst4|4x4ram:inst7|memory_cell:inst13|inst3 ; out              ;
; |ram|4x32ram:inst4|4x4ram:inst7|memory_cell:inst13|inst  ; |ram|4x32ram:inst4|4x4ram:inst7|memory_cell:inst13|inst  ; regout           ;
; |ram|4x32ram:inst4|4x4ram:inst7|memory_cell:inst13|inst4 ; |ram|4x32ram:inst4|4x4ram:inst7|memory_cell:inst13|inst4 ; out0             ;
; |ram|4x32ram:inst4|4x4ram:inst7|memory_cell:inst11|inst3 ; |ram|4x32ram:inst4|4x4ram:inst7|memory_cell:inst11|inst3 ; out              ;
; |ram|4x32ram:inst4|4x4ram:inst7|memory_cell:inst11|inst  ; |ram|4x32ram:inst4|4x4ram:inst7|memory_cell:inst11|inst  ; regout           ;
; |ram|4x32ram:inst4|4x4ram:inst7|memory_cell:inst11|inst4 ; |ram|4x32ram:inst4|4x4ram:inst7|memory_cell:inst11|inst4 ; out0             ;
; |ram|4x32ram:inst4|4x4ram:inst7|memory_cell:inst9|inst3  ; |ram|4x32ram:inst4|4x4ram:inst7|memory_cell:inst9|inst3  ; out              ;
; |ram|4x32ram:inst4|4x4ram:inst7|memory_cell:inst9|inst   ; |ram|4x32ram:inst4|4x4ram:inst7|memory_cell:inst9|inst   ; regout           ;
; |ram|4x32ram:inst4|4x4ram:inst7|memory_cell:inst9|inst4  ; |ram|4x32ram:inst4|4x4ram:inst7|memory_cell:inst9|inst4  ; out0             ;
; |ram|4x32ram:inst4|4x4ram:inst7|memory_cell:inst8|inst3  ; |ram|4x32ram:inst4|4x4ram:inst7|memory_cell:inst8|inst3  ; out              ;
; |ram|4x32ram:inst4|4x4ram:inst7|memory_cell:inst8|inst   ; |ram|4x32ram:inst4|4x4ram:inst7|memory_cell:inst8|inst   ; regout           ;
; |ram|4x32ram:inst4|4x4ram:inst7|memory_cell:inst8|inst4  ; |ram|4x32ram:inst4|4x4ram:inst7|memory_cell:inst8|inst4  ; out0             ;
; |ram|4x32ram:inst4|4x4ram:inst7|memory_cell:inst6|inst3  ; |ram|4x32ram:inst4|4x4ram:inst7|memory_cell:inst6|inst3  ; out              ;
; |ram|4x32ram:inst4|4x4ram:inst7|memory_cell:inst6|inst   ; |ram|4x32ram:inst4|4x4ram:inst7|memory_cell:inst6|inst   ; regout           ;
; |ram|4x32ram:inst4|4x4ram:inst7|memory_cell:inst6|inst4  ; |ram|4x32ram:inst4|4x4ram:inst7|memory_cell:inst6|inst4  ; out0             ;
; |ram|4x32ram:inst4|4x4ram:inst7|memory_cell:inst4|inst3  ; |ram|4x32ram:inst4|4x4ram:inst7|memory_cell:inst4|inst3  ; out              ;
; |ram|4x32ram:inst4|4x4ram:inst7|memory_cell:inst4|inst   ; |ram|4x32ram:inst4|4x4ram:inst7|memory_cell:inst4|inst   ; regout           ;
; |ram|4x32ram:inst4|4x4ram:inst7|memory_cell:inst4|inst4  ; |ram|4x32ram:inst4|4x4ram:inst7|memory_cell:inst4|inst4  ; out0             ;
; |ram|4x32ram:inst4|4x4ram:inst7|24decoder:inst|inst3     ; |ram|4x32ram:inst4|4x4ram:inst7|24decoder:inst|inst3     ; out0             ;
; |ram|4x32ram:inst4|4x4ram:inst7|memory_cell:inst2|inst3  ; |ram|4x32ram:inst4|4x4ram:inst7|memory_cell:inst2|inst3  ; out              ;
; |ram|4x32ram:inst4|4x4ram:inst7|memory_cell:inst2|inst   ; |ram|4x32ram:inst4|4x4ram:inst7|memory_cell:inst2|inst   ; regout           ;
; |ram|4x32ram:inst4|4x4ram:inst7|memory_cell:inst2|inst4  ; |ram|4x32ram:inst4|4x4ram:inst7|memory_cell:inst2|inst4  ; out0             ;
; |ram|4x32ram:inst4|4x4ram:inst6|inst20                   ; |ram|4x32ram:inst4|4x4ram:inst6|inst20                   ; out              ;
; |ram|4x32ram:inst4|4x4ram:inst6|IN~0                     ; |ram|4x32ram:inst4|4x4ram:inst6|IN~0                     ; out0             ;
; |ram|4x32ram:inst4|4x4ram:inst6|inst17                   ; |ram|4x32ram:inst4|4x4ram:inst6|inst17                   ; out0             ;
; |ram|4x32ram:inst4|4x4ram:inst6|inst18                   ; |ram|4x32ram:inst4|4x4ram:inst6|inst18                   ; out0             ;
; |ram|4x32ram:inst4|4x4ram:inst6|inst21                   ; |ram|4x32ram:inst4|4x4ram:inst6|inst21                   ; out              ;
; |ram|4x32ram:inst4|4x4ram:inst6|IN~1                     ; |ram|4x32ram:inst4|4x4ram:inst6|IN~1                     ; out0             ;
; |ram|4x32ram:inst4|4x4ram:inst6|inst22                   ; |ram|4x32ram:inst4|4x4ram:inst6|inst22                   ; out              ;
; |ram|4x32ram:inst4|4x4ram:inst6|IN~2                     ; |ram|4x32ram:inst4|4x4ram:inst6|IN~2                     ; out0             ;
; |ram|4x32ram:inst4|4x4ram:inst6|inst19                   ; |ram|4x32ram:inst4|4x4ram:inst6|inst19                   ; out              ;
; |ram|4x32ram:inst4|4x4ram:inst6|IN~3                     ; |ram|4x32ram:inst4|4x4ram:inst6|IN~3                     ; out0             ;
; |ram|4x32ram:inst4|4x4ram:inst6|memory_cell:inst3|inst3  ; |ram|4x32ram:inst4|4x4ram:inst6|memory_cell:inst3|inst3  ; out              ;
; |ram|4x32ram:inst4|4x4ram:inst6|memory_cell:inst3|inst   ; |ram|4x32ram:inst4|4x4ram:inst6|memory_cell:inst3|inst   ; regout           ;
; |ram|4x32ram:inst4|4x4ram:inst6|memory_cell:inst3|inst4  ; |ram|4x32ram:inst4|4x4ram:inst6|memory_cell:inst3|inst4  ; out0             ;
; |ram|4x32ram:inst4|4x4ram:inst6|memory_cell:inst5|inst3  ; |ram|4x32ram:inst4|4x4ram:inst6|memory_cell:inst5|inst3  ; out              ;
; |ram|4x32ram:inst4|4x4ram:inst6|memory_cell:inst5|inst   ; |ram|4x32ram:inst4|4x4ram:inst6|memory_cell:inst5|inst   ; regout           ;
; |ram|4x32ram:inst4|4x4ram:inst6|memory_cell:inst5|inst4  ; |ram|4x32ram:inst4|4x4ram:inst6|memory_cell:inst5|inst4  ; out0             ;
; |ram|4x32ram:inst4|4x4ram:inst6|memory_cell:inst7|inst3  ; |ram|4x32ram:inst4|4x4ram:inst6|memory_cell:inst7|inst3  ; out              ;
; |ram|4x32ram:inst4|4x4ram:inst6|memory_cell:inst7|inst   ; |ram|4x32ram:inst4|4x4ram:inst6|memory_cell:inst7|inst   ; regout           ;
; |ram|4x32ram:inst4|4x4ram:inst6|memory_cell:inst7|inst4  ; |ram|4x32ram:inst4|4x4ram:inst6|memory_cell:inst7|inst4  ; out0             ;
; |ram|4x32ram:inst4|4x4ram:inst6|memory_cell:inst1|inst3  ; |ram|4x32ram:inst4|4x4ram:inst6|memory_cell:inst1|inst3  ; out              ;
; |ram|4x32ram:inst4|4x4ram:inst6|memory_cell:inst1|inst   ; |ram|4x32ram:inst4|4x4ram:inst6|memory_cell:inst1|inst   ; regout           ;
; |ram|4x32ram:inst4|4x4ram:inst6|memory_cell:inst1|inst4  ; |ram|4x32ram:inst4|4x4ram:inst6|memory_cell:inst1|inst4  ; out0             ;
; |ram|4x32ram:inst4|4x4ram:inst6|memory_cell:inst16|inst3 ; |ram|4x32ram:inst4|4x4ram:inst6|memory_cell:inst16|inst3 ; out              ;
; |ram|4x32ram:inst4|4x4ram:inst6|memory_cell:inst16|inst  ; |ram|4x32ram:inst4|4x4ram:inst6|memory_cell:inst16|inst  ; regout           ;
; |ram|4x32ram:inst4|4x4ram:inst6|memory_cell:inst16|inst4 ; |ram|4x32ram:inst4|4x4ram:inst6|memory_cell:inst16|inst4 ; out0             ;
; |ram|4x32ram:inst4|4x4ram:inst6|memory_cell:inst14|inst3 ; |ram|4x32ram:inst4|4x4ram:inst6|memory_cell:inst14|inst3 ; out              ;
; |ram|4x32ram:inst4|4x4ram:inst6|memory_cell:inst14|inst  ; |ram|4x32ram:inst4|4x4ram:inst6|memory_cell:inst14|inst  ; regout           ;
; |ram|4x32ram:inst4|4x4ram:inst6|memory_cell:inst14|inst4 ; |ram|4x32ram:inst4|4x4ram:inst6|memory_cell:inst14|inst4 ; out0             ;
; |ram|4x32ram:inst4|4x4ram:inst6|memory_cell:inst12|inst3 ; |ram|4x32ram:inst4|4x4ram:inst6|memory_cell:inst12|inst3 ; out              ;
; |ram|4x32ram:inst4|4x4ram:inst6|memory_cell:inst12|inst  ; |ram|4x32ram:inst4|4x4ram:inst6|memory_cell:inst12|inst  ; regout           ;
; |ram|4x32ram:inst4|4x4ram:inst6|memory_cell:inst12|inst4 ; |ram|4x32ram:inst4|4x4ram:inst6|memory_cell:inst12|inst4 ; out0             ;
; |ram|4x32ram:inst4|4x4ram:inst6|memory_cell:inst10|inst3 ; |ram|4x32ram:inst4|4x4ram:inst6|memory_cell:inst10|inst3 ; out              ;
; |ram|4x32ram:inst4|4x4ram:inst6|memory_cell:inst10|inst  ; |ram|4x32ram:inst4|4x4ram:inst6|memory_cell:inst10|inst  ; regout           ;
; |ram|4x32ram:inst4|4x4ram:inst6|memory_cell:inst10|inst4 ; |ram|4x32ram:inst4|4x4ram:inst6|memory_cell:inst10|inst4 ; out0             ;
; |ram|4x32ram:inst4|4x4ram:inst6|memory_cell:inst15|inst3 ; |ram|4x32ram:inst4|4x4ram:inst6|memory_cell:inst15|inst3 ; out              ;
; |ram|4x32ram:inst4|4x4ram:inst6|memory_cell:inst15|inst  ; |ram|4x32ram:inst4|4x4ram:inst6|memory_cell:inst15|inst  ; regout           ;
; |ram|4x32ram:inst4|4x4ram:inst6|memory_cell:inst15|inst4 ; |ram|4x32ram:inst4|4x4ram:inst6|memory_cell:inst15|inst4 ; out0             ;
; |ram|4x32ram:inst4|4x4ram:inst6|memory_cell:inst13|inst3 ; |ram|4x32ram:inst4|4x4ram:inst6|memory_cell:inst13|inst3 ; out              ;
; |ram|4x32ram:inst4|4x4ram:inst6|memory_cell:inst13|inst  ; |ram|4x32ram:inst4|4x4ram:inst6|memory_cell:inst13|inst  ; regout           ;
; |ram|4x32ram:inst4|4x4ram:inst6|memory_cell:inst13|inst4 ; |ram|4x32ram:inst4|4x4ram:inst6|memory_cell:inst13|inst4 ; out0             ;
; |ram|4x32ram:inst4|4x4ram:inst6|memory_cell:inst11|inst3 ; |ram|4x32ram:inst4|4x4ram:inst6|memory_cell:inst11|inst3 ; out              ;
; |ram|4x32ram:inst4|4x4ram:inst6|memory_cell:inst11|inst  ; |ram|4x32ram:inst4|4x4ram:inst6|memory_cell:inst11|inst  ; regout           ;
; |ram|4x32ram:inst4|4x4ram:inst6|memory_cell:inst11|inst4 ; |ram|4x32ram:inst4|4x4ram:inst6|memory_cell:inst11|inst4 ; out0             ;
; |ram|4x32ram:inst4|4x4ram:inst6|memory_cell:inst9|inst3  ; |ram|4x32ram:inst4|4x4ram:inst6|memory_cell:inst9|inst3  ; out              ;
; |ram|4x32ram:inst4|4x4ram:inst6|memory_cell:inst9|inst   ; |ram|4x32ram:inst4|4x4ram:inst6|memory_cell:inst9|inst   ; regout           ;
; |ram|4x32ram:inst4|4x4ram:inst6|memory_cell:inst9|inst4  ; |ram|4x32ram:inst4|4x4ram:inst6|memory_cell:inst9|inst4  ; out0             ;
; |ram|4x32ram:inst4|4x4ram:inst6|memory_cell:inst8|inst3  ; |ram|4x32ram:inst4|4x4ram:inst6|memory_cell:inst8|inst3  ; out              ;
; |ram|4x32ram:inst4|4x4ram:inst6|memory_cell:inst8|inst   ; |ram|4x32ram:inst4|4x4ram:inst6|memory_cell:inst8|inst   ; regout           ;
; |ram|4x32ram:inst4|4x4ram:inst6|memory_cell:inst8|inst4  ; |ram|4x32ram:inst4|4x4ram:inst6|memory_cell:inst8|inst4  ; out0             ;
; |ram|4x32ram:inst4|4x4ram:inst6|memory_cell:inst6|inst3  ; |ram|4x32ram:inst4|4x4ram:inst6|memory_cell:inst6|inst3  ; out              ;
; |ram|4x32ram:inst4|4x4ram:inst6|memory_cell:inst6|inst   ; |ram|4x32ram:inst4|4x4ram:inst6|memory_cell:inst6|inst   ; regout           ;
; |ram|4x32ram:inst4|4x4ram:inst6|memory_cell:inst6|inst4  ; |ram|4x32ram:inst4|4x4ram:inst6|memory_cell:inst6|inst4  ; out0             ;
; |ram|4x32ram:inst4|4x4ram:inst6|memory_cell:inst4|inst3  ; |ram|4x32ram:inst4|4x4ram:inst6|memory_cell:inst4|inst3  ; out              ;
; |ram|4x32ram:inst4|4x4ram:inst6|memory_cell:inst4|inst   ; |ram|4x32ram:inst4|4x4ram:inst6|memory_cell:inst4|inst   ; regout           ;
; |ram|4x32ram:inst4|4x4ram:inst6|memory_cell:inst4|inst4  ; |ram|4x32ram:inst4|4x4ram:inst6|memory_cell:inst4|inst4  ; out0             ;
; |ram|4x32ram:inst4|4x4ram:inst6|24decoder:inst|inst3     ; |ram|4x32ram:inst4|4x4ram:inst6|24decoder:inst|inst3     ; out0             ;
; |ram|4x32ram:inst4|4x4ram:inst6|memory_cell:inst2|inst3  ; |ram|4x32ram:inst4|4x4ram:inst6|memory_cell:inst2|inst3  ; out              ;
; |ram|4x32ram:inst4|4x4ram:inst6|memory_cell:inst2|inst   ; |ram|4x32ram:inst4|4x4ram:inst6|memory_cell:inst2|inst   ; regout           ;
; |ram|4x32ram:inst4|4x4ram:inst6|memory_cell:inst2|inst4  ; |ram|4x32ram:inst4|4x4ram:inst6|memory_cell:inst2|inst4  ; out0             ;
; |ram|4x32ram:inst4|4x4ram:inst5|inst20                   ; |ram|4x32ram:inst4|4x4ram:inst5|inst20                   ; out              ;
; |ram|4x32ram:inst4|4x4ram:inst5|IN~0                     ; |ram|4x32ram:inst4|4x4ram:inst5|IN~0                     ; out0             ;
; |ram|4x32ram:inst4|4x4ram:inst5|inst17                   ; |ram|4x32ram:inst4|4x4ram:inst5|inst17                   ; out0             ;
; |ram|4x32ram:inst4|4x4ram:inst5|inst18                   ; |ram|4x32ram:inst4|4x4ram:inst5|inst18                   ; out0             ;
; |ram|4x32ram:inst4|4x4ram:inst5|inst21                   ; |ram|4x32ram:inst4|4x4ram:inst5|inst21                   ; out              ;
; |ram|4x32ram:inst4|4x4ram:inst5|IN~1                     ; |ram|4x32ram:inst4|4x4ram:inst5|IN~1                     ; out0             ;
; |ram|4x32ram:inst4|4x4ram:inst5|inst22                   ; |ram|4x32ram:inst4|4x4ram:inst5|inst22                   ; out              ;
; |ram|4x32ram:inst4|4x4ram:inst5|IN~2                     ; |ram|4x32ram:inst4|4x4ram:inst5|IN~2                     ; out0             ;
; |ram|4x32ram:inst4|4x4ram:inst5|inst19                   ; |ram|4x32ram:inst4|4x4ram:inst5|inst19                   ; out              ;
; |ram|4x32ram:inst4|4x4ram:inst5|IN~3                     ; |ram|4x32ram:inst4|4x4ram:inst5|IN~3                     ; out0             ;
; |ram|4x32ram:inst4|4x4ram:inst5|memory_cell:inst3|inst3  ; |ram|4x32ram:inst4|4x4ram:inst5|memory_cell:inst3|inst3  ; out              ;
; |ram|4x32ram:inst4|4x4ram:inst5|memory_cell:inst3|inst   ; |ram|4x32ram:inst4|4x4ram:inst5|memory_cell:inst3|inst   ; regout           ;
; |ram|4x32ram:inst4|4x4ram:inst5|memory_cell:inst3|inst4  ; |ram|4x32ram:inst4|4x4ram:inst5|memory_cell:inst3|inst4  ; out0             ;
; |ram|4x32ram:inst4|4x4ram:inst5|memory_cell:inst5|inst3  ; |ram|4x32ram:inst4|4x4ram:inst5|memory_cell:inst5|inst3  ; out              ;
; |ram|4x32ram:inst4|4x4ram:inst5|memory_cell:inst5|inst   ; |ram|4x32ram:inst4|4x4ram:inst5|memory_cell:inst5|inst   ; regout           ;
; |ram|4x32ram:inst4|4x4ram:inst5|memory_cell:inst5|inst4  ; |ram|4x32ram:inst4|4x4ram:inst5|memory_cell:inst5|inst4  ; out0             ;
; |ram|4x32ram:inst4|4x4ram:inst5|memory_cell:inst7|inst3  ; |ram|4x32ram:inst4|4x4ram:inst5|memory_cell:inst7|inst3  ; out              ;
; |ram|4x32ram:inst4|4x4ram:inst5|memory_cell:inst7|inst   ; |ram|4x32ram:inst4|4x4ram:inst5|memory_cell:inst7|inst   ; regout           ;
; |ram|4x32ram:inst4|4x4ram:inst5|memory_cell:inst7|inst4  ; |ram|4x32ram:inst4|4x4ram:inst5|memory_cell:inst7|inst4  ; out0             ;
; |ram|4x32ram:inst4|4x4ram:inst5|memory_cell:inst1|inst3  ; |ram|4x32ram:inst4|4x4ram:inst5|memory_cell:inst1|inst3  ; out              ;
; |ram|4x32ram:inst4|4x4ram:inst5|memory_cell:inst1|inst   ; |ram|4x32ram:inst4|4x4ram:inst5|memory_cell:inst1|inst   ; regout           ;
; |ram|4x32ram:inst4|4x4ram:inst5|memory_cell:inst1|inst4  ; |ram|4x32ram:inst4|4x4ram:inst5|memory_cell:inst1|inst4  ; out0             ;
; |ram|4x32ram:inst4|4x4ram:inst5|memory_cell:inst16|inst3 ; |ram|4x32ram:inst4|4x4ram:inst5|memory_cell:inst16|inst3 ; out              ;
; |ram|4x32ram:inst4|4x4ram:inst5|memory_cell:inst16|inst  ; |ram|4x32ram:inst4|4x4ram:inst5|memory_cell:inst16|inst  ; regout           ;
; |ram|4x32ram:inst4|4x4ram:inst5|memory_cell:inst16|inst4 ; |ram|4x32ram:inst4|4x4ram:inst5|memory_cell:inst16|inst4 ; out0             ;
; |ram|4x32ram:inst4|4x4ram:inst5|memory_cell:inst14|inst3 ; |ram|4x32ram:inst4|4x4ram:inst5|memory_cell:inst14|inst3 ; out              ;
; |ram|4x32ram:inst4|4x4ram:inst5|memory_cell:inst14|inst  ; |ram|4x32ram:inst4|4x4ram:inst5|memory_cell:inst14|inst  ; regout           ;
; |ram|4x32ram:inst4|4x4ram:inst5|memory_cell:inst14|inst4 ; |ram|4x32ram:inst4|4x4ram:inst5|memory_cell:inst14|inst4 ; out0             ;
; |ram|4x32ram:inst4|4x4ram:inst5|memory_cell:inst12|inst3 ; |ram|4x32ram:inst4|4x4ram:inst5|memory_cell:inst12|inst3 ; out              ;
; |ram|4x32ram:inst4|4x4ram:inst5|memory_cell:inst12|inst  ; |ram|4x32ram:inst4|4x4ram:inst5|memory_cell:inst12|inst  ; regout           ;
; |ram|4x32ram:inst4|4x4ram:inst5|memory_cell:inst12|inst4 ; |ram|4x32ram:inst4|4x4ram:inst5|memory_cell:inst12|inst4 ; out0             ;
; |ram|4x32ram:inst4|4x4ram:inst5|memory_cell:inst10|inst3 ; |ram|4x32ram:inst4|4x4ram:inst5|memory_cell:inst10|inst3 ; out              ;
; |ram|4x32ram:inst4|4x4ram:inst5|memory_cell:inst10|inst  ; |ram|4x32ram:inst4|4x4ram:inst5|memory_cell:inst10|inst  ; regout           ;
; |ram|4x32ram:inst4|4x4ram:inst5|memory_cell:inst10|inst4 ; |ram|4x32ram:inst4|4x4ram:inst5|memory_cell:inst10|inst4 ; out0             ;
; |ram|4x32ram:inst4|4x4ram:inst5|memory_cell:inst15|inst3 ; |ram|4x32ram:inst4|4x4ram:inst5|memory_cell:inst15|inst3 ; out              ;
; |ram|4x32ram:inst4|4x4ram:inst5|memory_cell:inst15|inst  ; |ram|4x32ram:inst4|4x4ram:inst5|memory_cell:inst15|inst  ; regout           ;
; |ram|4x32ram:inst4|4x4ram:inst5|memory_cell:inst15|inst4 ; |ram|4x32ram:inst4|4x4ram:inst5|memory_cell:inst15|inst4 ; out0             ;
; |ram|4x32ram:inst4|4x4ram:inst5|memory_cell:inst13|inst3 ; |ram|4x32ram:inst4|4x4ram:inst5|memory_cell:inst13|inst3 ; out              ;
; |ram|4x32ram:inst4|4x4ram:inst5|memory_cell:inst13|inst  ; |ram|4x32ram:inst4|4x4ram:inst5|memory_cell:inst13|inst  ; regout           ;
; |ram|4x32ram:inst4|4x4ram:inst5|memory_cell:inst13|inst4 ; |ram|4x32ram:inst4|4x4ram:inst5|memory_cell:inst13|inst4 ; out0             ;
; |ram|4x32ram:inst4|4x4ram:inst5|memory_cell:inst11|inst3 ; |ram|4x32ram:inst4|4x4ram:inst5|memory_cell:inst11|inst3 ; out              ;
; |ram|4x32ram:inst4|4x4ram:inst5|memory_cell:inst11|inst  ; |ram|4x32ram:inst4|4x4ram:inst5|memory_cell:inst11|inst  ; regout           ;
; |ram|4x32ram:inst4|4x4ram:inst5|memory_cell:inst11|inst4 ; |ram|4x32ram:inst4|4x4ram:inst5|memory_cell:inst11|inst4 ; out0             ;
; |ram|4x32ram:inst4|4x4ram:inst5|memory_cell:inst9|inst3  ; |ram|4x32ram:inst4|4x4ram:inst5|memory_cell:inst9|inst3  ; out              ;
; |ram|4x32ram:inst4|4x4ram:inst5|memory_cell:inst9|inst   ; |ram|4x32ram:inst4|4x4ram:inst5|memory_cell:inst9|inst   ; regout           ;
; |ram|4x32ram:inst4|4x4ram:inst5|memory_cell:inst9|inst4  ; |ram|4x32ram:inst4|4x4ram:inst5|memory_cell:inst9|inst4  ; out0             ;
; |ram|4x32ram:inst4|4x4ram:inst5|memory_cell:inst8|inst3  ; |ram|4x32ram:inst4|4x4ram:inst5|memory_cell:inst8|inst3  ; out              ;
; |ram|4x32ram:inst4|4x4ram:inst5|memory_cell:inst8|inst   ; |ram|4x32ram:inst4|4x4ram:inst5|memory_cell:inst8|inst   ; regout           ;
; |ram|4x32ram:inst4|4x4ram:inst5|memory_cell:inst8|inst4  ; |ram|4x32ram:inst4|4x4ram:inst5|memory_cell:inst8|inst4  ; out0             ;
; |ram|4x32ram:inst4|4x4ram:inst5|memory_cell:inst6|inst3  ; |ram|4x32ram:inst4|4x4ram:inst5|memory_cell:inst6|inst3  ; out              ;
; |ram|4x32ram:inst4|4x4ram:inst5|memory_cell:inst6|inst   ; |ram|4x32ram:inst4|4x4ram:inst5|memory_cell:inst6|inst   ; regout           ;
; |ram|4x32ram:inst4|4x4ram:inst5|memory_cell:inst6|inst4  ; |ram|4x32ram:inst4|4x4ram:inst5|memory_cell:inst6|inst4  ; out0             ;
; |ram|4x32ram:inst4|4x4ram:inst5|memory_cell:inst4|inst3  ; |ram|4x32ram:inst4|4x4ram:inst5|memory_cell:inst4|inst3  ; out              ;
; |ram|4x32ram:inst4|4x4ram:inst5|memory_cell:inst4|inst   ; |ram|4x32ram:inst4|4x4ram:inst5|memory_cell:inst4|inst   ; regout           ;
; |ram|4x32ram:inst4|4x4ram:inst5|memory_cell:inst4|inst4  ; |ram|4x32ram:inst4|4x4ram:inst5|memory_cell:inst4|inst4  ; out0             ;
; |ram|4x32ram:inst4|4x4ram:inst5|24decoder:inst|inst3     ; |ram|4x32ram:inst4|4x4ram:inst5|24decoder:inst|inst3     ; out0             ;
; |ram|4x32ram:inst4|4x4ram:inst5|memory_cell:inst2|inst3  ; |ram|4x32ram:inst4|4x4ram:inst5|memory_cell:inst2|inst3  ; out              ;
; |ram|4x32ram:inst4|4x4ram:inst5|memory_cell:inst2|inst   ; |ram|4x32ram:inst4|4x4ram:inst5|memory_cell:inst2|inst   ; regout           ;
; |ram|4x32ram:inst4|4x4ram:inst5|memory_cell:inst2|inst4  ; |ram|4x32ram:inst4|4x4ram:inst5|memory_cell:inst2|inst4  ; out0             ;
; |ram|4x32ram:inst4|4x4ram:inst4|inst20                   ; |ram|4x32ram:inst4|4x4ram:inst4|inst20                   ; out              ;
; |ram|4x32ram:inst4|4x4ram:inst4|IN~0                     ; |ram|4x32ram:inst4|4x4ram:inst4|IN~0                     ; out0             ;
; |ram|4x32ram:inst4|4x4ram:inst4|inst17                   ; |ram|4x32ram:inst4|4x4ram:inst4|inst17                   ; out0             ;
; |ram|4x32ram:inst4|4x4ram:inst4|inst18                   ; |ram|4x32ram:inst4|4x4ram:inst4|inst18                   ; out0             ;
; |ram|4x32ram:inst4|4x4ram:inst4|inst21                   ; |ram|4x32ram:inst4|4x4ram:inst4|inst21                   ; out              ;
; |ram|4x32ram:inst4|4x4ram:inst4|IN~1                     ; |ram|4x32ram:inst4|4x4ram:inst4|IN~1                     ; out0             ;
; |ram|4x32ram:inst4|4x4ram:inst4|inst22                   ; |ram|4x32ram:inst4|4x4ram:inst4|inst22                   ; out              ;
; |ram|4x32ram:inst4|4x4ram:inst4|IN~2                     ; |ram|4x32ram:inst4|4x4ram:inst4|IN~2                     ; out0             ;
; |ram|4x32ram:inst4|4x4ram:inst4|inst19                   ; |ram|4x32ram:inst4|4x4ram:inst4|inst19                   ; out              ;
; |ram|4x32ram:inst4|4x4ram:inst4|IN~3                     ; |ram|4x32ram:inst4|4x4ram:inst4|IN~3                     ; out0             ;
; |ram|4x32ram:inst4|4x4ram:inst4|memory_cell:inst3|inst3  ; |ram|4x32ram:inst4|4x4ram:inst4|memory_cell:inst3|inst3  ; out              ;
; |ram|4x32ram:inst4|4x4ram:inst4|memory_cell:inst3|inst   ; |ram|4x32ram:inst4|4x4ram:inst4|memory_cell:inst3|inst   ; regout           ;
; |ram|4x32ram:inst4|4x4ram:inst4|memory_cell:inst3|inst4  ; |ram|4x32ram:inst4|4x4ram:inst4|memory_cell:inst3|inst4  ; out0             ;
; |ram|4x32ram:inst4|4x4ram:inst4|memory_cell:inst5|inst3  ; |ram|4x32ram:inst4|4x4ram:inst4|memory_cell:inst5|inst3  ; out              ;
; |ram|4x32ram:inst4|4x4ram:inst4|memory_cell:inst5|inst   ; |ram|4x32ram:inst4|4x4ram:inst4|memory_cell:inst5|inst   ; regout           ;
; |ram|4x32ram:inst4|4x4ram:inst4|memory_cell:inst5|inst4  ; |ram|4x32ram:inst4|4x4ram:inst4|memory_cell:inst5|inst4  ; out0             ;
; |ram|4x32ram:inst4|4x4ram:inst4|memory_cell:inst7|inst3  ; |ram|4x32ram:inst4|4x4ram:inst4|memory_cell:inst7|inst3  ; out              ;
; |ram|4x32ram:inst4|4x4ram:inst4|memory_cell:inst7|inst   ; |ram|4x32ram:inst4|4x4ram:inst4|memory_cell:inst7|inst   ; regout           ;
; |ram|4x32ram:inst4|4x4ram:inst4|memory_cell:inst7|inst4  ; |ram|4x32ram:inst4|4x4ram:inst4|memory_cell:inst7|inst4  ; out0             ;
; |ram|4x32ram:inst4|4x4ram:inst4|memory_cell:inst1|inst3  ; |ram|4x32ram:inst4|4x4ram:inst4|memory_cell:inst1|inst3  ; out              ;
; |ram|4x32ram:inst4|4x4ram:inst4|memory_cell:inst1|inst   ; |ram|4x32ram:inst4|4x4ram:inst4|memory_cell:inst1|inst   ; regout           ;
; |ram|4x32ram:inst4|4x4ram:inst4|memory_cell:inst1|inst4  ; |ram|4x32ram:inst4|4x4ram:inst4|memory_cell:inst1|inst4  ; out0             ;
; |ram|4x32ram:inst4|4x4ram:inst4|memory_cell:inst16|inst3 ; |ram|4x32ram:inst4|4x4ram:inst4|memory_cell:inst16|inst3 ; out              ;
; |ram|4x32ram:inst4|4x4ram:inst4|memory_cell:inst16|inst  ; |ram|4x32ram:inst4|4x4ram:inst4|memory_cell:inst16|inst  ; regout           ;
; |ram|4x32ram:inst4|4x4ram:inst4|memory_cell:inst16|inst4 ; |ram|4x32ram:inst4|4x4ram:inst4|memory_cell:inst16|inst4 ; out0             ;
; |ram|4x32ram:inst4|4x4ram:inst4|memory_cell:inst14|inst3 ; |ram|4x32ram:inst4|4x4ram:inst4|memory_cell:inst14|inst3 ; out              ;
; |ram|4x32ram:inst4|4x4ram:inst4|memory_cell:inst14|inst  ; |ram|4x32ram:inst4|4x4ram:inst4|memory_cell:inst14|inst  ; regout           ;
; |ram|4x32ram:inst4|4x4ram:inst4|memory_cell:inst14|inst4 ; |ram|4x32ram:inst4|4x4ram:inst4|memory_cell:inst14|inst4 ; out0             ;
; |ram|4x32ram:inst4|4x4ram:inst4|memory_cell:inst12|inst3 ; |ram|4x32ram:inst4|4x4ram:inst4|memory_cell:inst12|inst3 ; out              ;
; |ram|4x32ram:inst4|4x4ram:inst4|memory_cell:inst12|inst  ; |ram|4x32ram:inst4|4x4ram:inst4|memory_cell:inst12|inst  ; regout           ;
; |ram|4x32ram:inst4|4x4ram:inst4|memory_cell:inst12|inst4 ; |ram|4x32ram:inst4|4x4ram:inst4|memory_cell:inst12|inst4 ; out0             ;
; |ram|4x32ram:inst4|4x4ram:inst4|memory_cell:inst10|inst3 ; |ram|4x32ram:inst4|4x4ram:inst4|memory_cell:inst10|inst3 ; out              ;
; |ram|4x32ram:inst4|4x4ram:inst4|memory_cell:inst10|inst  ; |ram|4x32ram:inst4|4x4ram:inst4|memory_cell:inst10|inst  ; regout           ;
; |ram|4x32ram:inst4|4x4ram:inst4|memory_cell:inst10|inst4 ; |ram|4x32ram:inst4|4x4ram:inst4|memory_cell:inst10|inst4 ; out0             ;
; |ram|4x32ram:inst4|4x4ram:inst4|memory_cell:inst15|inst3 ; |ram|4x32ram:inst4|4x4ram:inst4|memory_cell:inst15|inst3 ; out              ;
; |ram|4x32ram:inst4|4x4ram:inst4|memory_cell:inst15|inst  ; |ram|4x32ram:inst4|4x4ram:inst4|memory_cell:inst15|inst  ; regout           ;
; |ram|4x32ram:inst4|4x4ram:inst4|memory_cell:inst15|inst4 ; |ram|4x32ram:inst4|4x4ram:inst4|memory_cell:inst15|inst4 ; out0             ;
; |ram|4x32ram:inst4|4x4ram:inst4|memory_cell:inst13|inst3 ; |ram|4x32ram:inst4|4x4ram:inst4|memory_cell:inst13|inst3 ; out              ;
; |ram|4x32ram:inst4|4x4ram:inst4|memory_cell:inst13|inst  ; |ram|4x32ram:inst4|4x4ram:inst4|memory_cell:inst13|inst  ; regout           ;
; |ram|4x32ram:inst4|4x4ram:inst4|memory_cell:inst13|inst4 ; |ram|4x32ram:inst4|4x4ram:inst4|memory_cell:inst13|inst4 ; out0             ;
; |ram|4x32ram:inst4|4x4ram:inst4|memory_cell:inst11|inst3 ; |ram|4x32ram:inst4|4x4ram:inst4|memory_cell:inst11|inst3 ; out              ;
; |ram|4x32ram:inst4|4x4ram:inst4|memory_cell:inst11|inst  ; |ram|4x32ram:inst4|4x4ram:inst4|memory_cell:inst11|inst  ; regout           ;
; |ram|4x32ram:inst4|4x4ram:inst4|memory_cell:inst11|inst4 ; |ram|4x32ram:inst4|4x4ram:inst4|memory_cell:inst11|inst4 ; out0             ;
; |ram|4x32ram:inst4|4x4ram:inst4|memory_cell:inst9|inst3  ; |ram|4x32ram:inst4|4x4ram:inst4|memory_cell:inst9|inst3  ; out              ;
; |ram|4x32ram:inst4|4x4ram:inst4|memory_cell:inst9|inst   ; |ram|4x32ram:inst4|4x4ram:inst4|memory_cell:inst9|inst   ; regout           ;
; |ram|4x32ram:inst4|4x4ram:inst4|memory_cell:inst9|inst4  ; |ram|4x32ram:inst4|4x4ram:inst4|memory_cell:inst9|inst4  ; out0             ;
; |ram|4x32ram:inst4|4x4ram:inst4|memory_cell:inst8|inst3  ; |ram|4x32ram:inst4|4x4ram:inst4|memory_cell:inst8|inst3  ; out              ;
; |ram|4x32ram:inst4|4x4ram:inst4|memory_cell:inst8|inst   ; |ram|4x32ram:inst4|4x4ram:inst4|memory_cell:inst8|inst   ; regout           ;
; |ram|4x32ram:inst4|4x4ram:inst4|memory_cell:inst8|inst4  ; |ram|4x32ram:inst4|4x4ram:inst4|memory_cell:inst8|inst4  ; out0             ;
; |ram|4x32ram:inst4|4x4ram:inst4|memory_cell:inst6|inst3  ; |ram|4x32ram:inst4|4x4ram:inst4|memory_cell:inst6|inst3  ; out              ;
; |ram|4x32ram:inst4|4x4ram:inst4|memory_cell:inst6|inst   ; |ram|4x32ram:inst4|4x4ram:inst4|memory_cell:inst6|inst   ; regout           ;
; |ram|4x32ram:inst4|4x4ram:inst4|memory_cell:inst6|inst4  ; |ram|4x32ram:inst4|4x4ram:inst4|memory_cell:inst6|inst4  ; out0             ;
; |ram|4x32ram:inst4|4x4ram:inst4|memory_cell:inst4|inst3  ; |ram|4x32ram:inst4|4x4ram:inst4|memory_cell:inst4|inst3  ; out              ;
; |ram|4x32ram:inst4|4x4ram:inst4|memory_cell:inst4|inst   ; |ram|4x32ram:inst4|4x4ram:inst4|memory_cell:inst4|inst   ; regout           ;
; |ram|4x32ram:inst4|4x4ram:inst4|memory_cell:inst4|inst4  ; |ram|4x32ram:inst4|4x4ram:inst4|memory_cell:inst4|inst4  ; out0             ;
; |ram|4x32ram:inst4|4x4ram:inst4|24decoder:inst|inst3     ; |ram|4x32ram:inst4|4x4ram:inst4|24decoder:inst|inst3     ; out0             ;
; |ram|4x32ram:inst4|4x4ram:inst4|memory_cell:inst2|inst3  ; |ram|4x32ram:inst4|4x4ram:inst4|memory_cell:inst2|inst3  ; out              ;
; |ram|4x32ram:inst4|4x4ram:inst4|memory_cell:inst2|inst   ; |ram|4x32ram:inst4|4x4ram:inst4|memory_cell:inst2|inst   ; regout           ;
; |ram|4x32ram:inst4|4x4ram:inst4|memory_cell:inst2|inst4  ; |ram|4x32ram:inst4|4x4ram:inst4|memory_cell:inst2|inst4  ; out0             ;
; |ram|4x32ram:inst4|4x4ram:inst3|inst20                   ; |ram|4x32ram:inst4|4x4ram:inst3|inst20                   ; out              ;
; |ram|4x32ram:inst4|4x4ram:inst3|IN~0                     ; |ram|4x32ram:inst4|4x4ram:inst3|IN~0                     ; out0             ;
; |ram|4x32ram:inst4|4x4ram:inst3|inst17                   ; |ram|4x32ram:inst4|4x4ram:inst3|inst17                   ; out0             ;
; |ram|4x32ram:inst4|4x4ram:inst3|inst18                   ; |ram|4x32ram:inst4|4x4ram:inst3|inst18                   ; out0             ;
; |ram|4x32ram:inst4|4x4ram:inst3|inst21                   ; |ram|4x32ram:inst4|4x4ram:inst3|inst21                   ; out              ;
; |ram|4x32ram:inst4|4x4ram:inst3|IN~1                     ; |ram|4x32ram:inst4|4x4ram:inst3|IN~1                     ; out0             ;
; |ram|4x32ram:inst4|4x4ram:inst3|inst22                   ; |ram|4x32ram:inst4|4x4ram:inst3|inst22                   ; out              ;
; |ram|4x32ram:inst4|4x4ram:inst3|IN~2                     ; |ram|4x32ram:inst4|4x4ram:inst3|IN~2                     ; out0             ;
; |ram|4x32ram:inst4|4x4ram:inst3|inst19                   ; |ram|4x32ram:inst4|4x4ram:inst3|inst19                   ; out              ;
; |ram|4x32ram:inst4|4x4ram:inst3|IN~3                     ; |ram|4x32ram:inst4|4x4ram:inst3|IN~3                     ; out0             ;
; |ram|4x32ram:inst4|4x4ram:inst3|memory_cell:inst3|inst3  ; |ram|4x32ram:inst4|4x4ram:inst3|memory_cell:inst3|inst3  ; out              ;
; |ram|4x32ram:inst4|4x4ram:inst3|memory_cell:inst3|inst   ; |ram|4x32ram:inst4|4x4ram:inst3|memory_cell:inst3|inst   ; regout           ;
; |ram|4x32ram:inst4|4x4ram:inst3|memory_cell:inst3|inst4  ; |ram|4x32ram:inst4|4x4ram:inst3|memory_cell:inst3|inst4  ; out0             ;
; |ram|4x32ram:inst4|4x4ram:inst3|memory_cell:inst5|inst3  ; |ram|4x32ram:inst4|4x4ram:inst3|memory_cell:inst5|inst3  ; out              ;
; |ram|4x32ram:inst4|4x4ram:inst3|memory_cell:inst5|inst   ; |ram|4x32ram:inst4|4x4ram:inst3|memory_cell:inst5|inst   ; regout           ;
; |ram|4x32ram:inst4|4x4ram:inst3|memory_cell:inst5|inst4  ; |ram|4x32ram:inst4|4x4ram:inst3|memory_cell:inst5|inst4  ; out0             ;
; |ram|4x32ram:inst4|4x4ram:inst3|memory_cell:inst7|inst3  ; |ram|4x32ram:inst4|4x4ram:inst3|memory_cell:inst7|inst3  ; out              ;
; |ram|4x32ram:inst4|4x4ram:inst3|memory_cell:inst7|inst   ; |ram|4x32ram:inst4|4x4ram:inst3|memory_cell:inst7|inst   ; regout           ;
; |ram|4x32ram:inst4|4x4ram:inst3|memory_cell:inst7|inst4  ; |ram|4x32ram:inst4|4x4ram:inst3|memory_cell:inst7|inst4  ; out0             ;
; |ram|4x32ram:inst4|4x4ram:inst3|memory_cell:inst1|inst3  ; |ram|4x32ram:inst4|4x4ram:inst3|memory_cell:inst1|inst3  ; out              ;
; |ram|4x32ram:inst4|4x4ram:inst3|memory_cell:inst1|inst   ; |ram|4x32ram:inst4|4x4ram:inst3|memory_cell:inst1|inst   ; regout           ;
; |ram|4x32ram:inst4|4x4ram:inst3|memory_cell:inst1|inst4  ; |ram|4x32ram:inst4|4x4ram:inst3|memory_cell:inst1|inst4  ; out0             ;
; |ram|4x32ram:inst4|4x4ram:inst3|memory_cell:inst16|inst3 ; |ram|4x32ram:inst4|4x4ram:inst3|memory_cell:inst16|inst3 ; out              ;
; |ram|4x32ram:inst4|4x4ram:inst3|memory_cell:inst16|inst  ; |ram|4x32ram:inst4|4x4ram:inst3|memory_cell:inst16|inst  ; regout           ;
; |ram|4x32ram:inst4|4x4ram:inst3|memory_cell:inst16|inst4 ; |ram|4x32ram:inst4|4x4ram:inst3|memory_cell:inst16|inst4 ; out0             ;
; |ram|4x32ram:inst4|4x4ram:inst3|memory_cell:inst14|inst3 ; |ram|4x32ram:inst4|4x4ram:inst3|memory_cell:inst14|inst3 ; out              ;
; |ram|4x32ram:inst4|4x4ram:inst3|memory_cell:inst14|inst  ; |ram|4x32ram:inst4|4x4ram:inst3|memory_cell:inst14|inst  ; regout           ;
; |ram|4x32ram:inst4|4x4ram:inst3|memory_cell:inst14|inst4 ; |ram|4x32ram:inst4|4x4ram:inst3|memory_cell:inst14|inst4 ; out0             ;
; |ram|4x32ram:inst4|4x4ram:inst3|memory_cell:inst12|inst3 ; |ram|4x32ram:inst4|4x4ram:inst3|memory_cell:inst12|inst3 ; out              ;
; |ram|4x32ram:inst4|4x4ram:inst3|memory_cell:inst12|inst  ; |ram|4x32ram:inst4|4x4ram:inst3|memory_cell:inst12|inst  ; regout           ;
; |ram|4x32ram:inst4|4x4ram:inst3|memory_cell:inst12|inst4 ; |ram|4x32ram:inst4|4x4ram:inst3|memory_cell:inst12|inst4 ; out0             ;
; |ram|4x32ram:inst4|4x4ram:inst3|memory_cell:inst10|inst3 ; |ram|4x32ram:inst4|4x4ram:inst3|memory_cell:inst10|inst3 ; out              ;
; |ram|4x32ram:inst4|4x4ram:inst3|memory_cell:inst10|inst  ; |ram|4x32ram:inst4|4x4ram:inst3|memory_cell:inst10|inst  ; regout           ;
; |ram|4x32ram:inst4|4x4ram:inst3|memory_cell:inst10|inst4 ; |ram|4x32ram:inst4|4x4ram:inst3|memory_cell:inst10|inst4 ; out0             ;
; |ram|4x32ram:inst4|4x4ram:inst3|memory_cell:inst15|inst3 ; |ram|4x32ram:inst4|4x4ram:inst3|memory_cell:inst15|inst3 ; out              ;
; |ram|4x32ram:inst4|4x4ram:inst3|memory_cell:inst15|inst  ; |ram|4x32ram:inst4|4x4ram:inst3|memory_cell:inst15|inst  ; regout           ;
; |ram|4x32ram:inst4|4x4ram:inst3|memory_cell:inst15|inst4 ; |ram|4x32ram:inst4|4x4ram:inst3|memory_cell:inst15|inst4 ; out0             ;
; |ram|4x32ram:inst4|4x4ram:inst3|memory_cell:inst13|inst3 ; |ram|4x32ram:inst4|4x4ram:inst3|memory_cell:inst13|inst3 ; out              ;
; |ram|4x32ram:inst4|4x4ram:inst3|memory_cell:inst13|inst  ; |ram|4x32ram:inst4|4x4ram:inst3|memory_cell:inst13|inst  ; regout           ;
; |ram|4x32ram:inst4|4x4ram:inst3|memory_cell:inst13|inst4 ; |ram|4x32ram:inst4|4x4ram:inst3|memory_cell:inst13|inst4 ; out0             ;
; |ram|4x32ram:inst4|4x4ram:inst3|memory_cell:inst11|inst3 ; |ram|4x32ram:inst4|4x4ram:inst3|memory_cell:inst11|inst3 ; out              ;
; |ram|4x32ram:inst4|4x4ram:inst3|memory_cell:inst11|inst  ; |ram|4x32ram:inst4|4x4ram:inst3|memory_cell:inst11|inst  ; regout           ;
; |ram|4x32ram:inst4|4x4ram:inst3|memory_cell:inst11|inst4 ; |ram|4x32ram:inst4|4x4ram:inst3|memory_cell:inst11|inst4 ; out0             ;
; |ram|4x32ram:inst4|4x4ram:inst3|memory_cell:inst9|inst3  ; |ram|4x32ram:inst4|4x4ram:inst3|memory_cell:inst9|inst3  ; out              ;
; |ram|4x32ram:inst4|4x4ram:inst3|memory_cell:inst9|inst   ; |ram|4x32ram:inst4|4x4ram:inst3|memory_cell:inst9|inst   ; regout           ;
; |ram|4x32ram:inst4|4x4ram:inst3|memory_cell:inst9|inst4  ; |ram|4x32ram:inst4|4x4ram:inst3|memory_cell:inst9|inst4  ; out0             ;
; |ram|4x32ram:inst4|4x4ram:inst3|memory_cell:inst8|inst3  ; |ram|4x32ram:inst4|4x4ram:inst3|memory_cell:inst8|inst3  ; out              ;
; |ram|4x32ram:inst4|4x4ram:inst3|memory_cell:inst8|inst   ; |ram|4x32ram:inst4|4x4ram:inst3|memory_cell:inst8|inst   ; regout           ;
; |ram|4x32ram:inst4|4x4ram:inst3|memory_cell:inst8|inst4  ; |ram|4x32ram:inst4|4x4ram:inst3|memory_cell:inst8|inst4  ; out0             ;
; |ram|4x32ram:inst4|4x4ram:inst3|memory_cell:inst6|inst3  ; |ram|4x32ram:inst4|4x4ram:inst3|memory_cell:inst6|inst3  ; out              ;
; |ram|4x32ram:inst4|4x4ram:inst3|memory_cell:inst6|inst   ; |ram|4x32ram:inst4|4x4ram:inst3|memory_cell:inst6|inst   ; regout           ;
; |ram|4x32ram:inst4|4x4ram:inst3|memory_cell:inst6|inst4  ; |ram|4x32ram:inst4|4x4ram:inst3|memory_cell:inst6|inst4  ; out0             ;
; |ram|4x32ram:inst4|4x4ram:inst3|memory_cell:inst4|inst3  ; |ram|4x32ram:inst4|4x4ram:inst3|memory_cell:inst4|inst3  ; out              ;
; |ram|4x32ram:inst4|4x4ram:inst3|memory_cell:inst4|inst   ; |ram|4x32ram:inst4|4x4ram:inst3|memory_cell:inst4|inst   ; regout           ;
; |ram|4x32ram:inst4|4x4ram:inst3|memory_cell:inst4|inst4  ; |ram|4x32ram:inst4|4x4ram:inst3|memory_cell:inst4|inst4  ; out0             ;
; |ram|4x32ram:inst4|4x4ram:inst3|24decoder:inst|inst3     ; |ram|4x32ram:inst4|4x4ram:inst3|24decoder:inst|inst3     ; out0             ;
; |ram|4x32ram:inst4|4x4ram:inst3|memory_cell:inst2|inst3  ; |ram|4x32ram:inst4|4x4ram:inst3|memory_cell:inst2|inst3  ; out              ;
; |ram|4x32ram:inst4|4x4ram:inst3|memory_cell:inst2|inst   ; |ram|4x32ram:inst4|4x4ram:inst3|memory_cell:inst2|inst   ; regout           ;
; |ram|4x32ram:inst4|4x4ram:inst3|memory_cell:inst2|inst4  ; |ram|4x32ram:inst4|4x4ram:inst3|memory_cell:inst2|inst4  ; out0             ;
; |ram|4x32ram:inst4|4x4ram:inst1|inst20                   ; |ram|4x32ram:inst4|4x4ram:inst1|inst20                   ; out              ;
; |ram|4x32ram:inst4|4x4ram:inst1|IN~0                     ; |ram|4x32ram:inst4|4x4ram:inst1|IN~0                     ; out0             ;
; |ram|4x32ram:inst4|4x4ram:inst1|inst17                   ; |ram|4x32ram:inst4|4x4ram:inst1|inst17                   ; out0             ;
; |ram|4x32ram:inst4|4x4ram:inst1|inst18                   ; |ram|4x32ram:inst4|4x4ram:inst1|inst18                   ; out0             ;
; |ram|4x32ram:inst4|4x4ram:inst1|inst21                   ; |ram|4x32ram:inst4|4x4ram:inst1|inst21                   ; out              ;
; |ram|4x32ram:inst4|4x4ram:inst1|IN~1                     ; |ram|4x32ram:inst4|4x4ram:inst1|IN~1                     ; out0             ;
; |ram|4x32ram:inst4|4x4ram:inst1|inst22                   ; |ram|4x32ram:inst4|4x4ram:inst1|inst22                   ; out              ;
; |ram|4x32ram:inst4|4x4ram:inst1|IN~2                     ; |ram|4x32ram:inst4|4x4ram:inst1|IN~2                     ; out0             ;
; |ram|4x32ram:inst4|4x4ram:inst1|inst19                   ; |ram|4x32ram:inst4|4x4ram:inst1|inst19                   ; out              ;
; |ram|4x32ram:inst4|4x4ram:inst1|IN~3                     ; |ram|4x32ram:inst4|4x4ram:inst1|IN~3                     ; out0             ;
; |ram|4x32ram:inst4|4x4ram:inst1|memory_cell:inst3|inst3  ; |ram|4x32ram:inst4|4x4ram:inst1|memory_cell:inst3|inst3  ; out              ;
; |ram|4x32ram:inst4|4x4ram:inst1|memory_cell:inst3|inst   ; |ram|4x32ram:inst4|4x4ram:inst1|memory_cell:inst3|inst   ; regout           ;
; |ram|4x32ram:inst4|4x4ram:inst1|memory_cell:inst3|inst4  ; |ram|4x32ram:inst4|4x4ram:inst1|memory_cell:inst3|inst4  ; out0             ;
; |ram|4x32ram:inst4|4x4ram:inst1|memory_cell:inst5|inst3  ; |ram|4x32ram:inst4|4x4ram:inst1|memory_cell:inst5|inst3  ; out              ;
; |ram|4x32ram:inst4|4x4ram:inst1|memory_cell:inst5|inst   ; |ram|4x32ram:inst4|4x4ram:inst1|memory_cell:inst5|inst   ; regout           ;
; |ram|4x32ram:inst4|4x4ram:inst1|memory_cell:inst5|inst4  ; |ram|4x32ram:inst4|4x4ram:inst1|memory_cell:inst5|inst4  ; out0             ;
; |ram|4x32ram:inst4|4x4ram:inst1|memory_cell:inst7|inst3  ; |ram|4x32ram:inst4|4x4ram:inst1|memory_cell:inst7|inst3  ; out              ;
; |ram|4x32ram:inst4|4x4ram:inst1|memory_cell:inst7|inst   ; |ram|4x32ram:inst4|4x4ram:inst1|memory_cell:inst7|inst   ; regout           ;
; |ram|4x32ram:inst4|4x4ram:inst1|memory_cell:inst7|inst4  ; |ram|4x32ram:inst4|4x4ram:inst1|memory_cell:inst7|inst4  ; out0             ;
; |ram|4x32ram:inst4|4x4ram:inst1|memory_cell:inst1|inst3  ; |ram|4x32ram:inst4|4x4ram:inst1|memory_cell:inst1|inst3  ; out              ;
; |ram|4x32ram:inst4|4x4ram:inst1|memory_cell:inst1|inst   ; |ram|4x32ram:inst4|4x4ram:inst1|memory_cell:inst1|inst   ; regout           ;
; |ram|4x32ram:inst4|4x4ram:inst1|memory_cell:inst1|inst4  ; |ram|4x32ram:inst4|4x4ram:inst1|memory_cell:inst1|inst4  ; out0             ;
; |ram|4x32ram:inst4|4x4ram:inst1|memory_cell:inst16|inst3 ; |ram|4x32ram:inst4|4x4ram:inst1|memory_cell:inst16|inst3 ; out              ;
; |ram|4x32ram:inst4|4x4ram:inst1|memory_cell:inst16|inst  ; |ram|4x32ram:inst4|4x4ram:inst1|memory_cell:inst16|inst  ; regout           ;
; |ram|4x32ram:inst4|4x4ram:inst1|memory_cell:inst16|inst4 ; |ram|4x32ram:inst4|4x4ram:inst1|memory_cell:inst16|inst4 ; out0             ;
; |ram|4x32ram:inst4|4x4ram:inst1|memory_cell:inst14|inst3 ; |ram|4x32ram:inst4|4x4ram:inst1|memory_cell:inst14|inst3 ; out              ;
; |ram|4x32ram:inst4|4x4ram:inst1|memory_cell:inst14|inst  ; |ram|4x32ram:inst4|4x4ram:inst1|memory_cell:inst14|inst  ; regout           ;
; |ram|4x32ram:inst4|4x4ram:inst1|memory_cell:inst14|inst4 ; |ram|4x32ram:inst4|4x4ram:inst1|memory_cell:inst14|inst4 ; out0             ;
; |ram|4x32ram:inst4|4x4ram:inst1|memory_cell:inst12|inst3 ; |ram|4x32ram:inst4|4x4ram:inst1|memory_cell:inst12|inst3 ; out              ;
; |ram|4x32ram:inst4|4x4ram:inst1|memory_cell:inst12|inst  ; |ram|4x32ram:inst4|4x4ram:inst1|memory_cell:inst12|inst  ; regout           ;
; |ram|4x32ram:inst4|4x4ram:inst1|memory_cell:inst12|inst4 ; |ram|4x32ram:inst4|4x4ram:inst1|memory_cell:inst12|inst4 ; out0             ;
; |ram|4x32ram:inst4|4x4ram:inst1|memory_cell:inst10|inst3 ; |ram|4x32ram:inst4|4x4ram:inst1|memory_cell:inst10|inst3 ; out              ;
; |ram|4x32ram:inst4|4x4ram:inst1|memory_cell:inst10|inst  ; |ram|4x32ram:inst4|4x4ram:inst1|memory_cell:inst10|inst  ; regout           ;
; |ram|4x32ram:inst4|4x4ram:inst1|memory_cell:inst10|inst4 ; |ram|4x32ram:inst4|4x4ram:inst1|memory_cell:inst10|inst4 ; out0             ;
; |ram|4x32ram:inst4|4x4ram:inst1|memory_cell:inst15|inst3 ; |ram|4x32ram:inst4|4x4ram:inst1|memory_cell:inst15|inst3 ; out              ;
; |ram|4x32ram:inst4|4x4ram:inst1|memory_cell:inst15|inst  ; |ram|4x32ram:inst4|4x4ram:inst1|memory_cell:inst15|inst  ; regout           ;
; |ram|4x32ram:inst4|4x4ram:inst1|memory_cell:inst15|inst4 ; |ram|4x32ram:inst4|4x4ram:inst1|memory_cell:inst15|inst4 ; out0             ;
; |ram|4x32ram:inst4|4x4ram:inst1|memory_cell:inst13|inst3 ; |ram|4x32ram:inst4|4x4ram:inst1|memory_cell:inst13|inst3 ; out              ;
; |ram|4x32ram:inst4|4x4ram:inst1|memory_cell:inst13|inst  ; |ram|4x32ram:inst4|4x4ram:inst1|memory_cell:inst13|inst  ; regout           ;
; |ram|4x32ram:inst4|4x4ram:inst1|memory_cell:inst13|inst4 ; |ram|4x32ram:inst4|4x4ram:inst1|memory_cell:inst13|inst4 ; out0             ;
; |ram|4x32ram:inst4|4x4ram:inst1|memory_cell:inst11|inst3 ; |ram|4x32ram:inst4|4x4ram:inst1|memory_cell:inst11|inst3 ; out              ;
; |ram|4x32ram:inst4|4x4ram:inst1|memory_cell:inst11|inst  ; |ram|4x32ram:inst4|4x4ram:inst1|memory_cell:inst11|inst  ; regout           ;
; |ram|4x32ram:inst4|4x4ram:inst1|memory_cell:inst11|inst4 ; |ram|4x32ram:inst4|4x4ram:inst1|memory_cell:inst11|inst4 ; out0             ;
; |ram|4x32ram:inst4|4x4ram:inst1|memory_cell:inst9|inst3  ; |ram|4x32ram:inst4|4x4ram:inst1|memory_cell:inst9|inst3  ; out              ;
; |ram|4x32ram:inst4|4x4ram:inst1|memory_cell:inst9|inst   ; |ram|4x32ram:inst4|4x4ram:inst1|memory_cell:inst9|inst   ; regout           ;
; |ram|4x32ram:inst4|4x4ram:inst1|memory_cell:inst9|inst4  ; |ram|4x32ram:inst4|4x4ram:inst1|memory_cell:inst9|inst4  ; out0             ;
; |ram|4x32ram:inst4|4x4ram:inst1|memory_cell:inst8|inst3  ; |ram|4x32ram:inst4|4x4ram:inst1|memory_cell:inst8|inst3  ; out              ;
; |ram|4x32ram:inst4|4x4ram:inst1|memory_cell:inst8|inst   ; |ram|4x32ram:inst4|4x4ram:inst1|memory_cell:inst8|inst   ; regout           ;
; |ram|4x32ram:inst4|4x4ram:inst1|memory_cell:inst8|inst4  ; |ram|4x32ram:inst4|4x4ram:inst1|memory_cell:inst8|inst4  ; out0             ;
; |ram|4x32ram:inst4|4x4ram:inst1|memory_cell:inst6|inst3  ; |ram|4x32ram:inst4|4x4ram:inst1|memory_cell:inst6|inst3  ; out              ;
; |ram|4x32ram:inst4|4x4ram:inst1|memory_cell:inst6|inst   ; |ram|4x32ram:inst4|4x4ram:inst1|memory_cell:inst6|inst   ; regout           ;
; |ram|4x32ram:inst4|4x4ram:inst1|memory_cell:inst6|inst4  ; |ram|4x32ram:inst4|4x4ram:inst1|memory_cell:inst6|inst4  ; out0             ;
; |ram|4x32ram:inst4|4x4ram:inst1|memory_cell:inst4|inst3  ; |ram|4x32ram:inst4|4x4ram:inst1|memory_cell:inst4|inst3  ; out              ;
; |ram|4x32ram:inst4|4x4ram:inst1|memory_cell:inst4|inst   ; |ram|4x32ram:inst4|4x4ram:inst1|memory_cell:inst4|inst   ; regout           ;
; |ram|4x32ram:inst4|4x4ram:inst1|memory_cell:inst4|inst4  ; |ram|4x32ram:inst4|4x4ram:inst1|memory_cell:inst4|inst4  ; out0             ;
; |ram|4x32ram:inst4|4x4ram:inst1|24decoder:inst|inst3     ; |ram|4x32ram:inst4|4x4ram:inst1|24decoder:inst|inst3     ; out0             ;
; |ram|4x32ram:inst4|4x4ram:inst1|memory_cell:inst2|inst3  ; |ram|4x32ram:inst4|4x4ram:inst1|memory_cell:inst2|inst3  ; out              ;
; |ram|4x32ram:inst4|4x4ram:inst1|memory_cell:inst2|inst   ; |ram|4x32ram:inst4|4x4ram:inst1|memory_cell:inst2|inst   ; regout           ;
; |ram|4x32ram:inst4|4x4ram:inst1|memory_cell:inst2|inst4  ; |ram|4x32ram:inst4|4x4ram:inst1|memory_cell:inst2|inst4  ; out0             ;
; |ram|4x32ram:inst4|4x4ram:inst|inst20                    ; |ram|4x32ram:inst4|4x4ram:inst|inst20                    ; out              ;
; |ram|4x32ram:inst4|4x4ram:inst|IN~0                      ; |ram|4x32ram:inst4|4x4ram:inst|IN~0                      ; out0             ;
; |ram|4x32ram:inst4|4x4ram:inst|inst17                    ; |ram|4x32ram:inst4|4x4ram:inst|inst17                    ; out0             ;
; |ram|4x32ram:inst4|4x4ram:inst|inst18                    ; |ram|4x32ram:inst4|4x4ram:inst|inst18                    ; out0             ;
; |ram|4x32ram:inst4|4x4ram:inst|inst21                    ; |ram|4x32ram:inst4|4x4ram:inst|inst21                    ; out              ;
; |ram|4x32ram:inst4|4x4ram:inst|IN~1                      ; |ram|4x32ram:inst4|4x4ram:inst|IN~1                      ; out0             ;
; |ram|4x32ram:inst4|4x4ram:inst|inst22                    ; |ram|4x32ram:inst4|4x4ram:inst|inst22                    ; out              ;
; |ram|4x32ram:inst4|4x4ram:inst|IN~2                      ; |ram|4x32ram:inst4|4x4ram:inst|IN~2                      ; out0             ;
; |ram|4x32ram:inst4|4x4ram:inst|inst19                    ; |ram|4x32ram:inst4|4x4ram:inst|inst19                    ; out              ;
; |ram|4x32ram:inst4|4x4ram:inst|IN~3                      ; |ram|4x32ram:inst4|4x4ram:inst|IN~3                      ; out0             ;
; |ram|4x32ram:inst4|4x4ram:inst|memory_cell:inst3|inst3   ; |ram|4x32ram:inst4|4x4ram:inst|memory_cell:inst3|inst3   ; out              ;
; |ram|4x32ram:inst4|4x4ram:inst|memory_cell:inst3|inst    ; |ram|4x32ram:inst4|4x4ram:inst|memory_cell:inst3|inst    ; regout           ;
; |ram|4x32ram:inst4|4x4ram:inst|memory_cell:inst3|inst4   ; |ram|4x32ram:inst4|4x4ram:inst|memory_cell:inst3|inst4   ; out0             ;
; |ram|4x32ram:inst4|4x4ram:inst|memory_cell:inst5|inst3   ; |ram|4x32ram:inst4|4x4ram:inst|memory_cell:inst5|inst3   ; out              ;
; |ram|4x32ram:inst4|4x4ram:inst|memory_cell:inst5|inst    ; |ram|4x32ram:inst4|4x4ram:inst|memory_cell:inst5|inst    ; regout           ;
; |ram|4x32ram:inst4|4x4ram:inst|memory_cell:inst5|inst4   ; |ram|4x32ram:inst4|4x4ram:inst|memory_cell:inst5|inst4   ; out0             ;
; |ram|4x32ram:inst4|4x4ram:inst|memory_cell:inst7|inst3   ; |ram|4x32ram:inst4|4x4ram:inst|memory_cell:inst7|inst3   ; out              ;
; |ram|4x32ram:inst4|4x4ram:inst|memory_cell:inst7|inst    ; |ram|4x32ram:inst4|4x4ram:inst|memory_cell:inst7|inst    ; regout           ;
; |ram|4x32ram:inst4|4x4ram:inst|memory_cell:inst7|inst4   ; |ram|4x32ram:inst4|4x4ram:inst|memory_cell:inst7|inst4   ; out0             ;
; |ram|4x32ram:inst4|4x4ram:inst|memory_cell:inst1|inst3   ; |ram|4x32ram:inst4|4x4ram:inst|memory_cell:inst1|inst3   ; out              ;
; |ram|4x32ram:inst4|4x4ram:inst|memory_cell:inst1|inst    ; |ram|4x32ram:inst4|4x4ram:inst|memory_cell:inst1|inst    ; regout           ;
; |ram|4x32ram:inst4|4x4ram:inst|memory_cell:inst1|inst4   ; |ram|4x32ram:inst4|4x4ram:inst|memory_cell:inst1|inst4   ; out0             ;
; |ram|4x32ram:inst4|4x4ram:inst|memory_cell:inst16|inst3  ; |ram|4x32ram:inst4|4x4ram:inst|memory_cell:inst16|inst3  ; out              ;
; |ram|4x32ram:inst4|4x4ram:inst|memory_cell:inst16|inst   ; |ram|4x32ram:inst4|4x4ram:inst|memory_cell:inst16|inst   ; regout           ;
; |ram|4x32ram:inst4|4x4ram:inst|memory_cell:inst16|inst4  ; |ram|4x32ram:inst4|4x4ram:inst|memory_cell:inst16|inst4  ; out0             ;
; |ram|4x32ram:inst4|4x4ram:inst|memory_cell:inst14|inst3  ; |ram|4x32ram:inst4|4x4ram:inst|memory_cell:inst14|inst3  ; out              ;
; |ram|4x32ram:inst4|4x4ram:inst|memory_cell:inst14|inst   ; |ram|4x32ram:inst4|4x4ram:inst|memory_cell:inst14|inst   ; regout           ;
; |ram|4x32ram:inst4|4x4ram:inst|memory_cell:inst14|inst4  ; |ram|4x32ram:inst4|4x4ram:inst|memory_cell:inst14|inst4  ; out0             ;
; |ram|4x32ram:inst4|4x4ram:inst|memory_cell:inst12|inst3  ; |ram|4x32ram:inst4|4x4ram:inst|memory_cell:inst12|inst3  ; out              ;
; |ram|4x32ram:inst4|4x4ram:inst|memory_cell:inst12|inst   ; |ram|4x32ram:inst4|4x4ram:inst|memory_cell:inst12|inst   ; regout           ;
; |ram|4x32ram:inst4|4x4ram:inst|memory_cell:inst12|inst4  ; |ram|4x32ram:inst4|4x4ram:inst|memory_cell:inst12|inst4  ; out0             ;
; |ram|4x32ram:inst4|4x4ram:inst|memory_cell:inst10|inst3  ; |ram|4x32ram:inst4|4x4ram:inst|memory_cell:inst10|inst3  ; out              ;
; |ram|4x32ram:inst4|4x4ram:inst|memory_cell:inst10|inst   ; |ram|4x32ram:inst4|4x4ram:inst|memory_cell:inst10|inst   ; regout           ;
; |ram|4x32ram:inst4|4x4ram:inst|memory_cell:inst10|inst4  ; |ram|4x32ram:inst4|4x4ram:inst|memory_cell:inst10|inst4  ; out0             ;
; |ram|4x32ram:inst4|4x4ram:inst|memory_cell:inst15|inst3  ; |ram|4x32ram:inst4|4x4ram:inst|memory_cell:inst15|inst3  ; out              ;
; |ram|4x32ram:inst4|4x4ram:inst|memory_cell:inst15|inst   ; |ram|4x32ram:inst4|4x4ram:inst|memory_cell:inst15|inst   ; regout           ;
; |ram|4x32ram:inst4|4x4ram:inst|memory_cell:inst15|inst4  ; |ram|4x32ram:inst4|4x4ram:inst|memory_cell:inst15|inst4  ; out0             ;
; |ram|4x32ram:inst4|4x4ram:inst|memory_cell:inst13|inst3  ; |ram|4x32ram:inst4|4x4ram:inst|memory_cell:inst13|inst3  ; out              ;
; |ram|4x32ram:inst4|4x4ram:inst|memory_cell:inst13|inst   ; |ram|4x32ram:inst4|4x4ram:inst|memory_cell:inst13|inst   ; regout           ;
; |ram|4x32ram:inst4|4x4ram:inst|memory_cell:inst13|inst4  ; |ram|4x32ram:inst4|4x4ram:inst|memory_cell:inst13|inst4  ; out0             ;
; |ram|4x32ram:inst4|4x4ram:inst|memory_cell:inst11|inst3  ; |ram|4x32ram:inst4|4x4ram:inst|memory_cell:inst11|inst3  ; out              ;
; |ram|4x32ram:inst4|4x4ram:inst|memory_cell:inst11|inst   ; |ram|4x32ram:inst4|4x4ram:inst|memory_cell:inst11|inst   ; regout           ;
; |ram|4x32ram:inst4|4x4ram:inst|memory_cell:inst11|inst4  ; |ram|4x32ram:inst4|4x4ram:inst|memory_cell:inst11|inst4  ; out0             ;
; |ram|4x32ram:inst4|4x4ram:inst|memory_cell:inst9|inst3   ; |ram|4x32ram:inst4|4x4ram:inst|memory_cell:inst9|inst3   ; out              ;
; |ram|4x32ram:inst4|4x4ram:inst|memory_cell:inst9|inst    ; |ram|4x32ram:inst4|4x4ram:inst|memory_cell:inst9|inst    ; regout           ;
; |ram|4x32ram:inst4|4x4ram:inst|memory_cell:inst9|inst4   ; |ram|4x32ram:inst4|4x4ram:inst|memory_cell:inst9|inst4   ; out0             ;
; |ram|4x32ram:inst4|4x4ram:inst|memory_cell:inst8|inst3   ; |ram|4x32ram:inst4|4x4ram:inst|memory_cell:inst8|inst3   ; out              ;
; |ram|4x32ram:inst4|4x4ram:inst|memory_cell:inst8|inst    ; |ram|4x32ram:inst4|4x4ram:inst|memory_cell:inst8|inst    ; regout           ;
; |ram|4x32ram:inst4|4x4ram:inst|memory_cell:inst8|inst4   ; |ram|4x32ram:inst4|4x4ram:inst|memory_cell:inst8|inst4   ; out0             ;
; |ram|4x32ram:inst4|4x4ram:inst|memory_cell:inst6|inst3   ; |ram|4x32ram:inst4|4x4ram:inst|memory_cell:inst6|inst3   ; out              ;
; |ram|4x32ram:inst4|4x4ram:inst|memory_cell:inst6|inst    ; |ram|4x32ram:inst4|4x4ram:inst|memory_cell:inst6|inst    ; regout           ;
; |ram|4x32ram:inst4|4x4ram:inst|memory_cell:inst6|inst4   ; |ram|4x32ram:inst4|4x4ram:inst|memory_cell:inst6|inst4   ; out0             ;
; |ram|4x32ram:inst4|4x4ram:inst|memory_cell:inst4|inst3   ; |ram|4x32ram:inst4|4x4ram:inst|memory_cell:inst4|inst3   ; out              ;
; |ram|4x32ram:inst4|4x4ram:inst|memory_cell:inst4|inst    ; |ram|4x32ram:inst4|4x4ram:inst|memory_cell:inst4|inst    ; regout           ;
; |ram|4x32ram:inst4|4x4ram:inst|memory_cell:inst4|inst4   ; |ram|4x32ram:inst4|4x4ram:inst|memory_cell:inst4|inst4   ; out0             ;
; |ram|4x32ram:inst4|4x4ram:inst|24decoder:inst|inst3      ; |ram|4x32ram:inst4|4x4ram:inst|24decoder:inst|inst3      ; out0             ;
; |ram|4x32ram:inst4|4x4ram:inst|memory_cell:inst2|inst3   ; |ram|4x32ram:inst4|4x4ram:inst|memory_cell:inst2|inst3   ; out              ;
; |ram|4x32ram:inst4|4x4ram:inst|memory_cell:inst2|inst    ; |ram|4x32ram:inst4|4x4ram:inst|memory_cell:inst2|inst    ; regout           ;
; |ram|4x32ram:inst4|4x4ram:inst|memory_cell:inst2|inst4   ; |ram|4x32ram:inst4|4x4ram:inst|memory_cell:inst2|inst4   ; out0             ;
; |ram|4x32ram:inst3|4x4ram:inst8|inst20                   ; |ram|4x32ram:inst3|4x4ram:inst8|inst20                   ; out              ;
; |ram|4x32ram:inst3|4x4ram:inst8|IN~0                     ; |ram|4x32ram:inst3|4x4ram:inst8|IN~0                     ; out0             ;
; |ram|4x32ram:inst3|4x4ram:inst8|inst17                   ; |ram|4x32ram:inst3|4x4ram:inst8|inst17                   ; out0             ;
; |ram|4x32ram:inst3|4x4ram:inst8|inst18                   ; |ram|4x32ram:inst3|4x4ram:inst8|inst18                   ; out0             ;
; |ram|4x32ram:inst3|4x4ram:inst8|inst21                   ; |ram|4x32ram:inst3|4x4ram:inst8|inst21                   ; out              ;
; |ram|4x32ram:inst3|4x4ram:inst8|IN~1                     ; |ram|4x32ram:inst3|4x4ram:inst8|IN~1                     ; out0             ;
; |ram|4x32ram:inst3|4x4ram:inst8|inst22                   ; |ram|4x32ram:inst3|4x4ram:inst8|inst22                   ; out              ;
; |ram|4x32ram:inst3|4x4ram:inst8|IN~2                     ; |ram|4x32ram:inst3|4x4ram:inst8|IN~2                     ; out0             ;
; |ram|4x32ram:inst3|4x4ram:inst8|inst19                   ; |ram|4x32ram:inst3|4x4ram:inst8|inst19                   ; out              ;
; |ram|4x32ram:inst3|4x4ram:inst8|IN~3                     ; |ram|4x32ram:inst3|4x4ram:inst8|IN~3                     ; out0             ;
; |ram|4x32ram:inst3|4x4ram:inst8|memory_cell:inst3|inst3  ; |ram|4x32ram:inst3|4x4ram:inst8|memory_cell:inst3|inst3  ; out              ;
; |ram|4x32ram:inst3|4x4ram:inst8|memory_cell:inst3|inst   ; |ram|4x32ram:inst3|4x4ram:inst8|memory_cell:inst3|inst   ; regout           ;
; |ram|4x32ram:inst3|4x4ram:inst8|memory_cell:inst3|inst4  ; |ram|4x32ram:inst3|4x4ram:inst8|memory_cell:inst3|inst4  ; out0             ;
; |ram|4x32ram:inst3|4x4ram:inst8|memory_cell:inst5|inst3  ; |ram|4x32ram:inst3|4x4ram:inst8|memory_cell:inst5|inst3  ; out              ;
; |ram|4x32ram:inst3|4x4ram:inst8|memory_cell:inst5|inst   ; |ram|4x32ram:inst3|4x4ram:inst8|memory_cell:inst5|inst   ; regout           ;
; |ram|4x32ram:inst3|4x4ram:inst8|memory_cell:inst5|inst4  ; |ram|4x32ram:inst3|4x4ram:inst8|memory_cell:inst5|inst4  ; out0             ;
; |ram|4x32ram:inst3|4x4ram:inst8|memory_cell:inst7|inst3  ; |ram|4x32ram:inst3|4x4ram:inst8|memory_cell:inst7|inst3  ; out              ;
; |ram|4x32ram:inst3|4x4ram:inst8|memory_cell:inst7|inst   ; |ram|4x32ram:inst3|4x4ram:inst8|memory_cell:inst7|inst   ; regout           ;
; |ram|4x32ram:inst3|4x4ram:inst8|memory_cell:inst7|inst4  ; |ram|4x32ram:inst3|4x4ram:inst8|memory_cell:inst7|inst4  ; out0             ;
; |ram|4x32ram:inst3|4x4ram:inst8|memory_cell:inst1|inst3  ; |ram|4x32ram:inst3|4x4ram:inst8|memory_cell:inst1|inst3  ; out              ;
; |ram|4x32ram:inst3|4x4ram:inst8|memory_cell:inst1|inst   ; |ram|4x32ram:inst3|4x4ram:inst8|memory_cell:inst1|inst   ; regout           ;
; |ram|4x32ram:inst3|4x4ram:inst8|memory_cell:inst1|inst4  ; |ram|4x32ram:inst3|4x4ram:inst8|memory_cell:inst1|inst4  ; out0             ;
; |ram|4x32ram:inst3|4x4ram:inst8|memory_cell:inst16|inst3 ; |ram|4x32ram:inst3|4x4ram:inst8|memory_cell:inst16|inst3 ; out              ;
; |ram|4x32ram:inst3|4x4ram:inst8|memory_cell:inst16|inst  ; |ram|4x32ram:inst3|4x4ram:inst8|memory_cell:inst16|inst  ; regout           ;
; |ram|4x32ram:inst3|4x4ram:inst8|memory_cell:inst16|inst4 ; |ram|4x32ram:inst3|4x4ram:inst8|memory_cell:inst16|inst4 ; out0             ;
; |ram|4x32ram:inst3|4x4ram:inst8|memory_cell:inst14|inst3 ; |ram|4x32ram:inst3|4x4ram:inst8|memory_cell:inst14|inst3 ; out              ;
; |ram|4x32ram:inst3|4x4ram:inst8|memory_cell:inst14|inst  ; |ram|4x32ram:inst3|4x4ram:inst8|memory_cell:inst14|inst  ; regout           ;
; |ram|4x32ram:inst3|4x4ram:inst8|memory_cell:inst14|inst4 ; |ram|4x32ram:inst3|4x4ram:inst8|memory_cell:inst14|inst4 ; out0             ;
; |ram|4x32ram:inst3|4x4ram:inst8|memory_cell:inst12|inst3 ; |ram|4x32ram:inst3|4x4ram:inst8|memory_cell:inst12|inst3 ; out              ;
; |ram|4x32ram:inst3|4x4ram:inst8|memory_cell:inst12|inst  ; |ram|4x32ram:inst3|4x4ram:inst8|memory_cell:inst12|inst  ; regout           ;
; |ram|4x32ram:inst3|4x4ram:inst8|memory_cell:inst12|inst4 ; |ram|4x32ram:inst3|4x4ram:inst8|memory_cell:inst12|inst4 ; out0             ;
; |ram|4x32ram:inst3|4x4ram:inst8|memory_cell:inst10|inst3 ; |ram|4x32ram:inst3|4x4ram:inst8|memory_cell:inst10|inst3 ; out              ;
; |ram|4x32ram:inst3|4x4ram:inst8|memory_cell:inst10|inst  ; |ram|4x32ram:inst3|4x4ram:inst8|memory_cell:inst10|inst  ; regout           ;
; |ram|4x32ram:inst3|4x4ram:inst8|memory_cell:inst10|inst4 ; |ram|4x32ram:inst3|4x4ram:inst8|memory_cell:inst10|inst4 ; out0             ;
; |ram|4x32ram:inst3|4x4ram:inst8|memory_cell:inst15|inst3 ; |ram|4x32ram:inst3|4x4ram:inst8|memory_cell:inst15|inst3 ; out              ;
; |ram|4x32ram:inst3|4x4ram:inst8|memory_cell:inst15|inst  ; |ram|4x32ram:inst3|4x4ram:inst8|memory_cell:inst15|inst  ; regout           ;
; |ram|4x32ram:inst3|4x4ram:inst8|memory_cell:inst15|inst4 ; |ram|4x32ram:inst3|4x4ram:inst8|memory_cell:inst15|inst4 ; out0             ;
; |ram|4x32ram:inst3|4x4ram:inst8|memory_cell:inst13|inst3 ; |ram|4x32ram:inst3|4x4ram:inst8|memory_cell:inst13|inst3 ; out              ;
; |ram|4x32ram:inst3|4x4ram:inst8|memory_cell:inst13|inst  ; |ram|4x32ram:inst3|4x4ram:inst8|memory_cell:inst13|inst  ; regout           ;
; |ram|4x32ram:inst3|4x4ram:inst8|memory_cell:inst13|inst4 ; |ram|4x32ram:inst3|4x4ram:inst8|memory_cell:inst13|inst4 ; out0             ;
; |ram|4x32ram:inst3|4x4ram:inst8|memory_cell:inst11|inst3 ; |ram|4x32ram:inst3|4x4ram:inst8|memory_cell:inst11|inst3 ; out              ;
; |ram|4x32ram:inst3|4x4ram:inst8|memory_cell:inst11|inst  ; |ram|4x32ram:inst3|4x4ram:inst8|memory_cell:inst11|inst  ; regout           ;
; |ram|4x32ram:inst3|4x4ram:inst8|memory_cell:inst11|inst4 ; |ram|4x32ram:inst3|4x4ram:inst8|memory_cell:inst11|inst4 ; out0             ;
; |ram|4x32ram:inst3|4x4ram:inst8|memory_cell:inst9|inst3  ; |ram|4x32ram:inst3|4x4ram:inst8|memory_cell:inst9|inst3  ; out              ;
; |ram|4x32ram:inst3|4x4ram:inst8|memory_cell:inst9|inst   ; |ram|4x32ram:inst3|4x4ram:inst8|memory_cell:inst9|inst   ; regout           ;
; |ram|4x32ram:inst3|4x4ram:inst8|memory_cell:inst9|inst4  ; |ram|4x32ram:inst3|4x4ram:inst8|memory_cell:inst9|inst4  ; out0             ;
; |ram|4x32ram:inst3|4x4ram:inst8|memory_cell:inst8|inst3  ; |ram|4x32ram:inst3|4x4ram:inst8|memory_cell:inst8|inst3  ; out              ;
; |ram|4x32ram:inst3|4x4ram:inst8|memory_cell:inst8|inst   ; |ram|4x32ram:inst3|4x4ram:inst8|memory_cell:inst8|inst   ; regout           ;
; |ram|4x32ram:inst3|4x4ram:inst8|memory_cell:inst8|inst4  ; |ram|4x32ram:inst3|4x4ram:inst8|memory_cell:inst8|inst4  ; out0             ;
; |ram|4x32ram:inst3|4x4ram:inst8|memory_cell:inst6|inst3  ; |ram|4x32ram:inst3|4x4ram:inst8|memory_cell:inst6|inst3  ; out              ;
; |ram|4x32ram:inst3|4x4ram:inst8|memory_cell:inst6|inst   ; |ram|4x32ram:inst3|4x4ram:inst8|memory_cell:inst6|inst   ; regout           ;
; |ram|4x32ram:inst3|4x4ram:inst8|memory_cell:inst6|inst4  ; |ram|4x32ram:inst3|4x4ram:inst8|memory_cell:inst6|inst4  ; out0             ;
; |ram|4x32ram:inst3|4x4ram:inst8|memory_cell:inst4|inst3  ; |ram|4x32ram:inst3|4x4ram:inst8|memory_cell:inst4|inst3  ; out              ;
; |ram|4x32ram:inst3|4x4ram:inst8|memory_cell:inst4|inst   ; |ram|4x32ram:inst3|4x4ram:inst8|memory_cell:inst4|inst   ; regout           ;
; |ram|4x32ram:inst3|4x4ram:inst8|memory_cell:inst4|inst4  ; |ram|4x32ram:inst3|4x4ram:inst8|memory_cell:inst4|inst4  ; out0             ;
; |ram|4x32ram:inst3|4x4ram:inst8|24decoder:inst|inst3     ; |ram|4x32ram:inst3|4x4ram:inst8|24decoder:inst|inst3     ; out0             ;
; |ram|4x32ram:inst3|4x4ram:inst8|memory_cell:inst2|inst3  ; |ram|4x32ram:inst3|4x4ram:inst8|memory_cell:inst2|inst3  ; out              ;
; |ram|4x32ram:inst3|4x4ram:inst8|memory_cell:inst2|inst   ; |ram|4x32ram:inst3|4x4ram:inst8|memory_cell:inst2|inst   ; regout           ;
; |ram|4x32ram:inst3|4x4ram:inst8|memory_cell:inst2|inst4  ; |ram|4x32ram:inst3|4x4ram:inst8|memory_cell:inst2|inst4  ; out0             ;
; |ram|4x32ram:inst3|4x4ram:inst7|inst20                   ; |ram|4x32ram:inst3|4x4ram:inst7|inst20                   ; out              ;
; |ram|4x32ram:inst3|4x4ram:inst7|IN~0                     ; |ram|4x32ram:inst3|4x4ram:inst7|IN~0                     ; out0             ;
; |ram|4x32ram:inst3|4x4ram:inst7|inst17                   ; |ram|4x32ram:inst3|4x4ram:inst7|inst17                   ; out0             ;
; |ram|4x32ram:inst3|4x4ram:inst7|inst18                   ; |ram|4x32ram:inst3|4x4ram:inst7|inst18                   ; out0             ;
; |ram|4x32ram:inst3|4x4ram:inst7|inst21                   ; |ram|4x32ram:inst3|4x4ram:inst7|inst21                   ; out              ;
; |ram|4x32ram:inst3|4x4ram:inst7|IN~1                     ; |ram|4x32ram:inst3|4x4ram:inst7|IN~1                     ; out0             ;
; |ram|4x32ram:inst3|4x4ram:inst7|inst22                   ; |ram|4x32ram:inst3|4x4ram:inst7|inst22                   ; out              ;
; |ram|4x32ram:inst3|4x4ram:inst7|IN~2                     ; |ram|4x32ram:inst3|4x4ram:inst7|IN~2                     ; out0             ;
; |ram|4x32ram:inst3|4x4ram:inst7|inst19                   ; |ram|4x32ram:inst3|4x4ram:inst7|inst19                   ; out              ;
; |ram|4x32ram:inst3|4x4ram:inst7|IN~3                     ; |ram|4x32ram:inst3|4x4ram:inst7|IN~3                     ; out0             ;
; |ram|4x32ram:inst3|4x4ram:inst7|memory_cell:inst3|inst3  ; |ram|4x32ram:inst3|4x4ram:inst7|memory_cell:inst3|inst3  ; out              ;
; |ram|4x32ram:inst3|4x4ram:inst7|memory_cell:inst3|inst   ; |ram|4x32ram:inst3|4x4ram:inst7|memory_cell:inst3|inst   ; regout           ;
; |ram|4x32ram:inst3|4x4ram:inst7|memory_cell:inst3|inst4  ; |ram|4x32ram:inst3|4x4ram:inst7|memory_cell:inst3|inst4  ; out0             ;
; |ram|4x32ram:inst3|4x4ram:inst7|memory_cell:inst5|inst3  ; |ram|4x32ram:inst3|4x4ram:inst7|memory_cell:inst5|inst3  ; out              ;
; |ram|4x32ram:inst3|4x4ram:inst7|memory_cell:inst5|inst   ; |ram|4x32ram:inst3|4x4ram:inst7|memory_cell:inst5|inst   ; regout           ;
; |ram|4x32ram:inst3|4x4ram:inst7|memory_cell:inst5|inst4  ; |ram|4x32ram:inst3|4x4ram:inst7|memory_cell:inst5|inst4  ; out0             ;
; |ram|4x32ram:inst3|4x4ram:inst7|memory_cell:inst7|inst3  ; |ram|4x32ram:inst3|4x4ram:inst7|memory_cell:inst7|inst3  ; out              ;
; |ram|4x32ram:inst3|4x4ram:inst7|memory_cell:inst7|inst   ; |ram|4x32ram:inst3|4x4ram:inst7|memory_cell:inst7|inst   ; regout           ;
; |ram|4x32ram:inst3|4x4ram:inst7|memory_cell:inst7|inst4  ; |ram|4x32ram:inst3|4x4ram:inst7|memory_cell:inst7|inst4  ; out0             ;
; |ram|4x32ram:inst3|4x4ram:inst7|memory_cell:inst1|inst3  ; |ram|4x32ram:inst3|4x4ram:inst7|memory_cell:inst1|inst3  ; out              ;
; |ram|4x32ram:inst3|4x4ram:inst7|memory_cell:inst1|inst   ; |ram|4x32ram:inst3|4x4ram:inst7|memory_cell:inst1|inst   ; regout           ;
; |ram|4x32ram:inst3|4x4ram:inst7|memory_cell:inst1|inst4  ; |ram|4x32ram:inst3|4x4ram:inst7|memory_cell:inst1|inst4  ; out0             ;
; |ram|4x32ram:inst3|4x4ram:inst7|memory_cell:inst16|inst3 ; |ram|4x32ram:inst3|4x4ram:inst7|memory_cell:inst16|inst3 ; out              ;
; |ram|4x32ram:inst3|4x4ram:inst7|memory_cell:inst16|inst  ; |ram|4x32ram:inst3|4x4ram:inst7|memory_cell:inst16|inst  ; regout           ;
; |ram|4x32ram:inst3|4x4ram:inst7|memory_cell:inst16|inst4 ; |ram|4x32ram:inst3|4x4ram:inst7|memory_cell:inst16|inst4 ; out0             ;
; |ram|4x32ram:inst3|4x4ram:inst7|memory_cell:inst14|inst3 ; |ram|4x32ram:inst3|4x4ram:inst7|memory_cell:inst14|inst3 ; out              ;
; |ram|4x32ram:inst3|4x4ram:inst7|memory_cell:inst14|inst  ; |ram|4x32ram:inst3|4x4ram:inst7|memory_cell:inst14|inst  ; regout           ;
; |ram|4x32ram:inst3|4x4ram:inst7|memory_cell:inst14|inst4 ; |ram|4x32ram:inst3|4x4ram:inst7|memory_cell:inst14|inst4 ; out0             ;
; |ram|4x32ram:inst3|4x4ram:inst7|memory_cell:inst12|inst3 ; |ram|4x32ram:inst3|4x4ram:inst7|memory_cell:inst12|inst3 ; out              ;
; |ram|4x32ram:inst3|4x4ram:inst7|memory_cell:inst12|inst  ; |ram|4x32ram:inst3|4x4ram:inst7|memory_cell:inst12|inst  ; regout           ;
; |ram|4x32ram:inst3|4x4ram:inst7|memory_cell:inst12|inst4 ; |ram|4x32ram:inst3|4x4ram:inst7|memory_cell:inst12|inst4 ; out0             ;
; |ram|4x32ram:inst3|4x4ram:inst7|memory_cell:inst10|inst3 ; |ram|4x32ram:inst3|4x4ram:inst7|memory_cell:inst10|inst3 ; out              ;
; |ram|4x32ram:inst3|4x4ram:inst7|memory_cell:inst10|inst  ; |ram|4x32ram:inst3|4x4ram:inst7|memory_cell:inst10|inst  ; regout           ;
; |ram|4x32ram:inst3|4x4ram:inst7|memory_cell:inst10|inst4 ; |ram|4x32ram:inst3|4x4ram:inst7|memory_cell:inst10|inst4 ; out0             ;
; |ram|4x32ram:inst3|4x4ram:inst7|memory_cell:inst15|inst3 ; |ram|4x32ram:inst3|4x4ram:inst7|memory_cell:inst15|inst3 ; out              ;
; |ram|4x32ram:inst3|4x4ram:inst7|memory_cell:inst15|inst  ; |ram|4x32ram:inst3|4x4ram:inst7|memory_cell:inst15|inst  ; regout           ;
; |ram|4x32ram:inst3|4x4ram:inst7|memory_cell:inst15|inst4 ; |ram|4x32ram:inst3|4x4ram:inst7|memory_cell:inst15|inst4 ; out0             ;
; |ram|4x32ram:inst3|4x4ram:inst7|memory_cell:inst13|inst3 ; |ram|4x32ram:inst3|4x4ram:inst7|memory_cell:inst13|inst3 ; out              ;
; |ram|4x32ram:inst3|4x4ram:inst7|memory_cell:inst13|inst  ; |ram|4x32ram:inst3|4x4ram:inst7|memory_cell:inst13|inst  ; regout           ;
; |ram|4x32ram:inst3|4x4ram:inst7|memory_cell:inst13|inst4 ; |ram|4x32ram:inst3|4x4ram:inst7|memory_cell:inst13|inst4 ; out0             ;
; |ram|4x32ram:inst3|4x4ram:inst7|memory_cell:inst11|inst3 ; |ram|4x32ram:inst3|4x4ram:inst7|memory_cell:inst11|inst3 ; out              ;
; |ram|4x32ram:inst3|4x4ram:inst7|memory_cell:inst11|inst  ; |ram|4x32ram:inst3|4x4ram:inst7|memory_cell:inst11|inst  ; regout           ;
; |ram|4x32ram:inst3|4x4ram:inst7|memory_cell:inst11|inst4 ; |ram|4x32ram:inst3|4x4ram:inst7|memory_cell:inst11|inst4 ; out0             ;
; |ram|4x32ram:inst3|4x4ram:inst7|memory_cell:inst9|inst3  ; |ram|4x32ram:inst3|4x4ram:inst7|memory_cell:inst9|inst3  ; out              ;
; |ram|4x32ram:inst3|4x4ram:inst7|memory_cell:inst9|inst   ; |ram|4x32ram:inst3|4x4ram:inst7|memory_cell:inst9|inst   ; regout           ;
; |ram|4x32ram:inst3|4x4ram:inst7|memory_cell:inst9|inst4  ; |ram|4x32ram:inst3|4x4ram:inst7|memory_cell:inst9|inst4  ; out0             ;
; |ram|4x32ram:inst3|4x4ram:inst7|memory_cell:inst8|inst3  ; |ram|4x32ram:inst3|4x4ram:inst7|memory_cell:inst8|inst3  ; out              ;
; |ram|4x32ram:inst3|4x4ram:inst7|memory_cell:inst8|inst   ; |ram|4x32ram:inst3|4x4ram:inst7|memory_cell:inst8|inst   ; regout           ;
; |ram|4x32ram:inst3|4x4ram:inst7|memory_cell:inst8|inst4  ; |ram|4x32ram:inst3|4x4ram:inst7|memory_cell:inst8|inst4  ; out0             ;
; |ram|4x32ram:inst3|4x4ram:inst7|memory_cell:inst6|inst3  ; |ram|4x32ram:inst3|4x4ram:inst7|memory_cell:inst6|inst3  ; out              ;
; |ram|4x32ram:inst3|4x4ram:inst7|memory_cell:inst6|inst   ; |ram|4x32ram:inst3|4x4ram:inst7|memory_cell:inst6|inst   ; regout           ;
; |ram|4x32ram:inst3|4x4ram:inst7|memory_cell:inst6|inst4  ; |ram|4x32ram:inst3|4x4ram:inst7|memory_cell:inst6|inst4  ; out0             ;
; |ram|4x32ram:inst3|4x4ram:inst7|memory_cell:inst4|inst3  ; |ram|4x32ram:inst3|4x4ram:inst7|memory_cell:inst4|inst3  ; out              ;
; |ram|4x32ram:inst3|4x4ram:inst7|memory_cell:inst4|inst   ; |ram|4x32ram:inst3|4x4ram:inst7|memory_cell:inst4|inst   ; regout           ;
; |ram|4x32ram:inst3|4x4ram:inst7|memory_cell:inst4|inst4  ; |ram|4x32ram:inst3|4x4ram:inst7|memory_cell:inst4|inst4  ; out0             ;
; |ram|4x32ram:inst3|4x4ram:inst7|24decoder:inst|inst3     ; |ram|4x32ram:inst3|4x4ram:inst7|24decoder:inst|inst3     ; out0             ;
; |ram|4x32ram:inst3|4x4ram:inst7|memory_cell:inst2|inst3  ; |ram|4x32ram:inst3|4x4ram:inst7|memory_cell:inst2|inst3  ; out              ;
; |ram|4x32ram:inst3|4x4ram:inst7|memory_cell:inst2|inst   ; |ram|4x32ram:inst3|4x4ram:inst7|memory_cell:inst2|inst   ; regout           ;
; |ram|4x32ram:inst3|4x4ram:inst7|memory_cell:inst2|inst4  ; |ram|4x32ram:inst3|4x4ram:inst7|memory_cell:inst2|inst4  ; out0             ;
; |ram|4x32ram:inst3|4x4ram:inst6|inst20                   ; |ram|4x32ram:inst3|4x4ram:inst6|inst20                   ; out              ;
; |ram|4x32ram:inst3|4x4ram:inst6|IN~0                     ; |ram|4x32ram:inst3|4x4ram:inst6|IN~0                     ; out0             ;
; |ram|4x32ram:inst3|4x4ram:inst6|inst17                   ; |ram|4x32ram:inst3|4x4ram:inst6|inst17                   ; out0             ;
; |ram|4x32ram:inst3|4x4ram:inst6|inst18                   ; |ram|4x32ram:inst3|4x4ram:inst6|inst18                   ; out0             ;
; |ram|4x32ram:inst3|4x4ram:inst6|inst21                   ; |ram|4x32ram:inst3|4x4ram:inst6|inst21                   ; out              ;
; |ram|4x32ram:inst3|4x4ram:inst6|IN~1                     ; |ram|4x32ram:inst3|4x4ram:inst6|IN~1                     ; out0             ;
; |ram|4x32ram:inst3|4x4ram:inst6|inst22                   ; |ram|4x32ram:inst3|4x4ram:inst6|inst22                   ; out              ;
; |ram|4x32ram:inst3|4x4ram:inst6|IN~2                     ; |ram|4x32ram:inst3|4x4ram:inst6|IN~2                     ; out0             ;
; |ram|4x32ram:inst3|4x4ram:inst6|inst19                   ; |ram|4x32ram:inst3|4x4ram:inst6|inst19                   ; out              ;
; |ram|4x32ram:inst3|4x4ram:inst6|IN~3                     ; |ram|4x32ram:inst3|4x4ram:inst6|IN~3                     ; out0             ;
; |ram|4x32ram:inst3|4x4ram:inst6|memory_cell:inst3|inst3  ; |ram|4x32ram:inst3|4x4ram:inst6|memory_cell:inst3|inst3  ; out              ;
; |ram|4x32ram:inst3|4x4ram:inst6|memory_cell:inst3|inst   ; |ram|4x32ram:inst3|4x4ram:inst6|memory_cell:inst3|inst   ; regout           ;
; |ram|4x32ram:inst3|4x4ram:inst6|memory_cell:inst3|inst4  ; |ram|4x32ram:inst3|4x4ram:inst6|memory_cell:inst3|inst4  ; out0             ;
; |ram|4x32ram:inst3|4x4ram:inst6|memory_cell:inst5|inst3  ; |ram|4x32ram:inst3|4x4ram:inst6|memory_cell:inst5|inst3  ; out              ;
; |ram|4x32ram:inst3|4x4ram:inst6|memory_cell:inst5|inst   ; |ram|4x32ram:inst3|4x4ram:inst6|memory_cell:inst5|inst   ; regout           ;
; |ram|4x32ram:inst3|4x4ram:inst6|memory_cell:inst5|inst4  ; |ram|4x32ram:inst3|4x4ram:inst6|memory_cell:inst5|inst4  ; out0             ;
; |ram|4x32ram:inst3|4x4ram:inst6|memory_cell:inst7|inst3  ; |ram|4x32ram:inst3|4x4ram:inst6|memory_cell:inst7|inst3  ; out              ;
; |ram|4x32ram:inst3|4x4ram:inst6|memory_cell:inst7|inst   ; |ram|4x32ram:inst3|4x4ram:inst6|memory_cell:inst7|inst   ; regout           ;
; |ram|4x32ram:inst3|4x4ram:inst6|memory_cell:inst7|inst4  ; |ram|4x32ram:inst3|4x4ram:inst6|memory_cell:inst7|inst4  ; out0             ;
; |ram|4x32ram:inst3|4x4ram:inst6|memory_cell:inst1|inst3  ; |ram|4x32ram:inst3|4x4ram:inst6|memory_cell:inst1|inst3  ; out              ;
; |ram|4x32ram:inst3|4x4ram:inst6|memory_cell:inst1|inst   ; |ram|4x32ram:inst3|4x4ram:inst6|memory_cell:inst1|inst   ; regout           ;
; |ram|4x32ram:inst3|4x4ram:inst6|memory_cell:inst1|inst4  ; |ram|4x32ram:inst3|4x4ram:inst6|memory_cell:inst1|inst4  ; out0             ;
; |ram|4x32ram:inst3|4x4ram:inst6|memory_cell:inst16|inst3 ; |ram|4x32ram:inst3|4x4ram:inst6|memory_cell:inst16|inst3 ; out              ;
; |ram|4x32ram:inst3|4x4ram:inst6|memory_cell:inst16|inst  ; |ram|4x32ram:inst3|4x4ram:inst6|memory_cell:inst16|inst  ; regout           ;
; |ram|4x32ram:inst3|4x4ram:inst6|memory_cell:inst16|inst4 ; |ram|4x32ram:inst3|4x4ram:inst6|memory_cell:inst16|inst4 ; out0             ;
; |ram|4x32ram:inst3|4x4ram:inst6|memory_cell:inst14|inst3 ; |ram|4x32ram:inst3|4x4ram:inst6|memory_cell:inst14|inst3 ; out              ;
; |ram|4x32ram:inst3|4x4ram:inst6|memory_cell:inst14|inst  ; |ram|4x32ram:inst3|4x4ram:inst6|memory_cell:inst14|inst  ; regout           ;
; |ram|4x32ram:inst3|4x4ram:inst6|memory_cell:inst14|inst4 ; |ram|4x32ram:inst3|4x4ram:inst6|memory_cell:inst14|inst4 ; out0             ;
; |ram|4x32ram:inst3|4x4ram:inst6|memory_cell:inst12|inst3 ; |ram|4x32ram:inst3|4x4ram:inst6|memory_cell:inst12|inst3 ; out              ;
; |ram|4x32ram:inst3|4x4ram:inst6|memory_cell:inst12|inst  ; |ram|4x32ram:inst3|4x4ram:inst6|memory_cell:inst12|inst  ; regout           ;
; |ram|4x32ram:inst3|4x4ram:inst6|memory_cell:inst12|inst4 ; |ram|4x32ram:inst3|4x4ram:inst6|memory_cell:inst12|inst4 ; out0             ;
; |ram|4x32ram:inst3|4x4ram:inst6|memory_cell:inst10|inst3 ; |ram|4x32ram:inst3|4x4ram:inst6|memory_cell:inst10|inst3 ; out              ;
; |ram|4x32ram:inst3|4x4ram:inst6|memory_cell:inst10|inst  ; |ram|4x32ram:inst3|4x4ram:inst6|memory_cell:inst10|inst  ; regout           ;
; |ram|4x32ram:inst3|4x4ram:inst6|memory_cell:inst10|inst4 ; |ram|4x32ram:inst3|4x4ram:inst6|memory_cell:inst10|inst4 ; out0             ;
; |ram|4x32ram:inst3|4x4ram:inst6|memory_cell:inst15|inst3 ; |ram|4x32ram:inst3|4x4ram:inst6|memory_cell:inst15|inst3 ; out              ;
; |ram|4x32ram:inst3|4x4ram:inst6|memory_cell:inst15|inst  ; |ram|4x32ram:inst3|4x4ram:inst6|memory_cell:inst15|inst  ; regout           ;
; |ram|4x32ram:inst3|4x4ram:inst6|memory_cell:inst15|inst4 ; |ram|4x32ram:inst3|4x4ram:inst6|memory_cell:inst15|inst4 ; out0             ;
; |ram|4x32ram:inst3|4x4ram:inst6|memory_cell:inst13|inst3 ; |ram|4x32ram:inst3|4x4ram:inst6|memory_cell:inst13|inst3 ; out              ;
; |ram|4x32ram:inst3|4x4ram:inst6|memory_cell:inst13|inst  ; |ram|4x32ram:inst3|4x4ram:inst6|memory_cell:inst13|inst  ; regout           ;
; |ram|4x32ram:inst3|4x4ram:inst6|memory_cell:inst13|inst4 ; |ram|4x32ram:inst3|4x4ram:inst6|memory_cell:inst13|inst4 ; out0             ;
; |ram|4x32ram:inst3|4x4ram:inst6|memory_cell:inst11|inst3 ; |ram|4x32ram:inst3|4x4ram:inst6|memory_cell:inst11|inst3 ; out              ;
; |ram|4x32ram:inst3|4x4ram:inst6|memory_cell:inst11|inst  ; |ram|4x32ram:inst3|4x4ram:inst6|memory_cell:inst11|inst  ; regout           ;
; |ram|4x32ram:inst3|4x4ram:inst6|memory_cell:inst11|inst4 ; |ram|4x32ram:inst3|4x4ram:inst6|memory_cell:inst11|inst4 ; out0             ;
; |ram|4x32ram:inst3|4x4ram:inst6|memory_cell:inst9|inst3  ; |ram|4x32ram:inst3|4x4ram:inst6|memory_cell:inst9|inst3  ; out              ;
; |ram|4x32ram:inst3|4x4ram:inst6|memory_cell:inst9|inst   ; |ram|4x32ram:inst3|4x4ram:inst6|memory_cell:inst9|inst   ; regout           ;
; |ram|4x32ram:inst3|4x4ram:inst6|memory_cell:inst9|inst4  ; |ram|4x32ram:inst3|4x4ram:inst6|memory_cell:inst9|inst4  ; out0             ;
; |ram|4x32ram:inst3|4x4ram:inst6|memory_cell:inst8|inst3  ; |ram|4x32ram:inst3|4x4ram:inst6|memory_cell:inst8|inst3  ; out              ;
; |ram|4x32ram:inst3|4x4ram:inst6|memory_cell:inst8|inst   ; |ram|4x32ram:inst3|4x4ram:inst6|memory_cell:inst8|inst   ; regout           ;
; |ram|4x32ram:inst3|4x4ram:inst6|memory_cell:inst8|inst4  ; |ram|4x32ram:inst3|4x4ram:inst6|memory_cell:inst8|inst4  ; out0             ;
; |ram|4x32ram:inst3|4x4ram:inst6|memory_cell:inst6|inst3  ; |ram|4x32ram:inst3|4x4ram:inst6|memory_cell:inst6|inst3  ; out              ;
; |ram|4x32ram:inst3|4x4ram:inst6|memory_cell:inst6|inst   ; |ram|4x32ram:inst3|4x4ram:inst6|memory_cell:inst6|inst   ; regout           ;
; |ram|4x32ram:inst3|4x4ram:inst6|memory_cell:inst6|inst4  ; |ram|4x32ram:inst3|4x4ram:inst6|memory_cell:inst6|inst4  ; out0             ;
; |ram|4x32ram:inst3|4x4ram:inst6|memory_cell:inst4|inst3  ; |ram|4x32ram:inst3|4x4ram:inst6|memory_cell:inst4|inst3  ; out              ;
; |ram|4x32ram:inst3|4x4ram:inst6|memory_cell:inst4|inst   ; |ram|4x32ram:inst3|4x4ram:inst6|memory_cell:inst4|inst   ; regout           ;
; |ram|4x32ram:inst3|4x4ram:inst6|memory_cell:inst4|inst4  ; |ram|4x32ram:inst3|4x4ram:inst6|memory_cell:inst4|inst4  ; out0             ;
; |ram|4x32ram:inst3|4x4ram:inst6|24decoder:inst|inst3     ; |ram|4x32ram:inst3|4x4ram:inst6|24decoder:inst|inst3     ; out0             ;
; |ram|4x32ram:inst3|4x4ram:inst6|memory_cell:inst2|inst3  ; |ram|4x32ram:inst3|4x4ram:inst6|memory_cell:inst2|inst3  ; out              ;
; |ram|4x32ram:inst3|4x4ram:inst6|memory_cell:inst2|inst   ; |ram|4x32ram:inst3|4x4ram:inst6|memory_cell:inst2|inst   ; regout           ;
; |ram|4x32ram:inst3|4x4ram:inst6|memory_cell:inst2|inst4  ; |ram|4x32ram:inst3|4x4ram:inst6|memory_cell:inst2|inst4  ; out0             ;
; |ram|4x32ram:inst3|4x4ram:inst5|inst20                   ; |ram|4x32ram:inst3|4x4ram:inst5|inst20                   ; out              ;
; |ram|4x32ram:inst3|4x4ram:inst5|IN~0                     ; |ram|4x32ram:inst3|4x4ram:inst5|IN~0                     ; out0             ;
; |ram|4x32ram:inst3|4x4ram:inst5|inst17                   ; |ram|4x32ram:inst3|4x4ram:inst5|inst17                   ; out0             ;
; |ram|4x32ram:inst3|4x4ram:inst5|inst18                   ; |ram|4x32ram:inst3|4x4ram:inst5|inst18                   ; out0             ;
; |ram|4x32ram:inst3|4x4ram:inst5|inst21                   ; |ram|4x32ram:inst3|4x4ram:inst5|inst21                   ; out              ;
; |ram|4x32ram:inst3|4x4ram:inst5|IN~1                     ; |ram|4x32ram:inst3|4x4ram:inst5|IN~1                     ; out0             ;
; |ram|4x32ram:inst3|4x4ram:inst5|inst22                   ; |ram|4x32ram:inst3|4x4ram:inst5|inst22                   ; out              ;
; |ram|4x32ram:inst3|4x4ram:inst5|IN~2                     ; |ram|4x32ram:inst3|4x4ram:inst5|IN~2                     ; out0             ;
; |ram|4x32ram:inst3|4x4ram:inst5|inst19                   ; |ram|4x32ram:inst3|4x4ram:inst5|inst19                   ; out              ;
; |ram|4x32ram:inst3|4x4ram:inst5|IN~3                     ; |ram|4x32ram:inst3|4x4ram:inst5|IN~3                     ; out0             ;
; |ram|4x32ram:inst3|4x4ram:inst5|memory_cell:inst3|inst3  ; |ram|4x32ram:inst3|4x4ram:inst5|memory_cell:inst3|inst3  ; out              ;
; |ram|4x32ram:inst3|4x4ram:inst5|memory_cell:inst3|inst   ; |ram|4x32ram:inst3|4x4ram:inst5|memory_cell:inst3|inst   ; regout           ;
; |ram|4x32ram:inst3|4x4ram:inst5|memory_cell:inst3|inst4  ; |ram|4x32ram:inst3|4x4ram:inst5|memory_cell:inst3|inst4  ; out0             ;
; |ram|4x32ram:inst3|4x4ram:inst5|memory_cell:inst5|inst3  ; |ram|4x32ram:inst3|4x4ram:inst5|memory_cell:inst5|inst3  ; out              ;
; |ram|4x32ram:inst3|4x4ram:inst5|memory_cell:inst5|inst   ; |ram|4x32ram:inst3|4x4ram:inst5|memory_cell:inst5|inst   ; regout           ;
; |ram|4x32ram:inst3|4x4ram:inst5|memory_cell:inst5|inst4  ; |ram|4x32ram:inst3|4x4ram:inst5|memory_cell:inst5|inst4  ; out0             ;
; |ram|4x32ram:inst3|4x4ram:inst5|memory_cell:inst7|inst3  ; |ram|4x32ram:inst3|4x4ram:inst5|memory_cell:inst7|inst3  ; out              ;
; |ram|4x32ram:inst3|4x4ram:inst5|memory_cell:inst7|inst   ; |ram|4x32ram:inst3|4x4ram:inst5|memory_cell:inst7|inst   ; regout           ;
; |ram|4x32ram:inst3|4x4ram:inst5|memory_cell:inst7|inst4  ; |ram|4x32ram:inst3|4x4ram:inst5|memory_cell:inst7|inst4  ; out0             ;
; |ram|4x32ram:inst3|4x4ram:inst5|memory_cell:inst1|inst3  ; |ram|4x32ram:inst3|4x4ram:inst5|memory_cell:inst1|inst3  ; out              ;
; |ram|4x32ram:inst3|4x4ram:inst5|memory_cell:inst1|inst   ; |ram|4x32ram:inst3|4x4ram:inst5|memory_cell:inst1|inst   ; regout           ;
; |ram|4x32ram:inst3|4x4ram:inst5|memory_cell:inst1|inst4  ; |ram|4x32ram:inst3|4x4ram:inst5|memory_cell:inst1|inst4  ; out0             ;
; |ram|4x32ram:inst3|4x4ram:inst5|memory_cell:inst16|inst3 ; |ram|4x32ram:inst3|4x4ram:inst5|memory_cell:inst16|inst3 ; out              ;
; |ram|4x32ram:inst3|4x4ram:inst5|memory_cell:inst16|inst  ; |ram|4x32ram:inst3|4x4ram:inst5|memory_cell:inst16|inst  ; regout           ;
; |ram|4x32ram:inst3|4x4ram:inst5|memory_cell:inst16|inst4 ; |ram|4x32ram:inst3|4x4ram:inst5|memory_cell:inst16|inst4 ; out0             ;
; |ram|4x32ram:inst3|4x4ram:inst5|memory_cell:inst14|inst3 ; |ram|4x32ram:inst3|4x4ram:inst5|memory_cell:inst14|inst3 ; out              ;
; |ram|4x32ram:inst3|4x4ram:inst5|memory_cell:inst14|inst  ; |ram|4x32ram:inst3|4x4ram:inst5|memory_cell:inst14|inst  ; regout           ;
; |ram|4x32ram:inst3|4x4ram:inst5|memory_cell:inst14|inst4 ; |ram|4x32ram:inst3|4x4ram:inst5|memory_cell:inst14|inst4 ; out0             ;
; |ram|4x32ram:inst3|4x4ram:inst5|memory_cell:inst12|inst3 ; |ram|4x32ram:inst3|4x4ram:inst5|memory_cell:inst12|inst3 ; out              ;
; |ram|4x32ram:inst3|4x4ram:inst5|memory_cell:inst12|inst  ; |ram|4x32ram:inst3|4x4ram:inst5|memory_cell:inst12|inst  ; regout           ;
; |ram|4x32ram:inst3|4x4ram:inst5|memory_cell:inst12|inst4 ; |ram|4x32ram:inst3|4x4ram:inst5|memory_cell:inst12|inst4 ; out0             ;
; |ram|4x32ram:inst3|4x4ram:inst5|memory_cell:inst10|inst3 ; |ram|4x32ram:inst3|4x4ram:inst5|memory_cell:inst10|inst3 ; out              ;
; |ram|4x32ram:inst3|4x4ram:inst5|memory_cell:inst10|inst  ; |ram|4x32ram:inst3|4x4ram:inst5|memory_cell:inst10|inst  ; regout           ;
; |ram|4x32ram:inst3|4x4ram:inst5|memory_cell:inst10|inst4 ; |ram|4x32ram:inst3|4x4ram:inst5|memory_cell:inst10|inst4 ; out0             ;
; |ram|4x32ram:inst3|4x4ram:inst5|memory_cell:inst15|inst3 ; |ram|4x32ram:inst3|4x4ram:inst5|memory_cell:inst15|inst3 ; out              ;
; |ram|4x32ram:inst3|4x4ram:inst5|memory_cell:inst15|inst  ; |ram|4x32ram:inst3|4x4ram:inst5|memory_cell:inst15|inst  ; regout           ;
; |ram|4x32ram:inst3|4x4ram:inst5|memory_cell:inst15|inst4 ; |ram|4x32ram:inst3|4x4ram:inst5|memory_cell:inst15|inst4 ; out0             ;
; |ram|4x32ram:inst3|4x4ram:inst5|memory_cell:inst13|inst3 ; |ram|4x32ram:inst3|4x4ram:inst5|memory_cell:inst13|inst3 ; out              ;
; |ram|4x32ram:inst3|4x4ram:inst5|memory_cell:inst13|inst  ; |ram|4x32ram:inst3|4x4ram:inst5|memory_cell:inst13|inst  ; regout           ;
; |ram|4x32ram:inst3|4x4ram:inst5|memory_cell:inst13|inst4 ; |ram|4x32ram:inst3|4x4ram:inst5|memory_cell:inst13|inst4 ; out0             ;
; |ram|4x32ram:inst3|4x4ram:inst5|memory_cell:inst11|inst3 ; |ram|4x32ram:inst3|4x4ram:inst5|memory_cell:inst11|inst3 ; out              ;
; |ram|4x32ram:inst3|4x4ram:inst5|memory_cell:inst11|inst  ; |ram|4x32ram:inst3|4x4ram:inst5|memory_cell:inst11|inst  ; regout           ;
; |ram|4x32ram:inst3|4x4ram:inst5|memory_cell:inst11|inst4 ; |ram|4x32ram:inst3|4x4ram:inst5|memory_cell:inst11|inst4 ; out0             ;
; |ram|4x32ram:inst3|4x4ram:inst5|memory_cell:inst9|inst3  ; |ram|4x32ram:inst3|4x4ram:inst5|memory_cell:inst9|inst3  ; out              ;
; |ram|4x32ram:inst3|4x4ram:inst5|memory_cell:inst9|inst   ; |ram|4x32ram:inst3|4x4ram:inst5|memory_cell:inst9|inst   ; regout           ;
; |ram|4x32ram:inst3|4x4ram:inst5|memory_cell:inst9|inst4  ; |ram|4x32ram:inst3|4x4ram:inst5|memory_cell:inst9|inst4  ; out0             ;
; |ram|4x32ram:inst3|4x4ram:inst5|memory_cell:inst8|inst3  ; |ram|4x32ram:inst3|4x4ram:inst5|memory_cell:inst8|inst3  ; out              ;
; |ram|4x32ram:inst3|4x4ram:inst5|memory_cell:inst8|inst   ; |ram|4x32ram:inst3|4x4ram:inst5|memory_cell:inst8|inst   ; regout           ;
; |ram|4x32ram:inst3|4x4ram:inst5|memory_cell:inst8|inst4  ; |ram|4x32ram:inst3|4x4ram:inst5|memory_cell:inst8|inst4  ; out0             ;
; |ram|4x32ram:inst3|4x4ram:inst5|memory_cell:inst6|inst3  ; |ram|4x32ram:inst3|4x4ram:inst5|memory_cell:inst6|inst3  ; out              ;
; |ram|4x32ram:inst3|4x4ram:inst5|memory_cell:inst6|inst   ; |ram|4x32ram:inst3|4x4ram:inst5|memory_cell:inst6|inst   ; regout           ;
; |ram|4x32ram:inst3|4x4ram:inst5|memory_cell:inst6|inst4  ; |ram|4x32ram:inst3|4x4ram:inst5|memory_cell:inst6|inst4  ; out0             ;
; |ram|4x32ram:inst3|4x4ram:inst5|memory_cell:inst4|inst3  ; |ram|4x32ram:inst3|4x4ram:inst5|memory_cell:inst4|inst3  ; out              ;
; |ram|4x32ram:inst3|4x4ram:inst5|memory_cell:inst4|inst   ; |ram|4x32ram:inst3|4x4ram:inst5|memory_cell:inst4|inst   ; regout           ;
; |ram|4x32ram:inst3|4x4ram:inst5|memory_cell:inst4|inst4  ; |ram|4x32ram:inst3|4x4ram:inst5|memory_cell:inst4|inst4  ; out0             ;
; |ram|4x32ram:inst3|4x4ram:inst5|24decoder:inst|inst3     ; |ram|4x32ram:inst3|4x4ram:inst5|24decoder:inst|inst3     ; out0             ;
; |ram|4x32ram:inst3|4x4ram:inst5|memory_cell:inst2|inst3  ; |ram|4x32ram:inst3|4x4ram:inst5|memory_cell:inst2|inst3  ; out              ;
; |ram|4x32ram:inst3|4x4ram:inst5|memory_cell:inst2|inst   ; |ram|4x32ram:inst3|4x4ram:inst5|memory_cell:inst2|inst   ; regout           ;
; |ram|4x32ram:inst3|4x4ram:inst5|memory_cell:inst2|inst4  ; |ram|4x32ram:inst3|4x4ram:inst5|memory_cell:inst2|inst4  ; out0             ;
; |ram|4x32ram:inst3|4x4ram:inst4|inst20                   ; |ram|4x32ram:inst3|4x4ram:inst4|inst20                   ; out              ;
; |ram|4x32ram:inst3|4x4ram:inst4|IN~0                     ; |ram|4x32ram:inst3|4x4ram:inst4|IN~0                     ; out0             ;
; |ram|4x32ram:inst3|4x4ram:inst4|inst17                   ; |ram|4x32ram:inst3|4x4ram:inst4|inst17                   ; out0             ;
; |ram|4x32ram:inst3|4x4ram:inst4|inst18                   ; |ram|4x32ram:inst3|4x4ram:inst4|inst18                   ; out0             ;
; |ram|4x32ram:inst3|4x4ram:inst4|inst21                   ; |ram|4x32ram:inst3|4x4ram:inst4|inst21                   ; out              ;
; |ram|4x32ram:inst3|4x4ram:inst4|IN~1                     ; |ram|4x32ram:inst3|4x4ram:inst4|IN~1                     ; out0             ;
; |ram|4x32ram:inst3|4x4ram:inst4|inst22                   ; |ram|4x32ram:inst3|4x4ram:inst4|inst22                   ; out              ;
; |ram|4x32ram:inst3|4x4ram:inst4|IN~2                     ; |ram|4x32ram:inst3|4x4ram:inst4|IN~2                     ; out0             ;
; |ram|4x32ram:inst3|4x4ram:inst4|inst19                   ; |ram|4x32ram:inst3|4x4ram:inst4|inst19                   ; out              ;
; |ram|4x32ram:inst3|4x4ram:inst4|IN~3                     ; |ram|4x32ram:inst3|4x4ram:inst4|IN~3                     ; out0             ;
; |ram|4x32ram:inst3|4x4ram:inst4|memory_cell:inst3|inst3  ; |ram|4x32ram:inst3|4x4ram:inst4|memory_cell:inst3|inst3  ; out              ;
; |ram|4x32ram:inst3|4x4ram:inst4|memory_cell:inst3|inst   ; |ram|4x32ram:inst3|4x4ram:inst4|memory_cell:inst3|inst   ; regout           ;
; |ram|4x32ram:inst3|4x4ram:inst4|memory_cell:inst3|inst4  ; |ram|4x32ram:inst3|4x4ram:inst4|memory_cell:inst3|inst4  ; out0             ;
; |ram|4x32ram:inst3|4x4ram:inst4|memory_cell:inst5|inst3  ; |ram|4x32ram:inst3|4x4ram:inst4|memory_cell:inst5|inst3  ; out              ;
; |ram|4x32ram:inst3|4x4ram:inst4|memory_cell:inst5|inst   ; |ram|4x32ram:inst3|4x4ram:inst4|memory_cell:inst5|inst   ; regout           ;
; |ram|4x32ram:inst3|4x4ram:inst4|memory_cell:inst5|inst4  ; |ram|4x32ram:inst3|4x4ram:inst4|memory_cell:inst5|inst4  ; out0             ;
; |ram|4x32ram:inst3|4x4ram:inst4|memory_cell:inst7|inst3  ; |ram|4x32ram:inst3|4x4ram:inst4|memory_cell:inst7|inst3  ; out              ;
; |ram|4x32ram:inst3|4x4ram:inst4|memory_cell:inst7|inst   ; |ram|4x32ram:inst3|4x4ram:inst4|memory_cell:inst7|inst   ; regout           ;
; |ram|4x32ram:inst3|4x4ram:inst4|memory_cell:inst7|inst4  ; |ram|4x32ram:inst3|4x4ram:inst4|memory_cell:inst7|inst4  ; out0             ;
; |ram|4x32ram:inst3|4x4ram:inst4|memory_cell:inst1|inst3  ; |ram|4x32ram:inst3|4x4ram:inst4|memory_cell:inst1|inst3  ; out              ;
; |ram|4x32ram:inst3|4x4ram:inst4|memory_cell:inst1|inst   ; |ram|4x32ram:inst3|4x4ram:inst4|memory_cell:inst1|inst   ; regout           ;
; |ram|4x32ram:inst3|4x4ram:inst4|memory_cell:inst1|inst4  ; |ram|4x32ram:inst3|4x4ram:inst4|memory_cell:inst1|inst4  ; out0             ;
; |ram|4x32ram:inst3|4x4ram:inst4|memory_cell:inst16|inst3 ; |ram|4x32ram:inst3|4x4ram:inst4|memory_cell:inst16|inst3 ; out              ;
; |ram|4x32ram:inst3|4x4ram:inst4|memory_cell:inst16|inst  ; |ram|4x32ram:inst3|4x4ram:inst4|memory_cell:inst16|inst  ; regout           ;
; |ram|4x32ram:inst3|4x4ram:inst4|memory_cell:inst16|inst4 ; |ram|4x32ram:inst3|4x4ram:inst4|memory_cell:inst16|inst4 ; out0             ;
; |ram|4x32ram:inst3|4x4ram:inst4|memory_cell:inst14|inst3 ; |ram|4x32ram:inst3|4x4ram:inst4|memory_cell:inst14|inst3 ; out              ;
; |ram|4x32ram:inst3|4x4ram:inst4|memory_cell:inst14|inst  ; |ram|4x32ram:inst3|4x4ram:inst4|memory_cell:inst14|inst  ; regout           ;
; |ram|4x32ram:inst3|4x4ram:inst4|memory_cell:inst14|inst4 ; |ram|4x32ram:inst3|4x4ram:inst4|memory_cell:inst14|inst4 ; out0             ;
; |ram|4x32ram:inst3|4x4ram:inst4|memory_cell:inst12|inst3 ; |ram|4x32ram:inst3|4x4ram:inst4|memory_cell:inst12|inst3 ; out              ;
; |ram|4x32ram:inst3|4x4ram:inst4|memory_cell:inst12|inst  ; |ram|4x32ram:inst3|4x4ram:inst4|memory_cell:inst12|inst  ; regout           ;
; |ram|4x32ram:inst3|4x4ram:inst4|memory_cell:inst12|inst4 ; |ram|4x32ram:inst3|4x4ram:inst4|memory_cell:inst12|inst4 ; out0             ;
; |ram|4x32ram:inst3|4x4ram:inst4|memory_cell:inst10|inst3 ; |ram|4x32ram:inst3|4x4ram:inst4|memory_cell:inst10|inst3 ; out              ;
; |ram|4x32ram:inst3|4x4ram:inst4|memory_cell:inst10|inst  ; |ram|4x32ram:inst3|4x4ram:inst4|memory_cell:inst10|inst  ; regout           ;
; |ram|4x32ram:inst3|4x4ram:inst4|memory_cell:inst10|inst4 ; |ram|4x32ram:inst3|4x4ram:inst4|memory_cell:inst10|inst4 ; out0             ;
; |ram|4x32ram:inst3|4x4ram:inst4|memory_cell:inst15|inst3 ; |ram|4x32ram:inst3|4x4ram:inst4|memory_cell:inst15|inst3 ; out              ;
; |ram|4x32ram:inst3|4x4ram:inst4|memory_cell:inst15|inst  ; |ram|4x32ram:inst3|4x4ram:inst4|memory_cell:inst15|inst  ; regout           ;
; |ram|4x32ram:inst3|4x4ram:inst4|memory_cell:inst15|inst4 ; |ram|4x32ram:inst3|4x4ram:inst4|memory_cell:inst15|inst4 ; out0             ;
; |ram|4x32ram:inst3|4x4ram:inst4|memory_cell:inst13|inst3 ; |ram|4x32ram:inst3|4x4ram:inst4|memory_cell:inst13|inst3 ; out              ;
; |ram|4x32ram:inst3|4x4ram:inst4|memory_cell:inst13|inst  ; |ram|4x32ram:inst3|4x4ram:inst4|memory_cell:inst13|inst  ; regout           ;
; |ram|4x32ram:inst3|4x4ram:inst4|memory_cell:inst13|inst4 ; |ram|4x32ram:inst3|4x4ram:inst4|memory_cell:inst13|inst4 ; out0             ;
; |ram|4x32ram:inst3|4x4ram:inst4|memory_cell:inst11|inst3 ; |ram|4x32ram:inst3|4x4ram:inst4|memory_cell:inst11|inst3 ; out              ;
; |ram|4x32ram:inst3|4x4ram:inst4|memory_cell:inst11|inst  ; |ram|4x32ram:inst3|4x4ram:inst4|memory_cell:inst11|inst  ; regout           ;
; |ram|4x32ram:inst3|4x4ram:inst4|memory_cell:inst11|inst4 ; |ram|4x32ram:inst3|4x4ram:inst4|memory_cell:inst11|inst4 ; out0             ;
; |ram|4x32ram:inst3|4x4ram:inst4|memory_cell:inst9|inst3  ; |ram|4x32ram:inst3|4x4ram:inst4|memory_cell:inst9|inst3  ; out              ;
; |ram|4x32ram:inst3|4x4ram:inst4|memory_cell:inst9|inst   ; |ram|4x32ram:inst3|4x4ram:inst4|memory_cell:inst9|inst   ; regout           ;
; |ram|4x32ram:inst3|4x4ram:inst4|memory_cell:inst9|inst4  ; |ram|4x32ram:inst3|4x4ram:inst4|memory_cell:inst9|inst4  ; out0             ;
; |ram|4x32ram:inst3|4x4ram:inst4|memory_cell:inst8|inst3  ; |ram|4x32ram:inst3|4x4ram:inst4|memory_cell:inst8|inst3  ; out              ;
; |ram|4x32ram:inst3|4x4ram:inst4|memory_cell:inst8|inst   ; |ram|4x32ram:inst3|4x4ram:inst4|memory_cell:inst8|inst   ; regout           ;
; |ram|4x32ram:inst3|4x4ram:inst4|memory_cell:inst8|inst4  ; |ram|4x32ram:inst3|4x4ram:inst4|memory_cell:inst8|inst4  ; out0             ;
; |ram|4x32ram:inst3|4x4ram:inst4|memory_cell:inst6|inst3  ; |ram|4x32ram:inst3|4x4ram:inst4|memory_cell:inst6|inst3  ; out              ;
; |ram|4x32ram:inst3|4x4ram:inst4|memory_cell:inst6|inst   ; |ram|4x32ram:inst3|4x4ram:inst4|memory_cell:inst6|inst   ; regout           ;
; |ram|4x32ram:inst3|4x4ram:inst4|memory_cell:inst6|inst4  ; |ram|4x32ram:inst3|4x4ram:inst4|memory_cell:inst6|inst4  ; out0             ;
; |ram|4x32ram:inst3|4x4ram:inst4|memory_cell:inst4|inst3  ; |ram|4x32ram:inst3|4x4ram:inst4|memory_cell:inst4|inst3  ; out              ;
; |ram|4x32ram:inst3|4x4ram:inst4|memory_cell:inst4|inst   ; |ram|4x32ram:inst3|4x4ram:inst4|memory_cell:inst4|inst   ; regout           ;
; |ram|4x32ram:inst3|4x4ram:inst4|memory_cell:inst4|inst4  ; |ram|4x32ram:inst3|4x4ram:inst4|memory_cell:inst4|inst4  ; out0             ;
; |ram|4x32ram:inst3|4x4ram:inst4|24decoder:inst|inst3     ; |ram|4x32ram:inst3|4x4ram:inst4|24decoder:inst|inst3     ; out0             ;
; |ram|4x32ram:inst3|4x4ram:inst4|memory_cell:inst2|inst3  ; |ram|4x32ram:inst3|4x4ram:inst4|memory_cell:inst2|inst3  ; out              ;
; |ram|4x32ram:inst3|4x4ram:inst4|memory_cell:inst2|inst   ; |ram|4x32ram:inst3|4x4ram:inst4|memory_cell:inst2|inst   ; regout           ;
; |ram|4x32ram:inst3|4x4ram:inst4|memory_cell:inst2|inst4  ; |ram|4x32ram:inst3|4x4ram:inst4|memory_cell:inst2|inst4  ; out0             ;
; |ram|4x32ram:inst3|4x4ram:inst3|inst20                   ; |ram|4x32ram:inst3|4x4ram:inst3|inst20                   ; out              ;
; |ram|4x32ram:inst3|4x4ram:inst3|IN~0                     ; |ram|4x32ram:inst3|4x4ram:inst3|IN~0                     ; out0             ;
; |ram|4x32ram:inst3|4x4ram:inst3|inst17                   ; |ram|4x32ram:inst3|4x4ram:inst3|inst17                   ; out0             ;
; |ram|4x32ram:inst3|4x4ram:inst3|inst18                   ; |ram|4x32ram:inst3|4x4ram:inst3|inst18                   ; out0             ;
; |ram|4x32ram:inst3|4x4ram:inst3|inst21                   ; |ram|4x32ram:inst3|4x4ram:inst3|inst21                   ; out              ;
; |ram|4x32ram:inst3|4x4ram:inst3|IN~1                     ; |ram|4x32ram:inst3|4x4ram:inst3|IN~1                     ; out0             ;
; |ram|4x32ram:inst3|4x4ram:inst3|inst22                   ; |ram|4x32ram:inst3|4x4ram:inst3|inst22                   ; out              ;
; |ram|4x32ram:inst3|4x4ram:inst3|IN~2                     ; |ram|4x32ram:inst3|4x4ram:inst3|IN~2                     ; out0             ;
; |ram|4x32ram:inst3|4x4ram:inst3|inst19                   ; |ram|4x32ram:inst3|4x4ram:inst3|inst19                   ; out              ;
; |ram|4x32ram:inst3|4x4ram:inst3|IN~3                     ; |ram|4x32ram:inst3|4x4ram:inst3|IN~3                     ; out0             ;
; |ram|4x32ram:inst3|4x4ram:inst3|memory_cell:inst3|inst3  ; |ram|4x32ram:inst3|4x4ram:inst3|memory_cell:inst3|inst3  ; out              ;
; |ram|4x32ram:inst3|4x4ram:inst3|memory_cell:inst3|inst   ; |ram|4x32ram:inst3|4x4ram:inst3|memory_cell:inst3|inst   ; regout           ;
; |ram|4x32ram:inst3|4x4ram:inst3|memory_cell:inst3|inst4  ; |ram|4x32ram:inst3|4x4ram:inst3|memory_cell:inst3|inst4  ; out0             ;
; |ram|4x32ram:inst3|4x4ram:inst3|memory_cell:inst5|inst3  ; |ram|4x32ram:inst3|4x4ram:inst3|memory_cell:inst5|inst3  ; out              ;
; |ram|4x32ram:inst3|4x4ram:inst3|memory_cell:inst5|inst   ; |ram|4x32ram:inst3|4x4ram:inst3|memory_cell:inst5|inst   ; regout           ;
; |ram|4x32ram:inst3|4x4ram:inst3|memory_cell:inst5|inst4  ; |ram|4x32ram:inst3|4x4ram:inst3|memory_cell:inst5|inst4  ; out0             ;
; |ram|4x32ram:inst3|4x4ram:inst3|memory_cell:inst7|inst3  ; |ram|4x32ram:inst3|4x4ram:inst3|memory_cell:inst7|inst3  ; out              ;
; |ram|4x32ram:inst3|4x4ram:inst3|memory_cell:inst7|inst   ; |ram|4x32ram:inst3|4x4ram:inst3|memory_cell:inst7|inst   ; regout           ;
; |ram|4x32ram:inst3|4x4ram:inst3|memory_cell:inst7|inst4  ; |ram|4x32ram:inst3|4x4ram:inst3|memory_cell:inst7|inst4  ; out0             ;
; |ram|4x32ram:inst3|4x4ram:inst3|memory_cell:inst1|inst3  ; |ram|4x32ram:inst3|4x4ram:inst3|memory_cell:inst1|inst3  ; out              ;
; |ram|4x32ram:inst3|4x4ram:inst3|memory_cell:inst1|inst   ; |ram|4x32ram:inst3|4x4ram:inst3|memory_cell:inst1|inst   ; regout           ;
; |ram|4x32ram:inst3|4x4ram:inst3|memory_cell:inst1|inst4  ; |ram|4x32ram:inst3|4x4ram:inst3|memory_cell:inst1|inst4  ; out0             ;
; |ram|4x32ram:inst3|4x4ram:inst3|memory_cell:inst16|inst3 ; |ram|4x32ram:inst3|4x4ram:inst3|memory_cell:inst16|inst3 ; out              ;
; |ram|4x32ram:inst3|4x4ram:inst3|memory_cell:inst16|inst  ; |ram|4x32ram:inst3|4x4ram:inst3|memory_cell:inst16|inst  ; regout           ;
; |ram|4x32ram:inst3|4x4ram:inst3|memory_cell:inst16|inst4 ; |ram|4x32ram:inst3|4x4ram:inst3|memory_cell:inst16|inst4 ; out0             ;
; |ram|4x32ram:inst3|4x4ram:inst3|memory_cell:inst14|inst3 ; |ram|4x32ram:inst3|4x4ram:inst3|memory_cell:inst14|inst3 ; out              ;
; |ram|4x32ram:inst3|4x4ram:inst3|memory_cell:inst14|inst  ; |ram|4x32ram:inst3|4x4ram:inst3|memory_cell:inst14|inst  ; regout           ;
; |ram|4x32ram:inst3|4x4ram:inst3|memory_cell:inst14|inst4 ; |ram|4x32ram:inst3|4x4ram:inst3|memory_cell:inst14|inst4 ; out0             ;
; |ram|4x32ram:inst3|4x4ram:inst3|memory_cell:inst12|inst3 ; |ram|4x32ram:inst3|4x4ram:inst3|memory_cell:inst12|inst3 ; out              ;
; |ram|4x32ram:inst3|4x4ram:inst3|memory_cell:inst12|inst  ; |ram|4x32ram:inst3|4x4ram:inst3|memory_cell:inst12|inst  ; regout           ;
; |ram|4x32ram:inst3|4x4ram:inst3|memory_cell:inst12|inst4 ; |ram|4x32ram:inst3|4x4ram:inst3|memory_cell:inst12|inst4 ; out0             ;
; |ram|4x32ram:inst3|4x4ram:inst3|memory_cell:inst10|inst3 ; |ram|4x32ram:inst3|4x4ram:inst3|memory_cell:inst10|inst3 ; out              ;
; |ram|4x32ram:inst3|4x4ram:inst3|memory_cell:inst10|inst  ; |ram|4x32ram:inst3|4x4ram:inst3|memory_cell:inst10|inst  ; regout           ;
; |ram|4x32ram:inst3|4x4ram:inst3|memory_cell:inst10|inst4 ; |ram|4x32ram:inst3|4x4ram:inst3|memory_cell:inst10|inst4 ; out0             ;
; |ram|4x32ram:inst3|4x4ram:inst3|memory_cell:inst15|inst3 ; |ram|4x32ram:inst3|4x4ram:inst3|memory_cell:inst15|inst3 ; out              ;
; |ram|4x32ram:inst3|4x4ram:inst3|memory_cell:inst15|inst  ; |ram|4x32ram:inst3|4x4ram:inst3|memory_cell:inst15|inst  ; regout           ;
; |ram|4x32ram:inst3|4x4ram:inst3|memory_cell:inst15|inst4 ; |ram|4x32ram:inst3|4x4ram:inst3|memory_cell:inst15|inst4 ; out0             ;
; |ram|4x32ram:inst3|4x4ram:inst3|memory_cell:inst13|inst3 ; |ram|4x32ram:inst3|4x4ram:inst3|memory_cell:inst13|inst3 ; out              ;
; |ram|4x32ram:inst3|4x4ram:inst3|memory_cell:inst13|inst  ; |ram|4x32ram:inst3|4x4ram:inst3|memory_cell:inst13|inst  ; regout           ;
; |ram|4x32ram:inst3|4x4ram:inst3|memory_cell:inst13|inst4 ; |ram|4x32ram:inst3|4x4ram:inst3|memory_cell:inst13|inst4 ; out0             ;
; |ram|4x32ram:inst3|4x4ram:inst3|memory_cell:inst11|inst3 ; |ram|4x32ram:inst3|4x4ram:inst3|memory_cell:inst11|inst3 ; out              ;
; |ram|4x32ram:inst3|4x4ram:inst3|memory_cell:inst11|inst  ; |ram|4x32ram:inst3|4x4ram:inst3|memory_cell:inst11|inst  ; regout           ;
; |ram|4x32ram:inst3|4x4ram:inst3|memory_cell:inst11|inst4 ; |ram|4x32ram:inst3|4x4ram:inst3|memory_cell:inst11|inst4 ; out0             ;
; |ram|4x32ram:inst3|4x4ram:inst3|memory_cell:inst9|inst3  ; |ram|4x32ram:inst3|4x4ram:inst3|memory_cell:inst9|inst3  ; out              ;
; |ram|4x32ram:inst3|4x4ram:inst3|memory_cell:inst9|inst   ; |ram|4x32ram:inst3|4x4ram:inst3|memory_cell:inst9|inst   ; regout           ;
; |ram|4x32ram:inst3|4x4ram:inst3|memory_cell:inst9|inst4  ; |ram|4x32ram:inst3|4x4ram:inst3|memory_cell:inst9|inst4  ; out0             ;
; |ram|4x32ram:inst3|4x4ram:inst3|memory_cell:inst8|inst3  ; |ram|4x32ram:inst3|4x4ram:inst3|memory_cell:inst8|inst3  ; out              ;
; |ram|4x32ram:inst3|4x4ram:inst3|memory_cell:inst8|inst   ; |ram|4x32ram:inst3|4x4ram:inst3|memory_cell:inst8|inst   ; regout           ;
; |ram|4x32ram:inst3|4x4ram:inst3|memory_cell:inst8|inst4  ; |ram|4x32ram:inst3|4x4ram:inst3|memory_cell:inst8|inst4  ; out0             ;
; |ram|4x32ram:inst3|4x4ram:inst3|memory_cell:inst6|inst3  ; |ram|4x32ram:inst3|4x4ram:inst3|memory_cell:inst6|inst3  ; out              ;
; |ram|4x32ram:inst3|4x4ram:inst3|memory_cell:inst6|inst   ; |ram|4x32ram:inst3|4x4ram:inst3|memory_cell:inst6|inst   ; regout           ;
; |ram|4x32ram:inst3|4x4ram:inst3|memory_cell:inst6|inst4  ; |ram|4x32ram:inst3|4x4ram:inst3|memory_cell:inst6|inst4  ; out0             ;
; |ram|4x32ram:inst3|4x4ram:inst3|memory_cell:inst4|inst3  ; |ram|4x32ram:inst3|4x4ram:inst3|memory_cell:inst4|inst3  ; out              ;
; |ram|4x32ram:inst3|4x4ram:inst3|memory_cell:inst4|inst   ; |ram|4x32ram:inst3|4x4ram:inst3|memory_cell:inst4|inst   ; regout           ;
; |ram|4x32ram:inst3|4x4ram:inst3|memory_cell:inst4|inst4  ; |ram|4x32ram:inst3|4x4ram:inst3|memory_cell:inst4|inst4  ; out0             ;
; |ram|4x32ram:inst3|4x4ram:inst3|24decoder:inst|inst3     ; |ram|4x32ram:inst3|4x4ram:inst3|24decoder:inst|inst3     ; out0             ;
; |ram|4x32ram:inst3|4x4ram:inst3|memory_cell:inst2|inst3  ; |ram|4x32ram:inst3|4x4ram:inst3|memory_cell:inst2|inst3  ; out              ;
; |ram|4x32ram:inst3|4x4ram:inst3|memory_cell:inst2|inst   ; |ram|4x32ram:inst3|4x4ram:inst3|memory_cell:inst2|inst   ; regout           ;
; |ram|4x32ram:inst3|4x4ram:inst3|memory_cell:inst2|inst4  ; |ram|4x32ram:inst3|4x4ram:inst3|memory_cell:inst2|inst4  ; out0             ;
; |ram|4x32ram:inst3|4x4ram:inst1|inst20                   ; |ram|4x32ram:inst3|4x4ram:inst1|inst20                   ; out              ;
; |ram|4x32ram:inst3|4x4ram:inst1|IN~0                     ; |ram|4x32ram:inst3|4x4ram:inst1|IN~0                     ; out0             ;
; |ram|4x32ram:inst3|4x4ram:inst1|inst17                   ; |ram|4x32ram:inst3|4x4ram:inst1|inst17                   ; out0             ;
; |ram|4x32ram:inst3|4x4ram:inst1|inst18                   ; |ram|4x32ram:inst3|4x4ram:inst1|inst18                   ; out0             ;
; |ram|4x32ram:inst3|4x4ram:inst1|inst21                   ; |ram|4x32ram:inst3|4x4ram:inst1|inst21                   ; out              ;
; |ram|4x32ram:inst3|4x4ram:inst1|IN~1                     ; |ram|4x32ram:inst3|4x4ram:inst1|IN~1                     ; out0             ;
; |ram|4x32ram:inst3|4x4ram:inst1|inst22                   ; |ram|4x32ram:inst3|4x4ram:inst1|inst22                   ; out              ;
; |ram|4x32ram:inst3|4x4ram:inst1|IN~2                     ; |ram|4x32ram:inst3|4x4ram:inst1|IN~2                     ; out0             ;
; |ram|4x32ram:inst3|4x4ram:inst1|inst19                   ; |ram|4x32ram:inst3|4x4ram:inst1|inst19                   ; out              ;
; |ram|4x32ram:inst3|4x4ram:inst1|IN~3                     ; |ram|4x32ram:inst3|4x4ram:inst1|IN~3                     ; out0             ;
; |ram|4x32ram:inst3|4x4ram:inst1|memory_cell:inst3|inst3  ; |ram|4x32ram:inst3|4x4ram:inst1|memory_cell:inst3|inst3  ; out              ;
; |ram|4x32ram:inst3|4x4ram:inst1|memory_cell:inst3|inst   ; |ram|4x32ram:inst3|4x4ram:inst1|memory_cell:inst3|inst   ; regout           ;
; |ram|4x32ram:inst3|4x4ram:inst1|memory_cell:inst3|inst4  ; |ram|4x32ram:inst3|4x4ram:inst1|memory_cell:inst3|inst4  ; out0             ;
; |ram|4x32ram:inst3|4x4ram:inst1|memory_cell:inst5|inst3  ; |ram|4x32ram:inst3|4x4ram:inst1|memory_cell:inst5|inst3  ; out              ;
; |ram|4x32ram:inst3|4x4ram:inst1|memory_cell:inst5|inst   ; |ram|4x32ram:inst3|4x4ram:inst1|memory_cell:inst5|inst   ; regout           ;
; |ram|4x32ram:inst3|4x4ram:inst1|memory_cell:inst5|inst4  ; |ram|4x32ram:inst3|4x4ram:inst1|memory_cell:inst5|inst4  ; out0             ;
; |ram|4x32ram:inst3|4x4ram:inst1|memory_cell:inst7|inst3  ; |ram|4x32ram:inst3|4x4ram:inst1|memory_cell:inst7|inst3  ; out              ;
; |ram|4x32ram:inst3|4x4ram:inst1|memory_cell:inst7|inst   ; |ram|4x32ram:inst3|4x4ram:inst1|memory_cell:inst7|inst   ; regout           ;
; |ram|4x32ram:inst3|4x4ram:inst1|memory_cell:inst7|inst4  ; |ram|4x32ram:inst3|4x4ram:inst1|memory_cell:inst7|inst4  ; out0             ;
; |ram|4x32ram:inst3|4x4ram:inst1|memory_cell:inst1|inst3  ; |ram|4x32ram:inst3|4x4ram:inst1|memory_cell:inst1|inst3  ; out              ;
; |ram|4x32ram:inst3|4x4ram:inst1|memory_cell:inst1|inst   ; |ram|4x32ram:inst3|4x4ram:inst1|memory_cell:inst1|inst   ; regout           ;
; |ram|4x32ram:inst3|4x4ram:inst1|memory_cell:inst1|inst4  ; |ram|4x32ram:inst3|4x4ram:inst1|memory_cell:inst1|inst4  ; out0             ;
; |ram|4x32ram:inst3|4x4ram:inst1|memory_cell:inst16|inst3 ; |ram|4x32ram:inst3|4x4ram:inst1|memory_cell:inst16|inst3 ; out              ;
; |ram|4x32ram:inst3|4x4ram:inst1|memory_cell:inst16|inst  ; |ram|4x32ram:inst3|4x4ram:inst1|memory_cell:inst16|inst  ; regout           ;
; |ram|4x32ram:inst3|4x4ram:inst1|memory_cell:inst16|inst4 ; |ram|4x32ram:inst3|4x4ram:inst1|memory_cell:inst16|inst4 ; out0             ;
; |ram|4x32ram:inst3|4x4ram:inst1|memory_cell:inst14|inst3 ; |ram|4x32ram:inst3|4x4ram:inst1|memory_cell:inst14|inst3 ; out              ;
; |ram|4x32ram:inst3|4x4ram:inst1|memory_cell:inst14|inst  ; |ram|4x32ram:inst3|4x4ram:inst1|memory_cell:inst14|inst  ; regout           ;
; |ram|4x32ram:inst3|4x4ram:inst1|memory_cell:inst14|inst4 ; |ram|4x32ram:inst3|4x4ram:inst1|memory_cell:inst14|inst4 ; out0             ;
; |ram|4x32ram:inst3|4x4ram:inst1|memory_cell:inst12|inst3 ; |ram|4x32ram:inst3|4x4ram:inst1|memory_cell:inst12|inst3 ; out              ;
; |ram|4x32ram:inst3|4x4ram:inst1|memory_cell:inst12|inst  ; |ram|4x32ram:inst3|4x4ram:inst1|memory_cell:inst12|inst  ; regout           ;
; |ram|4x32ram:inst3|4x4ram:inst1|memory_cell:inst12|inst4 ; |ram|4x32ram:inst3|4x4ram:inst1|memory_cell:inst12|inst4 ; out0             ;
; |ram|4x32ram:inst3|4x4ram:inst1|memory_cell:inst10|inst3 ; |ram|4x32ram:inst3|4x4ram:inst1|memory_cell:inst10|inst3 ; out              ;
; |ram|4x32ram:inst3|4x4ram:inst1|memory_cell:inst10|inst  ; |ram|4x32ram:inst3|4x4ram:inst1|memory_cell:inst10|inst  ; regout           ;
; |ram|4x32ram:inst3|4x4ram:inst1|memory_cell:inst10|inst4 ; |ram|4x32ram:inst3|4x4ram:inst1|memory_cell:inst10|inst4 ; out0             ;
; |ram|4x32ram:inst3|4x4ram:inst1|memory_cell:inst15|inst3 ; |ram|4x32ram:inst3|4x4ram:inst1|memory_cell:inst15|inst3 ; out              ;
; |ram|4x32ram:inst3|4x4ram:inst1|memory_cell:inst15|inst  ; |ram|4x32ram:inst3|4x4ram:inst1|memory_cell:inst15|inst  ; regout           ;
; |ram|4x32ram:inst3|4x4ram:inst1|memory_cell:inst15|inst4 ; |ram|4x32ram:inst3|4x4ram:inst1|memory_cell:inst15|inst4 ; out0             ;
; |ram|4x32ram:inst3|4x4ram:inst1|memory_cell:inst13|inst3 ; |ram|4x32ram:inst3|4x4ram:inst1|memory_cell:inst13|inst3 ; out              ;
; |ram|4x32ram:inst3|4x4ram:inst1|memory_cell:inst13|inst  ; |ram|4x32ram:inst3|4x4ram:inst1|memory_cell:inst13|inst  ; regout           ;
; |ram|4x32ram:inst3|4x4ram:inst1|memory_cell:inst13|inst4 ; |ram|4x32ram:inst3|4x4ram:inst1|memory_cell:inst13|inst4 ; out0             ;
; |ram|4x32ram:inst3|4x4ram:inst1|memory_cell:inst11|inst3 ; |ram|4x32ram:inst3|4x4ram:inst1|memory_cell:inst11|inst3 ; out              ;
; |ram|4x32ram:inst3|4x4ram:inst1|memory_cell:inst11|inst  ; |ram|4x32ram:inst3|4x4ram:inst1|memory_cell:inst11|inst  ; regout           ;
; |ram|4x32ram:inst3|4x4ram:inst1|memory_cell:inst11|inst4 ; |ram|4x32ram:inst3|4x4ram:inst1|memory_cell:inst11|inst4 ; out0             ;
; |ram|4x32ram:inst3|4x4ram:inst1|memory_cell:inst9|inst3  ; |ram|4x32ram:inst3|4x4ram:inst1|memory_cell:inst9|inst3  ; out              ;
; |ram|4x32ram:inst3|4x4ram:inst1|memory_cell:inst9|inst   ; |ram|4x32ram:inst3|4x4ram:inst1|memory_cell:inst9|inst   ; regout           ;
; |ram|4x32ram:inst3|4x4ram:inst1|memory_cell:inst9|inst4  ; |ram|4x32ram:inst3|4x4ram:inst1|memory_cell:inst9|inst4  ; out0             ;
; |ram|4x32ram:inst3|4x4ram:inst1|memory_cell:inst8|inst3  ; |ram|4x32ram:inst3|4x4ram:inst1|memory_cell:inst8|inst3  ; out              ;
; |ram|4x32ram:inst3|4x4ram:inst1|memory_cell:inst8|inst   ; |ram|4x32ram:inst3|4x4ram:inst1|memory_cell:inst8|inst   ; regout           ;
; |ram|4x32ram:inst3|4x4ram:inst1|memory_cell:inst8|inst4  ; |ram|4x32ram:inst3|4x4ram:inst1|memory_cell:inst8|inst4  ; out0             ;
; |ram|4x32ram:inst3|4x4ram:inst1|memory_cell:inst6|inst3  ; |ram|4x32ram:inst3|4x4ram:inst1|memory_cell:inst6|inst3  ; out              ;
; |ram|4x32ram:inst3|4x4ram:inst1|memory_cell:inst6|inst   ; |ram|4x32ram:inst3|4x4ram:inst1|memory_cell:inst6|inst   ; regout           ;
; |ram|4x32ram:inst3|4x4ram:inst1|memory_cell:inst6|inst4  ; |ram|4x32ram:inst3|4x4ram:inst1|memory_cell:inst6|inst4  ; out0             ;
; |ram|4x32ram:inst3|4x4ram:inst1|memory_cell:inst4|inst3  ; |ram|4x32ram:inst3|4x4ram:inst1|memory_cell:inst4|inst3  ; out              ;
; |ram|4x32ram:inst3|4x4ram:inst1|memory_cell:inst4|inst   ; |ram|4x32ram:inst3|4x4ram:inst1|memory_cell:inst4|inst   ; regout           ;
; |ram|4x32ram:inst3|4x4ram:inst1|memory_cell:inst4|inst4  ; |ram|4x32ram:inst3|4x4ram:inst1|memory_cell:inst4|inst4  ; out0             ;
; |ram|4x32ram:inst3|4x4ram:inst1|24decoder:inst|inst3     ; |ram|4x32ram:inst3|4x4ram:inst1|24decoder:inst|inst3     ; out0             ;
; |ram|4x32ram:inst3|4x4ram:inst1|memory_cell:inst2|inst3  ; |ram|4x32ram:inst3|4x4ram:inst1|memory_cell:inst2|inst3  ; out              ;
; |ram|4x32ram:inst3|4x4ram:inst1|memory_cell:inst2|inst   ; |ram|4x32ram:inst3|4x4ram:inst1|memory_cell:inst2|inst   ; regout           ;
; |ram|4x32ram:inst3|4x4ram:inst1|memory_cell:inst2|inst4  ; |ram|4x32ram:inst3|4x4ram:inst1|memory_cell:inst2|inst4  ; out0             ;
; |ram|4x32ram:inst3|4x4ram:inst|inst20                    ; |ram|4x32ram:inst3|4x4ram:inst|inst20                    ; out              ;
; |ram|4x32ram:inst3|4x4ram:inst|IN~0                      ; |ram|4x32ram:inst3|4x4ram:inst|IN~0                      ; out0             ;
; |ram|4x32ram:inst3|4x4ram:inst|inst17                    ; |ram|4x32ram:inst3|4x4ram:inst|inst17                    ; out0             ;
; |ram|4x32ram:inst3|4x4ram:inst|inst18                    ; |ram|4x32ram:inst3|4x4ram:inst|inst18                    ; out0             ;
; |ram|4x32ram:inst3|4x4ram:inst|inst21                    ; |ram|4x32ram:inst3|4x4ram:inst|inst21                    ; out              ;
; |ram|4x32ram:inst3|4x4ram:inst|IN~1                      ; |ram|4x32ram:inst3|4x4ram:inst|IN~1                      ; out0             ;
; |ram|4x32ram:inst3|4x4ram:inst|inst22                    ; |ram|4x32ram:inst3|4x4ram:inst|inst22                    ; out              ;
; |ram|4x32ram:inst3|4x4ram:inst|IN~2                      ; |ram|4x32ram:inst3|4x4ram:inst|IN~2                      ; out0             ;
; |ram|4x32ram:inst3|4x4ram:inst|inst19                    ; |ram|4x32ram:inst3|4x4ram:inst|inst19                    ; out              ;
; |ram|4x32ram:inst3|4x4ram:inst|IN~3                      ; |ram|4x32ram:inst3|4x4ram:inst|IN~3                      ; out0             ;
; |ram|4x32ram:inst3|4x4ram:inst|memory_cell:inst3|inst3   ; |ram|4x32ram:inst3|4x4ram:inst|memory_cell:inst3|inst3   ; out              ;
; |ram|4x32ram:inst3|4x4ram:inst|memory_cell:inst3|inst    ; |ram|4x32ram:inst3|4x4ram:inst|memory_cell:inst3|inst    ; regout           ;
; |ram|4x32ram:inst3|4x4ram:inst|memory_cell:inst3|inst4   ; |ram|4x32ram:inst3|4x4ram:inst|memory_cell:inst3|inst4   ; out0             ;
; |ram|4x32ram:inst3|4x4ram:inst|memory_cell:inst5|inst3   ; |ram|4x32ram:inst3|4x4ram:inst|memory_cell:inst5|inst3   ; out              ;
; |ram|4x32ram:inst3|4x4ram:inst|memory_cell:inst5|inst    ; |ram|4x32ram:inst3|4x4ram:inst|memory_cell:inst5|inst    ; regout           ;
; |ram|4x32ram:inst3|4x4ram:inst|memory_cell:inst5|inst4   ; |ram|4x32ram:inst3|4x4ram:inst|memory_cell:inst5|inst4   ; out0             ;
; |ram|4x32ram:inst3|4x4ram:inst|memory_cell:inst7|inst3   ; |ram|4x32ram:inst3|4x4ram:inst|memory_cell:inst7|inst3   ; out              ;
; |ram|4x32ram:inst3|4x4ram:inst|memory_cell:inst7|inst    ; |ram|4x32ram:inst3|4x4ram:inst|memory_cell:inst7|inst    ; regout           ;
; |ram|4x32ram:inst3|4x4ram:inst|memory_cell:inst7|inst4   ; |ram|4x32ram:inst3|4x4ram:inst|memory_cell:inst7|inst4   ; out0             ;
; |ram|4x32ram:inst3|4x4ram:inst|memory_cell:inst1|inst3   ; |ram|4x32ram:inst3|4x4ram:inst|memory_cell:inst1|inst3   ; out              ;
; |ram|4x32ram:inst3|4x4ram:inst|memory_cell:inst1|inst    ; |ram|4x32ram:inst3|4x4ram:inst|memory_cell:inst1|inst    ; regout           ;
; |ram|4x32ram:inst3|4x4ram:inst|memory_cell:inst1|inst4   ; |ram|4x32ram:inst3|4x4ram:inst|memory_cell:inst1|inst4   ; out0             ;
; |ram|4x32ram:inst3|4x4ram:inst|memory_cell:inst16|inst3  ; |ram|4x32ram:inst3|4x4ram:inst|memory_cell:inst16|inst3  ; out              ;
; |ram|4x32ram:inst3|4x4ram:inst|memory_cell:inst16|inst   ; |ram|4x32ram:inst3|4x4ram:inst|memory_cell:inst16|inst   ; regout           ;
; |ram|4x32ram:inst3|4x4ram:inst|memory_cell:inst16|inst4  ; |ram|4x32ram:inst3|4x4ram:inst|memory_cell:inst16|inst4  ; out0             ;
; |ram|4x32ram:inst3|4x4ram:inst|memory_cell:inst14|inst3  ; |ram|4x32ram:inst3|4x4ram:inst|memory_cell:inst14|inst3  ; out              ;
; |ram|4x32ram:inst3|4x4ram:inst|memory_cell:inst14|inst   ; |ram|4x32ram:inst3|4x4ram:inst|memory_cell:inst14|inst   ; regout           ;
; |ram|4x32ram:inst3|4x4ram:inst|memory_cell:inst14|inst4  ; |ram|4x32ram:inst3|4x4ram:inst|memory_cell:inst14|inst4  ; out0             ;
; |ram|4x32ram:inst3|4x4ram:inst|memory_cell:inst12|inst3  ; |ram|4x32ram:inst3|4x4ram:inst|memory_cell:inst12|inst3  ; out              ;
; |ram|4x32ram:inst3|4x4ram:inst|memory_cell:inst12|inst   ; |ram|4x32ram:inst3|4x4ram:inst|memory_cell:inst12|inst   ; regout           ;
; |ram|4x32ram:inst3|4x4ram:inst|memory_cell:inst12|inst4  ; |ram|4x32ram:inst3|4x4ram:inst|memory_cell:inst12|inst4  ; out0             ;
; |ram|4x32ram:inst3|4x4ram:inst|memory_cell:inst10|inst3  ; |ram|4x32ram:inst3|4x4ram:inst|memory_cell:inst10|inst3  ; out              ;
; |ram|4x32ram:inst3|4x4ram:inst|memory_cell:inst10|inst   ; |ram|4x32ram:inst3|4x4ram:inst|memory_cell:inst10|inst   ; regout           ;
; |ram|4x32ram:inst3|4x4ram:inst|memory_cell:inst10|inst4  ; |ram|4x32ram:inst3|4x4ram:inst|memory_cell:inst10|inst4  ; out0             ;
; |ram|4x32ram:inst3|4x4ram:inst|memory_cell:inst15|inst3  ; |ram|4x32ram:inst3|4x4ram:inst|memory_cell:inst15|inst3  ; out              ;
; |ram|4x32ram:inst3|4x4ram:inst|memory_cell:inst15|inst   ; |ram|4x32ram:inst3|4x4ram:inst|memory_cell:inst15|inst   ; regout           ;
; |ram|4x32ram:inst3|4x4ram:inst|memory_cell:inst15|inst4  ; |ram|4x32ram:inst3|4x4ram:inst|memory_cell:inst15|inst4  ; out0             ;
; |ram|4x32ram:inst3|4x4ram:inst|memory_cell:inst13|inst3  ; |ram|4x32ram:inst3|4x4ram:inst|memory_cell:inst13|inst3  ; out              ;
; |ram|4x32ram:inst3|4x4ram:inst|memory_cell:inst13|inst   ; |ram|4x32ram:inst3|4x4ram:inst|memory_cell:inst13|inst   ; regout           ;
; |ram|4x32ram:inst3|4x4ram:inst|memory_cell:inst13|inst4  ; |ram|4x32ram:inst3|4x4ram:inst|memory_cell:inst13|inst4  ; out0             ;
; |ram|4x32ram:inst3|4x4ram:inst|memory_cell:inst11|inst3  ; |ram|4x32ram:inst3|4x4ram:inst|memory_cell:inst11|inst3  ; out              ;
; |ram|4x32ram:inst3|4x4ram:inst|memory_cell:inst11|inst   ; |ram|4x32ram:inst3|4x4ram:inst|memory_cell:inst11|inst   ; regout           ;
; |ram|4x32ram:inst3|4x4ram:inst|memory_cell:inst11|inst4  ; |ram|4x32ram:inst3|4x4ram:inst|memory_cell:inst11|inst4  ; out0             ;
; |ram|4x32ram:inst3|4x4ram:inst|memory_cell:inst9|inst3   ; |ram|4x32ram:inst3|4x4ram:inst|memory_cell:inst9|inst3   ; out              ;
; |ram|4x32ram:inst3|4x4ram:inst|memory_cell:inst9|inst    ; |ram|4x32ram:inst3|4x4ram:inst|memory_cell:inst9|inst    ; regout           ;
; |ram|4x32ram:inst3|4x4ram:inst|memory_cell:inst9|inst4   ; |ram|4x32ram:inst3|4x4ram:inst|memory_cell:inst9|inst4   ; out0             ;
; |ram|4x32ram:inst3|4x4ram:inst|memory_cell:inst8|inst3   ; |ram|4x32ram:inst3|4x4ram:inst|memory_cell:inst8|inst3   ; out              ;
; |ram|4x32ram:inst3|4x4ram:inst|memory_cell:inst8|inst    ; |ram|4x32ram:inst3|4x4ram:inst|memory_cell:inst8|inst    ; regout           ;
; |ram|4x32ram:inst3|4x4ram:inst|memory_cell:inst8|inst4   ; |ram|4x32ram:inst3|4x4ram:inst|memory_cell:inst8|inst4   ; out0             ;
; |ram|4x32ram:inst3|4x4ram:inst|memory_cell:inst6|inst3   ; |ram|4x32ram:inst3|4x4ram:inst|memory_cell:inst6|inst3   ; out              ;
; |ram|4x32ram:inst3|4x4ram:inst|memory_cell:inst6|inst    ; |ram|4x32ram:inst3|4x4ram:inst|memory_cell:inst6|inst    ; regout           ;
; |ram|4x32ram:inst3|4x4ram:inst|memory_cell:inst6|inst4   ; |ram|4x32ram:inst3|4x4ram:inst|memory_cell:inst6|inst4   ; out0             ;
; |ram|4x32ram:inst3|4x4ram:inst|memory_cell:inst4|inst3   ; |ram|4x32ram:inst3|4x4ram:inst|memory_cell:inst4|inst3   ; out              ;
; |ram|4x32ram:inst3|4x4ram:inst|memory_cell:inst4|inst    ; |ram|4x32ram:inst3|4x4ram:inst|memory_cell:inst4|inst    ; regout           ;
; |ram|4x32ram:inst3|4x4ram:inst|memory_cell:inst4|inst4   ; |ram|4x32ram:inst3|4x4ram:inst|memory_cell:inst4|inst4   ; out0             ;
; |ram|4x32ram:inst3|4x4ram:inst|24decoder:inst|inst3      ; |ram|4x32ram:inst3|4x4ram:inst|24decoder:inst|inst3      ; out0             ;
; |ram|4x32ram:inst3|4x4ram:inst|memory_cell:inst2|inst3   ; |ram|4x32ram:inst3|4x4ram:inst|memory_cell:inst2|inst3   ; out              ;
; |ram|4x32ram:inst3|4x4ram:inst|memory_cell:inst2|inst    ; |ram|4x32ram:inst3|4x4ram:inst|memory_cell:inst2|inst    ; regout           ;
; |ram|4x32ram:inst3|4x4ram:inst|memory_cell:inst2|inst4   ; |ram|4x32ram:inst3|4x4ram:inst|memory_cell:inst2|inst4   ; out0             ;
; |ram|4x32ram:inst2|4x4ram:inst8|inst20                   ; |ram|4x32ram:inst2|4x4ram:inst8|inst20                   ; out              ;
; |ram|4x32ram:inst2|4x4ram:inst8|IN~0                     ; |ram|4x32ram:inst2|4x4ram:inst8|IN~0                     ; out0             ;
; |ram|4x32ram:inst2|4x4ram:inst8|inst17                   ; |ram|4x32ram:inst2|4x4ram:inst8|inst17                   ; out0             ;
; |ram|4x32ram:inst2|4x4ram:inst8|inst18                   ; |ram|4x32ram:inst2|4x4ram:inst8|inst18                   ; out0             ;
; |ram|4x32ram:inst2|4x4ram:inst8|inst21                   ; |ram|4x32ram:inst2|4x4ram:inst8|inst21                   ; out              ;
; |ram|4x32ram:inst2|4x4ram:inst8|IN~1                     ; |ram|4x32ram:inst2|4x4ram:inst8|IN~1                     ; out0             ;
; |ram|4x32ram:inst2|4x4ram:inst8|inst22                   ; |ram|4x32ram:inst2|4x4ram:inst8|inst22                   ; out              ;
; |ram|4x32ram:inst2|4x4ram:inst8|IN~2                     ; |ram|4x32ram:inst2|4x4ram:inst8|IN~2                     ; out0             ;
; |ram|4x32ram:inst2|4x4ram:inst8|inst19                   ; |ram|4x32ram:inst2|4x4ram:inst8|inst19                   ; out              ;
; |ram|4x32ram:inst2|4x4ram:inst8|IN~3                     ; |ram|4x32ram:inst2|4x4ram:inst8|IN~3                     ; out0             ;
; |ram|4x32ram:inst2|4x4ram:inst8|memory_cell:inst3|inst3  ; |ram|4x32ram:inst2|4x4ram:inst8|memory_cell:inst3|inst3  ; out              ;
; |ram|4x32ram:inst2|4x4ram:inst8|memory_cell:inst3|inst   ; |ram|4x32ram:inst2|4x4ram:inst8|memory_cell:inst3|inst   ; regout           ;
; |ram|4x32ram:inst2|4x4ram:inst8|memory_cell:inst3|inst4  ; |ram|4x32ram:inst2|4x4ram:inst8|memory_cell:inst3|inst4  ; out0             ;
; |ram|4x32ram:inst2|4x4ram:inst8|memory_cell:inst5|inst3  ; |ram|4x32ram:inst2|4x4ram:inst8|memory_cell:inst5|inst3  ; out              ;
; |ram|4x32ram:inst2|4x4ram:inst8|memory_cell:inst5|inst   ; |ram|4x32ram:inst2|4x4ram:inst8|memory_cell:inst5|inst   ; regout           ;
; |ram|4x32ram:inst2|4x4ram:inst8|memory_cell:inst5|inst4  ; |ram|4x32ram:inst2|4x4ram:inst8|memory_cell:inst5|inst4  ; out0             ;
; |ram|4x32ram:inst2|4x4ram:inst8|memory_cell:inst7|inst3  ; |ram|4x32ram:inst2|4x4ram:inst8|memory_cell:inst7|inst3  ; out              ;
; |ram|4x32ram:inst2|4x4ram:inst8|memory_cell:inst7|inst   ; |ram|4x32ram:inst2|4x4ram:inst8|memory_cell:inst7|inst   ; regout           ;
; |ram|4x32ram:inst2|4x4ram:inst8|memory_cell:inst7|inst4  ; |ram|4x32ram:inst2|4x4ram:inst8|memory_cell:inst7|inst4  ; out0             ;
; |ram|4x32ram:inst2|4x4ram:inst8|memory_cell:inst1|inst3  ; |ram|4x32ram:inst2|4x4ram:inst8|memory_cell:inst1|inst3  ; out              ;
; |ram|4x32ram:inst2|4x4ram:inst8|memory_cell:inst1|inst   ; |ram|4x32ram:inst2|4x4ram:inst8|memory_cell:inst1|inst   ; regout           ;
; |ram|4x32ram:inst2|4x4ram:inst8|memory_cell:inst1|inst4  ; |ram|4x32ram:inst2|4x4ram:inst8|memory_cell:inst1|inst4  ; out0             ;
; |ram|4x32ram:inst2|4x4ram:inst8|memory_cell:inst16|inst3 ; |ram|4x32ram:inst2|4x4ram:inst8|memory_cell:inst16|inst3 ; out              ;
; |ram|4x32ram:inst2|4x4ram:inst8|memory_cell:inst16|inst  ; |ram|4x32ram:inst2|4x4ram:inst8|memory_cell:inst16|inst  ; regout           ;
; |ram|4x32ram:inst2|4x4ram:inst8|memory_cell:inst16|inst4 ; |ram|4x32ram:inst2|4x4ram:inst8|memory_cell:inst16|inst4 ; out0             ;
; |ram|4x32ram:inst2|4x4ram:inst8|memory_cell:inst14|inst3 ; |ram|4x32ram:inst2|4x4ram:inst8|memory_cell:inst14|inst3 ; out              ;
; |ram|4x32ram:inst2|4x4ram:inst8|memory_cell:inst14|inst  ; |ram|4x32ram:inst2|4x4ram:inst8|memory_cell:inst14|inst  ; regout           ;
; |ram|4x32ram:inst2|4x4ram:inst8|memory_cell:inst14|inst4 ; |ram|4x32ram:inst2|4x4ram:inst8|memory_cell:inst14|inst4 ; out0             ;
; |ram|4x32ram:inst2|4x4ram:inst8|memory_cell:inst12|inst3 ; |ram|4x32ram:inst2|4x4ram:inst8|memory_cell:inst12|inst3 ; out              ;
; |ram|4x32ram:inst2|4x4ram:inst8|memory_cell:inst12|inst  ; |ram|4x32ram:inst2|4x4ram:inst8|memory_cell:inst12|inst  ; regout           ;
; |ram|4x32ram:inst2|4x4ram:inst8|memory_cell:inst12|inst4 ; |ram|4x32ram:inst2|4x4ram:inst8|memory_cell:inst12|inst4 ; out0             ;
; |ram|4x32ram:inst2|4x4ram:inst8|memory_cell:inst10|inst3 ; |ram|4x32ram:inst2|4x4ram:inst8|memory_cell:inst10|inst3 ; out              ;
; |ram|4x32ram:inst2|4x4ram:inst8|memory_cell:inst10|inst  ; |ram|4x32ram:inst2|4x4ram:inst8|memory_cell:inst10|inst  ; regout           ;
; |ram|4x32ram:inst2|4x4ram:inst8|memory_cell:inst10|inst4 ; |ram|4x32ram:inst2|4x4ram:inst8|memory_cell:inst10|inst4 ; out0             ;
; |ram|4x32ram:inst2|4x4ram:inst8|memory_cell:inst15|inst3 ; |ram|4x32ram:inst2|4x4ram:inst8|memory_cell:inst15|inst3 ; out              ;
; |ram|4x32ram:inst2|4x4ram:inst8|memory_cell:inst15|inst  ; |ram|4x32ram:inst2|4x4ram:inst8|memory_cell:inst15|inst  ; regout           ;
; |ram|4x32ram:inst2|4x4ram:inst8|memory_cell:inst15|inst4 ; |ram|4x32ram:inst2|4x4ram:inst8|memory_cell:inst15|inst4 ; out0             ;
; |ram|4x32ram:inst2|4x4ram:inst8|memory_cell:inst13|inst3 ; |ram|4x32ram:inst2|4x4ram:inst8|memory_cell:inst13|inst3 ; out              ;
; |ram|4x32ram:inst2|4x4ram:inst8|memory_cell:inst13|inst  ; |ram|4x32ram:inst2|4x4ram:inst8|memory_cell:inst13|inst  ; regout           ;
; |ram|4x32ram:inst2|4x4ram:inst8|memory_cell:inst13|inst4 ; |ram|4x32ram:inst2|4x4ram:inst8|memory_cell:inst13|inst4 ; out0             ;
; |ram|4x32ram:inst2|4x4ram:inst8|memory_cell:inst11|inst3 ; |ram|4x32ram:inst2|4x4ram:inst8|memory_cell:inst11|inst3 ; out              ;
; |ram|4x32ram:inst2|4x4ram:inst8|memory_cell:inst11|inst  ; |ram|4x32ram:inst2|4x4ram:inst8|memory_cell:inst11|inst  ; regout           ;
; |ram|4x32ram:inst2|4x4ram:inst8|memory_cell:inst11|inst4 ; |ram|4x32ram:inst2|4x4ram:inst8|memory_cell:inst11|inst4 ; out0             ;
; |ram|4x32ram:inst2|4x4ram:inst8|memory_cell:inst9|inst3  ; |ram|4x32ram:inst2|4x4ram:inst8|memory_cell:inst9|inst3  ; out              ;
; |ram|4x32ram:inst2|4x4ram:inst8|memory_cell:inst9|inst   ; |ram|4x32ram:inst2|4x4ram:inst8|memory_cell:inst9|inst   ; regout           ;
; |ram|4x32ram:inst2|4x4ram:inst8|memory_cell:inst9|inst4  ; |ram|4x32ram:inst2|4x4ram:inst8|memory_cell:inst9|inst4  ; out0             ;
; |ram|4x32ram:inst2|4x4ram:inst8|memory_cell:inst8|inst3  ; |ram|4x32ram:inst2|4x4ram:inst8|memory_cell:inst8|inst3  ; out              ;
; |ram|4x32ram:inst2|4x4ram:inst8|memory_cell:inst8|inst   ; |ram|4x32ram:inst2|4x4ram:inst8|memory_cell:inst8|inst   ; regout           ;
; |ram|4x32ram:inst2|4x4ram:inst8|memory_cell:inst8|inst4  ; |ram|4x32ram:inst2|4x4ram:inst8|memory_cell:inst8|inst4  ; out0             ;
; |ram|4x32ram:inst2|4x4ram:inst8|memory_cell:inst6|inst3  ; |ram|4x32ram:inst2|4x4ram:inst8|memory_cell:inst6|inst3  ; out              ;
; |ram|4x32ram:inst2|4x4ram:inst8|memory_cell:inst6|inst   ; |ram|4x32ram:inst2|4x4ram:inst8|memory_cell:inst6|inst   ; regout           ;
; |ram|4x32ram:inst2|4x4ram:inst8|memory_cell:inst6|inst4  ; |ram|4x32ram:inst2|4x4ram:inst8|memory_cell:inst6|inst4  ; out0             ;
; |ram|4x32ram:inst2|4x4ram:inst8|memory_cell:inst4|inst3  ; |ram|4x32ram:inst2|4x4ram:inst8|memory_cell:inst4|inst3  ; out              ;
; |ram|4x32ram:inst2|4x4ram:inst8|memory_cell:inst4|inst   ; |ram|4x32ram:inst2|4x4ram:inst8|memory_cell:inst4|inst   ; regout           ;
; |ram|4x32ram:inst2|4x4ram:inst8|memory_cell:inst4|inst4  ; |ram|4x32ram:inst2|4x4ram:inst8|memory_cell:inst4|inst4  ; out0             ;
; |ram|4x32ram:inst2|4x4ram:inst8|24decoder:inst|inst3     ; |ram|4x32ram:inst2|4x4ram:inst8|24decoder:inst|inst3     ; out0             ;
; |ram|4x32ram:inst2|4x4ram:inst8|memory_cell:inst2|inst3  ; |ram|4x32ram:inst2|4x4ram:inst8|memory_cell:inst2|inst3  ; out              ;
; |ram|4x32ram:inst2|4x4ram:inst8|memory_cell:inst2|inst   ; |ram|4x32ram:inst2|4x4ram:inst8|memory_cell:inst2|inst   ; regout           ;
; |ram|4x32ram:inst2|4x4ram:inst8|memory_cell:inst2|inst4  ; |ram|4x32ram:inst2|4x4ram:inst8|memory_cell:inst2|inst4  ; out0             ;
; |ram|4x32ram:inst2|4x4ram:inst7|inst20                   ; |ram|4x32ram:inst2|4x4ram:inst7|inst20                   ; out              ;
; |ram|4x32ram:inst2|4x4ram:inst7|IN~0                     ; |ram|4x32ram:inst2|4x4ram:inst7|IN~0                     ; out0             ;
; |ram|4x32ram:inst2|4x4ram:inst7|inst17                   ; |ram|4x32ram:inst2|4x4ram:inst7|inst17                   ; out0             ;
; |ram|4x32ram:inst2|4x4ram:inst7|inst18                   ; |ram|4x32ram:inst2|4x4ram:inst7|inst18                   ; out0             ;
; |ram|4x32ram:inst2|4x4ram:inst7|inst21                   ; |ram|4x32ram:inst2|4x4ram:inst7|inst21                   ; out              ;
; |ram|4x32ram:inst2|4x4ram:inst7|IN~1                     ; |ram|4x32ram:inst2|4x4ram:inst7|IN~1                     ; out0             ;
; |ram|4x32ram:inst2|4x4ram:inst7|inst22                   ; |ram|4x32ram:inst2|4x4ram:inst7|inst22                   ; out              ;
; |ram|4x32ram:inst2|4x4ram:inst7|IN~2                     ; |ram|4x32ram:inst2|4x4ram:inst7|IN~2                     ; out0             ;
; |ram|4x32ram:inst2|4x4ram:inst7|inst19                   ; |ram|4x32ram:inst2|4x4ram:inst7|inst19                   ; out              ;
; |ram|4x32ram:inst2|4x4ram:inst7|IN~3                     ; |ram|4x32ram:inst2|4x4ram:inst7|IN~3                     ; out0             ;
; |ram|4x32ram:inst2|4x4ram:inst7|memory_cell:inst3|inst3  ; |ram|4x32ram:inst2|4x4ram:inst7|memory_cell:inst3|inst3  ; out              ;
; |ram|4x32ram:inst2|4x4ram:inst7|memory_cell:inst3|inst   ; |ram|4x32ram:inst2|4x4ram:inst7|memory_cell:inst3|inst   ; regout           ;
; |ram|4x32ram:inst2|4x4ram:inst7|memory_cell:inst3|inst4  ; |ram|4x32ram:inst2|4x4ram:inst7|memory_cell:inst3|inst4  ; out0             ;
; |ram|4x32ram:inst2|4x4ram:inst7|memory_cell:inst5|inst3  ; |ram|4x32ram:inst2|4x4ram:inst7|memory_cell:inst5|inst3  ; out              ;
; |ram|4x32ram:inst2|4x4ram:inst7|memory_cell:inst5|inst   ; |ram|4x32ram:inst2|4x4ram:inst7|memory_cell:inst5|inst   ; regout           ;
; |ram|4x32ram:inst2|4x4ram:inst7|memory_cell:inst5|inst4  ; |ram|4x32ram:inst2|4x4ram:inst7|memory_cell:inst5|inst4  ; out0             ;
; |ram|4x32ram:inst2|4x4ram:inst7|memory_cell:inst7|inst3  ; |ram|4x32ram:inst2|4x4ram:inst7|memory_cell:inst7|inst3  ; out              ;
; |ram|4x32ram:inst2|4x4ram:inst7|memory_cell:inst7|inst   ; |ram|4x32ram:inst2|4x4ram:inst7|memory_cell:inst7|inst   ; regout           ;
; |ram|4x32ram:inst2|4x4ram:inst7|memory_cell:inst7|inst4  ; |ram|4x32ram:inst2|4x4ram:inst7|memory_cell:inst7|inst4  ; out0             ;
; |ram|4x32ram:inst2|4x4ram:inst7|memory_cell:inst1|inst3  ; |ram|4x32ram:inst2|4x4ram:inst7|memory_cell:inst1|inst3  ; out              ;
; |ram|4x32ram:inst2|4x4ram:inst7|memory_cell:inst1|inst   ; |ram|4x32ram:inst2|4x4ram:inst7|memory_cell:inst1|inst   ; regout           ;
; |ram|4x32ram:inst2|4x4ram:inst7|memory_cell:inst1|inst4  ; |ram|4x32ram:inst2|4x4ram:inst7|memory_cell:inst1|inst4  ; out0             ;
; |ram|4x32ram:inst2|4x4ram:inst7|memory_cell:inst16|inst3 ; |ram|4x32ram:inst2|4x4ram:inst7|memory_cell:inst16|inst3 ; out              ;
; |ram|4x32ram:inst2|4x4ram:inst7|memory_cell:inst16|inst  ; |ram|4x32ram:inst2|4x4ram:inst7|memory_cell:inst16|inst  ; regout           ;
; |ram|4x32ram:inst2|4x4ram:inst7|memory_cell:inst16|inst4 ; |ram|4x32ram:inst2|4x4ram:inst7|memory_cell:inst16|inst4 ; out0             ;
; |ram|4x32ram:inst2|4x4ram:inst7|memory_cell:inst14|inst3 ; |ram|4x32ram:inst2|4x4ram:inst7|memory_cell:inst14|inst3 ; out              ;
; |ram|4x32ram:inst2|4x4ram:inst7|memory_cell:inst14|inst  ; |ram|4x32ram:inst2|4x4ram:inst7|memory_cell:inst14|inst  ; regout           ;
; |ram|4x32ram:inst2|4x4ram:inst7|memory_cell:inst14|inst4 ; |ram|4x32ram:inst2|4x4ram:inst7|memory_cell:inst14|inst4 ; out0             ;
; |ram|4x32ram:inst2|4x4ram:inst7|memory_cell:inst12|inst3 ; |ram|4x32ram:inst2|4x4ram:inst7|memory_cell:inst12|inst3 ; out              ;
; |ram|4x32ram:inst2|4x4ram:inst7|memory_cell:inst12|inst  ; |ram|4x32ram:inst2|4x4ram:inst7|memory_cell:inst12|inst  ; regout           ;
; |ram|4x32ram:inst2|4x4ram:inst7|memory_cell:inst12|inst4 ; |ram|4x32ram:inst2|4x4ram:inst7|memory_cell:inst12|inst4 ; out0             ;
; |ram|4x32ram:inst2|4x4ram:inst7|memory_cell:inst10|inst3 ; |ram|4x32ram:inst2|4x4ram:inst7|memory_cell:inst10|inst3 ; out              ;
; |ram|4x32ram:inst2|4x4ram:inst7|memory_cell:inst10|inst  ; |ram|4x32ram:inst2|4x4ram:inst7|memory_cell:inst10|inst  ; regout           ;
; |ram|4x32ram:inst2|4x4ram:inst7|memory_cell:inst10|inst4 ; |ram|4x32ram:inst2|4x4ram:inst7|memory_cell:inst10|inst4 ; out0             ;
; |ram|4x32ram:inst2|4x4ram:inst7|memory_cell:inst15|inst3 ; |ram|4x32ram:inst2|4x4ram:inst7|memory_cell:inst15|inst3 ; out              ;
; |ram|4x32ram:inst2|4x4ram:inst7|memory_cell:inst15|inst  ; |ram|4x32ram:inst2|4x4ram:inst7|memory_cell:inst15|inst  ; regout           ;
; |ram|4x32ram:inst2|4x4ram:inst7|memory_cell:inst15|inst4 ; |ram|4x32ram:inst2|4x4ram:inst7|memory_cell:inst15|inst4 ; out0             ;
; |ram|4x32ram:inst2|4x4ram:inst7|memory_cell:inst13|inst3 ; |ram|4x32ram:inst2|4x4ram:inst7|memory_cell:inst13|inst3 ; out              ;
; |ram|4x32ram:inst2|4x4ram:inst7|memory_cell:inst13|inst  ; |ram|4x32ram:inst2|4x4ram:inst7|memory_cell:inst13|inst  ; regout           ;
; |ram|4x32ram:inst2|4x4ram:inst7|memory_cell:inst13|inst4 ; |ram|4x32ram:inst2|4x4ram:inst7|memory_cell:inst13|inst4 ; out0             ;
; |ram|4x32ram:inst2|4x4ram:inst7|memory_cell:inst11|inst3 ; |ram|4x32ram:inst2|4x4ram:inst7|memory_cell:inst11|inst3 ; out              ;
; |ram|4x32ram:inst2|4x4ram:inst7|memory_cell:inst11|inst  ; |ram|4x32ram:inst2|4x4ram:inst7|memory_cell:inst11|inst  ; regout           ;
; |ram|4x32ram:inst2|4x4ram:inst7|memory_cell:inst11|inst4 ; |ram|4x32ram:inst2|4x4ram:inst7|memory_cell:inst11|inst4 ; out0             ;
; |ram|4x32ram:inst2|4x4ram:inst7|memory_cell:inst9|inst3  ; |ram|4x32ram:inst2|4x4ram:inst7|memory_cell:inst9|inst3  ; out              ;
; |ram|4x32ram:inst2|4x4ram:inst7|memory_cell:inst9|inst   ; |ram|4x32ram:inst2|4x4ram:inst7|memory_cell:inst9|inst   ; regout           ;
; |ram|4x32ram:inst2|4x4ram:inst7|memory_cell:inst9|inst4  ; |ram|4x32ram:inst2|4x4ram:inst7|memory_cell:inst9|inst4  ; out0             ;
; |ram|4x32ram:inst2|4x4ram:inst7|memory_cell:inst8|inst3  ; |ram|4x32ram:inst2|4x4ram:inst7|memory_cell:inst8|inst3  ; out              ;
; |ram|4x32ram:inst2|4x4ram:inst7|memory_cell:inst8|inst   ; |ram|4x32ram:inst2|4x4ram:inst7|memory_cell:inst8|inst   ; regout           ;
; |ram|4x32ram:inst2|4x4ram:inst7|memory_cell:inst8|inst4  ; |ram|4x32ram:inst2|4x4ram:inst7|memory_cell:inst8|inst4  ; out0             ;
; |ram|4x32ram:inst2|4x4ram:inst7|memory_cell:inst6|inst3  ; |ram|4x32ram:inst2|4x4ram:inst7|memory_cell:inst6|inst3  ; out              ;
; |ram|4x32ram:inst2|4x4ram:inst7|memory_cell:inst6|inst   ; |ram|4x32ram:inst2|4x4ram:inst7|memory_cell:inst6|inst   ; regout           ;
; |ram|4x32ram:inst2|4x4ram:inst7|memory_cell:inst6|inst4  ; |ram|4x32ram:inst2|4x4ram:inst7|memory_cell:inst6|inst4  ; out0             ;
; |ram|4x32ram:inst2|4x4ram:inst7|memory_cell:inst4|inst3  ; |ram|4x32ram:inst2|4x4ram:inst7|memory_cell:inst4|inst3  ; out              ;
; |ram|4x32ram:inst2|4x4ram:inst7|memory_cell:inst4|inst   ; |ram|4x32ram:inst2|4x4ram:inst7|memory_cell:inst4|inst   ; regout           ;
; |ram|4x32ram:inst2|4x4ram:inst7|memory_cell:inst4|inst4  ; |ram|4x32ram:inst2|4x4ram:inst7|memory_cell:inst4|inst4  ; out0             ;
; |ram|4x32ram:inst2|4x4ram:inst7|24decoder:inst|inst3     ; |ram|4x32ram:inst2|4x4ram:inst7|24decoder:inst|inst3     ; out0             ;
; |ram|4x32ram:inst2|4x4ram:inst7|memory_cell:inst2|inst3  ; |ram|4x32ram:inst2|4x4ram:inst7|memory_cell:inst2|inst3  ; out              ;
; |ram|4x32ram:inst2|4x4ram:inst7|memory_cell:inst2|inst   ; |ram|4x32ram:inst2|4x4ram:inst7|memory_cell:inst2|inst   ; regout           ;
; |ram|4x32ram:inst2|4x4ram:inst7|memory_cell:inst2|inst4  ; |ram|4x32ram:inst2|4x4ram:inst7|memory_cell:inst2|inst4  ; out0             ;
; |ram|4x32ram:inst2|4x4ram:inst6|inst20                   ; |ram|4x32ram:inst2|4x4ram:inst6|inst20                   ; out              ;
; |ram|4x32ram:inst2|4x4ram:inst6|IN~0                     ; |ram|4x32ram:inst2|4x4ram:inst6|IN~0                     ; out0             ;
; |ram|4x32ram:inst2|4x4ram:inst6|inst17                   ; |ram|4x32ram:inst2|4x4ram:inst6|inst17                   ; out0             ;
; |ram|4x32ram:inst2|4x4ram:inst6|inst18                   ; |ram|4x32ram:inst2|4x4ram:inst6|inst18                   ; out0             ;
; |ram|4x32ram:inst2|4x4ram:inst6|inst21                   ; |ram|4x32ram:inst2|4x4ram:inst6|inst21                   ; out              ;
; |ram|4x32ram:inst2|4x4ram:inst6|IN~1                     ; |ram|4x32ram:inst2|4x4ram:inst6|IN~1                     ; out0             ;
; |ram|4x32ram:inst2|4x4ram:inst6|inst22                   ; |ram|4x32ram:inst2|4x4ram:inst6|inst22                   ; out              ;
; |ram|4x32ram:inst2|4x4ram:inst6|IN~2                     ; |ram|4x32ram:inst2|4x4ram:inst6|IN~2                     ; out0             ;
; |ram|4x32ram:inst2|4x4ram:inst6|inst19                   ; |ram|4x32ram:inst2|4x4ram:inst6|inst19                   ; out              ;
; |ram|4x32ram:inst2|4x4ram:inst6|IN~3                     ; |ram|4x32ram:inst2|4x4ram:inst6|IN~3                     ; out0             ;
; |ram|4x32ram:inst2|4x4ram:inst6|memory_cell:inst3|inst3  ; |ram|4x32ram:inst2|4x4ram:inst6|memory_cell:inst3|inst3  ; out              ;
; |ram|4x32ram:inst2|4x4ram:inst6|memory_cell:inst3|inst   ; |ram|4x32ram:inst2|4x4ram:inst6|memory_cell:inst3|inst   ; regout           ;
; |ram|4x32ram:inst2|4x4ram:inst6|memory_cell:inst3|inst4  ; |ram|4x32ram:inst2|4x4ram:inst6|memory_cell:inst3|inst4  ; out0             ;
; |ram|4x32ram:inst2|4x4ram:inst6|memory_cell:inst5|inst3  ; |ram|4x32ram:inst2|4x4ram:inst6|memory_cell:inst5|inst3  ; out              ;
; |ram|4x32ram:inst2|4x4ram:inst6|memory_cell:inst5|inst   ; |ram|4x32ram:inst2|4x4ram:inst6|memory_cell:inst5|inst   ; regout           ;
; |ram|4x32ram:inst2|4x4ram:inst6|memory_cell:inst5|inst4  ; |ram|4x32ram:inst2|4x4ram:inst6|memory_cell:inst5|inst4  ; out0             ;
; |ram|4x32ram:inst2|4x4ram:inst6|memory_cell:inst7|inst3  ; |ram|4x32ram:inst2|4x4ram:inst6|memory_cell:inst7|inst3  ; out              ;
; |ram|4x32ram:inst2|4x4ram:inst6|memory_cell:inst7|inst   ; |ram|4x32ram:inst2|4x4ram:inst6|memory_cell:inst7|inst   ; regout           ;
; |ram|4x32ram:inst2|4x4ram:inst6|memory_cell:inst7|inst4  ; |ram|4x32ram:inst2|4x4ram:inst6|memory_cell:inst7|inst4  ; out0             ;
; |ram|4x32ram:inst2|4x4ram:inst6|memory_cell:inst1|inst3  ; |ram|4x32ram:inst2|4x4ram:inst6|memory_cell:inst1|inst3  ; out              ;
; |ram|4x32ram:inst2|4x4ram:inst6|memory_cell:inst1|inst   ; |ram|4x32ram:inst2|4x4ram:inst6|memory_cell:inst1|inst   ; regout           ;
; |ram|4x32ram:inst2|4x4ram:inst6|memory_cell:inst1|inst4  ; |ram|4x32ram:inst2|4x4ram:inst6|memory_cell:inst1|inst4  ; out0             ;
; |ram|4x32ram:inst2|4x4ram:inst6|memory_cell:inst16|inst3 ; |ram|4x32ram:inst2|4x4ram:inst6|memory_cell:inst16|inst3 ; out              ;
; |ram|4x32ram:inst2|4x4ram:inst6|memory_cell:inst16|inst  ; |ram|4x32ram:inst2|4x4ram:inst6|memory_cell:inst16|inst  ; regout           ;
; |ram|4x32ram:inst2|4x4ram:inst6|memory_cell:inst16|inst4 ; |ram|4x32ram:inst2|4x4ram:inst6|memory_cell:inst16|inst4 ; out0             ;
; |ram|4x32ram:inst2|4x4ram:inst6|memory_cell:inst14|inst3 ; |ram|4x32ram:inst2|4x4ram:inst6|memory_cell:inst14|inst3 ; out              ;
; |ram|4x32ram:inst2|4x4ram:inst6|memory_cell:inst14|inst  ; |ram|4x32ram:inst2|4x4ram:inst6|memory_cell:inst14|inst  ; regout           ;
; |ram|4x32ram:inst2|4x4ram:inst6|memory_cell:inst14|inst4 ; |ram|4x32ram:inst2|4x4ram:inst6|memory_cell:inst14|inst4 ; out0             ;
; |ram|4x32ram:inst2|4x4ram:inst6|memory_cell:inst12|inst3 ; |ram|4x32ram:inst2|4x4ram:inst6|memory_cell:inst12|inst3 ; out              ;
; |ram|4x32ram:inst2|4x4ram:inst6|memory_cell:inst12|inst  ; |ram|4x32ram:inst2|4x4ram:inst6|memory_cell:inst12|inst  ; regout           ;
; |ram|4x32ram:inst2|4x4ram:inst6|memory_cell:inst12|inst4 ; |ram|4x32ram:inst2|4x4ram:inst6|memory_cell:inst12|inst4 ; out0             ;
; |ram|4x32ram:inst2|4x4ram:inst6|memory_cell:inst10|inst3 ; |ram|4x32ram:inst2|4x4ram:inst6|memory_cell:inst10|inst3 ; out              ;
; |ram|4x32ram:inst2|4x4ram:inst6|memory_cell:inst10|inst  ; |ram|4x32ram:inst2|4x4ram:inst6|memory_cell:inst10|inst  ; regout           ;
; |ram|4x32ram:inst2|4x4ram:inst6|memory_cell:inst10|inst4 ; |ram|4x32ram:inst2|4x4ram:inst6|memory_cell:inst10|inst4 ; out0             ;
; |ram|4x32ram:inst2|4x4ram:inst6|memory_cell:inst15|inst3 ; |ram|4x32ram:inst2|4x4ram:inst6|memory_cell:inst15|inst3 ; out              ;
; |ram|4x32ram:inst2|4x4ram:inst6|memory_cell:inst15|inst  ; |ram|4x32ram:inst2|4x4ram:inst6|memory_cell:inst15|inst  ; regout           ;
; |ram|4x32ram:inst2|4x4ram:inst6|memory_cell:inst15|inst4 ; |ram|4x32ram:inst2|4x4ram:inst6|memory_cell:inst15|inst4 ; out0             ;
; |ram|4x32ram:inst2|4x4ram:inst6|memory_cell:inst13|inst3 ; |ram|4x32ram:inst2|4x4ram:inst6|memory_cell:inst13|inst3 ; out              ;
; |ram|4x32ram:inst2|4x4ram:inst6|memory_cell:inst13|inst  ; |ram|4x32ram:inst2|4x4ram:inst6|memory_cell:inst13|inst  ; regout           ;
; |ram|4x32ram:inst2|4x4ram:inst6|memory_cell:inst13|inst4 ; |ram|4x32ram:inst2|4x4ram:inst6|memory_cell:inst13|inst4 ; out0             ;
; |ram|4x32ram:inst2|4x4ram:inst6|memory_cell:inst11|inst3 ; |ram|4x32ram:inst2|4x4ram:inst6|memory_cell:inst11|inst3 ; out              ;
; |ram|4x32ram:inst2|4x4ram:inst6|memory_cell:inst11|inst  ; |ram|4x32ram:inst2|4x4ram:inst6|memory_cell:inst11|inst  ; regout           ;
; |ram|4x32ram:inst2|4x4ram:inst6|memory_cell:inst11|inst4 ; |ram|4x32ram:inst2|4x4ram:inst6|memory_cell:inst11|inst4 ; out0             ;
; |ram|4x32ram:inst2|4x4ram:inst6|memory_cell:inst9|inst3  ; |ram|4x32ram:inst2|4x4ram:inst6|memory_cell:inst9|inst3  ; out              ;
; |ram|4x32ram:inst2|4x4ram:inst6|memory_cell:inst9|inst   ; |ram|4x32ram:inst2|4x4ram:inst6|memory_cell:inst9|inst   ; regout           ;
; |ram|4x32ram:inst2|4x4ram:inst6|memory_cell:inst9|inst4  ; |ram|4x32ram:inst2|4x4ram:inst6|memory_cell:inst9|inst4  ; out0             ;
; |ram|4x32ram:inst2|4x4ram:inst6|memory_cell:inst8|inst3  ; |ram|4x32ram:inst2|4x4ram:inst6|memory_cell:inst8|inst3  ; out              ;
; |ram|4x32ram:inst2|4x4ram:inst6|memory_cell:inst8|inst   ; |ram|4x32ram:inst2|4x4ram:inst6|memory_cell:inst8|inst   ; regout           ;
; |ram|4x32ram:inst2|4x4ram:inst6|memory_cell:inst8|inst4  ; |ram|4x32ram:inst2|4x4ram:inst6|memory_cell:inst8|inst4  ; out0             ;
; |ram|4x32ram:inst2|4x4ram:inst6|memory_cell:inst6|inst3  ; |ram|4x32ram:inst2|4x4ram:inst6|memory_cell:inst6|inst3  ; out              ;
; |ram|4x32ram:inst2|4x4ram:inst6|memory_cell:inst6|inst   ; |ram|4x32ram:inst2|4x4ram:inst6|memory_cell:inst6|inst   ; regout           ;
; |ram|4x32ram:inst2|4x4ram:inst6|memory_cell:inst6|inst4  ; |ram|4x32ram:inst2|4x4ram:inst6|memory_cell:inst6|inst4  ; out0             ;
; |ram|4x32ram:inst2|4x4ram:inst6|memory_cell:inst4|inst3  ; |ram|4x32ram:inst2|4x4ram:inst6|memory_cell:inst4|inst3  ; out              ;
; |ram|4x32ram:inst2|4x4ram:inst6|memory_cell:inst4|inst   ; |ram|4x32ram:inst2|4x4ram:inst6|memory_cell:inst4|inst   ; regout           ;
; |ram|4x32ram:inst2|4x4ram:inst6|memory_cell:inst4|inst4  ; |ram|4x32ram:inst2|4x4ram:inst6|memory_cell:inst4|inst4  ; out0             ;
; |ram|4x32ram:inst2|4x4ram:inst6|24decoder:inst|inst3     ; |ram|4x32ram:inst2|4x4ram:inst6|24decoder:inst|inst3     ; out0             ;
; |ram|4x32ram:inst2|4x4ram:inst6|memory_cell:inst2|inst3  ; |ram|4x32ram:inst2|4x4ram:inst6|memory_cell:inst2|inst3  ; out              ;
; |ram|4x32ram:inst2|4x4ram:inst6|memory_cell:inst2|inst   ; |ram|4x32ram:inst2|4x4ram:inst6|memory_cell:inst2|inst   ; regout           ;
; |ram|4x32ram:inst2|4x4ram:inst6|memory_cell:inst2|inst4  ; |ram|4x32ram:inst2|4x4ram:inst6|memory_cell:inst2|inst4  ; out0             ;
; |ram|4x32ram:inst2|4x4ram:inst5|inst20                   ; |ram|4x32ram:inst2|4x4ram:inst5|inst20                   ; out              ;
; |ram|4x32ram:inst2|4x4ram:inst5|IN~0                     ; |ram|4x32ram:inst2|4x4ram:inst5|IN~0                     ; out0             ;
; |ram|4x32ram:inst2|4x4ram:inst5|inst17                   ; |ram|4x32ram:inst2|4x4ram:inst5|inst17                   ; out0             ;
; |ram|4x32ram:inst2|4x4ram:inst5|inst18                   ; |ram|4x32ram:inst2|4x4ram:inst5|inst18                   ; out0             ;
; |ram|4x32ram:inst2|4x4ram:inst5|inst21                   ; |ram|4x32ram:inst2|4x4ram:inst5|inst21                   ; out              ;
; |ram|4x32ram:inst2|4x4ram:inst5|IN~1                     ; |ram|4x32ram:inst2|4x4ram:inst5|IN~1                     ; out0             ;
; |ram|4x32ram:inst2|4x4ram:inst5|inst22                   ; |ram|4x32ram:inst2|4x4ram:inst5|inst22                   ; out              ;
; |ram|4x32ram:inst2|4x4ram:inst5|IN~2                     ; |ram|4x32ram:inst2|4x4ram:inst5|IN~2                     ; out0             ;
; |ram|4x32ram:inst2|4x4ram:inst5|inst19                   ; |ram|4x32ram:inst2|4x4ram:inst5|inst19                   ; out              ;
; |ram|4x32ram:inst2|4x4ram:inst5|IN~3                     ; |ram|4x32ram:inst2|4x4ram:inst5|IN~3                     ; out0             ;
; |ram|4x32ram:inst2|4x4ram:inst5|memory_cell:inst3|inst3  ; |ram|4x32ram:inst2|4x4ram:inst5|memory_cell:inst3|inst3  ; out              ;
; |ram|4x32ram:inst2|4x4ram:inst5|memory_cell:inst3|inst   ; |ram|4x32ram:inst2|4x4ram:inst5|memory_cell:inst3|inst   ; regout           ;
; |ram|4x32ram:inst2|4x4ram:inst5|memory_cell:inst3|inst4  ; |ram|4x32ram:inst2|4x4ram:inst5|memory_cell:inst3|inst4  ; out0             ;
; |ram|4x32ram:inst2|4x4ram:inst5|memory_cell:inst5|inst3  ; |ram|4x32ram:inst2|4x4ram:inst5|memory_cell:inst5|inst3  ; out              ;
; |ram|4x32ram:inst2|4x4ram:inst5|memory_cell:inst5|inst   ; |ram|4x32ram:inst2|4x4ram:inst5|memory_cell:inst5|inst   ; regout           ;
; |ram|4x32ram:inst2|4x4ram:inst5|memory_cell:inst5|inst4  ; |ram|4x32ram:inst2|4x4ram:inst5|memory_cell:inst5|inst4  ; out0             ;
; |ram|4x32ram:inst2|4x4ram:inst5|memory_cell:inst7|inst3  ; |ram|4x32ram:inst2|4x4ram:inst5|memory_cell:inst7|inst3  ; out              ;
; |ram|4x32ram:inst2|4x4ram:inst5|memory_cell:inst7|inst   ; |ram|4x32ram:inst2|4x4ram:inst5|memory_cell:inst7|inst   ; regout           ;
; |ram|4x32ram:inst2|4x4ram:inst5|memory_cell:inst7|inst4  ; |ram|4x32ram:inst2|4x4ram:inst5|memory_cell:inst7|inst4  ; out0             ;
; |ram|4x32ram:inst2|4x4ram:inst5|memory_cell:inst1|inst3  ; |ram|4x32ram:inst2|4x4ram:inst5|memory_cell:inst1|inst3  ; out              ;
; |ram|4x32ram:inst2|4x4ram:inst5|memory_cell:inst1|inst   ; |ram|4x32ram:inst2|4x4ram:inst5|memory_cell:inst1|inst   ; regout           ;
; |ram|4x32ram:inst2|4x4ram:inst5|memory_cell:inst1|inst4  ; |ram|4x32ram:inst2|4x4ram:inst5|memory_cell:inst1|inst4  ; out0             ;
; |ram|4x32ram:inst2|4x4ram:inst5|memory_cell:inst16|inst3 ; |ram|4x32ram:inst2|4x4ram:inst5|memory_cell:inst16|inst3 ; out              ;
; |ram|4x32ram:inst2|4x4ram:inst5|memory_cell:inst16|inst  ; |ram|4x32ram:inst2|4x4ram:inst5|memory_cell:inst16|inst  ; regout           ;
; |ram|4x32ram:inst2|4x4ram:inst5|memory_cell:inst16|inst4 ; |ram|4x32ram:inst2|4x4ram:inst5|memory_cell:inst16|inst4 ; out0             ;
; |ram|4x32ram:inst2|4x4ram:inst5|memory_cell:inst14|inst3 ; |ram|4x32ram:inst2|4x4ram:inst5|memory_cell:inst14|inst3 ; out              ;
; |ram|4x32ram:inst2|4x4ram:inst5|memory_cell:inst14|inst  ; |ram|4x32ram:inst2|4x4ram:inst5|memory_cell:inst14|inst  ; regout           ;
; |ram|4x32ram:inst2|4x4ram:inst5|memory_cell:inst14|inst4 ; |ram|4x32ram:inst2|4x4ram:inst5|memory_cell:inst14|inst4 ; out0             ;
; |ram|4x32ram:inst2|4x4ram:inst5|memory_cell:inst12|inst3 ; |ram|4x32ram:inst2|4x4ram:inst5|memory_cell:inst12|inst3 ; out              ;
; |ram|4x32ram:inst2|4x4ram:inst5|memory_cell:inst12|inst  ; |ram|4x32ram:inst2|4x4ram:inst5|memory_cell:inst12|inst  ; regout           ;
; |ram|4x32ram:inst2|4x4ram:inst5|memory_cell:inst12|inst4 ; |ram|4x32ram:inst2|4x4ram:inst5|memory_cell:inst12|inst4 ; out0             ;
; |ram|4x32ram:inst2|4x4ram:inst5|memory_cell:inst10|inst3 ; |ram|4x32ram:inst2|4x4ram:inst5|memory_cell:inst10|inst3 ; out              ;
; |ram|4x32ram:inst2|4x4ram:inst5|memory_cell:inst10|inst  ; |ram|4x32ram:inst2|4x4ram:inst5|memory_cell:inst10|inst  ; regout           ;
; |ram|4x32ram:inst2|4x4ram:inst5|memory_cell:inst10|inst4 ; |ram|4x32ram:inst2|4x4ram:inst5|memory_cell:inst10|inst4 ; out0             ;
; |ram|4x32ram:inst2|4x4ram:inst5|memory_cell:inst15|inst3 ; |ram|4x32ram:inst2|4x4ram:inst5|memory_cell:inst15|inst3 ; out              ;
; |ram|4x32ram:inst2|4x4ram:inst5|memory_cell:inst15|inst  ; |ram|4x32ram:inst2|4x4ram:inst5|memory_cell:inst15|inst  ; regout           ;
; |ram|4x32ram:inst2|4x4ram:inst5|memory_cell:inst15|inst4 ; |ram|4x32ram:inst2|4x4ram:inst5|memory_cell:inst15|inst4 ; out0             ;
; |ram|4x32ram:inst2|4x4ram:inst5|memory_cell:inst13|inst3 ; |ram|4x32ram:inst2|4x4ram:inst5|memory_cell:inst13|inst3 ; out              ;
; |ram|4x32ram:inst2|4x4ram:inst5|memory_cell:inst13|inst  ; |ram|4x32ram:inst2|4x4ram:inst5|memory_cell:inst13|inst  ; regout           ;
; |ram|4x32ram:inst2|4x4ram:inst5|memory_cell:inst13|inst4 ; |ram|4x32ram:inst2|4x4ram:inst5|memory_cell:inst13|inst4 ; out0             ;
; |ram|4x32ram:inst2|4x4ram:inst5|memory_cell:inst11|inst3 ; |ram|4x32ram:inst2|4x4ram:inst5|memory_cell:inst11|inst3 ; out              ;
; |ram|4x32ram:inst2|4x4ram:inst5|memory_cell:inst11|inst  ; |ram|4x32ram:inst2|4x4ram:inst5|memory_cell:inst11|inst  ; regout           ;
; |ram|4x32ram:inst2|4x4ram:inst5|memory_cell:inst11|inst4 ; |ram|4x32ram:inst2|4x4ram:inst5|memory_cell:inst11|inst4 ; out0             ;
; |ram|4x32ram:inst2|4x4ram:inst5|memory_cell:inst9|inst3  ; |ram|4x32ram:inst2|4x4ram:inst5|memory_cell:inst9|inst3  ; out              ;
; |ram|4x32ram:inst2|4x4ram:inst5|memory_cell:inst9|inst   ; |ram|4x32ram:inst2|4x4ram:inst5|memory_cell:inst9|inst   ; regout           ;
; |ram|4x32ram:inst2|4x4ram:inst5|memory_cell:inst9|inst4  ; |ram|4x32ram:inst2|4x4ram:inst5|memory_cell:inst9|inst4  ; out0             ;
; |ram|4x32ram:inst2|4x4ram:inst5|memory_cell:inst8|inst3  ; |ram|4x32ram:inst2|4x4ram:inst5|memory_cell:inst8|inst3  ; out              ;
; |ram|4x32ram:inst2|4x4ram:inst5|memory_cell:inst8|inst   ; |ram|4x32ram:inst2|4x4ram:inst5|memory_cell:inst8|inst   ; regout           ;
; |ram|4x32ram:inst2|4x4ram:inst5|memory_cell:inst8|inst4  ; |ram|4x32ram:inst2|4x4ram:inst5|memory_cell:inst8|inst4  ; out0             ;
; |ram|4x32ram:inst2|4x4ram:inst5|memory_cell:inst6|inst3  ; |ram|4x32ram:inst2|4x4ram:inst5|memory_cell:inst6|inst3  ; out              ;
; |ram|4x32ram:inst2|4x4ram:inst5|memory_cell:inst6|inst   ; |ram|4x32ram:inst2|4x4ram:inst5|memory_cell:inst6|inst   ; regout           ;
; |ram|4x32ram:inst2|4x4ram:inst5|memory_cell:inst6|inst4  ; |ram|4x32ram:inst2|4x4ram:inst5|memory_cell:inst6|inst4  ; out0             ;
; |ram|4x32ram:inst2|4x4ram:inst5|memory_cell:inst4|inst3  ; |ram|4x32ram:inst2|4x4ram:inst5|memory_cell:inst4|inst3  ; out              ;
; |ram|4x32ram:inst2|4x4ram:inst5|memory_cell:inst4|inst   ; |ram|4x32ram:inst2|4x4ram:inst5|memory_cell:inst4|inst   ; regout           ;
; |ram|4x32ram:inst2|4x4ram:inst5|memory_cell:inst4|inst4  ; |ram|4x32ram:inst2|4x4ram:inst5|memory_cell:inst4|inst4  ; out0             ;
; |ram|4x32ram:inst2|4x4ram:inst5|24decoder:inst|inst3     ; |ram|4x32ram:inst2|4x4ram:inst5|24decoder:inst|inst3     ; out0             ;
; |ram|4x32ram:inst2|4x4ram:inst5|memory_cell:inst2|inst3  ; |ram|4x32ram:inst2|4x4ram:inst5|memory_cell:inst2|inst3  ; out              ;
; |ram|4x32ram:inst2|4x4ram:inst5|memory_cell:inst2|inst   ; |ram|4x32ram:inst2|4x4ram:inst5|memory_cell:inst2|inst   ; regout           ;
; |ram|4x32ram:inst2|4x4ram:inst5|memory_cell:inst2|inst4  ; |ram|4x32ram:inst2|4x4ram:inst5|memory_cell:inst2|inst4  ; out0             ;
; |ram|4x32ram:inst2|4x4ram:inst4|inst20                   ; |ram|4x32ram:inst2|4x4ram:inst4|inst20                   ; out              ;
; |ram|4x32ram:inst2|4x4ram:inst4|IN~0                     ; |ram|4x32ram:inst2|4x4ram:inst4|IN~0                     ; out0             ;
; |ram|4x32ram:inst2|4x4ram:inst4|inst17                   ; |ram|4x32ram:inst2|4x4ram:inst4|inst17                   ; out0             ;
; |ram|4x32ram:inst2|4x4ram:inst4|inst18                   ; |ram|4x32ram:inst2|4x4ram:inst4|inst18                   ; out0             ;
; |ram|4x32ram:inst2|4x4ram:inst4|inst21                   ; |ram|4x32ram:inst2|4x4ram:inst4|inst21                   ; out              ;
; |ram|4x32ram:inst2|4x4ram:inst4|IN~1                     ; |ram|4x32ram:inst2|4x4ram:inst4|IN~1                     ; out0             ;
; |ram|4x32ram:inst2|4x4ram:inst4|inst22                   ; |ram|4x32ram:inst2|4x4ram:inst4|inst22                   ; out              ;
; |ram|4x32ram:inst2|4x4ram:inst4|IN~2                     ; |ram|4x32ram:inst2|4x4ram:inst4|IN~2                     ; out0             ;
; |ram|4x32ram:inst2|4x4ram:inst4|inst19                   ; |ram|4x32ram:inst2|4x4ram:inst4|inst19                   ; out              ;
; |ram|4x32ram:inst2|4x4ram:inst4|IN~3                     ; |ram|4x32ram:inst2|4x4ram:inst4|IN~3                     ; out0             ;
; |ram|4x32ram:inst2|4x4ram:inst4|memory_cell:inst3|inst3  ; |ram|4x32ram:inst2|4x4ram:inst4|memory_cell:inst3|inst3  ; out              ;
; |ram|4x32ram:inst2|4x4ram:inst4|memory_cell:inst3|inst   ; |ram|4x32ram:inst2|4x4ram:inst4|memory_cell:inst3|inst   ; regout           ;
; |ram|4x32ram:inst2|4x4ram:inst4|memory_cell:inst3|inst4  ; |ram|4x32ram:inst2|4x4ram:inst4|memory_cell:inst3|inst4  ; out0             ;
; |ram|4x32ram:inst2|4x4ram:inst4|memory_cell:inst5|inst3  ; |ram|4x32ram:inst2|4x4ram:inst4|memory_cell:inst5|inst3  ; out              ;
; |ram|4x32ram:inst2|4x4ram:inst4|memory_cell:inst5|inst   ; |ram|4x32ram:inst2|4x4ram:inst4|memory_cell:inst5|inst   ; regout           ;
; |ram|4x32ram:inst2|4x4ram:inst4|memory_cell:inst5|inst4  ; |ram|4x32ram:inst2|4x4ram:inst4|memory_cell:inst5|inst4  ; out0             ;
; |ram|4x32ram:inst2|4x4ram:inst4|memory_cell:inst7|inst3  ; |ram|4x32ram:inst2|4x4ram:inst4|memory_cell:inst7|inst3  ; out              ;
; |ram|4x32ram:inst2|4x4ram:inst4|memory_cell:inst7|inst   ; |ram|4x32ram:inst2|4x4ram:inst4|memory_cell:inst7|inst   ; regout           ;
; |ram|4x32ram:inst2|4x4ram:inst4|memory_cell:inst7|inst4  ; |ram|4x32ram:inst2|4x4ram:inst4|memory_cell:inst7|inst4  ; out0             ;
; |ram|4x32ram:inst2|4x4ram:inst4|memory_cell:inst1|inst3  ; |ram|4x32ram:inst2|4x4ram:inst4|memory_cell:inst1|inst3  ; out              ;
; |ram|4x32ram:inst2|4x4ram:inst4|memory_cell:inst1|inst   ; |ram|4x32ram:inst2|4x4ram:inst4|memory_cell:inst1|inst   ; regout           ;
; |ram|4x32ram:inst2|4x4ram:inst4|memory_cell:inst1|inst4  ; |ram|4x32ram:inst2|4x4ram:inst4|memory_cell:inst1|inst4  ; out0             ;
; |ram|4x32ram:inst2|4x4ram:inst4|memory_cell:inst16|inst3 ; |ram|4x32ram:inst2|4x4ram:inst4|memory_cell:inst16|inst3 ; out              ;
; |ram|4x32ram:inst2|4x4ram:inst4|memory_cell:inst16|inst  ; |ram|4x32ram:inst2|4x4ram:inst4|memory_cell:inst16|inst  ; regout           ;
; |ram|4x32ram:inst2|4x4ram:inst4|memory_cell:inst16|inst4 ; |ram|4x32ram:inst2|4x4ram:inst4|memory_cell:inst16|inst4 ; out0             ;
; |ram|4x32ram:inst2|4x4ram:inst4|memory_cell:inst14|inst3 ; |ram|4x32ram:inst2|4x4ram:inst4|memory_cell:inst14|inst3 ; out              ;
; |ram|4x32ram:inst2|4x4ram:inst4|memory_cell:inst14|inst  ; |ram|4x32ram:inst2|4x4ram:inst4|memory_cell:inst14|inst  ; regout           ;
; |ram|4x32ram:inst2|4x4ram:inst4|memory_cell:inst14|inst4 ; |ram|4x32ram:inst2|4x4ram:inst4|memory_cell:inst14|inst4 ; out0             ;
; |ram|4x32ram:inst2|4x4ram:inst4|memory_cell:inst12|inst3 ; |ram|4x32ram:inst2|4x4ram:inst4|memory_cell:inst12|inst3 ; out              ;
; |ram|4x32ram:inst2|4x4ram:inst4|memory_cell:inst12|inst  ; |ram|4x32ram:inst2|4x4ram:inst4|memory_cell:inst12|inst  ; regout           ;
; |ram|4x32ram:inst2|4x4ram:inst4|memory_cell:inst12|inst4 ; |ram|4x32ram:inst2|4x4ram:inst4|memory_cell:inst12|inst4 ; out0             ;
; |ram|4x32ram:inst2|4x4ram:inst4|memory_cell:inst10|inst3 ; |ram|4x32ram:inst2|4x4ram:inst4|memory_cell:inst10|inst3 ; out              ;
; |ram|4x32ram:inst2|4x4ram:inst4|memory_cell:inst10|inst  ; |ram|4x32ram:inst2|4x4ram:inst4|memory_cell:inst10|inst  ; regout           ;
; |ram|4x32ram:inst2|4x4ram:inst4|memory_cell:inst10|inst4 ; |ram|4x32ram:inst2|4x4ram:inst4|memory_cell:inst10|inst4 ; out0             ;
; |ram|4x32ram:inst2|4x4ram:inst4|memory_cell:inst15|inst3 ; |ram|4x32ram:inst2|4x4ram:inst4|memory_cell:inst15|inst3 ; out              ;
; |ram|4x32ram:inst2|4x4ram:inst4|memory_cell:inst15|inst  ; |ram|4x32ram:inst2|4x4ram:inst4|memory_cell:inst15|inst  ; regout           ;
; |ram|4x32ram:inst2|4x4ram:inst4|memory_cell:inst15|inst4 ; |ram|4x32ram:inst2|4x4ram:inst4|memory_cell:inst15|inst4 ; out0             ;
; |ram|4x32ram:inst2|4x4ram:inst4|memory_cell:inst13|inst3 ; |ram|4x32ram:inst2|4x4ram:inst4|memory_cell:inst13|inst3 ; out              ;
; |ram|4x32ram:inst2|4x4ram:inst4|memory_cell:inst13|inst  ; |ram|4x32ram:inst2|4x4ram:inst4|memory_cell:inst13|inst  ; regout           ;
; |ram|4x32ram:inst2|4x4ram:inst4|memory_cell:inst13|inst4 ; |ram|4x32ram:inst2|4x4ram:inst4|memory_cell:inst13|inst4 ; out0             ;
; |ram|4x32ram:inst2|4x4ram:inst4|memory_cell:inst11|inst3 ; |ram|4x32ram:inst2|4x4ram:inst4|memory_cell:inst11|inst3 ; out              ;
; |ram|4x32ram:inst2|4x4ram:inst4|memory_cell:inst11|inst  ; |ram|4x32ram:inst2|4x4ram:inst4|memory_cell:inst11|inst  ; regout           ;
; |ram|4x32ram:inst2|4x4ram:inst4|memory_cell:inst11|inst4 ; |ram|4x32ram:inst2|4x4ram:inst4|memory_cell:inst11|inst4 ; out0             ;
; |ram|4x32ram:inst2|4x4ram:inst4|memory_cell:inst9|inst3  ; |ram|4x32ram:inst2|4x4ram:inst4|memory_cell:inst9|inst3  ; out              ;
; |ram|4x32ram:inst2|4x4ram:inst4|memory_cell:inst9|inst   ; |ram|4x32ram:inst2|4x4ram:inst4|memory_cell:inst9|inst   ; regout           ;
; |ram|4x32ram:inst2|4x4ram:inst4|memory_cell:inst9|inst4  ; |ram|4x32ram:inst2|4x4ram:inst4|memory_cell:inst9|inst4  ; out0             ;
; |ram|4x32ram:inst2|4x4ram:inst4|memory_cell:inst8|inst3  ; |ram|4x32ram:inst2|4x4ram:inst4|memory_cell:inst8|inst3  ; out              ;
; |ram|4x32ram:inst2|4x4ram:inst4|memory_cell:inst8|inst   ; |ram|4x32ram:inst2|4x4ram:inst4|memory_cell:inst8|inst   ; regout           ;
; |ram|4x32ram:inst2|4x4ram:inst4|memory_cell:inst8|inst4  ; |ram|4x32ram:inst2|4x4ram:inst4|memory_cell:inst8|inst4  ; out0             ;
; |ram|4x32ram:inst2|4x4ram:inst4|memory_cell:inst6|inst3  ; |ram|4x32ram:inst2|4x4ram:inst4|memory_cell:inst6|inst3  ; out              ;
; |ram|4x32ram:inst2|4x4ram:inst4|memory_cell:inst6|inst   ; |ram|4x32ram:inst2|4x4ram:inst4|memory_cell:inst6|inst   ; regout           ;
; |ram|4x32ram:inst2|4x4ram:inst4|memory_cell:inst6|inst4  ; |ram|4x32ram:inst2|4x4ram:inst4|memory_cell:inst6|inst4  ; out0             ;
; |ram|4x32ram:inst2|4x4ram:inst4|memory_cell:inst4|inst3  ; |ram|4x32ram:inst2|4x4ram:inst4|memory_cell:inst4|inst3  ; out              ;
; |ram|4x32ram:inst2|4x4ram:inst4|memory_cell:inst4|inst   ; |ram|4x32ram:inst2|4x4ram:inst4|memory_cell:inst4|inst   ; regout           ;
; |ram|4x32ram:inst2|4x4ram:inst4|memory_cell:inst4|inst4  ; |ram|4x32ram:inst2|4x4ram:inst4|memory_cell:inst4|inst4  ; out0             ;
; |ram|4x32ram:inst2|4x4ram:inst4|24decoder:inst|inst3     ; |ram|4x32ram:inst2|4x4ram:inst4|24decoder:inst|inst3     ; out0             ;
; |ram|4x32ram:inst2|4x4ram:inst4|memory_cell:inst2|inst3  ; |ram|4x32ram:inst2|4x4ram:inst4|memory_cell:inst2|inst3  ; out              ;
; |ram|4x32ram:inst2|4x4ram:inst4|memory_cell:inst2|inst   ; |ram|4x32ram:inst2|4x4ram:inst4|memory_cell:inst2|inst   ; regout           ;
; |ram|4x32ram:inst2|4x4ram:inst4|memory_cell:inst2|inst4  ; |ram|4x32ram:inst2|4x4ram:inst4|memory_cell:inst2|inst4  ; out0             ;
; |ram|4x32ram:inst2|4x4ram:inst3|inst20                   ; |ram|4x32ram:inst2|4x4ram:inst3|inst20                   ; out              ;
; |ram|4x32ram:inst2|4x4ram:inst3|IN~0                     ; |ram|4x32ram:inst2|4x4ram:inst3|IN~0                     ; out0             ;
; |ram|4x32ram:inst2|4x4ram:inst3|inst17                   ; |ram|4x32ram:inst2|4x4ram:inst3|inst17                   ; out0             ;
; |ram|4x32ram:inst2|4x4ram:inst3|inst18                   ; |ram|4x32ram:inst2|4x4ram:inst3|inst18                   ; out0             ;
; |ram|4x32ram:inst2|4x4ram:inst3|inst21                   ; |ram|4x32ram:inst2|4x4ram:inst3|inst21                   ; out              ;
; |ram|4x32ram:inst2|4x4ram:inst3|IN~1                     ; |ram|4x32ram:inst2|4x4ram:inst3|IN~1                     ; out0             ;
; |ram|4x32ram:inst2|4x4ram:inst3|inst22                   ; |ram|4x32ram:inst2|4x4ram:inst3|inst22                   ; out              ;
; |ram|4x32ram:inst2|4x4ram:inst3|IN~2                     ; |ram|4x32ram:inst2|4x4ram:inst3|IN~2                     ; out0             ;
; |ram|4x32ram:inst2|4x4ram:inst3|inst19                   ; |ram|4x32ram:inst2|4x4ram:inst3|inst19                   ; out              ;
; |ram|4x32ram:inst2|4x4ram:inst3|IN~3                     ; |ram|4x32ram:inst2|4x4ram:inst3|IN~3                     ; out0             ;
; |ram|4x32ram:inst2|4x4ram:inst3|memory_cell:inst3|inst3  ; |ram|4x32ram:inst2|4x4ram:inst3|memory_cell:inst3|inst3  ; out              ;
; |ram|4x32ram:inst2|4x4ram:inst3|memory_cell:inst3|inst   ; |ram|4x32ram:inst2|4x4ram:inst3|memory_cell:inst3|inst   ; regout           ;
; |ram|4x32ram:inst2|4x4ram:inst3|memory_cell:inst3|inst4  ; |ram|4x32ram:inst2|4x4ram:inst3|memory_cell:inst3|inst4  ; out0             ;
; |ram|4x32ram:inst2|4x4ram:inst3|memory_cell:inst5|inst3  ; |ram|4x32ram:inst2|4x4ram:inst3|memory_cell:inst5|inst3  ; out              ;
; |ram|4x32ram:inst2|4x4ram:inst3|memory_cell:inst5|inst   ; |ram|4x32ram:inst2|4x4ram:inst3|memory_cell:inst5|inst   ; regout           ;
; |ram|4x32ram:inst2|4x4ram:inst3|memory_cell:inst5|inst4  ; |ram|4x32ram:inst2|4x4ram:inst3|memory_cell:inst5|inst4  ; out0             ;
; |ram|4x32ram:inst2|4x4ram:inst3|memory_cell:inst7|inst3  ; |ram|4x32ram:inst2|4x4ram:inst3|memory_cell:inst7|inst3  ; out              ;
; |ram|4x32ram:inst2|4x4ram:inst3|memory_cell:inst7|inst   ; |ram|4x32ram:inst2|4x4ram:inst3|memory_cell:inst7|inst   ; regout           ;
; |ram|4x32ram:inst2|4x4ram:inst3|memory_cell:inst7|inst4  ; |ram|4x32ram:inst2|4x4ram:inst3|memory_cell:inst7|inst4  ; out0             ;
; |ram|4x32ram:inst2|4x4ram:inst3|memory_cell:inst1|inst3  ; |ram|4x32ram:inst2|4x4ram:inst3|memory_cell:inst1|inst3  ; out              ;
; |ram|4x32ram:inst2|4x4ram:inst3|memory_cell:inst1|inst   ; |ram|4x32ram:inst2|4x4ram:inst3|memory_cell:inst1|inst   ; regout           ;
; |ram|4x32ram:inst2|4x4ram:inst3|memory_cell:inst1|inst4  ; |ram|4x32ram:inst2|4x4ram:inst3|memory_cell:inst1|inst4  ; out0             ;
; |ram|4x32ram:inst2|4x4ram:inst3|memory_cell:inst16|inst3 ; |ram|4x32ram:inst2|4x4ram:inst3|memory_cell:inst16|inst3 ; out              ;
; |ram|4x32ram:inst2|4x4ram:inst3|memory_cell:inst16|inst  ; |ram|4x32ram:inst2|4x4ram:inst3|memory_cell:inst16|inst  ; regout           ;
; |ram|4x32ram:inst2|4x4ram:inst3|memory_cell:inst16|inst4 ; |ram|4x32ram:inst2|4x4ram:inst3|memory_cell:inst16|inst4 ; out0             ;
; |ram|4x32ram:inst2|4x4ram:inst3|memory_cell:inst14|inst3 ; |ram|4x32ram:inst2|4x4ram:inst3|memory_cell:inst14|inst3 ; out              ;
; |ram|4x32ram:inst2|4x4ram:inst3|memory_cell:inst14|inst  ; |ram|4x32ram:inst2|4x4ram:inst3|memory_cell:inst14|inst  ; regout           ;
; |ram|4x32ram:inst2|4x4ram:inst3|memory_cell:inst14|inst4 ; |ram|4x32ram:inst2|4x4ram:inst3|memory_cell:inst14|inst4 ; out0             ;
; |ram|4x32ram:inst2|4x4ram:inst3|memory_cell:inst12|inst3 ; |ram|4x32ram:inst2|4x4ram:inst3|memory_cell:inst12|inst3 ; out              ;
; |ram|4x32ram:inst2|4x4ram:inst3|memory_cell:inst12|inst  ; |ram|4x32ram:inst2|4x4ram:inst3|memory_cell:inst12|inst  ; regout           ;
; |ram|4x32ram:inst2|4x4ram:inst3|memory_cell:inst12|inst4 ; |ram|4x32ram:inst2|4x4ram:inst3|memory_cell:inst12|inst4 ; out0             ;
; |ram|4x32ram:inst2|4x4ram:inst3|memory_cell:inst10|inst3 ; |ram|4x32ram:inst2|4x4ram:inst3|memory_cell:inst10|inst3 ; out              ;
; |ram|4x32ram:inst2|4x4ram:inst3|memory_cell:inst10|inst  ; |ram|4x32ram:inst2|4x4ram:inst3|memory_cell:inst10|inst  ; regout           ;
; |ram|4x32ram:inst2|4x4ram:inst3|memory_cell:inst10|inst4 ; |ram|4x32ram:inst2|4x4ram:inst3|memory_cell:inst10|inst4 ; out0             ;
; |ram|4x32ram:inst2|4x4ram:inst3|memory_cell:inst15|inst3 ; |ram|4x32ram:inst2|4x4ram:inst3|memory_cell:inst15|inst3 ; out              ;
; |ram|4x32ram:inst2|4x4ram:inst3|memory_cell:inst15|inst  ; |ram|4x32ram:inst2|4x4ram:inst3|memory_cell:inst15|inst  ; regout           ;
; |ram|4x32ram:inst2|4x4ram:inst3|memory_cell:inst15|inst4 ; |ram|4x32ram:inst2|4x4ram:inst3|memory_cell:inst15|inst4 ; out0             ;
; |ram|4x32ram:inst2|4x4ram:inst3|memory_cell:inst13|inst3 ; |ram|4x32ram:inst2|4x4ram:inst3|memory_cell:inst13|inst3 ; out              ;
; |ram|4x32ram:inst2|4x4ram:inst3|memory_cell:inst13|inst  ; |ram|4x32ram:inst2|4x4ram:inst3|memory_cell:inst13|inst  ; regout           ;
; |ram|4x32ram:inst2|4x4ram:inst3|memory_cell:inst13|inst4 ; |ram|4x32ram:inst2|4x4ram:inst3|memory_cell:inst13|inst4 ; out0             ;
; |ram|4x32ram:inst2|4x4ram:inst3|memory_cell:inst11|inst3 ; |ram|4x32ram:inst2|4x4ram:inst3|memory_cell:inst11|inst3 ; out              ;
; |ram|4x32ram:inst2|4x4ram:inst3|memory_cell:inst11|inst  ; |ram|4x32ram:inst2|4x4ram:inst3|memory_cell:inst11|inst  ; regout           ;
; |ram|4x32ram:inst2|4x4ram:inst3|memory_cell:inst11|inst4 ; |ram|4x32ram:inst2|4x4ram:inst3|memory_cell:inst11|inst4 ; out0             ;
; |ram|4x32ram:inst2|4x4ram:inst3|memory_cell:inst9|inst3  ; |ram|4x32ram:inst2|4x4ram:inst3|memory_cell:inst9|inst3  ; out              ;
; |ram|4x32ram:inst2|4x4ram:inst3|memory_cell:inst9|inst   ; |ram|4x32ram:inst2|4x4ram:inst3|memory_cell:inst9|inst   ; regout           ;
; |ram|4x32ram:inst2|4x4ram:inst3|memory_cell:inst9|inst4  ; |ram|4x32ram:inst2|4x4ram:inst3|memory_cell:inst9|inst4  ; out0             ;
; |ram|4x32ram:inst2|4x4ram:inst3|memory_cell:inst8|inst3  ; |ram|4x32ram:inst2|4x4ram:inst3|memory_cell:inst8|inst3  ; out              ;
; |ram|4x32ram:inst2|4x4ram:inst3|memory_cell:inst8|inst   ; |ram|4x32ram:inst2|4x4ram:inst3|memory_cell:inst8|inst   ; regout           ;
; |ram|4x32ram:inst2|4x4ram:inst3|memory_cell:inst8|inst4  ; |ram|4x32ram:inst2|4x4ram:inst3|memory_cell:inst8|inst4  ; out0             ;
; |ram|4x32ram:inst2|4x4ram:inst3|memory_cell:inst6|inst3  ; |ram|4x32ram:inst2|4x4ram:inst3|memory_cell:inst6|inst3  ; out              ;
; |ram|4x32ram:inst2|4x4ram:inst3|memory_cell:inst6|inst   ; |ram|4x32ram:inst2|4x4ram:inst3|memory_cell:inst6|inst   ; regout           ;
; |ram|4x32ram:inst2|4x4ram:inst3|memory_cell:inst6|inst4  ; |ram|4x32ram:inst2|4x4ram:inst3|memory_cell:inst6|inst4  ; out0             ;
; |ram|4x32ram:inst2|4x4ram:inst3|memory_cell:inst4|inst3  ; |ram|4x32ram:inst2|4x4ram:inst3|memory_cell:inst4|inst3  ; out              ;
; |ram|4x32ram:inst2|4x4ram:inst3|memory_cell:inst4|inst   ; |ram|4x32ram:inst2|4x4ram:inst3|memory_cell:inst4|inst   ; regout           ;
; |ram|4x32ram:inst2|4x4ram:inst3|memory_cell:inst4|inst4  ; |ram|4x32ram:inst2|4x4ram:inst3|memory_cell:inst4|inst4  ; out0             ;
; |ram|4x32ram:inst2|4x4ram:inst3|24decoder:inst|inst3     ; |ram|4x32ram:inst2|4x4ram:inst3|24decoder:inst|inst3     ; out0             ;
; |ram|4x32ram:inst2|4x4ram:inst3|memory_cell:inst2|inst3  ; |ram|4x32ram:inst2|4x4ram:inst3|memory_cell:inst2|inst3  ; out              ;
; |ram|4x32ram:inst2|4x4ram:inst3|memory_cell:inst2|inst   ; |ram|4x32ram:inst2|4x4ram:inst3|memory_cell:inst2|inst   ; regout           ;
; |ram|4x32ram:inst2|4x4ram:inst3|memory_cell:inst2|inst4  ; |ram|4x32ram:inst2|4x4ram:inst3|memory_cell:inst2|inst4  ; out0             ;
; |ram|4x32ram:inst2|4x4ram:inst1|inst20                   ; |ram|4x32ram:inst2|4x4ram:inst1|inst20                   ; out              ;
; |ram|4x32ram:inst2|4x4ram:inst1|IN~0                     ; |ram|4x32ram:inst2|4x4ram:inst1|IN~0                     ; out0             ;
; |ram|4x32ram:inst2|4x4ram:inst1|inst17                   ; |ram|4x32ram:inst2|4x4ram:inst1|inst17                   ; out0             ;
; |ram|4x32ram:inst2|4x4ram:inst1|inst18                   ; |ram|4x32ram:inst2|4x4ram:inst1|inst18                   ; out0             ;
; |ram|4x32ram:inst2|4x4ram:inst1|inst21                   ; |ram|4x32ram:inst2|4x4ram:inst1|inst21                   ; out              ;
; |ram|4x32ram:inst2|4x4ram:inst1|IN~1                     ; |ram|4x32ram:inst2|4x4ram:inst1|IN~1                     ; out0             ;
; |ram|4x32ram:inst2|4x4ram:inst1|inst22                   ; |ram|4x32ram:inst2|4x4ram:inst1|inst22                   ; out              ;
; |ram|4x32ram:inst2|4x4ram:inst1|IN~2                     ; |ram|4x32ram:inst2|4x4ram:inst1|IN~2                     ; out0             ;
; |ram|4x32ram:inst2|4x4ram:inst1|inst19                   ; |ram|4x32ram:inst2|4x4ram:inst1|inst19                   ; out              ;
; |ram|4x32ram:inst2|4x4ram:inst1|IN~3                     ; |ram|4x32ram:inst2|4x4ram:inst1|IN~3                     ; out0             ;
; |ram|4x32ram:inst2|4x4ram:inst1|memory_cell:inst3|inst3  ; |ram|4x32ram:inst2|4x4ram:inst1|memory_cell:inst3|inst3  ; out              ;
; |ram|4x32ram:inst2|4x4ram:inst1|memory_cell:inst3|inst   ; |ram|4x32ram:inst2|4x4ram:inst1|memory_cell:inst3|inst   ; regout           ;
; |ram|4x32ram:inst2|4x4ram:inst1|memory_cell:inst3|inst4  ; |ram|4x32ram:inst2|4x4ram:inst1|memory_cell:inst3|inst4  ; out0             ;
; |ram|4x32ram:inst2|4x4ram:inst1|memory_cell:inst5|inst3  ; |ram|4x32ram:inst2|4x4ram:inst1|memory_cell:inst5|inst3  ; out              ;
; |ram|4x32ram:inst2|4x4ram:inst1|memory_cell:inst5|inst   ; |ram|4x32ram:inst2|4x4ram:inst1|memory_cell:inst5|inst   ; regout           ;
; |ram|4x32ram:inst2|4x4ram:inst1|memory_cell:inst5|inst4  ; |ram|4x32ram:inst2|4x4ram:inst1|memory_cell:inst5|inst4  ; out0             ;
; |ram|4x32ram:inst2|4x4ram:inst1|memory_cell:inst7|inst3  ; |ram|4x32ram:inst2|4x4ram:inst1|memory_cell:inst7|inst3  ; out              ;
; |ram|4x32ram:inst2|4x4ram:inst1|memory_cell:inst7|inst   ; |ram|4x32ram:inst2|4x4ram:inst1|memory_cell:inst7|inst   ; regout           ;
; |ram|4x32ram:inst2|4x4ram:inst1|memory_cell:inst7|inst4  ; |ram|4x32ram:inst2|4x4ram:inst1|memory_cell:inst7|inst4  ; out0             ;
; |ram|4x32ram:inst2|4x4ram:inst1|memory_cell:inst1|inst3  ; |ram|4x32ram:inst2|4x4ram:inst1|memory_cell:inst1|inst3  ; out              ;
; |ram|4x32ram:inst2|4x4ram:inst1|memory_cell:inst1|inst   ; |ram|4x32ram:inst2|4x4ram:inst1|memory_cell:inst1|inst   ; regout           ;
; |ram|4x32ram:inst2|4x4ram:inst1|memory_cell:inst1|inst4  ; |ram|4x32ram:inst2|4x4ram:inst1|memory_cell:inst1|inst4  ; out0             ;
; |ram|4x32ram:inst2|4x4ram:inst1|memory_cell:inst16|inst3 ; |ram|4x32ram:inst2|4x4ram:inst1|memory_cell:inst16|inst3 ; out              ;
; |ram|4x32ram:inst2|4x4ram:inst1|memory_cell:inst16|inst  ; |ram|4x32ram:inst2|4x4ram:inst1|memory_cell:inst16|inst  ; regout           ;
; |ram|4x32ram:inst2|4x4ram:inst1|memory_cell:inst16|inst4 ; |ram|4x32ram:inst2|4x4ram:inst1|memory_cell:inst16|inst4 ; out0             ;
; |ram|4x32ram:inst2|4x4ram:inst1|memory_cell:inst14|inst3 ; |ram|4x32ram:inst2|4x4ram:inst1|memory_cell:inst14|inst3 ; out              ;
; |ram|4x32ram:inst2|4x4ram:inst1|memory_cell:inst14|inst  ; |ram|4x32ram:inst2|4x4ram:inst1|memory_cell:inst14|inst  ; regout           ;
; |ram|4x32ram:inst2|4x4ram:inst1|memory_cell:inst14|inst4 ; |ram|4x32ram:inst2|4x4ram:inst1|memory_cell:inst14|inst4 ; out0             ;
; |ram|4x32ram:inst2|4x4ram:inst1|memory_cell:inst12|inst3 ; |ram|4x32ram:inst2|4x4ram:inst1|memory_cell:inst12|inst3 ; out              ;
; |ram|4x32ram:inst2|4x4ram:inst1|memory_cell:inst12|inst  ; |ram|4x32ram:inst2|4x4ram:inst1|memory_cell:inst12|inst  ; regout           ;
; |ram|4x32ram:inst2|4x4ram:inst1|memory_cell:inst12|inst4 ; |ram|4x32ram:inst2|4x4ram:inst1|memory_cell:inst12|inst4 ; out0             ;
; |ram|4x32ram:inst2|4x4ram:inst1|memory_cell:inst10|inst3 ; |ram|4x32ram:inst2|4x4ram:inst1|memory_cell:inst10|inst3 ; out              ;
; |ram|4x32ram:inst2|4x4ram:inst1|memory_cell:inst10|inst  ; |ram|4x32ram:inst2|4x4ram:inst1|memory_cell:inst10|inst  ; regout           ;
; |ram|4x32ram:inst2|4x4ram:inst1|memory_cell:inst10|inst4 ; |ram|4x32ram:inst2|4x4ram:inst1|memory_cell:inst10|inst4 ; out0             ;
; |ram|4x32ram:inst2|4x4ram:inst1|memory_cell:inst15|inst3 ; |ram|4x32ram:inst2|4x4ram:inst1|memory_cell:inst15|inst3 ; out              ;
; |ram|4x32ram:inst2|4x4ram:inst1|memory_cell:inst15|inst  ; |ram|4x32ram:inst2|4x4ram:inst1|memory_cell:inst15|inst  ; regout           ;
; |ram|4x32ram:inst2|4x4ram:inst1|memory_cell:inst15|inst4 ; |ram|4x32ram:inst2|4x4ram:inst1|memory_cell:inst15|inst4 ; out0             ;
; |ram|4x32ram:inst2|4x4ram:inst1|memory_cell:inst13|inst3 ; |ram|4x32ram:inst2|4x4ram:inst1|memory_cell:inst13|inst3 ; out              ;
; |ram|4x32ram:inst2|4x4ram:inst1|memory_cell:inst13|inst  ; |ram|4x32ram:inst2|4x4ram:inst1|memory_cell:inst13|inst  ; regout           ;
; |ram|4x32ram:inst2|4x4ram:inst1|memory_cell:inst13|inst4 ; |ram|4x32ram:inst2|4x4ram:inst1|memory_cell:inst13|inst4 ; out0             ;
; |ram|4x32ram:inst2|4x4ram:inst1|memory_cell:inst11|inst3 ; |ram|4x32ram:inst2|4x4ram:inst1|memory_cell:inst11|inst3 ; out              ;
; |ram|4x32ram:inst2|4x4ram:inst1|memory_cell:inst11|inst  ; |ram|4x32ram:inst2|4x4ram:inst1|memory_cell:inst11|inst  ; regout           ;
; |ram|4x32ram:inst2|4x4ram:inst1|memory_cell:inst11|inst4 ; |ram|4x32ram:inst2|4x4ram:inst1|memory_cell:inst11|inst4 ; out0             ;
; |ram|4x32ram:inst2|4x4ram:inst1|memory_cell:inst9|inst3  ; |ram|4x32ram:inst2|4x4ram:inst1|memory_cell:inst9|inst3  ; out              ;
; |ram|4x32ram:inst2|4x4ram:inst1|memory_cell:inst9|inst   ; |ram|4x32ram:inst2|4x4ram:inst1|memory_cell:inst9|inst   ; regout           ;
; |ram|4x32ram:inst2|4x4ram:inst1|memory_cell:inst9|inst4  ; |ram|4x32ram:inst2|4x4ram:inst1|memory_cell:inst9|inst4  ; out0             ;
; |ram|4x32ram:inst2|4x4ram:inst1|memory_cell:inst8|inst3  ; |ram|4x32ram:inst2|4x4ram:inst1|memory_cell:inst8|inst3  ; out              ;
; |ram|4x32ram:inst2|4x4ram:inst1|memory_cell:inst8|inst   ; |ram|4x32ram:inst2|4x4ram:inst1|memory_cell:inst8|inst   ; regout           ;
; |ram|4x32ram:inst2|4x4ram:inst1|memory_cell:inst8|inst4  ; |ram|4x32ram:inst2|4x4ram:inst1|memory_cell:inst8|inst4  ; out0             ;
; |ram|4x32ram:inst2|4x4ram:inst1|memory_cell:inst6|inst3  ; |ram|4x32ram:inst2|4x4ram:inst1|memory_cell:inst6|inst3  ; out              ;
; |ram|4x32ram:inst2|4x4ram:inst1|memory_cell:inst6|inst   ; |ram|4x32ram:inst2|4x4ram:inst1|memory_cell:inst6|inst   ; regout           ;
; |ram|4x32ram:inst2|4x4ram:inst1|memory_cell:inst6|inst4  ; |ram|4x32ram:inst2|4x4ram:inst1|memory_cell:inst6|inst4  ; out0             ;
; |ram|4x32ram:inst2|4x4ram:inst1|memory_cell:inst4|inst3  ; |ram|4x32ram:inst2|4x4ram:inst1|memory_cell:inst4|inst3  ; out              ;
; |ram|4x32ram:inst2|4x4ram:inst1|memory_cell:inst4|inst   ; |ram|4x32ram:inst2|4x4ram:inst1|memory_cell:inst4|inst   ; regout           ;
; |ram|4x32ram:inst2|4x4ram:inst1|memory_cell:inst4|inst4  ; |ram|4x32ram:inst2|4x4ram:inst1|memory_cell:inst4|inst4  ; out0             ;
; |ram|4x32ram:inst2|4x4ram:inst1|24decoder:inst|inst3     ; |ram|4x32ram:inst2|4x4ram:inst1|24decoder:inst|inst3     ; out0             ;
; |ram|4x32ram:inst2|4x4ram:inst1|memory_cell:inst2|inst3  ; |ram|4x32ram:inst2|4x4ram:inst1|memory_cell:inst2|inst3  ; out              ;
; |ram|4x32ram:inst2|4x4ram:inst1|memory_cell:inst2|inst   ; |ram|4x32ram:inst2|4x4ram:inst1|memory_cell:inst2|inst   ; regout           ;
; |ram|4x32ram:inst2|4x4ram:inst1|memory_cell:inst2|inst4  ; |ram|4x32ram:inst2|4x4ram:inst1|memory_cell:inst2|inst4  ; out0             ;
; |ram|4x32ram:inst2|4x4ram:inst|inst20                    ; |ram|4x32ram:inst2|4x4ram:inst|inst20                    ; out              ;
; |ram|4x32ram:inst2|4x4ram:inst|IN~0                      ; |ram|4x32ram:inst2|4x4ram:inst|IN~0                      ; out0             ;
; |ram|4x32ram:inst2|4x4ram:inst|inst17                    ; |ram|4x32ram:inst2|4x4ram:inst|inst17                    ; out0             ;
; |ram|4x32ram:inst2|4x4ram:inst|inst18                    ; |ram|4x32ram:inst2|4x4ram:inst|inst18                    ; out0             ;
; |ram|4x32ram:inst2|4x4ram:inst|inst21                    ; |ram|4x32ram:inst2|4x4ram:inst|inst21                    ; out              ;
; |ram|4x32ram:inst2|4x4ram:inst|IN~1                      ; |ram|4x32ram:inst2|4x4ram:inst|IN~1                      ; out0             ;
; |ram|4x32ram:inst2|4x4ram:inst|inst22                    ; |ram|4x32ram:inst2|4x4ram:inst|inst22                    ; out              ;
; |ram|4x32ram:inst2|4x4ram:inst|IN~2                      ; |ram|4x32ram:inst2|4x4ram:inst|IN~2                      ; out0             ;
; |ram|4x32ram:inst2|4x4ram:inst|inst19                    ; |ram|4x32ram:inst2|4x4ram:inst|inst19                    ; out              ;
; |ram|4x32ram:inst2|4x4ram:inst|IN~3                      ; |ram|4x32ram:inst2|4x4ram:inst|IN~3                      ; out0             ;
; |ram|4x32ram:inst2|4x4ram:inst|memory_cell:inst3|inst3   ; |ram|4x32ram:inst2|4x4ram:inst|memory_cell:inst3|inst3   ; out              ;
; |ram|4x32ram:inst2|4x4ram:inst|memory_cell:inst3|inst    ; |ram|4x32ram:inst2|4x4ram:inst|memory_cell:inst3|inst    ; regout           ;
; |ram|4x32ram:inst2|4x4ram:inst|memory_cell:inst3|inst4   ; |ram|4x32ram:inst2|4x4ram:inst|memory_cell:inst3|inst4   ; out0             ;
; |ram|4x32ram:inst2|4x4ram:inst|memory_cell:inst5|inst3   ; |ram|4x32ram:inst2|4x4ram:inst|memory_cell:inst5|inst3   ; out              ;
; |ram|4x32ram:inst2|4x4ram:inst|memory_cell:inst5|inst    ; |ram|4x32ram:inst2|4x4ram:inst|memory_cell:inst5|inst    ; regout           ;
; |ram|4x32ram:inst2|4x4ram:inst|memory_cell:inst5|inst4   ; |ram|4x32ram:inst2|4x4ram:inst|memory_cell:inst5|inst4   ; out0             ;
; |ram|4x32ram:inst2|4x4ram:inst|memory_cell:inst7|inst3   ; |ram|4x32ram:inst2|4x4ram:inst|memory_cell:inst7|inst3   ; out              ;
; |ram|4x32ram:inst2|4x4ram:inst|memory_cell:inst7|inst    ; |ram|4x32ram:inst2|4x4ram:inst|memory_cell:inst7|inst    ; regout           ;
; |ram|4x32ram:inst2|4x4ram:inst|memory_cell:inst7|inst4   ; |ram|4x32ram:inst2|4x4ram:inst|memory_cell:inst7|inst4   ; out0             ;
; |ram|4x32ram:inst2|4x4ram:inst|memory_cell:inst1|inst3   ; |ram|4x32ram:inst2|4x4ram:inst|memory_cell:inst1|inst3   ; out              ;
; |ram|4x32ram:inst2|4x4ram:inst|memory_cell:inst1|inst    ; |ram|4x32ram:inst2|4x4ram:inst|memory_cell:inst1|inst    ; regout           ;
; |ram|4x32ram:inst2|4x4ram:inst|memory_cell:inst1|inst4   ; |ram|4x32ram:inst2|4x4ram:inst|memory_cell:inst1|inst4   ; out0             ;
; |ram|4x32ram:inst2|4x4ram:inst|memory_cell:inst16|inst3  ; |ram|4x32ram:inst2|4x4ram:inst|memory_cell:inst16|inst3  ; out              ;
; |ram|4x32ram:inst2|4x4ram:inst|memory_cell:inst16|inst   ; |ram|4x32ram:inst2|4x4ram:inst|memory_cell:inst16|inst   ; regout           ;
; |ram|4x32ram:inst2|4x4ram:inst|memory_cell:inst16|inst4  ; |ram|4x32ram:inst2|4x4ram:inst|memory_cell:inst16|inst4  ; out0             ;
; |ram|4x32ram:inst2|4x4ram:inst|memory_cell:inst14|inst3  ; |ram|4x32ram:inst2|4x4ram:inst|memory_cell:inst14|inst3  ; out              ;
; |ram|4x32ram:inst2|4x4ram:inst|memory_cell:inst14|inst   ; |ram|4x32ram:inst2|4x4ram:inst|memory_cell:inst14|inst   ; regout           ;
; |ram|4x32ram:inst2|4x4ram:inst|memory_cell:inst14|inst4  ; |ram|4x32ram:inst2|4x4ram:inst|memory_cell:inst14|inst4  ; out0             ;
; |ram|4x32ram:inst2|4x4ram:inst|memory_cell:inst12|inst3  ; |ram|4x32ram:inst2|4x4ram:inst|memory_cell:inst12|inst3  ; out              ;
; |ram|4x32ram:inst2|4x4ram:inst|memory_cell:inst12|inst   ; |ram|4x32ram:inst2|4x4ram:inst|memory_cell:inst12|inst   ; regout           ;
; |ram|4x32ram:inst2|4x4ram:inst|memory_cell:inst12|inst4  ; |ram|4x32ram:inst2|4x4ram:inst|memory_cell:inst12|inst4  ; out0             ;
; |ram|4x32ram:inst2|4x4ram:inst|memory_cell:inst10|inst3  ; |ram|4x32ram:inst2|4x4ram:inst|memory_cell:inst10|inst3  ; out              ;
; |ram|4x32ram:inst2|4x4ram:inst|memory_cell:inst10|inst   ; |ram|4x32ram:inst2|4x4ram:inst|memory_cell:inst10|inst   ; regout           ;
; |ram|4x32ram:inst2|4x4ram:inst|memory_cell:inst10|inst4  ; |ram|4x32ram:inst2|4x4ram:inst|memory_cell:inst10|inst4  ; out0             ;
; |ram|4x32ram:inst2|4x4ram:inst|memory_cell:inst15|inst3  ; |ram|4x32ram:inst2|4x4ram:inst|memory_cell:inst15|inst3  ; out              ;
; |ram|4x32ram:inst2|4x4ram:inst|memory_cell:inst15|inst   ; |ram|4x32ram:inst2|4x4ram:inst|memory_cell:inst15|inst   ; regout           ;
; |ram|4x32ram:inst2|4x4ram:inst|memory_cell:inst15|inst4  ; |ram|4x32ram:inst2|4x4ram:inst|memory_cell:inst15|inst4  ; out0             ;
; |ram|4x32ram:inst2|4x4ram:inst|memory_cell:inst13|inst3  ; |ram|4x32ram:inst2|4x4ram:inst|memory_cell:inst13|inst3  ; out              ;
; |ram|4x32ram:inst2|4x4ram:inst|memory_cell:inst13|inst   ; |ram|4x32ram:inst2|4x4ram:inst|memory_cell:inst13|inst   ; regout           ;
; |ram|4x32ram:inst2|4x4ram:inst|memory_cell:inst13|inst4  ; |ram|4x32ram:inst2|4x4ram:inst|memory_cell:inst13|inst4  ; out0             ;
; |ram|4x32ram:inst2|4x4ram:inst|memory_cell:inst11|inst3  ; |ram|4x32ram:inst2|4x4ram:inst|memory_cell:inst11|inst3  ; out              ;
; |ram|4x32ram:inst2|4x4ram:inst|memory_cell:inst11|inst   ; |ram|4x32ram:inst2|4x4ram:inst|memory_cell:inst11|inst   ; regout           ;
; |ram|4x32ram:inst2|4x4ram:inst|memory_cell:inst11|inst4  ; |ram|4x32ram:inst2|4x4ram:inst|memory_cell:inst11|inst4  ; out0             ;
; |ram|4x32ram:inst2|4x4ram:inst|memory_cell:inst9|inst3   ; |ram|4x32ram:inst2|4x4ram:inst|memory_cell:inst9|inst3   ; out              ;
; |ram|4x32ram:inst2|4x4ram:inst|memory_cell:inst9|inst    ; |ram|4x32ram:inst2|4x4ram:inst|memory_cell:inst9|inst    ; regout           ;
; |ram|4x32ram:inst2|4x4ram:inst|memory_cell:inst9|inst4   ; |ram|4x32ram:inst2|4x4ram:inst|memory_cell:inst9|inst4   ; out0             ;
; |ram|4x32ram:inst2|4x4ram:inst|memory_cell:inst8|inst3   ; |ram|4x32ram:inst2|4x4ram:inst|memory_cell:inst8|inst3   ; out              ;
; |ram|4x32ram:inst2|4x4ram:inst|memory_cell:inst8|inst    ; |ram|4x32ram:inst2|4x4ram:inst|memory_cell:inst8|inst    ; regout           ;
; |ram|4x32ram:inst2|4x4ram:inst|memory_cell:inst8|inst4   ; |ram|4x32ram:inst2|4x4ram:inst|memory_cell:inst8|inst4   ; out0             ;
; |ram|4x32ram:inst2|4x4ram:inst|memory_cell:inst6|inst3   ; |ram|4x32ram:inst2|4x4ram:inst|memory_cell:inst6|inst3   ; out              ;
; |ram|4x32ram:inst2|4x4ram:inst|memory_cell:inst6|inst    ; |ram|4x32ram:inst2|4x4ram:inst|memory_cell:inst6|inst    ; regout           ;
; |ram|4x32ram:inst2|4x4ram:inst|memory_cell:inst6|inst4   ; |ram|4x32ram:inst2|4x4ram:inst|memory_cell:inst6|inst4   ; out0             ;
; |ram|4x32ram:inst2|4x4ram:inst|memory_cell:inst4|inst3   ; |ram|4x32ram:inst2|4x4ram:inst|memory_cell:inst4|inst3   ; out              ;
; |ram|4x32ram:inst2|4x4ram:inst|memory_cell:inst4|inst    ; |ram|4x32ram:inst2|4x4ram:inst|memory_cell:inst4|inst    ; regout           ;
; |ram|4x32ram:inst2|4x4ram:inst|memory_cell:inst4|inst4   ; |ram|4x32ram:inst2|4x4ram:inst|memory_cell:inst4|inst4   ; out0             ;
; |ram|4x32ram:inst2|4x4ram:inst|24decoder:inst|inst3      ; |ram|4x32ram:inst2|4x4ram:inst|24decoder:inst|inst3      ; out0             ;
; |ram|4x32ram:inst2|4x4ram:inst|memory_cell:inst2|inst3   ; |ram|4x32ram:inst2|4x4ram:inst|memory_cell:inst2|inst3   ; out              ;
; |ram|4x32ram:inst2|4x4ram:inst|memory_cell:inst2|inst    ; |ram|4x32ram:inst2|4x4ram:inst|memory_cell:inst2|inst    ; regout           ;
; |ram|4x32ram:inst2|4x4ram:inst|memory_cell:inst2|inst4   ; |ram|4x32ram:inst2|4x4ram:inst|memory_cell:inst2|inst4   ; out0             ;
; |ram|4x32ram:inst1|4x4ram:inst8|inst20                   ; |ram|4x32ram:inst1|4x4ram:inst8|inst20                   ; out              ;
; |ram|4x32ram:inst1|4x4ram:inst8|IN~0                     ; |ram|4x32ram:inst1|4x4ram:inst8|IN~0                     ; out0             ;
; |ram|4x32ram:inst1|4x4ram:inst8|inst17                   ; |ram|4x32ram:inst1|4x4ram:inst8|inst17                   ; out0             ;
; |ram|4x32ram:inst1|4x4ram:inst8|inst18                   ; |ram|4x32ram:inst1|4x4ram:inst8|inst18                   ; out0             ;
; |ram|4x32ram:inst1|4x4ram:inst8|inst21                   ; |ram|4x32ram:inst1|4x4ram:inst8|inst21                   ; out              ;
; |ram|4x32ram:inst1|4x4ram:inst8|IN~1                     ; |ram|4x32ram:inst1|4x4ram:inst8|IN~1                     ; out0             ;
; |ram|4x32ram:inst1|4x4ram:inst8|inst22                   ; |ram|4x32ram:inst1|4x4ram:inst8|inst22                   ; out              ;
; |ram|4x32ram:inst1|4x4ram:inst8|IN~2                     ; |ram|4x32ram:inst1|4x4ram:inst8|IN~2                     ; out0             ;
; |ram|4x32ram:inst1|4x4ram:inst8|inst19                   ; |ram|4x32ram:inst1|4x4ram:inst8|inst19                   ; out              ;
; |ram|4x32ram:inst1|4x4ram:inst8|IN~3                     ; |ram|4x32ram:inst1|4x4ram:inst8|IN~3                     ; out0             ;
; |ram|4x32ram:inst1|4x4ram:inst8|memory_cell:inst3|inst3  ; |ram|4x32ram:inst1|4x4ram:inst8|memory_cell:inst3|inst3  ; out              ;
; |ram|4x32ram:inst1|4x4ram:inst8|memory_cell:inst3|inst   ; |ram|4x32ram:inst1|4x4ram:inst8|memory_cell:inst3|inst   ; regout           ;
; |ram|4x32ram:inst1|4x4ram:inst8|memory_cell:inst3|inst4  ; |ram|4x32ram:inst1|4x4ram:inst8|memory_cell:inst3|inst4  ; out0             ;
; |ram|4x32ram:inst1|4x4ram:inst8|memory_cell:inst5|inst3  ; |ram|4x32ram:inst1|4x4ram:inst8|memory_cell:inst5|inst3  ; out              ;
; |ram|4x32ram:inst1|4x4ram:inst8|memory_cell:inst5|inst   ; |ram|4x32ram:inst1|4x4ram:inst8|memory_cell:inst5|inst   ; regout           ;
; |ram|4x32ram:inst1|4x4ram:inst8|memory_cell:inst5|inst4  ; |ram|4x32ram:inst1|4x4ram:inst8|memory_cell:inst5|inst4  ; out0             ;
; |ram|4x32ram:inst1|4x4ram:inst8|memory_cell:inst7|inst3  ; |ram|4x32ram:inst1|4x4ram:inst8|memory_cell:inst7|inst3  ; out              ;
; |ram|4x32ram:inst1|4x4ram:inst8|memory_cell:inst7|inst   ; |ram|4x32ram:inst1|4x4ram:inst8|memory_cell:inst7|inst   ; regout           ;
; |ram|4x32ram:inst1|4x4ram:inst8|memory_cell:inst7|inst4  ; |ram|4x32ram:inst1|4x4ram:inst8|memory_cell:inst7|inst4  ; out0             ;
; |ram|4x32ram:inst1|4x4ram:inst8|memory_cell:inst1|inst3  ; |ram|4x32ram:inst1|4x4ram:inst8|memory_cell:inst1|inst3  ; out              ;
; |ram|4x32ram:inst1|4x4ram:inst8|memory_cell:inst1|inst   ; |ram|4x32ram:inst1|4x4ram:inst8|memory_cell:inst1|inst   ; regout           ;
; |ram|4x32ram:inst1|4x4ram:inst8|memory_cell:inst1|inst4  ; |ram|4x32ram:inst1|4x4ram:inst8|memory_cell:inst1|inst4  ; out0             ;
; |ram|4x32ram:inst1|4x4ram:inst8|memory_cell:inst16|inst3 ; |ram|4x32ram:inst1|4x4ram:inst8|memory_cell:inst16|inst3 ; out              ;
; |ram|4x32ram:inst1|4x4ram:inst8|memory_cell:inst16|inst  ; |ram|4x32ram:inst1|4x4ram:inst8|memory_cell:inst16|inst  ; regout           ;
; |ram|4x32ram:inst1|4x4ram:inst8|memory_cell:inst16|inst4 ; |ram|4x32ram:inst1|4x4ram:inst8|memory_cell:inst16|inst4 ; out0             ;
; |ram|4x32ram:inst1|4x4ram:inst8|memory_cell:inst14|inst3 ; |ram|4x32ram:inst1|4x4ram:inst8|memory_cell:inst14|inst3 ; out              ;
; |ram|4x32ram:inst1|4x4ram:inst8|memory_cell:inst14|inst  ; |ram|4x32ram:inst1|4x4ram:inst8|memory_cell:inst14|inst  ; regout           ;
; |ram|4x32ram:inst1|4x4ram:inst8|memory_cell:inst14|inst4 ; |ram|4x32ram:inst1|4x4ram:inst8|memory_cell:inst14|inst4 ; out0             ;
; |ram|4x32ram:inst1|4x4ram:inst8|memory_cell:inst12|inst3 ; |ram|4x32ram:inst1|4x4ram:inst8|memory_cell:inst12|inst3 ; out              ;
; |ram|4x32ram:inst1|4x4ram:inst8|memory_cell:inst12|inst  ; |ram|4x32ram:inst1|4x4ram:inst8|memory_cell:inst12|inst  ; regout           ;
; |ram|4x32ram:inst1|4x4ram:inst8|memory_cell:inst12|inst4 ; |ram|4x32ram:inst1|4x4ram:inst8|memory_cell:inst12|inst4 ; out0             ;
; |ram|4x32ram:inst1|4x4ram:inst8|memory_cell:inst10|inst3 ; |ram|4x32ram:inst1|4x4ram:inst8|memory_cell:inst10|inst3 ; out              ;
; |ram|4x32ram:inst1|4x4ram:inst8|memory_cell:inst10|inst  ; |ram|4x32ram:inst1|4x4ram:inst8|memory_cell:inst10|inst  ; regout           ;
; |ram|4x32ram:inst1|4x4ram:inst8|memory_cell:inst10|inst4 ; |ram|4x32ram:inst1|4x4ram:inst8|memory_cell:inst10|inst4 ; out0             ;
; |ram|4x32ram:inst1|4x4ram:inst8|memory_cell:inst15|inst3 ; |ram|4x32ram:inst1|4x4ram:inst8|memory_cell:inst15|inst3 ; out              ;
; |ram|4x32ram:inst1|4x4ram:inst8|memory_cell:inst15|inst  ; |ram|4x32ram:inst1|4x4ram:inst8|memory_cell:inst15|inst  ; regout           ;
; |ram|4x32ram:inst1|4x4ram:inst8|memory_cell:inst15|inst4 ; |ram|4x32ram:inst1|4x4ram:inst8|memory_cell:inst15|inst4 ; out0             ;
; |ram|4x32ram:inst1|4x4ram:inst8|memory_cell:inst13|inst3 ; |ram|4x32ram:inst1|4x4ram:inst8|memory_cell:inst13|inst3 ; out              ;
; |ram|4x32ram:inst1|4x4ram:inst8|memory_cell:inst13|inst  ; |ram|4x32ram:inst1|4x4ram:inst8|memory_cell:inst13|inst  ; regout           ;
; |ram|4x32ram:inst1|4x4ram:inst8|memory_cell:inst13|inst4 ; |ram|4x32ram:inst1|4x4ram:inst8|memory_cell:inst13|inst4 ; out0             ;
; |ram|4x32ram:inst1|4x4ram:inst8|memory_cell:inst11|inst3 ; |ram|4x32ram:inst1|4x4ram:inst8|memory_cell:inst11|inst3 ; out              ;
; |ram|4x32ram:inst1|4x4ram:inst8|memory_cell:inst11|inst  ; |ram|4x32ram:inst1|4x4ram:inst8|memory_cell:inst11|inst  ; regout           ;
; |ram|4x32ram:inst1|4x4ram:inst8|memory_cell:inst11|inst4 ; |ram|4x32ram:inst1|4x4ram:inst8|memory_cell:inst11|inst4 ; out0             ;
; |ram|4x32ram:inst1|4x4ram:inst8|memory_cell:inst9|inst3  ; |ram|4x32ram:inst1|4x4ram:inst8|memory_cell:inst9|inst3  ; out              ;
; |ram|4x32ram:inst1|4x4ram:inst8|memory_cell:inst9|inst   ; |ram|4x32ram:inst1|4x4ram:inst8|memory_cell:inst9|inst   ; regout           ;
; |ram|4x32ram:inst1|4x4ram:inst8|memory_cell:inst9|inst4  ; |ram|4x32ram:inst1|4x4ram:inst8|memory_cell:inst9|inst4  ; out0             ;
; |ram|4x32ram:inst1|4x4ram:inst8|memory_cell:inst8|inst3  ; |ram|4x32ram:inst1|4x4ram:inst8|memory_cell:inst8|inst3  ; out              ;
; |ram|4x32ram:inst1|4x4ram:inst8|memory_cell:inst8|inst   ; |ram|4x32ram:inst1|4x4ram:inst8|memory_cell:inst8|inst   ; regout           ;
; |ram|4x32ram:inst1|4x4ram:inst8|memory_cell:inst8|inst4  ; |ram|4x32ram:inst1|4x4ram:inst8|memory_cell:inst8|inst4  ; out0             ;
; |ram|4x32ram:inst1|4x4ram:inst8|memory_cell:inst6|inst3  ; |ram|4x32ram:inst1|4x4ram:inst8|memory_cell:inst6|inst3  ; out              ;
; |ram|4x32ram:inst1|4x4ram:inst8|memory_cell:inst6|inst   ; |ram|4x32ram:inst1|4x4ram:inst8|memory_cell:inst6|inst   ; regout           ;
; |ram|4x32ram:inst1|4x4ram:inst8|memory_cell:inst6|inst4  ; |ram|4x32ram:inst1|4x4ram:inst8|memory_cell:inst6|inst4  ; out0             ;
; |ram|4x32ram:inst1|4x4ram:inst8|memory_cell:inst4|inst3  ; |ram|4x32ram:inst1|4x4ram:inst8|memory_cell:inst4|inst3  ; out              ;
; |ram|4x32ram:inst1|4x4ram:inst8|memory_cell:inst4|inst   ; |ram|4x32ram:inst1|4x4ram:inst8|memory_cell:inst4|inst   ; regout           ;
; |ram|4x32ram:inst1|4x4ram:inst8|memory_cell:inst4|inst4  ; |ram|4x32ram:inst1|4x4ram:inst8|memory_cell:inst4|inst4  ; out0             ;
; |ram|4x32ram:inst1|4x4ram:inst8|24decoder:inst|inst3     ; |ram|4x32ram:inst1|4x4ram:inst8|24decoder:inst|inst3     ; out0             ;
; |ram|4x32ram:inst1|4x4ram:inst8|memory_cell:inst2|inst3  ; |ram|4x32ram:inst1|4x4ram:inst8|memory_cell:inst2|inst3  ; out              ;
; |ram|4x32ram:inst1|4x4ram:inst8|memory_cell:inst2|inst   ; |ram|4x32ram:inst1|4x4ram:inst8|memory_cell:inst2|inst   ; regout           ;
; |ram|4x32ram:inst1|4x4ram:inst8|memory_cell:inst2|inst4  ; |ram|4x32ram:inst1|4x4ram:inst8|memory_cell:inst2|inst4  ; out0             ;
; |ram|4x32ram:inst1|4x4ram:inst7|inst20                   ; |ram|4x32ram:inst1|4x4ram:inst7|inst20                   ; out              ;
; |ram|4x32ram:inst1|4x4ram:inst7|IN~0                     ; |ram|4x32ram:inst1|4x4ram:inst7|IN~0                     ; out0             ;
; |ram|4x32ram:inst1|4x4ram:inst7|inst17                   ; |ram|4x32ram:inst1|4x4ram:inst7|inst17                   ; out0             ;
; |ram|4x32ram:inst1|4x4ram:inst7|inst18                   ; |ram|4x32ram:inst1|4x4ram:inst7|inst18                   ; out0             ;
; |ram|4x32ram:inst1|4x4ram:inst7|inst21                   ; |ram|4x32ram:inst1|4x4ram:inst7|inst21                   ; out              ;
; |ram|4x32ram:inst1|4x4ram:inst7|IN~1                     ; |ram|4x32ram:inst1|4x4ram:inst7|IN~1                     ; out0             ;
; |ram|4x32ram:inst1|4x4ram:inst7|inst22                   ; |ram|4x32ram:inst1|4x4ram:inst7|inst22                   ; out              ;
; |ram|4x32ram:inst1|4x4ram:inst7|IN~2                     ; |ram|4x32ram:inst1|4x4ram:inst7|IN~2                     ; out0             ;
; |ram|4x32ram:inst1|4x4ram:inst7|inst19                   ; |ram|4x32ram:inst1|4x4ram:inst7|inst19                   ; out              ;
; |ram|4x32ram:inst1|4x4ram:inst7|IN~3                     ; |ram|4x32ram:inst1|4x4ram:inst7|IN~3                     ; out0             ;
; |ram|4x32ram:inst1|4x4ram:inst7|memory_cell:inst3|inst3  ; |ram|4x32ram:inst1|4x4ram:inst7|memory_cell:inst3|inst3  ; out              ;
; |ram|4x32ram:inst1|4x4ram:inst7|memory_cell:inst3|inst   ; |ram|4x32ram:inst1|4x4ram:inst7|memory_cell:inst3|inst   ; regout           ;
; |ram|4x32ram:inst1|4x4ram:inst7|memory_cell:inst3|inst4  ; |ram|4x32ram:inst1|4x4ram:inst7|memory_cell:inst3|inst4  ; out0             ;
; |ram|4x32ram:inst1|4x4ram:inst7|memory_cell:inst5|inst3  ; |ram|4x32ram:inst1|4x4ram:inst7|memory_cell:inst5|inst3  ; out              ;
; |ram|4x32ram:inst1|4x4ram:inst7|memory_cell:inst5|inst   ; |ram|4x32ram:inst1|4x4ram:inst7|memory_cell:inst5|inst   ; regout           ;
; |ram|4x32ram:inst1|4x4ram:inst7|memory_cell:inst5|inst4  ; |ram|4x32ram:inst1|4x4ram:inst7|memory_cell:inst5|inst4  ; out0             ;
; |ram|4x32ram:inst1|4x4ram:inst7|memory_cell:inst7|inst3  ; |ram|4x32ram:inst1|4x4ram:inst7|memory_cell:inst7|inst3  ; out              ;
; |ram|4x32ram:inst1|4x4ram:inst7|memory_cell:inst7|inst   ; |ram|4x32ram:inst1|4x4ram:inst7|memory_cell:inst7|inst   ; regout           ;
; |ram|4x32ram:inst1|4x4ram:inst7|memory_cell:inst7|inst4  ; |ram|4x32ram:inst1|4x4ram:inst7|memory_cell:inst7|inst4  ; out0             ;
; |ram|4x32ram:inst1|4x4ram:inst7|memory_cell:inst1|inst3  ; |ram|4x32ram:inst1|4x4ram:inst7|memory_cell:inst1|inst3  ; out              ;
; |ram|4x32ram:inst1|4x4ram:inst7|memory_cell:inst1|inst   ; |ram|4x32ram:inst1|4x4ram:inst7|memory_cell:inst1|inst   ; regout           ;
; |ram|4x32ram:inst1|4x4ram:inst7|memory_cell:inst1|inst4  ; |ram|4x32ram:inst1|4x4ram:inst7|memory_cell:inst1|inst4  ; out0             ;
; |ram|4x32ram:inst1|4x4ram:inst7|memory_cell:inst16|inst3 ; |ram|4x32ram:inst1|4x4ram:inst7|memory_cell:inst16|inst3 ; out              ;
; |ram|4x32ram:inst1|4x4ram:inst7|memory_cell:inst16|inst  ; |ram|4x32ram:inst1|4x4ram:inst7|memory_cell:inst16|inst  ; regout           ;
; |ram|4x32ram:inst1|4x4ram:inst7|memory_cell:inst16|inst4 ; |ram|4x32ram:inst1|4x4ram:inst7|memory_cell:inst16|inst4 ; out0             ;
; |ram|4x32ram:inst1|4x4ram:inst7|memory_cell:inst14|inst3 ; |ram|4x32ram:inst1|4x4ram:inst7|memory_cell:inst14|inst3 ; out              ;
; |ram|4x32ram:inst1|4x4ram:inst7|memory_cell:inst14|inst  ; |ram|4x32ram:inst1|4x4ram:inst7|memory_cell:inst14|inst  ; regout           ;
; |ram|4x32ram:inst1|4x4ram:inst7|memory_cell:inst14|inst4 ; |ram|4x32ram:inst1|4x4ram:inst7|memory_cell:inst14|inst4 ; out0             ;
; |ram|4x32ram:inst1|4x4ram:inst7|memory_cell:inst12|inst3 ; |ram|4x32ram:inst1|4x4ram:inst7|memory_cell:inst12|inst3 ; out              ;
; |ram|4x32ram:inst1|4x4ram:inst7|memory_cell:inst12|inst  ; |ram|4x32ram:inst1|4x4ram:inst7|memory_cell:inst12|inst  ; regout           ;
; |ram|4x32ram:inst1|4x4ram:inst7|memory_cell:inst12|inst4 ; |ram|4x32ram:inst1|4x4ram:inst7|memory_cell:inst12|inst4 ; out0             ;
; |ram|4x32ram:inst1|4x4ram:inst7|memory_cell:inst10|inst3 ; |ram|4x32ram:inst1|4x4ram:inst7|memory_cell:inst10|inst3 ; out              ;
; |ram|4x32ram:inst1|4x4ram:inst7|memory_cell:inst10|inst  ; |ram|4x32ram:inst1|4x4ram:inst7|memory_cell:inst10|inst  ; regout           ;
; |ram|4x32ram:inst1|4x4ram:inst7|memory_cell:inst10|inst4 ; |ram|4x32ram:inst1|4x4ram:inst7|memory_cell:inst10|inst4 ; out0             ;
; |ram|4x32ram:inst1|4x4ram:inst7|memory_cell:inst15|inst3 ; |ram|4x32ram:inst1|4x4ram:inst7|memory_cell:inst15|inst3 ; out              ;
; |ram|4x32ram:inst1|4x4ram:inst7|memory_cell:inst15|inst  ; |ram|4x32ram:inst1|4x4ram:inst7|memory_cell:inst15|inst  ; regout           ;
; |ram|4x32ram:inst1|4x4ram:inst7|memory_cell:inst15|inst4 ; |ram|4x32ram:inst1|4x4ram:inst7|memory_cell:inst15|inst4 ; out0             ;
; |ram|4x32ram:inst1|4x4ram:inst7|memory_cell:inst13|inst3 ; |ram|4x32ram:inst1|4x4ram:inst7|memory_cell:inst13|inst3 ; out              ;
; |ram|4x32ram:inst1|4x4ram:inst7|memory_cell:inst13|inst  ; |ram|4x32ram:inst1|4x4ram:inst7|memory_cell:inst13|inst  ; regout           ;
; |ram|4x32ram:inst1|4x4ram:inst7|memory_cell:inst13|inst4 ; |ram|4x32ram:inst1|4x4ram:inst7|memory_cell:inst13|inst4 ; out0             ;
; |ram|4x32ram:inst1|4x4ram:inst7|memory_cell:inst11|inst3 ; |ram|4x32ram:inst1|4x4ram:inst7|memory_cell:inst11|inst3 ; out              ;
; |ram|4x32ram:inst1|4x4ram:inst7|memory_cell:inst11|inst  ; |ram|4x32ram:inst1|4x4ram:inst7|memory_cell:inst11|inst  ; regout           ;
; |ram|4x32ram:inst1|4x4ram:inst7|memory_cell:inst11|inst4 ; |ram|4x32ram:inst1|4x4ram:inst7|memory_cell:inst11|inst4 ; out0             ;
; |ram|4x32ram:inst1|4x4ram:inst7|memory_cell:inst9|inst3  ; |ram|4x32ram:inst1|4x4ram:inst7|memory_cell:inst9|inst3  ; out              ;
; |ram|4x32ram:inst1|4x4ram:inst7|memory_cell:inst9|inst   ; |ram|4x32ram:inst1|4x4ram:inst7|memory_cell:inst9|inst   ; regout           ;
; |ram|4x32ram:inst1|4x4ram:inst7|memory_cell:inst9|inst4  ; |ram|4x32ram:inst1|4x4ram:inst7|memory_cell:inst9|inst4  ; out0             ;
; |ram|4x32ram:inst1|4x4ram:inst7|memory_cell:inst8|inst3  ; |ram|4x32ram:inst1|4x4ram:inst7|memory_cell:inst8|inst3  ; out              ;
; |ram|4x32ram:inst1|4x4ram:inst7|memory_cell:inst8|inst   ; |ram|4x32ram:inst1|4x4ram:inst7|memory_cell:inst8|inst   ; regout           ;
; |ram|4x32ram:inst1|4x4ram:inst7|memory_cell:inst8|inst4  ; |ram|4x32ram:inst1|4x4ram:inst7|memory_cell:inst8|inst4  ; out0             ;
; |ram|4x32ram:inst1|4x4ram:inst7|memory_cell:inst6|inst3  ; |ram|4x32ram:inst1|4x4ram:inst7|memory_cell:inst6|inst3  ; out              ;
; |ram|4x32ram:inst1|4x4ram:inst7|memory_cell:inst6|inst   ; |ram|4x32ram:inst1|4x4ram:inst7|memory_cell:inst6|inst   ; regout           ;
; |ram|4x32ram:inst1|4x4ram:inst7|memory_cell:inst6|inst4  ; |ram|4x32ram:inst1|4x4ram:inst7|memory_cell:inst6|inst4  ; out0             ;
; |ram|4x32ram:inst1|4x4ram:inst7|memory_cell:inst4|inst3  ; |ram|4x32ram:inst1|4x4ram:inst7|memory_cell:inst4|inst3  ; out              ;
; |ram|4x32ram:inst1|4x4ram:inst7|memory_cell:inst4|inst   ; |ram|4x32ram:inst1|4x4ram:inst7|memory_cell:inst4|inst   ; regout           ;
; |ram|4x32ram:inst1|4x4ram:inst7|memory_cell:inst4|inst4  ; |ram|4x32ram:inst1|4x4ram:inst7|memory_cell:inst4|inst4  ; out0             ;
; |ram|4x32ram:inst1|4x4ram:inst7|24decoder:inst|inst3     ; |ram|4x32ram:inst1|4x4ram:inst7|24decoder:inst|inst3     ; out0             ;
; |ram|4x32ram:inst1|4x4ram:inst7|memory_cell:inst2|inst3  ; |ram|4x32ram:inst1|4x4ram:inst7|memory_cell:inst2|inst3  ; out              ;
; |ram|4x32ram:inst1|4x4ram:inst7|memory_cell:inst2|inst   ; |ram|4x32ram:inst1|4x4ram:inst7|memory_cell:inst2|inst   ; regout           ;
; |ram|4x32ram:inst1|4x4ram:inst7|memory_cell:inst2|inst4  ; |ram|4x32ram:inst1|4x4ram:inst7|memory_cell:inst2|inst4  ; out0             ;
; |ram|4x32ram:inst1|4x4ram:inst6|inst20                   ; |ram|4x32ram:inst1|4x4ram:inst6|inst20                   ; out              ;
; |ram|4x32ram:inst1|4x4ram:inst6|IN~0                     ; |ram|4x32ram:inst1|4x4ram:inst6|IN~0                     ; out0             ;
; |ram|4x32ram:inst1|4x4ram:inst6|inst17                   ; |ram|4x32ram:inst1|4x4ram:inst6|inst17                   ; out0             ;
; |ram|4x32ram:inst1|4x4ram:inst6|inst18                   ; |ram|4x32ram:inst1|4x4ram:inst6|inst18                   ; out0             ;
; |ram|4x32ram:inst1|4x4ram:inst6|inst21                   ; |ram|4x32ram:inst1|4x4ram:inst6|inst21                   ; out              ;
; |ram|4x32ram:inst1|4x4ram:inst6|IN~1                     ; |ram|4x32ram:inst1|4x4ram:inst6|IN~1                     ; out0             ;
; |ram|4x32ram:inst1|4x4ram:inst6|inst22                   ; |ram|4x32ram:inst1|4x4ram:inst6|inst22                   ; out              ;
; |ram|4x32ram:inst1|4x4ram:inst6|IN~2                     ; |ram|4x32ram:inst1|4x4ram:inst6|IN~2                     ; out0             ;
; |ram|4x32ram:inst1|4x4ram:inst6|inst19                   ; |ram|4x32ram:inst1|4x4ram:inst6|inst19                   ; out              ;
; |ram|4x32ram:inst1|4x4ram:inst6|IN~3                     ; |ram|4x32ram:inst1|4x4ram:inst6|IN~3                     ; out0             ;
; |ram|4x32ram:inst1|4x4ram:inst6|memory_cell:inst3|inst3  ; |ram|4x32ram:inst1|4x4ram:inst6|memory_cell:inst3|inst3  ; out              ;
; |ram|4x32ram:inst1|4x4ram:inst6|memory_cell:inst3|inst   ; |ram|4x32ram:inst1|4x4ram:inst6|memory_cell:inst3|inst   ; regout           ;
; |ram|4x32ram:inst1|4x4ram:inst6|memory_cell:inst3|inst4  ; |ram|4x32ram:inst1|4x4ram:inst6|memory_cell:inst3|inst4  ; out0             ;
; |ram|4x32ram:inst1|4x4ram:inst6|memory_cell:inst5|inst3  ; |ram|4x32ram:inst1|4x4ram:inst6|memory_cell:inst5|inst3  ; out              ;
; |ram|4x32ram:inst1|4x4ram:inst6|memory_cell:inst5|inst   ; |ram|4x32ram:inst1|4x4ram:inst6|memory_cell:inst5|inst   ; regout           ;
; |ram|4x32ram:inst1|4x4ram:inst6|memory_cell:inst5|inst4  ; |ram|4x32ram:inst1|4x4ram:inst6|memory_cell:inst5|inst4  ; out0             ;
; |ram|4x32ram:inst1|4x4ram:inst6|memory_cell:inst7|inst3  ; |ram|4x32ram:inst1|4x4ram:inst6|memory_cell:inst7|inst3  ; out              ;
; |ram|4x32ram:inst1|4x4ram:inst6|memory_cell:inst7|inst   ; |ram|4x32ram:inst1|4x4ram:inst6|memory_cell:inst7|inst   ; regout           ;
; |ram|4x32ram:inst1|4x4ram:inst6|memory_cell:inst7|inst4  ; |ram|4x32ram:inst1|4x4ram:inst6|memory_cell:inst7|inst4  ; out0             ;
; |ram|4x32ram:inst1|4x4ram:inst6|memory_cell:inst1|inst3  ; |ram|4x32ram:inst1|4x4ram:inst6|memory_cell:inst1|inst3  ; out              ;
; |ram|4x32ram:inst1|4x4ram:inst6|memory_cell:inst1|inst   ; |ram|4x32ram:inst1|4x4ram:inst6|memory_cell:inst1|inst   ; regout           ;
; |ram|4x32ram:inst1|4x4ram:inst6|memory_cell:inst1|inst4  ; |ram|4x32ram:inst1|4x4ram:inst6|memory_cell:inst1|inst4  ; out0             ;
; |ram|4x32ram:inst1|4x4ram:inst6|memory_cell:inst16|inst3 ; |ram|4x32ram:inst1|4x4ram:inst6|memory_cell:inst16|inst3 ; out              ;
; |ram|4x32ram:inst1|4x4ram:inst6|memory_cell:inst16|inst  ; |ram|4x32ram:inst1|4x4ram:inst6|memory_cell:inst16|inst  ; regout           ;
; |ram|4x32ram:inst1|4x4ram:inst6|memory_cell:inst16|inst4 ; |ram|4x32ram:inst1|4x4ram:inst6|memory_cell:inst16|inst4 ; out0             ;
; |ram|4x32ram:inst1|4x4ram:inst6|memory_cell:inst14|inst3 ; |ram|4x32ram:inst1|4x4ram:inst6|memory_cell:inst14|inst3 ; out              ;
; |ram|4x32ram:inst1|4x4ram:inst6|memory_cell:inst14|inst  ; |ram|4x32ram:inst1|4x4ram:inst6|memory_cell:inst14|inst  ; regout           ;
; |ram|4x32ram:inst1|4x4ram:inst6|memory_cell:inst14|inst4 ; |ram|4x32ram:inst1|4x4ram:inst6|memory_cell:inst14|inst4 ; out0             ;
; |ram|4x32ram:inst1|4x4ram:inst6|memory_cell:inst12|inst3 ; |ram|4x32ram:inst1|4x4ram:inst6|memory_cell:inst12|inst3 ; out              ;
; |ram|4x32ram:inst1|4x4ram:inst6|memory_cell:inst12|inst  ; |ram|4x32ram:inst1|4x4ram:inst6|memory_cell:inst12|inst  ; regout           ;
; |ram|4x32ram:inst1|4x4ram:inst6|memory_cell:inst12|inst4 ; |ram|4x32ram:inst1|4x4ram:inst6|memory_cell:inst12|inst4 ; out0             ;
; |ram|4x32ram:inst1|4x4ram:inst6|memory_cell:inst10|inst3 ; |ram|4x32ram:inst1|4x4ram:inst6|memory_cell:inst10|inst3 ; out              ;
; |ram|4x32ram:inst1|4x4ram:inst6|memory_cell:inst10|inst  ; |ram|4x32ram:inst1|4x4ram:inst6|memory_cell:inst10|inst  ; regout           ;
; |ram|4x32ram:inst1|4x4ram:inst6|memory_cell:inst10|inst4 ; |ram|4x32ram:inst1|4x4ram:inst6|memory_cell:inst10|inst4 ; out0             ;
; |ram|4x32ram:inst1|4x4ram:inst6|memory_cell:inst15|inst3 ; |ram|4x32ram:inst1|4x4ram:inst6|memory_cell:inst15|inst3 ; out              ;
; |ram|4x32ram:inst1|4x4ram:inst6|memory_cell:inst15|inst  ; |ram|4x32ram:inst1|4x4ram:inst6|memory_cell:inst15|inst  ; regout           ;
; |ram|4x32ram:inst1|4x4ram:inst6|memory_cell:inst15|inst4 ; |ram|4x32ram:inst1|4x4ram:inst6|memory_cell:inst15|inst4 ; out0             ;
; |ram|4x32ram:inst1|4x4ram:inst6|memory_cell:inst13|inst3 ; |ram|4x32ram:inst1|4x4ram:inst6|memory_cell:inst13|inst3 ; out              ;
; |ram|4x32ram:inst1|4x4ram:inst6|memory_cell:inst13|inst  ; |ram|4x32ram:inst1|4x4ram:inst6|memory_cell:inst13|inst  ; regout           ;
; |ram|4x32ram:inst1|4x4ram:inst6|memory_cell:inst13|inst4 ; |ram|4x32ram:inst1|4x4ram:inst6|memory_cell:inst13|inst4 ; out0             ;
; |ram|4x32ram:inst1|4x4ram:inst6|memory_cell:inst11|inst3 ; |ram|4x32ram:inst1|4x4ram:inst6|memory_cell:inst11|inst3 ; out              ;
; |ram|4x32ram:inst1|4x4ram:inst6|memory_cell:inst11|inst  ; |ram|4x32ram:inst1|4x4ram:inst6|memory_cell:inst11|inst  ; regout           ;
; |ram|4x32ram:inst1|4x4ram:inst6|memory_cell:inst11|inst4 ; |ram|4x32ram:inst1|4x4ram:inst6|memory_cell:inst11|inst4 ; out0             ;
; |ram|4x32ram:inst1|4x4ram:inst6|memory_cell:inst9|inst3  ; |ram|4x32ram:inst1|4x4ram:inst6|memory_cell:inst9|inst3  ; out              ;
; |ram|4x32ram:inst1|4x4ram:inst6|memory_cell:inst9|inst   ; |ram|4x32ram:inst1|4x4ram:inst6|memory_cell:inst9|inst   ; regout           ;
; |ram|4x32ram:inst1|4x4ram:inst6|memory_cell:inst9|inst4  ; |ram|4x32ram:inst1|4x4ram:inst6|memory_cell:inst9|inst4  ; out0             ;
; |ram|4x32ram:inst1|4x4ram:inst6|memory_cell:inst8|inst3  ; |ram|4x32ram:inst1|4x4ram:inst6|memory_cell:inst8|inst3  ; out              ;
; |ram|4x32ram:inst1|4x4ram:inst6|memory_cell:inst8|inst   ; |ram|4x32ram:inst1|4x4ram:inst6|memory_cell:inst8|inst   ; regout           ;
; |ram|4x32ram:inst1|4x4ram:inst6|memory_cell:inst8|inst4  ; |ram|4x32ram:inst1|4x4ram:inst6|memory_cell:inst8|inst4  ; out0             ;
; |ram|4x32ram:inst1|4x4ram:inst6|memory_cell:inst6|inst3  ; |ram|4x32ram:inst1|4x4ram:inst6|memory_cell:inst6|inst3  ; out              ;
; |ram|4x32ram:inst1|4x4ram:inst6|memory_cell:inst6|inst   ; |ram|4x32ram:inst1|4x4ram:inst6|memory_cell:inst6|inst   ; regout           ;
; |ram|4x32ram:inst1|4x4ram:inst6|memory_cell:inst6|inst4  ; |ram|4x32ram:inst1|4x4ram:inst6|memory_cell:inst6|inst4  ; out0             ;
; |ram|4x32ram:inst1|4x4ram:inst6|memory_cell:inst4|inst3  ; |ram|4x32ram:inst1|4x4ram:inst6|memory_cell:inst4|inst3  ; out              ;
; |ram|4x32ram:inst1|4x4ram:inst6|memory_cell:inst4|inst   ; |ram|4x32ram:inst1|4x4ram:inst6|memory_cell:inst4|inst   ; regout           ;
; |ram|4x32ram:inst1|4x4ram:inst6|memory_cell:inst4|inst4  ; |ram|4x32ram:inst1|4x4ram:inst6|memory_cell:inst4|inst4  ; out0             ;
; |ram|4x32ram:inst1|4x4ram:inst6|24decoder:inst|inst3     ; |ram|4x32ram:inst1|4x4ram:inst6|24decoder:inst|inst3     ; out0             ;
; |ram|4x32ram:inst1|4x4ram:inst6|memory_cell:inst2|inst3  ; |ram|4x32ram:inst1|4x4ram:inst6|memory_cell:inst2|inst3  ; out              ;
; |ram|4x32ram:inst1|4x4ram:inst6|memory_cell:inst2|inst   ; |ram|4x32ram:inst1|4x4ram:inst6|memory_cell:inst2|inst   ; regout           ;
; |ram|4x32ram:inst1|4x4ram:inst6|memory_cell:inst2|inst4  ; |ram|4x32ram:inst1|4x4ram:inst6|memory_cell:inst2|inst4  ; out0             ;
; |ram|4x32ram:inst1|4x4ram:inst5|inst20                   ; |ram|4x32ram:inst1|4x4ram:inst5|inst20                   ; out              ;
; |ram|4x32ram:inst1|4x4ram:inst5|IN~0                     ; |ram|4x32ram:inst1|4x4ram:inst5|IN~0                     ; out0             ;
; |ram|4x32ram:inst1|4x4ram:inst5|inst17                   ; |ram|4x32ram:inst1|4x4ram:inst5|inst17                   ; out0             ;
; |ram|4x32ram:inst1|4x4ram:inst5|inst18                   ; |ram|4x32ram:inst1|4x4ram:inst5|inst18                   ; out0             ;
; |ram|4x32ram:inst1|4x4ram:inst5|inst21                   ; |ram|4x32ram:inst1|4x4ram:inst5|inst21                   ; out              ;
; |ram|4x32ram:inst1|4x4ram:inst5|IN~1                     ; |ram|4x32ram:inst1|4x4ram:inst5|IN~1                     ; out0             ;
; |ram|4x32ram:inst1|4x4ram:inst5|inst22                   ; |ram|4x32ram:inst1|4x4ram:inst5|inst22                   ; out              ;
; |ram|4x32ram:inst1|4x4ram:inst5|IN~2                     ; |ram|4x32ram:inst1|4x4ram:inst5|IN~2                     ; out0             ;
; |ram|4x32ram:inst1|4x4ram:inst5|inst19                   ; |ram|4x32ram:inst1|4x4ram:inst5|inst19                   ; out              ;
; |ram|4x32ram:inst1|4x4ram:inst5|IN~3                     ; |ram|4x32ram:inst1|4x4ram:inst5|IN~3                     ; out0             ;
; |ram|4x32ram:inst1|4x4ram:inst5|memory_cell:inst3|inst3  ; |ram|4x32ram:inst1|4x4ram:inst5|memory_cell:inst3|inst3  ; out              ;
; |ram|4x32ram:inst1|4x4ram:inst5|memory_cell:inst3|inst   ; |ram|4x32ram:inst1|4x4ram:inst5|memory_cell:inst3|inst   ; regout           ;
; |ram|4x32ram:inst1|4x4ram:inst5|memory_cell:inst3|inst4  ; |ram|4x32ram:inst1|4x4ram:inst5|memory_cell:inst3|inst4  ; out0             ;
; |ram|4x32ram:inst1|4x4ram:inst5|memory_cell:inst5|inst3  ; |ram|4x32ram:inst1|4x4ram:inst5|memory_cell:inst5|inst3  ; out              ;
; |ram|4x32ram:inst1|4x4ram:inst5|memory_cell:inst5|inst   ; |ram|4x32ram:inst1|4x4ram:inst5|memory_cell:inst5|inst   ; regout           ;
; |ram|4x32ram:inst1|4x4ram:inst5|memory_cell:inst5|inst4  ; |ram|4x32ram:inst1|4x4ram:inst5|memory_cell:inst5|inst4  ; out0             ;
; |ram|4x32ram:inst1|4x4ram:inst5|memory_cell:inst7|inst3  ; |ram|4x32ram:inst1|4x4ram:inst5|memory_cell:inst7|inst3  ; out              ;
; |ram|4x32ram:inst1|4x4ram:inst5|memory_cell:inst7|inst   ; |ram|4x32ram:inst1|4x4ram:inst5|memory_cell:inst7|inst   ; regout           ;
; |ram|4x32ram:inst1|4x4ram:inst5|memory_cell:inst7|inst4  ; |ram|4x32ram:inst1|4x4ram:inst5|memory_cell:inst7|inst4  ; out0             ;
; |ram|4x32ram:inst1|4x4ram:inst5|memory_cell:inst1|inst3  ; |ram|4x32ram:inst1|4x4ram:inst5|memory_cell:inst1|inst3  ; out              ;
; |ram|4x32ram:inst1|4x4ram:inst5|memory_cell:inst1|inst   ; |ram|4x32ram:inst1|4x4ram:inst5|memory_cell:inst1|inst   ; regout           ;
; |ram|4x32ram:inst1|4x4ram:inst5|memory_cell:inst1|inst4  ; |ram|4x32ram:inst1|4x4ram:inst5|memory_cell:inst1|inst4  ; out0             ;
; |ram|4x32ram:inst1|4x4ram:inst5|memory_cell:inst16|inst3 ; |ram|4x32ram:inst1|4x4ram:inst5|memory_cell:inst16|inst3 ; out              ;
; |ram|4x32ram:inst1|4x4ram:inst5|memory_cell:inst16|inst  ; |ram|4x32ram:inst1|4x4ram:inst5|memory_cell:inst16|inst  ; regout           ;
; |ram|4x32ram:inst1|4x4ram:inst5|memory_cell:inst16|inst4 ; |ram|4x32ram:inst1|4x4ram:inst5|memory_cell:inst16|inst4 ; out0             ;
; |ram|4x32ram:inst1|4x4ram:inst5|memory_cell:inst14|inst3 ; |ram|4x32ram:inst1|4x4ram:inst5|memory_cell:inst14|inst3 ; out              ;
; |ram|4x32ram:inst1|4x4ram:inst5|memory_cell:inst14|inst  ; |ram|4x32ram:inst1|4x4ram:inst5|memory_cell:inst14|inst  ; regout           ;
; |ram|4x32ram:inst1|4x4ram:inst5|memory_cell:inst14|inst4 ; |ram|4x32ram:inst1|4x4ram:inst5|memory_cell:inst14|inst4 ; out0             ;
; |ram|4x32ram:inst1|4x4ram:inst5|memory_cell:inst12|inst3 ; |ram|4x32ram:inst1|4x4ram:inst5|memory_cell:inst12|inst3 ; out              ;
; |ram|4x32ram:inst1|4x4ram:inst5|memory_cell:inst12|inst  ; |ram|4x32ram:inst1|4x4ram:inst5|memory_cell:inst12|inst  ; regout           ;
; |ram|4x32ram:inst1|4x4ram:inst5|memory_cell:inst12|inst4 ; |ram|4x32ram:inst1|4x4ram:inst5|memory_cell:inst12|inst4 ; out0             ;
; |ram|4x32ram:inst1|4x4ram:inst5|memory_cell:inst10|inst3 ; |ram|4x32ram:inst1|4x4ram:inst5|memory_cell:inst10|inst3 ; out              ;
; |ram|4x32ram:inst1|4x4ram:inst5|memory_cell:inst10|inst  ; |ram|4x32ram:inst1|4x4ram:inst5|memory_cell:inst10|inst  ; regout           ;
; |ram|4x32ram:inst1|4x4ram:inst5|memory_cell:inst10|inst4 ; |ram|4x32ram:inst1|4x4ram:inst5|memory_cell:inst10|inst4 ; out0             ;
; |ram|4x32ram:inst1|4x4ram:inst5|memory_cell:inst15|inst3 ; |ram|4x32ram:inst1|4x4ram:inst5|memory_cell:inst15|inst3 ; out              ;
; |ram|4x32ram:inst1|4x4ram:inst5|memory_cell:inst15|inst  ; |ram|4x32ram:inst1|4x4ram:inst5|memory_cell:inst15|inst  ; regout           ;
; |ram|4x32ram:inst1|4x4ram:inst5|memory_cell:inst15|inst4 ; |ram|4x32ram:inst1|4x4ram:inst5|memory_cell:inst15|inst4 ; out0             ;
; |ram|4x32ram:inst1|4x4ram:inst5|memory_cell:inst13|inst3 ; |ram|4x32ram:inst1|4x4ram:inst5|memory_cell:inst13|inst3 ; out              ;
; |ram|4x32ram:inst1|4x4ram:inst5|memory_cell:inst13|inst  ; |ram|4x32ram:inst1|4x4ram:inst5|memory_cell:inst13|inst  ; regout           ;
; |ram|4x32ram:inst1|4x4ram:inst5|memory_cell:inst13|inst4 ; |ram|4x32ram:inst1|4x4ram:inst5|memory_cell:inst13|inst4 ; out0             ;
; |ram|4x32ram:inst1|4x4ram:inst5|memory_cell:inst11|inst3 ; |ram|4x32ram:inst1|4x4ram:inst5|memory_cell:inst11|inst3 ; out              ;
; |ram|4x32ram:inst1|4x4ram:inst5|memory_cell:inst11|inst  ; |ram|4x32ram:inst1|4x4ram:inst5|memory_cell:inst11|inst  ; regout           ;
; |ram|4x32ram:inst1|4x4ram:inst5|memory_cell:inst11|inst4 ; |ram|4x32ram:inst1|4x4ram:inst5|memory_cell:inst11|inst4 ; out0             ;
; |ram|4x32ram:inst1|4x4ram:inst5|memory_cell:inst9|inst3  ; |ram|4x32ram:inst1|4x4ram:inst5|memory_cell:inst9|inst3  ; out              ;
; |ram|4x32ram:inst1|4x4ram:inst5|memory_cell:inst9|inst   ; |ram|4x32ram:inst1|4x4ram:inst5|memory_cell:inst9|inst   ; regout           ;
; |ram|4x32ram:inst1|4x4ram:inst5|memory_cell:inst9|inst4  ; |ram|4x32ram:inst1|4x4ram:inst5|memory_cell:inst9|inst4  ; out0             ;
; |ram|4x32ram:inst1|4x4ram:inst5|memory_cell:inst8|inst3  ; |ram|4x32ram:inst1|4x4ram:inst5|memory_cell:inst8|inst3  ; out              ;
; |ram|4x32ram:inst1|4x4ram:inst5|memory_cell:inst8|inst   ; |ram|4x32ram:inst1|4x4ram:inst5|memory_cell:inst8|inst   ; regout           ;
; |ram|4x32ram:inst1|4x4ram:inst5|memory_cell:inst8|inst4  ; |ram|4x32ram:inst1|4x4ram:inst5|memory_cell:inst8|inst4  ; out0             ;
; |ram|4x32ram:inst1|4x4ram:inst5|memory_cell:inst6|inst3  ; |ram|4x32ram:inst1|4x4ram:inst5|memory_cell:inst6|inst3  ; out              ;
; |ram|4x32ram:inst1|4x4ram:inst5|memory_cell:inst6|inst   ; |ram|4x32ram:inst1|4x4ram:inst5|memory_cell:inst6|inst   ; regout           ;
; |ram|4x32ram:inst1|4x4ram:inst5|memory_cell:inst6|inst4  ; |ram|4x32ram:inst1|4x4ram:inst5|memory_cell:inst6|inst4  ; out0             ;
; |ram|4x32ram:inst1|4x4ram:inst5|memory_cell:inst4|inst3  ; |ram|4x32ram:inst1|4x4ram:inst5|memory_cell:inst4|inst3  ; out              ;
; |ram|4x32ram:inst1|4x4ram:inst5|memory_cell:inst4|inst   ; |ram|4x32ram:inst1|4x4ram:inst5|memory_cell:inst4|inst   ; regout           ;
; |ram|4x32ram:inst1|4x4ram:inst5|memory_cell:inst4|inst4  ; |ram|4x32ram:inst1|4x4ram:inst5|memory_cell:inst4|inst4  ; out0             ;
; |ram|4x32ram:inst1|4x4ram:inst5|24decoder:inst|inst3     ; |ram|4x32ram:inst1|4x4ram:inst5|24decoder:inst|inst3     ; out0             ;
; |ram|4x32ram:inst1|4x4ram:inst5|memory_cell:inst2|inst3  ; |ram|4x32ram:inst1|4x4ram:inst5|memory_cell:inst2|inst3  ; out              ;
; |ram|4x32ram:inst1|4x4ram:inst5|memory_cell:inst2|inst   ; |ram|4x32ram:inst1|4x4ram:inst5|memory_cell:inst2|inst   ; regout           ;
; |ram|4x32ram:inst1|4x4ram:inst5|memory_cell:inst2|inst4  ; |ram|4x32ram:inst1|4x4ram:inst5|memory_cell:inst2|inst4  ; out0             ;
; |ram|4x32ram:inst1|4x4ram:inst4|inst20                   ; |ram|4x32ram:inst1|4x4ram:inst4|inst20                   ; out              ;
; |ram|4x32ram:inst1|4x4ram:inst4|IN~0                     ; |ram|4x32ram:inst1|4x4ram:inst4|IN~0                     ; out0             ;
; |ram|4x32ram:inst1|4x4ram:inst4|inst17                   ; |ram|4x32ram:inst1|4x4ram:inst4|inst17                   ; out0             ;
; |ram|4x32ram:inst1|4x4ram:inst4|inst18                   ; |ram|4x32ram:inst1|4x4ram:inst4|inst18                   ; out0             ;
; |ram|4x32ram:inst1|4x4ram:inst4|inst21                   ; |ram|4x32ram:inst1|4x4ram:inst4|inst21                   ; out              ;
; |ram|4x32ram:inst1|4x4ram:inst4|IN~1                     ; |ram|4x32ram:inst1|4x4ram:inst4|IN~1                     ; out0             ;
; |ram|4x32ram:inst1|4x4ram:inst4|inst22                   ; |ram|4x32ram:inst1|4x4ram:inst4|inst22                   ; out              ;
; |ram|4x32ram:inst1|4x4ram:inst4|IN~2                     ; |ram|4x32ram:inst1|4x4ram:inst4|IN~2                     ; out0             ;
; |ram|4x32ram:inst1|4x4ram:inst4|inst19                   ; |ram|4x32ram:inst1|4x4ram:inst4|inst19                   ; out              ;
; |ram|4x32ram:inst1|4x4ram:inst4|IN~3                     ; |ram|4x32ram:inst1|4x4ram:inst4|IN~3                     ; out0             ;
; |ram|4x32ram:inst1|4x4ram:inst4|memory_cell:inst3|inst3  ; |ram|4x32ram:inst1|4x4ram:inst4|memory_cell:inst3|inst3  ; out              ;
; |ram|4x32ram:inst1|4x4ram:inst4|memory_cell:inst3|inst   ; |ram|4x32ram:inst1|4x4ram:inst4|memory_cell:inst3|inst   ; regout           ;
; |ram|4x32ram:inst1|4x4ram:inst4|memory_cell:inst3|inst4  ; |ram|4x32ram:inst1|4x4ram:inst4|memory_cell:inst3|inst4  ; out0             ;
; |ram|4x32ram:inst1|4x4ram:inst4|memory_cell:inst5|inst3  ; |ram|4x32ram:inst1|4x4ram:inst4|memory_cell:inst5|inst3  ; out              ;
; |ram|4x32ram:inst1|4x4ram:inst4|memory_cell:inst5|inst   ; |ram|4x32ram:inst1|4x4ram:inst4|memory_cell:inst5|inst   ; regout           ;
; |ram|4x32ram:inst1|4x4ram:inst4|memory_cell:inst5|inst4  ; |ram|4x32ram:inst1|4x4ram:inst4|memory_cell:inst5|inst4  ; out0             ;
; |ram|4x32ram:inst1|4x4ram:inst4|memory_cell:inst7|inst3  ; |ram|4x32ram:inst1|4x4ram:inst4|memory_cell:inst7|inst3  ; out              ;
; |ram|4x32ram:inst1|4x4ram:inst4|memory_cell:inst7|inst   ; |ram|4x32ram:inst1|4x4ram:inst4|memory_cell:inst7|inst   ; regout           ;
; |ram|4x32ram:inst1|4x4ram:inst4|memory_cell:inst7|inst4  ; |ram|4x32ram:inst1|4x4ram:inst4|memory_cell:inst7|inst4  ; out0             ;
; |ram|4x32ram:inst1|4x4ram:inst4|memory_cell:inst1|inst3  ; |ram|4x32ram:inst1|4x4ram:inst4|memory_cell:inst1|inst3  ; out              ;
; |ram|4x32ram:inst1|4x4ram:inst4|memory_cell:inst1|inst   ; |ram|4x32ram:inst1|4x4ram:inst4|memory_cell:inst1|inst   ; regout           ;
; |ram|4x32ram:inst1|4x4ram:inst4|memory_cell:inst1|inst4  ; |ram|4x32ram:inst1|4x4ram:inst4|memory_cell:inst1|inst4  ; out0             ;
; |ram|4x32ram:inst1|4x4ram:inst4|memory_cell:inst16|inst3 ; |ram|4x32ram:inst1|4x4ram:inst4|memory_cell:inst16|inst3 ; out              ;
; |ram|4x32ram:inst1|4x4ram:inst4|memory_cell:inst16|inst  ; |ram|4x32ram:inst1|4x4ram:inst4|memory_cell:inst16|inst  ; regout           ;
; |ram|4x32ram:inst1|4x4ram:inst4|memory_cell:inst16|inst4 ; |ram|4x32ram:inst1|4x4ram:inst4|memory_cell:inst16|inst4 ; out0             ;
; |ram|4x32ram:inst1|4x4ram:inst4|memory_cell:inst14|inst3 ; |ram|4x32ram:inst1|4x4ram:inst4|memory_cell:inst14|inst3 ; out              ;
; |ram|4x32ram:inst1|4x4ram:inst4|memory_cell:inst14|inst  ; |ram|4x32ram:inst1|4x4ram:inst4|memory_cell:inst14|inst  ; regout           ;
; |ram|4x32ram:inst1|4x4ram:inst4|memory_cell:inst14|inst4 ; |ram|4x32ram:inst1|4x4ram:inst4|memory_cell:inst14|inst4 ; out0             ;
; |ram|4x32ram:inst1|4x4ram:inst4|memory_cell:inst12|inst3 ; |ram|4x32ram:inst1|4x4ram:inst4|memory_cell:inst12|inst3 ; out              ;
; |ram|4x32ram:inst1|4x4ram:inst4|memory_cell:inst12|inst  ; |ram|4x32ram:inst1|4x4ram:inst4|memory_cell:inst12|inst  ; regout           ;
; |ram|4x32ram:inst1|4x4ram:inst4|memory_cell:inst12|inst4 ; |ram|4x32ram:inst1|4x4ram:inst4|memory_cell:inst12|inst4 ; out0             ;
; |ram|4x32ram:inst1|4x4ram:inst4|memory_cell:inst10|inst3 ; |ram|4x32ram:inst1|4x4ram:inst4|memory_cell:inst10|inst3 ; out              ;
; |ram|4x32ram:inst1|4x4ram:inst4|memory_cell:inst10|inst  ; |ram|4x32ram:inst1|4x4ram:inst4|memory_cell:inst10|inst  ; regout           ;
; |ram|4x32ram:inst1|4x4ram:inst4|memory_cell:inst10|inst4 ; |ram|4x32ram:inst1|4x4ram:inst4|memory_cell:inst10|inst4 ; out0             ;
; |ram|4x32ram:inst1|4x4ram:inst4|memory_cell:inst15|inst3 ; |ram|4x32ram:inst1|4x4ram:inst4|memory_cell:inst15|inst3 ; out              ;
; |ram|4x32ram:inst1|4x4ram:inst4|memory_cell:inst15|inst  ; |ram|4x32ram:inst1|4x4ram:inst4|memory_cell:inst15|inst  ; regout           ;
; |ram|4x32ram:inst1|4x4ram:inst4|memory_cell:inst15|inst4 ; |ram|4x32ram:inst1|4x4ram:inst4|memory_cell:inst15|inst4 ; out0             ;
; |ram|4x32ram:inst1|4x4ram:inst4|memory_cell:inst13|inst3 ; |ram|4x32ram:inst1|4x4ram:inst4|memory_cell:inst13|inst3 ; out              ;
; |ram|4x32ram:inst1|4x4ram:inst4|memory_cell:inst13|inst  ; |ram|4x32ram:inst1|4x4ram:inst4|memory_cell:inst13|inst  ; regout           ;
; |ram|4x32ram:inst1|4x4ram:inst4|memory_cell:inst13|inst4 ; |ram|4x32ram:inst1|4x4ram:inst4|memory_cell:inst13|inst4 ; out0             ;
; |ram|4x32ram:inst1|4x4ram:inst4|memory_cell:inst11|inst3 ; |ram|4x32ram:inst1|4x4ram:inst4|memory_cell:inst11|inst3 ; out              ;
; |ram|4x32ram:inst1|4x4ram:inst4|memory_cell:inst11|inst  ; |ram|4x32ram:inst1|4x4ram:inst4|memory_cell:inst11|inst  ; regout           ;
; |ram|4x32ram:inst1|4x4ram:inst4|memory_cell:inst11|inst4 ; |ram|4x32ram:inst1|4x4ram:inst4|memory_cell:inst11|inst4 ; out0             ;
; |ram|4x32ram:inst1|4x4ram:inst4|memory_cell:inst9|inst3  ; |ram|4x32ram:inst1|4x4ram:inst4|memory_cell:inst9|inst3  ; out              ;
; |ram|4x32ram:inst1|4x4ram:inst4|memory_cell:inst9|inst   ; |ram|4x32ram:inst1|4x4ram:inst4|memory_cell:inst9|inst   ; regout           ;
; |ram|4x32ram:inst1|4x4ram:inst4|memory_cell:inst9|inst4  ; |ram|4x32ram:inst1|4x4ram:inst4|memory_cell:inst9|inst4  ; out0             ;
; |ram|4x32ram:inst1|4x4ram:inst4|memory_cell:inst8|inst3  ; |ram|4x32ram:inst1|4x4ram:inst4|memory_cell:inst8|inst3  ; out              ;
; |ram|4x32ram:inst1|4x4ram:inst4|memory_cell:inst8|inst   ; |ram|4x32ram:inst1|4x4ram:inst4|memory_cell:inst8|inst   ; regout           ;
; |ram|4x32ram:inst1|4x4ram:inst4|memory_cell:inst8|inst4  ; |ram|4x32ram:inst1|4x4ram:inst4|memory_cell:inst8|inst4  ; out0             ;
; |ram|4x32ram:inst1|4x4ram:inst4|memory_cell:inst6|inst3  ; |ram|4x32ram:inst1|4x4ram:inst4|memory_cell:inst6|inst3  ; out              ;
; |ram|4x32ram:inst1|4x4ram:inst4|memory_cell:inst6|inst   ; |ram|4x32ram:inst1|4x4ram:inst4|memory_cell:inst6|inst   ; regout           ;
; |ram|4x32ram:inst1|4x4ram:inst4|memory_cell:inst6|inst4  ; |ram|4x32ram:inst1|4x4ram:inst4|memory_cell:inst6|inst4  ; out0             ;
; |ram|4x32ram:inst1|4x4ram:inst4|memory_cell:inst4|inst3  ; |ram|4x32ram:inst1|4x4ram:inst4|memory_cell:inst4|inst3  ; out              ;
; |ram|4x32ram:inst1|4x4ram:inst4|memory_cell:inst4|inst   ; |ram|4x32ram:inst1|4x4ram:inst4|memory_cell:inst4|inst   ; regout           ;
; |ram|4x32ram:inst1|4x4ram:inst4|memory_cell:inst4|inst4  ; |ram|4x32ram:inst1|4x4ram:inst4|memory_cell:inst4|inst4  ; out0             ;
; |ram|4x32ram:inst1|4x4ram:inst4|24decoder:inst|inst3     ; |ram|4x32ram:inst1|4x4ram:inst4|24decoder:inst|inst3     ; out0             ;
; |ram|4x32ram:inst1|4x4ram:inst4|memory_cell:inst2|inst3  ; |ram|4x32ram:inst1|4x4ram:inst4|memory_cell:inst2|inst3  ; out              ;
; |ram|4x32ram:inst1|4x4ram:inst4|memory_cell:inst2|inst   ; |ram|4x32ram:inst1|4x4ram:inst4|memory_cell:inst2|inst   ; regout           ;
; |ram|4x32ram:inst1|4x4ram:inst4|memory_cell:inst2|inst4  ; |ram|4x32ram:inst1|4x4ram:inst4|memory_cell:inst2|inst4  ; out0             ;
; |ram|4x32ram:inst1|4x4ram:inst3|inst20                   ; |ram|4x32ram:inst1|4x4ram:inst3|inst20                   ; out              ;
; |ram|4x32ram:inst1|4x4ram:inst3|IN~0                     ; |ram|4x32ram:inst1|4x4ram:inst3|IN~0                     ; out0             ;
; |ram|4x32ram:inst1|4x4ram:inst3|inst17                   ; |ram|4x32ram:inst1|4x4ram:inst3|inst17                   ; out0             ;
; |ram|4x32ram:inst1|4x4ram:inst3|inst18                   ; |ram|4x32ram:inst1|4x4ram:inst3|inst18                   ; out0             ;
; |ram|4x32ram:inst1|4x4ram:inst3|inst21                   ; |ram|4x32ram:inst1|4x4ram:inst3|inst21                   ; out              ;
; |ram|4x32ram:inst1|4x4ram:inst3|IN~1                     ; |ram|4x32ram:inst1|4x4ram:inst3|IN~1                     ; out0             ;
; |ram|4x32ram:inst1|4x4ram:inst3|inst22                   ; |ram|4x32ram:inst1|4x4ram:inst3|inst22                   ; out              ;
; |ram|4x32ram:inst1|4x4ram:inst3|IN~2                     ; |ram|4x32ram:inst1|4x4ram:inst3|IN~2                     ; out0             ;
; |ram|4x32ram:inst1|4x4ram:inst3|inst19                   ; |ram|4x32ram:inst1|4x4ram:inst3|inst19                   ; out              ;
; |ram|4x32ram:inst1|4x4ram:inst3|IN~3                     ; |ram|4x32ram:inst1|4x4ram:inst3|IN~3                     ; out0             ;
; |ram|4x32ram:inst1|4x4ram:inst3|memory_cell:inst3|inst3  ; |ram|4x32ram:inst1|4x4ram:inst3|memory_cell:inst3|inst3  ; out              ;
; |ram|4x32ram:inst1|4x4ram:inst3|memory_cell:inst3|inst   ; |ram|4x32ram:inst1|4x4ram:inst3|memory_cell:inst3|inst   ; regout           ;
; |ram|4x32ram:inst1|4x4ram:inst3|memory_cell:inst3|inst4  ; |ram|4x32ram:inst1|4x4ram:inst3|memory_cell:inst3|inst4  ; out0             ;
; |ram|4x32ram:inst1|4x4ram:inst3|memory_cell:inst5|inst3  ; |ram|4x32ram:inst1|4x4ram:inst3|memory_cell:inst5|inst3  ; out              ;
; |ram|4x32ram:inst1|4x4ram:inst3|memory_cell:inst5|inst   ; |ram|4x32ram:inst1|4x4ram:inst3|memory_cell:inst5|inst   ; regout           ;
; |ram|4x32ram:inst1|4x4ram:inst3|memory_cell:inst5|inst4  ; |ram|4x32ram:inst1|4x4ram:inst3|memory_cell:inst5|inst4  ; out0             ;
; |ram|4x32ram:inst1|4x4ram:inst3|memory_cell:inst7|inst3  ; |ram|4x32ram:inst1|4x4ram:inst3|memory_cell:inst7|inst3  ; out              ;
; |ram|4x32ram:inst1|4x4ram:inst3|memory_cell:inst7|inst   ; |ram|4x32ram:inst1|4x4ram:inst3|memory_cell:inst7|inst   ; regout           ;
; |ram|4x32ram:inst1|4x4ram:inst3|memory_cell:inst7|inst4  ; |ram|4x32ram:inst1|4x4ram:inst3|memory_cell:inst7|inst4  ; out0             ;
; |ram|4x32ram:inst1|4x4ram:inst3|memory_cell:inst1|inst3  ; |ram|4x32ram:inst1|4x4ram:inst3|memory_cell:inst1|inst3  ; out              ;
; |ram|4x32ram:inst1|4x4ram:inst3|memory_cell:inst1|inst   ; |ram|4x32ram:inst1|4x4ram:inst3|memory_cell:inst1|inst   ; regout           ;
; |ram|4x32ram:inst1|4x4ram:inst3|memory_cell:inst1|inst4  ; |ram|4x32ram:inst1|4x4ram:inst3|memory_cell:inst1|inst4  ; out0             ;
; |ram|4x32ram:inst1|4x4ram:inst3|memory_cell:inst16|inst3 ; |ram|4x32ram:inst1|4x4ram:inst3|memory_cell:inst16|inst3 ; out              ;
; |ram|4x32ram:inst1|4x4ram:inst3|memory_cell:inst16|inst  ; |ram|4x32ram:inst1|4x4ram:inst3|memory_cell:inst16|inst  ; regout           ;
; |ram|4x32ram:inst1|4x4ram:inst3|memory_cell:inst16|inst4 ; |ram|4x32ram:inst1|4x4ram:inst3|memory_cell:inst16|inst4 ; out0             ;
; |ram|4x32ram:inst1|4x4ram:inst3|memory_cell:inst14|inst3 ; |ram|4x32ram:inst1|4x4ram:inst3|memory_cell:inst14|inst3 ; out              ;
; |ram|4x32ram:inst1|4x4ram:inst3|memory_cell:inst14|inst  ; |ram|4x32ram:inst1|4x4ram:inst3|memory_cell:inst14|inst  ; regout           ;
; |ram|4x32ram:inst1|4x4ram:inst3|memory_cell:inst14|inst4 ; |ram|4x32ram:inst1|4x4ram:inst3|memory_cell:inst14|inst4 ; out0             ;
; |ram|4x32ram:inst1|4x4ram:inst3|memory_cell:inst12|inst3 ; |ram|4x32ram:inst1|4x4ram:inst3|memory_cell:inst12|inst3 ; out              ;
; |ram|4x32ram:inst1|4x4ram:inst3|memory_cell:inst12|inst  ; |ram|4x32ram:inst1|4x4ram:inst3|memory_cell:inst12|inst  ; regout           ;
; |ram|4x32ram:inst1|4x4ram:inst3|memory_cell:inst12|inst4 ; |ram|4x32ram:inst1|4x4ram:inst3|memory_cell:inst12|inst4 ; out0             ;
; |ram|4x32ram:inst1|4x4ram:inst3|memory_cell:inst10|inst3 ; |ram|4x32ram:inst1|4x4ram:inst3|memory_cell:inst10|inst3 ; out              ;
; |ram|4x32ram:inst1|4x4ram:inst3|memory_cell:inst10|inst  ; |ram|4x32ram:inst1|4x4ram:inst3|memory_cell:inst10|inst  ; regout           ;
; |ram|4x32ram:inst1|4x4ram:inst3|memory_cell:inst10|inst4 ; |ram|4x32ram:inst1|4x4ram:inst3|memory_cell:inst10|inst4 ; out0             ;
; |ram|4x32ram:inst1|4x4ram:inst3|memory_cell:inst15|inst3 ; |ram|4x32ram:inst1|4x4ram:inst3|memory_cell:inst15|inst3 ; out              ;
; |ram|4x32ram:inst1|4x4ram:inst3|memory_cell:inst15|inst  ; |ram|4x32ram:inst1|4x4ram:inst3|memory_cell:inst15|inst  ; regout           ;
; |ram|4x32ram:inst1|4x4ram:inst3|memory_cell:inst15|inst4 ; |ram|4x32ram:inst1|4x4ram:inst3|memory_cell:inst15|inst4 ; out0             ;
; |ram|4x32ram:inst1|4x4ram:inst3|memory_cell:inst13|inst3 ; |ram|4x32ram:inst1|4x4ram:inst3|memory_cell:inst13|inst3 ; out              ;
; |ram|4x32ram:inst1|4x4ram:inst3|memory_cell:inst13|inst  ; |ram|4x32ram:inst1|4x4ram:inst3|memory_cell:inst13|inst  ; regout           ;
; |ram|4x32ram:inst1|4x4ram:inst3|memory_cell:inst13|inst4 ; |ram|4x32ram:inst1|4x4ram:inst3|memory_cell:inst13|inst4 ; out0             ;
; |ram|4x32ram:inst1|4x4ram:inst3|memory_cell:inst11|inst3 ; |ram|4x32ram:inst1|4x4ram:inst3|memory_cell:inst11|inst3 ; out              ;
; |ram|4x32ram:inst1|4x4ram:inst3|memory_cell:inst11|inst  ; |ram|4x32ram:inst1|4x4ram:inst3|memory_cell:inst11|inst  ; regout           ;
; |ram|4x32ram:inst1|4x4ram:inst3|memory_cell:inst11|inst4 ; |ram|4x32ram:inst1|4x4ram:inst3|memory_cell:inst11|inst4 ; out0             ;
; |ram|4x32ram:inst1|4x4ram:inst3|memory_cell:inst9|inst3  ; |ram|4x32ram:inst1|4x4ram:inst3|memory_cell:inst9|inst3  ; out              ;
; |ram|4x32ram:inst1|4x4ram:inst3|memory_cell:inst9|inst   ; |ram|4x32ram:inst1|4x4ram:inst3|memory_cell:inst9|inst   ; regout           ;
; |ram|4x32ram:inst1|4x4ram:inst3|memory_cell:inst9|inst4  ; |ram|4x32ram:inst1|4x4ram:inst3|memory_cell:inst9|inst4  ; out0             ;
; |ram|4x32ram:inst1|4x4ram:inst3|memory_cell:inst8|inst3  ; |ram|4x32ram:inst1|4x4ram:inst3|memory_cell:inst8|inst3  ; out              ;
; |ram|4x32ram:inst1|4x4ram:inst3|memory_cell:inst8|inst   ; |ram|4x32ram:inst1|4x4ram:inst3|memory_cell:inst8|inst   ; regout           ;
; |ram|4x32ram:inst1|4x4ram:inst3|memory_cell:inst8|inst4  ; |ram|4x32ram:inst1|4x4ram:inst3|memory_cell:inst8|inst4  ; out0             ;
; |ram|4x32ram:inst1|4x4ram:inst3|memory_cell:inst6|inst3  ; |ram|4x32ram:inst1|4x4ram:inst3|memory_cell:inst6|inst3  ; out              ;
; |ram|4x32ram:inst1|4x4ram:inst3|memory_cell:inst6|inst   ; |ram|4x32ram:inst1|4x4ram:inst3|memory_cell:inst6|inst   ; regout           ;
; |ram|4x32ram:inst1|4x4ram:inst3|memory_cell:inst6|inst4  ; |ram|4x32ram:inst1|4x4ram:inst3|memory_cell:inst6|inst4  ; out0             ;
; |ram|4x32ram:inst1|4x4ram:inst3|memory_cell:inst4|inst3  ; |ram|4x32ram:inst1|4x4ram:inst3|memory_cell:inst4|inst3  ; out              ;
; |ram|4x32ram:inst1|4x4ram:inst3|memory_cell:inst4|inst   ; |ram|4x32ram:inst1|4x4ram:inst3|memory_cell:inst4|inst   ; regout           ;
; |ram|4x32ram:inst1|4x4ram:inst3|memory_cell:inst4|inst4  ; |ram|4x32ram:inst1|4x4ram:inst3|memory_cell:inst4|inst4  ; out0             ;
; |ram|4x32ram:inst1|4x4ram:inst3|24decoder:inst|inst3     ; |ram|4x32ram:inst1|4x4ram:inst3|24decoder:inst|inst3     ; out0             ;
; |ram|4x32ram:inst1|4x4ram:inst3|memory_cell:inst2|inst3  ; |ram|4x32ram:inst1|4x4ram:inst3|memory_cell:inst2|inst3  ; out              ;
; |ram|4x32ram:inst1|4x4ram:inst3|memory_cell:inst2|inst   ; |ram|4x32ram:inst1|4x4ram:inst3|memory_cell:inst2|inst   ; regout           ;
; |ram|4x32ram:inst1|4x4ram:inst3|memory_cell:inst2|inst4  ; |ram|4x32ram:inst1|4x4ram:inst3|memory_cell:inst2|inst4  ; out0             ;
; |ram|4x32ram:inst1|4x4ram:inst1|inst20                   ; |ram|4x32ram:inst1|4x4ram:inst1|inst20                   ; out              ;
; |ram|4x32ram:inst1|4x4ram:inst1|IN~0                     ; |ram|4x32ram:inst1|4x4ram:inst1|IN~0                     ; out0             ;
; |ram|4x32ram:inst1|4x4ram:inst1|inst17                   ; |ram|4x32ram:inst1|4x4ram:inst1|inst17                   ; out0             ;
; |ram|4x32ram:inst1|4x4ram:inst1|inst18                   ; |ram|4x32ram:inst1|4x4ram:inst1|inst18                   ; out0             ;
; |ram|4x32ram:inst1|4x4ram:inst1|inst21                   ; |ram|4x32ram:inst1|4x4ram:inst1|inst21                   ; out              ;
; |ram|4x32ram:inst1|4x4ram:inst1|IN~1                     ; |ram|4x32ram:inst1|4x4ram:inst1|IN~1                     ; out0             ;
; |ram|4x32ram:inst1|4x4ram:inst1|inst22                   ; |ram|4x32ram:inst1|4x4ram:inst1|inst22                   ; out              ;
; |ram|4x32ram:inst1|4x4ram:inst1|IN~2                     ; |ram|4x32ram:inst1|4x4ram:inst1|IN~2                     ; out0             ;
; |ram|4x32ram:inst1|4x4ram:inst1|inst19                   ; |ram|4x32ram:inst1|4x4ram:inst1|inst19                   ; out              ;
; |ram|4x32ram:inst1|4x4ram:inst1|IN~3                     ; |ram|4x32ram:inst1|4x4ram:inst1|IN~3                     ; out0             ;
; |ram|4x32ram:inst1|4x4ram:inst1|memory_cell:inst3|inst3  ; |ram|4x32ram:inst1|4x4ram:inst1|memory_cell:inst3|inst3  ; out              ;
; |ram|4x32ram:inst1|4x4ram:inst1|memory_cell:inst3|inst   ; |ram|4x32ram:inst1|4x4ram:inst1|memory_cell:inst3|inst   ; regout           ;
; |ram|4x32ram:inst1|4x4ram:inst1|memory_cell:inst3|inst4  ; |ram|4x32ram:inst1|4x4ram:inst1|memory_cell:inst3|inst4  ; out0             ;
; |ram|4x32ram:inst1|4x4ram:inst1|memory_cell:inst5|inst3  ; |ram|4x32ram:inst1|4x4ram:inst1|memory_cell:inst5|inst3  ; out              ;
; |ram|4x32ram:inst1|4x4ram:inst1|memory_cell:inst5|inst   ; |ram|4x32ram:inst1|4x4ram:inst1|memory_cell:inst5|inst   ; regout           ;
; |ram|4x32ram:inst1|4x4ram:inst1|memory_cell:inst5|inst4  ; |ram|4x32ram:inst1|4x4ram:inst1|memory_cell:inst5|inst4  ; out0             ;
; |ram|4x32ram:inst1|4x4ram:inst1|memory_cell:inst7|inst3  ; |ram|4x32ram:inst1|4x4ram:inst1|memory_cell:inst7|inst3  ; out              ;
; |ram|4x32ram:inst1|4x4ram:inst1|memory_cell:inst7|inst   ; |ram|4x32ram:inst1|4x4ram:inst1|memory_cell:inst7|inst   ; regout           ;
; |ram|4x32ram:inst1|4x4ram:inst1|memory_cell:inst7|inst4  ; |ram|4x32ram:inst1|4x4ram:inst1|memory_cell:inst7|inst4  ; out0             ;
; |ram|4x32ram:inst1|4x4ram:inst1|memory_cell:inst1|inst3  ; |ram|4x32ram:inst1|4x4ram:inst1|memory_cell:inst1|inst3  ; out              ;
; |ram|4x32ram:inst1|4x4ram:inst1|memory_cell:inst1|inst   ; |ram|4x32ram:inst1|4x4ram:inst1|memory_cell:inst1|inst   ; regout           ;
; |ram|4x32ram:inst1|4x4ram:inst1|memory_cell:inst1|inst4  ; |ram|4x32ram:inst1|4x4ram:inst1|memory_cell:inst1|inst4  ; out0             ;
; |ram|4x32ram:inst1|4x4ram:inst1|memory_cell:inst16|inst3 ; |ram|4x32ram:inst1|4x4ram:inst1|memory_cell:inst16|inst3 ; out              ;
; |ram|4x32ram:inst1|4x4ram:inst1|memory_cell:inst16|inst  ; |ram|4x32ram:inst1|4x4ram:inst1|memory_cell:inst16|inst  ; regout           ;
; |ram|4x32ram:inst1|4x4ram:inst1|memory_cell:inst16|inst4 ; |ram|4x32ram:inst1|4x4ram:inst1|memory_cell:inst16|inst4 ; out0             ;
; |ram|4x32ram:inst1|4x4ram:inst1|memory_cell:inst14|inst3 ; |ram|4x32ram:inst1|4x4ram:inst1|memory_cell:inst14|inst3 ; out              ;
; |ram|4x32ram:inst1|4x4ram:inst1|memory_cell:inst14|inst  ; |ram|4x32ram:inst1|4x4ram:inst1|memory_cell:inst14|inst  ; regout           ;
; |ram|4x32ram:inst1|4x4ram:inst1|memory_cell:inst14|inst4 ; |ram|4x32ram:inst1|4x4ram:inst1|memory_cell:inst14|inst4 ; out0             ;
; |ram|4x32ram:inst1|4x4ram:inst1|memory_cell:inst12|inst3 ; |ram|4x32ram:inst1|4x4ram:inst1|memory_cell:inst12|inst3 ; out              ;
; |ram|4x32ram:inst1|4x4ram:inst1|memory_cell:inst12|inst  ; |ram|4x32ram:inst1|4x4ram:inst1|memory_cell:inst12|inst  ; regout           ;
; |ram|4x32ram:inst1|4x4ram:inst1|memory_cell:inst12|inst4 ; |ram|4x32ram:inst1|4x4ram:inst1|memory_cell:inst12|inst4 ; out0             ;
; |ram|4x32ram:inst1|4x4ram:inst1|memory_cell:inst10|inst3 ; |ram|4x32ram:inst1|4x4ram:inst1|memory_cell:inst10|inst3 ; out              ;
; |ram|4x32ram:inst1|4x4ram:inst1|memory_cell:inst10|inst  ; |ram|4x32ram:inst1|4x4ram:inst1|memory_cell:inst10|inst  ; regout           ;
; |ram|4x32ram:inst1|4x4ram:inst1|memory_cell:inst10|inst4 ; |ram|4x32ram:inst1|4x4ram:inst1|memory_cell:inst10|inst4 ; out0             ;
; |ram|4x32ram:inst1|4x4ram:inst1|memory_cell:inst15|inst3 ; |ram|4x32ram:inst1|4x4ram:inst1|memory_cell:inst15|inst3 ; out              ;
; |ram|4x32ram:inst1|4x4ram:inst1|memory_cell:inst15|inst  ; |ram|4x32ram:inst1|4x4ram:inst1|memory_cell:inst15|inst  ; regout           ;
; |ram|4x32ram:inst1|4x4ram:inst1|memory_cell:inst15|inst4 ; |ram|4x32ram:inst1|4x4ram:inst1|memory_cell:inst15|inst4 ; out0             ;
; |ram|4x32ram:inst1|4x4ram:inst1|memory_cell:inst13|inst3 ; |ram|4x32ram:inst1|4x4ram:inst1|memory_cell:inst13|inst3 ; out              ;
; |ram|4x32ram:inst1|4x4ram:inst1|memory_cell:inst13|inst  ; |ram|4x32ram:inst1|4x4ram:inst1|memory_cell:inst13|inst  ; regout           ;
; |ram|4x32ram:inst1|4x4ram:inst1|memory_cell:inst13|inst4 ; |ram|4x32ram:inst1|4x4ram:inst1|memory_cell:inst13|inst4 ; out0             ;
; |ram|4x32ram:inst1|4x4ram:inst1|memory_cell:inst11|inst3 ; |ram|4x32ram:inst1|4x4ram:inst1|memory_cell:inst11|inst3 ; out              ;
; |ram|4x32ram:inst1|4x4ram:inst1|memory_cell:inst11|inst  ; |ram|4x32ram:inst1|4x4ram:inst1|memory_cell:inst11|inst  ; regout           ;
; |ram|4x32ram:inst1|4x4ram:inst1|memory_cell:inst11|inst4 ; |ram|4x32ram:inst1|4x4ram:inst1|memory_cell:inst11|inst4 ; out0             ;
; |ram|4x32ram:inst1|4x4ram:inst1|memory_cell:inst9|inst3  ; |ram|4x32ram:inst1|4x4ram:inst1|memory_cell:inst9|inst3  ; out              ;
; |ram|4x32ram:inst1|4x4ram:inst1|memory_cell:inst9|inst   ; |ram|4x32ram:inst1|4x4ram:inst1|memory_cell:inst9|inst   ; regout           ;
; |ram|4x32ram:inst1|4x4ram:inst1|memory_cell:inst9|inst4  ; |ram|4x32ram:inst1|4x4ram:inst1|memory_cell:inst9|inst4  ; out0             ;
; |ram|4x32ram:inst1|4x4ram:inst1|memory_cell:inst8|inst3  ; |ram|4x32ram:inst1|4x4ram:inst1|memory_cell:inst8|inst3  ; out              ;
; |ram|4x32ram:inst1|4x4ram:inst1|memory_cell:inst8|inst   ; |ram|4x32ram:inst1|4x4ram:inst1|memory_cell:inst8|inst   ; regout           ;
; |ram|4x32ram:inst1|4x4ram:inst1|memory_cell:inst8|inst4  ; |ram|4x32ram:inst1|4x4ram:inst1|memory_cell:inst8|inst4  ; out0             ;
; |ram|4x32ram:inst1|4x4ram:inst1|memory_cell:inst6|inst3  ; |ram|4x32ram:inst1|4x4ram:inst1|memory_cell:inst6|inst3  ; out              ;
; |ram|4x32ram:inst1|4x4ram:inst1|memory_cell:inst6|inst   ; |ram|4x32ram:inst1|4x4ram:inst1|memory_cell:inst6|inst   ; regout           ;
; |ram|4x32ram:inst1|4x4ram:inst1|memory_cell:inst6|inst4  ; |ram|4x32ram:inst1|4x4ram:inst1|memory_cell:inst6|inst4  ; out0             ;
; |ram|4x32ram:inst1|4x4ram:inst1|memory_cell:inst4|inst3  ; |ram|4x32ram:inst1|4x4ram:inst1|memory_cell:inst4|inst3  ; out              ;
; |ram|4x32ram:inst1|4x4ram:inst1|memory_cell:inst4|inst   ; |ram|4x32ram:inst1|4x4ram:inst1|memory_cell:inst4|inst   ; regout           ;
; |ram|4x32ram:inst1|4x4ram:inst1|memory_cell:inst4|inst4  ; |ram|4x32ram:inst1|4x4ram:inst1|memory_cell:inst4|inst4  ; out0             ;
; |ram|4x32ram:inst1|4x4ram:inst1|24decoder:inst|inst3     ; |ram|4x32ram:inst1|4x4ram:inst1|24decoder:inst|inst3     ; out0             ;
; |ram|4x32ram:inst1|4x4ram:inst1|memory_cell:inst2|inst3  ; |ram|4x32ram:inst1|4x4ram:inst1|memory_cell:inst2|inst3  ; out              ;
; |ram|4x32ram:inst1|4x4ram:inst1|memory_cell:inst2|inst   ; |ram|4x32ram:inst1|4x4ram:inst1|memory_cell:inst2|inst   ; regout           ;
; |ram|4x32ram:inst1|4x4ram:inst1|memory_cell:inst2|inst4  ; |ram|4x32ram:inst1|4x4ram:inst1|memory_cell:inst2|inst4  ; out0             ;
; |ram|4x32ram:inst1|4x4ram:inst|inst20                    ; |ram|4x32ram:inst1|4x4ram:inst|inst20                    ; out              ;
; |ram|4x32ram:inst1|4x4ram:inst|IN~0                      ; |ram|4x32ram:inst1|4x4ram:inst|IN~0                      ; out0             ;
; |ram|4x32ram:inst1|4x4ram:inst|inst17                    ; |ram|4x32ram:inst1|4x4ram:inst|inst17                    ; out0             ;
; |ram|4x32ram:inst1|4x4ram:inst|inst18                    ; |ram|4x32ram:inst1|4x4ram:inst|inst18                    ; out0             ;
; |ram|4x32ram:inst1|4x4ram:inst|inst21                    ; |ram|4x32ram:inst1|4x4ram:inst|inst21                    ; out              ;
; |ram|4x32ram:inst1|4x4ram:inst|IN~1                      ; |ram|4x32ram:inst1|4x4ram:inst|IN~1                      ; out0             ;
; |ram|4x32ram:inst1|4x4ram:inst|inst22                    ; |ram|4x32ram:inst1|4x4ram:inst|inst22                    ; out              ;
; |ram|4x32ram:inst1|4x4ram:inst|IN~2                      ; |ram|4x32ram:inst1|4x4ram:inst|IN~2                      ; out0             ;
; |ram|4x32ram:inst1|4x4ram:inst|inst19                    ; |ram|4x32ram:inst1|4x4ram:inst|inst19                    ; out              ;
; |ram|4x32ram:inst1|4x4ram:inst|IN~3                      ; |ram|4x32ram:inst1|4x4ram:inst|IN~3                      ; out0             ;
; |ram|4x32ram:inst1|4x4ram:inst|memory_cell:inst3|inst3   ; |ram|4x32ram:inst1|4x4ram:inst|memory_cell:inst3|inst3   ; out              ;
; |ram|4x32ram:inst1|4x4ram:inst|memory_cell:inst3|inst    ; |ram|4x32ram:inst1|4x4ram:inst|memory_cell:inst3|inst    ; regout           ;
; |ram|4x32ram:inst1|4x4ram:inst|memory_cell:inst3|inst4   ; |ram|4x32ram:inst1|4x4ram:inst|memory_cell:inst3|inst4   ; out0             ;
; |ram|4x32ram:inst1|4x4ram:inst|memory_cell:inst5|inst3   ; |ram|4x32ram:inst1|4x4ram:inst|memory_cell:inst5|inst3   ; out              ;
; |ram|4x32ram:inst1|4x4ram:inst|memory_cell:inst5|inst    ; |ram|4x32ram:inst1|4x4ram:inst|memory_cell:inst5|inst    ; regout           ;
; |ram|4x32ram:inst1|4x4ram:inst|memory_cell:inst5|inst4   ; |ram|4x32ram:inst1|4x4ram:inst|memory_cell:inst5|inst4   ; out0             ;
; |ram|4x32ram:inst1|4x4ram:inst|memory_cell:inst7|inst3   ; |ram|4x32ram:inst1|4x4ram:inst|memory_cell:inst7|inst3   ; out              ;
; |ram|4x32ram:inst1|4x4ram:inst|memory_cell:inst7|inst    ; |ram|4x32ram:inst1|4x4ram:inst|memory_cell:inst7|inst    ; regout           ;
; |ram|4x32ram:inst1|4x4ram:inst|memory_cell:inst7|inst4   ; |ram|4x32ram:inst1|4x4ram:inst|memory_cell:inst7|inst4   ; out0             ;
; |ram|4x32ram:inst1|4x4ram:inst|memory_cell:inst1|inst3   ; |ram|4x32ram:inst1|4x4ram:inst|memory_cell:inst1|inst3   ; out              ;
; |ram|4x32ram:inst1|4x4ram:inst|memory_cell:inst1|inst    ; |ram|4x32ram:inst1|4x4ram:inst|memory_cell:inst1|inst    ; regout           ;
; |ram|4x32ram:inst1|4x4ram:inst|memory_cell:inst1|inst4   ; |ram|4x32ram:inst1|4x4ram:inst|memory_cell:inst1|inst4   ; out0             ;
; |ram|4x32ram:inst1|4x4ram:inst|memory_cell:inst16|inst3  ; |ram|4x32ram:inst1|4x4ram:inst|memory_cell:inst16|inst3  ; out              ;
; |ram|4x32ram:inst1|4x4ram:inst|memory_cell:inst16|inst   ; |ram|4x32ram:inst1|4x4ram:inst|memory_cell:inst16|inst   ; regout           ;
; |ram|4x32ram:inst1|4x4ram:inst|memory_cell:inst16|inst4  ; |ram|4x32ram:inst1|4x4ram:inst|memory_cell:inst16|inst4  ; out0             ;
; |ram|4x32ram:inst1|4x4ram:inst|memory_cell:inst14|inst3  ; |ram|4x32ram:inst1|4x4ram:inst|memory_cell:inst14|inst3  ; out              ;
; |ram|4x32ram:inst1|4x4ram:inst|memory_cell:inst14|inst   ; |ram|4x32ram:inst1|4x4ram:inst|memory_cell:inst14|inst   ; regout           ;
; |ram|4x32ram:inst1|4x4ram:inst|memory_cell:inst14|inst4  ; |ram|4x32ram:inst1|4x4ram:inst|memory_cell:inst14|inst4  ; out0             ;
; |ram|4x32ram:inst1|4x4ram:inst|memory_cell:inst12|inst3  ; |ram|4x32ram:inst1|4x4ram:inst|memory_cell:inst12|inst3  ; out              ;
; |ram|4x32ram:inst1|4x4ram:inst|memory_cell:inst12|inst   ; |ram|4x32ram:inst1|4x4ram:inst|memory_cell:inst12|inst   ; regout           ;
; |ram|4x32ram:inst1|4x4ram:inst|memory_cell:inst12|inst4  ; |ram|4x32ram:inst1|4x4ram:inst|memory_cell:inst12|inst4  ; out0             ;
; |ram|4x32ram:inst1|4x4ram:inst|memory_cell:inst10|inst3  ; |ram|4x32ram:inst1|4x4ram:inst|memory_cell:inst10|inst3  ; out              ;
; |ram|4x32ram:inst1|4x4ram:inst|memory_cell:inst10|inst   ; |ram|4x32ram:inst1|4x4ram:inst|memory_cell:inst10|inst   ; regout           ;
; |ram|4x32ram:inst1|4x4ram:inst|memory_cell:inst10|inst4  ; |ram|4x32ram:inst1|4x4ram:inst|memory_cell:inst10|inst4  ; out0             ;
; |ram|4x32ram:inst1|4x4ram:inst|memory_cell:inst15|inst3  ; |ram|4x32ram:inst1|4x4ram:inst|memory_cell:inst15|inst3  ; out              ;
; |ram|4x32ram:inst1|4x4ram:inst|memory_cell:inst15|inst   ; |ram|4x32ram:inst1|4x4ram:inst|memory_cell:inst15|inst   ; regout           ;
; |ram|4x32ram:inst1|4x4ram:inst|memory_cell:inst15|inst4  ; |ram|4x32ram:inst1|4x4ram:inst|memory_cell:inst15|inst4  ; out0             ;
; |ram|4x32ram:inst1|4x4ram:inst|memory_cell:inst13|inst3  ; |ram|4x32ram:inst1|4x4ram:inst|memory_cell:inst13|inst3  ; out              ;
; |ram|4x32ram:inst1|4x4ram:inst|memory_cell:inst13|inst   ; |ram|4x32ram:inst1|4x4ram:inst|memory_cell:inst13|inst   ; regout           ;
; |ram|4x32ram:inst1|4x4ram:inst|memory_cell:inst13|inst4  ; |ram|4x32ram:inst1|4x4ram:inst|memory_cell:inst13|inst4  ; out0             ;
; |ram|4x32ram:inst1|4x4ram:inst|memory_cell:inst11|inst3  ; |ram|4x32ram:inst1|4x4ram:inst|memory_cell:inst11|inst3  ; out              ;
; |ram|4x32ram:inst1|4x4ram:inst|memory_cell:inst11|inst   ; |ram|4x32ram:inst1|4x4ram:inst|memory_cell:inst11|inst   ; regout           ;
; |ram|4x32ram:inst1|4x4ram:inst|memory_cell:inst11|inst4  ; |ram|4x32ram:inst1|4x4ram:inst|memory_cell:inst11|inst4  ; out0             ;
; |ram|4x32ram:inst1|4x4ram:inst|memory_cell:inst9|inst3   ; |ram|4x32ram:inst1|4x4ram:inst|memory_cell:inst9|inst3   ; out              ;
; |ram|4x32ram:inst1|4x4ram:inst|memory_cell:inst9|inst    ; |ram|4x32ram:inst1|4x4ram:inst|memory_cell:inst9|inst    ; regout           ;
; |ram|4x32ram:inst1|4x4ram:inst|memory_cell:inst9|inst4   ; |ram|4x32ram:inst1|4x4ram:inst|memory_cell:inst9|inst4   ; out0             ;
; |ram|4x32ram:inst1|4x4ram:inst|memory_cell:inst8|inst3   ; |ram|4x32ram:inst1|4x4ram:inst|memory_cell:inst8|inst3   ; out              ;
; |ram|4x32ram:inst1|4x4ram:inst|memory_cell:inst8|inst    ; |ram|4x32ram:inst1|4x4ram:inst|memory_cell:inst8|inst    ; regout           ;
; |ram|4x32ram:inst1|4x4ram:inst|memory_cell:inst8|inst4   ; |ram|4x32ram:inst1|4x4ram:inst|memory_cell:inst8|inst4   ; out0             ;
; |ram|4x32ram:inst1|4x4ram:inst|memory_cell:inst6|inst3   ; |ram|4x32ram:inst1|4x4ram:inst|memory_cell:inst6|inst3   ; out              ;
; |ram|4x32ram:inst1|4x4ram:inst|memory_cell:inst6|inst    ; |ram|4x32ram:inst1|4x4ram:inst|memory_cell:inst6|inst    ; regout           ;
; |ram|4x32ram:inst1|4x4ram:inst|memory_cell:inst6|inst4   ; |ram|4x32ram:inst1|4x4ram:inst|memory_cell:inst6|inst4   ; out0             ;
; |ram|4x32ram:inst1|4x4ram:inst|memory_cell:inst4|inst3   ; |ram|4x32ram:inst1|4x4ram:inst|memory_cell:inst4|inst3   ; out              ;
; |ram|4x32ram:inst1|4x4ram:inst|memory_cell:inst4|inst    ; |ram|4x32ram:inst1|4x4ram:inst|memory_cell:inst4|inst    ; regout           ;
; |ram|4x32ram:inst1|4x4ram:inst|memory_cell:inst4|inst4   ; |ram|4x32ram:inst1|4x4ram:inst|memory_cell:inst4|inst4   ; out0             ;
; |ram|4x32ram:inst1|4x4ram:inst|24decoder:inst|inst3      ; |ram|4x32ram:inst1|4x4ram:inst|24decoder:inst|inst3      ; out0             ;
; |ram|4x32ram:inst1|4x4ram:inst|memory_cell:inst2|inst3   ; |ram|4x32ram:inst1|4x4ram:inst|memory_cell:inst2|inst3   ; out              ;
; |ram|4x32ram:inst1|4x4ram:inst|memory_cell:inst2|inst    ; |ram|4x32ram:inst1|4x4ram:inst|memory_cell:inst2|inst    ; regout           ;
; |ram|4x32ram:inst1|4x4ram:inst|memory_cell:inst2|inst4   ; |ram|4x32ram:inst1|4x4ram:inst|memory_cell:inst2|inst4   ; out0             ;
; |ram|38decoder:inst8|inst2                               ; |ram|38decoder:inst8|inst2                               ; out0             ;
; |ram|38decoder:inst8|inst4                               ; |ram|38decoder:inst8|inst4                               ; out0             ;
; |ram|38decoder:inst8|inst5                               ; |ram|38decoder:inst8|inst5                               ; out0             ;
; |ram|38decoder:inst8|inst6                               ; |ram|38decoder:inst8|inst6                               ; out0             ;
; |ram|38decoder:inst8|inst9                               ; |ram|38decoder:inst8|inst9                               ; out0             ;
; |ram|38decoder:inst8|inst11                              ; |ram|38decoder:inst8|inst11                              ; out0             ;
; |ram|38decoder:inst8|24decoder:inst1|inst4               ; |ram|38decoder:inst8|24decoder:inst1|inst4               ; out0             ;
; |ram|38decoder:inst8|24decoder:inst1|inst5               ; |ram|38decoder:inst8|24decoder:inst1|inst5               ; out0             ;
; |ram|38decoder:inst8|24decoder:inst|inst4                ; |ram|38decoder:inst8|24decoder:inst|inst4                ; out0             ;
; |ram|38decoder:inst8|24decoder:inst|inst5                ; |ram|38decoder:inst8|24decoder:inst|inst5                ; out0             ;
; |ram|4x32ram:inst|4x4ram:inst8|inst20                    ; |ram|4x32ram:inst|4x4ram:inst8|inst20                    ; out              ;
; |ram|4x32ram:inst|4x4ram:inst8|IN~0                      ; |ram|4x32ram:inst|4x4ram:inst8|IN~0                      ; out0             ;
; |ram|4x32ram:inst|4x4ram:inst8|inst17                    ; |ram|4x32ram:inst|4x4ram:inst8|inst17                    ; out0             ;
; |ram|4x32ram:inst|4x4ram:inst8|inst18                    ; |ram|4x32ram:inst|4x4ram:inst8|inst18                    ; out0             ;
; |ram|4x32ram:inst|4x4ram:inst8|inst21                    ; |ram|4x32ram:inst|4x4ram:inst8|inst21                    ; out              ;
; |ram|4x32ram:inst|4x4ram:inst8|IN~1                      ; |ram|4x32ram:inst|4x4ram:inst8|IN~1                      ; out0             ;
; |ram|4x32ram:inst|4x4ram:inst8|inst22                    ; |ram|4x32ram:inst|4x4ram:inst8|inst22                    ; out              ;
; |ram|4x32ram:inst|4x4ram:inst8|IN~2                      ; |ram|4x32ram:inst|4x4ram:inst8|IN~2                      ; out0             ;
; |ram|4x32ram:inst|4x4ram:inst8|inst19                    ; |ram|4x32ram:inst|4x4ram:inst8|inst19                    ; out              ;
; |ram|4x32ram:inst|4x4ram:inst8|IN~3                      ; |ram|4x32ram:inst|4x4ram:inst8|IN~3                      ; out0             ;
; |ram|4x32ram:inst|4x4ram:inst8|memory_cell:inst3|inst3   ; |ram|4x32ram:inst|4x4ram:inst8|memory_cell:inst3|inst3   ; out              ;
; |ram|4x32ram:inst|4x4ram:inst8|memory_cell:inst3|inst    ; |ram|4x32ram:inst|4x4ram:inst8|memory_cell:inst3|inst    ; regout           ;
; |ram|4x32ram:inst|4x4ram:inst8|memory_cell:inst3|inst4   ; |ram|4x32ram:inst|4x4ram:inst8|memory_cell:inst3|inst4   ; out0             ;
; |ram|4x32ram:inst|4x4ram:inst8|memory_cell:inst5|inst3   ; |ram|4x32ram:inst|4x4ram:inst8|memory_cell:inst5|inst3   ; out              ;
; |ram|4x32ram:inst|4x4ram:inst8|memory_cell:inst5|inst    ; |ram|4x32ram:inst|4x4ram:inst8|memory_cell:inst5|inst    ; regout           ;
; |ram|4x32ram:inst|4x4ram:inst8|memory_cell:inst5|inst4   ; |ram|4x32ram:inst|4x4ram:inst8|memory_cell:inst5|inst4   ; out0             ;
; |ram|4x32ram:inst|4x4ram:inst8|memory_cell:inst7|inst3   ; |ram|4x32ram:inst|4x4ram:inst8|memory_cell:inst7|inst3   ; out              ;
; |ram|4x32ram:inst|4x4ram:inst8|memory_cell:inst7|inst    ; |ram|4x32ram:inst|4x4ram:inst8|memory_cell:inst7|inst    ; regout           ;
; |ram|4x32ram:inst|4x4ram:inst8|memory_cell:inst7|inst4   ; |ram|4x32ram:inst|4x4ram:inst8|memory_cell:inst7|inst4   ; out0             ;
; |ram|4x32ram:inst|4x4ram:inst8|memory_cell:inst1|inst3   ; |ram|4x32ram:inst|4x4ram:inst8|memory_cell:inst1|inst3   ; out              ;
; |ram|4x32ram:inst|4x4ram:inst8|memory_cell:inst1|inst    ; |ram|4x32ram:inst|4x4ram:inst8|memory_cell:inst1|inst    ; regout           ;
; |ram|4x32ram:inst|4x4ram:inst8|memory_cell:inst1|inst4   ; |ram|4x32ram:inst|4x4ram:inst8|memory_cell:inst1|inst4   ; out0             ;
; |ram|4x32ram:inst|4x4ram:inst8|memory_cell:inst16|inst3  ; |ram|4x32ram:inst|4x4ram:inst8|memory_cell:inst16|inst3  ; out              ;
; |ram|4x32ram:inst|4x4ram:inst8|memory_cell:inst16|inst   ; |ram|4x32ram:inst|4x4ram:inst8|memory_cell:inst16|inst   ; regout           ;
; |ram|4x32ram:inst|4x4ram:inst8|memory_cell:inst16|inst4  ; |ram|4x32ram:inst|4x4ram:inst8|memory_cell:inst16|inst4  ; out0             ;
; |ram|4x32ram:inst|4x4ram:inst8|memory_cell:inst14|inst3  ; |ram|4x32ram:inst|4x4ram:inst8|memory_cell:inst14|inst3  ; out              ;
; |ram|4x32ram:inst|4x4ram:inst8|memory_cell:inst14|inst   ; |ram|4x32ram:inst|4x4ram:inst8|memory_cell:inst14|inst   ; regout           ;
; |ram|4x32ram:inst|4x4ram:inst8|memory_cell:inst14|inst4  ; |ram|4x32ram:inst|4x4ram:inst8|memory_cell:inst14|inst4  ; out0             ;
; |ram|4x32ram:inst|4x4ram:inst8|memory_cell:inst12|inst3  ; |ram|4x32ram:inst|4x4ram:inst8|memory_cell:inst12|inst3  ; out              ;
; |ram|4x32ram:inst|4x4ram:inst8|memory_cell:inst12|inst   ; |ram|4x32ram:inst|4x4ram:inst8|memory_cell:inst12|inst   ; regout           ;
; |ram|4x32ram:inst|4x4ram:inst8|memory_cell:inst12|inst4  ; |ram|4x32ram:inst|4x4ram:inst8|memory_cell:inst12|inst4  ; out0             ;
; |ram|4x32ram:inst|4x4ram:inst8|memory_cell:inst10|inst3  ; |ram|4x32ram:inst|4x4ram:inst8|memory_cell:inst10|inst3  ; out              ;
; |ram|4x32ram:inst|4x4ram:inst8|memory_cell:inst10|inst   ; |ram|4x32ram:inst|4x4ram:inst8|memory_cell:inst10|inst   ; regout           ;
; |ram|4x32ram:inst|4x4ram:inst8|memory_cell:inst10|inst4  ; |ram|4x32ram:inst|4x4ram:inst8|memory_cell:inst10|inst4  ; out0             ;
; |ram|4x32ram:inst|4x4ram:inst8|memory_cell:inst15|inst3  ; |ram|4x32ram:inst|4x4ram:inst8|memory_cell:inst15|inst3  ; out              ;
; |ram|4x32ram:inst|4x4ram:inst8|memory_cell:inst15|inst   ; |ram|4x32ram:inst|4x4ram:inst8|memory_cell:inst15|inst   ; regout           ;
; |ram|4x32ram:inst|4x4ram:inst8|memory_cell:inst15|inst4  ; |ram|4x32ram:inst|4x4ram:inst8|memory_cell:inst15|inst4  ; out0             ;
; |ram|4x32ram:inst|4x4ram:inst8|memory_cell:inst13|inst3  ; |ram|4x32ram:inst|4x4ram:inst8|memory_cell:inst13|inst3  ; out              ;
; |ram|4x32ram:inst|4x4ram:inst8|memory_cell:inst13|inst   ; |ram|4x32ram:inst|4x4ram:inst8|memory_cell:inst13|inst   ; regout           ;
; |ram|4x32ram:inst|4x4ram:inst8|memory_cell:inst13|inst4  ; |ram|4x32ram:inst|4x4ram:inst8|memory_cell:inst13|inst4  ; out0             ;
; |ram|4x32ram:inst|4x4ram:inst8|memory_cell:inst11|inst3  ; |ram|4x32ram:inst|4x4ram:inst8|memory_cell:inst11|inst3  ; out              ;
; |ram|4x32ram:inst|4x4ram:inst8|memory_cell:inst11|inst   ; |ram|4x32ram:inst|4x4ram:inst8|memory_cell:inst11|inst   ; regout           ;
; |ram|4x32ram:inst|4x4ram:inst8|memory_cell:inst11|inst4  ; |ram|4x32ram:inst|4x4ram:inst8|memory_cell:inst11|inst4  ; out0             ;
; |ram|4x32ram:inst|4x4ram:inst8|memory_cell:inst9|inst3   ; |ram|4x32ram:inst|4x4ram:inst8|memory_cell:inst9|inst3   ; out              ;
; |ram|4x32ram:inst|4x4ram:inst8|memory_cell:inst9|inst    ; |ram|4x32ram:inst|4x4ram:inst8|memory_cell:inst9|inst    ; regout           ;
; |ram|4x32ram:inst|4x4ram:inst8|memory_cell:inst9|inst4   ; |ram|4x32ram:inst|4x4ram:inst8|memory_cell:inst9|inst4   ; out0             ;
; |ram|4x32ram:inst|4x4ram:inst8|memory_cell:inst8|inst3   ; |ram|4x32ram:inst|4x4ram:inst8|memory_cell:inst8|inst3   ; out              ;
; |ram|4x32ram:inst|4x4ram:inst8|memory_cell:inst8|inst    ; |ram|4x32ram:inst|4x4ram:inst8|memory_cell:inst8|inst    ; regout           ;
; |ram|4x32ram:inst|4x4ram:inst8|memory_cell:inst8|inst4   ; |ram|4x32ram:inst|4x4ram:inst8|memory_cell:inst8|inst4   ; out0             ;
; |ram|4x32ram:inst|4x4ram:inst8|memory_cell:inst6|inst3   ; |ram|4x32ram:inst|4x4ram:inst8|memory_cell:inst6|inst3   ; out              ;
; |ram|4x32ram:inst|4x4ram:inst8|memory_cell:inst6|inst    ; |ram|4x32ram:inst|4x4ram:inst8|memory_cell:inst6|inst    ; regout           ;
; |ram|4x32ram:inst|4x4ram:inst8|memory_cell:inst6|inst4   ; |ram|4x32ram:inst|4x4ram:inst8|memory_cell:inst6|inst4   ; out0             ;
; |ram|4x32ram:inst|4x4ram:inst8|memory_cell:inst4|inst3   ; |ram|4x32ram:inst|4x4ram:inst8|memory_cell:inst4|inst3   ; out              ;
; |ram|4x32ram:inst|4x4ram:inst8|memory_cell:inst4|inst    ; |ram|4x32ram:inst|4x4ram:inst8|memory_cell:inst4|inst    ; regout           ;
; |ram|4x32ram:inst|4x4ram:inst8|memory_cell:inst4|inst4   ; |ram|4x32ram:inst|4x4ram:inst8|memory_cell:inst4|inst4   ; out0             ;
; |ram|4x32ram:inst|4x4ram:inst8|24decoder:inst|inst3      ; |ram|4x32ram:inst|4x4ram:inst8|24decoder:inst|inst3      ; out0             ;
; |ram|4x32ram:inst|4x4ram:inst8|memory_cell:inst2|inst3   ; |ram|4x32ram:inst|4x4ram:inst8|memory_cell:inst2|inst3   ; out              ;
; |ram|4x32ram:inst|4x4ram:inst8|memory_cell:inst2|inst    ; |ram|4x32ram:inst|4x4ram:inst8|memory_cell:inst2|inst    ; regout           ;
; |ram|4x32ram:inst|4x4ram:inst8|memory_cell:inst2|inst4   ; |ram|4x32ram:inst|4x4ram:inst8|memory_cell:inst2|inst4   ; out0             ;
; |ram|4x32ram:inst|4x4ram:inst7|inst20                    ; |ram|4x32ram:inst|4x4ram:inst7|inst20                    ; out              ;
; |ram|4x32ram:inst|4x4ram:inst7|IN~0                      ; |ram|4x32ram:inst|4x4ram:inst7|IN~0                      ; out0             ;
; |ram|4x32ram:inst|4x4ram:inst7|inst17                    ; |ram|4x32ram:inst|4x4ram:inst7|inst17                    ; out0             ;
; |ram|4x32ram:inst|4x4ram:inst7|inst18                    ; |ram|4x32ram:inst|4x4ram:inst7|inst18                    ; out0             ;
; |ram|4x32ram:inst|4x4ram:inst7|inst21                    ; |ram|4x32ram:inst|4x4ram:inst7|inst21                    ; out              ;
; |ram|4x32ram:inst|4x4ram:inst7|IN~1                      ; |ram|4x32ram:inst|4x4ram:inst7|IN~1                      ; out0             ;
; |ram|4x32ram:inst|4x4ram:inst7|inst22                    ; |ram|4x32ram:inst|4x4ram:inst7|inst22                    ; out              ;
; |ram|4x32ram:inst|4x4ram:inst7|IN~2                      ; |ram|4x32ram:inst|4x4ram:inst7|IN~2                      ; out0             ;
; |ram|4x32ram:inst|4x4ram:inst7|inst19                    ; |ram|4x32ram:inst|4x4ram:inst7|inst19                    ; out              ;
; |ram|4x32ram:inst|4x4ram:inst7|IN~3                      ; |ram|4x32ram:inst|4x4ram:inst7|IN~3                      ; out0             ;
; |ram|4x32ram:inst|4x4ram:inst7|memory_cell:inst3|inst3   ; |ram|4x32ram:inst|4x4ram:inst7|memory_cell:inst3|inst3   ; out              ;
; |ram|4x32ram:inst|4x4ram:inst7|memory_cell:inst3|inst    ; |ram|4x32ram:inst|4x4ram:inst7|memory_cell:inst3|inst    ; regout           ;
; |ram|4x32ram:inst|4x4ram:inst7|memory_cell:inst3|inst4   ; |ram|4x32ram:inst|4x4ram:inst7|memory_cell:inst3|inst4   ; out0             ;
; |ram|4x32ram:inst|4x4ram:inst7|memory_cell:inst5|inst3   ; |ram|4x32ram:inst|4x4ram:inst7|memory_cell:inst5|inst3   ; out              ;
; |ram|4x32ram:inst|4x4ram:inst7|memory_cell:inst5|inst    ; |ram|4x32ram:inst|4x4ram:inst7|memory_cell:inst5|inst    ; regout           ;
; |ram|4x32ram:inst|4x4ram:inst7|memory_cell:inst5|inst4   ; |ram|4x32ram:inst|4x4ram:inst7|memory_cell:inst5|inst4   ; out0             ;
; |ram|4x32ram:inst|4x4ram:inst7|memory_cell:inst7|inst3   ; |ram|4x32ram:inst|4x4ram:inst7|memory_cell:inst7|inst3   ; out              ;
; |ram|4x32ram:inst|4x4ram:inst7|memory_cell:inst7|inst    ; |ram|4x32ram:inst|4x4ram:inst7|memory_cell:inst7|inst    ; regout           ;
; |ram|4x32ram:inst|4x4ram:inst7|memory_cell:inst7|inst4   ; |ram|4x32ram:inst|4x4ram:inst7|memory_cell:inst7|inst4   ; out0             ;
; |ram|4x32ram:inst|4x4ram:inst7|memory_cell:inst1|inst3   ; |ram|4x32ram:inst|4x4ram:inst7|memory_cell:inst1|inst3   ; out              ;
; |ram|4x32ram:inst|4x4ram:inst7|memory_cell:inst1|inst    ; |ram|4x32ram:inst|4x4ram:inst7|memory_cell:inst1|inst    ; regout           ;
; |ram|4x32ram:inst|4x4ram:inst7|memory_cell:inst1|inst4   ; |ram|4x32ram:inst|4x4ram:inst7|memory_cell:inst1|inst4   ; out0             ;
; |ram|4x32ram:inst|4x4ram:inst7|memory_cell:inst16|inst3  ; |ram|4x32ram:inst|4x4ram:inst7|memory_cell:inst16|inst3  ; out              ;
; |ram|4x32ram:inst|4x4ram:inst7|memory_cell:inst16|inst   ; |ram|4x32ram:inst|4x4ram:inst7|memory_cell:inst16|inst   ; regout           ;
; |ram|4x32ram:inst|4x4ram:inst7|memory_cell:inst16|inst4  ; |ram|4x32ram:inst|4x4ram:inst7|memory_cell:inst16|inst4  ; out0             ;
; |ram|4x32ram:inst|4x4ram:inst7|memory_cell:inst14|inst3  ; |ram|4x32ram:inst|4x4ram:inst7|memory_cell:inst14|inst3  ; out              ;
; |ram|4x32ram:inst|4x4ram:inst7|memory_cell:inst14|inst   ; |ram|4x32ram:inst|4x4ram:inst7|memory_cell:inst14|inst   ; regout           ;
; |ram|4x32ram:inst|4x4ram:inst7|memory_cell:inst14|inst4  ; |ram|4x32ram:inst|4x4ram:inst7|memory_cell:inst14|inst4  ; out0             ;
; |ram|4x32ram:inst|4x4ram:inst7|memory_cell:inst12|inst3  ; |ram|4x32ram:inst|4x4ram:inst7|memory_cell:inst12|inst3  ; out              ;
; |ram|4x32ram:inst|4x4ram:inst7|memory_cell:inst12|inst   ; |ram|4x32ram:inst|4x4ram:inst7|memory_cell:inst12|inst   ; regout           ;
; |ram|4x32ram:inst|4x4ram:inst7|memory_cell:inst12|inst4  ; |ram|4x32ram:inst|4x4ram:inst7|memory_cell:inst12|inst4  ; out0             ;
; |ram|4x32ram:inst|4x4ram:inst7|memory_cell:inst10|inst3  ; |ram|4x32ram:inst|4x4ram:inst7|memory_cell:inst10|inst3  ; out              ;
; |ram|4x32ram:inst|4x4ram:inst7|memory_cell:inst10|inst   ; |ram|4x32ram:inst|4x4ram:inst7|memory_cell:inst10|inst   ; regout           ;
; |ram|4x32ram:inst|4x4ram:inst7|memory_cell:inst10|inst4  ; |ram|4x32ram:inst|4x4ram:inst7|memory_cell:inst10|inst4  ; out0             ;
; |ram|4x32ram:inst|4x4ram:inst7|memory_cell:inst15|inst3  ; |ram|4x32ram:inst|4x4ram:inst7|memory_cell:inst15|inst3  ; out              ;
; |ram|4x32ram:inst|4x4ram:inst7|memory_cell:inst15|inst   ; |ram|4x32ram:inst|4x4ram:inst7|memory_cell:inst15|inst   ; regout           ;
; |ram|4x32ram:inst|4x4ram:inst7|memory_cell:inst15|inst4  ; |ram|4x32ram:inst|4x4ram:inst7|memory_cell:inst15|inst4  ; out0             ;
; |ram|4x32ram:inst|4x4ram:inst7|memory_cell:inst13|inst3  ; |ram|4x32ram:inst|4x4ram:inst7|memory_cell:inst13|inst3  ; out              ;
; |ram|4x32ram:inst|4x4ram:inst7|memory_cell:inst13|inst   ; |ram|4x32ram:inst|4x4ram:inst7|memory_cell:inst13|inst   ; regout           ;
; |ram|4x32ram:inst|4x4ram:inst7|memory_cell:inst13|inst4  ; |ram|4x32ram:inst|4x4ram:inst7|memory_cell:inst13|inst4  ; out0             ;
; |ram|4x32ram:inst|4x4ram:inst7|memory_cell:inst11|inst3  ; |ram|4x32ram:inst|4x4ram:inst7|memory_cell:inst11|inst3  ; out              ;
; |ram|4x32ram:inst|4x4ram:inst7|memory_cell:inst11|inst   ; |ram|4x32ram:inst|4x4ram:inst7|memory_cell:inst11|inst   ; regout           ;
; |ram|4x32ram:inst|4x4ram:inst7|memory_cell:inst11|inst4  ; |ram|4x32ram:inst|4x4ram:inst7|memory_cell:inst11|inst4  ; out0             ;
; |ram|4x32ram:inst|4x4ram:inst7|memory_cell:inst9|inst3   ; |ram|4x32ram:inst|4x4ram:inst7|memory_cell:inst9|inst3   ; out              ;
; |ram|4x32ram:inst|4x4ram:inst7|memory_cell:inst9|inst    ; |ram|4x32ram:inst|4x4ram:inst7|memory_cell:inst9|inst    ; regout           ;
; |ram|4x32ram:inst|4x4ram:inst7|memory_cell:inst9|inst4   ; |ram|4x32ram:inst|4x4ram:inst7|memory_cell:inst9|inst4   ; out0             ;
; |ram|4x32ram:inst|4x4ram:inst7|memory_cell:inst8|inst3   ; |ram|4x32ram:inst|4x4ram:inst7|memory_cell:inst8|inst3   ; out              ;
; |ram|4x32ram:inst|4x4ram:inst7|memory_cell:inst8|inst    ; |ram|4x32ram:inst|4x4ram:inst7|memory_cell:inst8|inst    ; regout           ;
; |ram|4x32ram:inst|4x4ram:inst7|memory_cell:inst8|inst4   ; |ram|4x32ram:inst|4x4ram:inst7|memory_cell:inst8|inst4   ; out0             ;
; |ram|4x32ram:inst|4x4ram:inst7|memory_cell:inst6|inst3   ; |ram|4x32ram:inst|4x4ram:inst7|memory_cell:inst6|inst3   ; out              ;
; |ram|4x32ram:inst|4x4ram:inst7|memory_cell:inst6|inst    ; |ram|4x32ram:inst|4x4ram:inst7|memory_cell:inst6|inst    ; regout           ;
; |ram|4x32ram:inst|4x4ram:inst7|memory_cell:inst6|inst4   ; |ram|4x32ram:inst|4x4ram:inst7|memory_cell:inst6|inst4   ; out0             ;
; |ram|4x32ram:inst|4x4ram:inst7|memory_cell:inst4|inst3   ; |ram|4x32ram:inst|4x4ram:inst7|memory_cell:inst4|inst3   ; out              ;
; |ram|4x32ram:inst|4x4ram:inst7|memory_cell:inst4|inst    ; |ram|4x32ram:inst|4x4ram:inst7|memory_cell:inst4|inst    ; regout           ;
; |ram|4x32ram:inst|4x4ram:inst7|memory_cell:inst4|inst4   ; |ram|4x32ram:inst|4x4ram:inst7|memory_cell:inst4|inst4   ; out0             ;
; |ram|4x32ram:inst|4x4ram:inst7|24decoder:inst|inst3      ; |ram|4x32ram:inst|4x4ram:inst7|24decoder:inst|inst3      ; out0             ;
; |ram|4x32ram:inst|4x4ram:inst7|memory_cell:inst2|inst3   ; |ram|4x32ram:inst|4x4ram:inst7|memory_cell:inst2|inst3   ; out              ;
; |ram|4x32ram:inst|4x4ram:inst7|memory_cell:inst2|inst    ; |ram|4x32ram:inst|4x4ram:inst7|memory_cell:inst2|inst    ; regout           ;
; |ram|4x32ram:inst|4x4ram:inst7|memory_cell:inst2|inst4   ; |ram|4x32ram:inst|4x4ram:inst7|memory_cell:inst2|inst4   ; out0             ;
; |ram|4x32ram:inst|4x4ram:inst6|inst20                    ; |ram|4x32ram:inst|4x4ram:inst6|inst20                    ; out              ;
; |ram|4x32ram:inst|4x4ram:inst6|IN~0                      ; |ram|4x32ram:inst|4x4ram:inst6|IN~0                      ; out0             ;
; |ram|4x32ram:inst|4x4ram:inst6|inst17                    ; |ram|4x32ram:inst|4x4ram:inst6|inst17                    ; out0             ;
; |ram|4x32ram:inst|4x4ram:inst6|inst18                    ; |ram|4x32ram:inst|4x4ram:inst6|inst18                    ; out0             ;
; |ram|4x32ram:inst|4x4ram:inst6|inst21                    ; |ram|4x32ram:inst|4x4ram:inst6|inst21                    ; out              ;
; |ram|4x32ram:inst|4x4ram:inst6|IN~1                      ; |ram|4x32ram:inst|4x4ram:inst6|IN~1                      ; out0             ;
; |ram|4x32ram:inst|4x4ram:inst6|inst22                    ; |ram|4x32ram:inst|4x4ram:inst6|inst22                    ; out              ;
; |ram|4x32ram:inst|4x4ram:inst6|IN~2                      ; |ram|4x32ram:inst|4x4ram:inst6|IN~2                      ; out0             ;
; |ram|4x32ram:inst|4x4ram:inst6|inst19                    ; |ram|4x32ram:inst|4x4ram:inst6|inst19                    ; out              ;
; |ram|4x32ram:inst|4x4ram:inst6|IN~3                      ; |ram|4x32ram:inst|4x4ram:inst6|IN~3                      ; out0             ;
; |ram|4x32ram:inst|4x4ram:inst6|memory_cell:inst3|inst3   ; |ram|4x32ram:inst|4x4ram:inst6|memory_cell:inst3|inst3   ; out              ;
; |ram|4x32ram:inst|4x4ram:inst6|memory_cell:inst3|inst    ; |ram|4x32ram:inst|4x4ram:inst6|memory_cell:inst3|inst    ; regout           ;
; |ram|4x32ram:inst|4x4ram:inst6|memory_cell:inst3|inst4   ; |ram|4x32ram:inst|4x4ram:inst6|memory_cell:inst3|inst4   ; out0             ;
; |ram|4x32ram:inst|4x4ram:inst6|memory_cell:inst5|inst3   ; |ram|4x32ram:inst|4x4ram:inst6|memory_cell:inst5|inst3   ; out              ;
; |ram|4x32ram:inst|4x4ram:inst6|memory_cell:inst5|inst    ; |ram|4x32ram:inst|4x4ram:inst6|memory_cell:inst5|inst    ; regout           ;
; |ram|4x32ram:inst|4x4ram:inst6|memory_cell:inst5|inst4   ; |ram|4x32ram:inst|4x4ram:inst6|memory_cell:inst5|inst4   ; out0             ;
; |ram|4x32ram:inst|4x4ram:inst6|memory_cell:inst7|inst3   ; |ram|4x32ram:inst|4x4ram:inst6|memory_cell:inst7|inst3   ; out              ;
; |ram|4x32ram:inst|4x4ram:inst6|memory_cell:inst7|inst    ; |ram|4x32ram:inst|4x4ram:inst6|memory_cell:inst7|inst    ; regout           ;
; |ram|4x32ram:inst|4x4ram:inst6|memory_cell:inst7|inst4   ; |ram|4x32ram:inst|4x4ram:inst6|memory_cell:inst7|inst4   ; out0             ;
; |ram|4x32ram:inst|4x4ram:inst6|memory_cell:inst1|inst3   ; |ram|4x32ram:inst|4x4ram:inst6|memory_cell:inst1|inst3   ; out              ;
; |ram|4x32ram:inst|4x4ram:inst6|memory_cell:inst1|inst    ; |ram|4x32ram:inst|4x4ram:inst6|memory_cell:inst1|inst    ; regout           ;
; |ram|4x32ram:inst|4x4ram:inst6|memory_cell:inst1|inst4   ; |ram|4x32ram:inst|4x4ram:inst6|memory_cell:inst1|inst4   ; out0             ;
; |ram|4x32ram:inst|4x4ram:inst6|memory_cell:inst16|inst3  ; |ram|4x32ram:inst|4x4ram:inst6|memory_cell:inst16|inst3  ; out              ;
; |ram|4x32ram:inst|4x4ram:inst6|memory_cell:inst16|inst   ; |ram|4x32ram:inst|4x4ram:inst6|memory_cell:inst16|inst   ; regout           ;
; |ram|4x32ram:inst|4x4ram:inst6|memory_cell:inst16|inst4  ; |ram|4x32ram:inst|4x4ram:inst6|memory_cell:inst16|inst4  ; out0             ;
; |ram|4x32ram:inst|4x4ram:inst6|memory_cell:inst14|inst3  ; |ram|4x32ram:inst|4x4ram:inst6|memory_cell:inst14|inst3  ; out              ;
; |ram|4x32ram:inst|4x4ram:inst6|memory_cell:inst14|inst   ; |ram|4x32ram:inst|4x4ram:inst6|memory_cell:inst14|inst   ; regout           ;
; |ram|4x32ram:inst|4x4ram:inst6|memory_cell:inst14|inst4  ; |ram|4x32ram:inst|4x4ram:inst6|memory_cell:inst14|inst4  ; out0             ;
; |ram|4x32ram:inst|4x4ram:inst6|memory_cell:inst12|inst3  ; |ram|4x32ram:inst|4x4ram:inst6|memory_cell:inst12|inst3  ; out              ;
; |ram|4x32ram:inst|4x4ram:inst6|memory_cell:inst12|inst   ; |ram|4x32ram:inst|4x4ram:inst6|memory_cell:inst12|inst   ; regout           ;
; |ram|4x32ram:inst|4x4ram:inst6|memory_cell:inst12|inst4  ; |ram|4x32ram:inst|4x4ram:inst6|memory_cell:inst12|inst4  ; out0             ;
; |ram|4x32ram:inst|4x4ram:inst6|memory_cell:inst10|inst3  ; |ram|4x32ram:inst|4x4ram:inst6|memory_cell:inst10|inst3  ; out              ;
; |ram|4x32ram:inst|4x4ram:inst6|memory_cell:inst10|inst   ; |ram|4x32ram:inst|4x4ram:inst6|memory_cell:inst10|inst   ; regout           ;
; |ram|4x32ram:inst|4x4ram:inst6|memory_cell:inst10|inst4  ; |ram|4x32ram:inst|4x4ram:inst6|memory_cell:inst10|inst4  ; out0             ;
; |ram|4x32ram:inst|4x4ram:inst6|memory_cell:inst15|inst3  ; |ram|4x32ram:inst|4x4ram:inst6|memory_cell:inst15|inst3  ; out              ;
; |ram|4x32ram:inst|4x4ram:inst6|memory_cell:inst15|inst   ; |ram|4x32ram:inst|4x4ram:inst6|memory_cell:inst15|inst   ; regout           ;
; |ram|4x32ram:inst|4x4ram:inst6|memory_cell:inst15|inst4  ; |ram|4x32ram:inst|4x4ram:inst6|memory_cell:inst15|inst4  ; out0             ;
; |ram|4x32ram:inst|4x4ram:inst6|memory_cell:inst13|inst3  ; |ram|4x32ram:inst|4x4ram:inst6|memory_cell:inst13|inst3  ; out              ;
; |ram|4x32ram:inst|4x4ram:inst6|memory_cell:inst13|inst   ; |ram|4x32ram:inst|4x4ram:inst6|memory_cell:inst13|inst   ; regout           ;
; |ram|4x32ram:inst|4x4ram:inst6|memory_cell:inst13|inst4  ; |ram|4x32ram:inst|4x4ram:inst6|memory_cell:inst13|inst4  ; out0             ;
; |ram|4x32ram:inst|4x4ram:inst6|memory_cell:inst11|inst3  ; |ram|4x32ram:inst|4x4ram:inst6|memory_cell:inst11|inst3  ; out              ;
; |ram|4x32ram:inst|4x4ram:inst6|memory_cell:inst11|inst   ; |ram|4x32ram:inst|4x4ram:inst6|memory_cell:inst11|inst   ; regout           ;
; |ram|4x32ram:inst|4x4ram:inst6|memory_cell:inst11|inst4  ; |ram|4x32ram:inst|4x4ram:inst6|memory_cell:inst11|inst4  ; out0             ;
; |ram|4x32ram:inst|4x4ram:inst6|memory_cell:inst9|inst3   ; |ram|4x32ram:inst|4x4ram:inst6|memory_cell:inst9|inst3   ; out              ;
; |ram|4x32ram:inst|4x4ram:inst6|memory_cell:inst9|inst    ; |ram|4x32ram:inst|4x4ram:inst6|memory_cell:inst9|inst    ; regout           ;
; |ram|4x32ram:inst|4x4ram:inst6|memory_cell:inst9|inst4   ; |ram|4x32ram:inst|4x4ram:inst6|memory_cell:inst9|inst4   ; out0             ;
; |ram|4x32ram:inst|4x4ram:inst6|memory_cell:inst8|inst3   ; |ram|4x32ram:inst|4x4ram:inst6|memory_cell:inst8|inst3   ; out              ;
; |ram|4x32ram:inst|4x4ram:inst6|memory_cell:inst8|inst    ; |ram|4x32ram:inst|4x4ram:inst6|memory_cell:inst8|inst    ; regout           ;
; |ram|4x32ram:inst|4x4ram:inst6|memory_cell:inst8|inst4   ; |ram|4x32ram:inst|4x4ram:inst6|memory_cell:inst8|inst4   ; out0             ;
; |ram|4x32ram:inst|4x4ram:inst6|memory_cell:inst6|inst3   ; |ram|4x32ram:inst|4x4ram:inst6|memory_cell:inst6|inst3   ; out              ;
; |ram|4x32ram:inst|4x4ram:inst6|memory_cell:inst6|inst    ; |ram|4x32ram:inst|4x4ram:inst6|memory_cell:inst6|inst    ; regout           ;
; |ram|4x32ram:inst|4x4ram:inst6|memory_cell:inst6|inst4   ; |ram|4x32ram:inst|4x4ram:inst6|memory_cell:inst6|inst4   ; out0             ;
; |ram|4x32ram:inst|4x4ram:inst6|memory_cell:inst4|inst3   ; |ram|4x32ram:inst|4x4ram:inst6|memory_cell:inst4|inst3   ; out              ;
; |ram|4x32ram:inst|4x4ram:inst6|memory_cell:inst4|inst    ; |ram|4x32ram:inst|4x4ram:inst6|memory_cell:inst4|inst    ; regout           ;
; |ram|4x32ram:inst|4x4ram:inst6|memory_cell:inst4|inst4   ; |ram|4x32ram:inst|4x4ram:inst6|memory_cell:inst4|inst4   ; out0             ;
; |ram|4x32ram:inst|4x4ram:inst6|24decoder:inst|inst3      ; |ram|4x32ram:inst|4x4ram:inst6|24decoder:inst|inst3      ; out0             ;
; |ram|4x32ram:inst|4x4ram:inst6|memory_cell:inst2|inst3   ; |ram|4x32ram:inst|4x4ram:inst6|memory_cell:inst2|inst3   ; out              ;
; |ram|4x32ram:inst|4x4ram:inst6|memory_cell:inst2|inst    ; |ram|4x32ram:inst|4x4ram:inst6|memory_cell:inst2|inst    ; regout           ;
; |ram|4x32ram:inst|4x4ram:inst6|memory_cell:inst2|inst4   ; |ram|4x32ram:inst|4x4ram:inst6|memory_cell:inst2|inst4   ; out0             ;
; |ram|4x32ram:inst|4x4ram:inst5|inst20                    ; |ram|4x32ram:inst|4x4ram:inst5|inst20                    ; out              ;
; |ram|4x32ram:inst|4x4ram:inst5|IN~0                      ; |ram|4x32ram:inst|4x4ram:inst5|IN~0                      ; out0             ;
; |ram|4x32ram:inst|4x4ram:inst5|inst17                    ; |ram|4x32ram:inst|4x4ram:inst5|inst17                    ; out0             ;
; |ram|4x32ram:inst|4x4ram:inst5|inst18                    ; |ram|4x32ram:inst|4x4ram:inst5|inst18                    ; out0             ;
; |ram|4x32ram:inst|4x4ram:inst5|inst21                    ; |ram|4x32ram:inst|4x4ram:inst5|inst21                    ; out              ;
; |ram|4x32ram:inst|4x4ram:inst5|IN~1                      ; |ram|4x32ram:inst|4x4ram:inst5|IN~1                      ; out0             ;
; |ram|4x32ram:inst|4x4ram:inst5|inst22                    ; |ram|4x32ram:inst|4x4ram:inst5|inst22                    ; out              ;
; |ram|4x32ram:inst|4x4ram:inst5|IN~2                      ; |ram|4x32ram:inst|4x4ram:inst5|IN~2                      ; out0             ;
; |ram|4x32ram:inst|4x4ram:inst5|inst19                    ; |ram|4x32ram:inst|4x4ram:inst5|inst19                    ; out              ;
; |ram|4x32ram:inst|4x4ram:inst5|IN~3                      ; |ram|4x32ram:inst|4x4ram:inst5|IN~3                      ; out0             ;
; |ram|4x32ram:inst|4x4ram:inst5|memory_cell:inst3|inst3   ; |ram|4x32ram:inst|4x4ram:inst5|memory_cell:inst3|inst3   ; out              ;
; |ram|4x32ram:inst|4x4ram:inst5|memory_cell:inst3|inst    ; |ram|4x32ram:inst|4x4ram:inst5|memory_cell:inst3|inst    ; regout           ;
; |ram|4x32ram:inst|4x4ram:inst5|memory_cell:inst3|inst4   ; |ram|4x32ram:inst|4x4ram:inst5|memory_cell:inst3|inst4   ; out0             ;
; |ram|4x32ram:inst|4x4ram:inst5|memory_cell:inst5|inst3   ; |ram|4x32ram:inst|4x4ram:inst5|memory_cell:inst5|inst3   ; out              ;
; |ram|4x32ram:inst|4x4ram:inst5|memory_cell:inst5|inst    ; |ram|4x32ram:inst|4x4ram:inst5|memory_cell:inst5|inst    ; regout           ;
; |ram|4x32ram:inst|4x4ram:inst5|memory_cell:inst5|inst4   ; |ram|4x32ram:inst|4x4ram:inst5|memory_cell:inst5|inst4   ; out0             ;
; |ram|4x32ram:inst|4x4ram:inst5|memory_cell:inst7|inst3   ; |ram|4x32ram:inst|4x4ram:inst5|memory_cell:inst7|inst3   ; out              ;
; |ram|4x32ram:inst|4x4ram:inst5|memory_cell:inst7|inst    ; |ram|4x32ram:inst|4x4ram:inst5|memory_cell:inst7|inst    ; regout           ;
; |ram|4x32ram:inst|4x4ram:inst5|memory_cell:inst7|inst4   ; |ram|4x32ram:inst|4x4ram:inst5|memory_cell:inst7|inst4   ; out0             ;
; |ram|4x32ram:inst|4x4ram:inst5|memory_cell:inst1|inst3   ; |ram|4x32ram:inst|4x4ram:inst5|memory_cell:inst1|inst3   ; out              ;
; |ram|4x32ram:inst|4x4ram:inst5|memory_cell:inst1|inst    ; |ram|4x32ram:inst|4x4ram:inst5|memory_cell:inst1|inst    ; regout           ;
; |ram|4x32ram:inst|4x4ram:inst5|memory_cell:inst1|inst4   ; |ram|4x32ram:inst|4x4ram:inst5|memory_cell:inst1|inst4   ; out0             ;
; |ram|4x32ram:inst|4x4ram:inst5|memory_cell:inst16|inst3  ; |ram|4x32ram:inst|4x4ram:inst5|memory_cell:inst16|inst3  ; out              ;
; |ram|4x32ram:inst|4x4ram:inst5|memory_cell:inst16|inst   ; |ram|4x32ram:inst|4x4ram:inst5|memory_cell:inst16|inst   ; regout           ;
; |ram|4x32ram:inst|4x4ram:inst5|memory_cell:inst16|inst4  ; |ram|4x32ram:inst|4x4ram:inst5|memory_cell:inst16|inst4  ; out0             ;
; |ram|4x32ram:inst|4x4ram:inst5|memory_cell:inst14|inst3  ; |ram|4x32ram:inst|4x4ram:inst5|memory_cell:inst14|inst3  ; out              ;
; |ram|4x32ram:inst|4x4ram:inst5|memory_cell:inst14|inst   ; |ram|4x32ram:inst|4x4ram:inst5|memory_cell:inst14|inst   ; regout           ;
; |ram|4x32ram:inst|4x4ram:inst5|memory_cell:inst14|inst4  ; |ram|4x32ram:inst|4x4ram:inst5|memory_cell:inst14|inst4  ; out0             ;
; |ram|4x32ram:inst|4x4ram:inst5|memory_cell:inst12|inst3  ; |ram|4x32ram:inst|4x4ram:inst5|memory_cell:inst12|inst3  ; out              ;
; |ram|4x32ram:inst|4x4ram:inst5|memory_cell:inst12|inst   ; |ram|4x32ram:inst|4x4ram:inst5|memory_cell:inst12|inst   ; regout           ;
; |ram|4x32ram:inst|4x4ram:inst5|memory_cell:inst12|inst4  ; |ram|4x32ram:inst|4x4ram:inst5|memory_cell:inst12|inst4  ; out0             ;
; |ram|4x32ram:inst|4x4ram:inst5|memory_cell:inst10|inst3  ; |ram|4x32ram:inst|4x4ram:inst5|memory_cell:inst10|inst3  ; out              ;
; |ram|4x32ram:inst|4x4ram:inst5|memory_cell:inst10|inst   ; |ram|4x32ram:inst|4x4ram:inst5|memory_cell:inst10|inst   ; regout           ;
; |ram|4x32ram:inst|4x4ram:inst5|memory_cell:inst10|inst4  ; |ram|4x32ram:inst|4x4ram:inst5|memory_cell:inst10|inst4  ; out0             ;
; |ram|4x32ram:inst|4x4ram:inst5|memory_cell:inst15|inst3  ; |ram|4x32ram:inst|4x4ram:inst5|memory_cell:inst15|inst3  ; out              ;
; |ram|4x32ram:inst|4x4ram:inst5|memory_cell:inst15|inst   ; |ram|4x32ram:inst|4x4ram:inst5|memory_cell:inst15|inst   ; regout           ;
; |ram|4x32ram:inst|4x4ram:inst5|memory_cell:inst15|inst4  ; |ram|4x32ram:inst|4x4ram:inst5|memory_cell:inst15|inst4  ; out0             ;
; |ram|4x32ram:inst|4x4ram:inst5|memory_cell:inst13|inst3  ; |ram|4x32ram:inst|4x4ram:inst5|memory_cell:inst13|inst3  ; out              ;
; |ram|4x32ram:inst|4x4ram:inst5|memory_cell:inst13|inst   ; |ram|4x32ram:inst|4x4ram:inst5|memory_cell:inst13|inst   ; regout           ;
; |ram|4x32ram:inst|4x4ram:inst5|memory_cell:inst13|inst4  ; |ram|4x32ram:inst|4x4ram:inst5|memory_cell:inst13|inst4  ; out0             ;
; |ram|4x32ram:inst|4x4ram:inst5|memory_cell:inst11|inst3  ; |ram|4x32ram:inst|4x4ram:inst5|memory_cell:inst11|inst3  ; out              ;
; |ram|4x32ram:inst|4x4ram:inst5|memory_cell:inst11|inst   ; |ram|4x32ram:inst|4x4ram:inst5|memory_cell:inst11|inst   ; regout           ;
; |ram|4x32ram:inst|4x4ram:inst5|memory_cell:inst11|inst4  ; |ram|4x32ram:inst|4x4ram:inst5|memory_cell:inst11|inst4  ; out0             ;
; |ram|4x32ram:inst|4x4ram:inst5|memory_cell:inst9|inst3   ; |ram|4x32ram:inst|4x4ram:inst5|memory_cell:inst9|inst3   ; out              ;
; |ram|4x32ram:inst|4x4ram:inst5|memory_cell:inst9|inst    ; |ram|4x32ram:inst|4x4ram:inst5|memory_cell:inst9|inst    ; regout           ;
; |ram|4x32ram:inst|4x4ram:inst5|memory_cell:inst9|inst4   ; |ram|4x32ram:inst|4x4ram:inst5|memory_cell:inst9|inst4   ; out0             ;
; |ram|4x32ram:inst|4x4ram:inst5|memory_cell:inst8|inst3   ; |ram|4x32ram:inst|4x4ram:inst5|memory_cell:inst8|inst3   ; out              ;
; |ram|4x32ram:inst|4x4ram:inst5|memory_cell:inst8|inst    ; |ram|4x32ram:inst|4x4ram:inst5|memory_cell:inst8|inst    ; regout           ;
; |ram|4x32ram:inst|4x4ram:inst5|memory_cell:inst8|inst4   ; |ram|4x32ram:inst|4x4ram:inst5|memory_cell:inst8|inst4   ; out0             ;
; |ram|4x32ram:inst|4x4ram:inst5|memory_cell:inst6|inst3   ; |ram|4x32ram:inst|4x4ram:inst5|memory_cell:inst6|inst3   ; out              ;
; |ram|4x32ram:inst|4x4ram:inst5|memory_cell:inst6|inst    ; |ram|4x32ram:inst|4x4ram:inst5|memory_cell:inst6|inst    ; regout           ;
; |ram|4x32ram:inst|4x4ram:inst5|memory_cell:inst6|inst4   ; |ram|4x32ram:inst|4x4ram:inst5|memory_cell:inst6|inst4   ; out0             ;
; |ram|4x32ram:inst|4x4ram:inst5|memory_cell:inst4|inst3   ; |ram|4x32ram:inst|4x4ram:inst5|memory_cell:inst4|inst3   ; out              ;
; |ram|4x32ram:inst|4x4ram:inst5|memory_cell:inst4|inst    ; |ram|4x32ram:inst|4x4ram:inst5|memory_cell:inst4|inst    ; regout           ;
; |ram|4x32ram:inst|4x4ram:inst5|memory_cell:inst4|inst4   ; |ram|4x32ram:inst|4x4ram:inst5|memory_cell:inst4|inst4   ; out0             ;
; |ram|4x32ram:inst|4x4ram:inst5|24decoder:inst|inst3      ; |ram|4x32ram:inst|4x4ram:inst5|24decoder:inst|inst3      ; out0             ;
; |ram|4x32ram:inst|4x4ram:inst5|memory_cell:inst2|inst3   ; |ram|4x32ram:inst|4x4ram:inst5|memory_cell:inst2|inst3   ; out              ;
; |ram|4x32ram:inst|4x4ram:inst5|memory_cell:inst2|inst    ; |ram|4x32ram:inst|4x4ram:inst5|memory_cell:inst2|inst    ; regout           ;
; |ram|4x32ram:inst|4x4ram:inst5|memory_cell:inst2|inst4   ; |ram|4x32ram:inst|4x4ram:inst5|memory_cell:inst2|inst4   ; out0             ;
; |ram|4x32ram:inst|4x4ram:inst4|inst20                    ; |ram|4x32ram:inst|4x4ram:inst4|inst20                    ; out              ;
; |ram|4x32ram:inst|4x4ram:inst4|IN~0                      ; |ram|4x32ram:inst|4x4ram:inst4|IN~0                      ; out0             ;
; |ram|4x32ram:inst|4x4ram:inst4|inst17                    ; |ram|4x32ram:inst|4x4ram:inst4|inst17                    ; out0             ;
; |ram|4x32ram:inst|4x4ram:inst4|inst18                    ; |ram|4x32ram:inst|4x4ram:inst4|inst18                    ; out0             ;
; |ram|4x32ram:inst|4x4ram:inst4|inst21                    ; |ram|4x32ram:inst|4x4ram:inst4|inst21                    ; out              ;
; |ram|4x32ram:inst|4x4ram:inst4|IN~1                      ; |ram|4x32ram:inst|4x4ram:inst4|IN~1                      ; out0             ;
; |ram|4x32ram:inst|4x4ram:inst4|inst22                    ; |ram|4x32ram:inst|4x4ram:inst4|inst22                    ; out              ;
; |ram|4x32ram:inst|4x4ram:inst4|IN~2                      ; |ram|4x32ram:inst|4x4ram:inst4|IN~2                      ; out0             ;
; |ram|4x32ram:inst|4x4ram:inst4|inst19                    ; |ram|4x32ram:inst|4x4ram:inst4|inst19                    ; out              ;
; |ram|4x32ram:inst|4x4ram:inst4|IN~3                      ; |ram|4x32ram:inst|4x4ram:inst4|IN~3                      ; out0             ;
; |ram|4x32ram:inst|4x4ram:inst4|memory_cell:inst3|inst3   ; |ram|4x32ram:inst|4x4ram:inst4|memory_cell:inst3|inst3   ; out              ;
; |ram|4x32ram:inst|4x4ram:inst4|memory_cell:inst3|inst    ; |ram|4x32ram:inst|4x4ram:inst4|memory_cell:inst3|inst    ; regout           ;
; |ram|4x32ram:inst|4x4ram:inst4|memory_cell:inst3|inst4   ; |ram|4x32ram:inst|4x4ram:inst4|memory_cell:inst3|inst4   ; out0             ;
; |ram|4x32ram:inst|4x4ram:inst4|memory_cell:inst5|inst3   ; |ram|4x32ram:inst|4x4ram:inst4|memory_cell:inst5|inst3   ; out              ;
; |ram|4x32ram:inst|4x4ram:inst4|memory_cell:inst5|inst    ; |ram|4x32ram:inst|4x4ram:inst4|memory_cell:inst5|inst    ; regout           ;
; |ram|4x32ram:inst|4x4ram:inst4|memory_cell:inst5|inst4   ; |ram|4x32ram:inst|4x4ram:inst4|memory_cell:inst5|inst4   ; out0             ;
; |ram|4x32ram:inst|4x4ram:inst4|memory_cell:inst7|inst3   ; |ram|4x32ram:inst|4x4ram:inst4|memory_cell:inst7|inst3   ; out              ;
; |ram|4x32ram:inst|4x4ram:inst4|memory_cell:inst7|inst    ; |ram|4x32ram:inst|4x4ram:inst4|memory_cell:inst7|inst    ; regout           ;
; |ram|4x32ram:inst|4x4ram:inst4|memory_cell:inst7|inst4   ; |ram|4x32ram:inst|4x4ram:inst4|memory_cell:inst7|inst4   ; out0             ;
; |ram|4x32ram:inst|4x4ram:inst4|memory_cell:inst1|inst3   ; |ram|4x32ram:inst|4x4ram:inst4|memory_cell:inst1|inst3   ; out              ;
; |ram|4x32ram:inst|4x4ram:inst4|memory_cell:inst1|inst    ; |ram|4x32ram:inst|4x4ram:inst4|memory_cell:inst1|inst    ; regout           ;
; |ram|4x32ram:inst|4x4ram:inst4|memory_cell:inst1|inst4   ; |ram|4x32ram:inst|4x4ram:inst4|memory_cell:inst1|inst4   ; out0             ;
; |ram|4x32ram:inst|4x4ram:inst4|memory_cell:inst16|inst3  ; |ram|4x32ram:inst|4x4ram:inst4|memory_cell:inst16|inst3  ; out              ;
; |ram|4x32ram:inst|4x4ram:inst4|memory_cell:inst16|inst   ; |ram|4x32ram:inst|4x4ram:inst4|memory_cell:inst16|inst   ; regout           ;
; |ram|4x32ram:inst|4x4ram:inst4|memory_cell:inst16|inst4  ; |ram|4x32ram:inst|4x4ram:inst4|memory_cell:inst16|inst4  ; out0             ;
; |ram|4x32ram:inst|4x4ram:inst4|memory_cell:inst14|inst3  ; |ram|4x32ram:inst|4x4ram:inst4|memory_cell:inst14|inst3  ; out              ;
; |ram|4x32ram:inst|4x4ram:inst4|memory_cell:inst14|inst   ; |ram|4x32ram:inst|4x4ram:inst4|memory_cell:inst14|inst   ; regout           ;
; |ram|4x32ram:inst|4x4ram:inst4|memory_cell:inst14|inst4  ; |ram|4x32ram:inst|4x4ram:inst4|memory_cell:inst14|inst4  ; out0             ;
; |ram|4x32ram:inst|4x4ram:inst4|memory_cell:inst12|inst3  ; |ram|4x32ram:inst|4x4ram:inst4|memory_cell:inst12|inst3  ; out              ;
; |ram|4x32ram:inst|4x4ram:inst4|memory_cell:inst12|inst   ; |ram|4x32ram:inst|4x4ram:inst4|memory_cell:inst12|inst   ; regout           ;
; |ram|4x32ram:inst|4x4ram:inst4|memory_cell:inst12|inst4  ; |ram|4x32ram:inst|4x4ram:inst4|memory_cell:inst12|inst4  ; out0             ;
; |ram|4x32ram:inst|4x4ram:inst4|memory_cell:inst10|inst3  ; |ram|4x32ram:inst|4x4ram:inst4|memory_cell:inst10|inst3  ; out              ;
; |ram|4x32ram:inst|4x4ram:inst4|memory_cell:inst10|inst   ; |ram|4x32ram:inst|4x4ram:inst4|memory_cell:inst10|inst   ; regout           ;
; |ram|4x32ram:inst|4x4ram:inst4|memory_cell:inst10|inst4  ; |ram|4x32ram:inst|4x4ram:inst4|memory_cell:inst10|inst4  ; out0             ;
; |ram|4x32ram:inst|4x4ram:inst4|memory_cell:inst15|inst3  ; |ram|4x32ram:inst|4x4ram:inst4|memory_cell:inst15|inst3  ; out              ;
; |ram|4x32ram:inst|4x4ram:inst4|memory_cell:inst15|inst   ; |ram|4x32ram:inst|4x4ram:inst4|memory_cell:inst15|inst   ; regout           ;
; |ram|4x32ram:inst|4x4ram:inst4|memory_cell:inst15|inst4  ; |ram|4x32ram:inst|4x4ram:inst4|memory_cell:inst15|inst4  ; out0             ;
; |ram|4x32ram:inst|4x4ram:inst4|memory_cell:inst13|inst3  ; |ram|4x32ram:inst|4x4ram:inst4|memory_cell:inst13|inst3  ; out              ;
; |ram|4x32ram:inst|4x4ram:inst4|memory_cell:inst13|inst   ; |ram|4x32ram:inst|4x4ram:inst4|memory_cell:inst13|inst   ; regout           ;
; |ram|4x32ram:inst|4x4ram:inst4|memory_cell:inst13|inst4  ; |ram|4x32ram:inst|4x4ram:inst4|memory_cell:inst13|inst4  ; out0             ;
; |ram|4x32ram:inst|4x4ram:inst4|memory_cell:inst11|inst3  ; |ram|4x32ram:inst|4x4ram:inst4|memory_cell:inst11|inst3  ; out              ;
; |ram|4x32ram:inst|4x4ram:inst4|memory_cell:inst11|inst   ; |ram|4x32ram:inst|4x4ram:inst4|memory_cell:inst11|inst   ; regout           ;
; |ram|4x32ram:inst|4x4ram:inst4|memory_cell:inst11|inst4  ; |ram|4x32ram:inst|4x4ram:inst4|memory_cell:inst11|inst4  ; out0             ;
; |ram|4x32ram:inst|4x4ram:inst4|memory_cell:inst9|inst3   ; |ram|4x32ram:inst|4x4ram:inst4|memory_cell:inst9|inst3   ; out              ;
; |ram|4x32ram:inst|4x4ram:inst4|memory_cell:inst9|inst    ; |ram|4x32ram:inst|4x4ram:inst4|memory_cell:inst9|inst    ; regout           ;
; |ram|4x32ram:inst|4x4ram:inst4|memory_cell:inst9|inst4   ; |ram|4x32ram:inst|4x4ram:inst4|memory_cell:inst9|inst4   ; out0             ;
; |ram|4x32ram:inst|4x4ram:inst4|memory_cell:inst8|inst3   ; |ram|4x32ram:inst|4x4ram:inst4|memory_cell:inst8|inst3   ; out              ;
; |ram|4x32ram:inst|4x4ram:inst4|memory_cell:inst8|inst    ; |ram|4x32ram:inst|4x4ram:inst4|memory_cell:inst8|inst    ; regout           ;
; |ram|4x32ram:inst|4x4ram:inst4|memory_cell:inst8|inst4   ; |ram|4x32ram:inst|4x4ram:inst4|memory_cell:inst8|inst4   ; out0             ;
; |ram|4x32ram:inst|4x4ram:inst4|memory_cell:inst6|inst3   ; |ram|4x32ram:inst|4x4ram:inst4|memory_cell:inst6|inst3   ; out              ;
; |ram|4x32ram:inst|4x4ram:inst4|memory_cell:inst6|inst    ; |ram|4x32ram:inst|4x4ram:inst4|memory_cell:inst6|inst    ; regout           ;
; |ram|4x32ram:inst|4x4ram:inst4|memory_cell:inst6|inst4   ; |ram|4x32ram:inst|4x4ram:inst4|memory_cell:inst6|inst4   ; out0             ;
; |ram|4x32ram:inst|4x4ram:inst4|memory_cell:inst4|inst3   ; |ram|4x32ram:inst|4x4ram:inst4|memory_cell:inst4|inst3   ; out              ;
; |ram|4x32ram:inst|4x4ram:inst4|memory_cell:inst4|inst    ; |ram|4x32ram:inst|4x4ram:inst4|memory_cell:inst4|inst    ; regout           ;
; |ram|4x32ram:inst|4x4ram:inst4|memory_cell:inst4|inst4   ; |ram|4x32ram:inst|4x4ram:inst4|memory_cell:inst4|inst4   ; out0             ;
; |ram|4x32ram:inst|4x4ram:inst4|24decoder:inst|inst3      ; |ram|4x32ram:inst|4x4ram:inst4|24decoder:inst|inst3      ; out0             ;
; |ram|4x32ram:inst|4x4ram:inst4|memory_cell:inst2|inst3   ; |ram|4x32ram:inst|4x4ram:inst4|memory_cell:inst2|inst3   ; out              ;
; |ram|4x32ram:inst|4x4ram:inst4|memory_cell:inst2|inst    ; |ram|4x32ram:inst|4x4ram:inst4|memory_cell:inst2|inst    ; regout           ;
; |ram|4x32ram:inst|4x4ram:inst4|memory_cell:inst2|inst4   ; |ram|4x32ram:inst|4x4ram:inst4|memory_cell:inst2|inst4   ; out0             ;
; |ram|4x32ram:inst|4x4ram:inst3|inst20                    ; |ram|4x32ram:inst|4x4ram:inst3|inst20                    ; out              ;
; |ram|4x32ram:inst|4x4ram:inst3|IN~0                      ; |ram|4x32ram:inst|4x4ram:inst3|IN~0                      ; out0             ;
; |ram|4x32ram:inst|4x4ram:inst3|inst17                    ; |ram|4x32ram:inst|4x4ram:inst3|inst17                    ; out0             ;
; |ram|4x32ram:inst|4x4ram:inst3|inst18                    ; |ram|4x32ram:inst|4x4ram:inst3|inst18                    ; out0             ;
; |ram|4x32ram:inst|4x4ram:inst3|inst21                    ; |ram|4x32ram:inst|4x4ram:inst3|inst21                    ; out              ;
; |ram|4x32ram:inst|4x4ram:inst3|IN~1                      ; |ram|4x32ram:inst|4x4ram:inst3|IN~1                      ; out0             ;
; |ram|4x32ram:inst|4x4ram:inst3|inst22                    ; |ram|4x32ram:inst|4x4ram:inst3|inst22                    ; out              ;
; |ram|4x32ram:inst|4x4ram:inst3|IN~2                      ; |ram|4x32ram:inst|4x4ram:inst3|IN~2                      ; out0             ;
; |ram|4x32ram:inst|4x4ram:inst3|inst19                    ; |ram|4x32ram:inst|4x4ram:inst3|inst19                    ; out              ;
; |ram|4x32ram:inst|4x4ram:inst3|IN~3                      ; |ram|4x32ram:inst|4x4ram:inst3|IN~3                      ; out0             ;
; |ram|4x32ram:inst|4x4ram:inst3|memory_cell:inst3|inst3   ; |ram|4x32ram:inst|4x4ram:inst3|memory_cell:inst3|inst3   ; out              ;
; |ram|4x32ram:inst|4x4ram:inst3|memory_cell:inst3|inst    ; |ram|4x32ram:inst|4x4ram:inst3|memory_cell:inst3|inst    ; regout           ;
; |ram|4x32ram:inst|4x4ram:inst3|memory_cell:inst3|inst4   ; |ram|4x32ram:inst|4x4ram:inst3|memory_cell:inst3|inst4   ; out0             ;
; |ram|4x32ram:inst|4x4ram:inst3|memory_cell:inst5|inst3   ; |ram|4x32ram:inst|4x4ram:inst3|memory_cell:inst5|inst3   ; out              ;
; |ram|4x32ram:inst|4x4ram:inst3|memory_cell:inst5|inst    ; |ram|4x32ram:inst|4x4ram:inst3|memory_cell:inst5|inst    ; regout           ;
; |ram|4x32ram:inst|4x4ram:inst3|memory_cell:inst5|inst4   ; |ram|4x32ram:inst|4x4ram:inst3|memory_cell:inst5|inst4   ; out0             ;
; |ram|4x32ram:inst|4x4ram:inst3|memory_cell:inst7|inst3   ; |ram|4x32ram:inst|4x4ram:inst3|memory_cell:inst7|inst3   ; out              ;
; |ram|4x32ram:inst|4x4ram:inst3|memory_cell:inst7|inst    ; |ram|4x32ram:inst|4x4ram:inst3|memory_cell:inst7|inst    ; regout           ;
; |ram|4x32ram:inst|4x4ram:inst3|memory_cell:inst7|inst4   ; |ram|4x32ram:inst|4x4ram:inst3|memory_cell:inst7|inst4   ; out0             ;
; |ram|4x32ram:inst|4x4ram:inst3|memory_cell:inst1|inst3   ; |ram|4x32ram:inst|4x4ram:inst3|memory_cell:inst1|inst3   ; out              ;
; |ram|4x32ram:inst|4x4ram:inst3|memory_cell:inst1|inst    ; |ram|4x32ram:inst|4x4ram:inst3|memory_cell:inst1|inst    ; regout           ;
; |ram|4x32ram:inst|4x4ram:inst3|memory_cell:inst1|inst4   ; |ram|4x32ram:inst|4x4ram:inst3|memory_cell:inst1|inst4   ; out0             ;
; |ram|4x32ram:inst|4x4ram:inst3|memory_cell:inst16|inst3  ; |ram|4x32ram:inst|4x4ram:inst3|memory_cell:inst16|inst3  ; out              ;
; |ram|4x32ram:inst|4x4ram:inst3|memory_cell:inst16|inst   ; |ram|4x32ram:inst|4x4ram:inst3|memory_cell:inst16|inst   ; regout           ;
; |ram|4x32ram:inst|4x4ram:inst3|memory_cell:inst16|inst4  ; |ram|4x32ram:inst|4x4ram:inst3|memory_cell:inst16|inst4  ; out0             ;
; |ram|4x32ram:inst|4x4ram:inst3|memory_cell:inst14|inst3  ; |ram|4x32ram:inst|4x4ram:inst3|memory_cell:inst14|inst3  ; out              ;
; |ram|4x32ram:inst|4x4ram:inst3|memory_cell:inst14|inst   ; |ram|4x32ram:inst|4x4ram:inst3|memory_cell:inst14|inst   ; regout           ;
; |ram|4x32ram:inst|4x4ram:inst3|memory_cell:inst14|inst4  ; |ram|4x32ram:inst|4x4ram:inst3|memory_cell:inst14|inst4  ; out0             ;
; |ram|4x32ram:inst|4x4ram:inst3|memory_cell:inst12|inst3  ; |ram|4x32ram:inst|4x4ram:inst3|memory_cell:inst12|inst3  ; out              ;
; |ram|4x32ram:inst|4x4ram:inst3|memory_cell:inst12|inst   ; |ram|4x32ram:inst|4x4ram:inst3|memory_cell:inst12|inst   ; regout           ;
; |ram|4x32ram:inst|4x4ram:inst3|memory_cell:inst12|inst4  ; |ram|4x32ram:inst|4x4ram:inst3|memory_cell:inst12|inst4  ; out0             ;
; |ram|4x32ram:inst|4x4ram:inst3|memory_cell:inst10|inst3  ; |ram|4x32ram:inst|4x4ram:inst3|memory_cell:inst10|inst3  ; out              ;
; |ram|4x32ram:inst|4x4ram:inst3|memory_cell:inst10|inst   ; |ram|4x32ram:inst|4x4ram:inst3|memory_cell:inst10|inst   ; regout           ;
; |ram|4x32ram:inst|4x4ram:inst3|memory_cell:inst10|inst4  ; |ram|4x32ram:inst|4x4ram:inst3|memory_cell:inst10|inst4  ; out0             ;
; |ram|4x32ram:inst|4x4ram:inst3|memory_cell:inst15|inst3  ; |ram|4x32ram:inst|4x4ram:inst3|memory_cell:inst15|inst3  ; out              ;
; |ram|4x32ram:inst|4x4ram:inst3|memory_cell:inst15|inst   ; |ram|4x32ram:inst|4x4ram:inst3|memory_cell:inst15|inst   ; regout           ;
; |ram|4x32ram:inst|4x4ram:inst3|memory_cell:inst15|inst4  ; |ram|4x32ram:inst|4x4ram:inst3|memory_cell:inst15|inst4  ; out0             ;
; |ram|4x32ram:inst|4x4ram:inst3|memory_cell:inst13|inst3  ; |ram|4x32ram:inst|4x4ram:inst3|memory_cell:inst13|inst3  ; out              ;
; |ram|4x32ram:inst|4x4ram:inst3|memory_cell:inst13|inst   ; |ram|4x32ram:inst|4x4ram:inst3|memory_cell:inst13|inst   ; regout           ;
; |ram|4x32ram:inst|4x4ram:inst3|memory_cell:inst13|inst4  ; |ram|4x32ram:inst|4x4ram:inst3|memory_cell:inst13|inst4  ; out0             ;
; |ram|4x32ram:inst|4x4ram:inst3|memory_cell:inst11|inst3  ; |ram|4x32ram:inst|4x4ram:inst3|memory_cell:inst11|inst3  ; out              ;
; |ram|4x32ram:inst|4x4ram:inst3|memory_cell:inst11|inst   ; |ram|4x32ram:inst|4x4ram:inst3|memory_cell:inst11|inst   ; regout           ;
; |ram|4x32ram:inst|4x4ram:inst3|memory_cell:inst11|inst4  ; |ram|4x32ram:inst|4x4ram:inst3|memory_cell:inst11|inst4  ; out0             ;
; |ram|4x32ram:inst|4x4ram:inst3|memory_cell:inst9|inst3   ; |ram|4x32ram:inst|4x4ram:inst3|memory_cell:inst9|inst3   ; out              ;
; |ram|4x32ram:inst|4x4ram:inst3|memory_cell:inst9|inst    ; |ram|4x32ram:inst|4x4ram:inst3|memory_cell:inst9|inst    ; regout           ;
; |ram|4x32ram:inst|4x4ram:inst3|memory_cell:inst9|inst4   ; |ram|4x32ram:inst|4x4ram:inst3|memory_cell:inst9|inst4   ; out0             ;
; |ram|4x32ram:inst|4x4ram:inst3|memory_cell:inst8|inst3   ; |ram|4x32ram:inst|4x4ram:inst3|memory_cell:inst8|inst3   ; out              ;
; |ram|4x32ram:inst|4x4ram:inst3|memory_cell:inst8|inst    ; |ram|4x32ram:inst|4x4ram:inst3|memory_cell:inst8|inst    ; regout           ;
; |ram|4x32ram:inst|4x4ram:inst3|memory_cell:inst8|inst4   ; |ram|4x32ram:inst|4x4ram:inst3|memory_cell:inst8|inst4   ; out0             ;
; |ram|4x32ram:inst|4x4ram:inst3|memory_cell:inst6|inst3   ; |ram|4x32ram:inst|4x4ram:inst3|memory_cell:inst6|inst3   ; out              ;
; |ram|4x32ram:inst|4x4ram:inst3|memory_cell:inst6|inst    ; |ram|4x32ram:inst|4x4ram:inst3|memory_cell:inst6|inst    ; regout           ;
; |ram|4x32ram:inst|4x4ram:inst3|memory_cell:inst6|inst4   ; |ram|4x32ram:inst|4x4ram:inst3|memory_cell:inst6|inst4   ; out0             ;
; |ram|4x32ram:inst|4x4ram:inst3|memory_cell:inst4|inst3   ; |ram|4x32ram:inst|4x4ram:inst3|memory_cell:inst4|inst3   ; out              ;
; |ram|4x32ram:inst|4x4ram:inst3|memory_cell:inst4|inst    ; |ram|4x32ram:inst|4x4ram:inst3|memory_cell:inst4|inst    ; regout           ;
; |ram|4x32ram:inst|4x4ram:inst3|memory_cell:inst4|inst4   ; |ram|4x32ram:inst|4x4ram:inst3|memory_cell:inst4|inst4   ; out0             ;
; |ram|4x32ram:inst|4x4ram:inst3|24decoder:inst|inst3      ; |ram|4x32ram:inst|4x4ram:inst3|24decoder:inst|inst3      ; out0             ;
; |ram|4x32ram:inst|4x4ram:inst3|memory_cell:inst2|inst3   ; |ram|4x32ram:inst|4x4ram:inst3|memory_cell:inst2|inst3   ; out              ;
; |ram|4x32ram:inst|4x4ram:inst3|memory_cell:inst2|inst    ; |ram|4x32ram:inst|4x4ram:inst3|memory_cell:inst2|inst    ; regout           ;
; |ram|4x32ram:inst|4x4ram:inst3|memory_cell:inst2|inst4   ; |ram|4x32ram:inst|4x4ram:inst3|memory_cell:inst2|inst4   ; out0             ;
; |ram|4x32ram:inst|4x4ram:inst1|inst20                    ; |ram|4x32ram:inst|4x4ram:inst1|inst20                    ; out              ;
; |ram|4x32ram:inst|4x4ram:inst1|IN~0                      ; |ram|4x32ram:inst|4x4ram:inst1|IN~0                      ; out0             ;
; |ram|4x32ram:inst|4x4ram:inst1|inst17                    ; |ram|4x32ram:inst|4x4ram:inst1|inst17                    ; out0             ;
; |ram|4x32ram:inst|4x4ram:inst1|inst18                    ; |ram|4x32ram:inst|4x4ram:inst1|inst18                    ; out0             ;
; |ram|4x32ram:inst|4x4ram:inst1|inst21                    ; |ram|4x32ram:inst|4x4ram:inst1|inst21                    ; out              ;
; |ram|4x32ram:inst|4x4ram:inst1|IN~1                      ; |ram|4x32ram:inst|4x4ram:inst1|IN~1                      ; out0             ;
; |ram|4x32ram:inst|4x4ram:inst1|inst22                    ; |ram|4x32ram:inst|4x4ram:inst1|inst22                    ; out              ;
; |ram|4x32ram:inst|4x4ram:inst1|IN~2                      ; |ram|4x32ram:inst|4x4ram:inst1|IN~2                      ; out0             ;
; |ram|4x32ram:inst|4x4ram:inst1|inst19                    ; |ram|4x32ram:inst|4x4ram:inst1|inst19                    ; out              ;
; |ram|4x32ram:inst|4x4ram:inst1|IN~3                      ; |ram|4x32ram:inst|4x4ram:inst1|IN~3                      ; out0             ;
; |ram|4x32ram:inst|4x4ram:inst1|memory_cell:inst3|inst3   ; |ram|4x32ram:inst|4x4ram:inst1|memory_cell:inst3|inst3   ; out              ;
; |ram|4x32ram:inst|4x4ram:inst1|memory_cell:inst3|inst    ; |ram|4x32ram:inst|4x4ram:inst1|memory_cell:inst3|inst    ; regout           ;
; |ram|4x32ram:inst|4x4ram:inst1|memory_cell:inst3|inst4   ; |ram|4x32ram:inst|4x4ram:inst1|memory_cell:inst3|inst4   ; out0             ;
; |ram|4x32ram:inst|4x4ram:inst1|memory_cell:inst5|inst3   ; |ram|4x32ram:inst|4x4ram:inst1|memory_cell:inst5|inst3   ; out              ;
; |ram|4x32ram:inst|4x4ram:inst1|memory_cell:inst5|inst    ; |ram|4x32ram:inst|4x4ram:inst1|memory_cell:inst5|inst    ; regout           ;
; |ram|4x32ram:inst|4x4ram:inst1|memory_cell:inst5|inst4   ; |ram|4x32ram:inst|4x4ram:inst1|memory_cell:inst5|inst4   ; out0             ;
; |ram|4x32ram:inst|4x4ram:inst1|memory_cell:inst7|inst3   ; |ram|4x32ram:inst|4x4ram:inst1|memory_cell:inst7|inst3   ; out              ;
; |ram|4x32ram:inst|4x4ram:inst1|memory_cell:inst7|inst    ; |ram|4x32ram:inst|4x4ram:inst1|memory_cell:inst7|inst    ; regout           ;
; |ram|4x32ram:inst|4x4ram:inst1|memory_cell:inst7|inst4   ; |ram|4x32ram:inst|4x4ram:inst1|memory_cell:inst7|inst4   ; out0             ;
; |ram|4x32ram:inst|4x4ram:inst1|memory_cell:inst1|inst3   ; |ram|4x32ram:inst|4x4ram:inst1|memory_cell:inst1|inst3   ; out              ;
; |ram|4x32ram:inst|4x4ram:inst1|memory_cell:inst1|inst    ; |ram|4x32ram:inst|4x4ram:inst1|memory_cell:inst1|inst    ; regout           ;
; |ram|4x32ram:inst|4x4ram:inst1|memory_cell:inst1|inst4   ; |ram|4x32ram:inst|4x4ram:inst1|memory_cell:inst1|inst4   ; out0             ;
; |ram|4x32ram:inst|4x4ram:inst1|memory_cell:inst16|inst3  ; |ram|4x32ram:inst|4x4ram:inst1|memory_cell:inst16|inst3  ; out              ;
; |ram|4x32ram:inst|4x4ram:inst1|memory_cell:inst16|inst   ; |ram|4x32ram:inst|4x4ram:inst1|memory_cell:inst16|inst   ; regout           ;
; |ram|4x32ram:inst|4x4ram:inst1|memory_cell:inst16|inst4  ; |ram|4x32ram:inst|4x4ram:inst1|memory_cell:inst16|inst4  ; out0             ;
; |ram|4x32ram:inst|4x4ram:inst1|memory_cell:inst14|inst3  ; |ram|4x32ram:inst|4x4ram:inst1|memory_cell:inst14|inst3  ; out              ;
; |ram|4x32ram:inst|4x4ram:inst1|memory_cell:inst14|inst   ; |ram|4x32ram:inst|4x4ram:inst1|memory_cell:inst14|inst   ; regout           ;
; |ram|4x32ram:inst|4x4ram:inst1|memory_cell:inst14|inst4  ; |ram|4x32ram:inst|4x4ram:inst1|memory_cell:inst14|inst4  ; out0             ;
; |ram|4x32ram:inst|4x4ram:inst1|memory_cell:inst12|inst3  ; |ram|4x32ram:inst|4x4ram:inst1|memory_cell:inst12|inst3  ; out              ;
; |ram|4x32ram:inst|4x4ram:inst1|memory_cell:inst12|inst   ; |ram|4x32ram:inst|4x4ram:inst1|memory_cell:inst12|inst   ; regout           ;
; |ram|4x32ram:inst|4x4ram:inst1|memory_cell:inst12|inst4  ; |ram|4x32ram:inst|4x4ram:inst1|memory_cell:inst12|inst4  ; out0             ;
; |ram|4x32ram:inst|4x4ram:inst1|memory_cell:inst10|inst3  ; |ram|4x32ram:inst|4x4ram:inst1|memory_cell:inst10|inst3  ; out              ;
; |ram|4x32ram:inst|4x4ram:inst1|memory_cell:inst10|inst   ; |ram|4x32ram:inst|4x4ram:inst1|memory_cell:inst10|inst   ; regout           ;
; |ram|4x32ram:inst|4x4ram:inst1|memory_cell:inst10|inst4  ; |ram|4x32ram:inst|4x4ram:inst1|memory_cell:inst10|inst4  ; out0             ;
; |ram|4x32ram:inst|4x4ram:inst1|memory_cell:inst15|inst3  ; |ram|4x32ram:inst|4x4ram:inst1|memory_cell:inst15|inst3  ; out              ;
; |ram|4x32ram:inst|4x4ram:inst1|memory_cell:inst15|inst   ; |ram|4x32ram:inst|4x4ram:inst1|memory_cell:inst15|inst   ; regout           ;
; |ram|4x32ram:inst|4x4ram:inst1|memory_cell:inst15|inst4  ; |ram|4x32ram:inst|4x4ram:inst1|memory_cell:inst15|inst4  ; out0             ;
; |ram|4x32ram:inst|4x4ram:inst1|memory_cell:inst13|inst3  ; |ram|4x32ram:inst|4x4ram:inst1|memory_cell:inst13|inst3  ; out              ;
; |ram|4x32ram:inst|4x4ram:inst1|memory_cell:inst13|inst   ; |ram|4x32ram:inst|4x4ram:inst1|memory_cell:inst13|inst   ; regout           ;
; |ram|4x32ram:inst|4x4ram:inst1|memory_cell:inst13|inst4  ; |ram|4x32ram:inst|4x4ram:inst1|memory_cell:inst13|inst4  ; out0             ;
; |ram|4x32ram:inst|4x4ram:inst1|memory_cell:inst11|inst3  ; |ram|4x32ram:inst|4x4ram:inst1|memory_cell:inst11|inst3  ; out              ;
; |ram|4x32ram:inst|4x4ram:inst1|memory_cell:inst11|inst   ; |ram|4x32ram:inst|4x4ram:inst1|memory_cell:inst11|inst   ; regout           ;
; |ram|4x32ram:inst|4x4ram:inst1|memory_cell:inst11|inst4  ; |ram|4x32ram:inst|4x4ram:inst1|memory_cell:inst11|inst4  ; out0             ;
; |ram|4x32ram:inst|4x4ram:inst1|memory_cell:inst9|inst3   ; |ram|4x32ram:inst|4x4ram:inst1|memory_cell:inst9|inst3   ; out              ;
; |ram|4x32ram:inst|4x4ram:inst1|memory_cell:inst9|inst    ; |ram|4x32ram:inst|4x4ram:inst1|memory_cell:inst9|inst    ; regout           ;
; |ram|4x32ram:inst|4x4ram:inst1|memory_cell:inst9|inst4   ; |ram|4x32ram:inst|4x4ram:inst1|memory_cell:inst9|inst4   ; out0             ;
; |ram|4x32ram:inst|4x4ram:inst1|memory_cell:inst8|inst3   ; |ram|4x32ram:inst|4x4ram:inst1|memory_cell:inst8|inst3   ; out              ;
; |ram|4x32ram:inst|4x4ram:inst1|memory_cell:inst8|inst    ; |ram|4x32ram:inst|4x4ram:inst1|memory_cell:inst8|inst    ; regout           ;
; |ram|4x32ram:inst|4x4ram:inst1|memory_cell:inst8|inst4   ; |ram|4x32ram:inst|4x4ram:inst1|memory_cell:inst8|inst4   ; out0             ;
; |ram|4x32ram:inst|4x4ram:inst1|memory_cell:inst6|inst3   ; |ram|4x32ram:inst|4x4ram:inst1|memory_cell:inst6|inst3   ; out              ;
; |ram|4x32ram:inst|4x4ram:inst1|memory_cell:inst6|inst    ; |ram|4x32ram:inst|4x4ram:inst1|memory_cell:inst6|inst    ; regout           ;
; |ram|4x32ram:inst|4x4ram:inst1|memory_cell:inst6|inst4   ; |ram|4x32ram:inst|4x4ram:inst1|memory_cell:inst6|inst4   ; out0             ;
; |ram|4x32ram:inst|4x4ram:inst1|memory_cell:inst4|inst3   ; |ram|4x32ram:inst|4x4ram:inst1|memory_cell:inst4|inst3   ; out              ;
; |ram|4x32ram:inst|4x4ram:inst1|memory_cell:inst4|inst    ; |ram|4x32ram:inst|4x4ram:inst1|memory_cell:inst4|inst    ; regout           ;
; |ram|4x32ram:inst|4x4ram:inst1|memory_cell:inst4|inst4   ; |ram|4x32ram:inst|4x4ram:inst1|memory_cell:inst4|inst4   ; out0             ;
; |ram|4x32ram:inst|4x4ram:inst1|24decoder:inst|inst3      ; |ram|4x32ram:inst|4x4ram:inst1|24decoder:inst|inst3      ; out0             ;
; |ram|4x32ram:inst|4x4ram:inst1|memory_cell:inst2|inst3   ; |ram|4x32ram:inst|4x4ram:inst1|memory_cell:inst2|inst3   ; out              ;
; |ram|4x32ram:inst|4x4ram:inst1|memory_cell:inst2|inst    ; |ram|4x32ram:inst|4x4ram:inst1|memory_cell:inst2|inst    ; regout           ;
; |ram|4x32ram:inst|4x4ram:inst1|memory_cell:inst2|inst4   ; |ram|4x32ram:inst|4x4ram:inst1|memory_cell:inst2|inst4   ; out0             ;
; |ram|4x32ram:inst|4x4ram:inst|inst20                     ; |ram|4x32ram:inst|4x4ram:inst|inst20                     ; out              ;
; |ram|4x32ram:inst|4x4ram:inst|IN~0                       ; |ram|4x32ram:inst|4x4ram:inst|IN~0                       ; out0             ;
; |ram|4x32ram:inst|4x4ram:inst|inst17                     ; |ram|4x32ram:inst|4x4ram:inst|inst17                     ; out0             ;
; |ram|4x32ram:inst|4x4ram:inst|inst18                     ; |ram|4x32ram:inst|4x4ram:inst|inst18                     ; out0             ;
; |ram|4x32ram:inst|4x4ram:inst|inst21                     ; |ram|4x32ram:inst|4x4ram:inst|inst21                     ; out              ;
; |ram|4x32ram:inst|4x4ram:inst|IN~1                       ; |ram|4x32ram:inst|4x4ram:inst|IN~1                       ; out0             ;
; |ram|4x32ram:inst|4x4ram:inst|inst22                     ; |ram|4x32ram:inst|4x4ram:inst|inst22                     ; out              ;
; |ram|4x32ram:inst|4x4ram:inst|IN~2                       ; |ram|4x32ram:inst|4x4ram:inst|IN~2                       ; out0             ;
; |ram|4x32ram:inst|4x4ram:inst|inst19                     ; |ram|4x32ram:inst|4x4ram:inst|inst19                     ; out              ;
; |ram|4x32ram:inst|4x4ram:inst|IN~3                       ; |ram|4x32ram:inst|4x4ram:inst|IN~3                       ; out0             ;
; |ram|4x32ram:inst|4x4ram:inst|memory_cell:inst3|inst3    ; |ram|4x32ram:inst|4x4ram:inst|memory_cell:inst3|inst3    ; out              ;
; |ram|4x32ram:inst|4x4ram:inst|memory_cell:inst3|inst     ; |ram|4x32ram:inst|4x4ram:inst|memory_cell:inst3|inst     ; regout           ;
; |ram|4x32ram:inst|4x4ram:inst|memory_cell:inst3|inst4    ; |ram|4x32ram:inst|4x4ram:inst|memory_cell:inst3|inst4    ; out0             ;
; |ram|4x32ram:inst|4x4ram:inst|memory_cell:inst5|inst3    ; |ram|4x32ram:inst|4x4ram:inst|memory_cell:inst5|inst3    ; out              ;
; |ram|4x32ram:inst|4x4ram:inst|memory_cell:inst5|inst     ; |ram|4x32ram:inst|4x4ram:inst|memory_cell:inst5|inst     ; regout           ;
; |ram|4x32ram:inst|4x4ram:inst|memory_cell:inst5|inst4    ; |ram|4x32ram:inst|4x4ram:inst|memory_cell:inst5|inst4    ; out0             ;
; |ram|4x32ram:inst|4x4ram:inst|memory_cell:inst7|inst3    ; |ram|4x32ram:inst|4x4ram:inst|memory_cell:inst7|inst3    ; out              ;
; |ram|4x32ram:inst|4x4ram:inst|memory_cell:inst7|inst     ; |ram|4x32ram:inst|4x4ram:inst|memory_cell:inst7|inst     ; regout           ;
; |ram|4x32ram:inst|4x4ram:inst|memory_cell:inst7|inst4    ; |ram|4x32ram:inst|4x4ram:inst|memory_cell:inst7|inst4    ; out0             ;
; |ram|4x32ram:inst|4x4ram:inst|memory_cell:inst1|inst3    ; |ram|4x32ram:inst|4x4ram:inst|memory_cell:inst1|inst3    ; out              ;
; |ram|4x32ram:inst|4x4ram:inst|memory_cell:inst1|inst     ; |ram|4x32ram:inst|4x4ram:inst|memory_cell:inst1|inst     ; regout           ;
; |ram|4x32ram:inst|4x4ram:inst|memory_cell:inst1|inst4    ; |ram|4x32ram:inst|4x4ram:inst|memory_cell:inst1|inst4    ; out0             ;
; |ram|4x32ram:inst|4x4ram:inst|memory_cell:inst16|inst3   ; |ram|4x32ram:inst|4x4ram:inst|memory_cell:inst16|inst3   ; out              ;
; |ram|4x32ram:inst|4x4ram:inst|memory_cell:inst16|inst    ; |ram|4x32ram:inst|4x4ram:inst|memory_cell:inst16|inst    ; regout           ;
; |ram|4x32ram:inst|4x4ram:inst|memory_cell:inst16|inst4   ; |ram|4x32ram:inst|4x4ram:inst|memory_cell:inst16|inst4   ; out0             ;
; |ram|4x32ram:inst|4x4ram:inst|memory_cell:inst14|inst3   ; |ram|4x32ram:inst|4x4ram:inst|memory_cell:inst14|inst3   ; out              ;
; |ram|4x32ram:inst|4x4ram:inst|memory_cell:inst14|inst    ; |ram|4x32ram:inst|4x4ram:inst|memory_cell:inst14|inst    ; regout           ;
; |ram|4x32ram:inst|4x4ram:inst|memory_cell:inst14|inst4   ; |ram|4x32ram:inst|4x4ram:inst|memory_cell:inst14|inst4   ; out0             ;
; |ram|4x32ram:inst|4x4ram:inst|memory_cell:inst12|inst3   ; |ram|4x32ram:inst|4x4ram:inst|memory_cell:inst12|inst3   ; out              ;
; |ram|4x32ram:inst|4x4ram:inst|memory_cell:inst12|inst    ; |ram|4x32ram:inst|4x4ram:inst|memory_cell:inst12|inst    ; regout           ;
; |ram|4x32ram:inst|4x4ram:inst|memory_cell:inst12|inst4   ; |ram|4x32ram:inst|4x4ram:inst|memory_cell:inst12|inst4   ; out0             ;
; |ram|4x32ram:inst|4x4ram:inst|memory_cell:inst10|inst3   ; |ram|4x32ram:inst|4x4ram:inst|memory_cell:inst10|inst3   ; out              ;
; |ram|4x32ram:inst|4x4ram:inst|memory_cell:inst10|inst    ; |ram|4x32ram:inst|4x4ram:inst|memory_cell:inst10|inst    ; regout           ;
; |ram|4x32ram:inst|4x4ram:inst|memory_cell:inst10|inst4   ; |ram|4x32ram:inst|4x4ram:inst|memory_cell:inst10|inst4   ; out0             ;
; |ram|4x32ram:inst|4x4ram:inst|memory_cell:inst15|inst3   ; |ram|4x32ram:inst|4x4ram:inst|memory_cell:inst15|inst3   ; out              ;
; |ram|4x32ram:inst|4x4ram:inst|memory_cell:inst15|inst    ; |ram|4x32ram:inst|4x4ram:inst|memory_cell:inst15|inst    ; regout           ;
; |ram|4x32ram:inst|4x4ram:inst|memory_cell:inst15|inst4   ; |ram|4x32ram:inst|4x4ram:inst|memory_cell:inst15|inst4   ; out0             ;
; |ram|4x32ram:inst|4x4ram:inst|memory_cell:inst13|inst3   ; |ram|4x32ram:inst|4x4ram:inst|memory_cell:inst13|inst3   ; out              ;
; |ram|4x32ram:inst|4x4ram:inst|memory_cell:inst13|inst    ; |ram|4x32ram:inst|4x4ram:inst|memory_cell:inst13|inst    ; regout           ;
; |ram|4x32ram:inst|4x4ram:inst|memory_cell:inst13|inst4   ; |ram|4x32ram:inst|4x4ram:inst|memory_cell:inst13|inst4   ; out0             ;
; |ram|4x32ram:inst|4x4ram:inst|memory_cell:inst11|inst3   ; |ram|4x32ram:inst|4x4ram:inst|memory_cell:inst11|inst3   ; out              ;
; |ram|4x32ram:inst|4x4ram:inst|memory_cell:inst11|inst    ; |ram|4x32ram:inst|4x4ram:inst|memory_cell:inst11|inst    ; regout           ;
; |ram|4x32ram:inst|4x4ram:inst|memory_cell:inst11|inst4   ; |ram|4x32ram:inst|4x4ram:inst|memory_cell:inst11|inst4   ; out0             ;
; |ram|4x32ram:inst|4x4ram:inst|memory_cell:inst9|inst3    ; |ram|4x32ram:inst|4x4ram:inst|memory_cell:inst9|inst3    ; out              ;
; |ram|4x32ram:inst|4x4ram:inst|memory_cell:inst9|inst     ; |ram|4x32ram:inst|4x4ram:inst|memory_cell:inst9|inst     ; regout           ;
; |ram|4x32ram:inst|4x4ram:inst|memory_cell:inst9|inst4    ; |ram|4x32ram:inst|4x4ram:inst|memory_cell:inst9|inst4    ; out0             ;
; |ram|4x32ram:inst|4x4ram:inst|memory_cell:inst8|inst3    ; |ram|4x32ram:inst|4x4ram:inst|memory_cell:inst8|inst3    ; out              ;
; |ram|4x32ram:inst|4x4ram:inst|memory_cell:inst8|inst     ; |ram|4x32ram:inst|4x4ram:inst|memory_cell:inst8|inst     ; regout           ;
; |ram|4x32ram:inst|4x4ram:inst|memory_cell:inst8|inst4    ; |ram|4x32ram:inst|4x4ram:inst|memory_cell:inst8|inst4    ; out0             ;
; |ram|4x32ram:inst|4x4ram:inst|memory_cell:inst6|inst3    ; |ram|4x32ram:inst|4x4ram:inst|memory_cell:inst6|inst3    ; out              ;
; |ram|4x32ram:inst|4x4ram:inst|memory_cell:inst6|inst     ; |ram|4x32ram:inst|4x4ram:inst|memory_cell:inst6|inst     ; regout           ;
; |ram|4x32ram:inst|4x4ram:inst|memory_cell:inst6|inst4    ; |ram|4x32ram:inst|4x4ram:inst|memory_cell:inst6|inst4    ; out0             ;
; |ram|4x32ram:inst|4x4ram:inst|memory_cell:inst4|inst3    ; |ram|4x32ram:inst|4x4ram:inst|memory_cell:inst4|inst3    ; out              ;
; |ram|4x32ram:inst|4x4ram:inst|memory_cell:inst4|inst     ; |ram|4x32ram:inst|4x4ram:inst|memory_cell:inst4|inst     ; regout           ;
; |ram|4x32ram:inst|4x4ram:inst|memory_cell:inst4|inst4    ; |ram|4x32ram:inst|4x4ram:inst|memory_cell:inst4|inst4    ; out0             ;
; |ram|4x32ram:inst|4x4ram:inst|24decoder:inst|inst3       ; |ram|4x32ram:inst|4x4ram:inst|24decoder:inst|inst3       ; out0             ;
; |ram|4x32ram:inst|4x4ram:inst|memory_cell:inst2|inst3    ; |ram|4x32ram:inst|4x4ram:inst|memory_cell:inst2|inst3    ; out              ;
; |ram|4x32ram:inst|4x4ram:inst|memory_cell:inst2|inst     ; |ram|4x32ram:inst|4x4ram:inst|memory_cell:inst2|inst     ; regout           ;
; |ram|4x32ram:inst|4x4ram:inst|memory_cell:inst2|inst4    ; |ram|4x32ram:inst|4x4ram:inst|memory_cell:inst2|inst4    ; out0             ;
+----------------------------------------------------------+----------------------------------------------------------+------------------+


The following table displays output ports that do not toggle to 0 during simulation.
+----------------------------------------------------------------------------------------------------------------------------------------+
; Missing 0-Value Coverage                                                                                                               ;
+----------------------------------------------------------+----------------------------------------------------------+------------------+
; Node Name                                                ; Output Port Name                                         ; Output Port Type ;
+----------------------------------------------------------+----------------------------------------------------------+------------------+
; |ram|A[4]                                                ; |ram|A[4]                                                ; out              ;
; |ram|A[3]                                                ; |ram|A[3]                                                ; out              ;
; |ram|4x32ram:inst7|4x4ram:inst8|inst20                   ; |ram|4x32ram:inst7|4x4ram:inst8|inst20                   ; out              ;
; |ram|4x32ram:inst7|4x4ram:inst8|inst21                   ; |ram|4x32ram:inst7|4x4ram:inst8|inst21                   ; out              ;
; |ram|4x32ram:inst7|4x4ram:inst8|inst22                   ; |ram|4x32ram:inst7|4x4ram:inst8|inst22                   ; out              ;
; |ram|4x32ram:inst7|4x4ram:inst8|inst19                   ; |ram|4x32ram:inst7|4x4ram:inst8|inst19                   ; out              ;
; |ram|4x32ram:inst7|4x4ram:inst8|memory_cell:inst3|inst3  ; |ram|4x32ram:inst7|4x4ram:inst8|memory_cell:inst3|inst3  ; out              ;
; |ram|4x32ram:inst7|4x4ram:inst8|memory_cell:inst3|inst   ; |ram|4x32ram:inst7|4x4ram:inst8|memory_cell:inst3|inst   ; regout           ;
; |ram|4x32ram:inst7|4x4ram:inst8|memory_cell:inst3|inst4  ; |ram|4x32ram:inst7|4x4ram:inst8|memory_cell:inst3|inst4  ; out0             ;
; |ram|4x32ram:inst7|4x4ram:inst8|memory_cell:inst5|inst   ; |ram|4x32ram:inst7|4x4ram:inst8|memory_cell:inst5|inst   ; regout           ;
; |ram|4x32ram:inst7|4x4ram:inst8|memory_cell:inst7|inst   ; |ram|4x32ram:inst7|4x4ram:inst8|memory_cell:inst7|inst   ; regout           ;
; |ram|4x32ram:inst7|4x4ram:inst8|memory_cell:inst7|inst4  ; |ram|4x32ram:inst7|4x4ram:inst8|memory_cell:inst7|inst4  ; out0             ;
; |ram|4x32ram:inst7|4x4ram:inst8|memory_cell:inst1|inst   ; |ram|4x32ram:inst7|4x4ram:inst8|memory_cell:inst1|inst   ; regout           ;
; |ram|4x32ram:inst7|4x4ram:inst8|memory_cell:inst1|inst4  ; |ram|4x32ram:inst7|4x4ram:inst8|memory_cell:inst1|inst4  ; out0             ;
; |ram|4x32ram:inst7|4x4ram:inst8|memory_cell:inst16|inst  ; |ram|4x32ram:inst7|4x4ram:inst8|memory_cell:inst16|inst  ; regout           ;
; |ram|4x32ram:inst7|4x4ram:inst8|memory_cell:inst16|inst4 ; |ram|4x32ram:inst7|4x4ram:inst8|memory_cell:inst16|inst4 ; out0             ;
; |ram|4x32ram:inst7|4x4ram:inst8|memory_cell:inst14|inst  ; |ram|4x32ram:inst7|4x4ram:inst8|memory_cell:inst14|inst  ; regout           ;
; |ram|4x32ram:inst7|4x4ram:inst8|memory_cell:inst12|inst3 ; |ram|4x32ram:inst7|4x4ram:inst8|memory_cell:inst12|inst3 ; out              ;
; |ram|4x32ram:inst7|4x4ram:inst8|memory_cell:inst12|inst  ; |ram|4x32ram:inst7|4x4ram:inst8|memory_cell:inst12|inst  ; regout           ;
; |ram|4x32ram:inst7|4x4ram:inst8|memory_cell:inst12|inst4 ; |ram|4x32ram:inst7|4x4ram:inst8|memory_cell:inst12|inst4 ; out0             ;
; |ram|4x32ram:inst7|4x4ram:inst8|memory_cell:inst10|inst  ; |ram|4x32ram:inst7|4x4ram:inst8|memory_cell:inst10|inst  ; regout           ;
; |ram|4x32ram:inst7|4x4ram:inst8|memory_cell:inst10|inst4 ; |ram|4x32ram:inst7|4x4ram:inst8|memory_cell:inst10|inst4 ; out0             ;
; |ram|4x32ram:inst7|4x4ram:inst8|memory_cell:inst15|inst  ; |ram|4x32ram:inst7|4x4ram:inst8|memory_cell:inst15|inst  ; regout           ;
; |ram|4x32ram:inst7|4x4ram:inst8|memory_cell:inst15|inst4 ; |ram|4x32ram:inst7|4x4ram:inst8|memory_cell:inst15|inst4 ; out0             ;
; |ram|4x32ram:inst7|4x4ram:inst8|memory_cell:inst13|inst  ; |ram|4x32ram:inst7|4x4ram:inst8|memory_cell:inst13|inst  ; regout           ;
; |ram|4x32ram:inst7|4x4ram:inst8|memory_cell:inst11|inst3 ; |ram|4x32ram:inst7|4x4ram:inst8|memory_cell:inst11|inst3 ; out              ;
; |ram|4x32ram:inst7|4x4ram:inst8|memory_cell:inst11|inst  ; |ram|4x32ram:inst7|4x4ram:inst8|memory_cell:inst11|inst  ; regout           ;
; |ram|4x32ram:inst7|4x4ram:inst8|memory_cell:inst11|inst4 ; |ram|4x32ram:inst7|4x4ram:inst8|memory_cell:inst11|inst4 ; out0             ;
; |ram|4x32ram:inst7|4x4ram:inst8|memory_cell:inst9|inst   ; |ram|4x32ram:inst7|4x4ram:inst8|memory_cell:inst9|inst   ; regout           ;
; |ram|4x32ram:inst7|4x4ram:inst8|memory_cell:inst9|inst4  ; |ram|4x32ram:inst7|4x4ram:inst8|memory_cell:inst9|inst4  ; out0             ;
; |ram|4x32ram:inst7|4x4ram:inst8|memory_cell:inst8|inst   ; |ram|4x32ram:inst7|4x4ram:inst8|memory_cell:inst8|inst   ; regout           ;
; |ram|4x32ram:inst7|4x4ram:inst8|memory_cell:inst8|inst4  ; |ram|4x32ram:inst7|4x4ram:inst8|memory_cell:inst8|inst4  ; out0             ;
; |ram|4x32ram:inst7|4x4ram:inst8|memory_cell:inst6|inst   ; |ram|4x32ram:inst7|4x4ram:inst8|memory_cell:inst6|inst   ; regout           ;
; |ram|4x32ram:inst7|4x4ram:inst8|memory_cell:inst4|inst3  ; |ram|4x32ram:inst7|4x4ram:inst8|memory_cell:inst4|inst3  ; out              ;
; |ram|4x32ram:inst7|4x4ram:inst8|memory_cell:inst4|inst   ; |ram|4x32ram:inst7|4x4ram:inst8|memory_cell:inst4|inst   ; regout           ;
; |ram|4x32ram:inst7|4x4ram:inst8|memory_cell:inst4|inst4  ; |ram|4x32ram:inst7|4x4ram:inst8|memory_cell:inst4|inst4  ; out0             ;
; |ram|4x32ram:inst7|4x4ram:inst8|24decoder:inst|inst3     ; |ram|4x32ram:inst7|4x4ram:inst8|24decoder:inst|inst3     ; out0             ;
; |ram|4x32ram:inst7|4x4ram:inst8|memory_cell:inst2|inst   ; |ram|4x32ram:inst7|4x4ram:inst8|memory_cell:inst2|inst   ; regout           ;
; |ram|4x32ram:inst7|4x4ram:inst8|memory_cell:inst2|inst4  ; |ram|4x32ram:inst7|4x4ram:inst8|memory_cell:inst2|inst4  ; out0             ;
; |ram|4x32ram:inst7|4x4ram:inst7|inst20                   ; |ram|4x32ram:inst7|4x4ram:inst7|inst20                   ; out              ;
; |ram|4x32ram:inst7|4x4ram:inst7|inst21                   ; |ram|4x32ram:inst7|4x4ram:inst7|inst21                   ; out              ;
; |ram|4x32ram:inst7|4x4ram:inst7|inst22                   ; |ram|4x32ram:inst7|4x4ram:inst7|inst22                   ; out              ;
; |ram|4x32ram:inst7|4x4ram:inst7|inst19                   ; |ram|4x32ram:inst7|4x4ram:inst7|inst19                   ; out              ;
; |ram|4x32ram:inst7|4x4ram:inst7|memory_cell:inst3|inst3  ; |ram|4x32ram:inst7|4x4ram:inst7|memory_cell:inst3|inst3  ; out              ;
; |ram|4x32ram:inst7|4x4ram:inst7|memory_cell:inst3|inst   ; |ram|4x32ram:inst7|4x4ram:inst7|memory_cell:inst3|inst   ; regout           ;
; |ram|4x32ram:inst7|4x4ram:inst7|memory_cell:inst3|inst4  ; |ram|4x32ram:inst7|4x4ram:inst7|memory_cell:inst3|inst4  ; out0             ;
; |ram|4x32ram:inst7|4x4ram:inst7|memory_cell:inst5|inst   ; |ram|4x32ram:inst7|4x4ram:inst7|memory_cell:inst5|inst   ; regout           ;
; |ram|4x32ram:inst7|4x4ram:inst7|memory_cell:inst7|inst   ; |ram|4x32ram:inst7|4x4ram:inst7|memory_cell:inst7|inst   ; regout           ;
; |ram|4x32ram:inst7|4x4ram:inst7|memory_cell:inst7|inst4  ; |ram|4x32ram:inst7|4x4ram:inst7|memory_cell:inst7|inst4  ; out0             ;
; |ram|4x32ram:inst7|4x4ram:inst7|memory_cell:inst1|inst   ; |ram|4x32ram:inst7|4x4ram:inst7|memory_cell:inst1|inst   ; regout           ;
; |ram|4x32ram:inst7|4x4ram:inst7|memory_cell:inst1|inst4  ; |ram|4x32ram:inst7|4x4ram:inst7|memory_cell:inst1|inst4  ; out0             ;
; |ram|4x32ram:inst7|4x4ram:inst7|memory_cell:inst16|inst  ; |ram|4x32ram:inst7|4x4ram:inst7|memory_cell:inst16|inst  ; regout           ;
; |ram|4x32ram:inst7|4x4ram:inst7|memory_cell:inst16|inst4 ; |ram|4x32ram:inst7|4x4ram:inst7|memory_cell:inst16|inst4 ; out0             ;
; |ram|4x32ram:inst7|4x4ram:inst7|memory_cell:inst14|inst  ; |ram|4x32ram:inst7|4x4ram:inst7|memory_cell:inst14|inst  ; regout           ;
; |ram|4x32ram:inst7|4x4ram:inst7|memory_cell:inst12|inst3 ; |ram|4x32ram:inst7|4x4ram:inst7|memory_cell:inst12|inst3 ; out              ;
; |ram|4x32ram:inst7|4x4ram:inst7|memory_cell:inst12|inst  ; |ram|4x32ram:inst7|4x4ram:inst7|memory_cell:inst12|inst  ; regout           ;
; |ram|4x32ram:inst7|4x4ram:inst7|memory_cell:inst12|inst4 ; |ram|4x32ram:inst7|4x4ram:inst7|memory_cell:inst12|inst4 ; out0             ;
; |ram|4x32ram:inst7|4x4ram:inst7|memory_cell:inst10|inst  ; |ram|4x32ram:inst7|4x4ram:inst7|memory_cell:inst10|inst  ; regout           ;
; |ram|4x32ram:inst7|4x4ram:inst7|memory_cell:inst10|inst4 ; |ram|4x32ram:inst7|4x4ram:inst7|memory_cell:inst10|inst4 ; out0             ;
; |ram|4x32ram:inst7|4x4ram:inst7|memory_cell:inst15|inst  ; |ram|4x32ram:inst7|4x4ram:inst7|memory_cell:inst15|inst  ; regout           ;
; |ram|4x32ram:inst7|4x4ram:inst7|memory_cell:inst15|inst4 ; |ram|4x32ram:inst7|4x4ram:inst7|memory_cell:inst15|inst4 ; out0             ;
; |ram|4x32ram:inst7|4x4ram:inst7|memory_cell:inst13|inst  ; |ram|4x32ram:inst7|4x4ram:inst7|memory_cell:inst13|inst  ; regout           ;
; |ram|4x32ram:inst7|4x4ram:inst7|memory_cell:inst11|inst3 ; |ram|4x32ram:inst7|4x4ram:inst7|memory_cell:inst11|inst3 ; out              ;
; |ram|4x32ram:inst7|4x4ram:inst7|memory_cell:inst11|inst  ; |ram|4x32ram:inst7|4x4ram:inst7|memory_cell:inst11|inst  ; regout           ;
; |ram|4x32ram:inst7|4x4ram:inst7|memory_cell:inst11|inst4 ; |ram|4x32ram:inst7|4x4ram:inst7|memory_cell:inst11|inst4 ; out0             ;
; |ram|4x32ram:inst7|4x4ram:inst7|memory_cell:inst9|inst   ; |ram|4x32ram:inst7|4x4ram:inst7|memory_cell:inst9|inst   ; regout           ;
; |ram|4x32ram:inst7|4x4ram:inst7|memory_cell:inst9|inst4  ; |ram|4x32ram:inst7|4x4ram:inst7|memory_cell:inst9|inst4  ; out0             ;
; |ram|4x32ram:inst7|4x4ram:inst7|memory_cell:inst8|inst   ; |ram|4x32ram:inst7|4x4ram:inst7|memory_cell:inst8|inst   ; regout           ;
; |ram|4x32ram:inst7|4x4ram:inst7|memory_cell:inst8|inst4  ; |ram|4x32ram:inst7|4x4ram:inst7|memory_cell:inst8|inst4  ; out0             ;
; |ram|4x32ram:inst7|4x4ram:inst7|memory_cell:inst6|inst   ; |ram|4x32ram:inst7|4x4ram:inst7|memory_cell:inst6|inst   ; regout           ;
; |ram|4x32ram:inst7|4x4ram:inst7|memory_cell:inst4|inst3  ; |ram|4x32ram:inst7|4x4ram:inst7|memory_cell:inst4|inst3  ; out              ;
; |ram|4x32ram:inst7|4x4ram:inst7|memory_cell:inst4|inst   ; |ram|4x32ram:inst7|4x4ram:inst7|memory_cell:inst4|inst   ; regout           ;
; |ram|4x32ram:inst7|4x4ram:inst7|memory_cell:inst4|inst4  ; |ram|4x32ram:inst7|4x4ram:inst7|memory_cell:inst4|inst4  ; out0             ;
; |ram|4x32ram:inst7|4x4ram:inst7|24decoder:inst|inst3     ; |ram|4x32ram:inst7|4x4ram:inst7|24decoder:inst|inst3     ; out0             ;
; |ram|4x32ram:inst7|4x4ram:inst7|memory_cell:inst2|inst   ; |ram|4x32ram:inst7|4x4ram:inst7|memory_cell:inst2|inst   ; regout           ;
; |ram|4x32ram:inst7|4x4ram:inst7|memory_cell:inst2|inst4  ; |ram|4x32ram:inst7|4x4ram:inst7|memory_cell:inst2|inst4  ; out0             ;
; |ram|4x32ram:inst7|4x4ram:inst6|inst20                   ; |ram|4x32ram:inst7|4x4ram:inst6|inst20                   ; out              ;
; |ram|4x32ram:inst7|4x4ram:inst6|inst21                   ; |ram|4x32ram:inst7|4x4ram:inst6|inst21                   ; out              ;
; |ram|4x32ram:inst7|4x4ram:inst6|inst22                   ; |ram|4x32ram:inst7|4x4ram:inst6|inst22                   ; out              ;
; |ram|4x32ram:inst7|4x4ram:inst6|inst19                   ; |ram|4x32ram:inst7|4x4ram:inst6|inst19                   ; out              ;
; |ram|4x32ram:inst7|4x4ram:inst6|memory_cell:inst3|inst3  ; |ram|4x32ram:inst7|4x4ram:inst6|memory_cell:inst3|inst3  ; out              ;
; |ram|4x32ram:inst7|4x4ram:inst6|memory_cell:inst3|inst   ; |ram|4x32ram:inst7|4x4ram:inst6|memory_cell:inst3|inst   ; regout           ;
; |ram|4x32ram:inst7|4x4ram:inst6|memory_cell:inst3|inst4  ; |ram|4x32ram:inst7|4x4ram:inst6|memory_cell:inst3|inst4  ; out0             ;
; |ram|4x32ram:inst7|4x4ram:inst6|memory_cell:inst5|inst   ; |ram|4x32ram:inst7|4x4ram:inst6|memory_cell:inst5|inst   ; regout           ;
; |ram|4x32ram:inst7|4x4ram:inst6|memory_cell:inst7|inst   ; |ram|4x32ram:inst7|4x4ram:inst6|memory_cell:inst7|inst   ; regout           ;
; |ram|4x32ram:inst7|4x4ram:inst6|memory_cell:inst7|inst4  ; |ram|4x32ram:inst7|4x4ram:inst6|memory_cell:inst7|inst4  ; out0             ;
; |ram|4x32ram:inst7|4x4ram:inst6|memory_cell:inst1|inst   ; |ram|4x32ram:inst7|4x4ram:inst6|memory_cell:inst1|inst   ; regout           ;
; |ram|4x32ram:inst7|4x4ram:inst6|memory_cell:inst1|inst4  ; |ram|4x32ram:inst7|4x4ram:inst6|memory_cell:inst1|inst4  ; out0             ;
; |ram|4x32ram:inst7|4x4ram:inst6|memory_cell:inst16|inst  ; |ram|4x32ram:inst7|4x4ram:inst6|memory_cell:inst16|inst  ; regout           ;
; |ram|4x32ram:inst7|4x4ram:inst6|memory_cell:inst16|inst4 ; |ram|4x32ram:inst7|4x4ram:inst6|memory_cell:inst16|inst4 ; out0             ;
; |ram|4x32ram:inst7|4x4ram:inst6|memory_cell:inst14|inst  ; |ram|4x32ram:inst7|4x4ram:inst6|memory_cell:inst14|inst  ; regout           ;
; |ram|4x32ram:inst7|4x4ram:inst6|memory_cell:inst12|inst3 ; |ram|4x32ram:inst7|4x4ram:inst6|memory_cell:inst12|inst3 ; out              ;
; |ram|4x32ram:inst7|4x4ram:inst6|memory_cell:inst12|inst  ; |ram|4x32ram:inst7|4x4ram:inst6|memory_cell:inst12|inst  ; regout           ;
; |ram|4x32ram:inst7|4x4ram:inst6|memory_cell:inst12|inst4 ; |ram|4x32ram:inst7|4x4ram:inst6|memory_cell:inst12|inst4 ; out0             ;
; |ram|4x32ram:inst7|4x4ram:inst6|memory_cell:inst10|inst  ; |ram|4x32ram:inst7|4x4ram:inst6|memory_cell:inst10|inst  ; regout           ;
; |ram|4x32ram:inst7|4x4ram:inst6|memory_cell:inst10|inst4 ; |ram|4x32ram:inst7|4x4ram:inst6|memory_cell:inst10|inst4 ; out0             ;
; |ram|4x32ram:inst7|4x4ram:inst6|memory_cell:inst15|inst  ; |ram|4x32ram:inst7|4x4ram:inst6|memory_cell:inst15|inst  ; regout           ;
; |ram|4x32ram:inst7|4x4ram:inst6|memory_cell:inst15|inst4 ; |ram|4x32ram:inst7|4x4ram:inst6|memory_cell:inst15|inst4 ; out0             ;
; |ram|4x32ram:inst7|4x4ram:inst6|memory_cell:inst13|inst  ; |ram|4x32ram:inst7|4x4ram:inst6|memory_cell:inst13|inst  ; regout           ;
; |ram|4x32ram:inst7|4x4ram:inst6|memory_cell:inst11|inst3 ; |ram|4x32ram:inst7|4x4ram:inst6|memory_cell:inst11|inst3 ; out              ;
; |ram|4x32ram:inst7|4x4ram:inst6|memory_cell:inst11|inst  ; |ram|4x32ram:inst7|4x4ram:inst6|memory_cell:inst11|inst  ; regout           ;
; |ram|4x32ram:inst7|4x4ram:inst6|memory_cell:inst11|inst4 ; |ram|4x32ram:inst7|4x4ram:inst6|memory_cell:inst11|inst4 ; out0             ;
; |ram|4x32ram:inst7|4x4ram:inst6|memory_cell:inst9|inst   ; |ram|4x32ram:inst7|4x4ram:inst6|memory_cell:inst9|inst   ; regout           ;
; |ram|4x32ram:inst7|4x4ram:inst6|memory_cell:inst9|inst4  ; |ram|4x32ram:inst7|4x4ram:inst6|memory_cell:inst9|inst4  ; out0             ;
; |ram|4x32ram:inst7|4x4ram:inst6|memory_cell:inst8|inst   ; |ram|4x32ram:inst7|4x4ram:inst6|memory_cell:inst8|inst   ; regout           ;
; |ram|4x32ram:inst7|4x4ram:inst6|memory_cell:inst8|inst4  ; |ram|4x32ram:inst7|4x4ram:inst6|memory_cell:inst8|inst4  ; out0             ;
; |ram|4x32ram:inst7|4x4ram:inst6|memory_cell:inst6|inst   ; |ram|4x32ram:inst7|4x4ram:inst6|memory_cell:inst6|inst   ; regout           ;
; |ram|4x32ram:inst7|4x4ram:inst6|memory_cell:inst4|inst3  ; |ram|4x32ram:inst7|4x4ram:inst6|memory_cell:inst4|inst3  ; out              ;
; |ram|4x32ram:inst7|4x4ram:inst6|memory_cell:inst4|inst   ; |ram|4x32ram:inst7|4x4ram:inst6|memory_cell:inst4|inst   ; regout           ;
; |ram|4x32ram:inst7|4x4ram:inst6|memory_cell:inst4|inst4  ; |ram|4x32ram:inst7|4x4ram:inst6|memory_cell:inst4|inst4  ; out0             ;
; |ram|4x32ram:inst7|4x4ram:inst6|24decoder:inst|inst3     ; |ram|4x32ram:inst7|4x4ram:inst6|24decoder:inst|inst3     ; out0             ;
; |ram|4x32ram:inst7|4x4ram:inst6|memory_cell:inst2|inst   ; |ram|4x32ram:inst7|4x4ram:inst6|memory_cell:inst2|inst   ; regout           ;
; |ram|4x32ram:inst7|4x4ram:inst6|memory_cell:inst2|inst4  ; |ram|4x32ram:inst7|4x4ram:inst6|memory_cell:inst2|inst4  ; out0             ;
; |ram|4x32ram:inst7|4x4ram:inst5|inst20                   ; |ram|4x32ram:inst7|4x4ram:inst5|inst20                   ; out              ;
; |ram|4x32ram:inst7|4x4ram:inst5|inst21                   ; |ram|4x32ram:inst7|4x4ram:inst5|inst21                   ; out              ;
; |ram|4x32ram:inst7|4x4ram:inst5|inst22                   ; |ram|4x32ram:inst7|4x4ram:inst5|inst22                   ; out              ;
; |ram|4x32ram:inst7|4x4ram:inst5|inst19                   ; |ram|4x32ram:inst7|4x4ram:inst5|inst19                   ; out              ;
; |ram|4x32ram:inst7|4x4ram:inst5|memory_cell:inst3|inst3  ; |ram|4x32ram:inst7|4x4ram:inst5|memory_cell:inst3|inst3  ; out              ;
; |ram|4x32ram:inst7|4x4ram:inst5|memory_cell:inst3|inst   ; |ram|4x32ram:inst7|4x4ram:inst5|memory_cell:inst3|inst   ; regout           ;
; |ram|4x32ram:inst7|4x4ram:inst5|memory_cell:inst3|inst4  ; |ram|4x32ram:inst7|4x4ram:inst5|memory_cell:inst3|inst4  ; out0             ;
; |ram|4x32ram:inst7|4x4ram:inst5|memory_cell:inst5|inst   ; |ram|4x32ram:inst7|4x4ram:inst5|memory_cell:inst5|inst   ; regout           ;
; |ram|4x32ram:inst7|4x4ram:inst5|memory_cell:inst7|inst   ; |ram|4x32ram:inst7|4x4ram:inst5|memory_cell:inst7|inst   ; regout           ;
; |ram|4x32ram:inst7|4x4ram:inst5|memory_cell:inst7|inst4  ; |ram|4x32ram:inst7|4x4ram:inst5|memory_cell:inst7|inst4  ; out0             ;
; |ram|4x32ram:inst7|4x4ram:inst5|memory_cell:inst1|inst   ; |ram|4x32ram:inst7|4x4ram:inst5|memory_cell:inst1|inst   ; regout           ;
; |ram|4x32ram:inst7|4x4ram:inst5|memory_cell:inst1|inst4  ; |ram|4x32ram:inst7|4x4ram:inst5|memory_cell:inst1|inst4  ; out0             ;
; |ram|4x32ram:inst7|4x4ram:inst5|memory_cell:inst16|inst  ; |ram|4x32ram:inst7|4x4ram:inst5|memory_cell:inst16|inst  ; regout           ;
; |ram|4x32ram:inst7|4x4ram:inst5|memory_cell:inst16|inst4 ; |ram|4x32ram:inst7|4x4ram:inst5|memory_cell:inst16|inst4 ; out0             ;
; |ram|4x32ram:inst7|4x4ram:inst5|memory_cell:inst14|inst  ; |ram|4x32ram:inst7|4x4ram:inst5|memory_cell:inst14|inst  ; regout           ;
; |ram|4x32ram:inst7|4x4ram:inst5|memory_cell:inst12|inst3 ; |ram|4x32ram:inst7|4x4ram:inst5|memory_cell:inst12|inst3 ; out              ;
; |ram|4x32ram:inst7|4x4ram:inst5|memory_cell:inst12|inst  ; |ram|4x32ram:inst7|4x4ram:inst5|memory_cell:inst12|inst  ; regout           ;
; |ram|4x32ram:inst7|4x4ram:inst5|memory_cell:inst12|inst4 ; |ram|4x32ram:inst7|4x4ram:inst5|memory_cell:inst12|inst4 ; out0             ;
; |ram|4x32ram:inst7|4x4ram:inst5|memory_cell:inst10|inst  ; |ram|4x32ram:inst7|4x4ram:inst5|memory_cell:inst10|inst  ; regout           ;
; |ram|4x32ram:inst7|4x4ram:inst5|memory_cell:inst10|inst4 ; |ram|4x32ram:inst7|4x4ram:inst5|memory_cell:inst10|inst4 ; out0             ;
; |ram|4x32ram:inst7|4x4ram:inst5|memory_cell:inst15|inst  ; |ram|4x32ram:inst7|4x4ram:inst5|memory_cell:inst15|inst  ; regout           ;
; |ram|4x32ram:inst7|4x4ram:inst5|memory_cell:inst15|inst4 ; |ram|4x32ram:inst7|4x4ram:inst5|memory_cell:inst15|inst4 ; out0             ;
; |ram|4x32ram:inst7|4x4ram:inst5|memory_cell:inst13|inst  ; |ram|4x32ram:inst7|4x4ram:inst5|memory_cell:inst13|inst  ; regout           ;
; |ram|4x32ram:inst7|4x4ram:inst5|memory_cell:inst11|inst3 ; |ram|4x32ram:inst7|4x4ram:inst5|memory_cell:inst11|inst3 ; out              ;
; |ram|4x32ram:inst7|4x4ram:inst5|memory_cell:inst11|inst  ; |ram|4x32ram:inst7|4x4ram:inst5|memory_cell:inst11|inst  ; regout           ;
; |ram|4x32ram:inst7|4x4ram:inst5|memory_cell:inst11|inst4 ; |ram|4x32ram:inst7|4x4ram:inst5|memory_cell:inst11|inst4 ; out0             ;
; |ram|4x32ram:inst7|4x4ram:inst5|memory_cell:inst9|inst   ; |ram|4x32ram:inst7|4x4ram:inst5|memory_cell:inst9|inst   ; regout           ;
; |ram|4x32ram:inst7|4x4ram:inst5|memory_cell:inst9|inst4  ; |ram|4x32ram:inst7|4x4ram:inst5|memory_cell:inst9|inst4  ; out0             ;
; |ram|4x32ram:inst7|4x4ram:inst5|memory_cell:inst8|inst   ; |ram|4x32ram:inst7|4x4ram:inst5|memory_cell:inst8|inst   ; regout           ;
; |ram|4x32ram:inst7|4x4ram:inst5|memory_cell:inst8|inst4  ; |ram|4x32ram:inst7|4x4ram:inst5|memory_cell:inst8|inst4  ; out0             ;
; |ram|4x32ram:inst7|4x4ram:inst5|memory_cell:inst6|inst   ; |ram|4x32ram:inst7|4x4ram:inst5|memory_cell:inst6|inst   ; regout           ;
; |ram|4x32ram:inst7|4x4ram:inst5|memory_cell:inst4|inst3  ; |ram|4x32ram:inst7|4x4ram:inst5|memory_cell:inst4|inst3  ; out              ;
; |ram|4x32ram:inst7|4x4ram:inst5|memory_cell:inst4|inst   ; |ram|4x32ram:inst7|4x4ram:inst5|memory_cell:inst4|inst   ; regout           ;
; |ram|4x32ram:inst7|4x4ram:inst5|memory_cell:inst4|inst4  ; |ram|4x32ram:inst7|4x4ram:inst5|memory_cell:inst4|inst4  ; out0             ;
; |ram|4x32ram:inst7|4x4ram:inst5|24decoder:inst|inst3     ; |ram|4x32ram:inst7|4x4ram:inst5|24decoder:inst|inst3     ; out0             ;
; |ram|4x32ram:inst7|4x4ram:inst5|memory_cell:inst2|inst   ; |ram|4x32ram:inst7|4x4ram:inst5|memory_cell:inst2|inst   ; regout           ;
; |ram|4x32ram:inst7|4x4ram:inst5|memory_cell:inst2|inst4  ; |ram|4x32ram:inst7|4x4ram:inst5|memory_cell:inst2|inst4  ; out0             ;
; |ram|4x32ram:inst7|4x4ram:inst4|inst20                   ; |ram|4x32ram:inst7|4x4ram:inst4|inst20                   ; out              ;
; |ram|4x32ram:inst7|4x4ram:inst4|inst21                   ; |ram|4x32ram:inst7|4x4ram:inst4|inst21                   ; out              ;
; |ram|4x32ram:inst7|4x4ram:inst4|inst22                   ; |ram|4x32ram:inst7|4x4ram:inst4|inst22                   ; out              ;
; |ram|4x32ram:inst7|4x4ram:inst4|inst19                   ; |ram|4x32ram:inst7|4x4ram:inst4|inst19                   ; out              ;
; |ram|4x32ram:inst7|4x4ram:inst4|memory_cell:inst3|inst3  ; |ram|4x32ram:inst7|4x4ram:inst4|memory_cell:inst3|inst3  ; out              ;
; |ram|4x32ram:inst7|4x4ram:inst4|memory_cell:inst3|inst   ; |ram|4x32ram:inst7|4x4ram:inst4|memory_cell:inst3|inst   ; regout           ;
; |ram|4x32ram:inst7|4x4ram:inst4|memory_cell:inst3|inst4  ; |ram|4x32ram:inst7|4x4ram:inst4|memory_cell:inst3|inst4  ; out0             ;
; |ram|4x32ram:inst7|4x4ram:inst4|memory_cell:inst5|inst   ; |ram|4x32ram:inst7|4x4ram:inst4|memory_cell:inst5|inst   ; regout           ;
; |ram|4x32ram:inst7|4x4ram:inst4|memory_cell:inst7|inst   ; |ram|4x32ram:inst7|4x4ram:inst4|memory_cell:inst7|inst   ; regout           ;
; |ram|4x32ram:inst7|4x4ram:inst4|memory_cell:inst7|inst4  ; |ram|4x32ram:inst7|4x4ram:inst4|memory_cell:inst7|inst4  ; out0             ;
; |ram|4x32ram:inst7|4x4ram:inst4|memory_cell:inst1|inst   ; |ram|4x32ram:inst7|4x4ram:inst4|memory_cell:inst1|inst   ; regout           ;
; |ram|4x32ram:inst7|4x4ram:inst4|memory_cell:inst1|inst4  ; |ram|4x32ram:inst7|4x4ram:inst4|memory_cell:inst1|inst4  ; out0             ;
; |ram|4x32ram:inst7|4x4ram:inst4|memory_cell:inst16|inst  ; |ram|4x32ram:inst7|4x4ram:inst4|memory_cell:inst16|inst  ; regout           ;
; |ram|4x32ram:inst7|4x4ram:inst4|memory_cell:inst16|inst4 ; |ram|4x32ram:inst7|4x4ram:inst4|memory_cell:inst16|inst4 ; out0             ;
; |ram|4x32ram:inst7|4x4ram:inst4|memory_cell:inst14|inst  ; |ram|4x32ram:inst7|4x4ram:inst4|memory_cell:inst14|inst  ; regout           ;
; |ram|4x32ram:inst7|4x4ram:inst4|memory_cell:inst12|inst3 ; |ram|4x32ram:inst7|4x4ram:inst4|memory_cell:inst12|inst3 ; out              ;
; |ram|4x32ram:inst7|4x4ram:inst4|memory_cell:inst12|inst  ; |ram|4x32ram:inst7|4x4ram:inst4|memory_cell:inst12|inst  ; regout           ;
; |ram|4x32ram:inst7|4x4ram:inst4|memory_cell:inst12|inst4 ; |ram|4x32ram:inst7|4x4ram:inst4|memory_cell:inst12|inst4 ; out0             ;
; |ram|4x32ram:inst7|4x4ram:inst4|memory_cell:inst10|inst  ; |ram|4x32ram:inst7|4x4ram:inst4|memory_cell:inst10|inst  ; regout           ;
; |ram|4x32ram:inst7|4x4ram:inst4|memory_cell:inst10|inst4 ; |ram|4x32ram:inst7|4x4ram:inst4|memory_cell:inst10|inst4 ; out0             ;
; |ram|4x32ram:inst7|4x4ram:inst4|memory_cell:inst15|inst  ; |ram|4x32ram:inst7|4x4ram:inst4|memory_cell:inst15|inst  ; regout           ;
; |ram|4x32ram:inst7|4x4ram:inst4|memory_cell:inst15|inst4 ; |ram|4x32ram:inst7|4x4ram:inst4|memory_cell:inst15|inst4 ; out0             ;
; |ram|4x32ram:inst7|4x4ram:inst4|memory_cell:inst13|inst  ; |ram|4x32ram:inst7|4x4ram:inst4|memory_cell:inst13|inst  ; regout           ;
; |ram|4x32ram:inst7|4x4ram:inst4|memory_cell:inst11|inst3 ; |ram|4x32ram:inst7|4x4ram:inst4|memory_cell:inst11|inst3 ; out              ;
; |ram|4x32ram:inst7|4x4ram:inst4|memory_cell:inst11|inst  ; |ram|4x32ram:inst7|4x4ram:inst4|memory_cell:inst11|inst  ; regout           ;
; |ram|4x32ram:inst7|4x4ram:inst4|memory_cell:inst11|inst4 ; |ram|4x32ram:inst7|4x4ram:inst4|memory_cell:inst11|inst4 ; out0             ;
; |ram|4x32ram:inst7|4x4ram:inst4|memory_cell:inst9|inst   ; |ram|4x32ram:inst7|4x4ram:inst4|memory_cell:inst9|inst   ; regout           ;
; |ram|4x32ram:inst7|4x4ram:inst4|memory_cell:inst9|inst4  ; |ram|4x32ram:inst7|4x4ram:inst4|memory_cell:inst9|inst4  ; out0             ;
; |ram|4x32ram:inst7|4x4ram:inst4|memory_cell:inst8|inst   ; |ram|4x32ram:inst7|4x4ram:inst4|memory_cell:inst8|inst   ; regout           ;
; |ram|4x32ram:inst7|4x4ram:inst4|memory_cell:inst8|inst4  ; |ram|4x32ram:inst7|4x4ram:inst4|memory_cell:inst8|inst4  ; out0             ;
; |ram|4x32ram:inst7|4x4ram:inst4|memory_cell:inst6|inst   ; |ram|4x32ram:inst7|4x4ram:inst4|memory_cell:inst6|inst   ; regout           ;
; |ram|4x32ram:inst7|4x4ram:inst4|memory_cell:inst4|inst3  ; |ram|4x32ram:inst7|4x4ram:inst4|memory_cell:inst4|inst3  ; out              ;
; |ram|4x32ram:inst7|4x4ram:inst4|memory_cell:inst4|inst   ; |ram|4x32ram:inst7|4x4ram:inst4|memory_cell:inst4|inst   ; regout           ;
; |ram|4x32ram:inst7|4x4ram:inst4|memory_cell:inst4|inst4  ; |ram|4x32ram:inst7|4x4ram:inst4|memory_cell:inst4|inst4  ; out0             ;
; |ram|4x32ram:inst7|4x4ram:inst4|24decoder:inst|inst3     ; |ram|4x32ram:inst7|4x4ram:inst4|24decoder:inst|inst3     ; out0             ;
; |ram|4x32ram:inst7|4x4ram:inst4|memory_cell:inst2|inst   ; |ram|4x32ram:inst7|4x4ram:inst4|memory_cell:inst2|inst   ; regout           ;
; |ram|4x32ram:inst7|4x4ram:inst4|memory_cell:inst2|inst4  ; |ram|4x32ram:inst7|4x4ram:inst4|memory_cell:inst2|inst4  ; out0             ;
; |ram|4x32ram:inst7|4x4ram:inst3|inst20                   ; |ram|4x32ram:inst7|4x4ram:inst3|inst20                   ; out              ;
; |ram|4x32ram:inst7|4x4ram:inst3|inst21                   ; |ram|4x32ram:inst7|4x4ram:inst3|inst21                   ; out              ;
; |ram|4x32ram:inst7|4x4ram:inst3|inst22                   ; |ram|4x32ram:inst7|4x4ram:inst3|inst22                   ; out              ;
; |ram|4x32ram:inst7|4x4ram:inst3|inst19                   ; |ram|4x32ram:inst7|4x4ram:inst3|inst19                   ; out              ;
; |ram|4x32ram:inst7|4x4ram:inst3|memory_cell:inst3|inst3  ; |ram|4x32ram:inst7|4x4ram:inst3|memory_cell:inst3|inst3  ; out              ;
; |ram|4x32ram:inst7|4x4ram:inst3|memory_cell:inst3|inst   ; |ram|4x32ram:inst7|4x4ram:inst3|memory_cell:inst3|inst   ; regout           ;
; |ram|4x32ram:inst7|4x4ram:inst3|memory_cell:inst3|inst4  ; |ram|4x32ram:inst7|4x4ram:inst3|memory_cell:inst3|inst4  ; out0             ;
; |ram|4x32ram:inst7|4x4ram:inst3|memory_cell:inst5|inst   ; |ram|4x32ram:inst7|4x4ram:inst3|memory_cell:inst5|inst   ; regout           ;
; |ram|4x32ram:inst7|4x4ram:inst3|memory_cell:inst7|inst   ; |ram|4x32ram:inst7|4x4ram:inst3|memory_cell:inst7|inst   ; regout           ;
; |ram|4x32ram:inst7|4x4ram:inst3|memory_cell:inst7|inst4  ; |ram|4x32ram:inst7|4x4ram:inst3|memory_cell:inst7|inst4  ; out0             ;
; |ram|4x32ram:inst7|4x4ram:inst3|memory_cell:inst1|inst   ; |ram|4x32ram:inst7|4x4ram:inst3|memory_cell:inst1|inst   ; regout           ;
; |ram|4x32ram:inst7|4x4ram:inst3|memory_cell:inst1|inst4  ; |ram|4x32ram:inst7|4x4ram:inst3|memory_cell:inst1|inst4  ; out0             ;
; |ram|4x32ram:inst7|4x4ram:inst3|memory_cell:inst16|inst  ; |ram|4x32ram:inst7|4x4ram:inst3|memory_cell:inst16|inst  ; regout           ;
; |ram|4x32ram:inst7|4x4ram:inst3|memory_cell:inst16|inst4 ; |ram|4x32ram:inst7|4x4ram:inst3|memory_cell:inst16|inst4 ; out0             ;
; |ram|4x32ram:inst7|4x4ram:inst3|memory_cell:inst14|inst  ; |ram|4x32ram:inst7|4x4ram:inst3|memory_cell:inst14|inst  ; regout           ;
; |ram|4x32ram:inst7|4x4ram:inst3|memory_cell:inst12|inst3 ; |ram|4x32ram:inst7|4x4ram:inst3|memory_cell:inst12|inst3 ; out              ;
; |ram|4x32ram:inst7|4x4ram:inst3|memory_cell:inst12|inst  ; |ram|4x32ram:inst7|4x4ram:inst3|memory_cell:inst12|inst  ; regout           ;
; |ram|4x32ram:inst7|4x4ram:inst3|memory_cell:inst12|inst4 ; |ram|4x32ram:inst7|4x4ram:inst3|memory_cell:inst12|inst4 ; out0             ;
; |ram|4x32ram:inst7|4x4ram:inst3|memory_cell:inst10|inst  ; |ram|4x32ram:inst7|4x4ram:inst3|memory_cell:inst10|inst  ; regout           ;
; |ram|4x32ram:inst7|4x4ram:inst3|memory_cell:inst10|inst4 ; |ram|4x32ram:inst7|4x4ram:inst3|memory_cell:inst10|inst4 ; out0             ;
; |ram|4x32ram:inst7|4x4ram:inst3|memory_cell:inst15|inst  ; |ram|4x32ram:inst7|4x4ram:inst3|memory_cell:inst15|inst  ; regout           ;
; |ram|4x32ram:inst7|4x4ram:inst3|memory_cell:inst15|inst4 ; |ram|4x32ram:inst7|4x4ram:inst3|memory_cell:inst15|inst4 ; out0             ;
; |ram|4x32ram:inst7|4x4ram:inst3|memory_cell:inst13|inst  ; |ram|4x32ram:inst7|4x4ram:inst3|memory_cell:inst13|inst  ; regout           ;
; |ram|4x32ram:inst7|4x4ram:inst3|memory_cell:inst11|inst3 ; |ram|4x32ram:inst7|4x4ram:inst3|memory_cell:inst11|inst3 ; out              ;
; |ram|4x32ram:inst7|4x4ram:inst3|memory_cell:inst11|inst  ; |ram|4x32ram:inst7|4x4ram:inst3|memory_cell:inst11|inst  ; regout           ;
; |ram|4x32ram:inst7|4x4ram:inst3|memory_cell:inst11|inst4 ; |ram|4x32ram:inst7|4x4ram:inst3|memory_cell:inst11|inst4 ; out0             ;
; |ram|4x32ram:inst7|4x4ram:inst3|memory_cell:inst9|inst   ; |ram|4x32ram:inst7|4x4ram:inst3|memory_cell:inst9|inst   ; regout           ;
; |ram|4x32ram:inst7|4x4ram:inst3|memory_cell:inst9|inst4  ; |ram|4x32ram:inst7|4x4ram:inst3|memory_cell:inst9|inst4  ; out0             ;
; |ram|4x32ram:inst7|4x4ram:inst3|memory_cell:inst8|inst   ; |ram|4x32ram:inst7|4x4ram:inst3|memory_cell:inst8|inst   ; regout           ;
; |ram|4x32ram:inst7|4x4ram:inst3|memory_cell:inst8|inst4  ; |ram|4x32ram:inst7|4x4ram:inst3|memory_cell:inst8|inst4  ; out0             ;
; |ram|4x32ram:inst7|4x4ram:inst3|memory_cell:inst6|inst   ; |ram|4x32ram:inst7|4x4ram:inst3|memory_cell:inst6|inst   ; regout           ;
; |ram|4x32ram:inst7|4x4ram:inst3|memory_cell:inst4|inst3  ; |ram|4x32ram:inst7|4x4ram:inst3|memory_cell:inst4|inst3  ; out              ;
; |ram|4x32ram:inst7|4x4ram:inst3|memory_cell:inst4|inst   ; |ram|4x32ram:inst7|4x4ram:inst3|memory_cell:inst4|inst   ; regout           ;
; |ram|4x32ram:inst7|4x4ram:inst3|memory_cell:inst4|inst4  ; |ram|4x32ram:inst7|4x4ram:inst3|memory_cell:inst4|inst4  ; out0             ;
; |ram|4x32ram:inst7|4x4ram:inst3|24decoder:inst|inst3     ; |ram|4x32ram:inst7|4x4ram:inst3|24decoder:inst|inst3     ; out0             ;
; |ram|4x32ram:inst7|4x4ram:inst3|memory_cell:inst2|inst   ; |ram|4x32ram:inst7|4x4ram:inst3|memory_cell:inst2|inst   ; regout           ;
; |ram|4x32ram:inst7|4x4ram:inst3|memory_cell:inst2|inst4  ; |ram|4x32ram:inst7|4x4ram:inst3|memory_cell:inst2|inst4  ; out0             ;
; |ram|4x32ram:inst7|4x4ram:inst1|inst20                   ; |ram|4x32ram:inst7|4x4ram:inst1|inst20                   ; out              ;
; |ram|4x32ram:inst7|4x4ram:inst1|inst21                   ; |ram|4x32ram:inst7|4x4ram:inst1|inst21                   ; out              ;
; |ram|4x32ram:inst7|4x4ram:inst1|inst22                   ; |ram|4x32ram:inst7|4x4ram:inst1|inst22                   ; out              ;
; |ram|4x32ram:inst7|4x4ram:inst1|inst19                   ; |ram|4x32ram:inst7|4x4ram:inst1|inst19                   ; out              ;
; |ram|4x32ram:inst7|4x4ram:inst1|memory_cell:inst3|inst3  ; |ram|4x32ram:inst7|4x4ram:inst1|memory_cell:inst3|inst3  ; out              ;
; |ram|4x32ram:inst7|4x4ram:inst1|memory_cell:inst3|inst   ; |ram|4x32ram:inst7|4x4ram:inst1|memory_cell:inst3|inst   ; regout           ;
; |ram|4x32ram:inst7|4x4ram:inst1|memory_cell:inst3|inst4  ; |ram|4x32ram:inst7|4x4ram:inst1|memory_cell:inst3|inst4  ; out0             ;
; |ram|4x32ram:inst7|4x4ram:inst1|memory_cell:inst5|inst   ; |ram|4x32ram:inst7|4x4ram:inst1|memory_cell:inst5|inst   ; regout           ;
; |ram|4x32ram:inst7|4x4ram:inst1|memory_cell:inst7|inst   ; |ram|4x32ram:inst7|4x4ram:inst1|memory_cell:inst7|inst   ; regout           ;
; |ram|4x32ram:inst7|4x4ram:inst1|memory_cell:inst7|inst4  ; |ram|4x32ram:inst7|4x4ram:inst1|memory_cell:inst7|inst4  ; out0             ;
; |ram|4x32ram:inst7|4x4ram:inst1|memory_cell:inst1|inst   ; |ram|4x32ram:inst7|4x4ram:inst1|memory_cell:inst1|inst   ; regout           ;
; |ram|4x32ram:inst7|4x4ram:inst1|memory_cell:inst1|inst4  ; |ram|4x32ram:inst7|4x4ram:inst1|memory_cell:inst1|inst4  ; out0             ;
; |ram|4x32ram:inst7|4x4ram:inst1|memory_cell:inst16|inst  ; |ram|4x32ram:inst7|4x4ram:inst1|memory_cell:inst16|inst  ; regout           ;
; |ram|4x32ram:inst7|4x4ram:inst1|memory_cell:inst16|inst4 ; |ram|4x32ram:inst7|4x4ram:inst1|memory_cell:inst16|inst4 ; out0             ;
; |ram|4x32ram:inst7|4x4ram:inst1|memory_cell:inst14|inst  ; |ram|4x32ram:inst7|4x4ram:inst1|memory_cell:inst14|inst  ; regout           ;
; |ram|4x32ram:inst7|4x4ram:inst1|memory_cell:inst12|inst3 ; |ram|4x32ram:inst7|4x4ram:inst1|memory_cell:inst12|inst3 ; out              ;
; |ram|4x32ram:inst7|4x4ram:inst1|memory_cell:inst12|inst  ; |ram|4x32ram:inst7|4x4ram:inst1|memory_cell:inst12|inst  ; regout           ;
; |ram|4x32ram:inst7|4x4ram:inst1|memory_cell:inst12|inst4 ; |ram|4x32ram:inst7|4x4ram:inst1|memory_cell:inst12|inst4 ; out0             ;
; |ram|4x32ram:inst7|4x4ram:inst1|memory_cell:inst10|inst  ; |ram|4x32ram:inst7|4x4ram:inst1|memory_cell:inst10|inst  ; regout           ;
; |ram|4x32ram:inst7|4x4ram:inst1|memory_cell:inst10|inst4 ; |ram|4x32ram:inst7|4x4ram:inst1|memory_cell:inst10|inst4 ; out0             ;
; |ram|4x32ram:inst7|4x4ram:inst1|memory_cell:inst15|inst  ; |ram|4x32ram:inst7|4x4ram:inst1|memory_cell:inst15|inst  ; regout           ;
; |ram|4x32ram:inst7|4x4ram:inst1|memory_cell:inst15|inst4 ; |ram|4x32ram:inst7|4x4ram:inst1|memory_cell:inst15|inst4 ; out0             ;
; |ram|4x32ram:inst7|4x4ram:inst1|memory_cell:inst13|inst  ; |ram|4x32ram:inst7|4x4ram:inst1|memory_cell:inst13|inst  ; regout           ;
; |ram|4x32ram:inst7|4x4ram:inst1|memory_cell:inst11|inst3 ; |ram|4x32ram:inst7|4x4ram:inst1|memory_cell:inst11|inst3 ; out              ;
; |ram|4x32ram:inst7|4x4ram:inst1|memory_cell:inst11|inst  ; |ram|4x32ram:inst7|4x4ram:inst1|memory_cell:inst11|inst  ; regout           ;
; |ram|4x32ram:inst7|4x4ram:inst1|memory_cell:inst11|inst4 ; |ram|4x32ram:inst7|4x4ram:inst1|memory_cell:inst11|inst4 ; out0             ;
; |ram|4x32ram:inst7|4x4ram:inst1|memory_cell:inst9|inst   ; |ram|4x32ram:inst7|4x4ram:inst1|memory_cell:inst9|inst   ; regout           ;
; |ram|4x32ram:inst7|4x4ram:inst1|memory_cell:inst9|inst4  ; |ram|4x32ram:inst7|4x4ram:inst1|memory_cell:inst9|inst4  ; out0             ;
; |ram|4x32ram:inst7|4x4ram:inst1|memory_cell:inst8|inst   ; |ram|4x32ram:inst7|4x4ram:inst1|memory_cell:inst8|inst   ; regout           ;
; |ram|4x32ram:inst7|4x4ram:inst1|memory_cell:inst8|inst4  ; |ram|4x32ram:inst7|4x4ram:inst1|memory_cell:inst8|inst4  ; out0             ;
; |ram|4x32ram:inst7|4x4ram:inst1|memory_cell:inst6|inst   ; |ram|4x32ram:inst7|4x4ram:inst1|memory_cell:inst6|inst   ; regout           ;
; |ram|4x32ram:inst7|4x4ram:inst1|memory_cell:inst4|inst3  ; |ram|4x32ram:inst7|4x4ram:inst1|memory_cell:inst4|inst3  ; out              ;
; |ram|4x32ram:inst7|4x4ram:inst1|memory_cell:inst4|inst   ; |ram|4x32ram:inst7|4x4ram:inst1|memory_cell:inst4|inst   ; regout           ;
; |ram|4x32ram:inst7|4x4ram:inst1|memory_cell:inst4|inst4  ; |ram|4x32ram:inst7|4x4ram:inst1|memory_cell:inst4|inst4  ; out0             ;
; |ram|4x32ram:inst7|4x4ram:inst1|24decoder:inst|inst3     ; |ram|4x32ram:inst7|4x4ram:inst1|24decoder:inst|inst3     ; out0             ;
; |ram|4x32ram:inst7|4x4ram:inst1|memory_cell:inst2|inst   ; |ram|4x32ram:inst7|4x4ram:inst1|memory_cell:inst2|inst   ; regout           ;
; |ram|4x32ram:inst7|4x4ram:inst1|memory_cell:inst2|inst4  ; |ram|4x32ram:inst7|4x4ram:inst1|memory_cell:inst2|inst4  ; out0             ;
; |ram|4x32ram:inst7|4x4ram:inst|inst20                    ; |ram|4x32ram:inst7|4x4ram:inst|inst20                    ; out              ;
; |ram|4x32ram:inst7|4x4ram:inst|inst21                    ; |ram|4x32ram:inst7|4x4ram:inst|inst21                    ; out              ;
; |ram|4x32ram:inst7|4x4ram:inst|inst22                    ; |ram|4x32ram:inst7|4x4ram:inst|inst22                    ; out              ;
; |ram|4x32ram:inst7|4x4ram:inst|inst19                    ; |ram|4x32ram:inst7|4x4ram:inst|inst19                    ; out              ;
; |ram|4x32ram:inst7|4x4ram:inst|memory_cell:inst3|inst3   ; |ram|4x32ram:inst7|4x4ram:inst|memory_cell:inst3|inst3   ; out              ;
; |ram|4x32ram:inst7|4x4ram:inst|memory_cell:inst3|inst    ; |ram|4x32ram:inst7|4x4ram:inst|memory_cell:inst3|inst    ; regout           ;
; |ram|4x32ram:inst7|4x4ram:inst|memory_cell:inst3|inst4   ; |ram|4x32ram:inst7|4x4ram:inst|memory_cell:inst3|inst4   ; out0             ;
; |ram|4x32ram:inst7|4x4ram:inst|memory_cell:inst5|inst    ; |ram|4x32ram:inst7|4x4ram:inst|memory_cell:inst5|inst    ; regout           ;
; |ram|4x32ram:inst7|4x4ram:inst|memory_cell:inst7|inst    ; |ram|4x32ram:inst7|4x4ram:inst|memory_cell:inst7|inst    ; regout           ;
; |ram|4x32ram:inst7|4x4ram:inst|memory_cell:inst7|inst4   ; |ram|4x32ram:inst7|4x4ram:inst|memory_cell:inst7|inst4   ; out0             ;
; |ram|4x32ram:inst7|4x4ram:inst|memory_cell:inst1|inst    ; |ram|4x32ram:inst7|4x4ram:inst|memory_cell:inst1|inst    ; regout           ;
; |ram|4x32ram:inst7|4x4ram:inst|memory_cell:inst1|inst4   ; |ram|4x32ram:inst7|4x4ram:inst|memory_cell:inst1|inst4   ; out0             ;
; |ram|4x32ram:inst7|4x4ram:inst|memory_cell:inst16|inst   ; |ram|4x32ram:inst7|4x4ram:inst|memory_cell:inst16|inst   ; regout           ;
; |ram|4x32ram:inst7|4x4ram:inst|memory_cell:inst16|inst4  ; |ram|4x32ram:inst7|4x4ram:inst|memory_cell:inst16|inst4  ; out0             ;
; |ram|4x32ram:inst7|4x4ram:inst|memory_cell:inst14|inst   ; |ram|4x32ram:inst7|4x4ram:inst|memory_cell:inst14|inst   ; regout           ;
; |ram|4x32ram:inst7|4x4ram:inst|memory_cell:inst12|inst3  ; |ram|4x32ram:inst7|4x4ram:inst|memory_cell:inst12|inst3  ; out              ;
; |ram|4x32ram:inst7|4x4ram:inst|memory_cell:inst12|inst   ; |ram|4x32ram:inst7|4x4ram:inst|memory_cell:inst12|inst   ; regout           ;
; |ram|4x32ram:inst7|4x4ram:inst|memory_cell:inst12|inst4  ; |ram|4x32ram:inst7|4x4ram:inst|memory_cell:inst12|inst4  ; out0             ;
; |ram|4x32ram:inst7|4x4ram:inst|memory_cell:inst10|inst   ; |ram|4x32ram:inst7|4x4ram:inst|memory_cell:inst10|inst   ; regout           ;
; |ram|4x32ram:inst7|4x4ram:inst|memory_cell:inst10|inst4  ; |ram|4x32ram:inst7|4x4ram:inst|memory_cell:inst10|inst4  ; out0             ;
; |ram|4x32ram:inst7|4x4ram:inst|memory_cell:inst15|inst   ; |ram|4x32ram:inst7|4x4ram:inst|memory_cell:inst15|inst   ; regout           ;
; |ram|4x32ram:inst7|4x4ram:inst|memory_cell:inst15|inst4  ; |ram|4x32ram:inst7|4x4ram:inst|memory_cell:inst15|inst4  ; out0             ;
; |ram|4x32ram:inst7|4x4ram:inst|memory_cell:inst13|inst   ; |ram|4x32ram:inst7|4x4ram:inst|memory_cell:inst13|inst   ; regout           ;
; |ram|4x32ram:inst7|4x4ram:inst|memory_cell:inst11|inst3  ; |ram|4x32ram:inst7|4x4ram:inst|memory_cell:inst11|inst3  ; out              ;
; |ram|4x32ram:inst7|4x4ram:inst|memory_cell:inst11|inst   ; |ram|4x32ram:inst7|4x4ram:inst|memory_cell:inst11|inst   ; regout           ;
; |ram|4x32ram:inst7|4x4ram:inst|memory_cell:inst11|inst4  ; |ram|4x32ram:inst7|4x4ram:inst|memory_cell:inst11|inst4  ; out0             ;
; |ram|4x32ram:inst7|4x4ram:inst|memory_cell:inst9|inst    ; |ram|4x32ram:inst7|4x4ram:inst|memory_cell:inst9|inst    ; regout           ;
; |ram|4x32ram:inst7|4x4ram:inst|memory_cell:inst9|inst4   ; |ram|4x32ram:inst7|4x4ram:inst|memory_cell:inst9|inst4   ; out0             ;
; |ram|4x32ram:inst7|4x4ram:inst|memory_cell:inst8|inst    ; |ram|4x32ram:inst7|4x4ram:inst|memory_cell:inst8|inst    ; regout           ;
; |ram|4x32ram:inst7|4x4ram:inst|memory_cell:inst8|inst4   ; |ram|4x32ram:inst7|4x4ram:inst|memory_cell:inst8|inst4   ; out0             ;
; |ram|4x32ram:inst7|4x4ram:inst|memory_cell:inst6|inst    ; |ram|4x32ram:inst7|4x4ram:inst|memory_cell:inst6|inst    ; regout           ;
; |ram|4x32ram:inst7|4x4ram:inst|memory_cell:inst4|inst3   ; |ram|4x32ram:inst7|4x4ram:inst|memory_cell:inst4|inst3   ; out              ;
; |ram|4x32ram:inst7|4x4ram:inst|memory_cell:inst4|inst    ; |ram|4x32ram:inst7|4x4ram:inst|memory_cell:inst4|inst    ; regout           ;
; |ram|4x32ram:inst7|4x4ram:inst|memory_cell:inst4|inst4   ; |ram|4x32ram:inst7|4x4ram:inst|memory_cell:inst4|inst4   ; out0             ;
; |ram|4x32ram:inst7|4x4ram:inst|24decoder:inst|inst3      ; |ram|4x32ram:inst7|4x4ram:inst|24decoder:inst|inst3      ; out0             ;
; |ram|4x32ram:inst7|4x4ram:inst|memory_cell:inst2|inst    ; |ram|4x32ram:inst7|4x4ram:inst|memory_cell:inst2|inst    ; regout           ;
; |ram|4x32ram:inst7|4x4ram:inst|memory_cell:inst2|inst4   ; |ram|4x32ram:inst7|4x4ram:inst|memory_cell:inst2|inst4   ; out0             ;
; |ram|4x32ram:inst6|4x4ram:inst8|IN~0                     ; |ram|4x32ram:inst6|4x4ram:inst8|IN~0                     ; out0             ;
; |ram|4x32ram:inst6|4x4ram:inst8|IN~1                     ; |ram|4x32ram:inst6|4x4ram:inst8|IN~1                     ; out0             ;
; |ram|4x32ram:inst6|4x4ram:inst8|IN~2                     ; |ram|4x32ram:inst6|4x4ram:inst8|IN~2                     ; out0             ;
; |ram|4x32ram:inst6|4x4ram:inst8|IN~3                     ; |ram|4x32ram:inst6|4x4ram:inst8|IN~3                     ; out0             ;
; |ram|4x32ram:inst6|4x4ram:inst8|memory_cell:inst3|inst3  ; |ram|4x32ram:inst6|4x4ram:inst8|memory_cell:inst3|inst3  ; out              ;
; |ram|4x32ram:inst6|4x4ram:inst8|memory_cell:inst3|inst   ; |ram|4x32ram:inst6|4x4ram:inst8|memory_cell:inst3|inst   ; regout           ;
; |ram|4x32ram:inst6|4x4ram:inst8|memory_cell:inst3|inst4  ; |ram|4x32ram:inst6|4x4ram:inst8|memory_cell:inst3|inst4  ; out0             ;
; |ram|4x32ram:inst6|4x4ram:inst8|memory_cell:inst5|inst   ; |ram|4x32ram:inst6|4x4ram:inst8|memory_cell:inst5|inst   ; regout           ;
; |ram|4x32ram:inst6|4x4ram:inst8|memory_cell:inst5|inst4  ; |ram|4x32ram:inst6|4x4ram:inst8|memory_cell:inst5|inst4  ; out0             ;
; |ram|4x32ram:inst6|4x4ram:inst8|memory_cell:inst7|inst   ; |ram|4x32ram:inst6|4x4ram:inst8|memory_cell:inst7|inst   ; regout           ;
; |ram|4x32ram:inst6|4x4ram:inst8|memory_cell:inst1|inst   ; |ram|4x32ram:inst6|4x4ram:inst8|memory_cell:inst1|inst   ; regout           ;
; |ram|4x32ram:inst6|4x4ram:inst8|memory_cell:inst1|inst4  ; |ram|4x32ram:inst6|4x4ram:inst8|memory_cell:inst1|inst4  ; out0             ;
; |ram|4x32ram:inst6|4x4ram:inst8|memory_cell:inst16|inst  ; |ram|4x32ram:inst6|4x4ram:inst8|memory_cell:inst16|inst  ; regout           ;
; |ram|4x32ram:inst6|4x4ram:inst8|memory_cell:inst14|inst  ; |ram|4x32ram:inst6|4x4ram:inst8|memory_cell:inst14|inst  ; regout           ;
; |ram|4x32ram:inst6|4x4ram:inst8|memory_cell:inst14|inst4 ; |ram|4x32ram:inst6|4x4ram:inst8|memory_cell:inst14|inst4 ; out0             ;
; |ram|4x32ram:inst6|4x4ram:inst8|memory_cell:inst12|inst3 ; |ram|4x32ram:inst6|4x4ram:inst8|memory_cell:inst12|inst3 ; out              ;
; |ram|4x32ram:inst6|4x4ram:inst8|memory_cell:inst12|inst  ; |ram|4x32ram:inst6|4x4ram:inst8|memory_cell:inst12|inst  ; regout           ;
; |ram|4x32ram:inst6|4x4ram:inst8|memory_cell:inst12|inst4 ; |ram|4x32ram:inst6|4x4ram:inst8|memory_cell:inst12|inst4 ; out0             ;
; |ram|4x32ram:inst6|4x4ram:inst8|memory_cell:inst10|inst  ; |ram|4x32ram:inst6|4x4ram:inst8|memory_cell:inst10|inst  ; regout           ;
; |ram|4x32ram:inst6|4x4ram:inst8|memory_cell:inst10|inst4 ; |ram|4x32ram:inst6|4x4ram:inst8|memory_cell:inst10|inst4 ; out0             ;
; |ram|4x32ram:inst6|4x4ram:inst8|memory_cell:inst15|inst  ; |ram|4x32ram:inst6|4x4ram:inst8|memory_cell:inst15|inst  ; regout           ;
; |ram|4x32ram:inst6|4x4ram:inst8|memory_cell:inst13|inst  ; |ram|4x32ram:inst6|4x4ram:inst8|memory_cell:inst13|inst  ; regout           ;
; |ram|4x32ram:inst6|4x4ram:inst8|memory_cell:inst13|inst4 ; |ram|4x32ram:inst6|4x4ram:inst8|memory_cell:inst13|inst4 ; out0             ;
; |ram|4x32ram:inst6|4x4ram:inst8|memory_cell:inst11|inst3 ; |ram|4x32ram:inst6|4x4ram:inst8|memory_cell:inst11|inst3 ; out              ;
; |ram|4x32ram:inst6|4x4ram:inst8|memory_cell:inst11|inst  ; |ram|4x32ram:inst6|4x4ram:inst8|memory_cell:inst11|inst  ; regout           ;
; |ram|4x32ram:inst6|4x4ram:inst8|memory_cell:inst11|inst4 ; |ram|4x32ram:inst6|4x4ram:inst8|memory_cell:inst11|inst4 ; out0             ;
; |ram|4x32ram:inst6|4x4ram:inst8|memory_cell:inst9|inst   ; |ram|4x32ram:inst6|4x4ram:inst8|memory_cell:inst9|inst   ; regout           ;
; |ram|4x32ram:inst6|4x4ram:inst8|memory_cell:inst9|inst4  ; |ram|4x32ram:inst6|4x4ram:inst8|memory_cell:inst9|inst4  ; out0             ;
; |ram|4x32ram:inst6|4x4ram:inst8|memory_cell:inst8|inst   ; |ram|4x32ram:inst6|4x4ram:inst8|memory_cell:inst8|inst   ; regout           ;
; |ram|4x32ram:inst6|4x4ram:inst8|memory_cell:inst6|inst   ; |ram|4x32ram:inst6|4x4ram:inst8|memory_cell:inst6|inst   ; regout           ;
; |ram|4x32ram:inst6|4x4ram:inst8|memory_cell:inst6|inst4  ; |ram|4x32ram:inst6|4x4ram:inst8|memory_cell:inst6|inst4  ; out0             ;
; |ram|4x32ram:inst6|4x4ram:inst8|memory_cell:inst4|inst3  ; |ram|4x32ram:inst6|4x4ram:inst8|memory_cell:inst4|inst3  ; out              ;
; |ram|4x32ram:inst6|4x4ram:inst8|memory_cell:inst4|inst   ; |ram|4x32ram:inst6|4x4ram:inst8|memory_cell:inst4|inst   ; regout           ;
; |ram|4x32ram:inst6|4x4ram:inst8|memory_cell:inst4|inst4  ; |ram|4x32ram:inst6|4x4ram:inst8|memory_cell:inst4|inst4  ; out0             ;
; |ram|4x32ram:inst6|4x4ram:inst8|24decoder:inst|inst3     ; |ram|4x32ram:inst6|4x4ram:inst8|24decoder:inst|inst3     ; out0             ;
; |ram|4x32ram:inst6|4x4ram:inst8|memory_cell:inst2|inst   ; |ram|4x32ram:inst6|4x4ram:inst8|memory_cell:inst2|inst   ; regout           ;
; |ram|4x32ram:inst6|4x4ram:inst8|memory_cell:inst2|inst4  ; |ram|4x32ram:inst6|4x4ram:inst8|memory_cell:inst2|inst4  ; out0             ;
; |ram|4x32ram:inst6|4x4ram:inst7|IN~0                     ; |ram|4x32ram:inst6|4x4ram:inst7|IN~0                     ; out0             ;
; |ram|4x32ram:inst6|4x4ram:inst7|IN~1                     ; |ram|4x32ram:inst6|4x4ram:inst7|IN~1                     ; out0             ;
; |ram|4x32ram:inst6|4x4ram:inst7|IN~2                     ; |ram|4x32ram:inst6|4x4ram:inst7|IN~2                     ; out0             ;
; |ram|4x32ram:inst6|4x4ram:inst7|IN~3                     ; |ram|4x32ram:inst6|4x4ram:inst7|IN~3                     ; out0             ;
; |ram|4x32ram:inst6|4x4ram:inst7|memory_cell:inst3|inst3  ; |ram|4x32ram:inst6|4x4ram:inst7|memory_cell:inst3|inst3  ; out              ;
; |ram|4x32ram:inst6|4x4ram:inst7|memory_cell:inst3|inst   ; |ram|4x32ram:inst6|4x4ram:inst7|memory_cell:inst3|inst   ; regout           ;
; |ram|4x32ram:inst6|4x4ram:inst7|memory_cell:inst3|inst4  ; |ram|4x32ram:inst6|4x4ram:inst7|memory_cell:inst3|inst4  ; out0             ;
; |ram|4x32ram:inst6|4x4ram:inst7|memory_cell:inst5|inst   ; |ram|4x32ram:inst6|4x4ram:inst7|memory_cell:inst5|inst   ; regout           ;
; |ram|4x32ram:inst6|4x4ram:inst7|memory_cell:inst5|inst4  ; |ram|4x32ram:inst6|4x4ram:inst7|memory_cell:inst5|inst4  ; out0             ;
; |ram|4x32ram:inst6|4x4ram:inst7|memory_cell:inst7|inst   ; |ram|4x32ram:inst6|4x4ram:inst7|memory_cell:inst7|inst   ; regout           ;
; |ram|4x32ram:inst6|4x4ram:inst7|memory_cell:inst1|inst   ; |ram|4x32ram:inst6|4x4ram:inst7|memory_cell:inst1|inst   ; regout           ;
; |ram|4x32ram:inst6|4x4ram:inst7|memory_cell:inst1|inst4  ; |ram|4x32ram:inst6|4x4ram:inst7|memory_cell:inst1|inst4  ; out0             ;
; |ram|4x32ram:inst6|4x4ram:inst7|memory_cell:inst16|inst  ; |ram|4x32ram:inst6|4x4ram:inst7|memory_cell:inst16|inst  ; regout           ;
; |ram|4x32ram:inst6|4x4ram:inst7|memory_cell:inst14|inst  ; |ram|4x32ram:inst6|4x4ram:inst7|memory_cell:inst14|inst  ; regout           ;
; |ram|4x32ram:inst6|4x4ram:inst7|memory_cell:inst14|inst4 ; |ram|4x32ram:inst6|4x4ram:inst7|memory_cell:inst14|inst4 ; out0             ;
; |ram|4x32ram:inst6|4x4ram:inst7|memory_cell:inst12|inst3 ; |ram|4x32ram:inst6|4x4ram:inst7|memory_cell:inst12|inst3 ; out              ;
; |ram|4x32ram:inst6|4x4ram:inst7|memory_cell:inst12|inst  ; |ram|4x32ram:inst6|4x4ram:inst7|memory_cell:inst12|inst  ; regout           ;
; |ram|4x32ram:inst6|4x4ram:inst7|memory_cell:inst12|inst4 ; |ram|4x32ram:inst6|4x4ram:inst7|memory_cell:inst12|inst4 ; out0             ;
; |ram|4x32ram:inst6|4x4ram:inst7|memory_cell:inst10|inst  ; |ram|4x32ram:inst6|4x4ram:inst7|memory_cell:inst10|inst  ; regout           ;
; |ram|4x32ram:inst6|4x4ram:inst7|memory_cell:inst10|inst4 ; |ram|4x32ram:inst6|4x4ram:inst7|memory_cell:inst10|inst4 ; out0             ;
; |ram|4x32ram:inst6|4x4ram:inst7|memory_cell:inst15|inst  ; |ram|4x32ram:inst6|4x4ram:inst7|memory_cell:inst15|inst  ; regout           ;
; |ram|4x32ram:inst6|4x4ram:inst7|memory_cell:inst13|inst  ; |ram|4x32ram:inst6|4x4ram:inst7|memory_cell:inst13|inst  ; regout           ;
; |ram|4x32ram:inst6|4x4ram:inst7|memory_cell:inst13|inst4 ; |ram|4x32ram:inst6|4x4ram:inst7|memory_cell:inst13|inst4 ; out0             ;
; |ram|4x32ram:inst6|4x4ram:inst7|memory_cell:inst11|inst3 ; |ram|4x32ram:inst6|4x4ram:inst7|memory_cell:inst11|inst3 ; out              ;
; |ram|4x32ram:inst6|4x4ram:inst7|memory_cell:inst11|inst  ; |ram|4x32ram:inst6|4x4ram:inst7|memory_cell:inst11|inst  ; regout           ;
; |ram|4x32ram:inst6|4x4ram:inst7|memory_cell:inst11|inst4 ; |ram|4x32ram:inst6|4x4ram:inst7|memory_cell:inst11|inst4 ; out0             ;
; |ram|4x32ram:inst6|4x4ram:inst7|memory_cell:inst9|inst   ; |ram|4x32ram:inst6|4x4ram:inst7|memory_cell:inst9|inst   ; regout           ;
; |ram|4x32ram:inst6|4x4ram:inst7|memory_cell:inst9|inst4  ; |ram|4x32ram:inst6|4x4ram:inst7|memory_cell:inst9|inst4  ; out0             ;
; |ram|4x32ram:inst6|4x4ram:inst7|memory_cell:inst8|inst   ; |ram|4x32ram:inst6|4x4ram:inst7|memory_cell:inst8|inst   ; regout           ;
; |ram|4x32ram:inst6|4x4ram:inst7|memory_cell:inst6|inst   ; |ram|4x32ram:inst6|4x4ram:inst7|memory_cell:inst6|inst   ; regout           ;
; |ram|4x32ram:inst6|4x4ram:inst7|memory_cell:inst6|inst4  ; |ram|4x32ram:inst6|4x4ram:inst7|memory_cell:inst6|inst4  ; out0             ;
; |ram|4x32ram:inst6|4x4ram:inst7|memory_cell:inst4|inst3  ; |ram|4x32ram:inst6|4x4ram:inst7|memory_cell:inst4|inst3  ; out              ;
; |ram|4x32ram:inst6|4x4ram:inst7|memory_cell:inst4|inst   ; |ram|4x32ram:inst6|4x4ram:inst7|memory_cell:inst4|inst   ; regout           ;
; |ram|4x32ram:inst6|4x4ram:inst7|memory_cell:inst4|inst4  ; |ram|4x32ram:inst6|4x4ram:inst7|memory_cell:inst4|inst4  ; out0             ;
; |ram|4x32ram:inst6|4x4ram:inst7|24decoder:inst|inst3     ; |ram|4x32ram:inst6|4x4ram:inst7|24decoder:inst|inst3     ; out0             ;
; |ram|4x32ram:inst6|4x4ram:inst7|memory_cell:inst2|inst   ; |ram|4x32ram:inst6|4x4ram:inst7|memory_cell:inst2|inst   ; regout           ;
; |ram|4x32ram:inst6|4x4ram:inst7|memory_cell:inst2|inst4  ; |ram|4x32ram:inst6|4x4ram:inst7|memory_cell:inst2|inst4  ; out0             ;
; |ram|4x32ram:inst6|4x4ram:inst6|IN~0                     ; |ram|4x32ram:inst6|4x4ram:inst6|IN~0                     ; out0             ;
; |ram|4x32ram:inst6|4x4ram:inst6|IN~1                     ; |ram|4x32ram:inst6|4x4ram:inst6|IN~1                     ; out0             ;
; |ram|4x32ram:inst6|4x4ram:inst6|IN~2                     ; |ram|4x32ram:inst6|4x4ram:inst6|IN~2                     ; out0             ;
; |ram|4x32ram:inst6|4x4ram:inst6|IN~3                     ; |ram|4x32ram:inst6|4x4ram:inst6|IN~3                     ; out0             ;
; |ram|4x32ram:inst6|4x4ram:inst6|memory_cell:inst3|inst3  ; |ram|4x32ram:inst6|4x4ram:inst6|memory_cell:inst3|inst3  ; out              ;
; |ram|4x32ram:inst6|4x4ram:inst6|memory_cell:inst3|inst   ; |ram|4x32ram:inst6|4x4ram:inst6|memory_cell:inst3|inst   ; regout           ;
; |ram|4x32ram:inst6|4x4ram:inst6|memory_cell:inst3|inst4  ; |ram|4x32ram:inst6|4x4ram:inst6|memory_cell:inst3|inst4  ; out0             ;
; |ram|4x32ram:inst6|4x4ram:inst6|memory_cell:inst5|inst   ; |ram|4x32ram:inst6|4x4ram:inst6|memory_cell:inst5|inst   ; regout           ;
; |ram|4x32ram:inst6|4x4ram:inst6|memory_cell:inst5|inst4  ; |ram|4x32ram:inst6|4x4ram:inst6|memory_cell:inst5|inst4  ; out0             ;
; |ram|4x32ram:inst6|4x4ram:inst6|memory_cell:inst7|inst   ; |ram|4x32ram:inst6|4x4ram:inst6|memory_cell:inst7|inst   ; regout           ;
; |ram|4x32ram:inst6|4x4ram:inst6|memory_cell:inst1|inst   ; |ram|4x32ram:inst6|4x4ram:inst6|memory_cell:inst1|inst   ; regout           ;
; |ram|4x32ram:inst6|4x4ram:inst6|memory_cell:inst1|inst4  ; |ram|4x32ram:inst6|4x4ram:inst6|memory_cell:inst1|inst4  ; out0             ;
; |ram|4x32ram:inst6|4x4ram:inst6|memory_cell:inst16|inst  ; |ram|4x32ram:inst6|4x4ram:inst6|memory_cell:inst16|inst  ; regout           ;
; |ram|4x32ram:inst6|4x4ram:inst6|memory_cell:inst14|inst  ; |ram|4x32ram:inst6|4x4ram:inst6|memory_cell:inst14|inst  ; regout           ;
; |ram|4x32ram:inst6|4x4ram:inst6|memory_cell:inst14|inst4 ; |ram|4x32ram:inst6|4x4ram:inst6|memory_cell:inst14|inst4 ; out0             ;
; |ram|4x32ram:inst6|4x4ram:inst6|memory_cell:inst12|inst3 ; |ram|4x32ram:inst6|4x4ram:inst6|memory_cell:inst12|inst3 ; out              ;
; |ram|4x32ram:inst6|4x4ram:inst6|memory_cell:inst12|inst  ; |ram|4x32ram:inst6|4x4ram:inst6|memory_cell:inst12|inst  ; regout           ;
; |ram|4x32ram:inst6|4x4ram:inst6|memory_cell:inst12|inst4 ; |ram|4x32ram:inst6|4x4ram:inst6|memory_cell:inst12|inst4 ; out0             ;
; |ram|4x32ram:inst6|4x4ram:inst6|memory_cell:inst10|inst  ; |ram|4x32ram:inst6|4x4ram:inst6|memory_cell:inst10|inst  ; regout           ;
; |ram|4x32ram:inst6|4x4ram:inst6|memory_cell:inst10|inst4 ; |ram|4x32ram:inst6|4x4ram:inst6|memory_cell:inst10|inst4 ; out0             ;
; |ram|4x32ram:inst6|4x4ram:inst6|memory_cell:inst15|inst  ; |ram|4x32ram:inst6|4x4ram:inst6|memory_cell:inst15|inst  ; regout           ;
; |ram|4x32ram:inst6|4x4ram:inst6|memory_cell:inst13|inst  ; |ram|4x32ram:inst6|4x4ram:inst6|memory_cell:inst13|inst  ; regout           ;
; |ram|4x32ram:inst6|4x4ram:inst6|memory_cell:inst13|inst4 ; |ram|4x32ram:inst6|4x4ram:inst6|memory_cell:inst13|inst4 ; out0             ;
; |ram|4x32ram:inst6|4x4ram:inst6|memory_cell:inst11|inst3 ; |ram|4x32ram:inst6|4x4ram:inst6|memory_cell:inst11|inst3 ; out              ;
; |ram|4x32ram:inst6|4x4ram:inst6|memory_cell:inst11|inst  ; |ram|4x32ram:inst6|4x4ram:inst6|memory_cell:inst11|inst  ; regout           ;
; |ram|4x32ram:inst6|4x4ram:inst6|memory_cell:inst11|inst4 ; |ram|4x32ram:inst6|4x4ram:inst6|memory_cell:inst11|inst4 ; out0             ;
; |ram|4x32ram:inst6|4x4ram:inst6|memory_cell:inst9|inst   ; |ram|4x32ram:inst6|4x4ram:inst6|memory_cell:inst9|inst   ; regout           ;
; |ram|4x32ram:inst6|4x4ram:inst6|memory_cell:inst9|inst4  ; |ram|4x32ram:inst6|4x4ram:inst6|memory_cell:inst9|inst4  ; out0             ;
; |ram|4x32ram:inst6|4x4ram:inst6|memory_cell:inst8|inst   ; |ram|4x32ram:inst6|4x4ram:inst6|memory_cell:inst8|inst   ; regout           ;
; |ram|4x32ram:inst6|4x4ram:inst6|memory_cell:inst6|inst   ; |ram|4x32ram:inst6|4x4ram:inst6|memory_cell:inst6|inst   ; regout           ;
; |ram|4x32ram:inst6|4x4ram:inst6|memory_cell:inst6|inst4  ; |ram|4x32ram:inst6|4x4ram:inst6|memory_cell:inst6|inst4  ; out0             ;
; |ram|4x32ram:inst6|4x4ram:inst6|memory_cell:inst4|inst3  ; |ram|4x32ram:inst6|4x4ram:inst6|memory_cell:inst4|inst3  ; out              ;
; |ram|4x32ram:inst6|4x4ram:inst6|memory_cell:inst4|inst   ; |ram|4x32ram:inst6|4x4ram:inst6|memory_cell:inst4|inst   ; regout           ;
; |ram|4x32ram:inst6|4x4ram:inst6|memory_cell:inst4|inst4  ; |ram|4x32ram:inst6|4x4ram:inst6|memory_cell:inst4|inst4  ; out0             ;
; |ram|4x32ram:inst6|4x4ram:inst6|24decoder:inst|inst3     ; |ram|4x32ram:inst6|4x4ram:inst6|24decoder:inst|inst3     ; out0             ;
; |ram|4x32ram:inst6|4x4ram:inst6|memory_cell:inst2|inst   ; |ram|4x32ram:inst6|4x4ram:inst6|memory_cell:inst2|inst   ; regout           ;
; |ram|4x32ram:inst6|4x4ram:inst6|memory_cell:inst2|inst4  ; |ram|4x32ram:inst6|4x4ram:inst6|memory_cell:inst2|inst4  ; out0             ;
; |ram|4x32ram:inst6|4x4ram:inst5|IN~0                     ; |ram|4x32ram:inst6|4x4ram:inst5|IN~0                     ; out0             ;
; |ram|4x32ram:inst6|4x4ram:inst5|IN~1                     ; |ram|4x32ram:inst6|4x4ram:inst5|IN~1                     ; out0             ;
; |ram|4x32ram:inst6|4x4ram:inst5|IN~2                     ; |ram|4x32ram:inst6|4x4ram:inst5|IN~2                     ; out0             ;
; |ram|4x32ram:inst6|4x4ram:inst5|IN~3                     ; |ram|4x32ram:inst6|4x4ram:inst5|IN~3                     ; out0             ;
; |ram|4x32ram:inst6|4x4ram:inst5|memory_cell:inst3|inst3  ; |ram|4x32ram:inst6|4x4ram:inst5|memory_cell:inst3|inst3  ; out              ;
; |ram|4x32ram:inst6|4x4ram:inst5|memory_cell:inst3|inst   ; |ram|4x32ram:inst6|4x4ram:inst5|memory_cell:inst3|inst   ; regout           ;
; |ram|4x32ram:inst6|4x4ram:inst5|memory_cell:inst3|inst4  ; |ram|4x32ram:inst6|4x4ram:inst5|memory_cell:inst3|inst4  ; out0             ;
; |ram|4x32ram:inst6|4x4ram:inst5|memory_cell:inst5|inst   ; |ram|4x32ram:inst6|4x4ram:inst5|memory_cell:inst5|inst   ; regout           ;
; |ram|4x32ram:inst6|4x4ram:inst5|memory_cell:inst5|inst4  ; |ram|4x32ram:inst6|4x4ram:inst5|memory_cell:inst5|inst4  ; out0             ;
; |ram|4x32ram:inst6|4x4ram:inst5|memory_cell:inst7|inst   ; |ram|4x32ram:inst6|4x4ram:inst5|memory_cell:inst7|inst   ; regout           ;
; |ram|4x32ram:inst6|4x4ram:inst5|memory_cell:inst1|inst   ; |ram|4x32ram:inst6|4x4ram:inst5|memory_cell:inst1|inst   ; regout           ;
; |ram|4x32ram:inst6|4x4ram:inst5|memory_cell:inst1|inst4  ; |ram|4x32ram:inst6|4x4ram:inst5|memory_cell:inst1|inst4  ; out0             ;
; |ram|4x32ram:inst6|4x4ram:inst5|memory_cell:inst16|inst  ; |ram|4x32ram:inst6|4x4ram:inst5|memory_cell:inst16|inst  ; regout           ;
; |ram|4x32ram:inst6|4x4ram:inst5|memory_cell:inst14|inst  ; |ram|4x32ram:inst6|4x4ram:inst5|memory_cell:inst14|inst  ; regout           ;
; |ram|4x32ram:inst6|4x4ram:inst5|memory_cell:inst14|inst4 ; |ram|4x32ram:inst6|4x4ram:inst5|memory_cell:inst14|inst4 ; out0             ;
; |ram|4x32ram:inst6|4x4ram:inst5|memory_cell:inst12|inst3 ; |ram|4x32ram:inst6|4x4ram:inst5|memory_cell:inst12|inst3 ; out              ;
; |ram|4x32ram:inst6|4x4ram:inst5|memory_cell:inst12|inst  ; |ram|4x32ram:inst6|4x4ram:inst5|memory_cell:inst12|inst  ; regout           ;
; |ram|4x32ram:inst6|4x4ram:inst5|memory_cell:inst12|inst4 ; |ram|4x32ram:inst6|4x4ram:inst5|memory_cell:inst12|inst4 ; out0             ;
; |ram|4x32ram:inst6|4x4ram:inst5|memory_cell:inst10|inst  ; |ram|4x32ram:inst6|4x4ram:inst5|memory_cell:inst10|inst  ; regout           ;
; |ram|4x32ram:inst6|4x4ram:inst5|memory_cell:inst10|inst4 ; |ram|4x32ram:inst6|4x4ram:inst5|memory_cell:inst10|inst4 ; out0             ;
; |ram|4x32ram:inst6|4x4ram:inst5|memory_cell:inst15|inst  ; |ram|4x32ram:inst6|4x4ram:inst5|memory_cell:inst15|inst  ; regout           ;
; |ram|4x32ram:inst6|4x4ram:inst5|memory_cell:inst13|inst  ; |ram|4x32ram:inst6|4x4ram:inst5|memory_cell:inst13|inst  ; regout           ;
; |ram|4x32ram:inst6|4x4ram:inst5|memory_cell:inst13|inst4 ; |ram|4x32ram:inst6|4x4ram:inst5|memory_cell:inst13|inst4 ; out0             ;
; |ram|4x32ram:inst6|4x4ram:inst5|memory_cell:inst11|inst3 ; |ram|4x32ram:inst6|4x4ram:inst5|memory_cell:inst11|inst3 ; out              ;
; |ram|4x32ram:inst6|4x4ram:inst5|memory_cell:inst11|inst  ; |ram|4x32ram:inst6|4x4ram:inst5|memory_cell:inst11|inst  ; regout           ;
; |ram|4x32ram:inst6|4x4ram:inst5|memory_cell:inst11|inst4 ; |ram|4x32ram:inst6|4x4ram:inst5|memory_cell:inst11|inst4 ; out0             ;
; |ram|4x32ram:inst6|4x4ram:inst5|memory_cell:inst9|inst   ; |ram|4x32ram:inst6|4x4ram:inst5|memory_cell:inst9|inst   ; regout           ;
; |ram|4x32ram:inst6|4x4ram:inst5|memory_cell:inst9|inst4  ; |ram|4x32ram:inst6|4x4ram:inst5|memory_cell:inst9|inst4  ; out0             ;
; |ram|4x32ram:inst6|4x4ram:inst5|memory_cell:inst8|inst   ; |ram|4x32ram:inst6|4x4ram:inst5|memory_cell:inst8|inst   ; regout           ;
; |ram|4x32ram:inst6|4x4ram:inst5|memory_cell:inst6|inst   ; |ram|4x32ram:inst6|4x4ram:inst5|memory_cell:inst6|inst   ; regout           ;
; |ram|4x32ram:inst6|4x4ram:inst5|memory_cell:inst6|inst4  ; |ram|4x32ram:inst6|4x4ram:inst5|memory_cell:inst6|inst4  ; out0             ;
; |ram|4x32ram:inst6|4x4ram:inst5|memory_cell:inst4|inst3  ; |ram|4x32ram:inst6|4x4ram:inst5|memory_cell:inst4|inst3  ; out              ;
; |ram|4x32ram:inst6|4x4ram:inst5|memory_cell:inst4|inst   ; |ram|4x32ram:inst6|4x4ram:inst5|memory_cell:inst4|inst   ; regout           ;
; |ram|4x32ram:inst6|4x4ram:inst5|memory_cell:inst4|inst4  ; |ram|4x32ram:inst6|4x4ram:inst5|memory_cell:inst4|inst4  ; out0             ;
; |ram|4x32ram:inst6|4x4ram:inst5|24decoder:inst|inst3     ; |ram|4x32ram:inst6|4x4ram:inst5|24decoder:inst|inst3     ; out0             ;
; |ram|4x32ram:inst6|4x4ram:inst5|memory_cell:inst2|inst   ; |ram|4x32ram:inst6|4x4ram:inst5|memory_cell:inst2|inst   ; regout           ;
; |ram|4x32ram:inst6|4x4ram:inst5|memory_cell:inst2|inst4  ; |ram|4x32ram:inst6|4x4ram:inst5|memory_cell:inst2|inst4  ; out0             ;
; |ram|4x32ram:inst6|4x4ram:inst4|IN~0                     ; |ram|4x32ram:inst6|4x4ram:inst4|IN~0                     ; out0             ;
; |ram|4x32ram:inst6|4x4ram:inst4|IN~1                     ; |ram|4x32ram:inst6|4x4ram:inst4|IN~1                     ; out0             ;
; |ram|4x32ram:inst6|4x4ram:inst4|IN~2                     ; |ram|4x32ram:inst6|4x4ram:inst4|IN~2                     ; out0             ;
; |ram|4x32ram:inst6|4x4ram:inst4|IN~3                     ; |ram|4x32ram:inst6|4x4ram:inst4|IN~3                     ; out0             ;
; |ram|4x32ram:inst6|4x4ram:inst4|memory_cell:inst3|inst3  ; |ram|4x32ram:inst6|4x4ram:inst4|memory_cell:inst3|inst3  ; out              ;
; |ram|4x32ram:inst6|4x4ram:inst4|memory_cell:inst3|inst   ; |ram|4x32ram:inst6|4x4ram:inst4|memory_cell:inst3|inst   ; regout           ;
; |ram|4x32ram:inst6|4x4ram:inst4|memory_cell:inst3|inst4  ; |ram|4x32ram:inst6|4x4ram:inst4|memory_cell:inst3|inst4  ; out0             ;
; |ram|4x32ram:inst6|4x4ram:inst4|memory_cell:inst5|inst   ; |ram|4x32ram:inst6|4x4ram:inst4|memory_cell:inst5|inst   ; regout           ;
; |ram|4x32ram:inst6|4x4ram:inst4|memory_cell:inst5|inst4  ; |ram|4x32ram:inst6|4x4ram:inst4|memory_cell:inst5|inst4  ; out0             ;
; |ram|4x32ram:inst6|4x4ram:inst4|memory_cell:inst7|inst   ; |ram|4x32ram:inst6|4x4ram:inst4|memory_cell:inst7|inst   ; regout           ;
; |ram|4x32ram:inst6|4x4ram:inst4|memory_cell:inst1|inst   ; |ram|4x32ram:inst6|4x4ram:inst4|memory_cell:inst1|inst   ; regout           ;
; |ram|4x32ram:inst6|4x4ram:inst4|memory_cell:inst1|inst4  ; |ram|4x32ram:inst6|4x4ram:inst4|memory_cell:inst1|inst4  ; out0             ;
; |ram|4x32ram:inst6|4x4ram:inst4|memory_cell:inst16|inst  ; |ram|4x32ram:inst6|4x4ram:inst4|memory_cell:inst16|inst  ; regout           ;
; |ram|4x32ram:inst6|4x4ram:inst4|memory_cell:inst14|inst  ; |ram|4x32ram:inst6|4x4ram:inst4|memory_cell:inst14|inst  ; regout           ;
; |ram|4x32ram:inst6|4x4ram:inst4|memory_cell:inst14|inst4 ; |ram|4x32ram:inst6|4x4ram:inst4|memory_cell:inst14|inst4 ; out0             ;
; |ram|4x32ram:inst6|4x4ram:inst4|memory_cell:inst12|inst3 ; |ram|4x32ram:inst6|4x4ram:inst4|memory_cell:inst12|inst3 ; out              ;
; |ram|4x32ram:inst6|4x4ram:inst4|memory_cell:inst12|inst  ; |ram|4x32ram:inst6|4x4ram:inst4|memory_cell:inst12|inst  ; regout           ;
; |ram|4x32ram:inst6|4x4ram:inst4|memory_cell:inst12|inst4 ; |ram|4x32ram:inst6|4x4ram:inst4|memory_cell:inst12|inst4 ; out0             ;
; |ram|4x32ram:inst6|4x4ram:inst4|memory_cell:inst10|inst  ; |ram|4x32ram:inst6|4x4ram:inst4|memory_cell:inst10|inst  ; regout           ;
; |ram|4x32ram:inst6|4x4ram:inst4|memory_cell:inst10|inst4 ; |ram|4x32ram:inst6|4x4ram:inst4|memory_cell:inst10|inst4 ; out0             ;
; |ram|4x32ram:inst6|4x4ram:inst4|memory_cell:inst15|inst  ; |ram|4x32ram:inst6|4x4ram:inst4|memory_cell:inst15|inst  ; regout           ;
; |ram|4x32ram:inst6|4x4ram:inst4|memory_cell:inst13|inst  ; |ram|4x32ram:inst6|4x4ram:inst4|memory_cell:inst13|inst  ; regout           ;
; |ram|4x32ram:inst6|4x4ram:inst4|memory_cell:inst13|inst4 ; |ram|4x32ram:inst6|4x4ram:inst4|memory_cell:inst13|inst4 ; out0             ;
; |ram|4x32ram:inst6|4x4ram:inst4|memory_cell:inst11|inst3 ; |ram|4x32ram:inst6|4x4ram:inst4|memory_cell:inst11|inst3 ; out              ;
; |ram|4x32ram:inst6|4x4ram:inst4|memory_cell:inst11|inst  ; |ram|4x32ram:inst6|4x4ram:inst4|memory_cell:inst11|inst  ; regout           ;
; |ram|4x32ram:inst6|4x4ram:inst4|memory_cell:inst11|inst4 ; |ram|4x32ram:inst6|4x4ram:inst4|memory_cell:inst11|inst4 ; out0             ;
; |ram|4x32ram:inst6|4x4ram:inst4|memory_cell:inst9|inst   ; |ram|4x32ram:inst6|4x4ram:inst4|memory_cell:inst9|inst   ; regout           ;
; |ram|4x32ram:inst6|4x4ram:inst4|memory_cell:inst9|inst4  ; |ram|4x32ram:inst6|4x4ram:inst4|memory_cell:inst9|inst4  ; out0             ;
; |ram|4x32ram:inst6|4x4ram:inst4|memory_cell:inst8|inst   ; |ram|4x32ram:inst6|4x4ram:inst4|memory_cell:inst8|inst   ; regout           ;
; |ram|4x32ram:inst6|4x4ram:inst4|memory_cell:inst6|inst   ; |ram|4x32ram:inst6|4x4ram:inst4|memory_cell:inst6|inst   ; regout           ;
; |ram|4x32ram:inst6|4x4ram:inst4|memory_cell:inst6|inst4  ; |ram|4x32ram:inst6|4x4ram:inst4|memory_cell:inst6|inst4  ; out0             ;
; |ram|4x32ram:inst6|4x4ram:inst4|memory_cell:inst4|inst3  ; |ram|4x32ram:inst6|4x4ram:inst4|memory_cell:inst4|inst3  ; out              ;
; |ram|4x32ram:inst6|4x4ram:inst4|memory_cell:inst4|inst   ; |ram|4x32ram:inst6|4x4ram:inst4|memory_cell:inst4|inst   ; regout           ;
; |ram|4x32ram:inst6|4x4ram:inst4|memory_cell:inst4|inst4  ; |ram|4x32ram:inst6|4x4ram:inst4|memory_cell:inst4|inst4  ; out0             ;
; |ram|4x32ram:inst6|4x4ram:inst4|24decoder:inst|inst3     ; |ram|4x32ram:inst6|4x4ram:inst4|24decoder:inst|inst3     ; out0             ;
; |ram|4x32ram:inst6|4x4ram:inst4|memory_cell:inst2|inst   ; |ram|4x32ram:inst6|4x4ram:inst4|memory_cell:inst2|inst   ; regout           ;
; |ram|4x32ram:inst6|4x4ram:inst4|memory_cell:inst2|inst4  ; |ram|4x32ram:inst6|4x4ram:inst4|memory_cell:inst2|inst4  ; out0             ;
; |ram|4x32ram:inst6|4x4ram:inst3|IN~0                     ; |ram|4x32ram:inst6|4x4ram:inst3|IN~0                     ; out0             ;
; |ram|4x32ram:inst6|4x4ram:inst3|IN~1                     ; |ram|4x32ram:inst6|4x4ram:inst3|IN~1                     ; out0             ;
; |ram|4x32ram:inst6|4x4ram:inst3|IN~2                     ; |ram|4x32ram:inst6|4x4ram:inst3|IN~2                     ; out0             ;
; |ram|4x32ram:inst6|4x4ram:inst3|IN~3                     ; |ram|4x32ram:inst6|4x4ram:inst3|IN~3                     ; out0             ;
; |ram|4x32ram:inst6|4x4ram:inst3|memory_cell:inst3|inst3  ; |ram|4x32ram:inst6|4x4ram:inst3|memory_cell:inst3|inst3  ; out              ;
; |ram|4x32ram:inst6|4x4ram:inst3|memory_cell:inst3|inst   ; |ram|4x32ram:inst6|4x4ram:inst3|memory_cell:inst3|inst   ; regout           ;
; |ram|4x32ram:inst6|4x4ram:inst3|memory_cell:inst3|inst4  ; |ram|4x32ram:inst6|4x4ram:inst3|memory_cell:inst3|inst4  ; out0             ;
; |ram|4x32ram:inst6|4x4ram:inst3|memory_cell:inst5|inst   ; |ram|4x32ram:inst6|4x4ram:inst3|memory_cell:inst5|inst   ; regout           ;
; |ram|4x32ram:inst6|4x4ram:inst3|memory_cell:inst5|inst4  ; |ram|4x32ram:inst6|4x4ram:inst3|memory_cell:inst5|inst4  ; out0             ;
; |ram|4x32ram:inst6|4x4ram:inst3|memory_cell:inst7|inst   ; |ram|4x32ram:inst6|4x4ram:inst3|memory_cell:inst7|inst   ; regout           ;
; |ram|4x32ram:inst6|4x4ram:inst3|memory_cell:inst1|inst   ; |ram|4x32ram:inst6|4x4ram:inst3|memory_cell:inst1|inst   ; regout           ;
; |ram|4x32ram:inst6|4x4ram:inst3|memory_cell:inst1|inst4  ; |ram|4x32ram:inst6|4x4ram:inst3|memory_cell:inst1|inst4  ; out0             ;
; |ram|4x32ram:inst6|4x4ram:inst3|memory_cell:inst16|inst  ; |ram|4x32ram:inst6|4x4ram:inst3|memory_cell:inst16|inst  ; regout           ;
; |ram|4x32ram:inst6|4x4ram:inst3|memory_cell:inst14|inst  ; |ram|4x32ram:inst6|4x4ram:inst3|memory_cell:inst14|inst  ; regout           ;
; |ram|4x32ram:inst6|4x4ram:inst3|memory_cell:inst14|inst4 ; |ram|4x32ram:inst6|4x4ram:inst3|memory_cell:inst14|inst4 ; out0             ;
; |ram|4x32ram:inst6|4x4ram:inst3|memory_cell:inst12|inst3 ; |ram|4x32ram:inst6|4x4ram:inst3|memory_cell:inst12|inst3 ; out              ;
; |ram|4x32ram:inst6|4x4ram:inst3|memory_cell:inst12|inst  ; |ram|4x32ram:inst6|4x4ram:inst3|memory_cell:inst12|inst  ; regout           ;
; |ram|4x32ram:inst6|4x4ram:inst3|memory_cell:inst12|inst4 ; |ram|4x32ram:inst6|4x4ram:inst3|memory_cell:inst12|inst4 ; out0             ;
; |ram|4x32ram:inst6|4x4ram:inst3|memory_cell:inst10|inst  ; |ram|4x32ram:inst6|4x4ram:inst3|memory_cell:inst10|inst  ; regout           ;
; |ram|4x32ram:inst6|4x4ram:inst3|memory_cell:inst10|inst4 ; |ram|4x32ram:inst6|4x4ram:inst3|memory_cell:inst10|inst4 ; out0             ;
; |ram|4x32ram:inst6|4x4ram:inst3|memory_cell:inst15|inst  ; |ram|4x32ram:inst6|4x4ram:inst3|memory_cell:inst15|inst  ; regout           ;
; |ram|4x32ram:inst6|4x4ram:inst3|memory_cell:inst13|inst  ; |ram|4x32ram:inst6|4x4ram:inst3|memory_cell:inst13|inst  ; regout           ;
; |ram|4x32ram:inst6|4x4ram:inst3|memory_cell:inst13|inst4 ; |ram|4x32ram:inst6|4x4ram:inst3|memory_cell:inst13|inst4 ; out0             ;
; |ram|4x32ram:inst6|4x4ram:inst3|memory_cell:inst11|inst3 ; |ram|4x32ram:inst6|4x4ram:inst3|memory_cell:inst11|inst3 ; out              ;
; |ram|4x32ram:inst6|4x4ram:inst3|memory_cell:inst11|inst  ; |ram|4x32ram:inst6|4x4ram:inst3|memory_cell:inst11|inst  ; regout           ;
; |ram|4x32ram:inst6|4x4ram:inst3|memory_cell:inst11|inst4 ; |ram|4x32ram:inst6|4x4ram:inst3|memory_cell:inst11|inst4 ; out0             ;
; |ram|4x32ram:inst6|4x4ram:inst3|memory_cell:inst9|inst   ; |ram|4x32ram:inst6|4x4ram:inst3|memory_cell:inst9|inst   ; regout           ;
; |ram|4x32ram:inst6|4x4ram:inst3|memory_cell:inst9|inst4  ; |ram|4x32ram:inst6|4x4ram:inst3|memory_cell:inst9|inst4  ; out0             ;
; |ram|4x32ram:inst6|4x4ram:inst3|memory_cell:inst8|inst   ; |ram|4x32ram:inst6|4x4ram:inst3|memory_cell:inst8|inst   ; regout           ;
; |ram|4x32ram:inst6|4x4ram:inst3|memory_cell:inst6|inst   ; |ram|4x32ram:inst6|4x4ram:inst3|memory_cell:inst6|inst   ; regout           ;
; |ram|4x32ram:inst6|4x4ram:inst3|memory_cell:inst6|inst4  ; |ram|4x32ram:inst6|4x4ram:inst3|memory_cell:inst6|inst4  ; out0             ;
; |ram|4x32ram:inst6|4x4ram:inst3|memory_cell:inst4|inst3  ; |ram|4x32ram:inst6|4x4ram:inst3|memory_cell:inst4|inst3  ; out              ;
; |ram|4x32ram:inst6|4x4ram:inst3|memory_cell:inst4|inst   ; |ram|4x32ram:inst6|4x4ram:inst3|memory_cell:inst4|inst   ; regout           ;
; |ram|4x32ram:inst6|4x4ram:inst3|memory_cell:inst4|inst4  ; |ram|4x32ram:inst6|4x4ram:inst3|memory_cell:inst4|inst4  ; out0             ;
; |ram|4x32ram:inst6|4x4ram:inst3|24decoder:inst|inst3     ; |ram|4x32ram:inst6|4x4ram:inst3|24decoder:inst|inst3     ; out0             ;
; |ram|4x32ram:inst6|4x4ram:inst3|memory_cell:inst2|inst   ; |ram|4x32ram:inst6|4x4ram:inst3|memory_cell:inst2|inst   ; regout           ;
; |ram|4x32ram:inst6|4x4ram:inst3|memory_cell:inst2|inst4  ; |ram|4x32ram:inst6|4x4ram:inst3|memory_cell:inst2|inst4  ; out0             ;
; |ram|4x32ram:inst6|4x4ram:inst1|IN~0                     ; |ram|4x32ram:inst6|4x4ram:inst1|IN~0                     ; out0             ;
; |ram|4x32ram:inst6|4x4ram:inst1|IN~1                     ; |ram|4x32ram:inst6|4x4ram:inst1|IN~1                     ; out0             ;
; |ram|4x32ram:inst6|4x4ram:inst1|IN~2                     ; |ram|4x32ram:inst6|4x4ram:inst1|IN~2                     ; out0             ;
; |ram|4x32ram:inst6|4x4ram:inst1|IN~3                     ; |ram|4x32ram:inst6|4x4ram:inst1|IN~3                     ; out0             ;
; |ram|4x32ram:inst6|4x4ram:inst1|memory_cell:inst3|inst3  ; |ram|4x32ram:inst6|4x4ram:inst1|memory_cell:inst3|inst3  ; out              ;
; |ram|4x32ram:inst6|4x4ram:inst1|memory_cell:inst3|inst   ; |ram|4x32ram:inst6|4x4ram:inst1|memory_cell:inst3|inst   ; regout           ;
; |ram|4x32ram:inst6|4x4ram:inst1|memory_cell:inst3|inst4  ; |ram|4x32ram:inst6|4x4ram:inst1|memory_cell:inst3|inst4  ; out0             ;
; |ram|4x32ram:inst6|4x4ram:inst1|memory_cell:inst5|inst   ; |ram|4x32ram:inst6|4x4ram:inst1|memory_cell:inst5|inst   ; regout           ;
; |ram|4x32ram:inst6|4x4ram:inst1|memory_cell:inst5|inst4  ; |ram|4x32ram:inst6|4x4ram:inst1|memory_cell:inst5|inst4  ; out0             ;
; |ram|4x32ram:inst6|4x4ram:inst1|memory_cell:inst7|inst   ; |ram|4x32ram:inst6|4x4ram:inst1|memory_cell:inst7|inst   ; regout           ;
; |ram|4x32ram:inst6|4x4ram:inst1|memory_cell:inst1|inst   ; |ram|4x32ram:inst6|4x4ram:inst1|memory_cell:inst1|inst   ; regout           ;
; |ram|4x32ram:inst6|4x4ram:inst1|memory_cell:inst1|inst4  ; |ram|4x32ram:inst6|4x4ram:inst1|memory_cell:inst1|inst4  ; out0             ;
; |ram|4x32ram:inst6|4x4ram:inst1|memory_cell:inst16|inst  ; |ram|4x32ram:inst6|4x4ram:inst1|memory_cell:inst16|inst  ; regout           ;
; |ram|4x32ram:inst6|4x4ram:inst1|memory_cell:inst14|inst  ; |ram|4x32ram:inst6|4x4ram:inst1|memory_cell:inst14|inst  ; regout           ;
; |ram|4x32ram:inst6|4x4ram:inst1|memory_cell:inst14|inst4 ; |ram|4x32ram:inst6|4x4ram:inst1|memory_cell:inst14|inst4 ; out0             ;
; |ram|4x32ram:inst6|4x4ram:inst1|memory_cell:inst12|inst3 ; |ram|4x32ram:inst6|4x4ram:inst1|memory_cell:inst12|inst3 ; out              ;
; |ram|4x32ram:inst6|4x4ram:inst1|memory_cell:inst12|inst  ; |ram|4x32ram:inst6|4x4ram:inst1|memory_cell:inst12|inst  ; regout           ;
; |ram|4x32ram:inst6|4x4ram:inst1|memory_cell:inst12|inst4 ; |ram|4x32ram:inst6|4x4ram:inst1|memory_cell:inst12|inst4 ; out0             ;
; |ram|4x32ram:inst6|4x4ram:inst1|memory_cell:inst10|inst  ; |ram|4x32ram:inst6|4x4ram:inst1|memory_cell:inst10|inst  ; regout           ;
; |ram|4x32ram:inst6|4x4ram:inst1|memory_cell:inst10|inst4 ; |ram|4x32ram:inst6|4x4ram:inst1|memory_cell:inst10|inst4 ; out0             ;
; |ram|4x32ram:inst6|4x4ram:inst1|memory_cell:inst15|inst  ; |ram|4x32ram:inst6|4x4ram:inst1|memory_cell:inst15|inst  ; regout           ;
; |ram|4x32ram:inst6|4x4ram:inst1|memory_cell:inst13|inst  ; |ram|4x32ram:inst6|4x4ram:inst1|memory_cell:inst13|inst  ; regout           ;
; |ram|4x32ram:inst6|4x4ram:inst1|memory_cell:inst13|inst4 ; |ram|4x32ram:inst6|4x4ram:inst1|memory_cell:inst13|inst4 ; out0             ;
; |ram|4x32ram:inst6|4x4ram:inst1|memory_cell:inst11|inst3 ; |ram|4x32ram:inst6|4x4ram:inst1|memory_cell:inst11|inst3 ; out              ;
; |ram|4x32ram:inst6|4x4ram:inst1|memory_cell:inst11|inst  ; |ram|4x32ram:inst6|4x4ram:inst1|memory_cell:inst11|inst  ; regout           ;
; |ram|4x32ram:inst6|4x4ram:inst1|memory_cell:inst11|inst4 ; |ram|4x32ram:inst6|4x4ram:inst1|memory_cell:inst11|inst4 ; out0             ;
; |ram|4x32ram:inst6|4x4ram:inst1|memory_cell:inst9|inst   ; |ram|4x32ram:inst6|4x4ram:inst1|memory_cell:inst9|inst   ; regout           ;
; |ram|4x32ram:inst6|4x4ram:inst1|memory_cell:inst9|inst4  ; |ram|4x32ram:inst6|4x4ram:inst1|memory_cell:inst9|inst4  ; out0             ;
; |ram|4x32ram:inst6|4x4ram:inst1|memory_cell:inst8|inst   ; |ram|4x32ram:inst6|4x4ram:inst1|memory_cell:inst8|inst   ; regout           ;
; |ram|4x32ram:inst6|4x4ram:inst1|memory_cell:inst6|inst   ; |ram|4x32ram:inst6|4x4ram:inst1|memory_cell:inst6|inst   ; regout           ;
; |ram|4x32ram:inst6|4x4ram:inst1|memory_cell:inst6|inst4  ; |ram|4x32ram:inst6|4x4ram:inst1|memory_cell:inst6|inst4  ; out0             ;
; |ram|4x32ram:inst6|4x4ram:inst1|memory_cell:inst4|inst3  ; |ram|4x32ram:inst6|4x4ram:inst1|memory_cell:inst4|inst3  ; out              ;
; |ram|4x32ram:inst6|4x4ram:inst1|memory_cell:inst4|inst   ; |ram|4x32ram:inst6|4x4ram:inst1|memory_cell:inst4|inst   ; regout           ;
; |ram|4x32ram:inst6|4x4ram:inst1|memory_cell:inst4|inst4  ; |ram|4x32ram:inst6|4x4ram:inst1|memory_cell:inst4|inst4  ; out0             ;
; |ram|4x32ram:inst6|4x4ram:inst1|24decoder:inst|inst3     ; |ram|4x32ram:inst6|4x4ram:inst1|24decoder:inst|inst3     ; out0             ;
; |ram|4x32ram:inst6|4x4ram:inst1|memory_cell:inst2|inst   ; |ram|4x32ram:inst6|4x4ram:inst1|memory_cell:inst2|inst   ; regout           ;
; |ram|4x32ram:inst6|4x4ram:inst1|memory_cell:inst2|inst4  ; |ram|4x32ram:inst6|4x4ram:inst1|memory_cell:inst2|inst4  ; out0             ;
; |ram|4x32ram:inst6|4x4ram:inst|IN~0                      ; |ram|4x32ram:inst6|4x4ram:inst|IN~0                      ; out0             ;
; |ram|4x32ram:inst6|4x4ram:inst|IN~1                      ; |ram|4x32ram:inst6|4x4ram:inst|IN~1                      ; out0             ;
; |ram|4x32ram:inst6|4x4ram:inst|IN~2                      ; |ram|4x32ram:inst6|4x4ram:inst|IN~2                      ; out0             ;
; |ram|4x32ram:inst6|4x4ram:inst|IN~3                      ; |ram|4x32ram:inst6|4x4ram:inst|IN~3                      ; out0             ;
; |ram|4x32ram:inst6|4x4ram:inst|memory_cell:inst3|inst3   ; |ram|4x32ram:inst6|4x4ram:inst|memory_cell:inst3|inst3   ; out              ;
; |ram|4x32ram:inst6|4x4ram:inst|memory_cell:inst3|inst    ; |ram|4x32ram:inst6|4x4ram:inst|memory_cell:inst3|inst    ; regout           ;
; |ram|4x32ram:inst6|4x4ram:inst|memory_cell:inst3|inst4   ; |ram|4x32ram:inst6|4x4ram:inst|memory_cell:inst3|inst4   ; out0             ;
; |ram|4x32ram:inst6|4x4ram:inst|memory_cell:inst5|inst    ; |ram|4x32ram:inst6|4x4ram:inst|memory_cell:inst5|inst    ; regout           ;
; |ram|4x32ram:inst6|4x4ram:inst|memory_cell:inst5|inst4   ; |ram|4x32ram:inst6|4x4ram:inst|memory_cell:inst5|inst4   ; out0             ;
; |ram|4x32ram:inst6|4x4ram:inst|memory_cell:inst7|inst    ; |ram|4x32ram:inst6|4x4ram:inst|memory_cell:inst7|inst    ; regout           ;
; |ram|4x32ram:inst6|4x4ram:inst|memory_cell:inst1|inst    ; |ram|4x32ram:inst6|4x4ram:inst|memory_cell:inst1|inst    ; regout           ;
; |ram|4x32ram:inst6|4x4ram:inst|memory_cell:inst1|inst4   ; |ram|4x32ram:inst6|4x4ram:inst|memory_cell:inst1|inst4   ; out0             ;
; |ram|4x32ram:inst6|4x4ram:inst|memory_cell:inst16|inst   ; |ram|4x32ram:inst6|4x4ram:inst|memory_cell:inst16|inst   ; regout           ;
; |ram|4x32ram:inst6|4x4ram:inst|memory_cell:inst14|inst   ; |ram|4x32ram:inst6|4x4ram:inst|memory_cell:inst14|inst   ; regout           ;
; |ram|4x32ram:inst6|4x4ram:inst|memory_cell:inst14|inst4  ; |ram|4x32ram:inst6|4x4ram:inst|memory_cell:inst14|inst4  ; out0             ;
; |ram|4x32ram:inst6|4x4ram:inst|memory_cell:inst12|inst3  ; |ram|4x32ram:inst6|4x4ram:inst|memory_cell:inst12|inst3  ; out              ;
; |ram|4x32ram:inst6|4x4ram:inst|memory_cell:inst12|inst   ; |ram|4x32ram:inst6|4x4ram:inst|memory_cell:inst12|inst   ; regout           ;
; |ram|4x32ram:inst6|4x4ram:inst|memory_cell:inst12|inst4  ; |ram|4x32ram:inst6|4x4ram:inst|memory_cell:inst12|inst4  ; out0             ;
; |ram|4x32ram:inst6|4x4ram:inst|memory_cell:inst10|inst   ; |ram|4x32ram:inst6|4x4ram:inst|memory_cell:inst10|inst   ; regout           ;
; |ram|4x32ram:inst6|4x4ram:inst|memory_cell:inst10|inst4  ; |ram|4x32ram:inst6|4x4ram:inst|memory_cell:inst10|inst4  ; out0             ;
; |ram|4x32ram:inst6|4x4ram:inst|memory_cell:inst15|inst   ; |ram|4x32ram:inst6|4x4ram:inst|memory_cell:inst15|inst   ; regout           ;
; |ram|4x32ram:inst6|4x4ram:inst|memory_cell:inst13|inst   ; |ram|4x32ram:inst6|4x4ram:inst|memory_cell:inst13|inst   ; regout           ;
; |ram|4x32ram:inst6|4x4ram:inst|memory_cell:inst13|inst4  ; |ram|4x32ram:inst6|4x4ram:inst|memory_cell:inst13|inst4  ; out0             ;
; |ram|4x32ram:inst6|4x4ram:inst|memory_cell:inst11|inst3  ; |ram|4x32ram:inst6|4x4ram:inst|memory_cell:inst11|inst3  ; out              ;
; |ram|4x32ram:inst6|4x4ram:inst|memory_cell:inst11|inst   ; |ram|4x32ram:inst6|4x4ram:inst|memory_cell:inst11|inst   ; regout           ;
; |ram|4x32ram:inst6|4x4ram:inst|memory_cell:inst11|inst4  ; |ram|4x32ram:inst6|4x4ram:inst|memory_cell:inst11|inst4  ; out0             ;
; |ram|4x32ram:inst6|4x4ram:inst|memory_cell:inst9|inst    ; |ram|4x32ram:inst6|4x4ram:inst|memory_cell:inst9|inst    ; regout           ;
; |ram|4x32ram:inst6|4x4ram:inst|memory_cell:inst9|inst4   ; |ram|4x32ram:inst6|4x4ram:inst|memory_cell:inst9|inst4   ; out0             ;
; |ram|4x32ram:inst6|4x4ram:inst|memory_cell:inst8|inst    ; |ram|4x32ram:inst6|4x4ram:inst|memory_cell:inst8|inst    ; regout           ;
; |ram|4x32ram:inst6|4x4ram:inst|memory_cell:inst6|inst    ; |ram|4x32ram:inst6|4x4ram:inst|memory_cell:inst6|inst    ; regout           ;
; |ram|4x32ram:inst6|4x4ram:inst|memory_cell:inst6|inst4   ; |ram|4x32ram:inst6|4x4ram:inst|memory_cell:inst6|inst4   ; out0             ;
; |ram|4x32ram:inst6|4x4ram:inst|memory_cell:inst4|inst3   ; |ram|4x32ram:inst6|4x4ram:inst|memory_cell:inst4|inst3   ; out              ;
; |ram|4x32ram:inst6|4x4ram:inst|memory_cell:inst4|inst    ; |ram|4x32ram:inst6|4x4ram:inst|memory_cell:inst4|inst    ; regout           ;
; |ram|4x32ram:inst6|4x4ram:inst|memory_cell:inst4|inst4   ; |ram|4x32ram:inst6|4x4ram:inst|memory_cell:inst4|inst4   ; out0             ;
; |ram|4x32ram:inst6|4x4ram:inst|24decoder:inst|inst3      ; |ram|4x32ram:inst6|4x4ram:inst|24decoder:inst|inst3      ; out0             ;
; |ram|4x32ram:inst6|4x4ram:inst|memory_cell:inst2|inst    ; |ram|4x32ram:inst6|4x4ram:inst|memory_cell:inst2|inst    ; regout           ;
; |ram|4x32ram:inst6|4x4ram:inst|memory_cell:inst2|inst4   ; |ram|4x32ram:inst6|4x4ram:inst|memory_cell:inst2|inst4   ; out0             ;
; |ram|4x32ram:inst5|4x4ram:inst8|inst20                   ; |ram|4x32ram:inst5|4x4ram:inst8|inst20                   ; out              ;
; |ram|4x32ram:inst5|4x4ram:inst8|IN~0                     ; |ram|4x32ram:inst5|4x4ram:inst8|IN~0                     ; out0             ;
; |ram|4x32ram:inst5|4x4ram:inst8|inst17                   ; |ram|4x32ram:inst5|4x4ram:inst8|inst17                   ; out0             ;
; |ram|4x32ram:inst5|4x4ram:inst8|inst18                   ; |ram|4x32ram:inst5|4x4ram:inst8|inst18                   ; out0             ;
; |ram|4x32ram:inst5|4x4ram:inst8|inst21                   ; |ram|4x32ram:inst5|4x4ram:inst8|inst21                   ; out              ;
; |ram|4x32ram:inst5|4x4ram:inst8|IN~1                     ; |ram|4x32ram:inst5|4x4ram:inst8|IN~1                     ; out0             ;
; |ram|4x32ram:inst5|4x4ram:inst8|inst22                   ; |ram|4x32ram:inst5|4x4ram:inst8|inst22                   ; out              ;
; |ram|4x32ram:inst5|4x4ram:inst8|IN~2                     ; |ram|4x32ram:inst5|4x4ram:inst8|IN~2                     ; out0             ;
; |ram|4x32ram:inst5|4x4ram:inst8|inst19                   ; |ram|4x32ram:inst5|4x4ram:inst8|inst19                   ; out              ;
; |ram|4x32ram:inst5|4x4ram:inst8|IN~3                     ; |ram|4x32ram:inst5|4x4ram:inst8|IN~3                     ; out0             ;
; |ram|4x32ram:inst5|4x4ram:inst8|memory_cell:inst3|inst3  ; |ram|4x32ram:inst5|4x4ram:inst8|memory_cell:inst3|inst3  ; out              ;
; |ram|4x32ram:inst5|4x4ram:inst8|memory_cell:inst3|inst   ; |ram|4x32ram:inst5|4x4ram:inst8|memory_cell:inst3|inst   ; regout           ;
; |ram|4x32ram:inst5|4x4ram:inst8|memory_cell:inst3|inst4  ; |ram|4x32ram:inst5|4x4ram:inst8|memory_cell:inst3|inst4  ; out0             ;
; |ram|4x32ram:inst5|4x4ram:inst8|memory_cell:inst5|inst   ; |ram|4x32ram:inst5|4x4ram:inst8|memory_cell:inst5|inst   ; regout           ;
; |ram|4x32ram:inst5|4x4ram:inst8|memory_cell:inst5|inst4  ; |ram|4x32ram:inst5|4x4ram:inst8|memory_cell:inst5|inst4  ; out0             ;
; |ram|4x32ram:inst5|4x4ram:inst8|memory_cell:inst7|inst   ; |ram|4x32ram:inst5|4x4ram:inst8|memory_cell:inst7|inst   ; regout           ;
; |ram|4x32ram:inst5|4x4ram:inst8|memory_cell:inst7|inst4  ; |ram|4x32ram:inst5|4x4ram:inst8|memory_cell:inst7|inst4  ; out0             ;
; |ram|4x32ram:inst5|4x4ram:inst8|memory_cell:inst1|inst   ; |ram|4x32ram:inst5|4x4ram:inst8|memory_cell:inst1|inst   ; regout           ;
; |ram|4x32ram:inst5|4x4ram:inst8|memory_cell:inst1|inst4  ; |ram|4x32ram:inst5|4x4ram:inst8|memory_cell:inst1|inst4  ; out0             ;
; |ram|4x32ram:inst5|4x4ram:inst8|memory_cell:inst16|inst  ; |ram|4x32ram:inst5|4x4ram:inst8|memory_cell:inst16|inst  ; regout           ;
; |ram|4x32ram:inst5|4x4ram:inst8|memory_cell:inst16|inst4 ; |ram|4x32ram:inst5|4x4ram:inst8|memory_cell:inst16|inst4 ; out0             ;
; |ram|4x32ram:inst5|4x4ram:inst8|memory_cell:inst14|inst  ; |ram|4x32ram:inst5|4x4ram:inst8|memory_cell:inst14|inst  ; regout           ;
; |ram|4x32ram:inst5|4x4ram:inst8|memory_cell:inst14|inst4 ; |ram|4x32ram:inst5|4x4ram:inst8|memory_cell:inst14|inst4 ; out0             ;
; |ram|4x32ram:inst5|4x4ram:inst8|memory_cell:inst12|inst3 ; |ram|4x32ram:inst5|4x4ram:inst8|memory_cell:inst12|inst3 ; out              ;
; |ram|4x32ram:inst5|4x4ram:inst8|memory_cell:inst12|inst  ; |ram|4x32ram:inst5|4x4ram:inst8|memory_cell:inst12|inst  ; regout           ;
; |ram|4x32ram:inst5|4x4ram:inst8|memory_cell:inst12|inst4 ; |ram|4x32ram:inst5|4x4ram:inst8|memory_cell:inst12|inst4 ; out0             ;
; |ram|4x32ram:inst5|4x4ram:inst8|memory_cell:inst10|inst  ; |ram|4x32ram:inst5|4x4ram:inst8|memory_cell:inst10|inst  ; regout           ;
; |ram|4x32ram:inst5|4x4ram:inst8|memory_cell:inst10|inst4 ; |ram|4x32ram:inst5|4x4ram:inst8|memory_cell:inst10|inst4 ; out0             ;
; |ram|4x32ram:inst5|4x4ram:inst8|memory_cell:inst15|inst  ; |ram|4x32ram:inst5|4x4ram:inst8|memory_cell:inst15|inst  ; regout           ;
; |ram|4x32ram:inst5|4x4ram:inst8|memory_cell:inst15|inst4 ; |ram|4x32ram:inst5|4x4ram:inst8|memory_cell:inst15|inst4 ; out0             ;
; |ram|4x32ram:inst5|4x4ram:inst8|memory_cell:inst13|inst  ; |ram|4x32ram:inst5|4x4ram:inst8|memory_cell:inst13|inst  ; regout           ;
; |ram|4x32ram:inst5|4x4ram:inst8|memory_cell:inst13|inst4 ; |ram|4x32ram:inst5|4x4ram:inst8|memory_cell:inst13|inst4 ; out0             ;
; |ram|4x32ram:inst5|4x4ram:inst8|memory_cell:inst11|inst3 ; |ram|4x32ram:inst5|4x4ram:inst8|memory_cell:inst11|inst3 ; out              ;
; |ram|4x32ram:inst5|4x4ram:inst8|memory_cell:inst11|inst  ; |ram|4x32ram:inst5|4x4ram:inst8|memory_cell:inst11|inst  ; regout           ;
; |ram|4x32ram:inst5|4x4ram:inst8|memory_cell:inst11|inst4 ; |ram|4x32ram:inst5|4x4ram:inst8|memory_cell:inst11|inst4 ; out0             ;
; |ram|4x32ram:inst5|4x4ram:inst8|memory_cell:inst9|inst   ; |ram|4x32ram:inst5|4x4ram:inst8|memory_cell:inst9|inst   ; regout           ;
; |ram|4x32ram:inst5|4x4ram:inst8|memory_cell:inst9|inst4  ; |ram|4x32ram:inst5|4x4ram:inst8|memory_cell:inst9|inst4  ; out0             ;
; |ram|4x32ram:inst5|4x4ram:inst8|memory_cell:inst8|inst   ; |ram|4x32ram:inst5|4x4ram:inst8|memory_cell:inst8|inst   ; regout           ;
; |ram|4x32ram:inst5|4x4ram:inst8|memory_cell:inst8|inst4  ; |ram|4x32ram:inst5|4x4ram:inst8|memory_cell:inst8|inst4  ; out0             ;
; |ram|4x32ram:inst5|4x4ram:inst8|memory_cell:inst6|inst   ; |ram|4x32ram:inst5|4x4ram:inst8|memory_cell:inst6|inst   ; regout           ;
; |ram|4x32ram:inst5|4x4ram:inst8|memory_cell:inst6|inst4  ; |ram|4x32ram:inst5|4x4ram:inst8|memory_cell:inst6|inst4  ; out0             ;
; |ram|4x32ram:inst5|4x4ram:inst8|memory_cell:inst4|inst3  ; |ram|4x32ram:inst5|4x4ram:inst8|memory_cell:inst4|inst3  ; out              ;
; |ram|4x32ram:inst5|4x4ram:inst8|memory_cell:inst4|inst   ; |ram|4x32ram:inst5|4x4ram:inst8|memory_cell:inst4|inst   ; regout           ;
; |ram|4x32ram:inst5|4x4ram:inst8|memory_cell:inst4|inst4  ; |ram|4x32ram:inst5|4x4ram:inst8|memory_cell:inst4|inst4  ; out0             ;
; |ram|4x32ram:inst5|4x4ram:inst8|24decoder:inst|inst3     ; |ram|4x32ram:inst5|4x4ram:inst8|24decoder:inst|inst3     ; out0             ;
; |ram|4x32ram:inst5|4x4ram:inst8|memory_cell:inst2|inst   ; |ram|4x32ram:inst5|4x4ram:inst8|memory_cell:inst2|inst   ; regout           ;
; |ram|4x32ram:inst5|4x4ram:inst8|memory_cell:inst2|inst4  ; |ram|4x32ram:inst5|4x4ram:inst8|memory_cell:inst2|inst4  ; out0             ;
; |ram|4x32ram:inst5|4x4ram:inst7|inst20                   ; |ram|4x32ram:inst5|4x4ram:inst7|inst20                   ; out              ;
; |ram|4x32ram:inst5|4x4ram:inst7|IN~0                     ; |ram|4x32ram:inst5|4x4ram:inst7|IN~0                     ; out0             ;
; |ram|4x32ram:inst5|4x4ram:inst7|inst17                   ; |ram|4x32ram:inst5|4x4ram:inst7|inst17                   ; out0             ;
; |ram|4x32ram:inst5|4x4ram:inst7|inst18                   ; |ram|4x32ram:inst5|4x4ram:inst7|inst18                   ; out0             ;
; |ram|4x32ram:inst5|4x4ram:inst7|inst21                   ; |ram|4x32ram:inst5|4x4ram:inst7|inst21                   ; out              ;
; |ram|4x32ram:inst5|4x4ram:inst7|IN~1                     ; |ram|4x32ram:inst5|4x4ram:inst7|IN~1                     ; out0             ;
; |ram|4x32ram:inst5|4x4ram:inst7|inst22                   ; |ram|4x32ram:inst5|4x4ram:inst7|inst22                   ; out              ;
; |ram|4x32ram:inst5|4x4ram:inst7|IN~2                     ; |ram|4x32ram:inst5|4x4ram:inst7|IN~2                     ; out0             ;
; |ram|4x32ram:inst5|4x4ram:inst7|inst19                   ; |ram|4x32ram:inst5|4x4ram:inst7|inst19                   ; out              ;
; |ram|4x32ram:inst5|4x4ram:inst7|IN~3                     ; |ram|4x32ram:inst5|4x4ram:inst7|IN~3                     ; out0             ;
; |ram|4x32ram:inst5|4x4ram:inst7|memory_cell:inst3|inst3  ; |ram|4x32ram:inst5|4x4ram:inst7|memory_cell:inst3|inst3  ; out              ;
; |ram|4x32ram:inst5|4x4ram:inst7|memory_cell:inst3|inst   ; |ram|4x32ram:inst5|4x4ram:inst7|memory_cell:inst3|inst   ; regout           ;
; |ram|4x32ram:inst5|4x4ram:inst7|memory_cell:inst3|inst4  ; |ram|4x32ram:inst5|4x4ram:inst7|memory_cell:inst3|inst4  ; out0             ;
; |ram|4x32ram:inst5|4x4ram:inst7|memory_cell:inst5|inst   ; |ram|4x32ram:inst5|4x4ram:inst7|memory_cell:inst5|inst   ; regout           ;
; |ram|4x32ram:inst5|4x4ram:inst7|memory_cell:inst5|inst4  ; |ram|4x32ram:inst5|4x4ram:inst7|memory_cell:inst5|inst4  ; out0             ;
; |ram|4x32ram:inst5|4x4ram:inst7|memory_cell:inst7|inst   ; |ram|4x32ram:inst5|4x4ram:inst7|memory_cell:inst7|inst   ; regout           ;
; |ram|4x32ram:inst5|4x4ram:inst7|memory_cell:inst7|inst4  ; |ram|4x32ram:inst5|4x4ram:inst7|memory_cell:inst7|inst4  ; out0             ;
; |ram|4x32ram:inst5|4x4ram:inst7|memory_cell:inst1|inst   ; |ram|4x32ram:inst5|4x4ram:inst7|memory_cell:inst1|inst   ; regout           ;
; |ram|4x32ram:inst5|4x4ram:inst7|memory_cell:inst1|inst4  ; |ram|4x32ram:inst5|4x4ram:inst7|memory_cell:inst1|inst4  ; out0             ;
; |ram|4x32ram:inst5|4x4ram:inst7|memory_cell:inst16|inst  ; |ram|4x32ram:inst5|4x4ram:inst7|memory_cell:inst16|inst  ; regout           ;
; |ram|4x32ram:inst5|4x4ram:inst7|memory_cell:inst16|inst4 ; |ram|4x32ram:inst5|4x4ram:inst7|memory_cell:inst16|inst4 ; out0             ;
; |ram|4x32ram:inst5|4x4ram:inst7|memory_cell:inst14|inst  ; |ram|4x32ram:inst5|4x4ram:inst7|memory_cell:inst14|inst  ; regout           ;
; |ram|4x32ram:inst5|4x4ram:inst7|memory_cell:inst14|inst4 ; |ram|4x32ram:inst5|4x4ram:inst7|memory_cell:inst14|inst4 ; out0             ;
; |ram|4x32ram:inst5|4x4ram:inst7|memory_cell:inst12|inst3 ; |ram|4x32ram:inst5|4x4ram:inst7|memory_cell:inst12|inst3 ; out              ;
; |ram|4x32ram:inst5|4x4ram:inst7|memory_cell:inst12|inst  ; |ram|4x32ram:inst5|4x4ram:inst7|memory_cell:inst12|inst  ; regout           ;
; |ram|4x32ram:inst5|4x4ram:inst7|memory_cell:inst12|inst4 ; |ram|4x32ram:inst5|4x4ram:inst7|memory_cell:inst12|inst4 ; out0             ;
; |ram|4x32ram:inst5|4x4ram:inst7|memory_cell:inst10|inst  ; |ram|4x32ram:inst5|4x4ram:inst7|memory_cell:inst10|inst  ; regout           ;
; |ram|4x32ram:inst5|4x4ram:inst7|memory_cell:inst10|inst4 ; |ram|4x32ram:inst5|4x4ram:inst7|memory_cell:inst10|inst4 ; out0             ;
; |ram|4x32ram:inst5|4x4ram:inst7|memory_cell:inst15|inst  ; |ram|4x32ram:inst5|4x4ram:inst7|memory_cell:inst15|inst  ; regout           ;
; |ram|4x32ram:inst5|4x4ram:inst7|memory_cell:inst15|inst4 ; |ram|4x32ram:inst5|4x4ram:inst7|memory_cell:inst15|inst4 ; out0             ;
; |ram|4x32ram:inst5|4x4ram:inst7|memory_cell:inst13|inst  ; |ram|4x32ram:inst5|4x4ram:inst7|memory_cell:inst13|inst  ; regout           ;
; |ram|4x32ram:inst5|4x4ram:inst7|memory_cell:inst13|inst4 ; |ram|4x32ram:inst5|4x4ram:inst7|memory_cell:inst13|inst4 ; out0             ;
; |ram|4x32ram:inst5|4x4ram:inst7|memory_cell:inst11|inst3 ; |ram|4x32ram:inst5|4x4ram:inst7|memory_cell:inst11|inst3 ; out              ;
; |ram|4x32ram:inst5|4x4ram:inst7|memory_cell:inst11|inst  ; |ram|4x32ram:inst5|4x4ram:inst7|memory_cell:inst11|inst  ; regout           ;
; |ram|4x32ram:inst5|4x4ram:inst7|memory_cell:inst11|inst4 ; |ram|4x32ram:inst5|4x4ram:inst7|memory_cell:inst11|inst4 ; out0             ;
; |ram|4x32ram:inst5|4x4ram:inst7|memory_cell:inst9|inst   ; |ram|4x32ram:inst5|4x4ram:inst7|memory_cell:inst9|inst   ; regout           ;
; |ram|4x32ram:inst5|4x4ram:inst7|memory_cell:inst9|inst4  ; |ram|4x32ram:inst5|4x4ram:inst7|memory_cell:inst9|inst4  ; out0             ;
; |ram|4x32ram:inst5|4x4ram:inst7|memory_cell:inst8|inst   ; |ram|4x32ram:inst5|4x4ram:inst7|memory_cell:inst8|inst   ; regout           ;
; |ram|4x32ram:inst5|4x4ram:inst7|memory_cell:inst8|inst4  ; |ram|4x32ram:inst5|4x4ram:inst7|memory_cell:inst8|inst4  ; out0             ;
; |ram|4x32ram:inst5|4x4ram:inst7|memory_cell:inst6|inst   ; |ram|4x32ram:inst5|4x4ram:inst7|memory_cell:inst6|inst   ; regout           ;
; |ram|4x32ram:inst5|4x4ram:inst7|memory_cell:inst6|inst4  ; |ram|4x32ram:inst5|4x4ram:inst7|memory_cell:inst6|inst4  ; out0             ;
; |ram|4x32ram:inst5|4x4ram:inst7|memory_cell:inst4|inst3  ; |ram|4x32ram:inst5|4x4ram:inst7|memory_cell:inst4|inst3  ; out              ;
; |ram|4x32ram:inst5|4x4ram:inst7|memory_cell:inst4|inst   ; |ram|4x32ram:inst5|4x4ram:inst7|memory_cell:inst4|inst   ; regout           ;
; |ram|4x32ram:inst5|4x4ram:inst7|memory_cell:inst4|inst4  ; |ram|4x32ram:inst5|4x4ram:inst7|memory_cell:inst4|inst4  ; out0             ;
; |ram|4x32ram:inst5|4x4ram:inst7|24decoder:inst|inst3     ; |ram|4x32ram:inst5|4x4ram:inst7|24decoder:inst|inst3     ; out0             ;
; |ram|4x32ram:inst5|4x4ram:inst7|memory_cell:inst2|inst   ; |ram|4x32ram:inst5|4x4ram:inst7|memory_cell:inst2|inst   ; regout           ;
; |ram|4x32ram:inst5|4x4ram:inst7|memory_cell:inst2|inst4  ; |ram|4x32ram:inst5|4x4ram:inst7|memory_cell:inst2|inst4  ; out0             ;
; |ram|4x32ram:inst5|4x4ram:inst6|inst20                   ; |ram|4x32ram:inst5|4x4ram:inst6|inst20                   ; out              ;
; |ram|4x32ram:inst5|4x4ram:inst6|IN~0                     ; |ram|4x32ram:inst5|4x4ram:inst6|IN~0                     ; out0             ;
; |ram|4x32ram:inst5|4x4ram:inst6|inst17                   ; |ram|4x32ram:inst5|4x4ram:inst6|inst17                   ; out0             ;
; |ram|4x32ram:inst5|4x4ram:inst6|inst18                   ; |ram|4x32ram:inst5|4x4ram:inst6|inst18                   ; out0             ;
; |ram|4x32ram:inst5|4x4ram:inst6|inst21                   ; |ram|4x32ram:inst5|4x4ram:inst6|inst21                   ; out              ;
; |ram|4x32ram:inst5|4x4ram:inst6|IN~1                     ; |ram|4x32ram:inst5|4x4ram:inst6|IN~1                     ; out0             ;
; |ram|4x32ram:inst5|4x4ram:inst6|inst22                   ; |ram|4x32ram:inst5|4x4ram:inst6|inst22                   ; out              ;
; |ram|4x32ram:inst5|4x4ram:inst6|IN~2                     ; |ram|4x32ram:inst5|4x4ram:inst6|IN~2                     ; out0             ;
; |ram|4x32ram:inst5|4x4ram:inst6|inst19                   ; |ram|4x32ram:inst5|4x4ram:inst6|inst19                   ; out              ;
; |ram|4x32ram:inst5|4x4ram:inst6|IN~3                     ; |ram|4x32ram:inst5|4x4ram:inst6|IN~3                     ; out0             ;
; |ram|4x32ram:inst5|4x4ram:inst6|memory_cell:inst3|inst3  ; |ram|4x32ram:inst5|4x4ram:inst6|memory_cell:inst3|inst3  ; out              ;
; |ram|4x32ram:inst5|4x4ram:inst6|memory_cell:inst3|inst   ; |ram|4x32ram:inst5|4x4ram:inst6|memory_cell:inst3|inst   ; regout           ;
; |ram|4x32ram:inst5|4x4ram:inst6|memory_cell:inst3|inst4  ; |ram|4x32ram:inst5|4x4ram:inst6|memory_cell:inst3|inst4  ; out0             ;
; |ram|4x32ram:inst5|4x4ram:inst6|memory_cell:inst5|inst   ; |ram|4x32ram:inst5|4x4ram:inst6|memory_cell:inst5|inst   ; regout           ;
; |ram|4x32ram:inst5|4x4ram:inst6|memory_cell:inst5|inst4  ; |ram|4x32ram:inst5|4x4ram:inst6|memory_cell:inst5|inst4  ; out0             ;
; |ram|4x32ram:inst5|4x4ram:inst6|memory_cell:inst7|inst   ; |ram|4x32ram:inst5|4x4ram:inst6|memory_cell:inst7|inst   ; regout           ;
; |ram|4x32ram:inst5|4x4ram:inst6|memory_cell:inst7|inst4  ; |ram|4x32ram:inst5|4x4ram:inst6|memory_cell:inst7|inst4  ; out0             ;
; |ram|4x32ram:inst5|4x4ram:inst6|memory_cell:inst1|inst   ; |ram|4x32ram:inst5|4x4ram:inst6|memory_cell:inst1|inst   ; regout           ;
; |ram|4x32ram:inst5|4x4ram:inst6|memory_cell:inst1|inst4  ; |ram|4x32ram:inst5|4x4ram:inst6|memory_cell:inst1|inst4  ; out0             ;
; |ram|4x32ram:inst5|4x4ram:inst6|memory_cell:inst16|inst  ; |ram|4x32ram:inst5|4x4ram:inst6|memory_cell:inst16|inst  ; regout           ;
; |ram|4x32ram:inst5|4x4ram:inst6|memory_cell:inst16|inst4 ; |ram|4x32ram:inst5|4x4ram:inst6|memory_cell:inst16|inst4 ; out0             ;
; |ram|4x32ram:inst5|4x4ram:inst6|memory_cell:inst14|inst  ; |ram|4x32ram:inst5|4x4ram:inst6|memory_cell:inst14|inst  ; regout           ;
; |ram|4x32ram:inst5|4x4ram:inst6|memory_cell:inst14|inst4 ; |ram|4x32ram:inst5|4x4ram:inst6|memory_cell:inst14|inst4 ; out0             ;
; |ram|4x32ram:inst5|4x4ram:inst6|memory_cell:inst12|inst3 ; |ram|4x32ram:inst5|4x4ram:inst6|memory_cell:inst12|inst3 ; out              ;
; |ram|4x32ram:inst5|4x4ram:inst6|memory_cell:inst12|inst  ; |ram|4x32ram:inst5|4x4ram:inst6|memory_cell:inst12|inst  ; regout           ;
; |ram|4x32ram:inst5|4x4ram:inst6|memory_cell:inst12|inst4 ; |ram|4x32ram:inst5|4x4ram:inst6|memory_cell:inst12|inst4 ; out0             ;
; |ram|4x32ram:inst5|4x4ram:inst6|memory_cell:inst10|inst  ; |ram|4x32ram:inst5|4x4ram:inst6|memory_cell:inst10|inst  ; regout           ;
; |ram|4x32ram:inst5|4x4ram:inst6|memory_cell:inst10|inst4 ; |ram|4x32ram:inst5|4x4ram:inst6|memory_cell:inst10|inst4 ; out0             ;
; |ram|4x32ram:inst5|4x4ram:inst6|memory_cell:inst15|inst  ; |ram|4x32ram:inst5|4x4ram:inst6|memory_cell:inst15|inst  ; regout           ;
; |ram|4x32ram:inst5|4x4ram:inst6|memory_cell:inst15|inst4 ; |ram|4x32ram:inst5|4x4ram:inst6|memory_cell:inst15|inst4 ; out0             ;
; |ram|4x32ram:inst5|4x4ram:inst6|memory_cell:inst13|inst  ; |ram|4x32ram:inst5|4x4ram:inst6|memory_cell:inst13|inst  ; regout           ;
; |ram|4x32ram:inst5|4x4ram:inst6|memory_cell:inst13|inst4 ; |ram|4x32ram:inst5|4x4ram:inst6|memory_cell:inst13|inst4 ; out0             ;
; |ram|4x32ram:inst5|4x4ram:inst6|memory_cell:inst11|inst3 ; |ram|4x32ram:inst5|4x4ram:inst6|memory_cell:inst11|inst3 ; out              ;
; |ram|4x32ram:inst5|4x4ram:inst6|memory_cell:inst11|inst  ; |ram|4x32ram:inst5|4x4ram:inst6|memory_cell:inst11|inst  ; regout           ;
; |ram|4x32ram:inst5|4x4ram:inst6|memory_cell:inst11|inst4 ; |ram|4x32ram:inst5|4x4ram:inst6|memory_cell:inst11|inst4 ; out0             ;
; |ram|4x32ram:inst5|4x4ram:inst6|memory_cell:inst9|inst   ; |ram|4x32ram:inst5|4x4ram:inst6|memory_cell:inst9|inst   ; regout           ;
; |ram|4x32ram:inst5|4x4ram:inst6|memory_cell:inst9|inst4  ; |ram|4x32ram:inst5|4x4ram:inst6|memory_cell:inst9|inst4  ; out0             ;
; |ram|4x32ram:inst5|4x4ram:inst6|memory_cell:inst8|inst   ; |ram|4x32ram:inst5|4x4ram:inst6|memory_cell:inst8|inst   ; regout           ;
; |ram|4x32ram:inst5|4x4ram:inst6|memory_cell:inst8|inst4  ; |ram|4x32ram:inst5|4x4ram:inst6|memory_cell:inst8|inst4  ; out0             ;
; |ram|4x32ram:inst5|4x4ram:inst6|memory_cell:inst6|inst   ; |ram|4x32ram:inst5|4x4ram:inst6|memory_cell:inst6|inst   ; regout           ;
; |ram|4x32ram:inst5|4x4ram:inst6|memory_cell:inst6|inst4  ; |ram|4x32ram:inst5|4x4ram:inst6|memory_cell:inst6|inst4  ; out0             ;
; |ram|4x32ram:inst5|4x4ram:inst6|memory_cell:inst4|inst3  ; |ram|4x32ram:inst5|4x4ram:inst6|memory_cell:inst4|inst3  ; out              ;
; |ram|4x32ram:inst5|4x4ram:inst6|memory_cell:inst4|inst   ; |ram|4x32ram:inst5|4x4ram:inst6|memory_cell:inst4|inst   ; regout           ;
; |ram|4x32ram:inst5|4x4ram:inst6|memory_cell:inst4|inst4  ; |ram|4x32ram:inst5|4x4ram:inst6|memory_cell:inst4|inst4  ; out0             ;
; |ram|4x32ram:inst5|4x4ram:inst6|24decoder:inst|inst3     ; |ram|4x32ram:inst5|4x4ram:inst6|24decoder:inst|inst3     ; out0             ;
; |ram|4x32ram:inst5|4x4ram:inst6|memory_cell:inst2|inst   ; |ram|4x32ram:inst5|4x4ram:inst6|memory_cell:inst2|inst   ; regout           ;
; |ram|4x32ram:inst5|4x4ram:inst6|memory_cell:inst2|inst4  ; |ram|4x32ram:inst5|4x4ram:inst6|memory_cell:inst2|inst4  ; out0             ;
; |ram|4x32ram:inst5|4x4ram:inst5|inst20                   ; |ram|4x32ram:inst5|4x4ram:inst5|inst20                   ; out              ;
; |ram|4x32ram:inst5|4x4ram:inst5|IN~0                     ; |ram|4x32ram:inst5|4x4ram:inst5|IN~0                     ; out0             ;
; |ram|4x32ram:inst5|4x4ram:inst5|inst17                   ; |ram|4x32ram:inst5|4x4ram:inst5|inst17                   ; out0             ;
; |ram|4x32ram:inst5|4x4ram:inst5|inst18                   ; |ram|4x32ram:inst5|4x4ram:inst5|inst18                   ; out0             ;
; |ram|4x32ram:inst5|4x4ram:inst5|inst21                   ; |ram|4x32ram:inst5|4x4ram:inst5|inst21                   ; out              ;
; |ram|4x32ram:inst5|4x4ram:inst5|IN~1                     ; |ram|4x32ram:inst5|4x4ram:inst5|IN~1                     ; out0             ;
; |ram|4x32ram:inst5|4x4ram:inst5|inst22                   ; |ram|4x32ram:inst5|4x4ram:inst5|inst22                   ; out              ;
; |ram|4x32ram:inst5|4x4ram:inst5|IN~2                     ; |ram|4x32ram:inst5|4x4ram:inst5|IN~2                     ; out0             ;
; |ram|4x32ram:inst5|4x4ram:inst5|inst19                   ; |ram|4x32ram:inst5|4x4ram:inst5|inst19                   ; out              ;
; |ram|4x32ram:inst5|4x4ram:inst5|IN~3                     ; |ram|4x32ram:inst5|4x4ram:inst5|IN~3                     ; out0             ;
; |ram|4x32ram:inst5|4x4ram:inst5|memory_cell:inst3|inst3  ; |ram|4x32ram:inst5|4x4ram:inst5|memory_cell:inst3|inst3  ; out              ;
; |ram|4x32ram:inst5|4x4ram:inst5|memory_cell:inst3|inst   ; |ram|4x32ram:inst5|4x4ram:inst5|memory_cell:inst3|inst   ; regout           ;
; |ram|4x32ram:inst5|4x4ram:inst5|memory_cell:inst3|inst4  ; |ram|4x32ram:inst5|4x4ram:inst5|memory_cell:inst3|inst4  ; out0             ;
; |ram|4x32ram:inst5|4x4ram:inst5|memory_cell:inst5|inst   ; |ram|4x32ram:inst5|4x4ram:inst5|memory_cell:inst5|inst   ; regout           ;
; |ram|4x32ram:inst5|4x4ram:inst5|memory_cell:inst5|inst4  ; |ram|4x32ram:inst5|4x4ram:inst5|memory_cell:inst5|inst4  ; out0             ;
; |ram|4x32ram:inst5|4x4ram:inst5|memory_cell:inst7|inst   ; |ram|4x32ram:inst5|4x4ram:inst5|memory_cell:inst7|inst   ; regout           ;
; |ram|4x32ram:inst5|4x4ram:inst5|memory_cell:inst7|inst4  ; |ram|4x32ram:inst5|4x4ram:inst5|memory_cell:inst7|inst4  ; out0             ;
; |ram|4x32ram:inst5|4x4ram:inst5|memory_cell:inst1|inst   ; |ram|4x32ram:inst5|4x4ram:inst5|memory_cell:inst1|inst   ; regout           ;
; |ram|4x32ram:inst5|4x4ram:inst5|memory_cell:inst1|inst4  ; |ram|4x32ram:inst5|4x4ram:inst5|memory_cell:inst1|inst4  ; out0             ;
; |ram|4x32ram:inst5|4x4ram:inst5|memory_cell:inst16|inst  ; |ram|4x32ram:inst5|4x4ram:inst5|memory_cell:inst16|inst  ; regout           ;
; |ram|4x32ram:inst5|4x4ram:inst5|memory_cell:inst16|inst4 ; |ram|4x32ram:inst5|4x4ram:inst5|memory_cell:inst16|inst4 ; out0             ;
; |ram|4x32ram:inst5|4x4ram:inst5|memory_cell:inst14|inst  ; |ram|4x32ram:inst5|4x4ram:inst5|memory_cell:inst14|inst  ; regout           ;
; |ram|4x32ram:inst5|4x4ram:inst5|memory_cell:inst14|inst4 ; |ram|4x32ram:inst5|4x4ram:inst5|memory_cell:inst14|inst4 ; out0             ;
; |ram|4x32ram:inst5|4x4ram:inst5|memory_cell:inst12|inst3 ; |ram|4x32ram:inst5|4x4ram:inst5|memory_cell:inst12|inst3 ; out              ;
; |ram|4x32ram:inst5|4x4ram:inst5|memory_cell:inst12|inst  ; |ram|4x32ram:inst5|4x4ram:inst5|memory_cell:inst12|inst  ; regout           ;
; |ram|4x32ram:inst5|4x4ram:inst5|memory_cell:inst12|inst4 ; |ram|4x32ram:inst5|4x4ram:inst5|memory_cell:inst12|inst4 ; out0             ;
; |ram|4x32ram:inst5|4x4ram:inst5|memory_cell:inst10|inst  ; |ram|4x32ram:inst5|4x4ram:inst5|memory_cell:inst10|inst  ; regout           ;
; |ram|4x32ram:inst5|4x4ram:inst5|memory_cell:inst10|inst4 ; |ram|4x32ram:inst5|4x4ram:inst5|memory_cell:inst10|inst4 ; out0             ;
; |ram|4x32ram:inst5|4x4ram:inst5|memory_cell:inst15|inst  ; |ram|4x32ram:inst5|4x4ram:inst5|memory_cell:inst15|inst  ; regout           ;
; |ram|4x32ram:inst5|4x4ram:inst5|memory_cell:inst15|inst4 ; |ram|4x32ram:inst5|4x4ram:inst5|memory_cell:inst15|inst4 ; out0             ;
; |ram|4x32ram:inst5|4x4ram:inst5|memory_cell:inst13|inst  ; |ram|4x32ram:inst5|4x4ram:inst5|memory_cell:inst13|inst  ; regout           ;
; |ram|4x32ram:inst5|4x4ram:inst5|memory_cell:inst13|inst4 ; |ram|4x32ram:inst5|4x4ram:inst5|memory_cell:inst13|inst4 ; out0             ;
; |ram|4x32ram:inst5|4x4ram:inst5|memory_cell:inst11|inst3 ; |ram|4x32ram:inst5|4x4ram:inst5|memory_cell:inst11|inst3 ; out              ;
; |ram|4x32ram:inst5|4x4ram:inst5|memory_cell:inst11|inst  ; |ram|4x32ram:inst5|4x4ram:inst5|memory_cell:inst11|inst  ; regout           ;
; |ram|4x32ram:inst5|4x4ram:inst5|memory_cell:inst11|inst4 ; |ram|4x32ram:inst5|4x4ram:inst5|memory_cell:inst11|inst4 ; out0             ;
; |ram|4x32ram:inst5|4x4ram:inst5|memory_cell:inst9|inst   ; |ram|4x32ram:inst5|4x4ram:inst5|memory_cell:inst9|inst   ; regout           ;
; |ram|4x32ram:inst5|4x4ram:inst5|memory_cell:inst9|inst4  ; |ram|4x32ram:inst5|4x4ram:inst5|memory_cell:inst9|inst4  ; out0             ;
; |ram|4x32ram:inst5|4x4ram:inst5|memory_cell:inst8|inst   ; |ram|4x32ram:inst5|4x4ram:inst5|memory_cell:inst8|inst   ; regout           ;
; |ram|4x32ram:inst5|4x4ram:inst5|memory_cell:inst8|inst4  ; |ram|4x32ram:inst5|4x4ram:inst5|memory_cell:inst8|inst4  ; out0             ;
; |ram|4x32ram:inst5|4x4ram:inst5|memory_cell:inst6|inst   ; |ram|4x32ram:inst5|4x4ram:inst5|memory_cell:inst6|inst   ; regout           ;
; |ram|4x32ram:inst5|4x4ram:inst5|memory_cell:inst6|inst4  ; |ram|4x32ram:inst5|4x4ram:inst5|memory_cell:inst6|inst4  ; out0             ;
; |ram|4x32ram:inst5|4x4ram:inst5|memory_cell:inst4|inst3  ; |ram|4x32ram:inst5|4x4ram:inst5|memory_cell:inst4|inst3  ; out              ;
; |ram|4x32ram:inst5|4x4ram:inst5|memory_cell:inst4|inst   ; |ram|4x32ram:inst5|4x4ram:inst5|memory_cell:inst4|inst   ; regout           ;
; |ram|4x32ram:inst5|4x4ram:inst5|memory_cell:inst4|inst4  ; |ram|4x32ram:inst5|4x4ram:inst5|memory_cell:inst4|inst4  ; out0             ;
; |ram|4x32ram:inst5|4x4ram:inst5|24decoder:inst|inst3     ; |ram|4x32ram:inst5|4x4ram:inst5|24decoder:inst|inst3     ; out0             ;
; |ram|4x32ram:inst5|4x4ram:inst5|memory_cell:inst2|inst   ; |ram|4x32ram:inst5|4x4ram:inst5|memory_cell:inst2|inst   ; regout           ;
; |ram|4x32ram:inst5|4x4ram:inst5|memory_cell:inst2|inst4  ; |ram|4x32ram:inst5|4x4ram:inst5|memory_cell:inst2|inst4  ; out0             ;
; |ram|4x32ram:inst5|4x4ram:inst4|inst20                   ; |ram|4x32ram:inst5|4x4ram:inst4|inst20                   ; out              ;
; |ram|4x32ram:inst5|4x4ram:inst4|IN~0                     ; |ram|4x32ram:inst5|4x4ram:inst4|IN~0                     ; out0             ;
; |ram|4x32ram:inst5|4x4ram:inst4|inst17                   ; |ram|4x32ram:inst5|4x4ram:inst4|inst17                   ; out0             ;
; |ram|4x32ram:inst5|4x4ram:inst4|inst18                   ; |ram|4x32ram:inst5|4x4ram:inst4|inst18                   ; out0             ;
; |ram|4x32ram:inst5|4x4ram:inst4|inst21                   ; |ram|4x32ram:inst5|4x4ram:inst4|inst21                   ; out              ;
; |ram|4x32ram:inst5|4x4ram:inst4|IN~1                     ; |ram|4x32ram:inst5|4x4ram:inst4|IN~1                     ; out0             ;
; |ram|4x32ram:inst5|4x4ram:inst4|inst22                   ; |ram|4x32ram:inst5|4x4ram:inst4|inst22                   ; out              ;
; |ram|4x32ram:inst5|4x4ram:inst4|IN~2                     ; |ram|4x32ram:inst5|4x4ram:inst4|IN~2                     ; out0             ;
; |ram|4x32ram:inst5|4x4ram:inst4|inst19                   ; |ram|4x32ram:inst5|4x4ram:inst4|inst19                   ; out              ;
; |ram|4x32ram:inst5|4x4ram:inst4|IN~3                     ; |ram|4x32ram:inst5|4x4ram:inst4|IN~3                     ; out0             ;
; |ram|4x32ram:inst5|4x4ram:inst4|memory_cell:inst3|inst3  ; |ram|4x32ram:inst5|4x4ram:inst4|memory_cell:inst3|inst3  ; out              ;
; |ram|4x32ram:inst5|4x4ram:inst4|memory_cell:inst3|inst   ; |ram|4x32ram:inst5|4x4ram:inst4|memory_cell:inst3|inst   ; regout           ;
; |ram|4x32ram:inst5|4x4ram:inst4|memory_cell:inst3|inst4  ; |ram|4x32ram:inst5|4x4ram:inst4|memory_cell:inst3|inst4  ; out0             ;
; |ram|4x32ram:inst5|4x4ram:inst4|memory_cell:inst5|inst   ; |ram|4x32ram:inst5|4x4ram:inst4|memory_cell:inst5|inst   ; regout           ;
; |ram|4x32ram:inst5|4x4ram:inst4|memory_cell:inst5|inst4  ; |ram|4x32ram:inst5|4x4ram:inst4|memory_cell:inst5|inst4  ; out0             ;
; |ram|4x32ram:inst5|4x4ram:inst4|memory_cell:inst7|inst   ; |ram|4x32ram:inst5|4x4ram:inst4|memory_cell:inst7|inst   ; regout           ;
; |ram|4x32ram:inst5|4x4ram:inst4|memory_cell:inst7|inst4  ; |ram|4x32ram:inst5|4x4ram:inst4|memory_cell:inst7|inst4  ; out0             ;
; |ram|4x32ram:inst5|4x4ram:inst4|memory_cell:inst1|inst   ; |ram|4x32ram:inst5|4x4ram:inst4|memory_cell:inst1|inst   ; regout           ;
; |ram|4x32ram:inst5|4x4ram:inst4|memory_cell:inst1|inst4  ; |ram|4x32ram:inst5|4x4ram:inst4|memory_cell:inst1|inst4  ; out0             ;
; |ram|4x32ram:inst5|4x4ram:inst4|memory_cell:inst16|inst  ; |ram|4x32ram:inst5|4x4ram:inst4|memory_cell:inst16|inst  ; regout           ;
; |ram|4x32ram:inst5|4x4ram:inst4|memory_cell:inst16|inst4 ; |ram|4x32ram:inst5|4x4ram:inst4|memory_cell:inst16|inst4 ; out0             ;
; |ram|4x32ram:inst5|4x4ram:inst4|memory_cell:inst14|inst  ; |ram|4x32ram:inst5|4x4ram:inst4|memory_cell:inst14|inst  ; regout           ;
; |ram|4x32ram:inst5|4x4ram:inst4|memory_cell:inst14|inst4 ; |ram|4x32ram:inst5|4x4ram:inst4|memory_cell:inst14|inst4 ; out0             ;
; |ram|4x32ram:inst5|4x4ram:inst4|memory_cell:inst12|inst3 ; |ram|4x32ram:inst5|4x4ram:inst4|memory_cell:inst12|inst3 ; out              ;
; |ram|4x32ram:inst5|4x4ram:inst4|memory_cell:inst12|inst  ; |ram|4x32ram:inst5|4x4ram:inst4|memory_cell:inst12|inst  ; regout           ;
; |ram|4x32ram:inst5|4x4ram:inst4|memory_cell:inst12|inst4 ; |ram|4x32ram:inst5|4x4ram:inst4|memory_cell:inst12|inst4 ; out0             ;
; |ram|4x32ram:inst5|4x4ram:inst4|memory_cell:inst10|inst  ; |ram|4x32ram:inst5|4x4ram:inst4|memory_cell:inst10|inst  ; regout           ;
; |ram|4x32ram:inst5|4x4ram:inst4|memory_cell:inst10|inst4 ; |ram|4x32ram:inst5|4x4ram:inst4|memory_cell:inst10|inst4 ; out0             ;
; |ram|4x32ram:inst5|4x4ram:inst4|memory_cell:inst15|inst  ; |ram|4x32ram:inst5|4x4ram:inst4|memory_cell:inst15|inst  ; regout           ;
; |ram|4x32ram:inst5|4x4ram:inst4|memory_cell:inst15|inst4 ; |ram|4x32ram:inst5|4x4ram:inst4|memory_cell:inst15|inst4 ; out0             ;
; |ram|4x32ram:inst5|4x4ram:inst4|memory_cell:inst13|inst  ; |ram|4x32ram:inst5|4x4ram:inst4|memory_cell:inst13|inst  ; regout           ;
; |ram|4x32ram:inst5|4x4ram:inst4|memory_cell:inst13|inst4 ; |ram|4x32ram:inst5|4x4ram:inst4|memory_cell:inst13|inst4 ; out0             ;
; |ram|4x32ram:inst5|4x4ram:inst4|memory_cell:inst11|inst3 ; |ram|4x32ram:inst5|4x4ram:inst4|memory_cell:inst11|inst3 ; out              ;
; |ram|4x32ram:inst5|4x4ram:inst4|memory_cell:inst11|inst  ; |ram|4x32ram:inst5|4x4ram:inst4|memory_cell:inst11|inst  ; regout           ;
; |ram|4x32ram:inst5|4x4ram:inst4|memory_cell:inst11|inst4 ; |ram|4x32ram:inst5|4x4ram:inst4|memory_cell:inst11|inst4 ; out0             ;
; |ram|4x32ram:inst5|4x4ram:inst4|memory_cell:inst9|inst   ; |ram|4x32ram:inst5|4x4ram:inst4|memory_cell:inst9|inst   ; regout           ;
; |ram|4x32ram:inst5|4x4ram:inst4|memory_cell:inst9|inst4  ; |ram|4x32ram:inst5|4x4ram:inst4|memory_cell:inst9|inst4  ; out0             ;
; |ram|4x32ram:inst5|4x4ram:inst4|memory_cell:inst8|inst   ; |ram|4x32ram:inst5|4x4ram:inst4|memory_cell:inst8|inst   ; regout           ;
; |ram|4x32ram:inst5|4x4ram:inst4|memory_cell:inst8|inst4  ; |ram|4x32ram:inst5|4x4ram:inst4|memory_cell:inst8|inst4  ; out0             ;
; |ram|4x32ram:inst5|4x4ram:inst4|memory_cell:inst6|inst   ; |ram|4x32ram:inst5|4x4ram:inst4|memory_cell:inst6|inst   ; regout           ;
; |ram|4x32ram:inst5|4x4ram:inst4|memory_cell:inst6|inst4  ; |ram|4x32ram:inst5|4x4ram:inst4|memory_cell:inst6|inst4  ; out0             ;
; |ram|4x32ram:inst5|4x4ram:inst4|memory_cell:inst4|inst3  ; |ram|4x32ram:inst5|4x4ram:inst4|memory_cell:inst4|inst3  ; out              ;
; |ram|4x32ram:inst5|4x4ram:inst4|memory_cell:inst4|inst   ; |ram|4x32ram:inst5|4x4ram:inst4|memory_cell:inst4|inst   ; regout           ;
; |ram|4x32ram:inst5|4x4ram:inst4|memory_cell:inst4|inst4  ; |ram|4x32ram:inst5|4x4ram:inst4|memory_cell:inst4|inst4  ; out0             ;
; |ram|4x32ram:inst5|4x4ram:inst4|24decoder:inst|inst3     ; |ram|4x32ram:inst5|4x4ram:inst4|24decoder:inst|inst3     ; out0             ;
; |ram|4x32ram:inst5|4x4ram:inst4|memory_cell:inst2|inst   ; |ram|4x32ram:inst5|4x4ram:inst4|memory_cell:inst2|inst   ; regout           ;
; |ram|4x32ram:inst5|4x4ram:inst4|memory_cell:inst2|inst4  ; |ram|4x32ram:inst5|4x4ram:inst4|memory_cell:inst2|inst4  ; out0             ;
; |ram|4x32ram:inst5|4x4ram:inst3|inst20                   ; |ram|4x32ram:inst5|4x4ram:inst3|inst20                   ; out              ;
; |ram|4x32ram:inst5|4x4ram:inst3|IN~0                     ; |ram|4x32ram:inst5|4x4ram:inst3|IN~0                     ; out0             ;
; |ram|4x32ram:inst5|4x4ram:inst3|inst17                   ; |ram|4x32ram:inst5|4x4ram:inst3|inst17                   ; out0             ;
; |ram|4x32ram:inst5|4x4ram:inst3|inst18                   ; |ram|4x32ram:inst5|4x4ram:inst3|inst18                   ; out0             ;
; |ram|4x32ram:inst5|4x4ram:inst3|inst21                   ; |ram|4x32ram:inst5|4x4ram:inst3|inst21                   ; out              ;
; |ram|4x32ram:inst5|4x4ram:inst3|IN~1                     ; |ram|4x32ram:inst5|4x4ram:inst3|IN~1                     ; out0             ;
; |ram|4x32ram:inst5|4x4ram:inst3|inst22                   ; |ram|4x32ram:inst5|4x4ram:inst3|inst22                   ; out              ;
; |ram|4x32ram:inst5|4x4ram:inst3|IN~2                     ; |ram|4x32ram:inst5|4x4ram:inst3|IN~2                     ; out0             ;
; |ram|4x32ram:inst5|4x4ram:inst3|inst19                   ; |ram|4x32ram:inst5|4x4ram:inst3|inst19                   ; out              ;
; |ram|4x32ram:inst5|4x4ram:inst3|IN~3                     ; |ram|4x32ram:inst5|4x4ram:inst3|IN~3                     ; out0             ;
; |ram|4x32ram:inst5|4x4ram:inst3|memory_cell:inst3|inst3  ; |ram|4x32ram:inst5|4x4ram:inst3|memory_cell:inst3|inst3  ; out              ;
; |ram|4x32ram:inst5|4x4ram:inst3|memory_cell:inst3|inst   ; |ram|4x32ram:inst5|4x4ram:inst3|memory_cell:inst3|inst   ; regout           ;
; |ram|4x32ram:inst5|4x4ram:inst3|memory_cell:inst3|inst4  ; |ram|4x32ram:inst5|4x4ram:inst3|memory_cell:inst3|inst4  ; out0             ;
; |ram|4x32ram:inst5|4x4ram:inst3|memory_cell:inst5|inst   ; |ram|4x32ram:inst5|4x4ram:inst3|memory_cell:inst5|inst   ; regout           ;
; |ram|4x32ram:inst5|4x4ram:inst3|memory_cell:inst5|inst4  ; |ram|4x32ram:inst5|4x4ram:inst3|memory_cell:inst5|inst4  ; out0             ;
; |ram|4x32ram:inst5|4x4ram:inst3|memory_cell:inst7|inst   ; |ram|4x32ram:inst5|4x4ram:inst3|memory_cell:inst7|inst   ; regout           ;
; |ram|4x32ram:inst5|4x4ram:inst3|memory_cell:inst7|inst4  ; |ram|4x32ram:inst5|4x4ram:inst3|memory_cell:inst7|inst4  ; out0             ;
; |ram|4x32ram:inst5|4x4ram:inst3|memory_cell:inst1|inst   ; |ram|4x32ram:inst5|4x4ram:inst3|memory_cell:inst1|inst   ; regout           ;
; |ram|4x32ram:inst5|4x4ram:inst3|memory_cell:inst1|inst4  ; |ram|4x32ram:inst5|4x4ram:inst3|memory_cell:inst1|inst4  ; out0             ;
; |ram|4x32ram:inst5|4x4ram:inst3|memory_cell:inst16|inst  ; |ram|4x32ram:inst5|4x4ram:inst3|memory_cell:inst16|inst  ; regout           ;
; |ram|4x32ram:inst5|4x4ram:inst3|memory_cell:inst16|inst4 ; |ram|4x32ram:inst5|4x4ram:inst3|memory_cell:inst16|inst4 ; out0             ;
; |ram|4x32ram:inst5|4x4ram:inst3|memory_cell:inst14|inst  ; |ram|4x32ram:inst5|4x4ram:inst3|memory_cell:inst14|inst  ; regout           ;
; |ram|4x32ram:inst5|4x4ram:inst3|memory_cell:inst14|inst4 ; |ram|4x32ram:inst5|4x4ram:inst3|memory_cell:inst14|inst4 ; out0             ;
; |ram|4x32ram:inst5|4x4ram:inst3|memory_cell:inst12|inst3 ; |ram|4x32ram:inst5|4x4ram:inst3|memory_cell:inst12|inst3 ; out              ;
; |ram|4x32ram:inst5|4x4ram:inst3|memory_cell:inst12|inst  ; |ram|4x32ram:inst5|4x4ram:inst3|memory_cell:inst12|inst  ; regout           ;
; |ram|4x32ram:inst5|4x4ram:inst3|memory_cell:inst12|inst4 ; |ram|4x32ram:inst5|4x4ram:inst3|memory_cell:inst12|inst4 ; out0             ;
; |ram|4x32ram:inst5|4x4ram:inst3|memory_cell:inst10|inst  ; |ram|4x32ram:inst5|4x4ram:inst3|memory_cell:inst10|inst  ; regout           ;
; |ram|4x32ram:inst5|4x4ram:inst3|memory_cell:inst10|inst4 ; |ram|4x32ram:inst5|4x4ram:inst3|memory_cell:inst10|inst4 ; out0             ;
; |ram|4x32ram:inst5|4x4ram:inst3|memory_cell:inst15|inst  ; |ram|4x32ram:inst5|4x4ram:inst3|memory_cell:inst15|inst  ; regout           ;
; |ram|4x32ram:inst5|4x4ram:inst3|memory_cell:inst15|inst4 ; |ram|4x32ram:inst5|4x4ram:inst3|memory_cell:inst15|inst4 ; out0             ;
; |ram|4x32ram:inst5|4x4ram:inst3|memory_cell:inst13|inst  ; |ram|4x32ram:inst5|4x4ram:inst3|memory_cell:inst13|inst  ; regout           ;
; |ram|4x32ram:inst5|4x4ram:inst3|memory_cell:inst13|inst4 ; |ram|4x32ram:inst5|4x4ram:inst3|memory_cell:inst13|inst4 ; out0             ;
; |ram|4x32ram:inst5|4x4ram:inst3|memory_cell:inst11|inst3 ; |ram|4x32ram:inst5|4x4ram:inst3|memory_cell:inst11|inst3 ; out              ;
; |ram|4x32ram:inst5|4x4ram:inst3|memory_cell:inst11|inst  ; |ram|4x32ram:inst5|4x4ram:inst3|memory_cell:inst11|inst  ; regout           ;
; |ram|4x32ram:inst5|4x4ram:inst3|memory_cell:inst11|inst4 ; |ram|4x32ram:inst5|4x4ram:inst3|memory_cell:inst11|inst4 ; out0             ;
; |ram|4x32ram:inst5|4x4ram:inst3|memory_cell:inst9|inst   ; |ram|4x32ram:inst5|4x4ram:inst3|memory_cell:inst9|inst   ; regout           ;
; |ram|4x32ram:inst5|4x4ram:inst3|memory_cell:inst9|inst4  ; |ram|4x32ram:inst5|4x4ram:inst3|memory_cell:inst9|inst4  ; out0             ;
; |ram|4x32ram:inst5|4x4ram:inst3|memory_cell:inst8|inst   ; |ram|4x32ram:inst5|4x4ram:inst3|memory_cell:inst8|inst   ; regout           ;
; |ram|4x32ram:inst5|4x4ram:inst3|memory_cell:inst8|inst4  ; |ram|4x32ram:inst5|4x4ram:inst3|memory_cell:inst8|inst4  ; out0             ;
; |ram|4x32ram:inst5|4x4ram:inst3|memory_cell:inst6|inst   ; |ram|4x32ram:inst5|4x4ram:inst3|memory_cell:inst6|inst   ; regout           ;
; |ram|4x32ram:inst5|4x4ram:inst3|memory_cell:inst6|inst4  ; |ram|4x32ram:inst5|4x4ram:inst3|memory_cell:inst6|inst4  ; out0             ;
; |ram|4x32ram:inst5|4x4ram:inst3|memory_cell:inst4|inst3  ; |ram|4x32ram:inst5|4x4ram:inst3|memory_cell:inst4|inst3  ; out              ;
; |ram|4x32ram:inst5|4x4ram:inst3|memory_cell:inst4|inst   ; |ram|4x32ram:inst5|4x4ram:inst3|memory_cell:inst4|inst   ; regout           ;
; |ram|4x32ram:inst5|4x4ram:inst3|memory_cell:inst4|inst4  ; |ram|4x32ram:inst5|4x4ram:inst3|memory_cell:inst4|inst4  ; out0             ;
; |ram|4x32ram:inst5|4x4ram:inst3|24decoder:inst|inst3     ; |ram|4x32ram:inst5|4x4ram:inst3|24decoder:inst|inst3     ; out0             ;
; |ram|4x32ram:inst5|4x4ram:inst3|memory_cell:inst2|inst   ; |ram|4x32ram:inst5|4x4ram:inst3|memory_cell:inst2|inst   ; regout           ;
; |ram|4x32ram:inst5|4x4ram:inst3|memory_cell:inst2|inst4  ; |ram|4x32ram:inst5|4x4ram:inst3|memory_cell:inst2|inst4  ; out0             ;
; |ram|4x32ram:inst5|4x4ram:inst1|inst20                   ; |ram|4x32ram:inst5|4x4ram:inst1|inst20                   ; out              ;
; |ram|4x32ram:inst5|4x4ram:inst1|IN~0                     ; |ram|4x32ram:inst5|4x4ram:inst1|IN~0                     ; out0             ;
; |ram|4x32ram:inst5|4x4ram:inst1|inst17                   ; |ram|4x32ram:inst5|4x4ram:inst1|inst17                   ; out0             ;
; |ram|4x32ram:inst5|4x4ram:inst1|inst18                   ; |ram|4x32ram:inst5|4x4ram:inst1|inst18                   ; out0             ;
; |ram|4x32ram:inst5|4x4ram:inst1|inst21                   ; |ram|4x32ram:inst5|4x4ram:inst1|inst21                   ; out              ;
; |ram|4x32ram:inst5|4x4ram:inst1|IN~1                     ; |ram|4x32ram:inst5|4x4ram:inst1|IN~1                     ; out0             ;
; |ram|4x32ram:inst5|4x4ram:inst1|inst22                   ; |ram|4x32ram:inst5|4x4ram:inst1|inst22                   ; out              ;
; |ram|4x32ram:inst5|4x4ram:inst1|IN~2                     ; |ram|4x32ram:inst5|4x4ram:inst1|IN~2                     ; out0             ;
; |ram|4x32ram:inst5|4x4ram:inst1|inst19                   ; |ram|4x32ram:inst5|4x4ram:inst1|inst19                   ; out              ;
; |ram|4x32ram:inst5|4x4ram:inst1|IN~3                     ; |ram|4x32ram:inst5|4x4ram:inst1|IN~3                     ; out0             ;
; |ram|4x32ram:inst5|4x4ram:inst1|memory_cell:inst3|inst3  ; |ram|4x32ram:inst5|4x4ram:inst1|memory_cell:inst3|inst3  ; out              ;
; |ram|4x32ram:inst5|4x4ram:inst1|memory_cell:inst3|inst   ; |ram|4x32ram:inst5|4x4ram:inst1|memory_cell:inst3|inst   ; regout           ;
; |ram|4x32ram:inst5|4x4ram:inst1|memory_cell:inst3|inst4  ; |ram|4x32ram:inst5|4x4ram:inst1|memory_cell:inst3|inst4  ; out0             ;
; |ram|4x32ram:inst5|4x4ram:inst1|memory_cell:inst5|inst   ; |ram|4x32ram:inst5|4x4ram:inst1|memory_cell:inst5|inst   ; regout           ;
; |ram|4x32ram:inst5|4x4ram:inst1|memory_cell:inst5|inst4  ; |ram|4x32ram:inst5|4x4ram:inst1|memory_cell:inst5|inst4  ; out0             ;
; |ram|4x32ram:inst5|4x4ram:inst1|memory_cell:inst7|inst   ; |ram|4x32ram:inst5|4x4ram:inst1|memory_cell:inst7|inst   ; regout           ;
; |ram|4x32ram:inst5|4x4ram:inst1|memory_cell:inst7|inst4  ; |ram|4x32ram:inst5|4x4ram:inst1|memory_cell:inst7|inst4  ; out0             ;
; |ram|4x32ram:inst5|4x4ram:inst1|memory_cell:inst1|inst   ; |ram|4x32ram:inst5|4x4ram:inst1|memory_cell:inst1|inst   ; regout           ;
; |ram|4x32ram:inst5|4x4ram:inst1|memory_cell:inst1|inst4  ; |ram|4x32ram:inst5|4x4ram:inst1|memory_cell:inst1|inst4  ; out0             ;
; |ram|4x32ram:inst5|4x4ram:inst1|memory_cell:inst16|inst  ; |ram|4x32ram:inst5|4x4ram:inst1|memory_cell:inst16|inst  ; regout           ;
; |ram|4x32ram:inst5|4x4ram:inst1|memory_cell:inst16|inst4 ; |ram|4x32ram:inst5|4x4ram:inst1|memory_cell:inst16|inst4 ; out0             ;
; |ram|4x32ram:inst5|4x4ram:inst1|memory_cell:inst14|inst  ; |ram|4x32ram:inst5|4x4ram:inst1|memory_cell:inst14|inst  ; regout           ;
; |ram|4x32ram:inst5|4x4ram:inst1|memory_cell:inst14|inst4 ; |ram|4x32ram:inst5|4x4ram:inst1|memory_cell:inst14|inst4 ; out0             ;
; |ram|4x32ram:inst5|4x4ram:inst1|memory_cell:inst12|inst3 ; |ram|4x32ram:inst5|4x4ram:inst1|memory_cell:inst12|inst3 ; out              ;
; |ram|4x32ram:inst5|4x4ram:inst1|memory_cell:inst12|inst  ; |ram|4x32ram:inst5|4x4ram:inst1|memory_cell:inst12|inst  ; regout           ;
; |ram|4x32ram:inst5|4x4ram:inst1|memory_cell:inst12|inst4 ; |ram|4x32ram:inst5|4x4ram:inst1|memory_cell:inst12|inst4 ; out0             ;
; |ram|4x32ram:inst5|4x4ram:inst1|memory_cell:inst10|inst  ; |ram|4x32ram:inst5|4x4ram:inst1|memory_cell:inst10|inst  ; regout           ;
; |ram|4x32ram:inst5|4x4ram:inst1|memory_cell:inst10|inst4 ; |ram|4x32ram:inst5|4x4ram:inst1|memory_cell:inst10|inst4 ; out0             ;
; |ram|4x32ram:inst5|4x4ram:inst1|memory_cell:inst15|inst  ; |ram|4x32ram:inst5|4x4ram:inst1|memory_cell:inst15|inst  ; regout           ;
; |ram|4x32ram:inst5|4x4ram:inst1|memory_cell:inst15|inst4 ; |ram|4x32ram:inst5|4x4ram:inst1|memory_cell:inst15|inst4 ; out0             ;
; |ram|4x32ram:inst5|4x4ram:inst1|memory_cell:inst13|inst  ; |ram|4x32ram:inst5|4x4ram:inst1|memory_cell:inst13|inst  ; regout           ;
; |ram|4x32ram:inst5|4x4ram:inst1|memory_cell:inst13|inst4 ; |ram|4x32ram:inst5|4x4ram:inst1|memory_cell:inst13|inst4 ; out0             ;
; |ram|4x32ram:inst5|4x4ram:inst1|memory_cell:inst11|inst3 ; |ram|4x32ram:inst5|4x4ram:inst1|memory_cell:inst11|inst3 ; out              ;
; |ram|4x32ram:inst5|4x4ram:inst1|memory_cell:inst11|inst  ; |ram|4x32ram:inst5|4x4ram:inst1|memory_cell:inst11|inst  ; regout           ;
; |ram|4x32ram:inst5|4x4ram:inst1|memory_cell:inst11|inst4 ; |ram|4x32ram:inst5|4x4ram:inst1|memory_cell:inst11|inst4 ; out0             ;
; |ram|4x32ram:inst5|4x4ram:inst1|memory_cell:inst9|inst   ; |ram|4x32ram:inst5|4x4ram:inst1|memory_cell:inst9|inst   ; regout           ;
; |ram|4x32ram:inst5|4x4ram:inst1|memory_cell:inst9|inst4  ; |ram|4x32ram:inst5|4x4ram:inst1|memory_cell:inst9|inst4  ; out0             ;
; |ram|4x32ram:inst5|4x4ram:inst1|memory_cell:inst8|inst   ; |ram|4x32ram:inst5|4x4ram:inst1|memory_cell:inst8|inst   ; regout           ;
; |ram|4x32ram:inst5|4x4ram:inst1|memory_cell:inst8|inst4  ; |ram|4x32ram:inst5|4x4ram:inst1|memory_cell:inst8|inst4  ; out0             ;
; |ram|4x32ram:inst5|4x4ram:inst1|memory_cell:inst6|inst   ; |ram|4x32ram:inst5|4x4ram:inst1|memory_cell:inst6|inst   ; regout           ;
; |ram|4x32ram:inst5|4x4ram:inst1|memory_cell:inst6|inst4  ; |ram|4x32ram:inst5|4x4ram:inst1|memory_cell:inst6|inst4  ; out0             ;
; |ram|4x32ram:inst5|4x4ram:inst1|memory_cell:inst4|inst3  ; |ram|4x32ram:inst5|4x4ram:inst1|memory_cell:inst4|inst3  ; out              ;
; |ram|4x32ram:inst5|4x4ram:inst1|memory_cell:inst4|inst   ; |ram|4x32ram:inst5|4x4ram:inst1|memory_cell:inst4|inst   ; regout           ;
; |ram|4x32ram:inst5|4x4ram:inst1|memory_cell:inst4|inst4  ; |ram|4x32ram:inst5|4x4ram:inst1|memory_cell:inst4|inst4  ; out0             ;
; |ram|4x32ram:inst5|4x4ram:inst1|24decoder:inst|inst3     ; |ram|4x32ram:inst5|4x4ram:inst1|24decoder:inst|inst3     ; out0             ;
; |ram|4x32ram:inst5|4x4ram:inst1|memory_cell:inst2|inst   ; |ram|4x32ram:inst5|4x4ram:inst1|memory_cell:inst2|inst   ; regout           ;
; |ram|4x32ram:inst5|4x4ram:inst1|memory_cell:inst2|inst4  ; |ram|4x32ram:inst5|4x4ram:inst1|memory_cell:inst2|inst4  ; out0             ;
; |ram|4x32ram:inst5|4x4ram:inst|inst20                    ; |ram|4x32ram:inst5|4x4ram:inst|inst20                    ; out              ;
; |ram|4x32ram:inst5|4x4ram:inst|IN~0                      ; |ram|4x32ram:inst5|4x4ram:inst|IN~0                      ; out0             ;
; |ram|4x32ram:inst5|4x4ram:inst|inst17                    ; |ram|4x32ram:inst5|4x4ram:inst|inst17                    ; out0             ;
; |ram|4x32ram:inst5|4x4ram:inst|inst18                    ; |ram|4x32ram:inst5|4x4ram:inst|inst18                    ; out0             ;
; |ram|4x32ram:inst5|4x4ram:inst|inst21                    ; |ram|4x32ram:inst5|4x4ram:inst|inst21                    ; out              ;
; |ram|4x32ram:inst5|4x4ram:inst|IN~1                      ; |ram|4x32ram:inst5|4x4ram:inst|IN~1                      ; out0             ;
; |ram|4x32ram:inst5|4x4ram:inst|inst22                    ; |ram|4x32ram:inst5|4x4ram:inst|inst22                    ; out              ;
; |ram|4x32ram:inst5|4x4ram:inst|IN~2                      ; |ram|4x32ram:inst5|4x4ram:inst|IN~2                      ; out0             ;
; |ram|4x32ram:inst5|4x4ram:inst|inst19                    ; |ram|4x32ram:inst5|4x4ram:inst|inst19                    ; out              ;
; |ram|4x32ram:inst5|4x4ram:inst|IN~3                      ; |ram|4x32ram:inst5|4x4ram:inst|IN~3                      ; out0             ;
; |ram|4x32ram:inst5|4x4ram:inst|memory_cell:inst3|inst3   ; |ram|4x32ram:inst5|4x4ram:inst|memory_cell:inst3|inst3   ; out              ;
; |ram|4x32ram:inst5|4x4ram:inst|memory_cell:inst3|inst    ; |ram|4x32ram:inst5|4x4ram:inst|memory_cell:inst3|inst    ; regout           ;
; |ram|4x32ram:inst5|4x4ram:inst|memory_cell:inst3|inst4   ; |ram|4x32ram:inst5|4x4ram:inst|memory_cell:inst3|inst4   ; out0             ;
; |ram|4x32ram:inst5|4x4ram:inst|memory_cell:inst5|inst    ; |ram|4x32ram:inst5|4x4ram:inst|memory_cell:inst5|inst    ; regout           ;
; |ram|4x32ram:inst5|4x4ram:inst|memory_cell:inst5|inst4   ; |ram|4x32ram:inst5|4x4ram:inst|memory_cell:inst5|inst4   ; out0             ;
; |ram|4x32ram:inst5|4x4ram:inst|memory_cell:inst7|inst    ; |ram|4x32ram:inst5|4x4ram:inst|memory_cell:inst7|inst    ; regout           ;
; |ram|4x32ram:inst5|4x4ram:inst|memory_cell:inst7|inst4   ; |ram|4x32ram:inst5|4x4ram:inst|memory_cell:inst7|inst4   ; out0             ;
; |ram|4x32ram:inst5|4x4ram:inst|memory_cell:inst1|inst    ; |ram|4x32ram:inst5|4x4ram:inst|memory_cell:inst1|inst    ; regout           ;
; |ram|4x32ram:inst5|4x4ram:inst|memory_cell:inst1|inst4   ; |ram|4x32ram:inst5|4x4ram:inst|memory_cell:inst1|inst4   ; out0             ;
; |ram|4x32ram:inst5|4x4ram:inst|memory_cell:inst16|inst   ; |ram|4x32ram:inst5|4x4ram:inst|memory_cell:inst16|inst   ; regout           ;
; |ram|4x32ram:inst5|4x4ram:inst|memory_cell:inst16|inst4  ; |ram|4x32ram:inst5|4x4ram:inst|memory_cell:inst16|inst4  ; out0             ;
; |ram|4x32ram:inst5|4x4ram:inst|memory_cell:inst14|inst   ; |ram|4x32ram:inst5|4x4ram:inst|memory_cell:inst14|inst   ; regout           ;
; |ram|4x32ram:inst5|4x4ram:inst|memory_cell:inst14|inst4  ; |ram|4x32ram:inst5|4x4ram:inst|memory_cell:inst14|inst4  ; out0             ;
; |ram|4x32ram:inst5|4x4ram:inst|memory_cell:inst12|inst3  ; |ram|4x32ram:inst5|4x4ram:inst|memory_cell:inst12|inst3  ; out              ;
; |ram|4x32ram:inst5|4x4ram:inst|memory_cell:inst12|inst   ; |ram|4x32ram:inst5|4x4ram:inst|memory_cell:inst12|inst   ; regout           ;
; |ram|4x32ram:inst5|4x4ram:inst|memory_cell:inst12|inst4  ; |ram|4x32ram:inst5|4x4ram:inst|memory_cell:inst12|inst4  ; out0             ;
; |ram|4x32ram:inst5|4x4ram:inst|memory_cell:inst10|inst   ; |ram|4x32ram:inst5|4x4ram:inst|memory_cell:inst10|inst   ; regout           ;
; |ram|4x32ram:inst5|4x4ram:inst|memory_cell:inst10|inst4  ; |ram|4x32ram:inst5|4x4ram:inst|memory_cell:inst10|inst4  ; out0             ;
; |ram|4x32ram:inst5|4x4ram:inst|memory_cell:inst15|inst   ; |ram|4x32ram:inst5|4x4ram:inst|memory_cell:inst15|inst   ; regout           ;
; |ram|4x32ram:inst5|4x4ram:inst|memory_cell:inst15|inst4  ; |ram|4x32ram:inst5|4x4ram:inst|memory_cell:inst15|inst4  ; out0             ;
; |ram|4x32ram:inst5|4x4ram:inst|memory_cell:inst13|inst   ; |ram|4x32ram:inst5|4x4ram:inst|memory_cell:inst13|inst   ; regout           ;
; |ram|4x32ram:inst5|4x4ram:inst|memory_cell:inst13|inst4  ; |ram|4x32ram:inst5|4x4ram:inst|memory_cell:inst13|inst4  ; out0             ;
; |ram|4x32ram:inst5|4x4ram:inst|memory_cell:inst11|inst3  ; |ram|4x32ram:inst5|4x4ram:inst|memory_cell:inst11|inst3  ; out              ;
; |ram|4x32ram:inst5|4x4ram:inst|memory_cell:inst11|inst   ; |ram|4x32ram:inst5|4x4ram:inst|memory_cell:inst11|inst   ; regout           ;
; |ram|4x32ram:inst5|4x4ram:inst|memory_cell:inst11|inst4  ; |ram|4x32ram:inst5|4x4ram:inst|memory_cell:inst11|inst4  ; out0             ;
; |ram|4x32ram:inst5|4x4ram:inst|memory_cell:inst9|inst    ; |ram|4x32ram:inst5|4x4ram:inst|memory_cell:inst9|inst    ; regout           ;
; |ram|4x32ram:inst5|4x4ram:inst|memory_cell:inst9|inst4   ; |ram|4x32ram:inst5|4x4ram:inst|memory_cell:inst9|inst4   ; out0             ;
; |ram|4x32ram:inst5|4x4ram:inst|memory_cell:inst8|inst    ; |ram|4x32ram:inst5|4x4ram:inst|memory_cell:inst8|inst    ; regout           ;
; |ram|4x32ram:inst5|4x4ram:inst|memory_cell:inst8|inst4   ; |ram|4x32ram:inst5|4x4ram:inst|memory_cell:inst8|inst4   ; out0             ;
; |ram|4x32ram:inst5|4x4ram:inst|memory_cell:inst6|inst    ; |ram|4x32ram:inst5|4x4ram:inst|memory_cell:inst6|inst    ; regout           ;
; |ram|4x32ram:inst5|4x4ram:inst|memory_cell:inst6|inst4   ; |ram|4x32ram:inst5|4x4ram:inst|memory_cell:inst6|inst4   ; out0             ;
; |ram|4x32ram:inst5|4x4ram:inst|memory_cell:inst4|inst3   ; |ram|4x32ram:inst5|4x4ram:inst|memory_cell:inst4|inst3   ; out              ;
; |ram|4x32ram:inst5|4x4ram:inst|memory_cell:inst4|inst    ; |ram|4x32ram:inst5|4x4ram:inst|memory_cell:inst4|inst    ; regout           ;
; |ram|4x32ram:inst5|4x4ram:inst|memory_cell:inst4|inst4   ; |ram|4x32ram:inst5|4x4ram:inst|memory_cell:inst4|inst4   ; out0             ;
; |ram|4x32ram:inst5|4x4ram:inst|24decoder:inst|inst3      ; |ram|4x32ram:inst5|4x4ram:inst|24decoder:inst|inst3      ; out0             ;
; |ram|4x32ram:inst5|4x4ram:inst|memory_cell:inst2|inst    ; |ram|4x32ram:inst5|4x4ram:inst|memory_cell:inst2|inst    ; regout           ;
; |ram|4x32ram:inst5|4x4ram:inst|memory_cell:inst2|inst4   ; |ram|4x32ram:inst5|4x4ram:inst|memory_cell:inst2|inst4   ; out0             ;
; |ram|4x32ram:inst4|4x4ram:inst8|inst20                   ; |ram|4x32ram:inst4|4x4ram:inst8|inst20                   ; out              ;
; |ram|4x32ram:inst4|4x4ram:inst8|IN~0                     ; |ram|4x32ram:inst4|4x4ram:inst8|IN~0                     ; out0             ;
; |ram|4x32ram:inst4|4x4ram:inst8|inst17                   ; |ram|4x32ram:inst4|4x4ram:inst8|inst17                   ; out0             ;
; |ram|4x32ram:inst4|4x4ram:inst8|inst18                   ; |ram|4x32ram:inst4|4x4ram:inst8|inst18                   ; out0             ;
; |ram|4x32ram:inst4|4x4ram:inst8|inst21                   ; |ram|4x32ram:inst4|4x4ram:inst8|inst21                   ; out              ;
; |ram|4x32ram:inst4|4x4ram:inst8|IN~1                     ; |ram|4x32ram:inst4|4x4ram:inst8|IN~1                     ; out0             ;
; |ram|4x32ram:inst4|4x4ram:inst8|inst22                   ; |ram|4x32ram:inst4|4x4ram:inst8|inst22                   ; out              ;
; |ram|4x32ram:inst4|4x4ram:inst8|IN~2                     ; |ram|4x32ram:inst4|4x4ram:inst8|IN~2                     ; out0             ;
; |ram|4x32ram:inst4|4x4ram:inst8|inst19                   ; |ram|4x32ram:inst4|4x4ram:inst8|inst19                   ; out              ;
; |ram|4x32ram:inst4|4x4ram:inst8|IN~3                     ; |ram|4x32ram:inst4|4x4ram:inst8|IN~3                     ; out0             ;
; |ram|4x32ram:inst4|4x4ram:inst8|memory_cell:inst3|inst3  ; |ram|4x32ram:inst4|4x4ram:inst8|memory_cell:inst3|inst3  ; out              ;
; |ram|4x32ram:inst4|4x4ram:inst8|memory_cell:inst3|inst   ; |ram|4x32ram:inst4|4x4ram:inst8|memory_cell:inst3|inst   ; regout           ;
; |ram|4x32ram:inst4|4x4ram:inst8|memory_cell:inst3|inst4  ; |ram|4x32ram:inst4|4x4ram:inst8|memory_cell:inst3|inst4  ; out0             ;
; |ram|4x32ram:inst4|4x4ram:inst8|memory_cell:inst5|inst   ; |ram|4x32ram:inst4|4x4ram:inst8|memory_cell:inst5|inst   ; regout           ;
; |ram|4x32ram:inst4|4x4ram:inst8|memory_cell:inst5|inst4  ; |ram|4x32ram:inst4|4x4ram:inst8|memory_cell:inst5|inst4  ; out0             ;
; |ram|4x32ram:inst4|4x4ram:inst8|memory_cell:inst7|inst   ; |ram|4x32ram:inst4|4x4ram:inst8|memory_cell:inst7|inst   ; regout           ;
; |ram|4x32ram:inst4|4x4ram:inst8|memory_cell:inst7|inst4  ; |ram|4x32ram:inst4|4x4ram:inst8|memory_cell:inst7|inst4  ; out0             ;
; |ram|4x32ram:inst4|4x4ram:inst8|memory_cell:inst1|inst   ; |ram|4x32ram:inst4|4x4ram:inst8|memory_cell:inst1|inst   ; regout           ;
; |ram|4x32ram:inst4|4x4ram:inst8|memory_cell:inst1|inst4  ; |ram|4x32ram:inst4|4x4ram:inst8|memory_cell:inst1|inst4  ; out0             ;
; |ram|4x32ram:inst4|4x4ram:inst8|memory_cell:inst16|inst  ; |ram|4x32ram:inst4|4x4ram:inst8|memory_cell:inst16|inst  ; regout           ;
; |ram|4x32ram:inst4|4x4ram:inst8|memory_cell:inst16|inst4 ; |ram|4x32ram:inst4|4x4ram:inst8|memory_cell:inst16|inst4 ; out0             ;
; |ram|4x32ram:inst4|4x4ram:inst8|memory_cell:inst14|inst  ; |ram|4x32ram:inst4|4x4ram:inst8|memory_cell:inst14|inst  ; regout           ;
; |ram|4x32ram:inst4|4x4ram:inst8|memory_cell:inst14|inst4 ; |ram|4x32ram:inst4|4x4ram:inst8|memory_cell:inst14|inst4 ; out0             ;
; |ram|4x32ram:inst4|4x4ram:inst8|memory_cell:inst12|inst3 ; |ram|4x32ram:inst4|4x4ram:inst8|memory_cell:inst12|inst3 ; out              ;
; |ram|4x32ram:inst4|4x4ram:inst8|memory_cell:inst12|inst  ; |ram|4x32ram:inst4|4x4ram:inst8|memory_cell:inst12|inst  ; regout           ;
; |ram|4x32ram:inst4|4x4ram:inst8|memory_cell:inst12|inst4 ; |ram|4x32ram:inst4|4x4ram:inst8|memory_cell:inst12|inst4 ; out0             ;
; |ram|4x32ram:inst4|4x4ram:inst8|memory_cell:inst10|inst  ; |ram|4x32ram:inst4|4x4ram:inst8|memory_cell:inst10|inst  ; regout           ;
; |ram|4x32ram:inst4|4x4ram:inst8|memory_cell:inst10|inst4 ; |ram|4x32ram:inst4|4x4ram:inst8|memory_cell:inst10|inst4 ; out0             ;
; |ram|4x32ram:inst4|4x4ram:inst8|memory_cell:inst15|inst  ; |ram|4x32ram:inst4|4x4ram:inst8|memory_cell:inst15|inst  ; regout           ;
; |ram|4x32ram:inst4|4x4ram:inst8|memory_cell:inst15|inst4 ; |ram|4x32ram:inst4|4x4ram:inst8|memory_cell:inst15|inst4 ; out0             ;
; |ram|4x32ram:inst4|4x4ram:inst8|memory_cell:inst13|inst  ; |ram|4x32ram:inst4|4x4ram:inst8|memory_cell:inst13|inst  ; regout           ;
; |ram|4x32ram:inst4|4x4ram:inst8|memory_cell:inst13|inst4 ; |ram|4x32ram:inst4|4x4ram:inst8|memory_cell:inst13|inst4 ; out0             ;
; |ram|4x32ram:inst4|4x4ram:inst8|memory_cell:inst11|inst3 ; |ram|4x32ram:inst4|4x4ram:inst8|memory_cell:inst11|inst3 ; out              ;
; |ram|4x32ram:inst4|4x4ram:inst8|memory_cell:inst11|inst  ; |ram|4x32ram:inst4|4x4ram:inst8|memory_cell:inst11|inst  ; regout           ;
; |ram|4x32ram:inst4|4x4ram:inst8|memory_cell:inst11|inst4 ; |ram|4x32ram:inst4|4x4ram:inst8|memory_cell:inst11|inst4 ; out0             ;
; |ram|4x32ram:inst4|4x4ram:inst8|memory_cell:inst9|inst   ; |ram|4x32ram:inst4|4x4ram:inst8|memory_cell:inst9|inst   ; regout           ;
; |ram|4x32ram:inst4|4x4ram:inst8|memory_cell:inst9|inst4  ; |ram|4x32ram:inst4|4x4ram:inst8|memory_cell:inst9|inst4  ; out0             ;
; |ram|4x32ram:inst4|4x4ram:inst8|memory_cell:inst8|inst   ; |ram|4x32ram:inst4|4x4ram:inst8|memory_cell:inst8|inst   ; regout           ;
; |ram|4x32ram:inst4|4x4ram:inst8|memory_cell:inst8|inst4  ; |ram|4x32ram:inst4|4x4ram:inst8|memory_cell:inst8|inst4  ; out0             ;
; |ram|4x32ram:inst4|4x4ram:inst8|memory_cell:inst6|inst   ; |ram|4x32ram:inst4|4x4ram:inst8|memory_cell:inst6|inst   ; regout           ;
; |ram|4x32ram:inst4|4x4ram:inst8|memory_cell:inst6|inst4  ; |ram|4x32ram:inst4|4x4ram:inst8|memory_cell:inst6|inst4  ; out0             ;
; |ram|4x32ram:inst4|4x4ram:inst8|memory_cell:inst4|inst3  ; |ram|4x32ram:inst4|4x4ram:inst8|memory_cell:inst4|inst3  ; out              ;
; |ram|4x32ram:inst4|4x4ram:inst8|memory_cell:inst4|inst   ; |ram|4x32ram:inst4|4x4ram:inst8|memory_cell:inst4|inst   ; regout           ;
; |ram|4x32ram:inst4|4x4ram:inst8|memory_cell:inst4|inst4  ; |ram|4x32ram:inst4|4x4ram:inst8|memory_cell:inst4|inst4  ; out0             ;
; |ram|4x32ram:inst4|4x4ram:inst8|24decoder:inst|inst3     ; |ram|4x32ram:inst4|4x4ram:inst8|24decoder:inst|inst3     ; out0             ;
; |ram|4x32ram:inst4|4x4ram:inst8|memory_cell:inst2|inst   ; |ram|4x32ram:inst4|4x4ram:inst8|memory_cell:inst2|inst   ; regout           ;
; |ram|4x32ram:inst4|4x4ram:inst8|memory_cell:inst2|inst4  ; |ram|4x32ram:inst4|4x4ram:inst8|memory_cell:inst2|inst4  ; out0             ;
; |ram|4x32ram:inst4|4x4ram:inst7|inst20                   ; |ram|4x32ram:inst4|4x4ram:inst7|inst20                   ; out              ;
; |ram|4x32ram:inst4|4x4ram:inst7|IN~0                     ; |ram|4x32ram:inst4|4x4ram:inst7|IN~0                     ; out0             ;
; |ram|4x32ram:inst4|4x4ram:inst7|inst17                   ; |ram|4x32ram:inst4|4x4ram:inst7|inst17                   ; out0             ;
; |ram|4x32ram:inst4|4x4ram:inst7|inst18                   ; |ram|4x32ram:inst4|4x4ram:inst7|inst18                   ; out0             ;
; |ram|4x32ram:inst4|4x4ram:inst7|inst21                   ; |ram|4x32ram:inst4|4x4ram:inst7|inst21                   ; out              ;
; |ram|4x32ram:inst4|4x4ram:inst7|IN~1                     ; |ram|4x32ram:inst4|4x4ram:inst7|IN~1                     ; out0             ;
; |ram|4x32ram:inst4|4x4ram:inst7|inst22                   ; |ram|4x32ram:inst4|4x4ram:inst7|inst22                   ; out              ;
; |ram|4x32ram:inst4|4x4ram:inst7|IN~2                     ; |ram|4x32ram:inst4|4x4ram:inst7|IN~2                     ; out0             ;
; |ram|4x32ram:inst4|4x4ram:inst7|inst19                   ; |ram|4x32ram:inst4|4x4ram:inst7|inst19                   ; out              ;
; |ram|4x32ram:inst4|4x4ram:inst7|IN~3                     ; |ram|4x32ram:inst4|4x4ram:inst7|IN~3                     ; out0             ;
; |ram|4x32ram:inst4|4x4ram:inst7|memory_cell:inst3|inst3  ; |ram|4x32ram:inst4|4x4ram:inst7|memory_cell:inst3|inst3  ; out              ;
; |ram|4x32ram:inst4|4x4ram:inst7|memory_cell:inst3|inst   ; |ram|4x32ram:inst4|4x4ram:inst7|memory_cell:inst3|inst   ; regout           ;
; |ram|4x32ram:inst4|4x4ram:inst7|memory_cell:inst3|inst4  ; |ram|4x32ram:inst4|4x4ram:inst7|memory_cell:inst3|inst4  ; out0             ;
; |ram|4x32ram:inst4|4x4ram:inst7|memory_cell:inst5|inst   ; |ram|4x32ram:inst4|4x4ram:inst7|memory_cell:inst5|inst   ; regout           ;
; |ram|4x32ram:inst4|4x4ram:inst7|memory_cell:inst5|inst4  ; |ram|4x32ram:inst4|4x4ram:inst7|memory_cell:inst5|inst4  ; out0             ;
; |ram|4x32ram:inst4|4x4ram:inst7|memory_cell:inst7|inst   ; |ram|4x32ram:inst4|4x4ram:inst7|memory_cell:inst7|inst   ; regout           ;
; |ram|4x32ram:inst4|4x4ram:inst7|memory_cell:inst7|inst4  ; |ram|4x32ram:inst4|4x4ram:inst7|memory_cell:inst7|inst4  ; out0             ;
; |ram|4x32ram:inst4|4x4ram:inst7|memory_cell:inst1|inst   ; |ram|4x32ram:inst4|4x4ram:inst7|memory_cell:inst1|inst   ; regout           ;
; |ram|4x32ram:inst4|4x4ram:inst7|memory_cell:inst1|inst4  ; |ram|4x32ram:inst4|4x4ram:inst7|memory_cell:inst1|inst4  ; out0             ;
; |ram|4x32ram:inst4|4x4ram:inst7|memory_cell:inst16|inst  ; |ram|4x32ram:inst4|4x4ram:inst7|memory_cell:inst16|inst  ; regout           ;
; |ram|4x32ram:inst4|4x4ram:inst7|memory_cell:inst16|inst4 ; |ram|4x32ram:inst4|4x4ram:inst7|memory_cell:inst16|inst4 ; out0             ;
; |ram|4x32ram:inst4|4x4ram:inst7|memory_cell:inst14|inst  ; |ram|4x32ram:inst4|4x4ram:inst7|memory_cell:inst14|inst  ; regout           ;
; |ram|4x32ram:inst4|4x4ram:inst7|memory_cell:inst14|inst4 ; |ram|4x32ram:inst4|4x4ram:inst7|memory_cell:inst14|inst4 ; out0             ;
; |ram|4x32ram:inst4|4x4ram:inst7|memory_cell:inst12|inst3 ; |ram|4x32ram:inst4|4x4ram:inst7|memory_cell:inst12|inst3 ; out              ;
; |ram|4x32ram:inst4|4x4ram:inst7|memory_cell:inst12|inst  ; |ram|4x32ram:inst4|4x4ram:inst7|memory_cell:inst12|inst  ; regout           ;
; |ram|4x32ram:inst4|4x4ram:inst7|memory_cell:inst12|inst4 ; |ram|4x32ram:inst4|4x4ram:inst7|memory_cell:inst12|inst4 ; out0             ;
; |ram|4x32ram:inst4|4x4ram:inst7|memory_cell:inst10|inst  ; |ram|4x32ram:inst4|4x4ram:inst7|memory_cell:inst10|inst  ; regout           ;
; |ram|4x32ram:inst4|4x4ram:inst7|memory_cell:inst10|inst4 ; |ram|4x32ram:inst4|4x4ram:inst7|memory_cell:inst10|inst4 ; out0             ;
; |ram|4x32ram:inst4|4x4ram:inst7|memory_cell:inst15|inst  ; |ram|4x32ram:inst4|4x4ram:inst7|memory_cell:inst15|inst  ; regout           ;
; |ram|4x32ram:inst4|4x4ram:inst7|memory_cell:inst15|inst4 ; |ram|4x32ram:inst4|4x4ram:inst7|memory_cell:inst15|inst4 ; out0             ;
; |ram|4x32ram:inst4|4x4ram:inst7|memory_cell:inst13|inst  ; |ram|4x32ram:inst4|4x4ram:inst7|memory_cell:inst13|inst  ; regout           ;
; |ram|4x32ram:inst4|4x4ram:inst7|memory_cell:inst13|inst4 ; |ram|4x32ram:inst4|4x4ram:inst7|memory_cell:inst13|inst4 ; out0             ;
; |ram|4x32ram:inst4|4x4ram:inst7|memory_cell:inst11|inst3 ; |ram|4x32ram:inst4|4x4ram:inst7|memory_cell:inst11|inst3 ; out              ;
; |ram|4x32ram:inst4|4x4ram:inst7|memory_cell:inst11|inst  ; |ram|4x32ram:inst4|4x4ram:inst7|memory_cell:inst11|inst  ; regout           ;
; |ram|4x32ram:inst4|4x4ram:inst7|memory_cell:inst11|inst4 ; |ram|4x32ram:inst4|4x4ram:inst7|memory_cell:inst11|inst4 ; out0             ;
; |ram|4x32ram:inst4|4x4ram:inst7|memory_cell:inst9|inst   ; |ram|4x32ram:inst4|4x4ram:inst7|memory_cell:inst9|inst   ; regout           ;
; |ram|4x32ram:inst4|4x4ram:inst7|memory_cell:inst9|inst4  ; |ram|4x32ram:inst4|4x4ram:inst7|memory_cell:inst9|inst4  ; out0             ;
; |ram|4x32ram:inst4|4x4ram:inst7|memory_cell:inst8|inst   ; |ram|4x32ram:inst4|4x4ram:inst7|memory_cell:inst8|inst   ; regout           ;
; |ram|4x32ram:inst4|4x4ram:inst7|memory_cell:inst8|inst4  ; |ram|4x32ram:inst4|4x4ram:inst7|memory_cell:inst8|inst4  ; out0             ;
; |ram|4x32ram:inst4|4x4ram:inst7|memory_cell:inst6|inst   ; |ram|4x32ram:inst4|4x4ram:inst7|memory_cell:inst6|inst   ; regout           ;
; |ram|4x32ram:inst4|4x4ram:inst7|memory_cell:inst6|inst4  ; |ram|4x32ram:inst4|4x4ram:inst7|memory_cell:inst6|inst4  ; out0             ;
; |ram|4x32ram:inst4|4x4ram:inst7|memory_cell:inst4|inst3  ; |ram|4x32ram:inst4|4x4ram:inst7|memory_cell:inst4|inst3  ; out              ;
; |ram|4x32ram:inst4|4x4ram:inst7|memory_cell:inst4|inst   ; |ram|4x32ram:inst4|4x4ram:inst7|memory_cell:inst4|inst   ; regout           ;
; |ram|4x32ram:inst4|4x4ram:inst7|memory_cell:inst4|inst4  ; |ram|4x32ram:inst4|4x4ram:inst7|memory_cell:inst4|inst4  ; out0             ;
; |ram|4x32ram:inst4|4x4ram:inst7|24decoder:inst|inst3     ; |ram|4x32ram:inst4|4x4ram:inst7|24decoder:inst|inst3     ; out0             ;
; |ram|4x32ram:inst4|4x4ram:inst7|memory_cell:inst2|inst   ; |ram|4x32ram:inst4|4x4ram:inst7|memory_cell:inst2|inst   ; regout           ;
; |ram|4x32ram:inst4|4x4ram:inst7|memory_cell:inst2|inst4  ; |ram|4x32ram:inst4|4x4ram:inst7|memory_cell:inst2|inst4  ; out0             ;
; |ram|4x32ram:inst4|4x4ram:inst6|inst20                   ; |ram|4x32ram:inst4|4x4ram:inst6|inst20                   ; out              ;
; |ram|4x32ram:inst4|4x4ram:inst6|IN~0                     ; |ram|4x32ram:inst4|4x4ram:inst6|IN~0                     ; out0             ;
; |ram|4x32ram:inst4|4x4ram:inst6|inst17                   ; |ram|4x32ram:inst4|4x4ram:inst6|inst17                   ; out0             ;
; |ram|4x32ram:inst4|4x4ram:inst6|inst18                   ; |ram|4x32ram:inst4|4x4ram:inst6|inst18                   ; out0             ;
; |ram|4x32ram:inst4|4x4ram:inst6|inst21                   ; |ram|4x32ram:inst4|4x4ram:inst6|inst21                   ; out              ;
; |ram|4x32ram:inst4|4x4ram:inst6|IN~1                     ; |ram|4x32ram:inst4|4x4ram:inst6|IN~1                     ; out0             ;
; |ram|4x32ram:inst4|4x4ram:inst6|inst22                   ; |ram|4x32ram:inst4|4x4ram:inst6|inst22                   ; out              ;
; |ram|4x32ram:inst4|4x4ram:inst6|IN~2                     ; |ram|4x32ram:inst4|4x4ram:inst6|IN~2                     ; out0             ;
; |ram|4x32ram:inst4|4x4ram:inst6|inst19                   ; |ram|4x32ram:inst4|4x4ram:inst6|inst19                   ; out              ;
; |ram|4x32ram:inst4|4x4ram:inst6|IN~3                     ; |ram|4x32ram:inst4|4x4ram:inst6|IN~3                     ; out0             ;
; |ram|4x32ram:inst4|4x4ram:inst6|memory_cell:inst3|inst3  ; |ram|4x32ram:inst4|4x4ram:inst6|memory_cell:inst3|inst3  ; out              ;
; |ram|4x32ram:inst4|4x4ram:inst6|memory_cell:inst3|inst   ; |ram|4x32ram:inst4|4x4ram:inst6|memory_cell:inst3|inst   ; regout           ;
; |ram|4x32ram:inst4|4x4ram:inst6|memory_cell:inst3|inst4  ; |ram|4x32ram:inst4|4x4ram:inst6|memory_cell:inst3|inst4  ; out0             ;
; |ram|4x32ram:inst4|4x4ram:inst6|memory_cell:inst5|inst   ; |ram|4x32ram:inst4|4x4ram:inst6|memory_cell:inst5|inst   ; regout           ;
; |ram|4x32ram:inst4|4x4ram:inst6|memory_cell:inst5|inst4  ; |ram|4x32ram:inst4|4x4ram:inst6|memory_cell:inst5|inst4  ; out0             ;
; |ram|4x32ram:inst4|4x4ram:inst6|memory_cell:inst7|inst   ; |ram|4x32ram:inst4|4x4ram:inst6|memory_cell:inst7|inst   ; regout           ;
; |ram|4x32ram:inst4|4x4ram:inst6|memory_cell:inst7|inst4  ; |ram|4x32ram:inst4|4x4ram:inst6|memory_cell:inst7|inst4  ; out0             ;
; |ram|4x32ram:inst4|4x4ram:inst6|memory_cell:inst1|inst   ; |ram|4x32ram:inst4|4x4ram:inst6|memory_cell:inst1|inst   ; regout           ;
; |ram|4x32ram:inst4|4x4ram:inst6|memory_cell:inst1|inst4  ; |ram|4x32ram:inst4|4x4ram:inst6|memory_cell:inst1|inst4  ; out0             ;
; |ram|4x32ram:inst4|4x4ram:inst6|memory_cell:inst16|inst  ; |ram|4x32ram:inst4|4x4ram:inst6|memory_cell:inst16|inst  ; regout           ;
; |ram|4x32ram:inst4|4x4ram:inst6|memory_cell:inst16|inst4 ; |ram|4x32ram:inst4|4x4ram:inst6|memory_cell:inst16|inst4 ; out0             ;
; |ram|4x32ram:inst4|4x4ram:inst6|memory_cell:inst14|inst  ; |ram|4x32ram:inst4|4x4ram:inst6|memory_cell:inst14|inst  ; regout           ;
; |ram|4x32ram:inst4|4x4ram:inst6|memory_cell:inst14|inst4 ; |ram|4x32ram:inst4|4x4ram:inst6|memory_cell:inst14|inst4 ; out0             ;
; |ram|4x32ram:inst4|4x4ram:inst6|memory_cell:inst12|inst3 ; |ram|4x32ram:inst4|4x4ram:inst6|memory_cell:inst12|inst3 ; out              ;
; |ram|4x32ram:inst4|4x4ram:inst6|memory_cell:inst12|inst  ; |ram|4x32ram:inst4|4x4ram:inst6|memory_cell:inst12|inst  ; regout           ;
; |ram|4x32ram:inst4|4x4ram:inst6|memory_cell:inst12|inst4 ; |ram|4x32ram:inst4|4x4ram:inst6|memory_cell:inst12|inst4 ; out0             ;
; |ram|4x32ram:inst4|4x4ram:inst6|memory_cell:inst10|inst  ; |ram|4x32ram:inst4|4x4ram:inst6|memory_cell:inst10|inst  ; regout           ;
; |ram|4x32ram:inst4|4x4ram:inst6|memory_cell:inst10|inst4 ; |ram|4x32ram:inst4|4x4ram:inst6|memory_cell:inst10|inst4 ; out0             ;
; |ram|4x32ram:inst4|4x4ram:inst6|memory_cell:inst15|inst  ; |ram|4x32ram:inst4|4x4ram:inst6|memory_cell:inst15|inst  ; regout           ;
; |ram|4x32ram:inst4|4x4ram:inst6|memory_cell:inst15|inst4 ; |ram|4x32ram:inst4|4x4ram:inst6|memory_cell:inst15|inst4 ; out0             ;
; |ram|4x32ram:inst4|4x4ram:inst6|memory_cell:inst13|inst  ; |ram|4x32ram:inst4|4x4ram:inst6|memory_cell:inst13|inst  ; regout           ;
; |ram|4x32ram:inst4|4x4ram:inst6|memory_cell:inst13|inst4 ; |ram|4x32ram:inst4|4x4ram:inst6|memory_cell:inst13|inst4 ; out0             ;
; |ram|4x32ram:inst4|4x4ram:inst6|memory_cell:inst11|inst3 ; |ram|4x32ram:inst4|4x4ram:inst6|memory_cell:inst11|inst3 ; out              ;
; |ram|4x32ram:inst4|4x4ram:inst6|memory_cell:inst11|inst  ; |ram|4x32ram:inst4|4x4ram:inst6|memory_cell:inst11|inst  ; regout           ;
; |ram|4x32ram:inst4|4x4ram:inst6|memory_cell:inst11|inst4 ; |ram|4x32ram:inst4|4x4ram:inst6|memory_cell:inst11|inst4 ; out0             ;
; |ram|4x32ram:inst4|4x4ram:inst6|memory_cell:inst9|inst   ; |ram|4x32ram:inst4|4x4ram:inst6|memory_cell:inst9|inst   ; regout           ;
; |ram|4x32ram:inst4|4x4ram:inst6|memory_cell:inst9|inst4  ; |ram|4x32ram:inst4|4x4ram:inst6|memory_cell:inst9|inst4  ; out0             ;
; |ram|4x32ram:inst4|4x4ram:inst6|memory_cell:inst8|inst   ; |ram|4x32ram:inst4|4x4ram:inst6|memory_cell:inst8|inst   ; regout           ;
; |ram|4x32ram:inst4|4x4ram:inst6|memory_cell:inst8|inst4  ; |ram|4x32ram:inst4|4x4ram:inst6|memory_cell:inst8|inst4  ; out0             ;
; |ram|4x32ram:inst4|4x4ram:inst6|memory_cell:inst6|inst   ; |ram|4x32ram:inst4|4x4ram:inst6|memory_cell:inst6|inst   ; regout           ;
; |ram|4x32ram:inst4|4x4ram:inst6|memory_cell:inst6|inst4  ; |ram|4x32ram:inst4|4x4ram:inst6|memory_cell:inst6|inst4  ; out0             ;
; |ram|4x32ram:inst4|4x4ram:inst6|memory_cell:inst4|inst3  ; |ram|4x32ram:inst4|4x4ram:inst6|memory_cell:inst4|inst3  ; out              ;
; |ram|4x32ram:inst4|4x4ram:inst6|memory_cell:inst4|inst   ; |ram|4x32ram:inst4|4x4ram:inst6|memory_cell:inst4|inst   ; regout           ;
; |ram|4x32ram:inst4|4x4ram:inst6|memory_cell:inst4|inst4  ; |ram|4x32ram:inst4|4x4ram:inst6|memory_cell:inst4|inst4  ; out0             ;
; |ram|4x32ram:inst4|4x4ram:inst6|24decoder:inst|inst3     ; |ram|4x32ram:inst4|4x4ram:inst6|24decoder:inst|inst3     ; out0             ;
; |ram|4x32ram:inst4|4x4ram:inst6|memory_cell:inst2|inst   ; |ram|4x32ram:inst4|4x4ram:inst6|memory_cell:inst2|inst   ; regout           ;
; |ram|4x32ram:inst4|4x4ram:inst6|memory_cell:inst2|inst4  ; |ram|4x32ram:inst4|4x4ram:inst6|memory_cell:inst2|inst4  ; out0             ;
; |ram|4x32ram:inst4|4x4ram:inst5|inst20                   ; |ram|4x32ram:inst4|4x4ram:inst5|inst20                   ; out              ;
; |ram|4x32ram:inst4|4x4ram:inst5|IN~0                     ; |ram|4x32ram:inst4|4x4ram:inst5|IN~0                     ; out0             ;
; |ram|4x32ram:inst4|4x4ram:inst5|inst17                   ; |ram|4x32ram:inst4|4x4ram:inst5|inst17                   ; out0             ;
; |ram|4x32ram:inst4|4x4ram:inst5|inst18                   ; |ram|4x32ram:inst4|4x4ram:inst5|inst18                   ; out0             ;
; |ram|4x32ram:inst4|4x4ram:inst5|inst21                   ; |ram|4x32ram:inst4|4x4ram:inst5|inst21                   ; out              ;
; |ram|4x32ram:inst4|4x4ram:inst5|IN~1                     ; |ram|4x32ram:inst4|4x4ram:inst5|IN~1                     ; out0             ;
; |ram|4x32ram:inst4|4x4ram:inst5|inst22                   ; |ram|4x32ram:inst4|4x4ram:inst5|inst22                   ; out              ;
; |ram|4x32ram:inst4|4x4ram:inst5|IN~2                     ; |ram|4x32ram:inst4|4x4ram:inst5|IN~2                     ; out0             ;
; |ram|4x32ram:inst4|4x4ram:inst5|inst19                   ; |ram|4x32ram:inst4|4x4ram:inst5|inst19                   ; out              ;
; |ram|4x32ram:inst4|4x4ram:inst5|IN~3                     ; |ram|4x32ram:inst4|4x4ram:inst5|IN~3                     ; out0             ;
; |ram|4x32ram:inst4|4x4ram:inst5|memory_cell:inst3|inst3  ; |ram|4x32ram:inst4|4x4ram:inst5|memory_cell:inst3|inst3  ; out              ;
; |ram|4x32ram:inst4|4x4ram:inst5|memory_cell:inst3|inst   ; |ram|4x32ram:inst4|4x4ram:inst5|memory_cell:inst3|inst   ; regout           ;
; |ram|4x32ram:inst4|4x4ram:inst5|memory_cell:inst3|inst4  ; |ram|4x32ram:inst4|4x4ram:inst5|memory_cell:inst3|inst4  ; out0             ;
; |ram|4x32ram:inst4|4x4ram:inst5|memory_cell:inst5|inst   ; |ram|4x32ram:inst4|4x4ram:inst5|memory_cell:inst5|inst   ; regout           ;
; |ram|4x32ram:inst4|4x4ram:inst5|memory_cell:inst5|inst4  ; |ram|4x32ram:inst4|4x4ram:inst5|memory_cell:inst5|inst4  ; out0             ;
; |ram|4x32ram:inst4|4x4ram:inst5|memory_cell:inst7|inst   ; |ram|4x32ram:inst4|4x4ram:inst5|memory_cell:inst7|inst   ; regout           ;
; |ram|4x32ram:inst4|4x4ram:inst5|memory_cell:inst7|inst4  ; |ram|4x32ram:inst4|4x4ram:inst5|memory_cell:inst7|inst4  ; out0             ;
; |ram|4x32ram:inst4|4x4ram:inst5|memory_cell:inst1|inst   ; |ram|4x32ram:inst4|4x4ram:inst5|memory_cell:inst1|inst   ; regout           ;
; |ram|4x32ram:inst4|4x4ram:inst5|memory_cell:inst1|inst4  ; |ram|4x32ram:inst4|4x4ram:inst5|memory_cell:inst1|inst4  ; out0             ;
; |ram|4x32ram:inst4|4x4ram:inst5|memory_cell:inst16|inst  ; |ram|4x32ram:inst4|4x4ram:inst5|memory_cell:inst16|inst  ; regout           ;
; |ram|4x32ram:inst4|4x4ram:inst5|memory_cell:inst16|inst4 ; |ram|4x32ram:inst4|4x4ram:inst5|memory_cell:inst16|inst4 ; out0             ;
; |ram|4x32ram:inst4|4x4ram:inst5|memory_cell:inst14|inst  ; |ram|4x32ram:inst4|4x4ram:inst5|memory_cell:inst14|inst  ; regout           ;
; |ram|4x32ram:inst4|4x4ram:inst5|memory_cell:inst14|inst4 ; |ram|4x32ram:inst4|4x4ram:inst5|memory_cell:inst14|inst4 ; out0             ;
; |ram|4x32ram:inst4|4x4ram:inst5|memory_cell:inst12|inst3 ; |ram|4x32ram:inst4|4x4ram:inst5|memory_cell:inst12|inst3 ; out              ;
; |ram|4x32ram:inst4|4x4ram:inst5|memory_cell:inst12|inst  ; |ram|4x32ram:inst4|4x4ram:inst5|memory_cell:inst12|inst  ; regout           ;
; |ram|4x32ram:inst4|4x4ram:inst5|memory_cell:inst12|inst4 ; |ram|4x32ram:inst4|4x4ram:inst5|memory_cell:inst12|inst4 ; out0             ;
; |ram|4x32ram:inst4|4x4ram:inst5|memory_cell:inst10|inst  ; |ram|4x32ram:inst4|4x4ram:inst5|memory_cell:inst10|inst  ; regout           ;
; |ram|4x32ram:inst4|4x4ram:inst5|memory_cell:inst10|inst4 ; |ram|4x32ram:inst4|4x4ram:inst5|memory_cell:inst10|inst4 ; out0             ;
; |ram|4x32ram:inst4|4x4ram:inst5|memory_cell:inst15|inst  ; |ram|4x32ram:inst4|4x4ram:inst5|memory_cell:inst15|inst  ; regout           ;
; |ram|4x32ram:inst4|4x4ram:inst5|memory_cell:inst15|inst4 ; |ram|4x32ram:inst4|4x4ram:inst5|memory_cell:inst15|inst4 ; out0             ;
; |ram|4x32ram:inst4|4x4ram:inst5|memory_cell:inst13|inst  ; |ram|4x32ram:inst4|4x4ram:inst5|memory_cell:inst13|inst  ; regout           ;
; |ram|4x32ram:inst4|4x4ram:inst5|memory_cell:inst13|inst4 ; |ram|4x32ram:inst4|4x4ram:inst5|memory_cell:inst13|inst4 ; out0             ;
; |ram|4x32ram:inst4|4x4ram:inst5|memory_cell:inst11|inst3 ; |ram|4x32ram:inst4|4x4ram:inst5|memory_cell:inst11|inst3 ; out              ;
; |ram|4x32ram:inst4|4x4ram:inst5|memory_cell:inst11|inst  ; |ram|4x32ram:inst4|4x4ram:inst5|memory_cell:inst11|inst  ; regout           ;
; |ram|4x32ram:inst4|4x4ram:inst5|memory_cell:inst11|inst4 ; |ram|4x32ram:inst4|4x4ram:inst5|memory_cell:inst11|inst4 ; out0             ;
; |ram|4x32ram:inst4|4x4ram:inst5|memory_cell:inst9|inst   ; |ram|4x32ram:inst4|4x4ram:inst5|memory_cell:inst9|inst   ; regout           ;
; |ram|4x32ram:inst4|4x4ram:inst5|memory_cell:inst9|inst4  ; |ram|4x32ram:inst4|4x4ram:inst5|memory_cell:inst9|inst4  ; out0             ;
; |ram|4x32ram:inst4|4x4ram:inst5|memory_cell:inst8|inst   ; |ram|4x32ram:inst4|4x4ram:inst5|memory_cell:inst8|inst   ; regout           ;
; |ram|4x32ram:inst4|4x4ram:inst5|memory_cell:inst8|inst4  ; |ram|4x32ram:inst4|4x4ram:inst5|memory_cell:inst8|inst4  ; out0             ;
; |ram|4x32ram:inst4|4x4ram:inst5|memory_cell:inst6|inst   ; |ram|4x32ram:inst4|4x4ram:inst5|memory_cell:inst6|inst   ; regout           ;
; |ram|4x32ram:inst4|4x4ram:inst5|memory_cell:inst6|inst4  ; |ram|4x32ram:inst4|4x4ram:inst5|memory_cell:inst6|inst4  ; out0             ;
; |ram|4x32ram:inst4|4x4ram:inst5|memory_cell:inst4|inst3  ; |ram|4x32ram:inst4|4x4ram:inst5|memory_cell:inst4|inst3  ; out              ;
; |ram|4x32ram:inst4|4x4ram:inst5|memory_cell:inst4|inst   ; |ram|4x32ram:inst4|4x4ram:inst5|memory_cell:inst4|inst   ; regout           ;
; |ram|4x32ram:inst4|4x4ram:inst5|memory_cell:inst4|inst4  ; |ram|4x32ram:inst4|4x4ram:inst5|memory_cell:inst4|inst4  ; out0             ;
; |ram|4x32ram:inst4|4x4ram:inst5|24decoder:inst|inst3     ; |ram|4x32ram:inst4|4x4ram:inst5|24decoder:inst|inst3     ; out0             ;
; |ram|4x32ram:inst4|4x4ram:inst5|memory_cell:inst2|inst   ; |ram|4x32ram:inst4|4x4ram:inst5|memory_cell:inst2|inst   ; regout           ;
; |ram|4x32ram:inst4|4x4ram:inst5|memory_cell:inst2|inst4  ; |ram|4x32ram:inst4|4x4ram:inst5|memory_cell:inst2|inst4  ; out0             ;
; |ram|4x32ram:inst4|4x4ram:inst4|inst20                   ; |ram|4x32ram:inst4|4x4ram:inst4|inst20                   ; out              ;
; |ram|4x32ram:inst4|4x4ram:inst4|IN~0                     ; |ram|4x32ram:inst4|4x4ram:inst4|IN~0                     ; out0             ;
; |ram|4x32ram:inst4|4x4ram:inst4|inst17                   ; |ram|4x32ram:inst4|4x4ram:inst4|inst17                   ; out0             ;
; |ram|4x32ram:inst4|4x4ram:inst4|inst18                   ; |ram|4x32ram:inst4|4x4ram:inst4|inst18                   ; out0             ;
; |ram|4x32ram:inst4|4x4ram:inst4|inst21                   ; |ram|4x32ram:inst4|4x4ram:inst4|inst21                   ; out              ;
; |ram|4x32ram:inst4|4x4ram:inst4|IN~1                     ; |ram|4x32ram:inst4|4x4ram:inst4|IN~1                     ; out0             ;
; |ram|4x32ram:inst4|4x4ram:inst4|inst22                   ; |ram|4x32ram:inst4|4x4ram:inst4|inst22                   ; out              ;
; |ram|4x32ram:inst4|4x4ram:inst4|IN~2                     ; |ram|4x32ram:inst4|4x4ram:inst4|IN~2                     ; out0             ;
; |ram|4x32ram:inst4|4x4ram:inst4|inst19                   ; |ram|4x32ram:inst4|4x4ram:inst4|inst19                   ; out              ;
; |ram|4x32ram:inst4|4x4ram:inst4|IN~3                     ; |ram|4x32ram:inst4|4x4ram:inst4|IN~3                     ; out0             ;
; |ram|4x32ram:inst4|4x4ram:inst4|memory_cell:inst3|inst3  ; |ram|4x32ram:inst4|4x4ram:inst4|memory_cell:inst3|inst3  ; out              ;
; |ram|4x32ram:inst4|4x4ram:inst4|memory_cell:inst3|inst   ; |ram|4x32ram:inst4|4x4ram:inst4|memory_cell:inst3|inst   ; regout           ;
; |ram|4x32ram:inst4|4x4ram:inst4|memory_cell:inst3|inst4  ; |ram|4x32ram:inst4|4x4ram:inst4|memory_cell:inst3|inst4  ; out0             ;
; |ram|4x32ram:inst4|4x4ram:inst4|memory_cell:inst5|inst   ; |ram|4x32ram:inst4|4x4ram:inst4|memory_cell:inst5|inst   ; regout           ;
; |ram|4x32ram:inst4|4x4ram:inst4|memory_cell:inst5|inst4  ; |ram|4x32ram:inst4|4x4ram:inst4|memory_cell:inst5|inst4  ; out0             ;
; |ram|4x32ram:inst4|4x4ram:inst4|memory_cell:inst7|inst   ; |ram|4x32ram:inst4|4x4ram:inst4|memory_cell:inst7|inst   ; regout           ;
; |ram|4x32ram:inst4|4x4ram:inst4|memory_cell:inst7|inst4  ; |ram|4x32ram:inst4|4x4ram:inst4|memory_cell:inst7|inst4  ; out0             ;
; |ram|4x32ram:inst4|4x4ram:inst4|memory_cell:inst1|inst   ; |ram|4x32ram:inst4|4x4ram:inst4|memory_cell:inst1|inst   ; regout           ;
; |ram|4x32ram:inst4|4x4ram:inst4|memory_cell:inst1|inst4  ; |ram|4x32ram:inst4|4x4ram:inst4|memory_cell:inst1|inst4  ; out0             ;
; |ram|4x32ram:inst4|4x4ram:inst4|memory_cell:inst16|inst  ; |ram|4x32ram:inst4|4x4ram:inst4|memory_cell:inst16|inst  ; regout           ;
; |ram|4x32ram:inst4|4x4ram:inst4|memory_cell:inst16|inst4 ; |ram|4x32ram:inst4|4x4ram:inst4|memory_cell:inst16|inst4 ; out0             ;
; |ram|4x32ram:inst4|4x4ram:inst4|memory_cell:inst14|inst  ; |ram|4x32ram:inst4|4x4ram:inst4|memory_cell:inst14|inst  ; regout           ;
; |ram|4x32ram:inst4|4x4ram:inst4|memory_cell:inst14|inst4 ; |ram|4x32ram:inst4|4x4ram:inst4|memory_cell:inst14|inst4 ; out0             ;
; |ram|4x32ram:inst4|4x4ram:inst4|memory_cell:inst12|inst3 ; |ram|4x32ram:inst4|4x4ram:inst4|memory_cell:inst12|inst3 ; out              ;
; |ram|4x32ram:inst4|4x4ram:inst4|memory_cell:inst12|inst  ; |ram|4x32ram:inst4|4x4ram:inst4|memory_cell:inst12|inst  ; regout           ;
; |ram|4x32ram:inst4|4x4ram:inst4|memory_cell:inst12|inst4 ; |ram|4x32ram:inst4|4x4ram:inst4|memory_cell:inst12|inst4 ; out0             ;
; |ram|4x32ram:inst4|4x4ram:inst4|memory_cell:inst10|inst  ; |ram|4x32ram:inst4|4x4ram:inst4|memory_cell:inst10|inst  ; regout           ;
; |ram|4x32ram:inst4|4x4ram:inst4|memory_cell:inst10|inst4 ; |ram|4x32ram:inst4|4x4ram:inst4|memory_cell:inst10|inst4 ; out0             ;
; |ram|4x32ram:inst4|4x4ram:inst4|memory_cell:inst15|inst  ; |ram|4x32ram:inst4|4x4ram:inst4|memory_cell:inst15|inst  ; regout           ;
; |ram|4x32ram:inst4|4x4ram:inst4|memory_cell:inst15|inst4 ; |ram|4x32ram:inst4|4x4ram:inst4|memory_cell:inst15|inst4 ; out0             ;
; |ram|4x32ram:inst4|4x4ram:inst4|memory_cell:inst13|inst  ; |ram|4x32ram:inst4|4x4ram:inst4|memory_cell:inst13|inst  ; regout           ;
; |ram|4x32ram:inst4|4x4ram:inst4|memory_cell:inst13|inst4 ; |ram|4x32ram:inst4|4x4ram:inst4|memory_cell:inst13|inst4 ; out0             ;
; |ram|4x32ram:inst4|4x4ram:inst4|memory_cell:inst11|inst3 ; |ram|4x32ram:inst4|4x4ram:inst4|memory_cell:inst11|inst3 ; out              ;
; |ram|4x32ram:inst4|4x4ram:inst4|memory_cell:inst11|inst  ; |ram|4x32ram:inst4|4x4ram:inst4|memory_cell:inst11|inst  ; regout           ;
; |ram|4x32ram:inst4|4x4ram:inst4|memory_cell:inst11|inst4 ; |ram|4x32ram:inst4|4x4ram:inst4|memory_cell:inst11|inst4 ; out0             ;
; |ram|4x32ram:inst4|4x4ram:inst4|memory_cell:inst9|inst   ; |ram|4x32ram:inst4|4x4ram:inst4|memory_cell:inst9|inst   ; regout           ;
; |ram|4x32ram:inst4|4x4ram:inst4|memory_cell:inst9|inst4  ; |ram|4x32ram:inst4|4x4ram:inst4|memory_cell:inst9|inst4  ; out0             ;
; |ram|4x32ram:inst4|4x4ram:inst4|memory_cell:inst8|inst   ; |ram|4x32ram:inst4|4x4ram:inst4|memory_cell:inst8|inst   ; regout           ;
; |ram|4x32ram:inst4|4x4ram:inst4|memory_cell:inst8|inst4  ; |ram|4x32ram:inst4|4x4ram:inst4|memory_cell:inst8|inst4  ; out0             ;
; |ram|4x32ram:inst4|4x4ram:inst4|memory_cell:inst6|inst   ; |ram|4x32ram:inst4|4x4ram:inst4|memory_cell:inst6|inst   ; regout           ;
; |ram|4x32ram:inst4|4x4ram:inst4|memory_cell:inst6|inst4  ; |ram|4x32ram:inst4|4x4ram:inst4|memory_cell:inst6|inst4  ; out0             ;
; |ram|4x32ram:inst4|4x4ram:inst4|memory_cell:inst4|inst3  ; |ram|4x32ram:inst4|4x4ram:inst4|memory_cell:inst4|inst3  ; out              ;
; |ram|4x32ram:inst4|4x4ram:inst4|memory_cell:inst4|inst   ; |ram|4x32ram:inst4|4x4ram:inst4|memory_cell:inst4|inst   ; regout           ;
; |ram|4x32ram:inst4|4x4ram:inst4|memory_cell:inst4|inst4  ; |ram|4x32ram:inst4|4x4ram:inst4|memory_cell:inst4|inst4  ; out0             ;
; |ram|4x32ram:inst4|4x4ram:inst4|24decoder:inst|inst3     ; |ram|4x32ram:inst4|4x4ram:inst4|24decoder:inst|inst3     ; out0             ;
; |ram|4x32ram:inst4|4x4ram:inst4|memory_cell:inst2|inst   ; |ram|4x32ram:inst4|4x4ram:inst4|memory_cell:inst2|inst   ; regout           ;
; |ram|4x32ram:inst4|4x4ram:inst4|memory_cell:inst2|inst4  ; |ram|4x32ram:inst4|4x4ram:inst4|memory_cell:inst2|inst4  ; out0             ;
; |ram|4x32ram:inst4|4x4ram:inst3|inst20                   ; |ram|4x32ram:inst4|4x4ram:inst3|inst20                   ; out              ;
; |ram|4x32ram:inst4|4x4ram:inst3|IN~0                     ; |ram|4x32ram:inst4|4x4ram:inst3|IN~0                     ; out0             ;
; |ram|4x32ram:inst4|4x4ram:inst3|inst17                   ; |ram|4x32ram:inst4|4x4ram:inst3|inst17                   ; out0             ;
; |ram|4x32ram:inst4|4x4ram:inst3|inst18                   ; |ram|4x32ram:inst4|4x4ram:inst3|inst18                   ; out0             ;
; |ram|4x32ram:inst4|4x4ram:inst3|inst21                   ; |ram|4x32ram:inst4|4x4ram:inst3|inst21                   ; out              ;
; |ram|4x32ram:inst4|4x4ram:inst3|IN~1                     ; |ram|4x32ram:inst4|4x4ram:inst3|IN~1                     ; out0             ;
; |ram|4x32ram:inst4|4x4ram:inst3|inst22                   ; |ram|4x32ram:inst4|4x4ram:inst3|inst22                   ; out              ;
; |ram|4x32ram:inst4|4x4ram:inst3|IN~2                     ; |ram|4x32ram:inst4|4x4ram:inst3|IN~2                     ; out0             ;
; |ram|4x32ram:inst4|4x4ram:inst3|inst19                   ; |ram|4x32ram:inst4|4x4ram:inst3|inst19                   ; out              ;
; |ram|4x32ram:inst4|4x4ram:inst3|IN~3                     ; |ram|4x32ram:inst4|4x4ram:inst3|IN~3                     ; out0             ;
; |ram|4x32ram:inst4|4x4ram:inst3|memory_cell:inst3|inst3  ; |ram|4x32ram:inst4|4x4ram:inst3|memory_cell:inst3|inst3  ; out              ;
; |ram|4x32ram:inst4|4x4ram:inst3|memory_cell:inst3|inst   ; |ram|4x32ram:inst4|4x4ram:inst3|memory_cell:inst3|inst   ; regout           ;
; |ram|4x32ram:inst4|4x4ram:inst3|memory_cell:inst3|inst4  ; |ram|4x32ram:inst4|4x4ram:inst3|memory_cell:inst3|inst4  ; out0             ;
; |ram|4x32ram:inst4|4x4ram:inst3|memory_cell:inst5|inst   ; |ram|4x32ram:inst4|4x4ram:inst3|memory_cell:inst5|inst   ; regout           ;
; |ram|4x32ram:inst4|4x4ram:inst3|memory_cell:inst5|inst4  ; |ram|4x32ram:inst4|4x4ram:inst3|memory_cell:inst5|inst4  ; out0             ;
; |ram|4x32ram:inst4|4x4ram:inst3|memory_cell:inst7|inst   ; |ram|4x32ram:inst4|4x4ram:inst3|memory_cell:inst7|inst   ; regout           ;
; |ram|4x32ram:inst4|4x4ram:inst3|memory_cell:inst7|inst4  ; |ram|4x32ram:inst4|4x4ram:inst3|memory_cell:inst7|inst4  ; out0             ;
; |ram|4x32ram:inst4|4x4ram:inst3|memory_cell:inst1|inst   ; |ram|4x32ram:inst4|4x4ram:inst3|memory_cell:inst1|inst   ; regout           ;
; |ram|4x32ram:inst4|4x4ram:inst3|memory_cell:inst1|inst4  ; |ram|4x32ram:inst4|4x4ram:inst3|memory_cell:inst1|inst4  ; out0             ;
; |ram|4x32ram:inst4|4x4ram:inst3|memory_cell:inst16|inst  ; |ram|4x32ram:inst4|4x4ram:inst3|memory_cell:inst16|inst  ; regout           ;
; |ram|4x32ram:inst4|4x4ram:inst3|memory_cell:inst16|inst4 ; |ram|4x32ram:inst4|4x4ram:inst3|memory_cell:inst16|inst4 ; out0             ;
; |ram|4x32ram:inst4|4x4ram:inst3|memory_cell:inst14|inst  ; |ram|4x32ram:inst4|4x4ram:inst3|memory_cell:inst14|inst  ; regout           ;
; |ram|4x32ram:inst4|4x4ram:inst3|memory_cell:inst14|inst4 ; |ram|4x32ram:inst4|4x4ram:inst3|memory_cell:inst14|inst4 ; out0             ;
; |ram|4x32ram:inst4|4x4ram:inst3|memory_cell:inst12|inst3 ; |ram|4x32ram:inst4|4x4ram:inst3|memory_cell:inst12|inst3 ; out              ;
; |ram|4x32ram:inst4|4x4ram:inst3|memory_cell:inst12|inst  ; |ram|4x32ram:inst4|4x4ram:inst3|memory_cell:inst12|inst  ; regout           ;
; |ram|4x32ram:inst4|4x4ram:inst3|memory_cell:inst12|inst4 ; |ram|4x32ram:inst4|4x4ram:inst3|memory_cell:inst12|inst4 ; out0             ;
; |ram|4x32ram:inst4|4x4ram:inst3|memory_cell:inst10|inst  ; |ram|4x32ram:inst4|4x4ram:inst3|memory_cell:inst10|inst  ; regout           ;
; |ram|4x32ram:inst4|4x4ram:inst3|memory_cell:inst10|inst4 ; |ram|4x32ram:inst4|4x4ram:inst3|memory_cell:inst10|inst4 ; out0             ;
; |ram|4x32ram:inst4|4x4ram:inst3|memory_cell:inst15|inst  ; |ram|4x32ram:inst4|4x4ram:inst3|memory_cell:inst15|inst  ; regout           ;
; |ram|4x32ram:inst4|4x4ram:inst3|memory_cell:inst15|inst4 ; |ram|4x32ram:inst4|4x4ram:inst3|memory_cell:inst15|inst4 ; out0             ;
; |ram|4x32ram:inst4|4x4ram:inst3|memory_cell:inst13|inst  ; |ram|4x32ram:inst4|4x4ram:inst3|memory_cell:inst13|inst  ; regout           ;
; |ram|4x32ram:inst4|4x4ram:inst3|memory_cell:inst13|inst4 ; |ram|4x32ram:inst4|4x4ram:inst3|memory_cell:inst13|inst4 ; out0             ;
; |ram|4x32ram:inst4|4x4ram:inst3|memory_cell:inst11|inst3 ; |ram|4x32ram:inst4|4x4ram:inst3|memory_cell:inst11|inst3 ; out              ;
; |ram|4x32ram:inst4|4x4ram:inst3|memory_cell:inst11|inst  ; |ram|4x32ram:inst4|4x4ram:inst3|memory_cell:inst11|inst  ; regout           ;
; |ram|4x32ram:inst4|4x4ram:inst3|memory_cell:inst11|inst4 ; |ram|4x32ram:inst4|4x4ram:inst3|memory_cell:inst11|inst4 ; out0             ;
; |ram|4x32ram:inst4|4x4ram:inst3|memory_cell:inst9|inst   ; |ram|4x32ram:inst4|4x4ram:inst3|memory_cell:inst9|inst   ; regout           ;
; |ram|4x32ram:inst4|4x4ram:inst3|memory_cell:inst9|inst4  ; |ram|4x32ram:inst4|4x4ram:inst3|memory_cell:inst9|inst4  ; out0             ;
; |ram|4x32ram:inst4|4x4ram:inst3|memory_cell:inst8|inst   ; |ram|4x32ram:inst4|4x4ram:inst3|memory_cell:inst8|inst   ; regout           ;
; |ram|4x32ram:inst4|4x4ram:inst3|memory_cell:inst8|inst4  ; |ram|4x32ram:inst4|4x4ram:inst3|memory_cell:inst8|inst4  ; out0             ;
; |ram|4x32ram:inst4|4x4ram:inst3|memory_cell:inst6|inst   ; |ram|4x32ram:inst4|4x4ram:inst3|memory_cell:inst6|inst   ; regout           ;
; |ram|4x32ram:inst4|4x4ram:inst3|memory_cell:inst6|inst4  ; |ram|4x32ram:inst4|4x4ram:inst3|memory_cell:inst6|inst4  ; out0             ;
; |ram|4x32ram:inst4|4x4ram:inst3|memory_cell:inst4|inst3  ; |ram|4x32ram:inst4|4x4ram:inst3|memory_cell:inst4|inst3  ; out              ;
; |ram|4x32ram:inst4|4x4ram:inst3|memory_cell:inst4|inst   ; |ram|4x32ram:inst4|4x4ram:inst3|memory_cell:inst4|inst   ; regout           ;
; |ram|4x32ram:inst4|4x4ram:inst3|memory_cell:inst4|inst4  ; |ram|4x32ram:inst4|4x4ram:inst3|memory_cell:inst4|inst4  ; out0             ;
; |ram|4x32ram:inst4|4x4ram:inst3|24decoder:inst|inst3     ; |ram|4x32ram:inst4|4x4ram:inst3|24decoder:inst|inst3     ; out0             ;
; |ram|4x32ram:inst4|4x4ram:inst3|memory_cell:inst2|inst   ; |ram|4x32ram:inst4|4x4ram:inst3|memory_cell:inst2|inst   ; regout           ;
; |ram|4x32ram:inst4|4x4ram:inst3|memory_cell:inst2|inst4  ; |ram|4x32ram:inst4|4x4ram:inst3|memory_cell:inst2|inst4  ; out0             ;
; |ram|4x32ram:inst4|4x4ram:inst1|inst20                   ; |ram|4x32ram:inst4|4x4ram:inst1|inst20                   ; out              ;
; |ram|4x32ram:inst4|4x4ram:inst1|IN~0                     ; |ram|4x32ram:inst4|4x4ram:inst1|IN~0                     ; out0             ;
; |ram|4x32ram:inst4|4x4ram:inst1|inst17                   ; |ram|4x32ram:inst4|4x4ram:inst1|inst17                   ; out0             ;
; |ram|4x32ram:inst4|4x4ram:inst1|inst18                   ; |ram|4x32ram:inst4|4x4ram:inst1|inst18                   ; out0             ;
; |ram|4x32ram:inst4|4x4ram:inst1|inst21                   ; |ram|4x32ram:inst4|4x4ram:inst1|inst21                   ; out              ;
; |ram|4x32ram:inst4|4x4ram:inst1|IN~1                     ; |ram|4x32ram:inst4|4x4ram:inst1|IN~1                     ; out0             ;
; |ram|4x32ram:inst4|4x4ram:inst1|inst22                   ; |ram|4x32ram:inst4|4x4ram:inst1|inst22                   ; out              ;
; |ram|4x32ram:inst4|4x4ram:inst1|IN~2                     ; |ram|4x32ram:inst4|4x4ram:inst1|IN~2                     ; out0             ;
; |ram|4x32ram:inst4|4x4ram:inst1|inst19                   ; |ram|4x32ram:inst4|4x4ram:inst1|inst19                   ; out              ;
; |ram|4x32ram:inst4|4x4ram:inst1|IN~3                     ; |ram|4x32ram:inst4|4x4ram:inst1|IN~3                     ; out0             ;
; |ram|4x32ram:inst4|4x4ram:inst1|memory_cell:inst3|inst3  ; |ram|4x32ram:inst4|4x4ram:inst1|memory_cell:inst3|inst3  ; out              ;
; |ram|4x32ram:inst4|4x4ram:inst1|memory_cell:inst3|inst   ; |ram|4x32ram:inst4|4x4ram:inst1|memory_cell:inst3|inst   ; regout           ;
; |ram|4x32ram:inst4|4x4ram:inst1|memory_cell:inst3|inst4  ; |ram|4x32ram:inst4|4x4ram:inst1|memory_cell:inst3|inst4  ; out0             ;
; |ram|4x32ram:inst4|4x4ram:inst1|memory_cell:inst5|inst   ; |ram|4x32ram:inst4|4x4ram:inst1|memory_cell:inst5|inst   ; regout           ;
; |ram|4x32ram:inst4|4x4ram:inst1|memory_cell:inst5|inst4  ; |ram|4x32ram:inst4|4x4ram:inst1|memory_cell:inst5|inst4  ; out0             ;
; |ram|4x32ram:inst4|4x4ram:inst1|memory_cell:inst7|inst   ; |ram|4x32ram:inst4|4x4ram:inst1|memory_cell:inst7|inst   ; regout           ;
; |ram|4x32ram:inst4|4x4ram:inst1|memory_cell:inst7|inst4  ; |ram|4x32ram:inst4|4x4ram:inst1|memory_cell:inst7|inst4  ; out0             ;
; |ram|4x32ram:inst4|4x4ram:inst1|memory_cell:inst1|inst   ; |ram|4x32ram:inst4|4x4ram:inst1|memory_cell:inst1|inst   ; regout           ;
; |ram|4x32ram:inst4|4x4ram:inst1|memory_cell:inst1|inst4  ; |ram|4x32ram:inst4|4x4ram:inst1|memory_cell:inst1|inst4  ; out0             ;
; |ram|4x32ram:inst4|4x4ram:inst1|memory_cell:inst16|inst  ; |ram|4x32ram:inst4|4x4ram:inst1|memory_cell:inst16|inst  ; regout           ;
; |ram|4x32ram:inst4|4x4ram:inst1|memory_cell:inst16|inst4 ; |ram|4x32ram:inst4|4x4ram:inst1|memory_cell:inst16|inst4 ; out0             ;
; |ram|4x32ram:inst4|4x4ram:inst1|memory_cell:inst14|inst  ; |ram|4x32ram:inst4|4x4ram:inst1|memory_cell:inst14|inst  ; regout           ;
; |ram|4x32ram:inst4|4x4ram:inst1|memory_cell:inst14|inst4 ; |ram|4x32ram:inst4|4x4ram:inst1|memory_cell:inst14|inst4 ; out0             ;
; |ram|4x32ram:inst4|4x4ram:inst1|memory_cell:inst12|inst3 ; |ram|4x32ram:inst4|4x4ram:inst1|memory_cell:inst12|inst3 ; out              ;
; |ram|4x32ram:inst4|4x4ram:inst1|memory_cell:inst12|inst  ; |ram|4x32ram:inst4|4x4ram:inst1|memory_cell:inst12|inst  ; regout           ;
; |ram|4x32ram:inst4|4x4ram:inst1|memory_cell:inst12|inst4 ; |ram|4x32ram:inst4|4x4ram:inst1|memory_cell:inst12|inst4 ; out0             ;
; |ram|4x32ram:inst4|4x4ram:inst1|memory_cell:inst10|inst  ; |ram|4x32ram:inst4|4x4ram:inst1|memory_cell:inst10|inst  ; regout           ;
; |ram|4x32ram:inst4|4x4ram:inst1|memory_cell:inst10|inst4 ; |ram|4x32ram:inst4|4x4ram:inst1|memory_cell:inst10|inst4 ; out0             ;
; |ram|4x32ram:inst4|4x4ram:inst1|memory_cell:inst15|inst  ; |ram|4x32ram:inst4|4x4ram:inst1|memory_cell:inst15|inst  ; regout           ;
; |ram|4x32ram:inst4|4x4ram:inst1|memory_cell:inst15|inst4 ; |ram|4x32ram:inst4|4x4ram:inst1|memory_cell:inst15|inst4 ; out0             ;
; |ram|4x32ram:inst4|4x4ram:inst1|memory_cell:inst13|inst  ; |ram|4x32ram:inst4|4x4ram:inst1|memory_cell:inst13|inst  ; regout           ;
; |ram|4x32ram:inst4|4x4ram:inst1|memory_cell:inst13|inst4 ; |ram|4x32ram:inst4|4x4ram:inst1|memory_cell:inst13|inst4 ; out0             ;
; |ram|4x32ram:inst4|4x4ram:inst1|memory_cell:inst11|inst3 ; |ram|4x32ram:inst4|4x4ram:inst1|memory_cell:inst11|inst3 ; out              ;
; |ram|4x32ram:inst4|4x4ram:inst1|memory_cell:inst11|inst  ; |ram|4x32ram:inst4|4x4ram:inst1|memory_cell:inst11|inst  ; regout           ;
; |ram|4x32ram:inst4|4x4ram:inst1|memory_cell:inst11|inst4 ; |ram|4x32ram:inst4|4x4ram:inst1|memory_cell:inst11|inst4 ; out0             ;
; |ram|4x32ram:inst4|4x4ram:inst1|memory_cell:inst9|inst   ; |ram|4x32ram:inst4|4x4ram:inst1|memory_cell:inst9|inst   ; regout           ;
; |ram|4x32ram:inst4|4x4ram:inst1|memory_cell:inst9|inst4  ; |ram|4x32ram:inst4|4x4ram:inst1|memory_cell:inst9|inst4  ; out0             ;
; |ram|4x32ram:inst4|4x4ram:inst1|memory_cell:inst8|inst   ; |ram|4x32ram:inst4|4x4ram:inst1|memory_cell:inst8|inst   ; regout           ;
; |ram|4x32ram:inst4|4x4ram:inst1|memory_cell:inst8|inst4  ; |ram|4x32ram:inst4|4x4ram:inst1|memory_cell:inst8|inst4  ; out0             ;
; |ram|4x32ram:inst4|4x4ram:inst1|memory_cell:inst6|inst   ; |ram|4x32ram:inst4|4x4ram:inst1|memory_cell:inst6|inst   ; regout           ;
; |ram|4x32ram:inst4|4x4ram:inst1|memory_cell:inst6|inst4  ; |ram|4x32ram:inst4|4x4ram:inst1|memory_cell:inst6|inst4  ; out0             ;
; |ram|4x32ram:inst4|4x4ram:inst1|memory_cell:inst4|inst3  ; |ram|4x32ram:inst4|4x4ram:inst1|memory_cell:inst4|inst3  ; out              ;
; |ram|4x32ram:inst4|4x4ram:inst1|memory_cell:inst4|inst   ; |ram|4x32ram:inst4|4x4ram:inst1|memory_cell:inst4|inst   ; regout           ;
; |ram|4x32ram:inst4|4x4ram:inst1|memory_cell:inst4|inst4  ; |ram|4x32ram:inst4|4x4ram:inst1|memory_cell:inst4|inst4  ; out0             ;
; |ram|4x32ram:inst4|4x4ram:inst1|24decoder:inst|inst3     ; |ram|4x32ram:inst4|4x4ram:inst1|24decoder:inst|inst3     ; out0             ;
; |ram|4x32ram:inst4|4x4ram:inst1|memory_cell:inst2|inst   ; |ram|4x32ram:inst4|4x4ram:inst1|memory_cell:inst2|inst   ; regout           ;
; |ram|4x32ram:inst4|4x4ram:inst1|memory_cell:inst2|inst4  ; |ram|4x32ram:inst4|4x4ram:inst1|memory_cell:inst2|inst4  ; out0             ;
; |ram|4x32ram:inst4|4x4ram:inst|inst20                    ; |ram|4x32ram:inst4|4x4ram:inst|inst20                    ; out              ;
; |ram|4x32ram:inst4|4x4ram:inst|IN~0                      ; |ram|4x32ram:inst4|4x4ram:inst|IN~0                      ; out0             ;
; |ram|4x32ram:inst4|4x4ram:inst|inst17                    ; |ram|4x32ram:inst4|4x4ram:inst|inst17                    ; out0             ;
; |ram|4x32ram:inst4|4x4ram:inst|inst18                    ; |ram|4x32ram:inst4|4x4ram:inst|inst18                    ; out0             ;
; |ram|4x32ram:inst4|4x4ram:inst|inst21                    ; |ram|4x32ram:inst4|4x4ram:inst|inst21                    ; out              ;
; |ram|4x32ram:inst4|4x4ram:inst|IN~1                      ; |ram|4x32ram:inst4|4x4ram:inst|IN~1                      ; out0             ;
; |ram|4x32ram:inst4|4x4ram:inst|inst22                    ; |ram|4x32ram:inst4|4x4ram:inst|inst22                    ; out              ;
; |ram|4x32ram:inst4|4x4ram:inst|IN~2                      ; |ram|4x32ram:inst4|4x4ram:inst|IN~2                      ; out0             ;
; |ram|4x32ram:inst4|4x4ram:inst|inst19                    ; |ram|4x32ram:inst4|4x4ram:inst|inst19                    ; out              ;
; |ram|4x32ram:inst4|4x4ram:inst|IN~3                      ; |ram|4x32ram:inst4|4x4ram:inst|IN~3                      ; out0             ;
; |ram|4x32ram:inst4|4x4ram:inst|memory_cell:inst3|inst3   ; |ram|4x32ram:inst4|4x4ram:inst|memory_cell:inst3|inst3   ; out              ;
; |ram|4x32ram:inst4|4x4ram:inst|memory_cell:inst3|inst    ; |ram|4x32ram:inst4|4x4ram:inst|memory_cell:inst3|inst    ; regout           ;
; |ram|4x32ram:inst4|4x4ram:inst|memory_cell:inst3|inst4   ; |ram|4x32ram:inst4|4x4ram:inst|memory_cell:inst3|inst4   ; out0             ;
; |ram|4x32ram:inst4|4x4ram:inst|memory_cell:inst5|inst    ; |ram|4x32ram:inst4|4x4ram:inst|memory_cell:inst5|inst    ; regout           ;
; |ram|4x32ram:inst4|4x4ram:inst|memory_cell:inst5|inst4   ; |ram|4x32ram:inst4|4x4ram:inst|memory_cell:inst5|inst4   ; out0             ;
; |ram|4x32ram:inst4|4x4ram:inst|memory_cell:inst7|inst    ; |ram|4x32ram:inst4|4x4ram:inst|memory_cell:inst7|inst    ; regout           ;
; |ram|4x32ram:inst4|4x4ram:inst|memory_cell:inst7|inst4   ; |ram|4x32ram:inst4|4x4ram:inst|memory_cell:inst7|inst4   ; out0             ;
; |ram|4x32ram:inst4|4x4ram:inst|memory_cell:inst1|inst    ; |ram|4x32ram:inst4|4x4ram:inst|memory_cell:inst1|inst    ; regout           ;
; |ram|4x32ram:inst4|4x4ram:inst|memory_cell:inst1|inst4   ; |ram|4x32ram:inst4|4x4ram:inst|memory_cell:inst1|inst4   ; out0             ;
; |ram|4x32ram:inst4|4x4ram:inst|memory_cell:inst16|inst   ; |ram|4x32ram:inst4|4x4ram:inst|memory_cell:inst16|inst   ; regout           ;
; |ram|4x32ram:inst4|4x4ram:inst|memory_cell:inst16|inst4  ; |ram|4x32ram:inst4|4x4ram:inst|memory_cell:inst16|inst4  ; out0             ;
; |ram|4x32ram:inst4|4x4ram:inst|memory_cell:inst14|inst   ; |ram|4x32ram:inst4|4x4ram:inst|memory_cell:inst14|inst   ; regout           ;
; |ram|4x32ram:inst4|4x4ram:inst|memory_cell:inst14|inst4  ; |ram|4x32ram:inst4|4x4ram:inst|memory_cell:inst14|inst4  ; out0             ;
; |ram|4x32ram:inst4|4x4ram:inst|memory_cell:inst12|inst3  ; |ram|4x32ram:inst4|4x4ram:inst|memory_cell:inst12|inst3  ; out              ;
; |ram|4x32ram:inst4|4x4ram:inst|memory_cell:inst12|inst   ; |ram|4x32ram:inst4|4x4ram:inst|memory_cell:inst12|inst   ; regout           ;
; |ram|4x32ram:inst4|4x4ram:inst|memory_cell:inst12|inst4  ; |ram|4x32ram:inst4|4x4ram:inst|memory_cell:inst12|inst4  ; out0             ;
; |ram|4x32ram:inst4|4x4ram:inst|memory_cell:inst10|inst   ; |ram|4x32ram:inst4|4x4ram:inst|memory_cell:inst10|inst   ; regout           ;
; |ram|4x32ram:inst4|4x4ram:inst|memory_cell:inst10|inst4  ; |ram|4x32ram:inst4|4x4ram:inst|memory_cell:inst10|inst4  ; out0             ;
; |ram|4x32ram:inst4|4x4ram:inst|memory_cell:inst15|inst   ; |ram|4x32ram:inst4|4x4ram:inst|memory_cell:inst15|inst   ; regout           ;
; |ram|4x32ram:inst4|4x4ram:inst|memory_cell:inst15|inst4  ; |ram|4x32ram:inst4|4x4ram:inst|memory_cell:inst15|inst4  ; out0             ;
; |ram|4x32ram:inst4|4x4ram:inst|memory_cell:inst13|inst   ; |ram|4x32ram:inst4|4x4ram:inst|memory_cell:inst13|inst   ; regout           ;
; |ram|4x32ram:inst4|4x4ram:inst|memory_cell:inst13|inst4  ; |ram|4x32ram:inst4|4x4ram:inst|memory_cell:inst13|inst4  ; out0             ;
; |ram|4x32ram:inst4|4x4ram:inst|memory_cell:inst11|inst3  ; |ram|4x32ram:inst4|4x4ram:inst|memory_cell:inst11|inst3  ; out              ;
; |ram|4x32ram:inst4|4x4ram:inst|memory_cell:inst11|inst   ; |ram|4x32ram:inst4|4x4ram:inst|memory_cell:inst11|inst   ; regout           ;
; |ram|4x32ram:inst4|4x4ram:inst|memory_cell:inst11|inst4  ; |ram|4x32ram:inst4|4x4ram:inst|memory_cell:inst11|inst4  ; out0             ;
; |ram|4x32ram:inst4|4x4ram:inst|memory_cell:inst9|inst    ; |ram|4x32ram:inst4|4x4ram:inst|memory_cell:inst9|inst    ; regout           ;
; |ram|4x32ram:inst4|4x4ram:inst|memory_cell:inst9|inst4   ; |ram|4x32ram:inst4|4x4ram:inst|memory_cell:inst9|inst4   ; out0             ;
; |ram|4x32ram:inst4|4x4ram:inst|memory_cell:inst8|inst    ; |ram|4x32ram:inst4|4x4ram:inst|memory_cell:inst8|inst    ; regout           ;
; |ram|4x32ram:inst4|4x4ram:inst|memory_cell:inst8|inst4   ; |ram|4x32ram:inst4|4x4ram:inst|memory_cell:inst8|inst4   ; out0             ;
; |ram|4x32ram:inst4|4x4ram:inst|memory_cell:inst6|inst    ; |ram|4x32ram:inst4|4x4ram:inst|memory_cell:inst6|inst    ; regout           ;
; |ram|4x32ram:inst4|4x4ram:inst|memory_cell:inst6|inst4   ; |ram|4x32ram:inst4|4x4ram:inst|memory_cell:inst6|inst4   ; out0             ;
; |ram|4x32ram:inst4|4x4ram:inst|memory_cell:inst4|inst3   ; |ram|4x32ram:inst4|4x4ram:inst|memory_cell:inst4|inst3   ; out              ;
; |ram|4x32ram:inst4|4x4ram:inst|memory_cell:inst4|inst    ; |ram|4x32ram:inst4|4x4ram:inst|memory_cell:inst4|inst    ; regout           ;
; |ram|4x32ram:inst4|4x4ram:inst|memory_cell:inst4|inst4   ; |ram|4x32ram:inst4|4x4ram:inst|memory_cell:inst4|inst4   ; out0             ;
; |ram|4x32ram:inst4|4x4ram:inst|24decoder:inst|inst3      ; |ram|4x32ram:inst4|4x4ram:inst|24decoder:inst|inst3      ; out0             ;
; |ram|4x32ram:inst4|4x4ram:inst|memory_cell:inst2|inst    ; |ram|4x32ram:inst4|4x4ram:inst|memory_cell:inst2|inst    ; regout           ;
; |ram|4x32ram:inst4|4x4ram:inst|memory_cell:inst2|inst4   ; |ram|4x32ram:inst4|4x4ram:inst|memory_cell:inst2|inst4   ; out0             ;
; |ram|4x32ram:inst3|4x4ram:inst8|inst20                   ; |ram|4x32ram:inst3|4x4ram:inst8|inst20                   ; out              ;
; |ram|4x32ram:inst3|4x4ram:inst8|IN~0                     ; |ram|4x32ram:inst3|4x4ram:inst8|IN~0                     ; out0             ;
; |ram|4x32ram:inst3|4x4ram:inst8|inst17                   ; |ram|4x32ram:inst3|4x4ram:inst8|inst17                   ; out0             ;
; |ram|4x32ram:inst3|4x4ram:inst8|inst18                   ; |ram|4x32ram:inst3|4x4ram:inst8|inst18                   ; out0             ;
; |ram|4x32ram:inst3|4x4ram:inst8|inst21                   ; |ram|4x32ram:inst3|4x4ram:inst8|inst21                   ; out              ;
; |ram|4x32ram:inst3|4x4ram:inst8|IN~1                     ; |ram|4x32ram:inst3|4x4ram:inst8|IN~1                     ; out0             ;
; |ram|4x32ram:inst3|4x4ram:inst8|inst22                   ; |ram|4x32ram:inst3|4x4ram:inst8|inst22                   ; out              ;
; |ram|4x32ram:inst3|4x4ram:inst8|IN~2                     ; |ram|4x32ram:inst3|4x4ram:inst8|IN~2                     ; out0             ;
; |ram|4x32ram:inst3|4x4ram:inst8|inst19                   ; |ram|4x32ram:inst3|4x4ram:inst8|inst19                   ; out              ;
; |ram|4x32ram:inst3|4x4ram:inst8|IN~3                     ; |ram|4x32ram:inst3|4x4ram:inst8|IN~3                     ; out0             ;
; |ram|4x32ram:inst3|4x4ram:inst8|memory_cell:inst3|inst3  ; |ram|4x32ram:inst3|4x4ram:inst8|memory_cell:inst3|inst3  ; out              ;
; |ram|4x32ram:inst3|4x4ram:inst8|memory_cell:inst3|inst   ; |ram|4x32ram:inst3|4x4ram:inst8|memory_cell:inst3|inst   ; regout           ;
; |ram|4x32ram:inst3|4x4ram:inst8|memory_cell:inst3|inst4  ; |ram|4x32ram:inst3|4x4ram:inst8|memory_cell:inst3|inst4  ; out0             ;
; |ram|4x32ram:inst3|4x4ram:inst8|memory_cell:inst5|inst   ; |ram|4x32ram:inst3|4x4ram:inst8|memory_cell:inst5|inst   ; regout           ;
; |ram|4x32ram:inst3|4x4ram:inst8|memory_cell:inst5|inst4  ; |ram|4x32ram:inst3|4x4ram:inst8|memory_cell:inst5|inst4  ; out0             ;
; |ram|4x32ram:inst3|4x4ram:inst8|memory_cell:inst7|inst   ; |ram|4x32ram:inst3|4x4ram:inst8|memory_cell:inst7|inst   ; regout           ;
; |ram|4x32ram:inst3|4x4ram:inst8|memory_cell:inst7|inst4  ; |ram|4x32ram:inst3|4x4ram:inst8|memory_cell:inst7|inst4  ; out0             ;
; |ram|4x32ram:inst3|4x4ram:inst8|memory_cell:inst1|inst   ; |ram|4x32ram:inst3|4x4ram:inst8|memory_cell:inst1|inst   ; regout           ;
; |ram|4x32ram:inst3|4x4ram:inst8|memory_cell:inst1|inst4  ; |ram|4x32ram:inst3|4x4ram:inst8|memory_cell:inst1|inst4  ; out0             ;
; |ram|4x32ram:inst3|4x4ram:inst8|memory_cell:inst16|inst  ; |ram|4x32ram:inst3|4x4ram:inst8|memory_cell:inst16|inst  ; regout           ;
; |ram|4x32ram:inst3|4x4ram:inst8|memory_cell:inst16|inst4 ; |ram|4x32ram:inst3|4x4ram:inst8|memory_cell:inst16|inst4 ; out0             ;
; |ram|4x32ram:inst3|4x4ram:inst8|memory_cell:inst14|inst  ; |ram|4x32ram:inst3|4x4ram:inst8|memory_cell:inst14|inst  ; regout           ;
; |ram|4x32ram:inst3|4x4ram:inst8|memory_cell:inst14|inst4 ; |ram|4x32ram:inst3|4x4ram:inst8|memory_cell:inst14|inst4 ; out0             ;
; |ram|4x32ram:inst3|4x4ram:inst8|memory_cell:inst12|inst3 ; |ram|4x32ram:inst3|4x4ram:inst8|memory_cell:inst12|inst3 ; out              ;
; |ram|4x32ram:inst3|4x4ram:inst8|memory_cell:inst12|inst  ; |ram|4x32ram:inst3|4x4ram:inst8|memory_cell:inst12|inst  ; regout           ;
; |ram|4x32ram:inst3|4x4ram:inst8|memory_cell:inst12|inst4 ; |ram|4x32ram:inst3|4x4ram:inst8|memory_cell:inst12|inst4 ; out0             ;
; |ram|4x32ram:inst3|4x4ram:inst8|memory_cell:inst10|inst  ; |ram|4x32ram:inst3|4x4ram:inst8|memory_cell:inst10|inst  ; regout           ;
; |ram|4x32ram:inst3|4x4ram:inst8|memory_cell:inst10|inst4 ; |ram|4x32ram:inst3|4x4ram:inst8|memory_cell:inst10|inst4 ; out0             ;
; |ram|4x32ram:inst3|4x4ram:inst8|memory_cell:inst15|inst  ; |ram|4x32ram:inst3|4x4ram:inst8|memory_cell:inst15|inst  ; regout           ;
; |ram|4x32ram:inst3|4x4ram:inst8|memory_cell:inst15|inst4 ; |ram|4x32ram:inst3|4x4ram:inst8|memory_cell:inst15|inst4 ; out0             ;
; |ram|4x32ram:inst3|4x4ram:inst8|memory_cell:inst13|inst  ; |ram|4x32ram:inst3|4x4ram:inst8|memory_cell:inst13|inst  ; regout           ;
; |ram|4x32ram:inst3|4x4ram:inst8|memory_cell:inst13|inst4 ; |ram|4x32ram:inst3|4x4ram:inst8|memory_cell:inst13|inst4 ; out0             ;
; |ram|4x32ram:inst3|4x4ram:inst8|memory_cell:inst11|inst3 ; |ram|4x32ram:inst3|4x4ram:inst8|memory_cell:inst11|inst3 ; out              ;
; |ram|4x32ram:inst3|4x4ram:inst8|memory_cell:inst11|inst  ; |ram|4x32ram:inst3|4x4ram:inst8|memory_cell:inst11|inst  ; regout           ;
; |ram|4x32ram:inst3|4x4ram:inst8|memory_cell:inst11|inst4 ; |ram|4x32ram:inst3|4x4ram:inst8|memory_cell:inst11|inst4 ; out0             ;
; |ram|4x32ram:inst3|4x4ram:inst8|memory_cell:inst9|inst   ; |ram|4x32ram:inst3|4x4ram:inst8|memory_cell:inst9|inst   ; regout           ;
; |ram|4x32ram:inst3|4x4ram:inst8|memory_cell:inst9|inst4  ; |ram|4x32ram:inst3|4x4ram:inst8|memory_cell:inst9|inst4  ; out0             ;
; |ram|4x32ram:inst3|4x4ram:inst8|memory_cell:inst8|inst   ; |ram|4x32ram:inst3|4x4ram:inst8|memory_cell:inst8|inst   ; regout           ;
; |ram|4x32ram:inst3|4x4ram:inst8|memory_cell:inst8|inst4  ; |ram|4x32ram:inst3|4x4ram:inst8|memory_cell:inst8|inst4  ; out0             ;
; |ram|4x32ram:inst3|4x4ram:inst8|memory_cell:inst6|inst   ; |ram|4x32ram:inst3|4x4ram:inst8|memory_cell:inst6|inst   ; regout           ;
; |ram|4x32ram:inst3|4x4ram:inst8|memory_cell:inst6|inst4  ; |ram|4x32ram:inst3|4x4ram:inst8|memory_cell:inst6|inst4  ; out0             ;
; |ram|4x32ram:inst3|4x4ram:inst8|memory_cell:inst4|inst3  ; |ram|4x32ram:inst3|4x4ram:inst8|memory_cell:inst4|inst3  ; out              ;
; |ram|4x32ram:inst3|4x4ram:inst8|memory_cell:inst4|inst   ; |ram|4x32ram:inst3|4x4ram:inst8|memory_cell:inst4|inst   ; regout           ;
; |ram|4x32ram:inst3|4x4ram:inst8|memory_cell:inst4|inst4  ; |ram|4x32ram:inst3|4x4ram:inst8|memory_cell:inst4|inst4  ; out0             ;
; |ram|4x32ram:inst3|4x4ram:inst8|24decoder:inst|inst3     ; |ram|4x32ram:inst3|4x4ram:inst8|24decoder:inst|inst3     ; out0             ;
; |ram|4x32ram:inst3|4x4ram:inst8|memory_cell:inst2|inst   ; |ram|4x32ram:inst3|4x4ram:inst8|memory_cell:inst2|inst   ; regout           ;
; |ram|4x32ram:inst3|4x4ram:inst8|memory_cell:inst2|inst4  ; |ram|4x32ram:inst3|4x4ram:inst8|memory_cell:inst2|inst4  ; out0             ;
; |ram|4x32ram:inst3|4x4ram:inst7|inst20                   ; |ram|4x32ram:inst3|4x4ram:inst7|inst20                   ; out              ;
; |ram|4x32ram:inst3|4x4ram:inst7|IN~0                     ; |ram|4x32ram:inst3|4x4ram:inst7|IN~0                     ; out0             ;
; |ram|4x32ram:inst3|4x4ram:inst7|inst17                   ; |ram|4x32ram:inst3|4x4ram:inst7|inst17                   ; out0             ;
; |ram|4x32ram:inst3|4x4ram:inst7|inst18                   ; |ram|4x32ram:inst3|4x4ram:inst7|inst18                   ; out0             ;
; |ram|4x32ram:inst3|4x4ram:inst7|inst21                   ; |ram|4x32ram:inst3|4x4ram:inst7|inst21                   ; out              ;
; |ram|4x32ram:inst3|4x4ram:inst7|IN~1                     ; |ram|4x32ram:inst3|4x4ram:inst7|IN~1                     ; out0             ;
; |ram|4x32ram:inst3|4x4ram:inst7|inst22                   ; |ram|4x32ram:inst3|4x4ram:inst7|inst22                   ; out              ;
; |ram|4x32ram:inst3|4x4ram:inst7|IN~2                     ; |ram|4x32ram:inst3|4x4ram:inst7|IN~2                     ; out0             ;
; |ram|4x32ram:inst3|4x4ram:inst7|inst19                   ; |ram|4x32ram:inst3|4x4ram:inst7|inst19                   ; out              ;
; |ram|4x32ram:inst3|4x4ram:inst7|IN~3                     ; |ram|4x32ram:inst3|4x4ram:inst7|IN~3                     ; out0             ;
; |ram|4x32ram:inst3|4x4ram:inst7|memory_cell:inst3|inst3  ; |ram|4x32ram:inst3|4x4ram:inst7|memory_cell:inst3|inst3  ; out              ;
; |ram|4x32ram:inst3|4x4ram:inst7|memory_cell:inst3|inst   ; |ram|4x32ram:inst3|4x4ram:inst7|memory_cell:inst3|inst   ; regout           ;
; |ram|4x32ram:inst3|4x4ram:inst7|memory_cell:inst3|inst4  ; |ram|4x32ram:inst3|4x4ram:inst7|memory_cell:inst3|inst4  ; out0             ;
; |ram|4x32ram:inst3|4x4ram:inst7|memory_cell:inst5|inst   ; |ram|4x32ram:inst3|4x4ram:inst7|memory_cell:inst5|inst   ; regout           ;
; |ram|4x32ram:inst3|4x4ram:inst7|memory_cell:inst5|inst4  ; |ram|4x32ram:inst3|4x4ram:inst7|memory_cell:inst5|inst4  ; out0             ;
; |ram|4x32ram:inst3|4x4ram:inst7|memory_cell:inst7|inst   ; |ram|4x32ram:inst3|4x4ram:inst7|memory_cell:inst7|inst   ; regout           ;
; |ram|4x32ram:inst3|4x4ram:inst7|memory_cell:inst7|inst4  ; |ram|4x32ram:inst3|4x4ram:inst7|memory_cell:inst7|inst4  ; out0             ;
; |ram|4x32ram:inst3|4x4ram:inst7|memory_cell:inst1|inst   ; |ram|4x32ram:inst3|4x4ram:inst7|memory_cell:inst1|inst   ; regout           ;
; |ram|4x32ram:inst3|4x4ram:inst7|memory_cell:inst1|inst4  ; |ram|4x32ram:inst3|4x4ram:inst7|memory_cell:inst1|inst4  ; out0             ;
; |ram|4x32ram:inst3|4x4ram:inst7|memory_cell:inst16|inst  ; |ram|4x32ram:inst3|4x4ram:inst7|memory_cell:inst16|inst  ; regout           ;
; |ram|4x32ram:inst3|4x4ram:inst7|memory_cell:inst16|inst4 ; |ram|4x32ram:inst3|4x4ram:inst7|memory_cell:inst16|inst4 ; out0             ;
; |ram|4x32ram:inst3|4x4ram:inst7|memory_cell:inst14|inst  ; |ram|4x32ram:inst3|4x4ram:inst7|memory_cell:inst14|inst  ; regout           ;
; |ram|4x32ram:inst3|4x4ram:inst7|memory_cell:inst14|inst4 ; |ram|4x32ram:inst3|4x4ram:inst7|memory_cell:inst14|inst4 ; out0             ;
; |ram|4x32ram:inst3|4x4ram:inst7|memory_cell:inst12|inst3 ; |ram|4x32ram:inst3|4x4ram:inst7|memory_cell:inst12|inst3 ; out              ;
; |ram|4x32ram:inst3|4x4ram:inst7|memory_cell:inst12|inst  ; |ram|4x32ram:inst3|4x4ram:inst7|memory_cell:inst12|inst  ; regout           ;
; |ram|4x32ram:inst3|4x4ram:inst7|memory_cell:inst12|inst4 ; |ram|4x32ram:inst3|4x4ram:inst7|memory_cell:inst12|inst4 ; out0             ;
; |ram|4x32ram:inst3|4x4ram:inst7|memory_cell:inst10|inst  ; |ram|4x32ram:inst3|4x4ram:inst7|memory_cell:inst10|inst  ; regout           ;
; |ram|4x32ram:inst3|4x4ram:inst7|memory_cell:inst10|inst4 ; |ram|4x32ram:inst3|4x4ram:inst7|memory_cell:inst10|inst4 ; out0             ;
; |ram|4x32ram:inst3|4x4ram:inst7|memory_cell:inst15|inst  ; |ram|4x32ram:inst3|4x4ram:inst7|memory_cell:inst15|inst  ; regout           ;
; |ram|4x32ram:inst3|4x4ram:inst7|memory_cell:inst15|inst4 ; |ram|4x32ram:inst3|4x4ram:inst7|memory_cell:inst15|inst4 ; out0             ;
; |ram|4x32ram:inst3|4x4ram:inst7|memory_cell:inst13|inst  ; |ram|4x32ram:inst3|4x4ram:inst7|memory_cell:inst13|inst  ; regout           ;
; |ram|4x32ram:inst3|4x4ram:inst7|memory_cell:inst13|inst4 ; |ram|4x32ram:inst3|4x4ram:inst7|memory_cell:inst13|inst4 ; out0             ;
; |ram|4x32ram:inst3|4x4ram:inst7|memory_cell:inst11|inst3 ; |ram|4x32ram:inst3|4x4ram:inst7|memory_cell:inst11|inst3 ; out              ;
; |ram|4x32ram:inst3|4x4ram:inst7|memory_cell:inst11|inst  ; |ram|4x32ram:inst3|4x4ram:inst7|memory_cell:inst11|inst  ; regout           ;
; |ram|4x32ram:inst3|4x4ram:inst7|memory_cell:inst11|inst4 ; |ram|4x32ram:inst3|4x4ram:inst7|memory_cell:inst11|inst4 ; out0             ;
; |ram|4x32ram:inst3|4x4ram:inst7|memory_cell:inst9|inst   ; |ram|4x32ram:inst3|4x4ram:inst7|memory_cell:inst9|inst   ; regout           ;
; |ram|4x32ram:inst3|4x4ram:inst7|memory_cell:inst9|inst4  ; |ram|4x32ram:inst3|4x4ram:inst7|memory_cell:inst9|inst4  ; out0             ;
; |ram|4x32ram:inst3|4x4ram:inst7|memory_cell:inst8|inst   ; |ram|4x32ram:inst3|4x4ram:inst7|memory_cell:inst8|inst   ; regout           ;
; |ram|4x32ram:inst3|4x4ram:inst7|memory_cell:inst8|inst4  ; |ram|4x32ram:inst3|4x4ram:inst7|memory_cell:inst8|inst4  ; out0             ;
; |ram|4x32ram:inst3|4x4ram:inst7|memory_cell:inst6|inst   ; |ram|4x32ram:inst3|4x4ram:inst7|memory_cell:inst6|inst   ; regout           ;
; |ram|4x32ram:inst3|4x4ram:inst7|memory_cell:inst6|inst4  ; |ram|4x32ram:inst3|4x4ram:inst7|memory_cell:inst6|inst4  ; out0             ;
; |ram|4x32ram:inst3|4x4ram:inst7|memory_cell:inst4|inst3  ; |ram|4x32ram:inst3|4x4ram:inst7|memory_cell:inst4|inst3  ; out              ;
; |ram|4x32ram:inst3|4x4ram:inst7|memory_cell:inst4|inst   ; |ram|4x32ram:inst3|4x4ram:inst7|memory_cell:inst4|inst   ; regout           ;
; |ram|4x32ram:inst3|4x4ram:inst7|memory_cell:inst4|inst4  ; |ram|4x32ram:inst3|4x4ram:inst7|memory_cell:inst4|inst4  ; out0             ;
; |ram|4x32ram:inst3|4x4ram:inst7|24decoder:inst|inst3     ; |ram|4x32ram:inst3|4x4ram:inst7|24decoder:inst|inst3     ; out0             ;
; |ram|4x32ram:inst3|4x4ram:inst7|memory_cell:inst2|inst   ; |ram|4x32ram:inst3|4x4ram:inst7|memory_cell:inst2|inst   ; regout           ;
; |ram|4x32ram:inst3|4x4ram:inst7|memory_cell:inst2|inst4  ; |ram|4x32ram:inst3|4x4ram:inst7|memory_cell:inst2|inst4  ; out0             ;
; |ram|4x32ram:inst3|4x4ram:inst6|inst20                   ; |ram|4x32ram:inst3|4x4ram:inst6|inst20                   ; out              ;
; |ram|4x32ram:inst3|4x4ram:inst6|IN~0                     ; |ram|4x32ram:inst3|4x4ram:inst6|IN~0                     ; out0             ;
; |ram|4x32ram:inst3|4x4ram:inst6|inst17                   ; |ram|4x32ram:inst3|4x4ram:inst6|inst17                   ; out0             ;
; |ram|4x32ram:inst3|4x4ram:inst6|inst18                   ; |ram|4x32ram:inst3|4x4ram:inst6|inst18                   ; out0             ;
; |ram|4x32ram:inst3|4x4ram:inst6|inst21                   ; |ram|4x32ram:inst3|4x4ram:inst6|inst21                   ; out              ;
; |ram|4x32ram:inst3|4x4ram:inst6|IN~1                     ; |ram|4x32ram:inst3|4x4ram:inst6|IN~1                     ; out0             ;
; |ram|4x32ram:inst3|4x4ram:inst6|inst22                   ; |ram|4x32ram:inst3|4x4ram:inst6|inst22                   ; out              ;
; |ram|4x32ram:inst3|4x4ram:inst6|IN~2                     ; |ram|4x32ram:inst3|4x4ram:inst6|IN~2                     ; out0             ;
; |ram|4x32ram:inst3|4x4ram:inst6|inst19                   ; |ram|4x32ram:inst3|4x4ram:inst6|inst19                   ; out              ;
; |ram|4x32ram:inst3|4x4ram:inst6|IN~3                     ; |ram|4x32ram:inst3|4x4ram:inst6|IN~3                     ; out0             ;
; |ram|4x32ram:inst3|4x4ram:inst6|memory_cell:inst3|inst3  ; |ram|4x32ram:inst3|4x4ram:inst6|memory_cell:inst3|inst3  ; out              ;
; |ram|4x32ram:inst3|4x4ram:inst6|memory_cell:inst3|inst   ; |ram|4x32ram:inst3|4x4ram:inst6|memory_cell:inst3|inst   ; regout           ;
; |ram|4x32ram:inst3|4x4ram:inst6|memory_cell:inst3|inst4  ; |ram|4x32ram:inst3|4x4ram:inst6|memory_cell:inst3|inst4  ; out0             ;
; |ram|4x32ram:inst3|4x4ram:inst6|memory_cell:inst5|inst   ; |ram|4x32ram:inst3|4x4ram:inst6|memory_cell:inst5|inst   ; regout           ;
; |ram|4x32ram:inst3|4x4ram:inst6|memory_cell:inst5|inst4  ; |ram|4x32ram:inst3|4x4ram:inst6|memory_cell:inst5|inst4  ; out0             ;
; |ram|4x32ram:inst3|4x4ram:inst6|memory_cell:inst7|inst   ; |ram|4x32ram:inst3|4x4ram:inst6|memory_cell:inst7|inst   ; regout           ;
; |ram|4x32ram:inst3|4x4ram:inst6|memory_cell:inst7|inst4  ; |ram|4x32ram:inst3|4x4ram:inst6|memory_cell:inst7|inst4  ; out0             ;
; |ram|4x32ram:inst3|4x4ram:inst6|memory_cell:inst1|inst   ; |ram|4x32ram:inst3|4x4ram:inst6|memory_cell:inst1|inst   ; regout           ;
; |ram|4x32ram:inst3|4x4ram:inst6|memory_cell:inst1|inst4  ; |ram|4x32ram:inst3|4x4ram:inst6|memory_cell:inst1|inst4  ; out0             ;
; |ram|4x32ram:inst3|4x4ram:inst6|memory_cell:inst16|inst  ; |ram|4x32ram:inst3|4x4ram:inst6|memory_cell:inst16|inst  ; regout           ;
; |ram|4x32ram:inst3|4x4ram:inst6|memory_cell:inst16|inst4 ; |ram|4x32ram:inst3|4x4ram:inst6|memory_cell:inst16|inst4 ; out0             ;
; |ram|4x32ram:inst3|4x4ram:inst6|memory_cell:inst14|inst  ; |ram|4x32ram:inst3|4x4ram:inst6|memory_cell:inst14|inst  ; regout           ;
; |ram|4x32ram:inst3|4x4ram:inst6|memory_cell:inst14|inst4 ; |ram|4x32ram:inst3|4x4ram:inst6|memory_cell:inst14|inst4 ; out0             ;
; |ram|4x32ram:inst3|4x4ram:inst6|memory_cell:inst12|inst3 ; |ram|4x32ram:inst3|4x4ram:inst6|memory_cell:inst12|inst3 ; out              ;
; |ram|4x32ram:inst3|4x4ram:inst6|memory_cell:inst12|inst  ; |ram|4x32ram:inst3|4x4ram:inst6|memory_cell:inst12|inst  ; regout           ;
; |ram|4x32ram:inst3|4x4ram:inst6|memory_cell:inst12|inst4 ; |ram|4x32ram:inst3|4x4ram:inst6|memory_cell:inst12|inst4 ; out0             ;
; |ram|4x32ram:inst3|4x4ram:inst6|memory_cell:inst10|inst  ; |ram|4x32ram:inst3|4x4ram:inst6|memory_cell:inst10|inst  ; regout           ;
; |ram|4x32ram:inst3|4x4ram:inst6|memory_cell:inst10|inst4 ; |ram|4x32ram:inst3|4x4ram:inst6|memory_cell:inst10|inst4 ; out0             ;
; |ram|4x32ram:inst3|4x4ram:inst6|memory_cell:inst15|inst  ; |ram|4x32ram:inst3|4x4ram:inst6|memory_cell:inst15|inst  ; regout           ;
; |ram|4x32ram:inst3|4x4ram:inst6|memory_cell:inst15|inst4 ; |ram|4x32ram:inst3|4x4ram:inst6|memory_cell:inst15|inst4 ; out0             ;
; |ram|4x32ram:inst3|4x4ram:inst6|memory_cell:inst13|inst  ; |ram|4x32ram:inst3|4x4ram:inst6|memory_cell:inst13|inst  ; regout           ;
; |ram|4x32ram:inst3|4x4ram:inst6|memory_cell:inst13|inst4 ; |ram|4x32ram:inst3|4x4ram:inst6|memory_cell:inst13|inst4 ; out0             ;
; |ram|4x32ram:inst3|4x4ram:inst6|memory_cell:inst11|inst3 ; |ram|4x32ram:inst3|4x4ram:inst6|memory_cell:inst11|inst3 ; out              ;
; |ram|4x32ram:inst3|4x4ram:inst6|memory_cell:inst11|inst  ; |ram|4x32ram:inst3|4x4ram:inst6|memory_cell:inst11|inst  ; regout           ;
; |ram|4x32ram:inst3|4x4ram:inst6|memory_cell:inst11|inst4 ; |ram|4x32ram:inst3|4x4ram:inst6|memory_cell:inst11|inst4 ; out0             ;
; |ram|4x32ram:inst3|4x4ram:inst6|memory_cell:inst9|inst   ; |ram|4x32ram:inst3|4x4ram:inst6|memory_cell:inst9|inst   ; regout           ;
; |ram|4x32ram:inst3|4x4ram:inst6|memory_cell:inst9|inst4  ; |ram|4x32ram:inst3|4x4ram:inst6|memory_cell:inst9|inst4  ; out0             ;
; |ram|4x32ram:inst3|4x4ram:inst6|memory_cell:inst8|inst   ; |ram|4x32ram:inst3|4x4ram:inst6|memory_cell:inst8|inst   ; regout           ;
; |ram|4x32ram:inst3|4x4ram:inst6|memory_cell:inst8|inst4  ; |ram|4x32ram:inst3|4x4ram:inst6|memory_cell:inst8|inst4  ; out0             ;
; |ram|4x32ram:inst3|4x4ram:inst6|memory_cell:inst6|inst   ; |ram|4x32ram:inst3|4x4ram:inst6|memory_cell:inst6|inst   ; regout           ;
; |ram|4x32ram:inst3|4x4ram:inst6|memory_cell:inst6|inst4  ; |ram|4x32ram:inst3|4x4ram:inst6|memory_cell:inst6|inst4  ; out0             ;
; |ram|4x32ram:inst3|4x4ram:inst6|memory_cell:inst4|inst3  ; |ram|4x32ram:inst3|4x4ram:inst6|memory_cell:inst4|inst3  ; out              ;
; |ram|4x32ram:inst3|4x4ram:inst6|memory_cell:inst4|inst   ; |ram|4x32ram:inst3|4x4ram:inst6|memory_cell:inst4|inst   ; regout           ;
; |ram|4x32ram:inst3|4x4ram:inst6|memory_cell:inst4|inst4  ; |ram|4x32ram:inst3|4x4ram:inst6|memory_cell:inst4|inst4  ; out0             ;
; |ram|4x32ram:inst3|4x4ram:inst6|24decoder:inst|inst3     ; |ram|4x32ram:inst3|4x4ram:inst6|24decoder:inst|inst3     ; out0             ;
; |ram|4x32ram:inst3|4x4ram:inst6|memory_cell:inst2|inst   ; |ram|4x32ram:inst3|4x4ram:inst6|memory_cell:inst2|inst   ; regout           ;
; |ram|4x32ram:inst3|4x4ram:inst6|memory_cell:inst2|inst4  ; |ram|4x32ram:inst3|4x4ram:inst6|memory_cell:inst2|inst4  ; out0             ;
; |ram|4x32ram:inst3|4x4ram:inst5|inst20                   ; |ram|4x32ram:inst3|4x4ram:inst5|inst20                   ; out              ;
; |ram|4x32ram:inst3|4x4ram:inst5|IN~0                     ; |ram|4x32ram:inst3|4x4ram:inst5|IN~0                     ; out0             ;
; |ram|4x32ram:inst3|4x4ram:inst5|inst17                   ; |ram|4x32ram:inst3|4x4ram:inst5|inst17                   ; out0             ;
; |ram|4x32ram:inst3|4x4ram:inst5|inst18                   ; |ram|4x32ram:inst3|4x4ram:inst5|inst18                   ; out0             ;
; |ram|4x32ram:inst3|4x4ram:inst5|inst21                   ; |ram|4x32ram:inst3|4x4ram:inst5|inst21                   ; out              ;
; |ram|4x32ram:inst3|4x4ram:inst5|IN~1                     ; |ram|4x32ram:inst3|4x4ram:inst5|IN~1                     ; out0             ;
; |ram|4x32ram:inst3|4x4ram:inst5|inst22                   ; |ram|4x32ram:inst3|4x4ram:inst5|inst22                   ; out              ;
; |ram|4x32ram:inst3|4x4ram:inst5|IN~2                     ; |ram|4x32ram:inst3|4x4ram:inst5|IN~2                     ; out0             ;
; |ram|4x32ram:inst3|4x4ram:inst5|inst19                   ; |ram|4x32ram:inst3|4x4ram:inst5|inst19                   ; out              ;
; |ram|4x32ram:inst3|4x4ram:inst5|IN~3                     ; |ram|4x32ram:inst3|4x4ram:inst5|IN~3                     ; out0             ;
; |ram|4x32ram:inst3|4x4ram:inst5|memory_cell:inst3|inst3  ; |ram|4x32ram:inst3|4x4ram:inst5|memory_cell:inst3|inst3  ; out              ;
; |ram|4x32ram:inst3|4x4ram:inst5|memory_cell:inst3|inst   ; |ram|4x32ram:inst3|4x4ram:inst5|memory_cell:inst3|inst   ; regout           ;
; |ram|4x32ram:inst3|4x4ram:inst5|memory_cell:inst3|inst4  ; |ram|4x32ram:inst3|4x4ram:inst5|memory_cell:inst3|inst4  ; out0             ;
; |ram|4x32ram:inst3|4x4ram:inst5|memory_cell:inst5|inst   ; |ram|4x32ram:inst3|4x4ram:inst5|memory_cell:inst5|inst   ; regout           ;
; |ram|4x32ram:inst3|4x4ram:inst5|memory_cell:inst5|inst4  ; |ram|4x32ram:inst3|4x4ram:inst5|memory_cell:inst5|inst4  ; out0             ;
; |ram|4x32ram:inst3|4x4ram:inst5|memory_cell:inst7|inst   ; |ram|4x32ram:inst3|4x4ram:inst5|memory_cell:inst7|inst   ; regout           ;
; |ram|4x32ram:inst3|4x4ram:inst5|memory_cell:inst7|inst4  ; |ram|4x32ram:inst3|4x4ram:inst5|memory_cell:inst7|inst4  ; out0             ;
; |ram|4x32ram:inst3|4x4ram:inst5|memory_cell:inst1|inst   ; |ram|4x32ram:inst3|4x4ram:inst5|memory_cell:inst1|inst   ; regout           ;
; |ram|4x32ram:inst3|4x4ram:inst5|memory_cell:inst1|inst4  ; |ram|4x32ram:inst3|4x4ram:inst5|memory_cell:inst1|inst4  ; out0             ;
; |ram|4x32ram:inst3|4x4ram:inst5|memory_cell:inst16|inst  ; |ram|4x32ram:inst3|4x4ram:inst5|memory_cell:inst16|inst  ; regout           ;
; |ram|4x32ram:inst3|4x4ram:inst5|memory_cell:inst16|inst4 ; |ram|4x32ram:inst3|4x4ram:inst5|memory_cell:inst16|inst4 ; out0             ;
; |ram|4x32ram:inst3|4x4ram:inst5|memory_cell:inst14|inst  ; |ram|4x32ram:inst3|4x4ram:inst5|memory_cell:inst14|inst  ; regout           ;
; |ram|4x32ram:inst3|4x4ram:inst5|memory_cell:inst14|inst4 ; |ram|4x32ram:inst3|4x4ram:inst5|memory_cell:inst14|inst4 ; out0             ;
; |ram|4x32ram:inst3|4x4ram:inst5|memory_cell:inst12|inst3 ; |ram|4x32ram:inst3|4x4ram:inst5|memory_cell:inst12|inst3 ; out              ;
; |ram|4x32ram:inst3|4x4ram:inst5|memory_cell:inst12|inst  ; |ram|4x32ram:inst3|4x4ram:inst5|memory_cell:inst12|inst  ; regout           ;
; |ram|4x32ram:inst3|4x4ram:inst5|memory_cell:inst12|inst4 ; |ram|4x32ram:inst3|4x4ram:inst5|memory_cell:inst12|inst4 ; out0             ;
; |ram|4x32ram:inst3|4x4ram:inst5|memory_cell:inst10|inst  ; |ram|4x32ram:inst3|4x4ram:inst5|memory_cell:inst10|inst  ; regout           ;
; |ram|4x32ram:inst3|4x4ram:inst5|memory_cell:inst10|inst4 ; |ram|4x32ram:inst3|4x4ram:inst5|memory_cell:inst10|inst4 ; out0             ;
; |ram|4x32ram:inst3|4x4ram:inst5|memory_cell:inst15|inst  ; |ram|4x32ram:inst3|4x4ram:inst5|memory_cell:inst15|inst  ; regout           ;
; |ram|4x32ram:inst3|4x4ram:inst5|memory_cell:inst15|inst4 ; |ram|4x32ram:inst3|4x4ram:inst5|memory_cell:inst15|inst4 ; out0             ;
; |ram|4x32ram:inst3|4x4ram:inst5|memory_cell:inst13|inst  ; |ram|4x32ram:inst3|4x4ram:inst5|memory_cell:inst13|inst  ; regout           ;
; |ram|4x32ram:inst3|4x4ram:inst5|memory_cell:inst13|inst4 ; |ram|4x32ram:inst3|4x4ram:inst5|memory_cell:inst13|inst4 ; out0             ;
; |ram|4x32ram:inst3|4x4ram:inst5|memory_cell:inst11|inst3 ; |ram|4x32ram:inst3|4x4ram:inst5|memory_cell:inst11|inst3 ; out              ;
; |ram|4x32ram:inst3|4x4ram:inst5|memory_cell:inst11|inst  ; |ram|4x32ram:inst3|4x4ram:inst5|memory_cell:inst11|inst  ; regout           ;
; |ram|4x32ram:inst3|4x4ram:inst5|memory_cell:inst11|inst4 ; |ram|4x32ram:inst3|4x4ram:inst5|memory_cell:inst11|inst4 ; out0             ;
; |ram|4x32ram:inst3|4x4ram:inst5|memory_cell:inst9|inst   ; |ram|4x32ram:inst3|4x4ram:inst5|memory_cell:inst9|inst   ; regout           ;
; |ram|4x32ram:inst3|4x4ram:inst5|memory_cell:inst9|inst4  ; |ram|4x32ram:inst3|4x4ram:inst5|memory_cell:inst9|inst4  ; out0             ;
; |ram|4x32ram:inst3|4x4ram:inst5|memory_cell:inst8|inst   ; |ram|4x32ram:inst3|4x4ram:inst5|memory_cell:inst8|inst   ; regout           ;
; |ram|4x32ram:inst3|4x4ram:inst5|memory_cell:inst8|inst4  ; |ram|4x32ram:inst3|4x4ram:inst5|memory_cell:inst8|inst4  ; out0             ;
; |ram|4x32ram:inst3|4x4ram:inst5|memory_cell:inst6|inst   ; |ram|4x32ram:inst3|4x4ram:inst5|memory_cell:inst6|inst   ; regout           ;
; |ram|4x32ram:inst3|4x4ram:inst5|memory_cell:inst6|inst4  ; |ram|4x32ram:inst3|4x4ram:inst5|memory_cell:inst6|inst4  ; out0             ;
; |ram|4x32ram:inst3|4x4ram:inst5|memory_cell:inst4|inst3  ; |ram|4x32ram:inst3|4x4ram:inst5|memory_cell:inst4|inst3  ; out              ;
; |ram|4x32ram:inst3|4x4ram:inst5|memory_cell:inst4|inst   ; |ram|4x32ram:inst3|4x4ram:inst5|memory_cell:inst4|inst   ; regout           ;
; |ram|4x32ram:inst3|4x4ram:inst5|memory_cell:inst4|inst4  ; |ram|4x32ram:inst3|4x4ram:inst5|memory_cell:inst4|inst4  ; out0             ;
; |ram|4x32ram:inst3|4x4ram:inst5|24decoder:inst|inst3     ; |ram|4x32ram:inst3|4x4ram:inst5|24decoder:inst|inst3     ; out0             ;
; |ram|4x32ram:inst3|4x4ram:inst5|memory_cell:inst2|inst   ; |ram|4x32ram:inst3|4x4ram:inst5|memory_cell:inst2|inst   ; regout           ;
; |ram|4x32ram:inst3|4x4ram:inst5|memory_cell:inst2|inst4  ; |ram|4x32ram:inst3|4x4ram:inst5|memory_cell:inst2|inst4  ; out0             ;
; |ram|4x32ram:inst3|4x4ram:inst4|inst20                   ; |ram|4x32ram:inst3|4x4ram:inst4|inst20                   ; out              ;
; |ram|4x32ram:inst3|4x4ram:inst4|IN~0                     ; |ram|4x32ram:inst3|4x4ram:inst4|IN~0                     ; out0             ;
; |ram|4x32ram:inst3|4x4ram:inst4|inst17                   ; |ram|4x32ram:inst3|4x4ram:inst4|inst17                   ; out0             ;
; |ram|4x32ram:inst3|4x4ram:inst4|inst18                   ; |ram|4x32ram:inst3|4x4ram:inst4|inst18                   ; out0             ;
; |ram|4x32ram:inst3|4x4ram:inst4|inst21                   ; |ram|4x32ram:inst3|4x4ram:inst4|inst21                   ; out              ;
; |ram|4x32ram:inst3|4x4ram:inst4|IN~1                     ; |ram|4x32ram:inst3|4x4ram:inst4|IN~1                     ; out0             ;
; |ram|4x32ram:inst3|4x4ram:inst4|inst22                   ; |ram|4x32ram:inst3|4x4ram:inst4|inst22                   ; out              ;
; |ram|4x32ram:inst3|4x4ram:inst4|IN~2                     ; |ram|4x32ram:inst3|4x4ram:inst4|IN~2                     ; out0             ;
; |ram|4x32ram:inst3|4x4ram:inst4|inst19                   ; |ram|4x32ram:inst3|4x4ram:inst4|inst19                   ; out              ;
; |ram|4x32ram:inst3|4x4ram:inst4|IN~3                     ; |ram|4x32ram:inst3|4x4ram:inst4|IN~3                     ; out0             ;
; |ram|4x32ram:inst3|4x4ram:inst4|memory_cell:inst3|inst3  ; |ram|4x32ram:inst3|4x4ram:inst4|memory_cell:inst3|inst3  ; out              ;
; |ram|4x32ram:inst3|4x4ram:inst4|memory_cell:inst3|inst   ; |ram|4x32ram:inst3|4x4ram:inst4|memory_cell:inst3|inst   ; regout           ;
; |ram|4x32ram:inst3|4x4ram:inst4|memory_cell:inst3|inst4  ; |ram|4x32ram:inst3|4x4ram:inst4|memory_cell:inst3|inst4  ; out0             ;
; |ram|4x32ram:inst3|4x4ram:inst4|memory_cell:inst5|inst   ; |ram|4x32ram:inst3|4x4ram:inst4|memory_cell:inst5|inst   ; regout           ;
; |ram|4x32ram:inst3|4x4ram:inst4|memory_cell:inst5|inst4  ; |ram|4x32ram:inst3|4x4ram:inst4|memory_cell:inst5|inst4  ; out0             ;
; |ram|4x32ram:inst3|4x4ram:inst4|memory_cell:inst7|inst   ; |ram|4x32ram:inst3|4x4ram:inst4|memory_cell:inst7|inst   ; regout           ;
; |ram|4x32ram:inst3|4x4ram:inst4|memory_cell:inst7|inst4  ; |ram|4x32ram:inst3|4x4ram:inst4|memory_cell:inst7|inst4  ; out0             ;
; |ram|4x32ram:inst3|4x4ram:inst4|memory_cell:inst1|inst   ; |ram|4x32ram:inst3|4x4ram:inst4|memory_cell:inst1|inst   ; regout           ;
; |ram|4x32ram:inst3|4x4ram:inst4|memory_cell:inst1|inst4  ; |ram|4x32ram:inst3|4x4ram:inst4|memory_cell:inst1|inst4  ; out0             ;
; |ram|4x32ram:inst3|4x4ram:inst4|memory_cell:inst16|inst  ; |ram|4x32ram:inst3|4x4ram:inst4|memory_cell:inst16|inst  ; regout           ;
; |ram|4x32ram:inst3|4x4ram:inst4|memory_cell:inst16|inst4 ; |ram|4x32ram:inst3|4x4ram:inst4|memory_cell:inst16|inst4 ; out0             ;
; |ram|4x32ram:inst3|4x4ram:inst4|memory_cell:inst14|inst  ; |ram|4x32ram:inst3|4x4ram:inst4|memory_cell:inst14|inst  ; regout           ;
; |ram|4x32ram:inst3|4x4ram:inst4|memory_cell:inst14|inst4 ; |ram|4x32ram:inst3|4x4ram:inst4|memory_cell:inst14|inst4 ; out0             ;
; |ram|4x32ram:inst3|4x4ram:inst4|memory_cell:inst12|inst3 ; |ram|4x32ram:inst3|4x4ram:inst4|memory_cell:inst12|inst3 ; out              ;
; |ram|4x32ram:inst3|4x4ram:inst4|memory_cell:inst12|inst  ; |ram|4x32ram:inst3|4x4ram:inst4|memory_cell:inst12|inst  ; regout           ;
; |ram|4x32ram:inst3|4x4ram:inst4|memory_cell:inst12|inst4 ; |ram|4x32ram:inst3|4x4ram:inst4|memory_cell:inst12|inst4 ; out0             ;
; |ram|4x32ram:inst3|4x4ram:inst4|memory_cell:inst10|inst  ; |ram|4x32ram:inst3|4x4ram:inst4|memory_cell:inst10|inst  ; regout           ;
; |ram|4x32ram:inst3|4x4ram:inst4|memory_cell:inst10|inst4 ; |ram|4x32ram:inst3|4x4ram:inst4|memory_cell:inst10|inst4 ; out0             ;
; |ram|4x32ram:inst3|4x4ram:inst4|memory_cell:inst15|inst  ; |ram|4x32ram:inst3|4x4ram:inst4|memory_cell:inst15|inst  ; regout           ;
; |ram|4x32ram:inst3|4x4ram:inst4|memory_cell:inst15|inst4 ; |ram|4x32ram:inst3|4x4ram:inst4|memory_cell:inst15|inst4 ; out0             ;
; |ram|4x32ram:inst3|4x4ram:inst4|memory_cell:inst13|inst  ; |ram|4x32ram:inst3|4x4ram:inst4|memory_cell:inst13|inst  ; regout           ;
; |ram|4x32ram:inst3|4x4ram:inst4|memory_cell:inst13|inst4 ; |ram|4x32ram:inst3|4x4ram:inst4|memory_cell:inst13|inst4 ; out0             ;
; |ram|4x32ram:inst3|4x4ram:inst4|memory_cell:inst11|inst3 ; |ram|4x32ram:inst3|4x4ram:inst4|memory_cell:inst11|inst3 ; out              ;
; |ram|4x32ram:inst3|4x4ram:inst4|memory_cell:inst11|inst  ; |ram|4x32ram:inst3|4x4ram:inst4|memory_cell:inst11|inst  ; regout           ;
; |ram|4x32ram:inst3|4x4ram:inst4|memory_cell:inst11|inst4 ; |ram|4x32ram:inst3|4x4ram:inst4|memory_cell:inst11|inst4 ; out0             ;
; |ram|4x32ram:inst3|4x4ram:inst4|memory_cell:inst9|inst   ; |ram|4x32ram:inst3|4x4ram:inst4|memory_cell:inst9|inst   ; regout           ;
; |ram|4x32ram:inst3|4x4ram:inst4|memory_cell:inst9|inst4  ; |ram|4x32ram:inst3|4x4ram:inst4|memory_cell:inst9|inst4  ; out0             ;
; |ram|4x32ram:inst3|4x4ram:inst4|memory_cell:inst8|inst   ; |ram|4x32ram:inst3|4x4ram:inst4|memory_cell:inst8|inst   ; regout           ;
; |ram|4x32ram:inst3|4x4ram:inst4|memory_cell:inst8|inst4  ; |ram|4x32ram:inst3|4x4ram:inst4|memory_cell:inst8|inst4  ; out0             ;
; |ram|4x32ram:inst3|4x4ram:inst4|memory_cell:inst6|inst   ; |ram|4x32ram:inst3|4x4ram:inst4|memory_cell:inst6|inst   ; regout           ;
; |ram|4x32ram:inst3|4x4ram:inst4|memory_cell:inst6|inst4  ; |ram|4x32ram:inst3|4x4ram:inst4|memory_cell:inst6|inst4  ; out0             ;
; |ram|4x32ram:inst3|4x4ram:inst4|memory_cell:inst4|inst3  ; |ram|4x32ram:inst3|4x4ram:inst4|memory_cell:inst4|inst3  ; out              ;
; |ram|4x32ram:inst3|4x4ram:inst4|memory_cell:inst4|inst   ; |ram|4x32ram:inst3|4x4ram:inst4|memory_cell:inst4|inst   ; regout           ;
; |ram|4x32ram:inst3|4x4ram:inst4|memory_cell:inst4|inst4  ; |ram|4x32ram:inst3|4x4ram:inst4|memory_cell:inst4|inst4  ; out0             ;
; |ram|4x32ram:inst3|4x4ram:inst4|24decoder:inst|inst3     ; |ram|4x32ram:inst3|4x4ram:inst4|24decoder:inst|inst3     ; out0             ;
; |ram|4x32ram:inst3|4x4ram:inst4|memory_cell:inst2|inst   ; |ram|4x32ram:inst3|4x4ram:inst4|memory_cell:inst2|inst   ; regout           ;
; |ram|4x32ram:inst3|4x4ram:inst4|memory_cell:inst2|inst4  ; |ram|4x32ram:inst3|4x4ram:inst4|memory_cell:inst2|inst4  ; out0             ;
; |ram|4x32ram:inst3|4x4ram:inst3|inst20                   ; |ram|4x32ram:inst3|4x4ram:inst3|inst20                   ; out              ;
; |ram|4x32ram:inst3|4x4ram:inst3|IN~0                     ; |ram|4x32ram:inst3|4x4ram:inst3|IN~0                     ; out0             ;
; |ram|4x32ram:inst3|4x4ram:inst3|inst17                   ; |ram|4x32ram:inst3|4x4ram:inst3|inst17                   ; out0             ;
; |ram|4x32ram:inst3|4x4ram:inst3|inst18                   ; |ram|4x32ram:inst3|4x4ram:inst3|inst18                   ; out0             ;
; |ram|4x32ram:inst3|4x4ram:inst3|inst21                   ; |ram|4x32ram:inst3|4x4ram:inst3|inst21                   ; out              ;
; |ram|4x32ram:inst3|4x4ram:inst3|IN~1                     ; |ram|4x32ram:inst3|4x4ram:inst3|IN~1                     ; out0             ;
; |ram|4x32ram:inst3|4x4ram:inst3|inst22                   ; |ram|4x32ram:inst3|4x4ram:inst3|inst22                   ; out              ;
; |ram|4x32ram:inst3|4x4ram:inst3|IN~2                     ; |ram|4x32ram:inst3|4x4ram:inst3|IN~2                     ; out0             ;
; |ram|4x32ram:inst3|4x4ram:inst3|inst19                   ; |ram|4x32ram:inst3|4x4ram:inst3|inst19                   ; out              ;
; |ram|4x32ram:inst3|4x4ram:inst3|IN~3                     ; |ram|4x32ram:inst3|4x4ram:inst3|IN~3                     ; out0             ;
; |ram|4x32ram:inst3|4x4ram:inst3|memory_cell:inst3|inst3  ; |ram|4x32ram:inst3|4x4ram:inst3|memory_cell:inst3|inst3  ; out              ;
; |ram|4x32ram:inst3|4x4ram:inst3|memory_cell:inst3|inst   ; |ram|4x32ram:inst3|4x4ram:inst3|memory_cell:inst3|inst   ; regout           ;
; |ram|4x32ram:inst3|4x4ram:inst3|memory_cell:inst3|inst4  ; |ram|4x32ram:inst3|4x4ram:inst3|memory_cell:inst3|inst4  ; out0             ;
; |ram|4x32ram:inst3|4x4ram:inst3|memory_cell:inst5|inst   ; |ram|4x32ram:inst3|4x4ram:inst3|memory_cell:inst5|inst   ; regout           ;
; |ram|4x32ram:inst3|4x4ram:inst3|memory_cell:inst5|inst4  ; |ram|4x32ram:inst3|4x4ram:inst3|memory_cell:inst5|inst4  ; out0             ;
; |ram|4x32ram:inst3|4x4ram:inst3|memory_cell:inst7|inst   ; |ram|4x32ram:inst3|4x4ram:inst3|memory_cell:inst7|inst   ; regout           ;
; |ram|4x32ram:inst3|4x4ram:inst3|memory_cell:inst7|inst4  ; |ram|4x32ram:inst3|4x4ram:inst3|memory_cell:inst7|inst4  ; out0             ;
; |ram|4x32ram:inst3|4x4ram:inst3|memory_cell:inst1|inst   ; |ram|4x32ram:inst3|4x4ram:inst3|memory_cell:inst1|inst   ; regout           ;
; |ram|4x32ram:inst3|4x4ram:inst3|memory_cell:inst1|inst4  ; |ram|4x32ram:inst3|4x4ram:inst3|memory_cell:inst1|inst4  ; out0             ;
; |ram|4x32ram:inst3|4x4ram:inst3|memory_cell:inst16|inst  ; |ram|4x32ram:inst3|4x4ram:inst3|memory_cell:inst16|inst  ; regout           ;
; |ram|4x32ram:inst3|4x4ram:inst3|memory_cell:inst16|inst4 ; |ram|4x32ram:inst3|4x4ram:inst3|memory_cell:inst16|inst4 ; out0             ;
; |ram|4x32ram:inst3|4x4ram:inst3|memory_cell:inst14|inst  ; |ram|4x32ram:inst3|4x4ram:inst3|memory_cell:inst14|inst  ; regout           ;
; |ram|4x32ram:inst3|4x4ram:inst3|memory_cell:inst14|inst4 ; |ram|4x32ram:inst3|4x4ram:inst3|memory_cell:inst14|inst4 ; out0             ;
; |ram|4x32ram:inst3|4x4ram:inst3|memory_cell:inst12|inst3 ; |ram|4x32ram:inst3|4x4ram:inst3|memory_cell:inst12|inst3 ; out              ;
; |ram|4x32ram:inst3|4x4ram:inst3|memory_cell:inst12|inst  ; |ram|4x32ram:inst3|4x4ram:inst3|memory_cell:inst12|inst  ; regout           ;
; |ram|4x32ram:inst3|4x4ram:inst3|memory_cell:inst12|inst4 ; |ram|4x32ram:inst3|4x4ram:inst3|memory_cell:inst12|inst4 ; out0             ;
; |ram|4x32ram:inst3|4x4ram:inst3|memory_cell:inst10|inst  ; |ram|4x32ram:inst3|4x4ram:inst3|memory_cell:inst10|inst  ; regout           ;
; |ram|4x32ram:inst3|4x4ram:inst3|memory_cell:inst10|inst4 ; |ram|4x32ram:inst3|4x4ram:inst3|memory_cell:inst10|inst4 ; out0             ;
; |ram|4x32ram:inst3|4x4ram:inst3|memory_cell:inst15|inst  ; |ram|4x32ram:inst3|4x4ram:inst3|memory_cell:inst15|inst  ; regout           ;
; |ram|4x32ram:inst3|4x4ram:inst3|memory_cell:inst15|inst4 ; |ram|4x32ram:inst3|4x4ram:inst3|memory_cell:inst15|inst4 ; out0             ;
; |ram|4x32ram:inst3|4x4ram:inst3|memory_cell:inst13|inst  ; |ram|4x32ram:inst3|4x4ram:inst3|memory_cell:inst13|inst  ; regout           ;
; |ram|4x32ram:inst3|4x4ram:inst3|memory_cell:inst13|inst4 ; |ram|4x32ram:inst3|4x4ram:inst3|memory_cell:inst13|inst4 ; out0             ;
; |ram|4x32ram:inst3|4x4ram:inst3|memory_cell:inst11|inst3 ; |ram|4x32ram:inst3|4x4ram:inst3|memory_cell:inst11|inst3 ; out              ;
; |ram|4x32ram:inst3|4x4ram:inst3|memory_cell:inst11|inst  ; |ram|4x32ram:inst3|4x4ram:inst3|memory_cell:inst11|inst  ; regout           ;
; |ram|4x32ram:inst3|4x4ram:inst3|memory_cell:inst11|inst4 ; |ram|4x32ram:inst3|4x4ram:inst3|memory_cell:inst11|inst4 ; out0             ;
; |ram|4x32ram:inst3|4x4ram:inst3|memory_cell:inst9|inst   ; |ram|4x32ram:inst3|4x4ram:inst3|memory_cell:inst9|inst   ; regout           ;
; |ram|4x32ram:inst3|4x4ram:inst3|memory_cell:inst9|inst4  ; |ram|4x32ram:inst3|4x4ram:inst3|memory_cell:inst9|inst4  ; out0             ;
; |ram|4x32ram:inst3|4x4ram:inst3|memory_cell:inst8|inst   ; |ram|4x32ram:inst3|4x4ram:inst3|memory_cell:inst8|inst   ; regout           ;
; |ram|4x32ram:inst3|4x4ram:inst3|memory_cell:inst8|inst4  ; |ram|4x32ram:inst3|4x4ram:inst3|memory_cell:inst8|inst4  ; out0             ;
; |ram|4x32ram:inst3|4x4ram:inst3|memory_cell:inst6|inst   ; |ram|4x32ram:inst3|4x4ram:inst3|memory_cell:inst6|inst   ; regout           ;
; |ram|4x32ram:inst3|4x4ram:inst3|memory_cell:inst6|inst4  ; |ram|4x32ram:inst3|4x4ram:inst3|memory_cell:inst6|inst4  ; out0             ;
; |ram|4x32ram:inst3|4x4ram:inst3|memory_cell:inst4|inst3  ; |ram|4x32ram:inst3|4x4ram:inst3|memory_cell:inst4|inst3  ; out              ;
; |ram|4x32ram:inst3|4x4ram:inst3|memory_cell:inst4|inst   ; |ram|4x32ram:inst3|4x4ram:inst3|memory_cell:inst4|inst   ; regout           ;
; |ram|4x32ram:inst3|4x4ram:inst3|memory_cell:inst4|inst4  ; |ram|4x32ram:inst3|4x4ram:inst3|memory_cell:inst4|inst4  ; out0             ;
; |ram|4x32ram:inst3|4x4ram:inst3|24decoder:inst|inst3     ; |ram|4x32ram:inst3|4x4ram:inst3|24decoder:inst|inst3     ; out0             ;
; |ram|4x32ram:inst3|4x4ram:inst3|memory_cell:inst2|inst   ; |ram|4x32ram:inst3|4x4ram:inst3|memory_cell:inst2|inst   ; regout           ;
; |ram|4x32ram:inst3|4x4ram:inst3|memory_cell:inst2|inst4  ; |ram|4x32ram:inst3|4x4ram:inst3|memory_cell:inst2|inst4  ; out0             ;
; |ram|4x32ram:inst3|4x4ram:inst1|inst20                   ; |ram|4x32ram:inst3|4x4ram:inst1|inst20                   ; out              ;
; |ram|4x32ram:inst3|4x4ram:inst1|IN~0                     ; |ram|4x32ram:inst3|4x4ram:inst1|IN~0                     ; out0             ;
; |ram|4x32ram:inst3|4x4ram:inst1|inst17                   ; |ram|4x32ram:inst3|4x4ram:inst1|inst17                   ; out0             ;
; |ram|4x32ram:inst3|4x4ram:inst1|inst18                   ; |ram|4x32ram:inst3|4x4ram:inst1|inst18                   ; out0             ;
; |ram|4x32ram:inst3|4x4ram:inst1|inst21                   ; |ram|4x32ram:inst3|4x4ram:inst1|inst21                   ; out              ;
; |ram|4x32ram:inst3|4x4ram:inst1|IN~1                     ; |ram|4x32ram:inst3|4x4ram:inst1|IN~1                     ; out0             ;
; |ram|4x32ram:inst3|4x4ram:inst1|inst22                   ; |ram|4x32ram:inst3|4x4ram:inst1|inst22                   ; out              ;
; |ram|4x32ram:inst3|4x4ram:inst1|IN~2                     ; |ram|4x32ram:inst3|4x4ram:inst1|IN~2                     ; out0             ;
; |ram|4x32ram:inst3|4x4ram:inst1|inst19                   ; |ram|4x32ram:inst3|4x4ram:inst1|inst19                   ; out              ;
; |ram|4x32ram:inst3|4x4ram:inst1|IN~3                     ; |ram|4x32ram:inst3|4x4ram:inst1|IN~3                     ; out0             ;
; |ram|4x32ram:inst3|4x4ram:inst1|memory_cell:inst3|inst3  ; |ram|4x32ram:inst3|4x4ram:inst1|memory_cell:inst3|inst3  ; out              ;
; |ram|4x32ram:inst3|4x4ram:inst1|memory_cell:inst3|inst   ; |ram|4x32ram:inst3|4x4ram:inst1|memory_cell:inst3|inst   ; regout           ;
; |ram|4x32ram:inst3|4x4ram:inst1|memory_cell:inst3|inst4  ; |ram|4x32ram:inst3|4x4ram:inst1|memory_cell:inst3|inst4  ; out0             ;
; |ram|4x32ram:inst3|4x4ram:inst1|memory_cell:inst5|inst   ; |ram|4x32ram:inst3|4x4ram:inst1|memory_cell:inst5|inst   ; regout           ;
; |ram|4x32ram:inst3|4x4ram:inst1|memory_cell:inst5|inst4  ; |ram|4x32ram:inst3|4x4ram:inst1|memory_cell:inst5|inst4  ; out0             ;
; |ram|4x32ram:inst3|4x4ram:inst1|memory_cell:inst7|inst   ; |ram|4x32ram:inst3|4x4ram:inst1|memory_cell:inst7|inst   ; regout           ;
; |ram|4x32ram:inst3|4x4ram:inst1|memory_cell:inst7|inst4  ; |ram|4x32ram:inst3|4x4ram:inst1|memory_cell:inst7|inst4  ; out0             ;
; |ram|4x32ram:inst3|4x4ram:inst1|memory_cell:inst1|inst   ; |ram|4x32ram:inst3|4x4ram:inst1|memory_cell:inst1|inst   ; regout           ;
; |ram|4x32ram:inst3|4x4ram:inst1|memory_cell:inst1|inst4  ; |ram|4x32ram:inst3|4x4ram:inst1|memory_cell:inst1|inst4  ; out0             ;
; |ram|4x32ram:inst3|4x4ram:inst1|memory_cell:inst16|inst  ; |ram|4x32ram:inst3|4x4ram:inst1|memory_cell:inst16|inst  ; regout           ;
; |ram|4x32ram:inst3|4x4ram:inst1|memory_cell:inst16|inst4 ; |ram|4x32ram:inst3|4x4ram:inst1|memory_cell:inst16|inst4 ; out0             ;
; |ram|4x32ram:inst3|4x4ram:inst1|memory_cell:inst14|inst  ; |ram|4x32ram:inst3|4x4ram:inst1|memory_cell:inst14|inst  ; regout           ;
; |ram|4x32ram:inst3|4x4ram:inst1|memory_cell:inst14|inst4 ; |ram|4x32ram:inst3|4x4ram:inst1|memory_cell:inst14|inst4 ; out0             ;
; |ram|4x32ram:inst3|4x4ram:inst1|memory_cell:inst12|inst3 ; |ram|4x32ram:inst3|4x4ram:inst1|memory_cell:inst12|inst3 ; out              ;
; |ram|4x32ram:inst3|4x4ram:inst1|memory_cell:inst12|inst  ; |ram|4x32ram:inst3|4x4ram:inst1|memory_cell:inst12|inst  ; regout           ;
; |ram|4x32ram:inst3|4x4ram:inst1|memory_cell:inst12|inst4 ; |ram|4x32ram:inst3|4x4ram:inst1|memory_cell:inst12|inst4 ; out0             ;
; |ram|4x32ram:inst3|4x4ram:inst1|memory_cell:inst10|inst  ; |ram|4x32ram:inst3|4x4ram:inst1|memory_cell:inst10|inst  ; regout           ;
; |ram|4x32ram:inst3|4x4ram:inst1|memory_cell:inst10|inst4 ; |ram|4x32ram:inst3|4x4ram:inst1|memory_cell:inst10|inst4 ; out0             ;
; |ram|4x32ram:inst3|4x4ram:inst1|memory_cell:inst15|inst  ; |ram|4x32ram:inst3|4x4ram:inst1|memory_cell:inst15|inst  ; regout           ;
; |ram|4x32ram:inst3|4x4ram:inst1|memory_cell:inst15|inst4 ; |ram|4x32ram:inst3|4x4ram:inst1|memory_cell:inst15|inst4 ; out0             ;
; |ram|4x32ram:inst3|4x4ram:inst1|memory_cell:inst13|inst  ; |ram|4x32ram:inst3|4x4ram:inst1|memory_cell:inst13|inst  ; regout           ;
; |ram|4x32ram:inst3|4x4ram:inst1|memory_cell:inst13|inst4 ; |ram|4x32ram:inst3|4x4ram:inst1|memory_cell:inst13|inst4 ; out0             ;
; |ram|4x32ram:inst3|4x4ram:inst1|memory_cell:inst11|inst3 ; |ram|4x32ram:inst3|4x4ram:inst1|memory_cell:inst11|inst3 ; out              ;
; |ram|4x32ram:inst3|4x4ram:inst1|memory_cell:inst11|inst  ; |ram|4x32ram:inst3|4x4ram:inst1|memory_cell:inst11|inst  ; regout           ;
; |ram|4x32ram:inst3|4x4ram:inst1|memory_cell:inst11|inst4 ; |ram|4x32ram:inst3|4x4ram:inst1|memory_cell:inst11|inst4 ; out0             ;
; |ram|4x32ram:inst3|4x4ram:inst1|memory_cell:inst9|inst   ; |ram|4x32ram:inst3|4x4ram:inst1|memory_cell:inst9|inst   ; regout           ;
; |ram|4x32ram:inst3|4x4ram:inst1|memory_cell:inst9|inst4  ; |ram|4x32ram:inst3|4x4ram:inst1|memory_cell:inst9|inst4  ; out0             ;
; |ram|4x32ram:inst3|4x4ram:inst1|memory_cell:inst8|inst   ; |ram|4x32ram:inst3|4x4ram:inst1|memory_cell:inst8|inst   ; regout           ;
; |ram|4x32ram:inst3|4x4ram:inst1|memory_cell:inst8|inst4  ; |ram|4x32ram:inst3|4x4ram:inst1|memory_cell:inst8|inst4  ; out0             ;
; |ram|4x32ram:inst3|4x4ram:inst1|memory_cell:inst6|inst   ; |ram|4x32ram:inst3|4x4ram:inst1|memory_cell:inst6|inst   ; regout           ;
; |ram|4x32ram:inst3|4x4ram:inst1|memory_cell:inst6|inst4  ; |ram|4x32ram:inst3|4x4ram:inst1|memory_cell:inst6|inst4  ; out0             ;
; |ram|4x32ram:inst3|4x4ram:inst1|memory_cell:inst4|inst3  ; |ram|4x32ram:inst3|4x4ram:inst1|memory_cell:inst4|inst3  ; out              ;
; |ram|4x32ram:inst3|4x4ram:inst1|memory_cell:inst4|inst   ; |ram|4x32ram:inst3|4x4ram:inst1|memory_cell:inst4|inst   ; regout           ;
; |ram|4x32ram:inst3|4x4ram:inst1|memory_cell:inst4|inst4  ; |ram|4x32ram:inst3|4x4ram:inst1|memory_cell:inst4|inst4  ; out0             ;
; |ram|4x32ram:inst3|4x4ram:inst1|24decoder:inst|inst3     ; |ram|4x32ram:inst3|4x4ram:inst1|24decoder:inst|inst3     ; out0             ;
; |ram|4x32ram:inst3|4x4ram:inst1|memory_cell:inst2|inst   ; |ram|4x32ram:inst3|4x4ram:inst1|memory_cell:inst2|inst   ; regout           ;
; |ram|4x32ram:inst3|4x4ram:inst1|memory_cell:inst2|inst4  ; |ram|4x32ram:inst3|4x4ram:inst1|memory_cell:inst2|inst4  ; out0             ;
; |ram|4x32ram:inst3|4x4ram:inst|inst20                    ; |ram|4x32ram:inst3|4x4ram:inst|inst20                    ; out              ;
; |ram|4x32ram:inst3|4x4ram:inst|IN~0                      ; |ram|4x32ram:inst3|4x4ram:inst|IN~0                      ; out0             ;
; |ram|4x32ram:inst3|4x4ram:inst|inst17                    ; |ram|4x32ram:inst3|4x4ram:inst|inst17                    ; out0             ;
; |ram|4x32ram:inst3|4x4ram:inst|inst18                    ; |ram|4x32ram:inst3|4x4ram:inst|inst18                    ; out0             ;
; |ram|4x32ram:inst3|4x4ram:inst|inst21                    ; |ram|4x32ram:inst3|4x4ram:inst|inst21                    ; out              ;
; |ram|4x32ram:inst3|4x4ram:inst|IN~1                      ; |ram|4x32ram:inst3|4x4ram:inst|IN~1                      ; out0             ;
; |ram|4x32ram:inst3|4x4ram:inst|inst22                    ; |ram|4x32ram:inst3|4x4ram:inst|inst22                    ; out              ;
; |ram|4x32ram:inst3|4x4ram:inst|IN~2                      ; |ram|4x32ram:inst3|4x4ram:inst|IN~2                      ; out0             ;
; |ram|4x32ram:inst3|4x4ram:inst|inst19                    ; |ram|4x32ram:inst3|4x4ram:inst|inst19                    ; out              ;
; |ram|4x32ram:inst3|4x4ram:inst|IN~3                      ; |ram|4x32ram:inst3|4x4ram:inst|IN~3                      ; out0             ;
; |ram|4x32ram:inst3|4x4ram:inst|memory_cell:inst3|inst3   ; |ram|4x32ram:inst3|4x4ram:inst|memory_cell:inst3|inst3   ; out              ;
; |ram|4x32ram:inst3|4x4ram:inst|memory_cell:inst3|inst    ; |ram|4x32ram:inst3|4x4ram:inst|memory_cell:inst3|inst    ; regout           ;
; |ram|4x32ram:inst3|4x4ram:inst|memory_cell:inst3|inst4   ; |ram|4x32ram:inst3|4x4ram:inst|memory_cell:inst3|inst4   ; out0             ;
; |ram|4x32ram:inst3|4x4ram:inst|memory_cell:inst5|inst    ; |ram|4x32ram:inst3|4x4ram:inst|memory_cell:inst5|inst    ; regout           ;
; |ram|4x32ram:inst3|4x4ram:inst|memory_cell:inst5|inst4   ; |ram|4x32ram:inst3|4x4ram:inst|memory_cell:inst5|inst4   ; out0             ;
; |ram|4x32ram:inst3|4x4ram:inst|memory_cell:inst7|inst    ; |ram|4x32ram:inst3|4x4ram:inst|memory_cell:inst7|inst    ; regout           ;
; |ram|4x32ram:inst3|4x4ram:inst|memory_cell:inst7|inst4   ; |ram|4x32ram:inst3|4x4ram:inst|memory_cell:inst7|inst4   ; out0             ;
; |ram|4x32ram:inst3|4x4ram:inst|memory_cell:inst1|inst    ; |ram|4x32ram:inst3|4x4ram:inst|memory_cell:inst1|inst    ; regout           ;
; |ram|4x32ram:inst3|4x4ram:inst|memory_cell:inst1|inst4   ; |ram|4x32ram:inst3|4x4ram:inst|memory_cell:inst1|inst4   ; out0             ;
; |ram|4x32ram:inst3|4x4ram:inst|memory_cell:inst16|inst   ; |ram|4x32ram:inst3|4x4ram:inst|memory_cell:inst16|inst   ; regout           ;
; |ram|4x32ram:inst3|4x4ram:inst|memory_cell:inst16|inst4  ; |ram|4x32ram:inst3|4x4ram:inst|memory_cell:inst16|inst4  ; out0             ;
; |ram|4x32ram:inst3|4x4ram:inst|memory_cell:inst14|inst   ; |ram|4x32ram:inst3|4x4ram:inst|memory_cell:inst14|inst   ; regout           ;
; |ram|4x32ram:inst3|4x4ram:inst|memory_cell:inst14|inst4  ; |ram|4x32ram:inst3|4x4ram:inst|memory_cell:inst14|inst4  ; out0             ;
; |ram|4x32ram:inst3|4x4ram:inst|memory_cell:inst12|inst3  ; |ram|4x32ram:inst3|4x4ram:inst|memory_cell:inst12|inst3  ; out              ;
; |ram|4x32ram:inst3|4x4ram:inst|memory_cell:inst12|inst   ; |ram|4x32ram:inst3|4x4ram:inst|memory_cell:inst12|inst   ; regout           ;
; |ram|4x32ram:inst3|4x4ram:inst|memory_cell:inst12|inst4  ; |ram|4x32ram:inst3|4x4ram:inst|memory_cell:inst12|inst4  ; out0             ;
; |ram|4x32ram:inst3|4x4ram:inst|memory_cell:inst10|inst   ; |ram|4x32ram:inst3|4x4ram:inst|memory_cell:inst10|inst   ; regout           ;
; |ram|4x32ram:inst3|4x4ram:inst|memory_cell:inst10|inst4  ; |ram|4x32ram:inst3|4x4ram:inst|memory_cell:inst10|inst4  ; out0             ;
; |ram|4x32ram:inst3|4x4ram:inst|memory_cell:inst15|inst   ; |ram|4x32ram:inst3|4x4ram:inst|memory_cell:inst15|inst   ; regout           ;
; |ram|4x32ram:inst3|4x4ram:inst|memory_cell:inst15|inst4  ; |ram|4x32ram:inst3|4x4ram:inst|memory_cell:inst15|inst4  ; out0             ;
; |ram|4x32ram:inst3|4x4ram:inst|memory_cell:inst13|inst   ; |ram|4x32ram:inst3|4x4ram:inst|memory_cell:inst13|inst   ; regout           ;
; |ram|4x32ram:inst3|4x4ram:inst|memory_cell:inst13|inst4  ; |ram|4x32ram:inst3|4x4ram:inst|memory_cell:inst13|inst4  ; out0             ;
; |ram|4x32ram:inst3|4x4ram:inst|memory_cell:inst11|inst3  ; |ram|4x32ram:inst3|4x4ram:inst|memory_cell:inst11|inst3  ; out              ;
; |ram|4x32ram:inst3|4x4ram:inst|memory_cell:inst11|inst   ; |ram|4x32ram:inst3|4x4ram:inst|memory_cell:inst11|inst   ; regout           ;
; |ram|4x32ram:inst3|4x4ram:inst|memory_cell:inst11|inst4  ; |ram|4x32ram:inst3|4x4ram:inst|memory_cell:inst11|inst4  ; out0             ;
; |ram|4x32ram:inst3|4x4ram:inst|memory_cell:inst9|inst    ; |ram|4x32ram:inst3|4x4ram:inst|memory_cell:inst9|inst    ; regout           ;
; |ram|4x32ram:inst3|4x4ram:inst|memory_cell:inst9|inst4   ; |ram|4x32ram:inst3|4x4ram:inst|memory_cell:inst9|inst4   ; out0             ;
; |ram|4x32ram:inst3|4x4ram:inst|memory_cell:inst8|inst    ; |ram|4x32ram:inst3|4x4ram:inst|memory_cell:inst8|inst    ; regout           ;
; |ram|4x32ram:inst3|4x4ram:inst|memory_cell:inst8|inst4   ; |ram|4x32ram:inst3|4x4ram:inst|memory_cell:inst8|inst4   ; out0             ;
; |ram|4x32ram:inst3|4x4ram:inst|memory_cell:inst6|inst    ; |ram|4x32ram:inst3|4x4ram:inst|memory_cell:inst6|inst    ; regout           ;
; |ram|4x32ram:inst3|4x4ram:inst|memory_cell:inst6|inst4   ; |ram|4x32ram:inst3|4x4ram:inst|memory_cell:inst6|inst4   ; out0             ;
; |ram|4x32ram:inst3|4x4ram:inst|memory_cell:inst4|inst3   ; |ram|4x32ram:inst3|4x4ram:inst|memory_cell:inst4|inst3   ; out              ;
; |ram|4x32ram:inst3|4x4ram:inst|memory_cell:inst4|inst    ; |ram|4x32ram:inst3|4x4ram:inst|memory_cell:inst4|inst    ; regout           ;
; |ram|4x32ram:inst3|4x4ram:inst|memory_cell:inst4|inst4   ; |ram|4x32ram:inst3|4x4ram:inst|memory_cell:inst4|inst4   ; out0             ;
; |ram|4x32ram:inst3|4x4ram:inst|24decoder:inst|inst3      ; |ram|4x32ram:inst3|4x4ram:inst|24decoder:inst|inst3      ; out0             ;
; |ram|4x32ram:inst3|4x4ram:inst|memory_cell:inst2|inst    ; |ram|4x32ram:inst3|4x4ram:inst|memory_cell:inst2|inst    ; regout           ;
; |ram|4x32ram:inst3|4x4ram:inst|memory_cell:inst2|inst4   ; |ram|4x32ram:inst3|4x4ram:inst|memory_cell:inst2|inst4   ; out0             ;
; |ram|4x32ram:inst2|4x4ram:inst8|inst20                   ; |ram|4x32ram:inst2|4x4ram:inst8|inst20                   ; out              ;
; |ram|4x32ram:inst2|4x4ram:inst8|IN~0                     ; |ram|4x32ram:inst2|4x4ram:inst8|IN~0                     ; out0             ;
; |ram|4x32ram:inst2|4x4ram:inst8|inst17                   ; |ram|4x32ram:inst2|4x4ram:inst8|inst17                   ; out0             ;
; |ram|4x32ram:inst2|4x4ram:inst8|inst18                   ; |ram|4x32ram:inst2|4x4ram:inst8|inst18                   ; out0             ;
; |ram|4x32ram:inst2|4x4ram:inst8|inst21                   ; |ram|4x32ram:inst2|4x4ram:inst8|inst21                   ; out              ;
; |ram|4x32ram:inst2|4x4ram:inst8|IN~1                     ; |ram|4x32ram:inst2|4x4ram:inst8|IN~1                     ; out0             ;
; |ram|4x32ram:inst2|4x4ram:inst8|inst22                   ; |ram|4x32ram:inst2|4x4ram:inst8|inst22                   ; out              ;
; |ram|4x32ram:inst2|4x4ram:inst8|IN~2                     ; |ram|4x32ram:inst2|4x4ram:inst8|IN~2                     ; out0             ;
; |ram|4x32ram:inst2|4x4ram:inst8|inst19                   ; |ram|4x32ram:inst2|4x4ram:inst8|inst19                   ; out              ;
; |ram|4x32ram:inst2|4x4ram:inst8|IN~3                     ; |ram|4x32ram:inst2|4x4ram:inst8|IN~3                     ; out0             ;
; |ram|4x32ram:inst2|4x4ram:inst8|memory_cell:inst3|inst3  ; |ram|4x32ram:inst2|4x4ram:inst8|memory_cell:inst3|inst3  ; out              ;
; |ram|4x32ram:inst2|4x4ram:inst8|memory_cell:inst3|inst   ; |ram|4x32ram:inst2|4x4ram:inst8|memory_cell:inst3|inst   ; regout           ;
; |ram|4x32ram:inst2|4x4ram:inst8|memory_cell:inst3|inst4  ; |ram|4x32ram:inst2|4x4ram:inst8|memory_cell:inst3|inst4  ; out0             ;
; |ram|4x32ram:inst2|4x4ram:inst8|memory_cell:inst5|inst   ; |ram|4x32ram:inst2|4x4ram:inst8|memory_cell:inst5|inst   ; regout           ;
; |ram|4x32ram:inst2|4x4ram:inst8|memory_cell:inst5|inst4  ; |ram|4x32ram:inst2|4x4ram:inst8|memory_cell:inst5|inst4  ; out0             ;
; |ram|4x32ram:inst2|4x4ram:inst8|memory_cell:inst7|inst   ; |ram|4x32ram:inst2|4x4ram:inst8|memory_cell:inst7|inst   ; regout           ;
; |ram|4x32ram:inst2|4x4ram:inst8|memory_cell:inst7|inst4  ; |ram|4x32ram:inst2|4x4ram:inst8|memory_cell:inst7|inst4  ; out0             ;
; |ram|4x32ram:inst2|4x4ram:inst8|memory_cell:inst1|inst   ; |ram|4x32ram:inst2|4x4ram:inst8|memory_cell:inst1|inst   ; regout           ;
; |ram|4x32ram:inst2|4x4ram:inst8|memory_cell:inst1|inst4  ; |ram|4x32ram:inst2|4x4ram:inst8|memory_cell:inst1|inst4  ; out0             ;
; |ram|4x32ram:inst2|4x4ram:inst8|memory_cell:inst16|inst  ; |ram|4x32ram:inst2|4x4ram:inst8|memory_cell:inst16|inst  ; regout           ;
; |ram|4x32ram:inst2|4x4ram:inst8|memory_cell:inst16|inst4 ; |ram|4x32ram:inst2|4x4ram:inst8|memory_cell:inst16|inst4 ; out0             ;
; |ram|4x32ram:inst2|4x4ram:inst8|memory_cell:inst14|inst  ; |ram|4x32ram:inst2|4x4ram:inst8|memory_cell:inst14|inst  ; regout           ;
; |ram|4x32ram:inst2|4x4ram:inst8|memory_cell:inst14|inst4 ; |ram|4x32ram:inst2|4x4ram:inst8|memory_cell:inst14|inst4 ; out0             ;
; |ram|4x32ram:inst2|4x4ram:inst8|memory_cell:inst12|inst3 ; |ram|4x32ram:inst2|4x4ram:inst8|memory_cell:inst12|inst3 ; out              ;
; |ram|4x32ram:inst2|4x4ram:inst8|memory_cell:inst12|inst  ; |ram|4x32ram:inst2|4x4ram:inst8|memory_cell:inst12|inst  ; regout           ;
; |ram|4x32ram:inst2|4x4ram:inst8|memory_cell:inst12|inst4 ; |ram|4x32ram:inst2|4x4ram:inst8|memory_cell:inst12|inst4 ; out0             ;
; |ram|4x32ram:inst2|4x4ram:inst8|memory_cell:inst10|inst  ; |ram|4x32ram:inst2|4x4ram:inst8|memory_cell:inst10|inst  ; regout           ;
; |ram|4x32ram:inst2|4x4ram:inst8|memory_cell:inst10|inst4 ; |ram|4x32ram:inst2|4x4ram:inst8|memory_cell:inst10|inst4 ; out0             ;
; |ram|4x32ram:inst2|4x4ram:inst8|memory_cell:inst15|inst  ; |ram|4x32ram:inst2|4x4ram:inst8|memory_cell:inst15|inst  ; regout           ;
; |ram|4x32ram:inst2|4x4ram:inst8|memory_cell:inst15|inst4 ; |ram|4x32ram:inst2|4x4ram:inst8|memory_cell:inst15|inst4 ; out0             ;
; |ram|4x32ram:inst2|4x4ram:inst8|memory_cell:inst13|inst  ; |ram|4x32ram:inst2|4x4ram:inst8|memory_cell:inst13|inst  ; regout           ;
; |ram|4x32ram:inst2|4x4ram:inst8|memory_cell:inst13|inst4 ; |ram|4x32ram:inst2|4x4ram:inst8|memory_cell:inst13|inst4 ; out0             ;
; |ram|4x32ram:inst2|4x4ram:inst8|memory_cell:inst11|inst3 ; |ram|4x32ram:inst2|4x4ram:inst8|memory_cell:inst11|inst3 ; out              ;
; |ram|4x32ram:inst2|4x4ram:inst8|memory_cell:inst11|inst  ; |ram|4x32ram:inst2|4x4ram:inst8|memory_cell:inst11|inst  ; regout           ;
; |ram|4x32ram:inst2|4x4ram:inst8|memory_cell:inst11|inst4 ; |ram|4x32ram:inst2|4x4ram:inst8|memory_cell:inst11|inst4 ; out0             ;
; |ram|4x32ram:inst2|4x4ram:inst8|memory_cell:inst9|inst   ; |ram|4x32ram:inst2|4x4ram:inst8|memory_cell:inst9|inst   ; regout           ;
; |ram|4x32ram:inst2|4x4ram:inst8|memory_cell:inst9|inst4  ; |ram|4x32ram:inst2|4x4ram:inst8|memory_cell:inst9|inst4  ; out0             ;
; |ram|4x32ram:inst2|4x4ram:inst8|memory_cell:inst8|inst   ; |ram|4x32ram:inst2|4x4ram:inst8|memory_cell:inst8|inst   ; regout           ;
; |ram|4x32ram:inst2|4x4ram:inst8|memory_cell:inst8|inst4  ; |ram|4x32ram:inst2|4x4ram:inst8|memory_cell:inst8|inst4  ; out0             ;
; |ram|4x32ram:inst2|4x4ram:inst8|memory_cell:inst6|inst   ; |ram|4x32ram:inst2|4x4ram:inst8|memory_cell:inst6|inst   ; regout           ;
; |ram|4x32ram:inst2|4x4ram:inst8|memory_cell:inst6|inst4  ; |ram|4x32ram:inst2|4x4ram:inst8|memory_cell:inst6|inst4  ; out0             ;
; |ram|4x32ram:inst2|4x4ram:inst8|memory_cell:inst4|inst3  ; |ram|4x32ram:inst2|4x4ram:inst8|memory_cell:inst4|inst3  ; out              ;
; |ram|4x32ram:inst2|4x4ram:inst8|memory_cell:inst4|inst   ; |ram|4x32ram:inst2|4x4ram:inst8|memory_cell:inst4|inst   ; regout           ;
; |ram|4x32ram:inst2|4x4ram:inst8|memory_cell:inst4|inst4  ; |ram|4x32ram:inst2|4x4ram:inst8|memory_cell:inst4|inst4  ; out0             ;
; |ram|4x32ram:inst2|4x4ram:inst8|24decoder:inst|inst3     ; |ram|4x32ram:inst2|4x4ram:inst8|24decoder:inst|inst3     ; out0             ;
; |ram|4x32ram:inst2|4x4ram:inst8|memory_cell:inst2|inst   ; |ram|4x32ram:inst2|4x4ram:inst8|memory_cell:inst2|inst   ; regout           ;
; |ram|4x32ram:inst2|4x4ram:inst8|memory_cell:inst2|inst4  ; |ram|4x32ram:inst2|4x4ram:inst8|memory_cell:inst2|inst4  ; out0             ;
; |ram|4x32ram:inst2|4x4ram:inst7|inst20                   ; |ram|4x32ram:inst2|4x4ram:inst7|inst20                   ; out              ;
; |ram|4x32ram:inst2|4x4ram:inst7|IN~0                     ; |ram|4x32ram:inst2|4x4ram:inst7|IN~0                     ; out0             ;
; |ram|4x32ram:inst2|4x4ram:inst7|inst17                   ; |ram|4x32ram:inst2|4x4ram:inst7|inst17                   ; out0             ;
; |ram|4x32ram:inst2|4x4ram:inst7|inst18                   ; |ram|4x32ram:inst2|4x4ram:inst7|inst18                   ; out0             ;
; |ram|4x32ram:inst2|4x4ram:inst7|inst21                   ; |ram|4x32ram:inst2|4x4ram:inst7|inst21                   ; out              ;
; |ram|4x32ram:inst2|4x4ram:inst7|IN~1                     ; |ram|4x32ram:inst2|4x4ram:inst7|IN~1                     ; out0             ;
; |ram|4x32ram:inst2|4x4ram:inst7|inst22                   ; |ram|4x32ram:inst2|4x4ram:inst7|inst22                   ; out              ;
; |ram|4x32ram:inst2|4x4ram:inst7|IN~2                     ; |ram|4x32ram:inst2|4x4ram:inst7|IN~2                     ; out0             ;
; |ram|4x32ram:inst2|4x4ram:inst7|inst19                   ; |ram|4x32ram:inst2|4x4ram:inst7|inst19                   ; out              ;
; |ram|4x32ram:inst2|4x4ram:inst7|IN~3                     ; |ram|4x32ram:inst2|4x4ram:inst7|IN~3                     ; out0             ;
; |ram|4x32ram:inst2|4x4ram:inst7|memory_cell:inst3|inst3  ; |ram|4x32ram:inst2|4x4ram:inst7|memory_cell:inst3|inst3  ; out              ;
; |ram|4x32ram:inst2|4x4ram:inst7|memory_cell:inst3|inst   ; |ram|4x32ram:inst2|4x4ram:inst7|memory_cell:inst3|inst   ; regout           ;
; |ram|4x32ram:inst2|4x4ram:inst7|memory_cell:inst3|inst4  ; |ram|4x32ram:inst2|4x4ram:inst7|memory_cell:inst3|inst4  ; out0             ;
; |ram|4x32ram:inst2|4x4ram:inst7|memory_cell:inst5|inst   ; |ram|4x32ram:inst2|4x4ram:inst7|memory_cell:inst5|inst   ; regout           ;
; |ram|4x32ram:inst2|4x4ram:inst7|memory_cell:inst5|inst4  ; |ram|4x32ram:inst2|4x4ram:inst7|memory_cell:inst5|inst4  ; out0             ;
; |ram|4x32ram:inst2|4x4ram:inst7|memory_cell:inst7|inst   ; |ram|4x32ram:inst2|4x4ram:inst7|memory_cell:inst7|inst   ; regout           ;
; |ram|4x32ram:inst2|4x4ram:inst7|memory_cell:inst7|inst4  ; |ram|4x32ram:inst2|4x4ram:inst7|memory_cell:inst7|inst4  ; out0             ;
; |ram|4x32ram:inst2|4x4ram:inst7|memory_cell:inst1|inst   ; |ram|4x32ram:inst2|4x4ram:inst7|memory_cell:inst1|inst   ; regout           ;
; |ram|4x32ram:inst2|4x4ram:inst7|memory_cell:inst1|inst4  ; |ram|4x32ram:inst2|4x4ram:inst7|memory_cell:inst1|inst4  ; out0             ;
; |ram|4x32ram:inst2|4x4ram:inst7|memory_cell:inst16|inst  ; |ram|4x32ram:inst2|4x4ram:inst7|memory_cell:inst16|inst  ; regout           ;
; |ram|4x32ram:inst2|4x4ram:inst7|memory_cell:inst16|inst4 ; |ram|4x32ram:inst2|4x4ram:inst7|memory_cell:inst16|inst4 ; out0             ;
; |ram|4x32ram:inst2|4x4ram:inst7|memory_cell:inst14|inst  ; |ram|4x32ram:inst2|4x4ram:inst7|memory_cell:inst14|inst  ; regout           ;
; |ram|4x32ram:inst2|4x4ram:inst7|memory_cell:inst14|inst4 ; |ram|4x32ram:inst2|4x4ram:inst7|memory_cell:inst14|inst4 ; out0             ;
; |ram|4x32ram:inst2|4x4ram:inst7|memory_cell:inst12|inst3 ; |ram|4x32ram:inst2|4x4ram:inst7|memory_cell:inst12|inst3 ; out              ;
; |ram|4x32ram:inst2|4x4ram:inst7|memory_cell:inst12|inst  ; |ram|4x32ram:inst2|4x4ram:inst7|memory_cell:inst12|inst  ; regout           ;
; |ram|4x32ram:inst2|4x4ram:inst7|memory_cell:inst12|inst4 ; |ram|4x32ram:inst2|4x4ram:inst7|memory_cell:inst12|inst4 ; out0             ;
; |ram|4x32ram:inst2|4x4ram:inst7|memory_cell:inst10|inst  ; |ram|4x32ram:inst2|4x4ram:inst7|memory_cell:inst10|inst  ; regout           ;
; |ram|4x32ram:inst2|4x4ram:inst7|memory_cell:inst10|inst4 ; |ram|4x32ram:inst2|4x4ram:inst7|memory_cell:inst10|inst4 ; out0             ;
; |ram|4x32ram:inst2|4x4ram:inst7|memory_cell:inst15|inst  ; |ram|4x32ram:inst2|4x4ram:inst7|memory_cell:inst15|inst  ; regout           ;
; |ram|4x32ram:inst2|4x4ram:inst7|memory_cell:inst15|inst4 ; |ram|4x32ram:inst2|4x4ram:inst7|memory_cell:inst15|inst4 ; out0             ;
; |ram|4x32ram:inst2|4x4ram:inst7|memory_cell:inst13|inst  ; |ram|4x32ram:inst2|4x4ram:inst7|memory_cell:inst13|inst  ; regout           ;
; |ram|4x32ram:inst2|4x4ram:inst7|memory_cell:inst13|inst4 ; |ram|4x32ram:inst2|4x4ram:inst7|memory_cell:inst13|inst4 ; out0             ;
; |ram|4x32ram:inst2|4x4ram:inst7|memory_cell:inst11|inst3 ; |ram|4x32ram:inst2|4x4ram:inst7|memory_cell:inst11|inst3 ; out              ;
; |ram|4x32ram:inst2|4x4ram:inst7|memory_cell:inst11|inst  ; |ram|4x32ram:inst2|4x4ram:inst7|memory_cell:inst11|inst  ; regout           ;
; |ram|4x32ram:inst2|4x4ram:inst7|memory_cell:inst11|inst4 ; |ram|4x32ram:inst2|4x4ram:inst7|memory_cell:inst11|inst4 ; out0             ;
; |ram|4x32ram:inst2|4x4ram:inst7|memory_cell:inst9|inst   ; |ram|4x32ram:inst2|4x4ram:inst7|memory_cell:inst9|inst   ; regout           ;
; |ram|4x32ram:inst2|4x4ram:inst7|memory_cell:inst9|inst4  ; |ram|4x32ram:inst2|4x4ram:inst7|memory_cell:inst9|inst4  ; out0             ;
; |ram|4x32ram:inst2|4x4ram:inst7|memory_cell:inst8|inst   ; |ram|4x32ram:inst2|4x4ram:inst7|memory_cell:inst8|inst   ; regout           ;
; |ram|4x32ram:inst2|4x4ram:inst7|memory_cell:inst8|inst4  ; |ram|4x32ram:inst2|4x4ram:inst7|memory_cell:inst8|inst4  ; out0             ;
; |ram|4x32ram:inst2|4x4ram:inst7|memory_cell:inst6|inst   ; |ram|4x32ram:inst2|4x4ram:inst7|memory_cell:inst6|inst   ; regout           ;
; |ram|4x32ram:inst2|4x4ram:inst7|memory_cell:inst6|inst4  ; |ram|4x32ram:inst2|4x4ram:inst7|memory_cell:inst6|inst4  ; out0             ;
; |ram|4x32ram:inst2|4x4ram:inst7|memory_cell:inst4|inst3  ; |ram|4x32ram:inst2|4x4ram:inst7|memory_cell:inst4|inst3  ; out              ;
; |ram|4x32ram:inst2|4x4ram:inst7|memory_cell:inst4|inst   ; |ram|4x32ram:inst2|4x4ram:inst7|memory_cell:inst4|inst   ; regout           ;
; |ram|4x32ram:inst2|4x4ram:inst7|memory_cell:inst4|inst4  ; |ram|4x32ram:inst2|4x4ram:inst7|memory_cell:inst4|inst4  ; out0             ;
; |ram|4x32ram:inst2|4x4ram:inst7|24decoder:inst|inst3     ; |ram|4x32ram:inst2|4x4ram:inst7|24decoder:inst|inst3     ; out0             ;
; |ram|4x32ram:inst2|4x4ram:inst7|memory_cell:inst2|inst   ; |ram|4x32ram:inst2|4x4ram:inst7|memory_cell:inst2|inst   ; regout           ;
; |ram|4x32ram:inst2|4x4ram:inst7|memory_cell:inst2|inst4  ; |ram|4x32ram:inst2|4x4ram:inst7|memory_cell:inst2|inst4  ; out0             ;
; |ram|4x32ram:inst2|4x4ram:inst6|inst20                   ; |ram|4x32ram:inst2|4x4ram:inst6|inst20                   ; out              ;
; |ram|4x32ram:inst2|4x4ram:inst6|IN~0                     ; |ram|4x32ram:inst2|4x4ram:inst6|IN~0                     ; out0             ;
; |ram|4x32ram:inst2|4x4ram:inst6|inst17                   ; |ram|4x32ram:inst2|4x4ram:inst6|inst17                   ; out0             ;
; |ram|4x32ram:inst2|4x4ram:inst6|inst18                   ; |ram|4x32ram:inst2|4x4ram:inst6|inst18                   ; out0             ;
; |ram|4x32ram:inst2|4x4ram:inst6|inst21                   ; |ram|4x32ram:inst2|4x4ram:inst6|inst21                   ; out              ;
; |ram|4x32ram:inst2|4x4ram:inst6|IN~1                     ; |ram|4x32ram:inst2|4x4ram:inst6|IN~1                     ; out0             ;
; |ram|4x32ram:inst2|4x4ram:inst6|inst22                   ; |ram|4x32ram:inst2|4x4ram:inst6|inst22                   ; out              ;
; |ram|4x32ram:inst2|4x4ram:inst6|IN~2                     ; |ram|4x32ram:inst2|4x4ram:inst6|IN~2                     ; out0             ;
; |ram|4x32ram:inst2|4x4ram:inst6|inst19                   ; |ram|4x32ram:inst2|4x4ram:inst6|inst19                   ; out              ;
; |ram|4x32ram:inst2|4x4ram:inst6|IN~3                     ; |ram|4x32ram:inst2|4x4ram:inst6|IN~3                     ; out0             ;
; |ram|4x32ram:inst2|4x4ram:inst6|memory_cell:inst3|inst3  ; |ram|4x32ram:inst2|4x4ram:inst6|memory_cell:inst3|inst3  ; out              ;
; |ram|4x32ram:inst2|4x4ram:inst6|memory_cell:inst3|inst   ; |ram|4x32ram:inst2|4x4ram:inst6|memory_cell:inst3|inst   ; regout           ;
; |ram|4x32ram:inst2|4x4ram:inst6|memory_cell:inst3|inst4  ; |ram|4x32ram:inst2|4x4ram:inst6|memory_cell:inst3|inst4  ; out0             ;
; |ram|4x32ram:inst2|4x4ram:inst6|memory_cell:inst5|inst   ; |ram|4x32ram:inst2|4x4ram:inst6|memory_cell:inst5|inst   ; regout           ;
; |ram|4x32ram:inst2|4x4ram:inst6|memory_cell:inst5|inst4  ; |ram|4x32ram:inst2|4x4ram:inst6|memory_cell:inst5|inst4  ; out0             ;
; |ram|4x32ram:inst2|4x4ram:inst6|memory_cell:inst7|inst   ; |ram|4x32ram:inst2|4x4ram:inst6|memory_cell:inst7|inst   ; regout           ;
; |ram|4x32ram:inst2|4x4ram:inst6|memory_cell:inst7|inst4  ; |ram|4x32ram:inst2|4x4ram:inst6|memory_cell:inst7|inst4  ; out0             ;
; |ram|4x32ram:inst2|4x4ram:inst6|memory_cell:inst1|inst   ; |ram|4x32ram:inst2|4x4ram:inst6|memory_cell:inst1|inst   ; regout           ;
; |ram|4x32ram:inst2|4x4ram:inst6|memory_cell:inst1|inst4  ; |ram|4x32ram:inst2|4x4ram:inst6|memory_cell:inst1|inst4  ; out0             ;
; |ram|4x32ram:inst2|4x4ram:inst6|memory_cell:inst16|inst  ; |ram|4x32ram:inst2|4x4ram:inst6|memory_cell:inst16|inst  ; regout           ;
; |ram|4x32ram:inst2|4x4ram:inst6|memory_cell:inst16|inst4 ; |ram|4x32ram:inst2|4x4ram:inst6|memory_cell:inst16|inst4 ; out0             ;
; |ram|4x32ram:inst2|4x4ram:inst6|memory_cell:inst14|inst  ; |ram|4x32ram:inst2|4x4ram:inst6|memory_cell:inst14|inst  ; regout           ;
; |ram|4x32ram:inst2|4x4ram:inst6|memory_cell:inst14|inst4 ; |ram|4x32ram:inst2|4x4ram:inst6|memory_cell:inst14|inst4 ; out0             ;
; |ram|4x32ram:inst2|4x4ram:inst6|memory_cell:inst12|inst3 ; |ram|4x32ram:inst2|4x4ram:inst6|memory_cell:inst12|inst3 ; out              ;
; |ram|4x32ram:inst2|4x4ram:inst6|memory_cell:inst12|inst  ; |ram|4x32ram:inst2|4x4ram:inst6|memory_cell:inst12|inst  ; regout           ;
; |ram|4x32ram:inst2|4x4ram:inst6|memory_cell:inst12|inst4 ; |ram|4x32ram:inst2|4x4ram:inst6|memory_cell:inst12|inst4 ; out0             ;
; |ram|4x32ram:inst2|4x4ram:inst6|memory_cell:inst10|inst  ; |ram|4x32ram:inst2|4x4ram:inst6|memory_cell:inst10|inst  ; regout           ;
; |ram|4x32ram:inst2|4x4ram:inst6|memory_cell:inst10|inst4 ; |ram|4x32ram:inst2|4x4ram:inst6|memory_cell:inst10|inst4 ; out0             ;
; |ram|4x32ram:inst2|4x4ram:inst6|memory_cell:inst15|inst  ; |ram|4x32ram:inst2|4x4ram:inst6|memory_cell:inst15|inst  ; regout           ;
; |ram|4x32ram:inst2|4x4ram:inst6|memory_cell:inst15|inst4 ; |ram|4x32ram:inst2|4x4ram:inst6|memory_cell:inst15|inst4 ; out0             ;
; |ram|4x32ram:inst2|4x4ram:inst6|memory_cell:inst13|inst  ; |ram|4x32ram:inst2|4x4ram:inst6|memory_cell:inst13|inst  ; regout           ;
; |ram|4x32ram:inst2|4x4ram:inst6|memory_cell:inst13|inst4 ; |ram|4x32ram:inst2|4x4ram:inst6|memory_cell:inst13|inst4 ; out0             ;
; |ram|4x32ram:inst2|4x4ram:inst6|memory_cell:inst11|inst3 ; |ram|4x32ram:inst2|4x4ram:inst6|memory_cell:inst11|inst3 ; out              ;
; |ram|4x32ram:inst2|4x4ram:inst6|memory_cell:inst11|inst  ; |ram|4x32ram:inst2|4x4ram:inst6|memory_cell:inst11|inst  ; regout           ;
; |ram|4x32ram:inst2|4x4ram:inst6|memory_cell:inst11|inst4 ; |ram|4x32ram:inst2|4x4ram:inst6|memory_cell:inst11|inst4 ; out0             ;
; |ram|4x32ram:inst2|4x4ram:inst6|memory_cell:inst9|inst   ; |ram|4x32ram:inst2|4x4ram:inst6|memory_cell:inst9|inst   ; regout           ;
; |ram|4x32ram:inst2|4x4ram:inst6|memory_cell:inst9|inst4  ; |ram|4x32ram:inst2|4x4ram:inst6|memory_cell:inst9|inst4  ; out0             ;
; |ram|4x32ram:inst2|4x4ram:inst6|memory_cell:inst8|inst   ; |ram|4x32ram:inst2|4x4ram:inst6|memory_cell:inst8|inst   ; regout           ;
; |ram|4x32ram:inst2|4x4ram:inst6|memory_cell:inst8|inst4  ; |ram|4x32ram:inst2|4x4ram:inst6|memory_cell:inst8|inst4  ; out0             ;
; |ram|4x32ram:inst2|4x4ram:inst6|memory_cell:inst6|inst   ; |ram|4x32ram:inst2|4x4ram:inst6|memory_cell:inst6|inst   ; regout           ;
; |ram|4x32ram:inst2|4x4ram:inst6|memory_cell:inst6|inst4  ; |ram|4x32ram:inst2|4x4ram:inst6|memory_cell:inst6|inst4  ; out0             ;
; |ram|4x32ram:inst2|4x4ram:inst6|memory_cell:inst4|inst3  ; |ram|4x32ram:inst2|4x4ram:inst6|memory_cell:inst4|inst3  ; out              ;
; |ram|4x32ram:inst2|4x4ram:inst6|memory_cell:inst4|inst   ; |ram|4x32ram:inst2|4x4ram:inst6|memory_cell:inst4|inst   ; regout           ;
; |ram|4x32ram:inst2|4x4ram:inst6|memory_cell:inst4|inst4  ; |ram|4x32ram:inst2|4x4ram:inst6|memory_cell:inst4|inst4  ; out0             ;
; |ram|4x32ram:inst2|4x4ram:inst6|24decoder:inst|inst3     ; |ram|4x32ram:inst2|4x4ram:inst6|24decoder:inst|inst3     ; out0             ;
; |ram|4x32ram:inst2|4x4ram:inst6|memory_cell:inst2|inst   ; |ram|4x32ram:inst2|4x4ram:inst6|memory_cell:inst2|inst   ; regout           ;
; |ram|4x32ram:inst2|4x4ram:inst6|memory_cell:inst2|inst4  ; |ram|4x32ram:inst2|4x4ram:inst6|memory_cell:inst2|inst4  ; out0             ;
; |ram|4x32ram:inst2|4x4ram:inst5|inst20                   ; |ram|4x32ram:inst2|4x4ram:inst5|inst20                   ; out              ;
; |ram|4x32ram:inst2|4x4ram:inst5|IN~0                     ; |ram|4x32ram:inst2|4x4ram:inst5|IN~0                     ; out0             ;
; |ram|4x32ram:inst2|4x4ram:inst5|inst17                   ; |ram|4x32ram:inst2|4x4ram:inst5|inst17                   ; out0             ;
; |ram|4x32ram:inst2|4x4ram:inst5|inst18                   ; |ram|4x32ram:inst2|4x4ram:inst5|inst18                   ; out0             ;
; |ram|4x32ram:inst2|4x4ram:inst5|inst21                   ; |ram|4x32ram:inst2|4x4ram:inst5|inst21                   ; out              ;
; |ram|4x32ram:inst2|4x4ram:inst5|IN~1                     ; |ram|4x32ram:inst2|4x4ram:inst5|IN~1                     ; out0             ;
; |ram|4x32ram:inst2|4x4ram:inst5|inst22                   ; |ram|4x32ram:inst2|4x4ram:inst5|inst22                   ; out              ;
; |ram|4x32ram:inst2|4x4ram:inst5|IN~2                     ; |ram|4x32ram:inst2|4x4ram:inst5|IN~2                     ; out0             ;
; |ram|4x32ram:inst2|4x4ram:inst5|inst19                   ; |ram|4x32ram:inst2|4x4ram:inst5|inst19                   ; out              ;
; |ram|4x32ram:inst2|4x4ram:inst5|IN~3                     ; |ram|4x32ram:inst2|4x4ram:inst5|IN~3                     ; out0             ;
; |ram|4x32ram:inst2|4x4ram:inst5|memory_cell:inst3|inst3  ; |ram|4x32ram:inst2|4x4ram:inst5|memory_cell:inst3|inst3  ; out              ;
; |ram|4x32ram:inst2|4x4ram:inst5|memory_cell:inst3|inst   ; |ram|4x32ram:inst2|4x4ram:inst5|memory_cell:inst3|inst   ; regout           ;
; |ram|4x32ram:inst2|4x4ram:inst5|memory_cell:inst3|inst4  ; |ram|4x32ram:inst2|4x4ram:inst5|memory_cell:inst3|inst4  ; out0             ;
; |ram|4x32ram:inst2|4x4ram:inst5|memory_cell:inst5|inst   ; |ram|4x32ram:inst2|4x4ram:inst5|memory_cell:inst5|inst   ; regout           ;
; |ram|4x32ram:inst2|4x4ram:inst5|memory_cell:inst5|inst4  ; |ram|4x32ram:inst2|4x4ram:inst5|memory_cell:inst5|inst4  ; out0             ;
; |ram|4x32ram:inst2|4x4ram:inst5|memory_cell:inst7|inst   ; |ram|4x32ram:inst2|4x4ram:inst5|memory_cell:inst7|inst   ; regout           ;
; |ram|4x32ram:inst2|4x4ram:inst5|memory_cell:inst7|inst4  ; |ram|4x32ram:inst2|4x4ram:inst5|memory_cell:inst7|inst4  ; out0             ;
; |ram|4x32ram:inst2|4x4ram:inst5|memory_cell:inst1|inst   ; |ram|4x32ram:inst2|4x4ram:inst5|memory_cell:inst1|inst   ; regout           ;
; |ram|4x32ram:inst2|4x4ram:inst5|memory_cell:inst1|inst4  ; |ram|4x32ram:inst2|4x4ram:inst5|memory_cell:inst1|inst4  ; out0             ;
; |ram|4x32ram:inst2|4x4ram:inst5|memory_cell:inst16|inst  ; |ram|4x32ram:inst2|4x4ram:inst5|memory_cell:inst16|inst  ; regout           ;
; |ram|4x32ram:inst2|4x4ram:inst5|memory_cell:inst16|inst4 ; |ram|4x32ram:inst2|4x4ram:inst5|memory_cell:inst16|inst4 ; out0             ;
; |ram|4x32ram:inst2|4x4ram:inst5|memory_cell:inst14|inst  ; |ram|4x32ram:inst2|4x4ram:inst5|memory_cell:inst14|inst  ; regout           ;
; |ram|4x32ram:inst2|4x4ram:inst5|memory_cell:inst14|inst4 ; |ram|4x32ram:inst2|4x4ram:inst5|memory_cell:inst14|inst4 ; out0             ;
; |ram|4x32ram:inst2|4x4ram:inst5|memory_cell:inst12|inst3 ; |ram|4x32ram:inst2|4x4ram:inst5|memory_cell:inst12|inst3 ; out              ;
; |ram|4x32ram:inst2|4x4ram:inst5|memory_cell:inst12|inst  ; |ram|4x32ram:inst2|4x4ram:inst5|memory_cell:inst12|inst  ; regout           ;
; |ram|4x32ram:inst2|4x4ram:inst5|memory_cell:inst12|inst4 ; |ram|4x32ram:inst2|4x4ram:inst5|memory_cell:inst12|inst4 ; out0             ;
; |ram|4x32ram:inst2|4x4ram:inst5|memory_cell:inst10|inst  ; |ram|4x32ram:inst2|4x4ram:inst5|memory_cell:inst10|inst  ; regout           ;
; |ram|4x32ram:inst2|4x4ram:inst5|memory_cell:inst10|inst4 ; |ram|4x32ram:inst2|4x4ram:inst5|memory_cell:inst10|inst4 ; out0             ;
; |ram|4x32ram:inst2|4x4ram:inst5|memory_cell:inst15|inst  ; |ram|4x32ram:inst2|4x4ram:inst5|memory_cell:inst15|inst  ; regout           ;
; |ram|4x32ram:inst2|4x4ram:inst5|memory_cell:inst15|inst4 ; |ram|4x32ram:inst2|4x4ram:inst5|memory_cell:inst15|inst4 ; out0             ;
; |ram|4x32ram:inst2|4x4ram:inst5|memory_cell:inst13|inst  ; |ram|4x32ram:inst2|4x4ram:inst5|memory_cell:inst13|inst  ; regout           ;
; |ram|4x32ram:inst2|4x4ram:inst5|memory_cell:inst13|inst4 ; |ram|4x32ram:inst2|4x4ram:inst5|memory_cell:inst13|inst4 ; out0             ;
; |ram|4x32ram:inst2|4x4ram:inst5|memory_cell:inst11|inst3 ; |ram|4x32ram:inst2|4x4ram:inst5|memory_cell:inst11|inst3 ; out              ;
; |ram|4x32ram:inst2|4x4ram:inst5|memory_cell:inst11|inst  ; |ram|4x32ram:inst2|4x4ram:inst5|memory_cell:inst11|inst  ; regout           ;
; |ram|4x32ram:inst2|4x4ram:inst5|memory_cell:inst11|inst4 ; |ram|4x32ram:inst2|4x4ram:inst5|memory_cell:inst11|inst4 ; out0             ;
; |ram|4x32ram:inst2|4x4ram:inst5|memory_cell:inst9|inst   ; |ram|4x32ram:inst2|4x4ram:inst5|memory_cell:inst9|inst   ; regout           ;
; |ram|4x32ram:inst2|4x4ram:inst5|memory_cell:inst9|inst4  ; |ram|4x32ram:inst2|4x4ram:inst5|memory_cell:inst9|inst4  ; out0             ;
; |ram|4x32ram:inst2|4x4ram:inst5|memory_cell:inst8|inst   ; |ram|4x32ram:inst2|4x4ram:inst5|memory_cell:inst8|inst   ; regout           ;
; |ram|4x32ram:inst2|4x4ram:inst5|memory_cell:inst8|inst4  ; |ram|4x32ram:inst2|4x4ram:inst5|memory_cell:inst8|inst4  ; out0             ;
; |ram|4x32ram:inst2|4x4ram:inst5|memory_cell:inst6|inst   ; |ram|4x32ram:inst2|4x4ram:inst5|memory_cell:inst6|inst   ; regout           ;
; |ram|4x32ram:inst2|4x4ram:inst5|memory_cell:inst6|inst4  ; |ram|4x32ram:inst2|4x4ram:inst5|memory_cell:inst6|inst4  ; out0             ;
; |ram|4x32ram:inst2|4x4ram:inst5|memory_cell:inst4|inst3  ; |ram|4x32ram:inst2|4x4ram:inst5|memory_cell:inst4|inst3  ; out              ;
; |ram|4x32ram:inst2|4x4ram:inst5|memory_cell:inst4|inst   ; |ram|4x32ram:inst2|4x4ram:inst5|memory_cell:inst4|inst   ; regout           ;
; |ram|4x32ram:inst2|4x4ram:inst5|memory_cell:inst4|inst4  ; |ram|4x32ram:inst2|4x4ram:inst5|memory_cell:inst4|inst4  ; out0             ;
; |ram|4x32ram:inst2|4x4ram:inst5|24decoder:inst|inst3     ; |ram|4x32ram:inst2|4x4ram:inst5|24decoder:inst|inst3     ; out0             ;
; |ram|4x32ram:inst2|4x4ram:inst5|memory_cell:inst2|inst   ; |ram|4x32ram:inst2|4x4ram:inst5|memory_cell:inst2|inst   ; regout           ;
; |ram|4x32ram:inst2|4x4ram:inst5|memory_cell:inst2|inst4  ; |ram|4x32ram:inst2|4x4ram:inst5|memory_cell:inst2|inst4  ; out0             ;
; |ram|4x32ram:inst2|4x4ram:inst4|inst20                   ; |ram|4x32ram:inst2|4x4ram:inst4|inst20                   ; out              ;
; |ram|4x32ram:inst2|4x4ram:inst4|IN~0                     ; |ram|4x32ram:inst2|4x4ram:inst4|IN~0                     ; out0             ;
; |ram|4x32ram:inst2|4x4ram:inst4|inst17                   ; |ram|4x32ram:inst2|4x4ram:inst4|inst17                   ; out0             ;
; |ram|4x32ram:inst2|4x4ram:inst4|inst18                   ; |ram|4x32ram:inst2|4x4ram:inst4|inst18                   ; out0             ;
; |ram|4x32ram:inst2|4x4ram:inst4|inst21                   ; |ram|4x32ram:inst2|4x4ram:inst4|inst21                   ; out              ;
; |ram|4x32ram:inst2|4x4ram:inst4|IN~1                     ; |ram|4x32ram:inst2|4x4ram:inst4|IN~1                     ; out0             ;
; |ram|4x32ram:inst2|4x4ram:inst4|inst22                   ; |ram|4x32ram:inst2|4x4ram:inst4|inst22                   ; out              ;
; |ram|4x32ram:inst2|4x4ram:inst4|IN~2                     ; |ram|4x32ram:inst2|4x4ram:inst4|IN~2                     ; out0             ;
; |ram|4x32ram:inst2|4x4ram:inst4|inst19                   ; |ram|4x32ram:inst2|4x4ram:inst4|inst19                   ; out              ;
; |ram|4x32ram:inst2|4x4ram:inst4|IN~3                     ; |ram|4x32ram:inst2|4x4ram:inst4|IN~3                     ; out0             ;
; |ram|4x32ram:inst2|4x4ram:inst4|memory_cell:inst3|inst3  ; |ram|4x32ram:inst2|4x4ram:inst4|memory_cell:inst3|inst3  ; out              ;
; |ram|4x32ram:inst2|4x4ram:inst4|memory_cell:inst3|inst   ; |ram|4x32ram:inst2|4x4ram:inst4|memory_cell:inst3|inst   ; regout           ;
; |ram|4x32ram:inst2|4x4ram:inst4|memory_cell:inst3|inst4  ; |ram|4x32ram:inst2|4x4ram:inst4|memory_cell:inst3|inst4  ; out0             ;
; |ram|4x32ram:inst2|4x4ram:inst4|memory_cell:inst5|inst   ; |ram|4x32ram:inst2|4x4ram:inst4|memory_cell:inst5|inst   ; regout           ;
; |ram|4x32ram:inst2|4x4ram:inst4|memory_cell:inst5|inst4  ; |ram|4x32ram:inst2|4x4ram:inst4|memory_cell:inst5|inst4  ; out0             ;
; |ram|4x32ram:inst2|4x4ram:inst4|memory_cell:inst7|inst   ; |ram|4x32ram:inst2|4x4ram:inst4|memory_cell:inst7|inst   ; regout           ;
; |ram|4x32ram:inst2|4x4ram:inst4|memory_cell:inst7|inst4  ; |ram|4x32ram:inst2|4x4ram:inst4|memory_cell:inst7|inst4  ; out0             ;
; |ram|4x32ram:inst2|4x4ram:inst4|memory_cell:inst1|inst   ; |ram|4x32ram:inst2|4x4ram:inst4|memory_cell:inst1|inst   ; regout           ;
; |ram|4x32ram:inst2|4x4ram:inst4|memory_cell:inst1|inst4  ; |ram|4x32ram:inst2|4x4ram:inst4|memory_cell:inst1|inst4  ; out0             ;
; |ram|4x32ram:inst2|4x4ram:inst4|memory_cell:inst16|inst  ; |ram|4x32ram:inst2|4x4ram:inst4|memory_cell:inst16|inst  ; regout           ;
; |ram|4x32ram:inst2|4x4ram:inst4|memory_cell:inst16|inst4 ; |ram|4x32ram:inst2|4x4ram:inst4|memory_cell:inst16|inst4 ; out0             ;
; |ram|4x32ram:inst2|4x4ram:inst4|memory_cell:inst14|inst  ; |ram|4x32ram:inst2|4x4ram:inst4|memory_cell:inst14|inst  ; regout           ;
; |ram|4x32ram:inst2|4x4ram:inst4|memory_cell:inst14|inst4 ; |ram|4x32ram:inst2|4x4ram:inst4|memory_cell:inst14|inst4 ; out0             ;
; |ram|4x32ram:inst2|4x4ram:inst4|memory_cell:inst12|inst3 ; |ram|4x32ram:inst2|4x4ram:inst4|memory_cell:inst12|inst3 ; out              ;
; |ram|4x32ram:inst2|4x4ram:inst4|memory_cell:inst12|inst  ; |ram|4x32ram:inst2|4x4ram:inst4|memory_cell:inst12|inst  ; regout           ;
; |ram|4x32ram:inst2|4x4ram:inst4|memory_cell:inst12|inst4 ; |ram|4x32ram:inst2|4x4ram:inst4|memory_cell:inst12|inst4 ; out0             ;
; |ram|4x32ram:inst2|4x4ram:inst4|memory_cell:inst10|inst  ; |ram|4x32ram:inst2|4x4ram:inst4|memory_cell:inst10|inst  ; regout           ;
; |ram|4x32ram:inst2|4x4ram:inst4|memory_cell:inst10|inst4 ; |ram|4x32ram:inst2|4x4ram:inst4|memory_cell:inst10|inst4 ; out0             ;
; |ram|4x32ram:inst2|4x4ram:inst4|memory_cell:inst15|inst  ; |ram|4x32ram:inst2|4x4ram:inst4|memory_cell:inst15|inst  ; regout           ;
; |ram|4x32ram:inst2|4x4ram:inst4|memory_cell:inst15|inst4 ; |ram|4x32ram:inst2|4x4ram:inst4|memory_cell:inst15|inst4 ; out0             ;
; |ram|4x32ram:inst2|4x4ram:inst4|memory_cell:inst13|inst  ; |ram|4x32ram:inst2|4x4ram:inst4|memory_cell:inst13|inst  ; regout           ;
; |ram|4x32ram:inst2|4x4ram:inst4|memory_cell:inst13|inst4 ; |ram|4x32ram:inst2|4x4ram:inst4|memory_cell:inst13|inst4 ; out0             ;
; |ram|4x32ram:inst2|4x4ram:inst4|memory_cell:inst11|inst3 ; |ram|4x32ram:inst2|4x4ram:inst4|memory_cell:inst11|inst3 ; out              ;
; |ram|4x32ram:inst2|4x4ram:inst4|memory_cell:inst11|inst  ; |ram|4x32ram:inst2|4x4ram:inst4|memory_cell:inst11|inst  ; regout           ;
; |ram|4x32ram:inst2|4x4ram:inst4|memory_cell:inst11|inst4 ; |ram|4x32ram:inst2|4x4ram:inst4|memory_cell:inst11|inst4 ; out0             ;
; |ram|4x32ram:inst2|4x4ram:inst4|memory_cell:inst9|inst   ; |ram|4x32ram:inst2|4x4ram:inst4|memory_cell:inst9|inst   ; regout           ;
; |ram|4x32ram:inst2|4x4ram:inst4|memory_cell:inst9|inst4  ; |ram|4x32ram:inst2|4x4ram:inst4|memory_cell:inst9|inst4  ; out0             ;
; |ram|4x32ram:inst2|4x4ram:inst4|memory_cell:inst8|inst   ; |ram|4x32ram:inst2|4x4ram:inst4|memory_cell:inst8|inst   ; regout           ;
; |ram|4x32ram:inst2|4x4ram:inst4|memory_cell:inst8|inst4  ; |ram|4x32ram:inst2|4x4ram:inst4|memory_cell:inst8|inst4  ; out0             ;
; |ram|4x32ram:inst2|4x4ram:inst4|memory_cell:inst6|inst   ; |ram|4x32ram:inst2|4x4ram:inst4|memory_cell:inst6|inst   ; regout           ;
; |ram|4x32ram:inst2|4x4ram:inst4|memory_cell:inst6|inst4  ; |ram|4x32ram:inst2|4x4ram:inst4|memory_cell:inst6|inst4  ; out0             ;
; |ram|4x32ram:inst2|4x4ram:inst4|memory_cell:inst4|inst3  ; |ram|4x32ram:inst2|4x4ram:inst4|memory_cell:inst4|inst3  ; out              ;
; |ram|4x32ram:inst2|4x4ram:inst4|memory_cell:inst4|inst   ; |ram|4x32ram:inst2|4x4ram:inst4|memory_cell:inst4|inst   ; regout           ;
; |ram|4x32ram:inst2|4x4ram:inst4|memory_cell:inst4|inst4  ; |ram|4x32ram:inst2|4x4ram:inst4|memory_cell:inst4|inst4  ; out0             ;
; |ram|4x32ram:inst2|4x4ram:inst4|24decoder:inst|inst3     ; |ram|4x32ram:inst2|4x4ram:inst4|24decoder:inst|inst3     ; out0             ;
; |ram|4x32ram:inst2|4x4ram:inst4|memory_cell:inst2|inst   ; |ram|4x32ram:inst2|4x4ram:inst4|memory_cell:inst2|inst   ; regout           ;
; |ram|4x32ram:inst2|4x4ram:inst4|memory_cell:inst2|inst4  ; |ram|4x32ram:inst2|4x4ram:inst4|memory_cell:inst2|inst4  ; out0             ;
; |ram|4x32ram:inst2|4x4ram:inst3|inst20                   ; |ram|4x32ram:inst2|4x4ram:inst3|inst20                   ; out              ;
; |ram|4x32ram:inst2|4x4ram:inst3|IN~0                     ; |ram|4x32ram:inst2|4x4ram:inst3|IN~0                     ; out0             ;
; |ram|4x32ram:inst2|4x4ram:inst3|inst17                   ; |ram|4x32ram:inst2|4x4ram:inst3|inst17                   ; out0             ;
; |ram|4x32ram:inst2|4x4ram:inst3|inst18                   ; |ram|4x32ram:inst2|4x4ram:inst3|inst18                   ; out0             ;
; |ram|4x32ram:inst2|4x4ram:inst3|inst21                   ; |ram|4x32ram:inst2|4x4ram:inst3|inst21                   ; out              ;
; |ram|4x32ram:inst2|4x4ram:inst3|IN~1                     ; |ram|4x32ram:inst2|4x4ram:inst3|IN~1                     ; out0             ;
; |ram|4x32ram:inst2|4x4ram:inst3|inst22                   ; |ram|4x32ram:inst2|4x4ram:inst3|inst22                   ; out              ;
; |ram|4x32ram:inst2|4x4ram:inst3|IN~2                     ; |ram|4x32ram:inst2|4x4ram:inst3|IN~2                     ; out0             ;
; |ram|4x32ram:inst2|4x4ram:inst3|inst19                   ; |ram|4x32ram:inst2|4x4ram:inst3|inst19                   ; out              ;
; |ram|4x32ram:inst2|4x4ram:inst3|IN~3                     ; |ram|4x32ram:inst2|4x4ram:inst3|IN~3                     ; out0             ;
; |ram|4x32ram:inst2|4x4ram:inst3|memory_cell:inst3|inst3  ; |ram|4x32ram:inst2|4x4ram:inst3|memory_cell:inst3|inst3  ; out              ;
; |ram|4x32ram:inst2|4x4ram:inst3|memory_cell:inst3|inst   ; |ram|4x32ram:inst2|4x4ram:inst3|memory_cell:inst3|inst   ; regout           ;
; |ram|4x32ram:inst2|4x4ram:inst3|memory_cell:inst3|inst4  ; |ram|4x32ram:inst2|4x4ram:inst3|memory_cell:inst3|inst4  ; out0             ;
; |ram|4x32ram:inst2|4x4ram:inst3|memory_cell:inst5|inst   ; |ram|4x32ram:inst2|4x4ram:inst3|memory_cell:inst5|inst   ; regout           ;
; |ram|4x32ram:inst2|4x4ram:inst3|memory_cell:inst5|inst4  ; |ram|4x32ram:inst2|4x4ram:inst3|memory_cell:inst5|inst4  ; out0             ;
; |ram|4x32ram:inst2|4x4ram:inst3|memory_cell:inst7|inst   ; |ram|4x32ram:inst2|4x4ram:inst3|memory_cell:inst7|inst   ; regout           ;
; |ram|4x32ram:inst2|4x4ram:inst3|memory_cell:inst7|inst4  ; |ram|4x32ram:inst2|4x4ram:inst3|memory_cell:inst7|inst4  ; out0             ;
; |ram|4x32ram:inst2|4x4ram:inst3|memory_cell:inst1|inst   ; |ram|4x32ram:inst2|4x4ram:inst3|memory_cell:inst1|inst   ; regout           ;
; |ram|4x32ram:inst2|4x4ram:inst3|memory_cell:inst1|inst4  ; |ram|4x32ram:inst2|4x4ram:inst3|memory_cell:inst1|inst4  ; out0             ;
; |ram|4x32ram:inst2|4x4ram:inst3|memory_cell:inst16|inst  ; |ram|4x32ram:inst2|4x4ram:inst3|memory_cell:inst16|inst  ; regout           ;
; |ram|4x32ram:inst2|4x4ram:inst3|memory_cell:inst16|inst4 ; |ram|4x32ram:inst2|4x4ram:inst3|memory_cell:inst16|inst4 ; out0             ;
; |ram|4x32ram:inst2|4x4ram:inst3|memory_cell:inst14|inst  ; |ram|4x32ram:inst2|4x4ram:inst3|memory_cell:inst14|inst  ; regout           ;
; |ram|4x32ram:inst2|4x4ram:inst3|memory_cell:inst14|inst4 ; |ram|4x32ram:inst2|4x4ram:inst3|memory_cell:inst14|inst4 ; out0             ;
; |ram|4x32ram:inst2|4x4ram:inst3|memory_cell:inst12|inst3 ; |ram|4x32ram:inst2|4x4ram:inst3|memory_cell:inst12|inst3 ; out              ;
; |ram|4x32ram:inst2|4x4ram:inst3|memory_cell:inst12|inst  ; |ram|4x32ram:inst2|4x4ram:inst3|memory_cell:inst12|inst  ; regout           ;
; |ram|4x32ram:inst2|4x4ram:inst3|memory_cell:inst12|inst4 ; |ram|4x32ram:inst2|4x4ram:inst3|memory_cell:inst12|inst4 ; out0             ;
; |ram|4x32ram:inst2|4x4ram:inst3|memory_cell:inst10|inst  ; |ram|4x32ram:inst2|4x4ram:inst3|memory_cell:inst10|inst  ; regout           ;
; |ram|4x32ram:inst2|4x4ram:inst3|memory_cell:inst10|inst4 ; |ram|4x32ram:inst2|4x4ram:inst3|memory_cell:inst10|inst4 ; out0             ;
; |ram|4x32ram:inst2|4x4ram:inst3|memory_cell:inst15|inst  ; |ram|4x32ram:inst2|4x4ram:inst3|memory_cell:inst15|inst  ; regout           ;
; |ram|4x32ram:inst2|4x4ram:inst3|memory_cell:inst15|inst4 ; |ram|4x32ram:inst2|4x4ram:inst3|memory_cell:inst15|inst4 ; out0             ;
; |ram|4x32ram:inst2|4x4ram:inst3|memory_cell:inst13|inst  ; |ram|4x32ram:inst2|4x4ram:inst3|memory_cell:inst13|inst  ; regout           ;
; |ram|4x32ram:inst2|4x4ram:inst3|memory_cell:inst13|inst4 ; |ram|4x32ram:inst2|4x4ram:inst3|memory_cell:inst13|inst4 ; out0             ;
; |ram|4x32ram:inst2|4x4ram:inst3|memory_cell:inst11|inst3 ; |ram|4x32ram:inst2|4x4ram:inst3|memory_cell:inst11|inst3 ; out              ;
; |ram|4x32ram:inst2|4x4ram:inst3|memory_cell:inst11|inst  ; |ram|4x32ram:inst2|4x4ram:inst3|memory_cell:inst11|inst  ; regout           ;
; |ram|4x32ram:inst2|4x4ram:inst3|memory_cell:inst11|inst4 ; |ram|4x32ram:inst2|4x4ram:inst3|memory_cell:inst11|inst4 ; out0             ;
; |ram|4x32ram:inst2|4x4ram:inst3|memory_cell:inst9|inst   ; |ram|4x32ram:inst2|4x4ram:inst3|memory_cell:inst9|inst   ; regout           ;
; |ram|4x32ram:inst2|4x4ram:inst3|memory_cell:inst9|inst4  ; |ram|4x32ram:inst2|4x4ram:inst3|memory_cell:inst9|inst4  ; out0             ;
; |ram|4x32ram:inst2|4x4ram:inst3|memory_cell:inst8|inst   ; |ram|4x32ram:inst2|4x4ram:inst3|memory_cell:inst8|inst   ; regout           ;
; |ram|4x32ram:inst2|4x4ram:inst3|memory_cell:inst8|inst4  ; |ram|4x32ram:inst2|4x4ram:inst3|memory_cell:inst8|inst4  ; out0             ;
; |ram|4x32ram:inst2|4x4ram:inst3|memory_cell:inst6|inst   ; |ram|4x32ram:inst2|4x4ram:inst3|memory_cell:inst6|inst   ; regout           ;
; |ram|4x32ram:inst2|4x4ram:inst3|memory_cell:inst6|inst4  ; |ram|4x32ram:inst2|4x4ram:inst3|memory_cell:inst6|inst4  ; out0             ;
; |ram|4x32ram:inst2|4x4ram:inst3|memory_cell:inst4|inst3  ; |ram|4x32ram:inst2|4x4ram:inst3|memory_cell:inst4|inst3  ; out              ;
; |ram|4x32ram:inst2|4x4ram:inst3|memory_cell:inst4|inst   ; |ram|4x32ram:inst2|4x4ram:inst3|memory_cell:inst4|inst   ; regout           ;
; |ram|4x32ram:inst2|4x4ram:inst3|memory_cell:inst4|inst4  ; |ram|4x32ram:inst2|4x4ram:inst3|memory_cell:inst4|inst4  ; out0             ;
; |ram|4x32ram:inst2|4x4ram:inst3|24decoder:inst|inst3     ; |ram|4x32ram:inst2|4x4ram:inst3|24decoder:inst|inst3     ; out0             ;
; |ram|4x32ram:inst2|4x4ram:inst3|memory_cell:inst2|inst   ; |ram|4x32ram:inst2|4x4ram:inst3|memory_cell:inst2|inst   ; regout           ;
; |ram|4x32ram:inst2|4x4ram:inst3|memory_cell:inst2|inst4  ; |ram|4x32ram:inst2|4x4ram:inst3|memory_cell:inst2|inst4  ; out0             ;
; |ram|4x32ram:inst2|4x4ram:inst1|inst20                   ; |ram|4x32ram:inst2|4x4ram:inst1|inst20                   ; out              ;
; |ram|4x32ram:inst2|4x4ram:inst1|IN~0                     ; |ram|4x32ram:inst2|4x4ram:inst1|IN~0                     ; out0             ;
; |ram|4x32ram:inst2|4x4ram:inst1|inst17                   ; |ram|4x32ram:inst2|4x4ram:inst1|inst17                   ; out0             ;
; |ram|4x32ram:inst2|4x4ram:inst1|inst18                   ; |ram|4x32ram:inst2|4x4ram:inst1|inst18                   ; out0             ;
; |ram|4x32ram:inst2|4x4ram:inst1|inst21                   ; |ram|4x32ram:inst2|4x4ram:inst1|inst21                   ; out              ;
; |ram|4x32ram:inst2|4x4ram:inst1|IN~1                     ; |ram|4x32ram:inst2|4x4ram:inst1|IN~1                     ; out0             ;
; |ram|4x32ram:inst2|4x4ram:inst1|inst22                   ; |ram|4x32ram:inst2|4x4ram:inst1|inst22                   ; out              ;
; |ram|4x32ram:inst2|4x4ram:inst1|IN~2                     ; |ram|4x32ram:inst2|4x4ram:inst1|IN~2                     ; out0             ;
; |ram|4x32ram:inst2|4x4ram:inst1|inst19                   ; |ram|4x32ram:inst2|4x4ram:inst1|inst19                   ; out              ;
; |ram|4x32ram:inst2|4x4ram:inst1|IN~3                     ; |ram|4x32ram:inst2|4x4ram:inst1|IN~3                     ; out0             ;
; |ram|4x32ram:inst2|4x4ram:inst1|memory_cell:inst3|inst3  ; |ram|4x32ram:inst2|4x4ram:inst1|memory_cell:inst3|inst3  ; out              ;
; |ram|4x32ram:inst2|4x4ram:inst1|memory_cell:inst3|inst   ; |ram|4x32ram:inst2|4x4ram:inst1|memory_cell:inst3|inst   ; regout           ;
; |ram|4x32ram:inst2|4x4ram:inst1|memory_cell:inst3|inst4  ; |ram|4x32ram:inst2|4x4ram:inst1|memory_cell:inst3|inst4  ; out0             ;
; |ram|4x32ram:inst2|4x4ram:inst1|memory_cell:inst5|inst   ; |ram|4x32ram:inst2|4x4ram:inst1|memory_cell:inst5|inst   ; regout           ;
; |ram|4x32ram:inst2|4x4ram:inst1|memory_cell:inst5|inst4  ; |ram|4x32ram:inst2|4x4ram:inst1|memory_cell:inst5|inst4  ; out0             ;
; |ram|4x32ram:inst2|4x4ram:inst1|memory_cell:inst7|inst   ; |ram|4x32ram:inst2|4x4ram:inst1|memory_cell:inst7|inst   ; regout           ;
; |ram|4x32ram:inst2|4x4ram:inst1|memory_cell:inst7|inst4  ; |ram|4x32ram:inst2|4x4ram:inst1|memory_cell:inst7|inst4  ; out0             ;
; |ram|4x32ram:inst2|4x4ram:inst1|memory_cell:inst1|inst   ; |ram|4x32ram:inst2|4x4ram:inst1|memory_cell:inst1|inst   ; regout           ;
; |ram|4x32ram:inst2|4x4ram:inst1|memory_cell:inst1|inst4  ; |ram|4x32ram:inst2|4x4ram:inst1|memory_cell:inst1|inst4  ; out0             ;
; |ram|4x32ram:inst2|4x4ram:inst1|memory_cell:inst16|inst  ; |ram|4x32ram:inst2|4x4ram:inst1|memory_cell:inst16|inst  ; regout           ;
; |ram|4x32ram:inst2|4x4ram:inst1|memory_cell:inst16|inst4 ; |ram|4x32ram:inst2|4x4ram:inst1|memory_cell:inst16|inst4 ; out0             ;
; |ram|4x32ram:inst2|4x4ram:inst1|memory_cell:inst14|inst  ; |ram|4x32ram:inst2|4x4ram:inst1|memory_cell:inst14|inst  ; regout           ;
; |ram|4x32ram:inst2|4x4ram:inst1|memory_cell:inst14|inst4 ; |ram|4x32ram:inst2|4x4ram:inst1|memory_cell:inst14|inst4 ; out0             ;
; |ram|4x32ram:inst2|4x4ram:inst1|memory_cell:inst12|inst3 ; |ram|4x32ram:inst2|4x4ram:inst1|memory_cell:inst12|inst3 ; out              ;
; |ram|4x32ram:inst2|4x4ram:inst1|memory_cell:inst12|inst  ; |ram|4x32ram:inst2|4x4ram:inst1|memory_cell:inst12|inst  ; regout           ;
; |ram|4x32ram:inst2|4x4ram:inst1|memory_cell:inst12|inst4 ; |ram|4x32ram:inst2|4x4ram:inst1|memory_cell:inst12|inst4 ; out0             ;
; |ram|4x32ram:inst2|4x4ram:inst1|memory_cell:inst10|inst  ; |ram|4x32ram:inst2|4x4ram:inst1|memory_cell:inst10|inst  ; regout           ;
; |ram|4x32ram:inst2|4x4ram:inst1|memory_cell:inst10|inst4 ; |ram|4x32ram:inst2|4x4ram:inst1|memory_cell:inst10|inst4 ; out0             ;
; |ram|4x32ram:inst2|4x4ram:inst1|memory_cell:inst15|inst  ; |ram|4x32ram:inst2|4x4ram:inst1|memory_cell:inst15|inst  ; regout           ;
; |ram|4x32ram:inst2|4x4ram:inst1|memory_cell:inst15|inst4 ; |ram|4x32ram:inst2|4x4ram:inst1|memory_cell:inst15|inst4 ; out0             ;
; |ram|4x32ram:inst2|4x4ram:inst1|memory_cell:inst13|inst  ; |ram|4x32ram:inst2|4x4ram:inst1|memory_cell:inst13|inst  ; regout           ;
; |ram|4x32ram:inst2|4x4ram:inst1|memory_cell:inst13|inst4 ; |ram|4x32ram:inst2|4x4ram:inst1|memory_cell:inst13|inst4 ; out0             ;
; |ram|4x32ram:inst2|4x4ram:inst1|memory_cell:inst11|inst3 ; |ram|4x32ram:inst2|4x4ram:inst1|memory_cell:inst11|inst3 ; out              ;
; |ram|4x32ram:inst2|4x4ram:inst1|memory_cell:inst11|inst  ; |ram|4x32ram:inst2|4x4ram:inst1|memory_cell:inst11|inst  ; regout           ;
; |ram|4x32ram:inst2|4x4ram:inst1|memory_cell:inst11|inst4 ; |ram|4x32ram:inst2|4x4ram:inst1|memory_cell:inst11|inst4 ; out0             ;
; |ram|4x32ram:inst2|4x4ram:inst1|memory_cell:inst9|inst   ; |ram|4x32ram:inst2|4x4ram:inst1|memory_cell:inst9|inst   ; regout           ;
; |ram|4x32ram:inst2|4x4ram:inst1|memory_cell:inst9|inst4  ; |ram|4x32ram:inst2|4x4ram:inst1|memory_cell:inst9|inst4  ; out0             ;
; |ram|4x32ram:inst2|4x4ram:inst1|memory_cell:inst8|inst   ; |ram|4x32ram:inst2|4x4ram:inst1|memory_cell:inst8|inst   ; regout           ;
; |ram|4x32ram:inst2|4x4ram:inst1|memory_cell:inst8|inst4  ; |ram|4x32ram:inst2|4x4ram:inst1|memory_cell:inst8|inst4  ; out0             ;
; |ram|4x32ram:inst2|4x4ram:inst1|memory_cell:inst6|inst   ; |ram|4x32ram:inst2|4x4ram:inst1|memory_cell:inst6|inst   ; regout           ;
; |ram|4x32ram:inst2|4x4ram:inst1|memory_cell:inst6|inst4  ; |ram|4x32ram:inst2|4x4ram:inst1|memory_cell:inst6|inst4  ; out0             ;
; |ram|4x32ram:inst2|4x4ram:inst1|memory_cell:inst4|inst3  ; |ram|4x32ram:inst2|4x4ram:inst1|memory_cell:inst4|inst3  ; out              ;
; |ram|4x32ram:inst2|4x4ram:inst1|memory_cell:inst4|inst   ; |ram|4x32ram:inst2|4x4ram:inst1|memory_cell:inst4|inst   ; regout           ;
; |ram|4x32ram:inst2|4x4ram:inst1|memory_cell:inst4|inst4  ; |ram|4x32ram:inst2|4x4ram:inst1|memory_cell:inst4|inst4  ; out0             ;
; |ram|4x32ram:inst2|4x4ram:inst1|24decoder:inst|inst3     ; |ram|4x32ram:inst2|4x4ram:inst1|24decoder:inst|inst3     ; out0             ;
; |ram|4x32ram:inst2|4x4ram:inst1|memory_cell:inst2|inst   ; |ram|4x32ram:inst2|4x4ram:inst1|memory_cell:inst2|inst   ; regout           ;
; |ram|4x32ram:inst2|4x4ram:inst1|memory_cell:inst2|inst4  ; |ram|4x32ram:inst2|4x4ram:inst1|memory_cell:inst2|inst4  ; out0             ;
; |ram|4x32ram:inst2|4x4ram:inst|inst20                    ; |ram|4x32ram:inst2|4x4ram:inst|inst20                    ; out              ;
; |ram|4x32ram:inst2|4x4ram:inst|IN~0                      ; |ram|4x32ram:inst2|4x4ram:inst|IN~0                      ; out0             ;
; |ram|4x32ram:inst2|4x4ram:inst|inst17                    ; |ram|4x32ram:inst2|4x4ram:inst|inst17                    ; out0             ;
; |ram|4x32ram:inst2|4x4ram:inst|inst18                    ; |ram|4x32ram:inst2|4x4ram:inst|inst18                    ; out0             ;
; |ram|4x32ram:inst2|4x4ram:inst|inst21                    ; |ram|4x32ram:inst2|4x4ram:inst|inst21                    ; out              ;
; |ram|4x32ram:inst2|4x4ram:inst|IN~1                      ; |ram|4x32ram:inst2|4x4ram:inst|IN~1                      ; out0             ;
; |ram|4x32ram:inst2|4x4ram:inst|inst22                    ; |ram|4x32ram:inst2|4x4ram:inst|inst22                    ; out              ;
; |ram|4x32ram:inst2|4x4ram:inst|IN~2                      ; |ram|4x32ram:inst2|4x4ram:inst|IN~2                      ; out0             ;
; |ram|4x32ram:inst2|4x4ram:inst|inst19                    ; |ram|4x32ram:inst2|4x4ram:inst|inst19                    ; out              ;
; |ram|4x32ram:inst2|4x4ram:inst|IN~3                      ; |ram|4x32ram:inst2|4x4ram:inst|IN~3                      ; out0             ;
; |ram|4x32ram:inst2|4x4ram:inst|memory_cell:inst3|inst3   ; |ram|4x32ram:inst2|4x4ram:inst|memory_cell:inst3|inst3   ; out              ;
; |ram|4x32ram:inst2|4x4ram:inst|memory_cell:inst3|inst    ; |ram|4x32ram:inst2|4x4ram:inst|memory_cell:inst3|inst    ; regout           ;
; |ram|4x32ram:inst2|4x4ram:inst|memory_cell:inst3|inst4   ; |ram|4x32ram:inst2|4x4ram:inst|memory_cell:inst3|inst4   ; out0             ;
; |ram|4x32ram:inst2|4x4ram:inst|memory_cell:inst5|inst    ; |ram|4x32ram:inst2|4x4ram:inst|memory_cell:inst5|inst    ; regout           ;
; |ram|4x32ram:inst2|4x4ram:inst|memory_cell:inst5|inst4   ; |ram|4x32ram:inst2|4x4ram:inst|memory_cell:inst5|inst4   ; out0             ;
; |ram|4x32ram:inst2|4x4ram:inst|memory_cell:inst7|inst    ; |ram|4x32ram:inst2|4x4ram:inst|memory_cell:inst7|inst    ; regout           ;
; |ram|4x32ram:inst2|4x4ram:inst|memory_cell:inst7|inst4   ; |ram|4x32ram:inst2|4x4ram:inst|memory_cell:inst7|inst4   ; out0             ;
; |ram|4x32ram:inst2|4x4ram:inst|memory_cell:inst1|inst    ; |ram|4x32ram:inst2|4x4ram:inst|memory_cell:inst1|inst    ; regout           ;
; |ram|4x32ram:inst2|4x4ram:inst|memory_cell:inst1|inst4   ; |ram|4x32ram:inst2|4x4ram:inst|memory_cell:inst1|inst4   ; out0             ;
; |ram|4x32ram:inst2|4x4ram:inst|memory_cell:inst16|inst   ; |ram|4x32ram:inst2|4x4ram:inst|memory_cell:inst16|inst   ; regout           ;
; |ram|4x32ram:inst2|4x4ram:inst|memory_cell:inst16|inst4  ; |ram|4x32ram:inst2|4x4ram:inst|memory_cell:inst16|inst4  ; out0             ;
; |ram|4x32ram:inst2|4x4ram:inst|memory_cell:inst14|inst   ; |ram|4x32ram:inst2|4x4ram:inst|memory_cell:inst14|inst   ; regout           ;
; |ram|4x32ram:inst2|4x4ram:inst|memory_cell:inst14|inst4  ; |ram|4x32ram:inst2|4x4ram:inst|memory_cell:inst14|inst4  ; out0             ;
; |ram|4x32ram:inst2|4x4ram:inst|memory_cell:inst12|inst3  ; |ram|4x32ram:inst2|4x4ram:inst|memory_cell:inst12|inst3  ; out              ;
; |ram|4x32ram:inst2|4x4ram:inst|memory_cell:inst12|inst   ; |ram|4x32ram:inst2|4x4ram:inst|memory_cell:inst12|inst   ; regout           ;
; |ram|4x32ram:inst2|4x4ram:inst|memory_cell:inst12|inst4  ; |ram|4x32ram:inst2|4x4ram:inst|memory_cell:inst12|inst4  ; out0             ;
; |ram|4x32ram:inst2|4x4ram:inst|memory_cell:inst10|inst   ; |ram|4x32ram:inst2|4x4ram:inst|memory_cell:inst10|inst   ; regout           ;
; |ram|4x32ram:inst2|4x4ram:inst|memory_cell:inst10|inst4  ; |ram|4x32ram:inst2|4x4ram:inst|memory_cell:inst10|inst4  ; out0             ;
; |ram|4x32ram:inst2|4x4ram:inst|memory_cell:inst15|inst   ; |ram|4x32ram:inst2|4x4ram:inst|memory_cell:inst15|inst   ; regout           ;
; |ram|4x32ram:inst2|4x4ram:inst|memory_cell:inst15|inst4  ; |ram|4x32ram:inst2|4x4ram:inst|memory_cell:inst15|inst4  ; out0             ;
; |ram|4x32ram:inst2|4x4ram:inst|memory_cell:inst13|inst   ; |ram|4x32ram:inst2|4x4ram:inst|memory_cell:inst13|inst   ; regout           ;
; |ram|4x32ram:inst2|4x4ram:inst|memory_cell:inst13|inst4  ; |ram|4x32ram:inst2|4x4ram:inst|memory_cell:inst13|inst4  ; out0             ;
; |ram|4x32ram:inst2|4x4ram:inst|memory_cell:inst11|inst3  ; |ram|4x32ram:inst2|4x4ram:inst|memory_cell:inst11|inst3  ; out              ;
; |ram|4x32ram:inst2|4x4ram:inst|memory_cell:inst11|inst   ; |ram|4x32ram:inst2|4x4ram:inst|memory_cell:inst11|inst   ; regout           ;
; |ram|4x32ram:inst2|4x4ram:inst|memory_cell:inst11|inst4  ; |ram|4x32ram:inst2|4x4ram:inst|memory_cell:inst11|inst4  ; out0             ;
; |ram|4x32ram:inst2|4x4ram:inst|memory_cell:inst9|inst    ; |ram|4x32ram:inst2|4x4ram:inst|memory_cell:inst9|inst    ; regout           ;
; |ram|4x32ram:inst2|4x4ram:inst|memory_cell:inst9|inst4   ; |ram|4x32ram:inst2|4x4ram:inst|memory_cell:inst9|inst4   ; out0             ;
; |ram|4x32ram:inst2|4x4ram:inst|memory_cell:inst8|inst    ; |ram|4x32ram:inst2|4x4ram:inst|memory_cell:inst8|inst    ; regout           ;
; |ram|4x32ram:inst2|4x4ram:inst|memory_cell:inst8|inst4   ; |ram|4x32ram:inst2|4x4ram:inst|memory_cell:inst8|inst4   ; out0             ;
; |ram|4x32ram:inst2|4x4ram:inst|memory_cell:inst6|inst    ; |ram|4x32ram:inst2|4x4ram:inst|memory_cell:inst6|inst    ; regout           ;
; |ram|4x32ram:inst2|4x4ram:inst|memory_cell:inst6|inst4   ; |ram|4x32ram:inst2|4x4ram:inst|memory_cell:inst6|inst4   ; out0             ;
; |ram|4x32ram:inst2|4x4ram:inst|memory_cell:inst4|inst3   ; |ram|4x32ram:inst2|4x4ram:inst|memory_cell:inst4|inst3   ; out              ;
; |ram|4x32ram:inst2|4x4ram:inst|memory_cell:inst4|inst    ; |ram|4x32ram:inst2|4x4ram:inst|memory_cell:inst4|inst    ; regout           ;
; |ram|4x32ram:inst2|4x4ram:inst|memory_cell:inst4|inst4   ; |ram|4x32ram:inst2|4x4ram:inst|memory_cell:inst4|inst4   ; out0             ;
; |ram|4x32ram:inst2|4x4ram:inst|24decoder:inst|inst3      ; |ram|4x32ram:inst2|4x4ram:inst|24decoder:inst|inst3      ; out0             ;
; |ram|4x32ram:inst2|4x4ram:inst|memory_cell:inst2|inst    ; |ram|4x32ram:inst2|4x4ram:inst|memory_cell:inst2|inst    ; regout           ;
; |ram|4x32ram:inst2|4x4ram:inst|memory_cell:inst2|inst4   ; |ram|4x32ram:inst2|4x4ram:inst|memory_cell:inst2|inst4   ; out0             ;
; |ram|4x32ram:inst1|4x4ram:inst8|inst20                   ; |ram|4x32ram:inst1|4x4ram:inst8|inst20                   ; out              ;
; |ram|4x32ram:inst1|4x4ram:inst8|IN~0                     ; |ram|4x32ram:inst1|4x4ram:inst8|IN~0                     ; out0             ;
; |ram|4x32ram:inst1|4x4ram:inst8|inst17                   ; |ram|4x32ram:inst1|4x4ram:inst8|inst17                   ; out0             ;
; |ram|4x32ram:inst1|4x4ram:inst8|inst18                   ; |ram|4x32ram:inst1|4x4ram:inst8|inst18                   ; out0             ;
; |ram|4x32ram:inst1|4x4ram:inst8|inst21                   ; |ram|4x32ram:inst1|4x4ram:inst8|inst21                   ; out              ;
; |ram|4x32ram:inst1|4x4ram:inst8|IN~1                     ; |ram|4x32ram:inst1|4x4ram:inst8|IN~1                     ; out0             ;
; |ram|4x32ram:inst1|4x4ram:inst8|inst22                   ; |ram|4x32ram:inst1|4x4ram:inst8|inst22                   ; out              ;
; |ram|4x32ram:inst1|4x4ram:inst8|IN~2                     ; |ram|4x32ram:inst1|4x4ram:inst8|IN~2                     ; out0             ;
; |ram|4x32ram:inst1|4x4ram:inst8|inst19                   ; |ram|4x32ram:inst1|4x4ram:inst8|inst19                   ; out              ;
; |ram|4x32ram:inst1|4x4ram:inst8|IN~3                     ; |ram|4x32ram:inst1|4x4ram:inst8|IN~3                     ; out0             ;
; |ram|4x32ram:inst1|4x4ram:inst8|memory_cell:inst3|inst3  ; |ram|4x32ram:inst1|4x4ram:inst8|memory_cell:inst3|inst3  ; out              ;
; |ram|4x32ram:inst1|4x4ram:inst8|memory_cell:inst3|inst   ; |ram|4x32ram:inst1|4x4ram:inst8|memory_cell:inst3|inst   ; regout           ;
; |ram|4x32ram:inst1|4x4ram:inst8|memory_cell:inst3|inst4  ; |ram|4x32ram:inst1|4x4ram:inst8|memory_cell:inst3|inst4  ; out0             ;
; |ram|4x32ram:inst1|4x4ram:inst8|memory_cell:inst5|inst   ; |ram|4x32ram:inst1|4x4ram:inst8|memory_cell:inst5|inst   ; regout           ;
; |ram|4x32ram:inst1|4x4ram:inst8|memory_cell:inst5|inst4  ; |ram|4x32ram:inst1|4x4ram:inst8|memory_cell:inst5|inst4  ; out0             ;
; |ram|4x32ram:inst1|4x4ram:inst8|memory_cell:inst7|inst   ; |ram|4x32ram:inst1|4x4ram:inst8|memory_cell:inst7|inst   ; regout           ;
; |ram|4x32ram:inst1|4x4ram:inst8|memory_cell:inst7|inst4  ; |ram|4x32ram:inst1|4x4ram:inst8|memory_cell:inst7|inst4  ; out0             ;
; |ram|4x32ram:inst1|4x4ram:inst8|memory_cell:inst1|inst   ; |ram|4x32ram:inst1|4x4ram:inst8|memory_cell:inst1|inst   ; regout           ;
; |ram|4x32ram:inst1|4x4ram:inst8|memory_cell:inst1|inst4  ; |ram|4x32ram:inst1|4x4ram:inst8|memory_cell:inst1|inst4  ; out0             ;
; |ram|4x32ram:inst1|4x4ram:inst8|memory_cell:inst16|inst  ; |ram|4x32ram:inst1|4x4ram:inst8|memory_cell:inst16|inst  ; regout           ;
; |ram|4x32ram:inst1|4x4ram:inst8|memory_cell:inst16|inst4 ; |ram|4x32ram:inst1|4x4ram:inst8|memory_cell:inst16|inst4 ; out0             ;
; |ram|4x32ram:inst1|4x4ram:inst8|memory_cell:inst14|inst  ; |ram|4x32ram:inst1|4x4ram:inst8|memory_cell:inst14|inst  ; regout           ;
; |ram|4x32ram:inst1|4x4ram:inst8|memory_cell:inst14|inst4 ; |ram|4x32ram:inst1|4x4ram:inst8|memory_cell:inst14|inst4 ; out0             ;
; |ram|4x32ram:inst1|4x4ram:inst8|memory_cell:inst12|inst3 ; |ram|4x32ram:inst1|4x4ram:inst8|memory_cell:inst12|inst3 ; out              ;
; |ram|4x32ram:inst1|4x4ram:inst8|memory_cell:inst12|inst  ; |ram|4x32ram:inst1|4x4ram:inst8|memory_cell:inst12|inst  ; regout           ;
; |ram|4x32ram:inst1|4x4ram:inst8|memory_cell:inst12|inst4 ; |ram|4x32ram:inst1|4x4ram:inst8|memory_cell:inst12|inst4 ; out0             ;
; |ram|4x32ram:inst1|4x4ram:inst8|memory_cell:inst10|inst  ; |ram|4x32ram:inst1|4x4ram:inst8|memory_cell:inst10|inst  ; regout           ;
; |ram|4x32ram:inst1|4x4ram:inst8|memory_cell:inst10|inst4 ; |ram|4x32ram:inst1|4x4ram:inst8|memory_cell:inst10|inst4 ; out0             ;
; |ram|4x32ram:inst1|4x4ram:inst8|memory_cell:inst15|inst  ; |ram|4x32ram:inst1|4x4ram:inst8|memory_cell:inst15|inst  ; regout           ;
; |ram|4x32ram:inst1|4x4ram:inst8|memory_cell:inst15|inst4 ; |ram|4x32ram:inst1|4x4ram:inst8|memory_cell:inst15|inst4 ; out0             ;
; |ram|4x32ram:inst1|4x4ram:inst8|memory_cell:inst13|inst  ; |ram|4x32ram:inst1|4x4ram:inst8|memory_cell:inst13|inst  ; regout           ;
; |ram|4x32ram:inst1|4x4ram:inst8|memory_cell:inst13|inst4 ; |ram|4x32ram:inst1|4x4ram:inst8|memory_cell:inst13|inst4 ; out0             ;
; |ram|4x32ram:inst1|4x4ram:inst8|memory_cell:inst11|inst3 ; |ram|4x32ram:inst1|4x4ram:inst8|memory_cell:inst11|inst3 ; out              ;
; |ram|4x32ram:inst1|4x4ram:inst8|memory_cell:inst11|inst  ; |ram|4x32ram:inst1|4x4ram:inst8|memory_cell:inst11|inst  ; regout           ;
; |ram|4x32ram:inst1|4x4ram:inst8|memory_cell:inst11|inst4 ; |ram|4x32ram:inst1|4x4ram:inst8|memory_cell:inst11|inst4 ; out0             ;
; |ram|4x32ram:inst1|4x4ram:inst8|memory_cell:inst9|inst   ; |ram|4x32ram:inst1|4x4ram:inst8|memory_cell:inst9|inst   ; regout           ;
; |ram|4x32ram:inst1|4x4ram:inst8|memory_cell:inst9|inst4  ; |ram|4x32ram:inst1|4x4ram:inst8|memory_cell:inst9|inst4  ; out0             ;
; |ram|4x32ram:inst1|4x4ram:inst8|memory_cell:inst8|inst   ; |ram|4x32ram:inst1|4x4ram:inst8|memory_cell:inst8|inst   ; regout           ;
; |ram|4x32ram:inst1|4x4ram:inst8|memory_cell:inst8|inst4  ; |ram|4x32ram:inst1|4x4ram:inst8|memory_cell:inst8|inst4  ; out0             ;
; |ram|4x32ram:inst1|4x4ram:inst8|memory_cell:inst6|inst   ; |ram|4x32ram:inst1|4x4ram:inst8|memory_cell:inst6|inst   ; regout           ;
; |ram|4x32ram:inst1|4x4ram:inst8|memory_cell:inst6|inst4  ; |ram|4x32ram:inst1|4x4ram:inst8|memory_cell:inst6|inst4  ; out0             ;
; |ram|4x32ram:inst1|4x4ram:inst8|memory_cell:inst4|inst3  ; |ram|4x32ram:inst1|4x4ram:inst8|memory_cell:inst4|inst3  ; out              ;
; |ram|4x32ram:inst1|4x4ram:inst8|memory_cell:inst4|inst   ; |ram|4x32ram:inst1|4x4ram:inst8|memory_cell:inst4|inst   ; regout           ;
; |ram|4x32ram:inst1|4x4ram:inst8|memory_cell:inst4|inst4  ; |ram|4x32ram:inst1|4x4ram:inst8|memory_cell:inst4|inst4  ; out0             ;
; |ram|4x32ram:inst1|4x4ram:inst8|24decoder:inst|inst3     ; |ram|4x32ram:inst1|4x4ram:inst8|24decoder:inst|inst3     ; out0             ;
; |ram|4x32ram:inst1|4x4ram:inst8|memory_cell:inst2|inst   ; |ram|4x32ram:inst1|4x4ram:inst8|memory_cell:inst2|inst   ; regout           ;
; |ram|4x32ram:inst1|4x4ram:inst8|memory_cell:inst2|inst4  ; |ram|4x32ram:inst1|4x4ram:inst8|memory_cell:inst2|inst4  ; out0             ;
; |ram|4x32ram:inst1|4x4ram:inst7|inst20                   ; |ram|4x32ram:inst1|4x4ram:inst7|inst20                   ; out              ;
; |ram|4x32ram:inst1|4x4ram:inst7|IN~0                     ; |ram|4x32ram:inst1|4x4ram:inst7|IN~0                     ; out0             ;
; |ram|4x32ram:inst1|4x4ram:inst7|inst17                   ; |ram|4x32ram:inst1|4x4ram:inst7|inst17                   ; out0             ;
; |ram|4x32ram:inst1|4x4ram:inst7|inst18                   ; |ram|4x32ram:inst1|4x4ram:inst7|inst18                   ; out0             ;
; |ram|4x32ram:inst1|4x4ram:inst7|inst21                   ; |ram|4x32ram:inst1|4x4ram:inst7|inst21                   ; out              ;
; |ram|4x32ram:inst1|4x4ram:inst7|IN~1                     ; |ram|4x32ram:inst1|4x4ram:inst7|IN~1                     ; out0             ;
; |ram|4x32ram:inst1|4x4ram:inst7|inst22                   ; |ram|4x32ram:inst1|4x4ram:inst7|inst22                   ; out              ;
; |ram|4x32ram:inst1|4x4ram:inst7|IN~2                     ; |ram|4x32ram:inst1|4x4ram:inst7|IN~2                     ; out0             ;
; |ram|4x32ram:inst1|4x4ram:inst7|inst19                   ; |ram|4x32ram:inst1|4x4ram:inst7|inst19                   ; out              ;
; |ram|4x32ram:inst1|4x4ram:inst7|IN~3                     ; |ram|4x32ram:inst1|4x4ram:inst7|IN~3                     ; out0             ;
; |ram|4x32ram:inst1|4x4ram:inst7|memory_cell:inst3|inst3  ; |ram|4x32ram:inst1|4x4ram:inst7|memory_cell:inst3|inst3  ; out              ;
; |ram|4x32ram:inst1|4x4ram:inst7|memory_cell:inst3|inst   ; |ram|4x32ram:inst1|4x4ram:inst7|memory_cell:inst3|inst   ; regout           ;
; |ram|4x32ram:inst1|4x4ram:inst7|memory_cell:inst3|inst4  ; |ram|4x32ram:inst1|4x4ram:inst7|memory_cell:inst3|inst4  ; out0             ;
; |ram|4x32ram:inst1|4x4ram:inst7|memory_cell:inst5|inst   ; |ram|4x32ram:inst1|4x4ram:inst7|memory_cell:inst5|inst   ; regout           ;
; |ram|4x32ram:inst1|4x4ram:inst7|memory_cell:inst5|inst4  ; |ram|4x32ram:inst1|4x4ram:inst7|memory_cell:inst5|inst4  ; out0             ;
; |ram|4x32ram:inst1|4x4ram:inst7|memory_cell:inst7|inst   ; |ram|4x32ram:inst1|4x4ram:inst7|memory_cell:inst7|inst   ; regout           ;
; |ram|4x32ram:inst1|4x4ram:inst7|memory_cell:inst7|inst4  ; |ram|4x32ram:inst1|4x4ram:inst7|memory_cell:inst7|inst4  ; out0             ;
; |ram|4x32ram:inst1|4x4ram:inst7|memory_cell:inst1|inst   ; |ram|4x32ram:inst1|4x4ram:inst7|memory_cell:inst1|inst   ; regout           ;
; |ram|4x32ram:inst1|4x4ram:inst7|memory_cell:inst1|inst4  ; |ram|4x32ram:inst1|4x4ram:inst7|memory_cell:inst1|inst4  ; out0             ;
; |ram|4x32ram:inst1|4x4ram:inst7|memory_cell:inst16|inst  ; |ram|4x32ram:inst1|4x4ram:inst7|memory_cell:inst16|inst  ; regout           ;
; |ram|4x32ram:inst1|4x4ram:inst7|memory_cell:inst16|inst4 ; |ram|4x32ram:inst1|4x4ram:inst7|memory_cell:inst16|inst4 ; out0             ;
; |ram|4x32ram:inst1|4x4ram:inst7|memory_cell:inst14|inst  ; |ram|4x32ram:inst1|4x4ram:inst7|memory_cell:inst14|inst  ; regout           ;
; |ram|4x32ram:inst1|4x4ram:inst7|memory_cell:inst14|inst4 ; |ram|4x32ram:inst1|4x4ram:inst7|memory_cell:inst14|inst4 ; out0             ;
; |ram|4x32ram:inst1|4x4ram:inst7|memory_cell:inst12|inst3 ; |ram|4x32ram:inst1|4x4ram:inst7|memory_cell:inst12|inst3 ; out              ;
; |ram|4x32ram:inst1|4x4ram:inst7|memory_cell:inst12|inst  ; |ram|4x32ram:inst1|4x4ram:inst7|memory_cell:inst12|inst  ; regout           ;
; |ram|4x32ram:inst1|4x4ram:inst7|memory_cell:inst12|inst4 ; |ram|4x32ram:inst1|4x4ram:inst7|memory_cell:inst12|inst4 ; out0             ;
; |ram|4x32ram:inst1|4x4ram:inst7|memory_cell:inst10|inst  ; |ram|4x32ram:inst1|4x4ram:inst7|memory_cell:inst10|inst  ; regout           ;
; |ram|4x32ram:inst1|4x4ram:inst7|memory_cell:inst10|inst4 ; |ram|4x32ram:inst1|4x4ram:inst7|memory_cell:inst10|inst4 ; out0             ;
; |ram|4x32ram:inst1|4x4ram:inst7|memory_cell:inst15|inst  ; |ram|4x32ram:inst1|4x4ram:inst7|memory_cell:inst15|inst  ; regout           ;
; |ram|4x32ram:inst1|4x4ram:inst7|memory_cell:inst15|inst4 ; |ram|4x32ram:inst1|4x4ram:inst7|memory_cell:inst15|inst4 ; out0             ;
; |ram|4x32ram:inst1|4x4ram:inst7|memory_cell:inst13|inst  ; |ram|4x32ram:inst1|4x4ram:inst7|memory_cell:inst13|inst  ; regout           ;
; |ram|4x32ram:inst1|4x4ram:inst7|memory_cell:inst13|inst4 ; |ram|4x32ram:inst1|4x4ram:inst7|memory_cell:inst13|inst4 ; out0             ;
; |ram|4x32ram:inst1|4x4ram:inst7|memory_cell:inst11|inst3 ; |ram|4x32ram:inst1|4x4ram:inst7|memory_cell:inst11|inst3 ; out              ;
; |ram|4x32ram:inst1|4x4ram:inst7|memory_cell:inst11|inst  ; |ram|4x32ram:inst1|4x4ram:inst7|memory_cell:inst11|inst  ; regout           ;
; |ram|4x32ram:inst1|4x4ram:inst7|memory_cell:inst11|inst4 ; |ram|4x32ram:inst1|4x4ram:inst7|memory_cell:inst11|inst4 ; out0             ;
; |ram|4x32ram:inst1|4x4ram:inst7|memory_cell:inst9|inst   ; |ram|4x32ram:inst1|4x4ram:inst7|memory_cell:inst9|inst   ; regout           ;
; |ram|4x32ram:inst1|4x4ram:inst7|memory_cell:inst9|inst4  ; |ram|4x32ram:inst1|4x4ram:inst7|memory_cell:inst9|inst4  ; out0             ;
; |ram|4x32ram:inst1|4x4ram:inst7|memory_cell:inst8|inst   ; |ram|4x32ram:inst1|4x4ram:inst7|memory_cell:inst8|inst   ; regout           ;
; |ram|4x32ram:inst1|4x4ram:inst7|memory_cell:inst8|inst4  ; |ram|4x32ram:inst1|4x4ram:inst7|memory_cell:inst8|inst4  ; out0             ;
; |ram|4x32ram:inst1|4x4ram:inst7|memory_cell:inst6|inst   ; |ram|4x32ram:inst1|4x4ram:inst7|memory_cell:inst6|inst   ; regout           ;
; |ram|4x32ram:inst1|4x4ram:inst7|memory_cell:inst6|inst4  ; |ram|4x32ram:inst1|4x4ram:inst7|memory_cell:inst6|inst4  ; out0             ;
; |ram|4x32ram:inst1|4x4ram:inst7|memory_cell:inst4|inst3  ; |ram|4x32ram:inst1|4x4ram:inst7|memory_cell:inst4|inst3  ; out              ;
; |ram|4x32ram:inst1|4x4ram:inst7|memory_cell:inst4|inst   ; |ram|4x32ram:inst1|4x4ram:inst7|memory_cell:inst4|inst   ; regout           ;
; |ram|4x32ram:inst1|4x4ram:inst7|memory_cell:inst4|inst4  ; |ram|4x32ram:inst1|4x4ram:inst7|memory_cell:inst4|inst4  ; out0             ;
; |ram|4x32ram:inst1|4x4ram:inst7|24decoder:inst|inst3     ; |ram|4x32ram:inst1|4x4ram:inst7|24decoder:inst|inst3     ; out0             ;
; |ram|4x32ram:inst1|4x4ram:inst7|memory_cell:inst2|inst   ; |ram|4x32ram:inst1|4x4ram:inst7|memory_cell:inst2|inst   ; regout           ;
; |ram|4x32ram:inst1|4x4ram:inst7|memory_cell:inst2|inst4  ; |ram|4x32ram:inst1|4x4ram:inst7|memory_cell:inst2|inst4  ; out0             ;
; |ram|4x32ram:inst1|4x4ram:inst6|inst20                   ; |ram|4x32ram:inst1|4x4ram:inst6|inst20                   ; out              ;
; |ram|4x32ram:inst1|4x4ram:inst6|IN~0                     ; |ram|4x32ram:inst1|4x4ram:inst6|IN~0                     ; out0             ;
; |ram|4x32ram:inst1|4x4ram:inst6|inst17                   ; |ram|4x32ram:inst1|4x4ram:inst6|inst17                   ; out0             ;
; |ram|4x32ram:inst1|4x4ram:inst6|inst18                   ; |ram|4x32ram:inst1|4x4ram:inst6|inst18                   ; out0             ;
; |ram|4x32ram:inst1|4x4ram:inst6|inst21                   ; |ram|4x32ram:inst1|4x4ram:inst6|inst21                   ; out              ;
; |ram|4x32ram:inst1|4x4ram:inst6|IN~1                     ; |ram|4x32ram:inst1|4x4ram:inst6|IN~1                     ; out0             ;
; |ram|4x32ram:inst1|4x4ram:inst6|inst22                   ; |ram|4x32ram:inst1|4x4ram:inst6|inst22                   ; out              ;
; |ram|4x32ram:inst1|4x4ram:inst6|IN~2                     ; |ram|4x32ram:inst1|4x4ram:inst6|IN~2                     ; out0             ;
; |ram|4x32ram:inst1|4x4ram:inst6|inst19                   ; |ram|4x32ram:inst1|4x4ram:inst6|inst19                   ; out              ;
; |ram|4x32ram:inst1|4x4ram:inst6|IN~3                     ; |ram|4x32ram:inst1|4x4ram:inst6|IN~3                     ; out0             ;
; |ram|4x32ram:inst1|4x4ram:inst6|memory_cell:inst3|inst3  ; |ram|4x32ram:inst1|4x4ram:inst6|memory_cell:inst3|inst3  ; out              ;
; |ram|4x32ram:inst1|4x4ram:inst6|memory_cell:inst3|inst   ; |ram|4x32ram:inst1|4x4ram:inst6|memory_cell:inst3|inst   ; regout           ;
; |ram|4x32ram:inst1|4x4ram:inst6|memory_cell:inst3|inst4  ; |ram|4x32ram:inst1|4x4ram:inst6|memory_cell:inst3|inst4  ; out0             ;
; |ram|4x32ram:inst1|4x4ram:inst6|memory_cell:inst5|inst   ; |ram|4x32ram:inst1|4x4ram:inst6|memory_cell:inst5|inst   ; regout           ;
; |ram|4x32ram:inst1|4x4ram:inst6|memory_cell:inst5|inst4  ; |ram|4x32ram:inst1|4x4ram:inst6|memory_cell:inst5|inst4  ; out0             ;
; |ram|4x32ram:inst1|4x4ram:inst6|memory_cell:inst7|inst   ; |ram|4x32ram:inst1|4x4ram:inst6|memory_cell:inst7|inst   ; regout           ;
; |ram|4x32ram:inst1|4x4ram:inst6|memory_cell:inst7|inst4  ; |ram|4x32ram:inst1|4x4ram:inst6|memory_cell:inst7|inst4  ; out0             ;
; |ram|4x32ram:inst1|4x4ram:inst6|memory_cell:inst1|inst   ; |ram|4x32ram:inst1|4x4ram:inst6|memory_cell:inst1|inst   ; regout           ;
; |ram|4x32ram:inst1|4x4ram:inst6|memory_cell:inst1|inst4  ; |ram|4x32ram:inst1|4x4ram:inst6|memory_cell:inst1|inst4  ; out0             ;
; |ram|4x32ram:inst1|4x4ram:inst6|memory_cell:inst16|inst  ; |ram|4x32ram:inst1|4x4ram:inst6|memory_cell:inst16|inst  ; regout           ;
; |ram|4x32ram:inst1|4x4ram:inst6|memory_cell:inst16|inst4 ; |ram|4x32ram:inst1|4x4ram:inst6|memory_cell:inst16|inst4 ; out0             ;
; |ram|4x32ram:inst1|4x4ram:inst6|memory_cell:inst14|inst  ; |ram|4x32ram:inst1|4x4ram:inst6|memory_cell:inst14|inst  ; regout           ;
; |ram|4x32ram:inst1|4x4ram:inst6|memory_cell:inst14|inst4 ; |ram|4x32ram:inst1|4x4ram:inst6|memory_cell:inst14|inst4 ; out0             ;
; |ram|4x32ram:inst1|4x4ram:inst6|memory_cell:inst12|inst3 ; |ram|4x32ram:inst1|4x4ram:inst6|memory_cell:inst12|inst3 ; out              ;
; |ram|4x32ram:inst1|4x4ram:inst6|memory_cell:inst12|inst  ; |ram|4x32ram:inst1|4x4ram:inst6|memory_cell:inst12|inst  ; regout           ;
; |ram|4x32ram:inst1|4x4ram:inst6|memory_cell:inst12|inst4 ; |ram|4x32ram:inst1|4x4ram:inst6|memory_cell:inst12|inst4 ; out0             ;
; |ram|4x32ram:inst1|4x4ram:inst6|memory_cell:inst10|inst  ; |ram|4x32ram:inst1|4x4ram:inst6|memory_cell:inst10|inst  ; regout           ;
; |ram|4x32ram:inst1|4x4ram:inst6|memory_cell:inst10|inst4 ; |ram|4x32ram:inst1|4x4ram:inst6|memory_cell:inst10|inst4 ; out0             ;
; |ram|4x32ram:inst1|4x4ram:inst6|memory_cell:inst15|inst  ; |ram|4x32ram:inst1|4x4ram:inst6|memory_cell:inst15|inst  ; regout           ;
; |ram|4x32ram:inst1|4x4ram:inst6|memory_cell:inst15|inst4 ; |ram|4x32ram:inst1|4x4ram:inst6|memory_cell:inst15|inst4 ; out0             ;
; |ram|4x32ram:inst1|4x4ram:inst6|memory_cell:inst13|inst  ; |ram|4x32ram:inst1|4x4ram:inst6|memory_cell:inst13|inst  ; regout           ;
; |ram|4x32ram:inst1|4x4ram:inst6|memory_cell:inst13|inst4 ; |ram|4x32ram:inst1|4x4ram:inst6|memory_cell:inst13|inst4 ; out0             ;
; |ram|4x32ram:inst1|4x4ram:inst6|memory_cell:inst11|inst3 ; |ram|4x32ram:inst1|4x4ram:inst6|memory_cell:inst11|inst3 ; out              ;
; |ram|4x32ram:inst1|4x4ram:inst6|memory_cell:inst11|inst  ; |ram|4x32ram:inst1|4x4ram:inst6|memory_cell:inst11|inst  ; regout           ;
; |ram|4x32ram:inst1|4x4ram:inst6|memory_cell:inst11|inst4 ; |ram|4x32ram:inst1|4x4ram:inst6|memory_cell:inst11|inst4 ; out0             ;
; |ram|4x32ram:inst1|4x4ram:inst6|memory_cell:inst9|inst   ; |ram|4x32ram:inst1|4x4ram:inst6|memory_cell:inst9|inst   ; regout           ;
; |ram|4x32ram:inst1|4x4ram:inst6|memory_cell:inst9|inst4  ; |ram|4x32ram:inst1|4x4ram:inst6|memory_cell:inst9|inst4  ; out0             ;
; |ram|4x32ram:inst1|4x4ram:inst6|memory_cell:inst8|inst   ; |ram|4x32ram:inst1|4x4ram:inst6|memory_cell:inst8|inst   ; regout           ;
; |ram|4x32ram:inst1|4x4ram:inst6|memory_cell:inst8|inst4  ; |ram|4x32ram:inst1|4x4ram:inst6|memory_cell:inst8|inst4  ; out0             ;
; |ram|4x32ram:inst1|4x4ram:inst6|memory_cell:inst6|inst   ; |ram|4x32ram:inst1|4x4ram:inst6|memory_cell:inst6|inst   ; regout           ;
; |ram|4x32ram:inst1|4x4ram:inst6|memory_cell:inst6|inst4  ; |ram|4x32ram:inst1|4x4ram:inst6|memory_cell:inst6|inst4  ; out0             ;
; |ram|4x32ram:inst1|4x4ram:inst6|memory_cell:inst4|inst3  ; |ram|4x32ram:inst1|4x4ram:inst6|memory_cell:inst4|inst3  ; out              ;
; |ram|4x32ram:inst1|4x4ram:inst6|memory_cell:inst4|inst   ; |ram|4x32ram:inst1|4x4ram:inst6|memory_cell:inst4|inst   ; regout           ;
; |ram|4x32ram:inst1|4x4ram:inst6|memory_cell:inst4|inst4  ; |ram|4x32ram:inst1|4x4ram:inst6|memory_cell:inst4|inst4  ; out0             ;
; |ram|4x32ram:inst1|4x4ram:inst6|24decoder:inst|inst3     ; |ram|4x32ram:inst1|4x4ram:inst6|24decoder:inst|inst3     ; out0             ;
; |ram|4x32ram:inst1|4x4ram:inst6|memory_cell:inst2|inst   ; |ram|4x32ram:inst1|4x4ram:inst6|memory_cell:inst2|inst   ; regout           ;
; |ram|4x32ram:inst1|4x4ram:inst6|memory_cell:inst2|inst4  ; |ram|4x32ram:inst1|4x4ram:inst6|memory_cell:inst2|inst4  ; out0             ;
; |ram|4x32ram:inst1|4x4ram:inst5|inst20                   ; |ram|4x32ram:inst1|4x4ram:inst5|inst20                   ; out              ;
; |ram|4x32ram:inst1|4x4ram:inst5|IN~0                     ; |ram|4x32ram:inst1|4x4ram:inst5|IN~0                     ; out0             ;
; |ram|4x32ram:inst1|4x4ram:inst5|inst17                   ; |ram|4x32ram:inst1|4x4ram:inst5|inst17                   ; out0             ;
; |ram|4x32ram:inst1|4x4ram:inst5|inst18                   ; |ram|4x32ram:inst1|4x4ram:inst5|inst18                   ; out0             ;
; |ram|4x32ram:inst1|4x4ram:inst5|inst21                   ; |ram|4x32ram:inst1|4x4ram:inst5|inst21                   ; out              ;
; |ram|4x32ram:inst1|4x4ram:inst5|IN~1                     ; |ram|4x32ram:inst1|4x4ram:inst5|IN~1                     ; out0             ;
; |ram|4x32ram:inst1|4x4ram:inst5|inst22                   ; |ram|4x32ram:inst1|4x4ram:inst5|inst22                   ; out              ;
; |ram|4x32ram:inst1|4x4ram:inst5|IN~2                     ; |ram|4x32ram:inst1|4x4ram:inst5|IN~2                     ; out0             ;
; |ram|4x32ram:inst1|4x4ram:inst5|inst19                   ; |ram|4x32ram:inst1|4x4ram:inst5|inst19                   ; out              ;
; |ram|4x32ram:inst1|4x4ram:inst5|IN~3                     ; |ram|4x32ram:inst1|4x4ram:inst5|IN~3                     ; out0             ;
; |ram|4x32ram:inst1|4x4ram:inst5|memory_cell:inst3|inst3  ; |ram|4x32ram:inst1|4x4ram:inst5|memory_cell:inst3|inst3  ; out              ;
; |ram|4x32ram:inst1|4x4ram:inst5|memory_cell:inst3|inst   ; |ram|4x32ram:inst1|4x4ram:inst5|memory_cell:inst3|inst   ; regout           ;
; |ram|4x32ram:inst1|4x4ram:inst5|memory_cell:inst3|inst4  ; |ram|4x32ram:inst1|4x4ram:inst5|memory_cell:inst3|inst4  ; out0             ;
; |ram|4x32ram:inst1|4x4ram:inst5|memory_cell:inst5|inst   ; |ram|4x32ram:inst1|4x4ram:inst5|memory_cell:inst5|inst   ; regout           ;
; |ram|4x32ram:inst1|4x4ram:inst5|memory_cell:inst5|inst4  ; |ram|4x32ram:inst1|4x4ram:inst5|memory_cell:inst5|inst4  ; out0             ;
; |ram|4x32ram:inst1|4x4ram:inst5|memory_cell:inst7|inst   ; |ram|4x32ram:inst1|4x4ram:inst5|memory_cell:inst7|inst   ; regout           ;
; |ram|4x32ram:inst1|4x4ram:inst5|memory_cell:inst7|inst4  ; |ram|4x32ram:inst1|4x4ram:inst5|memory_cell:inst7|inst4  ; out0             ;
; |ram|4x32ram:inst1|4x4ram:inst5|memory_cell:inst1|inst   ; |ram|4x32ram:inst1|4x4ram:inst5|memory_cell:inst1|inst   ; regout           ;
; |ram|4x32ram:inst1|4x4ram:inst5|memory_cell:inst1|inst4  ; |ram|4x32ram:inst1|4x4ram:inst5|memory_cell:inst1|inst4  ; out0             ;
; |ram|4x32ram:inst1|4x4ram:inst5|memory_cell:inst16|inst  ; |ram|4x32ram:inst1|4x4ram:inst5|memory_cell:inst16|inst  ; regout           ;
; |ram|4x32ram:inst1|4x4ram:inst5|memory_cell:inst16|inst4 ; |ram|4x32ram:inst1|4x4ram:inst5|memory_cell:inst16|inst4 ; out0             ;
; |ram|4x32ram:inst1|4x4ram:inst5|memory_cell:inst14|inst  ; |ram|4x32ram:inst1|4x4ram:inst5|memory_cell:inst14|inst  ; regout           ;
; |ram|4x32ram:inst1|4x4ram:inst5|memory_cell:inst14|inst4 ; |ram|4x32ram:inst1|4x4ram:inst5|memory_cell:inst14|inst4 ; out0             ;
; |ram|4x32ram:inst1|4x4ram:inst5|memory_cell:inst12|inst3 ; |ram|4x32ram:inst1|4x4ram:inst5|memory_cell:inst12|inst3 ; out              ;
; |ram|4x32ram:inst1|4x4ram:inst5|memory_cell:inst12|inst  ; |ram|4x32ram:inst1|4x4ram:inst5|memory_cell:inst12|inst  ; regout           ;
; |ram|4x32ram:inst1|4x4ram:inst5|memory_cell:inst12|inst4 ; |ram|4x32ram:inst1|4x4ram:inst5|memory_cell:inst12|inst4 ; out0             ;
; |ram|4x32ram:inst1|4x4ram:inst5|memory_cell:inst10|inst  ; |ram|4x32ram:inst1|4x4ram:inst5|memory_cell:inst10|inst  ; regout           ;
; |ram|4x32ram:inst1|4x4ram:inst5|memory_cell:inst10|inst4 ; |ram|4x32ram:inst1|4x4ram:inst5|memory_cell:inst10|inst4 ; out0             ;
; |ram|4x32ram:inst1|4x4ram:inst5|memory_cell:inst15|inst  ; |ram|4x32ram:inst1|4x4ram:inst5|memory_cell:inst15|inst  ; regout           ;
; |ram|4x32ram:inst1|4x4ram:inst5|memory_cell:inst15|inst4 ; |ram|4x32ram:inst1|4x4ram:inst5|memory_cell:inst15|inst4 ; out0             ;
; |ram|4x32ram:inst1|4x4ram:inst5|memory_cell:inst13|inst  ; |ram|4x32ram:inst1|4x4ram:inst5|memory_cell:inst13|inst  ; regout           ;
; |ram|4x32ram:inst1|4x4ram:inst5|memory_cell:inst13|inst4 ; |ram|4x32ram:inst1|4x4ram:inst5|memory_cell:inst13|inst4 ; out0             ;
; |ram|4x32ram:inst1|4x4ram:inst5|memory_cell:inst11|inst3 ; |ram|4x32ram:inst1|4x4ram:inst5|memory_cell:inst11|inst3 ; out              ;
; |ram|4x32ram:inst1|4x4ram:inst5|memory_cell:inst11|inst  ; |ram|4x32ram:inst1|4x4ram:inst5|memory_cell:inst11|inst  ; regout           ;
; |ram|4x32ram:inst1|4x4ram:inst5|memory_cell:inst11|inst4 ; |ram|4x32ram:inst1|4x4ram:inst5|memory_cell:inst11|inst4 ; out0             ;
; |ram|4x32ram:inst1|4x4ram:inst5|memory_cell:inst9|inst   ; |ram|4x32ram:inst1|4x4ram:inst5|memory_cell:inst9|inst   ; regout           ;
; |ram|4x32ram:inst1|4x4ram:inst5|memory_cell:inst9|inst4  ; |ram|4x32ram:inst1|4x4ram:inst5|memory_cell:inst9|inst4  ; out0             ;
; |ram|4x32ram:inst1|4x4ram:inst5|memory_cell:inst8|inst   ; |ram|4x32ram:inst1|4x4ram:inst5|memory_cell:inst8|inst   ; regout           ;
; |ram|4x32ram:inst1|4x4ram:inst5|memory_cell:inst8|inst4  ; |ram|4x32ram:inst1|4x4ram:inst5|memory_cell:inst8|inst4  ; out0             ;
; |ram|4x32ram:inst1|4x4ram:inst5|memory_cell:inst6|inst   ; |ram|4x32ram:inst1|4x4ram:inst5|memory_cell:inst6|inst   ; regout           ;
; |ram|4x32ram:inst1|4x4ram:inst5|memory_cell:inst6|inst4  ; |ram|4x32ram:inst1|4x4ram:inst5|memory_cell:inst6|inst4  ; out0             ;
; |ram|4x32ram:inst1|4x4ram:inst5|memory_cell:inst4|inst3  ; |ram|4x32ram:inst1|4x4ram:inst5|memory_cell:inst4|inst3  ; out              ;
; |ram|4x32ram:inst1|4x4ram:inst5|memory_cell:inst4|inst   ; |ram|4x32ram:inst1|4x4ram:inst5|memory_cell:inst4|inst   ; regout           ;
; |ram|4x32ram:inst1|4x4ram:inst5|memory_cell:inst4|inst4  ; |ram|4x32ram:inst1|4x4ram:inst5|memory_cell:inst4|inst4  ; out0             ;
; |ram|4x32ram:inst1|4x4ram:inst5|24decoder:inst|inst3     ; |ram|4x32ram:inst1|4x4ram:inst5|24decoder:inst|inst3     ; out0             ;
; |ram|4x32ram:inst1|4x4ram:inst5|memory_cell:inst2|inst   ; |ram|4x32ram:inst1|4x4ram:inst5|memory_cell:inst2|inst   ; regout           ;
; |ram|4x32ram:inst1|4x4ram:inst5|memory_cell:inst2|inst4  ; |ram|4x32ram:inst1|4x4ram:inst5|memory_cell:inst2|inst4  ; out0             ;
; |ram|4x32ram:inst1|4x4ram:inst4|inst20                   ; |ram|4x32ram:inst1|4x4ram:inst4|inst20                   ; out              ;
; |ram|4x32ram:inst1|4x4ram:inst4|IN~0                     ; |ram|4x32ram:inst1|4x4ram:inst4|IN~0                     ; out0             ;
; |ram|4x32ram:inst1|4x4ram:inst4|inst17                   ; |ram|4x32ram:inst1|4x4ram:inst4|inst17                   ; out0             ;
; |ram|4x32ram:inst1|4x4ram:inst4|inst18                   ; |ram|4x32ram:inst1|4x4ram:inst4|inst18                   ; out0             ;
; |ram|4x32ram:inst1|4x4ram:inst4|inst21                   ; |ram|4x32ram:inst1|4x4ram:inst4|inst21                   ; out              ;
; |ram|4x32ram:inst1|4x4ram:inst4|IN~1                     ; |ram|4x32ram:inst1|4x4ram:inst4|IN~1                     ; out0             ;
; |ram|4x32ram:inst1|4x4ram:inst4|inst22                   ; |ram|4x32ram:inst1|4x4ram:inst4|inst22                   ; out              ;
; |ram|4x32ram:inst1|4x4ram:inst4|IN~2                     ; |ram|4x32ram:inst1|4x4ram:inst4|IN~2                     ; out0             ;
; |ram|4x32ram:inst1|4x4ram:inst4|inst19                   ; |ram|4x32ram:inst1|4x4ram:inst4|inst19                   ; out              ;
; |ram|4x32ram:inst1|4x4ram:inst4|IN~3                     ; |ram|4x32ram:inst1|4x4ram:inst4|IN~3                     ; out0             ;
; |ram|4x32ram:inst1|4x4ram:inst4|memory_cell:inst3|inst3  ; |ram|4x32ram:inst1|4x4ram:inst4|memory_cell:inst3|inst3  ; out              ;
; |ram|4x32ram:inst1|4x4ram:inst4|memory_cell:inst3|inst   ; |ram|4x32ram:inst1|4x4ram:inst4|memory_cell:inst3|inst   ; regout           ;
; |ram|4x32ram:inst1|4x4ram:inst4|memory_cell:inst3|inst4  ; |ram|4x32ram:inst1|4x4ram:inst4|memory_cell:inst3|inst4  ; out0             ;
; |ram|4x32ram:inst1|4x4ram:inst4|memory_cell:inst5|inst   ; |ram|4x32ram:inst1|4x4ram:inst4|memory_cell:inst5|inst   ; regout           ;
; |ram|4x32ram:inst1|4x4ram:inst4|memory_cell:inst5|inst4  ; |ram|4x32ram:inst1|4x4ram:inst4|memory_cell:inst5|inst4  ; out0             ;
; |ram|4x32ram:inst1|4x4ram:inst4|memory_cell:inst7|inst   ; |ram|4x32ram:inst1|4x4ram:inst4|memory_cell:inst7|inst   ; regout           ;
; |ram|4x32ram:inst1|4x4ram:inst4|memory_cell:inst7|inst4  ; |ram|4x32ram:inst1|4x4ram:inst4|memory_cell:inst7|inst4  ; out0             ;
; |ram|4x32ram:inst1|4x4ram:inst4|memory_cell:inst1|inst   ; |ram|4x32ram:inst1|4x4ram:inst4|memory_cell:inst1|inst   ; regout           ;
; |ram|4x32ram:inst1|4x4ram:inst4|memory_cell:inst1|inst4  ; |ram|4x32ram:inst1|4x4ram:inst4|memory_cell:inst1|inst4  ; out0             ;
; |ram|4x32ram:inst1|4x4ram:inst4|memory_cell:inst16|inst  ; |ram|4x32ram:inst1|4x4ram:inst4|memory_cell:inst16|inst  ; regout           ;
; |ram|4x32ram:inst1|4x4ram:inst4|memory_cell:inst16|inst4 ; |ram|4x32ram:inst1|4x4ram:inst4|memory_cell:inst16|inst4 ; out0             ;
; |ram|4x32ram:inst1|4x4ram:inst4|memory_cell:inst14|inst  ; |ram|4x32ram:inst1|4x4ram:inst4|memory_cell:inst14|inst  ; regout           ;
; |ram|4x32ram:inst1|4x4ram:inst4|memory_cell:inst14|inst4 ; |ram|4x32ram:inst1|4x4ram:inst4|memory_cell:inst14|inst4 ; out0             ;
; |ram|4x32ram:inst1|4x4ram:inst4|memory_cell:inst12|inst3 ; |ram|4x32ram:inst1|4x4ram:inst4|memory_cell:inst12|inst3 ; out              ;
; |ram|4x32ram:inst1|4x4ram:inst4|memory_cell:inst12|inst  ; |ram|4x32ram:inst1|4x4ram:inst4|memory_cell:inst12|inst  ; regout           ;
; |ram|4x32ram:inst1|4x4ram:inst4|memory_cell:inst12|inst4 ; |ram|4x32ram:inst1|4x4ram:inst4|memory_cell:inst12|inst4 ; out0             ;
; |ram|4x32ram:inst1|4x4ram:inst4|memory_cell:inst10|inst  ; |ram|4x32ram:inst1|4x4ram:inst4|memory_cell:inst10|inst  ; regout           ;
; |ram|4x32ram:inst1|4x4ram:inst4|memory_cell:inst10|inst4 ; |ram|4x32ram:inst1|4x4ram:inst4|memory_cell:inst10|inst4 ; out0             ;
; |ram|4x32ram:inst1|4x4ram:inst4|memory_cell:inst15|inst  ; |ram|4x32ram:inst1|4x4ram:inst4|memory_cell:inst15|inst  ; regout           ;
; |ram|4x32ram:inst1|4x4ram:inst4|memory_cell:inst15|inst4 ; |ram|4x32ram:inst1|4x4ram:inst4|memory_cell:inst15|inst4 ; out0             ;
; |ram|4x32ram:inst1|4x4ram:inst4|memory_cell:inst13|inst  ; |ram|4x32ram:inst1|4x4ram:inst4|memory_cell:inst13|inst  ; regout           ;
; |ram|4x32ram:inst1|4x4ram:inst4|memory_cell:inst13|inst4 ; |ram|4x32ram:inst1|4x4ram:inst4|memory_cell:inst13|inst4 ; out0             ;
; |ram|4x32ram:inst1|4x4ram:inst4|memory_cell:inst11|inst3 ; |ram|4x32ram:inst1|4x4ram:inst4|memory_cell:inst11|inst3 ; out              ;
; |ram|4x32ram:inst1|4x4ram:inst4|memory_cell:inst11|inst  ; |ram|4x32ram:inst1|4x4ram:inst4|memory_cell:inst11|inst  ; regout           ;
; |ram|4x32ram:inst1|4x4ram:inst4|memory_cell:inst11|inst4 ; |ram|4x32ram:inst1|4x4ram:inst4|memory_cell:inst11|inst4 ; out0             ;
; |ram|4x32ram:inst1|4x4ram:inst4|memory_cell:inst9|inst   ; |ram|4x32ram:inst1|4x4ram:inst4|memory_cell:inst9|inst   ; regout           ;
; |ram|4x32ram:inst1|4x4ram:inst4|memory_cell:inst9|inst4  ; |ram|4x32ram:inst1|4x4ram:inst4|memory_cell:inst9|inst4  ; out0             ;
; |ram|4x32ram:inst1|4x4ram:inst4|memory_cell:inst8|inst   ; |ram|4x32ram:inst1|4x4ram:inst4|memory_cell:inst8|inst   ; regout           ;
; |ram|4x32ram:inst1|4x4ram:inst4|memory_cell:inst8|inst4  ; |ram|4x32ram:inst1|4x4ram:inst4|memory_cell:inst8|inst4  ; out0             ;
; |ram|4x32ram:inst1|4x4ram:inst4|memory_cell:inst6|inst   ; |ram|4x32ram:inst1|4x4ram:inst4|memory_cell:inst6|inst   ; regout           ;
; |ram|4x32ram:inst1|4x4ram:inst4|memory_cell:inst6|inst4  ; |ram|4x32ram:inst1|4x4ram:inst4|memory_cell:inst6|inst4  ; out0             ;
; |ram|4x32ram:inst1|4x4ram:inst4|memory_cell:inst4|inst3  ; |ram|4x32ram:inst1|4x4ram:inst4|memory_cell:inst4|inst3  ; out              ;
; |ram|4x32ram:inst1|4x4ram:inst4|memory_cell:inst4|inst   ; |ram|4x32ram:inst1|4x4ram:inst4|memory_cell:inst4|inst   ; regout           ;
; |ram|4x32ram:inst1|4x4ram:inst4|memory_cell:inst4|inst4  ; |ram|4x32ram:inst1|4x4ram:inst4|memory_cell:inst4|inst4  ; out0             ;
; |ram|4x32ram:inst1|4x4ram:inst4|24decoder:inst|inst3     ; |ram|4x32ram:inst1|4x4ram:inst4|24decoder:inst|inst3     ; out0             ;
; |ram|4x32ram:inst1|4x4ram:inst4|memory_cell:inst2|inst   ; |ram|4x32ram:inst1|4x4ram:inst4|memory_cell:inst2|inst   ; regout           ;
; |ram|4x32ram:inst1|4x4ram:inst4|memory_cell:inst2|inst4  ; |ram|4x32ram:inst1|4x4ram:inst4|memory_cell:inst2|inst4  ; out0             ;
; |ram|4x32ram:inst1|4x4ram:inst3|inst20                   ; |ram|4x32ram:inst1|4x4ram:inst3|inst20                   ; out              ;
; |ram|4x32ram:inst1|4x4ram:inst3|IN~0                     ; |ram|4x32ram:inst1|4x4ram:inst3|IN~0                     ; out0             ;
; |ram|4x32ram:inst1|4x4ram:inst3|inst17                   ; |ram|4x32ram:inst1|4x4ram:inst3|inst17                   ; out0             ;
; |ram|4x32ram:inst1|4x4ram:inst3|inst18                   ; |ram|4x32ram:inst1|4x4ram:inst3|inst18                   ; out0             ;
; |ram|4x32ram:inst1|4x4ram:inst3|inst21                   ; |ram|4x32ram:inst1|4x4ram:inst3|inst21                   ; out              ;
; |ram|4x32ram:inst1|4x4ram:inst3|IN~1                     ; |ram|4x32ram:inst1|4x4ram:inst3|IN~1                     ; out0             ;
; |ram|4x32ram:inst1|4x4ram:inst3|inst22                   ; |ram|4x32ram:inst1|4x4ram:inst3|inst22                   ; out              ;
; |ram|4x32ram:inst1|4x4ram:inst3|IN~2                     ; |ram|4x32ram:inst1|4x4ram:inst3|IN~2                     ; out0             ;
; |ram|4x32ram:inst1|4x4ram:inst3|inst19                   ; |ram|4x32ram:inst1|4x4ram:inst3|inst19                   ; out              ;
; |ram|4x32ram:inst1|4x4ram:inst3|IN~3                     ; |ram|4x32ram:inst1|4x4ram:inst3|IN~3                     ; out0             ;
; |ram|4x32ram:inst1|4x4ram:inst3|memory_cell:inst3|inst3  ; |ram|4x32ram:inst1|4x4ram:inst3|memory_cell:inst3|inst3  ; out              ;
; |ram|4x32ram:inst1|4x4ram:inst3|memory_cell:inst3|inst   ; |ram|4x32ram:inst1|4x4ram:inst3|memory_cell:inst3|inst   ; regout           ;
; |ram|4x32ram:inst1|4x4ram:inst3|memory_cell:inst3|inst4  ; |ram|4x32ram:inst1|4x4ram:inst3|memory_cell:inst3|inst4  ; out0             ;
; |ram|4x32ram:inst1|4x4ram:inst3|memory_cell:inst5|inst   ; |ram|4x32ram:inst1|4x4ram:inst3|memory_cell:inst5|inst   ; regout           ;
; |ram|4x32ram:inst1|4x4ram:inst3|memory_cell:inst5|inst4  ; |ram|4x32ram:inst1|4x4ram:inst3|memory_cell:inst5|inst4  ; out0             ;
; |ram|4x32ram:inst1|4x4ram:inst3|memory_cell:inst7|inst   ; |ram|4x32ram:inst1|4x4ram:inst3|memory_cell:inst7|inst   ; regout           ;
; |ram|4x32ram:inst1|4x4ram:inst3|memory_cell:inst7|inst4  ; |ram|4x32ram:inst1|4x4ram:inst3|memory_cell:inst7|inst4  ; out0             ;
; |ram|4x32ram:inst1|4x4ram:inst3|memory_cell:inst1|inst   ; |ram|4x32ram:inst1|4x4ram:inst3|memory_cell:inst1|inst   ; regout           ;
; |ram|4x32ram:inst1|4x4ram:inst3|memory_cell:inst1|inst4  ; |ram|4x32ram:inst1|4x4ram:inst3|memory_cell:inst1|inst4  ; out0             ;
; |ram|4x32ram:inst1|4x4ram:inst3|memory_cell:inst16|inst  ; |ram|4x32ram:inst1|4x4ram:inst3|memory_cell:inst16|inst  ; regout           ;
; |ram|4x32ram:inst1|4x4ram:inst3|memory_cell:inst16|inst4 ; |ram|4x32ram:inst1|4x4ram:inst3|memory_cell:inst16|inst4 ; out0             ;
; |ram|4x32ram:inst1|4x4ram:inst3|memory_cell:inst14|inst  ; |ram|4x32ram:inst1|4x4ram:inst3|memory_cell:inst14|inst  ; regout           ;
; |ram|4x32ram:inst1|4x4ram:inst3|memory_cell:inst14|inst4 ; |ram|4x32ram:inst1|4x4ram:inst3|memory_cell:inst14|inst4 ; out0             ;
; |ram|4x32ram:inst1|4x4ram:inst3|memory_cell:inst12|inst3 ; |ram|4x32ram:inst1|4x4ram:inst3|memory_cell:inst12|inst3 ; out              ;
; |ram|4x32ram:inst1|4x4ram:inst3|memory_cell:inst12|inst  ; |ram|4x32ram:inst1|4x4ram:inst3|memory_cell:inst12|inst  ; regout           ;
; |ram|4x32ram:inst1|4x4ram:inst3|memory_cell:inst12|inst4 ; |ram|4x32ram:inst1|4x4ram:inst3|memory_cell:inst12|inst4 ; out0             ;
; |ram|4x32ram:inst1|4x4ram:inst3|memory_cell:inst10|inst  ; |ram|4x32ram:inst1|4x4ram:inst3|memory_cell:inst10|inst  ; regout           ;
; |ram|4x32ram:inst1|4x4ram:inst3|memory_cell:inst10|inst4 ; |ram|4x32ram:inst1|4x4ram:inst3|memory_cell:inst10|inst4 ; out0             ;
; |ram|4x32ram:inst1|4x4ram:inst3|memory_cell:inst15|inst  ; |ram|4x32ram:inst1|4x4ram:inst3|memory_cell:inst15|inst  ; regout           ;
; |ram|4x32ram:inst1|4x4ram:inst3|memory_cell:inst15|inst4 ; |ram|4x32ram:inst1|4x4ram:inst3|memory_cell:inst15|inst4 ; out0             ;
; |ram|4x32ram:inst1|4x4ram:inst3|memory_cell:inst13|inst  ; |ram|4x32ram:inst1|4x4ram:inst3|memory_cell:inst13|inst  ; regout           ;
; |ram|4x32ram:inst1|4x4ram:inst3|memory_cell:inst13|inst4 ; |ram|4x32ram:inst1|4x4ram:inst3|memory_cell:inst13|inst4 ; out0             ;
; |ram|4x32ram:inst1|4x4ram:inst3|memory_cell:inst11|inst3 ; |ram|4x32ram:inst1|4x4ram:inst3|memory_cell:inst11|inst3 ; out              ;
; |ram|4x32ram:inst1|4x4ram:inst3|memory_cell:inst11|inst  ; |ram|4x32ram:inst1|4x4ram:inst3|memory_cell:inst11|inst  ; regout           ;
; |ram|4x32ram:inst1|4x4ram:inst3|memory_cell:inst11|inst4 ; |ram|4x32ram:inst1|4x4ram:inst3|memory_cell:inst11|inst4 ; out0             ;
; |ram|4x32ram:inst1|4x4ram:inst3|memory_cell:inst9|inst   ; |ram|4x32ram:inst1|4x4ram:inst3|memory_cell:inst9|inst   ; regout           ;
; |ram|4x32ram:inst1|4x4ram:inst3|memory_cell:inst9|inst4  ; |ram|4x32ram:inst1|4x4ram:inst3|memory_cell:inst9|inst4  ; out0             ;
; |ram|4x32ram:inst1|4x4ram:inst3|memory_cell:inst8|inst   ; |ram|4x32ram:inst1|4x4ram:inst3|memory_cell:inst8|inst   ; regout           ;
; |ram|4x32ram:inst1|4x4ram:inst3|memory_cell:inst8|inst4  ; |ram|4x32ram:inst1|4x4ram:inst3|memory_cell:inst8|inst4  ; out0             ;
; |ram|4x32ram:inst1|4x4ram:inst3|memory_cell:inst6|inst   ; |ram|4x32ram:inst1|4x4ram:inst3|memory_cell:inst6|inst   ; regout           ;
; |ram|4x32ram:inst1|4x4ram:inst3|memory_cell:inst6|inst4  ; |ram|4x32ram:inst1|4x4ram:inst3|memory_cell:inst6|inst4  ; out0             ;
; |ram|4x32ram:inst1|4x4ram:inst3|memory_cell:inst4|inst3  ; |ram|4x32ram:inst1|4x4ram:inst3|memory_cell:inst4|inst3  ; out              ;
; |ram|4x32ram:inst1|4x4ram:inst3|memory_cell:inst4|inst   ; |ram|4x32ram:inst1|4x4ram:inst3|memory_cell:inst4|inst   ; regout           ;
; |ram|4x32ram:inst1|4x4ram:inst3|memory_cell:inst4|inst4  ; |ram|4x32ram:inst1|4x4ram:inst3|memory_cell:inst4|inst4  ; out0             ;
; |ram|4x32ram:inst1|4x4ram:inst3|24decoder:inst|inst3     ; |ram|4x32ram:inst1|4x4ram:inst3|24decoder:inst|inst3     ; out0             ;
; |ram|4x32ram:inst1|4x4ram:inst3|memory_cell:inst2|inst   ; |ram|4x32ram:inst1|4x4ram:inst3|memory_cell:inst2|inst   ; regout           ;
; |ram|4x32ram:inst1|4x4ram:inst3|memory_cell:inst2|inst4  ; |ram|4x32ram:inst1|4x4ram:inst3|memory_cell:inst2|inst4  ; out0             ;
; |ram|4x32ram:inst1|4x4ram:inst1|inst20                   ; |ram|4x32ram:inst1|4x4ram:inst1|inst20                   ; out              ;
; |ram|4x32ram:inst1|4x4ram:inst1|IN~0                     ; |ram|4x32ram:inst1|4x4ram:inst1|IN~0                     ; out0             ;
; |ram|4x32ram:inst1|4x4ram:inst1|inst17                   ; |ram|4x32ram:inst1|4x4ram:inst1|inst17                   ; out0             ;
; |ram|4x32ram:inst1|4x4ram:inst1|inst18                   ; |ram|4x32ram:inst1|4x4ram:inst1|inst18                   ; out0             ;
; |ram|4x32ram:inst1|4x4ram:inst1|inst21                   ; |ram|4x32ram:inst1|4x4ram:inst1|inst21                   ; out              ;
; |ram|4x32ram:inst1|4x4ram:inst1|IN~1                     ; |ram|4x32ram:inst1|4x4ram:inst1|IN~1                     ; out0             ;
; |ram|4x32ram:inst1|4x4ram:inst1|inst22                   ; |ram|4x32ram:inst1|4x4ram:inst1|inst22                   ; out              ;
; |ram|4x32ram:inst1|4x4ram:inst1|IN~2                     ; |ram|4x32ram:inst1|4x4ram:inst1|IN~2                     ; out0             ;
; |ram|4x32ram:inst1|4x4ram:inst1|inst19                   ; |ram|4x32ram:inst1|4x4ram:inst1|inst19                   ; out              ;
; |ram|4x32ram:inst1|4x4ram:inst1|IN~3                     ; |ram|4x32ram:inst1|4x4ram:inst1|IN~3                     ; out0             ;
; |ram|4x32ram:inst1|4x4ram:inst1|memory_cell:inst3|inst3  ; |ram|4x32ram:inst1|4x4ram:inst1|memory_cell:inst3|inst3  ; out              ;
; |ram|4x32ram:inst1|4x4ram:inst1|memory_cell:inst3|inst   ; |ram|4x32ram:inst1|4x4ram:inst1|memory_cell:inst3|inst   ; regout           ;
; |ram|4x32ram:inst1|4x4ram:inst1|memory_cell:inst3|inst4  ; |ram|4x32ram:inst1|4x4ram:inst1|memory_cell:inst3|inst4  ; out0             ;
; |ram|4x32ram:inst1|4x4ram:inst1|memory_cell:inst5|inst   ; |ram|4x32ram:inst1|4x4ram:inst1|memory_cell:inst5|inst   ; regout           ;
; |ram|4x32ram:inst1|4x4ram:inst1|memory_cell:inst5|inst4  ; |ram|4x32ram:inst1|4x4ram:inst1|memory_cell:inst5|inst4  ; out0             ;
; |ram|4x32ram:inst1|4x4ram:inst1|memory_cell:inst7|inst   ; |ram|4x32ram:inst1|4x4ram:inst1|memory_cell:inst7|inst   ; regout           ;
; |ram|4x32ram:inst1|4x4ram:inst1|memory_cell:inst7|inst4  ; |ram|4x32ram:inst1|4x4ram:inst1|memory_cell:inst7|inst4  ; out0             ;
; |ram|4x32ram:inst1|4x4ram:inst1|memory_cell:inst1|inst   ; |ram|4x32ram:inst1|4x4ram:inst1|memory_cell:inst1|inst   ; regout           ;
; |ram|4x32ram:inst1|4x4ram:inst1|memory_cell:inst1|inst4  ; |ram|4x32ram:inst1|4x4ram:inst1|memory_cell:inst1|inst4  ; out0             ;
; |ram|4x32ram:inst1|4x4ram:inst1|memory_cell:inst16|inst  ; |ram|4x32ram:inst1|4x4ram:inst1|memory_cell:inst16|inst  ; regout           ;
; |ram|4x32ram:inst1|4x4ram:inst1|memory_cell:inst16|inst4 ; |ram|4x32ram:inst1|4x4ram:inst1|memory_cell:inst16|inst4 ; out0             ;
; |ram|4x32ram:inst1|4x4ram:inst1|memory_cell:inst14|inst  ; |ram|4x32ram:inst1|4x4ram:inst1|memory_cell:inst14|inst  ; regout           ;
; |ram|4x32ram:inst1|4x4ram:inst1|memory_cell:inst14|inst4 ; |ram|4x32ram:inst1|4x4ram:inst1|memory_cell:inst14|inst4 ; out0             ;
; |ram|4x32ram:inst1|4x4ram:inst1|memory_cell:inst12|inst3 ; |ram|4x32ram:inst1|4x4ram:inst1|memory_cell:inst12|inst3 ; out              ;
; |ram|4x32ram:inst1|4x4ram:inst1|memory_cell:inst12|inst  ; |ram|4x32ram:inst1|4x4ram:inst1|memory_cell:inst12|inst  ; regout           ;
; |ram|4x32ram:inst1|4x4ram:inst1|memory_cell:inst12|inst4 ; |ram|4x32ram:inst1|4x4ram:inst1|memory_cell:inst12|inst4 ; out0             ;
; |ram|4x32ram:inst1|4x4ram:inst1|memory_cell:inst10|inst  ; |ram|4x32ram:inst1|4x4ram:inst1|memory_cell:inst10|inst  ; regout           ;
; |ram|4x32ram:inst1|4x4ram:inst1|memory_cell:inst10|inst4 ; |ram|4x32ram:inst1|4x4ram:inst1|memory_cell:inst10|inst4 ; out0             ;
; |ram|4x32ram:inst1|4x4ram:inst1|memory_cell:inst15|inst  ; |ram|4x32ram:inst1|4x4ram:inst1|memory_cell:inst15|inst  ; regout           ;
; |ram|4x32ram:inst1|4x4ram:inst1|memory_cell:inst15|inst4 ; |ram|4x32ram:inst1|4x4ram:inst1|memory_cell:inst15|inst4 ; out0             ;
; |ram|4x32ram:inst1|4x4ram:inst1|memory_cell:inst13|inst  ; |ram|4x32ram:inst1|4x4ram:inst1|memory_cell:inst13|inst  ; regout           ;
; |ram|4x32ram:inst1|4x4ram:inst1|memory_cell:inst13|inst4 ; |ram|4x32ram:inst1|4x4ram:inst1|memory_cell:inst13|inst4 ; out0             ;
; |ram|4x32ram:inst1|4x4ram:inst1|memory_cell:inst11|inst3 ; |ram|4x32ram:inst1|4x4ram:inst1|memory_cell:inst11|inst3 ; out              ;
; |ram|4x32ram:inst1|4x4ram:inst1|memory_cell:inst11|inst  ; |ram|4x32ram:inst1|4x4ram:inst1|memory_cell:inst11|inst  ; regout           ;
; |ram|4x32ram:inst1|4x4ram:inst1|memory_cell:inst11|inst4 ; |ram|4x32ram:inst1|4x4ram:inst1|memory_cell:inst11|inst4 ; out0             ;
; |ram|4x32ram:inst1|4x4ram:inst1|memory_cell:inst9|inst   ; |ram|4x32ram:inst1|4x4ram:inst1|memory_cell:inst9|inst   ; regout           ;
; |ram|4x32ram:inst1|4x4ram:inst1|memory_cell:inst9|inst4  ; |ram|4x32ram:inst1|4x4ram:inst1|memory_cell:inst9|inst4  ; out0             ;
; |ram|4x32ram:inst1|4x4ram:inst1|memory_cell:inst8|inst   ; |ram|4x32ram:inst1|4x4ram:inst1|memory_cell:inst8|inst   ; regout           ;
; |ram|4x32ram:inst1|4x4ram:inst1|memory_cell:inst8|inst4  ; |ram|4x32ram:inst1|4x4ram:inst1|memory_cell:inst8|inst4  ; out0             ;
; |ram|4x32ram:inst1|4x4ram:inst1|memory_cell:inst6|inst   ; |ram|4x32ram:inst1|4x4ram:inst1|memory_cell:inst6|inst   ; regout           ;
; |ram|4x32ram:inst1|4x4ram:inst1|memory_cell:inst6|inst4  ; |ram|4x32ram:inst1|4x4ram:inst1|memory_cell:inst6|inst4  ; out0             ;
; |ram|4x32ram:inst1|4x4ram:inst1|memory_cell:inst4|inst3  ; |ram|4x32ram:inst1|4x4ram:inst1|memory_cell:inst4|inst3  ; out              ;
; |ram|4x32ram:inst1|4x4ram:inst1|memory_cell:inst4|inst   ; |ram|4x32ram:inst1|4x4ram:inst1|memory_cell:inst4|inst   ; regout           ;
; |ram|4x32ram:inst1|4x4ram:inst1|memory_cell:inst4|inst4  ; |ram|4x32ram:inst1|4x4ram:inst1|memory_cell:inst4|inst4  ; out0             ;
; |ram|4x32ram:inst1|4x4ram:inst1|24decoder:inst|inst3     ; |ram|4x32ram:inst1|4x4ram:inst1|24decoder:inst|inst3     ; out0             ;
; |ram|4x32ram:inst1|4x4ram:inst1|memory_cell:inst2|inst   ; |ram|4x32ram:inst1|4x4ram:inst1|memory_cell:inst2|inst   ; regout           ;
; |ram|4x32ram:inst1|4x4ram:inst1|memory_cell:inst2|inst4  ; |ram|4x32ram:inst1|4x4ram:inst1|memory_cell:inst2|inst4  ; out0             ;
; |ram|4x32ram:inst1|4x4ram:inst|inst20                    ; |ram|4x32ram:inst1|4x4ram:inst|inst20                    ; out              ;
; |ram|4x32ram:inst1|4x4ram:inst|IN~0                      ; |ram|4x32ram:inst1|4x4ram:inst|IN~0                      ; out0             ;
; |ram|4x32ram:inst1|4x4ram:inst|inst17                    ; |ram|4x32ram:inst1|4x4ram:inst|inst17                    ; out0             ;
; |ram|4x32ram:inst1|4x4ram:inst|inst18                    ; |ram|4x32ram:inst1|4x4ram:inst|inst18                    ; out0             ;
; |ram|4x32ram:inst1|4x4ram:inst|inst21                    ; |ram|4x32ram:inst1|4x4ram:inst|inst21                    ; out              ;
; |ram|4x32ram:inst1|4x4ram:inst|IN~1                      ; |ram|4x32ram:inst1|4x4ram:inst|IN~1                      ; out0             ;
; |ram|4x32ram:inst1|4x4ram:inst|inst22                    ; |ram|4x32ram:inst1|4x4ram:inst|inst22                    ; out              ;
; |ram|4x32ram:inst1|4x4ram:inst|IN~2                      ; |ram|4x32ram:inst1|4x4ram:inst|IN~2                      ; out0             ;
; |ram|4x32ram:inst1|4x4ram:inst|inst19                    ; |ram|4x32ram:inst1|4x4ram:inst|inst19                    ; out              ;
; |ram|4x32ram:inst1|4x4ram:inst|IN~3                      ; |ram|4x32ram:inst1|4x4ram:inst|IN~3                      ; out0             ;
; |ram|4x32ram:inst1|4x4ram:inst|memory_cell:inst3|inst3   ; |ram|4x32ram:inst1|4x4ram:inst|memory_cell:inst3|inst3   ; out              ;
; |ram|4x32ram:inst1|4x4ram:inst|memory_cell:inst3|inst    ; |ram|4x32ram:inst1|4x4ram:inst|memory_cell:inst3|inst    ; regout           ;
; |ram|4x32ram:inst1|4x4ram:inst|memory_cell:inst3|inst4   ; |ram|4x32ram:inst1|4x4ram:inst|memory_cell:inst3|inst4   ; out0             ;
; |ram|4x32ram:inst1|4x4ram:inst|memory_cell:inst5|inst    ; |ram|4x32ram:inst1|4x4ram:inst|memory_cell:inst5|inst    ; regout           ;
; |ram|4x32ram:inst1|4x4ram:inst|memory_cell:inst5|inst4   ; |ram|4x32ram:inst1|4x4ram:inst|memory_cell:inst5|inst4   ; out0             ;
; |ram|4x32ram:inst1|4x4ram:inst|memory_cell:inst7|inst    ; |ram|4x32ram:inst1|4x4ram:inst|memory_cell:inst7|inst    ; regout           ;
; |ram|4x32ram:inst1|4x4ram:inst|memory_cell:inst7|inst4   ; |ram|4x32ram:inst1|4x4ram:inst|memory_cell:inst7|inst4   ; out0             ;
; |ram|4x32ram:inst1|4x4ram:inst|memory_cell:inst1|inst    ; |ram|4x32ram:inst1|4x4ram:inst|memory_cell:inst1|inst    ; regout           ;
; |ram|4x32ram:inst1|4x4ram:inst|memory_cell:inst1|inst4   ; |ram|4x32ram:inst1|4x4ram:inst|memory_cell:inst1|inst4   ; out0             ;
; |ram|4x32ram:inst1|4x4ram:inst|memory_cell:inst16|inst   ; |ram|4x32ram:inst1|4x4ram:inst|memory_cell:inst16|inst   ; regout           ;
; |ram|4x32ram:inst1|4x4ram:inst|memory_cell:inst16|inst4  ; |ram|4x32ram:inst1|4x4ram:inst|memory_cell:inst16|inst4  ; out0             ;
; |ram|4x32ram:inst1|4x4ram:inst|memory_cell:inst14|inst   ; |ram|4x32ram:inst1|4x4ram:inst|memory_cell:inst14|inst   ; regout           ;
; |ram|4x32ram:inst1|4x4ram:inst|memory_cell:inst14|inst4  ; |ram|4x32ram:inst1|4x4ram:inst|memory_cell:inst14|inst4  ; out0             ;
; |ram|4x32ram:inst1|4x4ram:inst|memory_cell:inst12|inst3  ; |ram|4x32ram:inst1|4x4ram:inst|memory_cell:inst12|inst3  ; out              ;
; |ram|4x32ram:inst1|4x4ram:inst|memory_cell:inst12|inst   ; |ram|4x32ram:inst1|4x4ram:inst|memory_cell:inst12|inst   ; regout           ;
; |ram|4x32ram:inst1|4x4ram:inst|memory_cell:inst12|inst4  ; |ram|4x32ram:inst1|4x4ram:inst|memory_cell:inst12|inst4  ; out0             ;
; |ram|4x32ram:inst1|4x4ram:inst|memory_cell:inst10|inst   ; |ram|4x32ram:inst1|4x4ram:inst|memory_cell:inst10|inst   ; regout           ;
; |ram|4x32ram:inst1|4x4ram:inst|memory_cell:inst10|inst4  ; |ram|4x32ram:inst1|4x4ram:inst|memory_cell:inst10|inst4  ; out0             ;
; |ram|4x32ram:inst1|4x4ram:inst|memory_cell:inst15|inst   ; |ram|4x32ram:inst1|4x4ram:inst|memory_cell:inst15|inst   ; regout           ;
; |ram|4x32ram:inst1|4x4ram:inst|memory_cell:inst15|inst4  ; |ram|4x32ram:inst1|4x4ram:inst|memory_cell:inst15|inst4  ; out0             ;
; |ram|4x32ram:inst1|4x4ram:inst|memory_cell:inst13|inst   ; |ram|4x32ram:inst1|4x4ram:inst|memory_cell:inst13|inst   ; regout           ;
; |ram|4x32ram:inst1|4x4ram:inst|memory_cell:inst13|inst4  ; |ram|4x32ram:inst1|4x4ram:inst|memory_cell:inst13|inst4  ; out0             ;
; |ram|4x32ram:inst1|4x4ram:inst|memory_cell:inst11|inst3  ; |ram|4x32ram:inst1|4x4ram:inst|memory_cell:inst11|inst3  ; out              ;
; |ram|4x32ram:inst1|4x4ram:inst|memory_cell:inst11|inst   ; |ram|4x32ram:inst1|4x4ram:inst|memory_cell:inst11|inst   ; regout           ;
; |ram|4x32ram:inst1|4x4ram:inst|memory_cell:inst11|inst4  ; |ram|4x32ram:inst1|4x4ram:inst|memory_cell:inst11|inst4  ; out0             ;
; |ram|4x32ram:inst1|4x4ram:inst|memory_cell:inst9|inst    ; |ram|4x32ram:inst1|4x4ram:inst|memory_cell:inst9|inst    ; regout           ;
; |ram|4x32ram:inst1|4x4ram:inst|memory_cell:inst9|inst4   ; |ram|4x32ram:inst1|4x4ram:inst|memory_cell:inst9|inst4   ; out0             ;
; |ram|4x32ram:inst1|4x4ram:inst|memory_cell:inst8|inst    ; |ram|4x32ram:inst1|4x4ram:inst|memory_cell:inst8|inst    ; regout           ;
; |ram|4x32ram:inst1|4x4ram:inst|memory_cell:inst8|inst4   ; |ram|4x32ram:inst1|4x4ram:inst|memory_cell:inst8|inst4   ; out0             ;
; |ram|4x32ram:inst1|4x4ram:inst|memory_cell:inst6|inst    ; |ram|4x32ram:inst1|4x4ram:inst|memory_cell:inst6|inst    ; regout           ;
; |ram|4x32ram:inst1|4x4ram:inst|memory_cell:inst6|inst4   ; |ram|4x32ram:inst1|4x4ram:inst|memory_cell:inst6|inst4   ; out0             ;
; |ram|4x32ram:inst1|4x4ram:inst|memory_cell:inst4|inst3   ; |ram|4x32ram:inst1|4x4ram:inst|memory_cell:inst4|inst3   ; out              ;
; |ram|4x32ram:inst1|4x4ram:inst|memory_cell:inst4|inst    ; |ram|4x32ram:inst1|4x4ram:inst|memory_cell:inst4|inst    ; regout           ;
; |ram|4x32ram:inst1|4x4ram:inst|memory_cell:inst4|inst4   ; |ram|4x32ram:inst1|4x4ram:inst|memory_cell:inst4|inst4   ; out0             ;
; |ram|4x32ram:inst1|4x4ram:inst|24decoder:inst|inst3      ; |ram|4x32ram:inst1|4x4ram:inst|24decoder:inst|inst3      ; out0             ;
; |ram|4x32ram:inst1|4x4ram:inst|memory_cell:inst2|inst    ; |ram|4x32ram:inst1|4x4ram:inst|memory_cell:inst2|inst    ; regout           ;
; |ram|4x32ram:inst1|4x4ram:inst|memory_cell:inst2|inst4   ; |ram|4x32ram:inst1|4x4ram:inst|memory_cell:inst2|inst4   ; out0             ;
; |ram|38decoder:inst8|inst2                               ; |ram|38decoder:inst8|inst2                               ; out0             ;
; |ram|38decoder:inst8|inst4                               ; |ram|38decoder:inst8|inst4                               ; out0             ;
; |ram|38decoder:inst8|inst5                               ; |ram|38decoder:inst8|inst5                               ; out0             ;
; |ram|38decoder:inst8|inst6                               ; |ram|38decoder:inst8|inst6                               ; out0             ;
; |ram|38decoder:inst8|inst9                               ; |ram|38decoder:inst8|inst9                               ; out0             ;
; |ram|38decoder:inst8|inst11                              ; |ram|38decoder:inst8|inst11                              ; out0             ;
; |ram|38decoder:inst8|24decoder:inst1|inst4               ; |ram|38decoder:inst8|24decoder:inst1|inst4               ; out0             ;
; |ram|38decoder:inst8|24decoder:inst1|inst5               ; |ram|38decoder:inst8|24decoder:inst1|inst5               ; out0             ;
; |ram|38decoder:inst8|24decoder:inst|inst4                ; |ram|38decoder:inst8|24decoder:inst|inst4                ; out0             ;
; |ram|38decoder:inst8|24decoder:inst|inst5                ; |ram|38decoder:inst8|24decoder:inst|inst5                ; out0             ;
; |ram|4x32ram:inst|4x4ram:inst8|inst20                    ; |ram|4x32ram:inst|4x4ram:inst8|inst20                    ; out              ;
; |ram|4x32ram:inst|4x4ram:inst8|IN~0                      ; |ram|4x32ram:inst|4x4ram:inst8|IN~0                      ; out0             ;
; |ram|4x32ram:inst|4x4ram:inst8|inst17                    ; |ram|4x32ram:inst|4x4ram:inst8|inst17                    ; out0             ;
; |ram|4x32ram:inst|4x4ram:inst8|inst18                    ; |ram|4x32ram:inst|4x4ram:inst8|inst18                    ; out0             ;
; |ram|4x32ram:inst|4x4ram:inst8|inst21                    ; |ram|4x32ram:inst|4x4ram:inst8|inst21                    ; out              ;
; |ram|4x32ram:inst|4x4ram:inst8|IN~1                      ; |ram|4x32ram:inst|4x4ram:inst8|IN~1                      ; out0             ;
; |ram|4x32ram:inst|4x4ram:inst8|inst22                    ; |ram|4x32ram:inst|4x4ram:inst8|inst22                    ; out              ;
; |ram|4x32ram:inst|4x4ram:inst8|IN~2                      ; |ram|4x32ram:inst|4x4ram:inst8|IN~2                      ; out0             ;
; |ram|4x32ram:inst|4x4ram:inst8|inst19                    ; |ram|4x32ram:inst|4x4ram:inst8|inst19                    ; out              ;
; |ram|4x32ram:inst|4x4ram:inst8|IN~3                      ; |ram|4x32ram:inst|4x4ram:inst8|IN~3                      ; out0             ;
; |ram|4x32ram:inst|4x4ram:inst8|memory_cell:inst3|inst3   ; |ram|4x32ram:inst|4x4ram:inst8|memory_cell:inst3|inst3   ; out              ;
; |ram|4x32ram:inst|4x4ram:inst8|memory_cell:inst3|inst    ; |ram|4x32ram:inst|4x4ram:inst8|memory_cell:inst3|inst    ; regout           ;
; |ram|4x32ram:inst|4x4ram:inst8|memory_cell:inst3|inst4   ; |ram|4x32ram:inst|4x4ram:inst8|memory_cell:inst3|inst4   ; out0             ;
; |ram|4x32ram:inst|4x4ram:inst8|memory_cell:inst5|inst    ; |ram|4x32ram:inst|4x4ram:inst8|memory_cell:inst5|inst    ; regout           ;
; |ram|4x32ram:inst|4x4ram:inst8|memory_cell:inst5|inst4   ; |ram|4x32ram:inst|4x4ram:inst8|memory_cell:inst5|inst4   ; out0             ;
; |ram|4x32ram:inst|4x4ram:inst8|memory_cell:inst7|inst    ; |ram|4x32ram:inst|4x4ram:inst8|memory_cell:inst7|inst    ; regout           ;
; |ram|4x32ram:inst|4x4ram:inst8|memory_cell:inst7|inst4   ; |ram|4x32ram:inst|4x4ram:inst8|memory_cell:inst7|inst4   ; out0             ;
; |ram|4x32ram:inst|4x4ram:inst8|memory_cell:inst1|inst    ; |ram|4x32ram:inst|4x4ram:inst8|memory_cell:inst1|inst    ; regout           ;
; |ram|4x32ram:inst|4x4ram:inst8|memory_cell:inst1|inst4   ; |ram|4x32ram:inst|4x4ram:inst8|memory_cell:inst1|inst4   ; out0             ;
; |ram|4x32ram:inst|4x4ram:inst8|memory_cell:inst16|inst   ; |ram|4x32ram:inst|4x4ram:inst8|memory_cell:inst16|inst   ; regout           ;
; |ram|4x32ram:inst|4x4ram:inst8|memory_cell:inst16|inst4  ; |ram|4x32ram:inst|4x4ram:inst8|memory_cell:inst16|inst4  ; out0             ;
; |ram|4x32ram:inst|4x4ram:inst8|memory_cell:inst14|inst   ; |ram|4x32ram:inst|4x4ram:inst8|memory_cell:inst14|inst   ; regout           ;
; |ram|4x32ram:inst|4x4ram:inst8|memory_cell:inst14|inst4  ; |ram|4x32ram:inst|4x4ram:inst8|memory_cell:inst14|inst4  ; out0             ;
; |ram|4x32ram:inst|4x4ram:inst8|memory_cell:inst12|inst3  ; |ram|4x32ram:inst|4x4ram:inst8|memory_cell:inst12|inst3  ; out              ;
; |ram|4x32ram:inst|4x4ram:inst8|memory_cell:inst12|inst   ; |ram|4x32ram:inst|4x4ram:inst8|memory_cell:inst12|inst   ; regout           ;
; |ram|4x32ram:inst|4x4ram:inst8|memory_cell:inst12|inst4  ; |ram|4x32ram:inst|4x4ram:inst8|memory_cell:inst12|inst4  ; out0             ;
; |ram|4x32ram:inst|4x4ram:inst8|memory_cell:inst10|inst   ; |ram|4x32ram:inst|4x4ram:inst8|memory_cell:inst10|inst   ; regout           ;
; |ram|4x32ram:inst|4x4ram:inst8|memory_cell:inst10|inst4  ; |ram|4x32ram:inst|4x4ram:inst8|memory_cell:inst10|inst4  ; out0             ;
; |ram|4x32ram:inst|4x4ram:inst8|memory_cell:inst15|inst   ; |ram|4x32ram:inst|4x4ram:inst8|memory_cell:inst15|inst   ; regout           ;
; |ram|4x32ram:inst|4x4ram:inst8|memory_cell:inst15|inst4  ; |ram|4x32ram:inst|4x4ram:inst8|memory_cell:inst15|inst4  ; out0             ;
; |ram|4x32ram:inst|4x4ram:inst8|memory_cell:inst13|inst   ; |ram|4x32ram:inst|4x4ram:inst8|memory_cell:inst13|inst   ; regout           ;
; |ram|4x32ram:inst|4x4ram:inst8|memory_cell:inst13|inst4  ; |ram|4x32ram:inst|4x4ram:inst8|memory_cell:inst13|inst4  ; out0             ;
; |ram|4x32ram:inst|4x4ram:inst8|memory_cell:inst11|inst3  ; |ram|4x32ram:inst|4x4ram:inst8|memory_cell:inst11|inst3  ; out              ;
; |ram|4x32ram:inst|4x4ram:inst8|memory_cell:inst11|inst   ; |ram|4x32ram:inst|4x4ram:inst8|memory_cell:inst11|inst   ; regout           ;
; |ram|4x32ram:inst|4x4ram:inst8|memory_cell:inst11|inst4  ; |ram|4x32ram:inst|4x4ram:inst8|memory_cell:inst11|inst4  ; out0             ;
; |ram|4x32ram:inst|4x4ram:inst8|memory_cell:inst9|inst    ; |ram|4x32ram:inst|4x4ram:inst8|memory_cell:inst9|inst    ; regout           ;
; |ram|4x32ram:inst|4x4ram:inst8|memory_cell:inst9|inst4   ; |ram|4x32ram:inst|4x4ram:inst8|memory_cell:inst9|inst4   ; out0             ;
; |ram|4x32ram:inst|4x4ram:inst8|memory_cell:inst8|inst    ; |ram|4x32ram:inst|4x4ram:inst8|memory_cell:inst8|inst    ; regout           ;
; |ram|4x32ram:inst|4x4ram:inst8|memory_cell:inst8|inst4   ; |ram|4x32ram:inst|4x4ram:inst8|memory_cell:inst8|inst4   ; out0             ;
; |ram|4x32ram:inst|4x4ram:inst8|memory_cell:inst6|inst    ; |ram|4x32ram:inst|4x4ram:inst8|memory_cell:inst6|inst    ; regout           ;
; |ram|4x32ram:inst|4x4ram:inst8|memory_cell:inst6|inst4   ; |ram|4x32ram:inst|4x4ram:inst8|memory_cell:inst6|inst4   ; out0             ;
; |ram|4x32ram:inst|4x4ram:inst8|memory_cell:inst4|inst3   ; |ram|4x32ram:inst|4x4ram:inst8|memory_cell:inst4|inst3   ; out              ;
; |ram|4x32ram:inst|4x4ram:inst8|memory_cell:inst4|inst    ; |ram|4x32ram:inst|4x4ram:inst8|memory_cell:inst4|inst    ; regout           ;
; |ram|4x32ram:inst|4x4ram:inst8|memory_cell:inst4|inst4   ; |ram|4x32ram:inst|4x4ram:inst8|memory_cell:inst4|inst4   ; out0             ;
; |ram|4x32ram:inst|4x4ram:inst8|24decoder:inst|inst3      ; |ram|4x32ram:inst|4x4ram:inst8|24decoder:inst|inst3      ; out0             ;
; |ram|4x32ram:inst|4x4ram:inst8|memory_cell:inst2|inst    ; |ram|4x32ram:inst|4x4ram:inst8|memory_cell:inst2|inst    ; regout           ;
; |ram|4x32ram:inst|4x4ram:inst8|memory_cell:inst2|inst4   ; |ram|4x32ram:inst|4x4ram:inst8|memory_cell:inst2|inst4   ; out0             ;
; |ram|4x32ram:inst|4x4ram:inst7|inst20                    ; |ram|4x32ram:inst|4x4ram:inst7|inst20                    ; out              ;
; |ram|4x32ram:inst|4x4ram:inst7|IN~0                      ; |ram|4x32ram:inst|4x4ram:inst7|IN~0                      ; out0             ;
; |ram|4x32ram:inst|4x4ram:inst7|inst17                    ; |ram|4x32ram:inst|4x4ram:inst7|inst17                    ; out0             ;
; |ram|4x32ram:inst|4x4ram:inst7|inst18                    ; |ram|4x32ram:inst|4x4ram:inst7|inst18                    ; out0             ;
; |ram|4x32ram:inst|4x4ram:inst7|inst21                    ; |ram|4x32ram:inst|4x4ram:inst7|inst21                    ; out              ;
; |ram|4x32ram:inst|4x4ram:inst7|IN~1                      ; |ram|4x32ram:inst|4x4ram:inst7|IN~1                      ; out0             ;
; |ram|4x32ram:inst|4x4ram:inst7|inst22                    ; |ram|4x32ram:inst|4x4ram:inst7|inst22                    ; out              ;
; |ram|4x32ram:inst|4x4ram:inst7|IN~2                      ; |ram|4x32ram:inst|4x4ram:inst7|IN~2                      ; out0             ;
; |ram|4x32ram:inst|4x4ram:inst7|inst19                    ; |ram|4x32ram:inst|4x4ram:inst7|inst19                    ; out              ;
; |ram|4x32ram:inst|4x4ram:inst7|IN~3                      ; |ram|4x32ram:inst|4x4ram:inst7|IN~3                      ; out0             ;
; |ram|4x32ram:inst|4x4ram:inst7|memory_cell:inst3|inst3   ; |ram|4x32ram:inst|4x4ram:inst7|memory_cell:inst3|inst3   ; out              ;
; |ram|4x32ram:inst|4x4ram:inst7|memory_cell:inst3|inst    ; |ram|4x32ram:inst|4x4ram:inst7|memory_cell:inst3|inst    ; regout           ;
; |ram|4x32ram:inst|4x4ram:inst7|memory_cell:inst3|inst4   ; |ram|4x32ram:inst|4x4ram:inst7|memory_cell:inst3|inst4   ; out0             ;
; |ram|4x32ram:inst|4x4ram:inst7|memory_cell:inst5|inst    ; |ram|4x32ram:inst|4x4ram:inst7|memory_cell:inst5|inst    ; regout           ;
; |ram|4x32ram:inst|4x4ram:inst7|memory_cell:inst5|inst4   ; |ram|4x32ram:inst|4x4ram:inst7|memory_cell:inst5|inst4   ; out0             ;
; |ram|4x32ram:inst|4x4ram:inst7|memory_cell:inst7|inst    ; |ram|4x32ram:inst|4x4ram:inst7|memory_cell:inst7|inst    ; regout           ;
; |ram|4x32ram:inst|4x4ram:inst7|memory_cell:inst7|inst4   ; |ram|4x32ram:inst|4x4ram:inst7|memory_cell:inst7|inst4   ; out0             ;
; |ram|4x32ram:inst|4x4ram:inst7|memory_cell:inst1|inst    ; |ram|4x32ram:inst|4x4ram:inst7|memory_cell:inst1|inst    ; regout           ;
; |ram|4x32ram:inst|4x4ram:inst7|memory_cell:inst1|inst4   ; |ram|4x32ram:inst|4x4ram:inst7|memory_cell:inst1|inst4   ; out0             ;
; |ram|4x32ram:inst|4x4ram:inst7|memory_cell:inst16|inst   ; |ram|4x32ram:inst|4x4ram:inst7|memory_cell:inst16|inst   ; regout           ;
; |ram|4x32ram:inst|4x4ram:inst7|memory_cell:inst16|inst4  ; |ram|4x32ram:inst|4x4ram:inst7|memory_cell:inst16|inst4  ; out0             ;
; |ram|4x32ram:inst|4x4ram:inst7|memory_cell:inst14|inst   ; |ram|4x32ram:inst|4x4ram:inst7|memory_cell:inst14|inst   ; regout           ;
; |ram|4x32ram:inst|4x4ram:inst7|memory_cell:inst14|inst4  ; |ram|4x32ram:inst|4x4ram:inst7|memory_cell:inst14|inst4  ; out0             ;
; |ram|4x32ram:inst|4x4ram:inst7|memory_cell:inst12|inst3  ; |ram|4x32ram:inst|4x4ram:inst7|memory_cell:inst12|inst3  ; out              ;
; |ram|4x32ram:inst|4x4ram:inst7|memory_cell:inst12|inst   ; |ram|4x32ram:inst|4x4ram:inst7|memory_cell:inst12|inst   ; regout           ;
; |ram|4x32ram:inst|4x4ram:inst7|memory_cell:inst12|inst4  ; |ram|4x32ram:inst|4x4ram:inst7|memory_cell:inst12|inst4  ; out0             ;
; |ram|4x32ram:inst|4x4ram:inst7|memory_cell:inst10|inst   ; |ram|4x32ram:inst|4x4ram:inst7|memory_cell:inst10|inst   ; regout           ;
; |ram|4x32ram:inst|4x4ram:inst7|memory_cell:inst10|inst4  ; |ram|4x32ram:inst|4x4ram:inst7|memory_cell:inst10|inst4  ; out0             ;
; |ram|4x32ram:inst|4x4ram:inst7|memory_cell:inst15|inst   ; |ram|4x32ram:inst|4x4ram:inst7|memory_cell:inst15|inst   ; regout           ;
; |ram|4x32ram:inst|4x4ram:inst7|memory_cell:inst15|inst4  ; |ram|4x32ram:inst|4x4ram:inst7|memory_cell:inst15|inst4  ; out0             ;
; |ram|4x32ram:inst|4x4ram:inst7|memory_cell:inst13|inst   ; |ram|4x32ram:inst|4x4ram:inst7|memory_cell:inst13|inst   ; regout           ;
; |ram|4x32ram:inst|4x4ram:inst7|memory_cell:inst13|inst4  ; |ram|4x32ram:inst|4x4ram:inst7|memory_cell:inst13|inst4  ; out0             ;
; |ram|4x32ram:inst|4x4ram:inst7|memory_cell:inst11|inst3  ; |ram|4x32ram:inst|4x4ram:inst7|memory_cell:inst11|inst3  ; out              ;
; |ram|4x32ram:inst|4x4ram:inst7|memory_cell:inst11|inst   ; |ram|4x32ram:inst|4x4ram:inst7|memory_cell:inst11|inst   ; regout           ;
; |ram|4x32ram:inst|4x4ram:inst7|memory_cell:inst11|inst4  ; |ram|4x32ram:inst|4x4ram:inst7|memory_cell:inst11|inst4  ; out0             ;
; |ram|4x32ram:inst|4x4ram:inst7|memory_cell:inst9|inst    ; |ram|4x32ram:inst|4x4ram:inst7|memory_cell:inst9|inst    ; regout           ;
; |ram|4x32ram:inst|4x4ram:inst7|memory_cell:inst9|inst4   ; |ram|4x32ram:inst|4x4ram:inst7|memory_cell:inst9|inst4   ; out0             ;
; |ram|4x32ram:inst|4x4ram:inst7|memory_cell:inst8|inst    ; |ram|4x32ram:inst|4x4ram:inst7|memory_cell:inst8|inst    ; regout           ;
; |ram|4x32ram:inst|4x4ram:inst7|memory_cell:inst8|inst4   ; |ram|4x32ram:inst|4x4ram:inst7|memory_cell:inst8|inst4   ; out0             ;
; |ram|4x32ram:inst|4x4ram:inst7|memory_cell:inst6|inst    ; |ram|4x32ram:inst|4x4ram:inst7|memory_cell:inst6|inst    ; regout           ;
; |ram|4x32ram:inst|4x4ram:inst7|memory_cell:inst6|inst4   ; |ram|4x32ram:inst|4x4ram:inst7|memory_cell:inst6|inst4   ; out0             ;
; |ram|4x32ram:inst|4x4ram:inst7|memory_cell:inst4|inst3   ; |ram|4x32ram:inst|4x4ram:inst7|memory_cell:inst4|inst3   ; out              ;
; |ram|4x32ram:inst|4x4ram:inst7|memory_cell:inst4|inst    ; |ram|4x32ram:inst|4x4ram:inst7|memory_cell:inst4|inst    ; regout           ;
; |ram|4x32ram:inst|4x4ram:inst7|memory_cell:inst4|inst4   ; |ram|4x32ram:inst|4x4ram:inst7|memory_cell:inst4|inst4   ; out0             ;
; |ram|4x32ram:inst|4x4ram:inst7|24decoder:inst|inst3      ; |ram|4x32ram:inst|4x4ram:inst7|24decoder:inst|inst3      ; out0             ;
; |ram|4x32ram:inst|4x4ram:inst7|memory_cell:inst2|inst    ; |ram|4x32ram:inst|4x4ram:inst7|memory_cell:inst2|inst    ; regout           ;
; |ram|4x32ram:inst|4x4ram:inst7|memory_cell:inst2|inst4   ; |ram|4x32ram:inst|4x4ram:inst7|memory_cell:inst2|inst4   ; out0             ;
; |ram|4x32ram:inst|4x4ram:inst6|inst20                    ; |ram|4x32ram:inst|4x4ram:inst6|inst20                    ; out              ;
; |ram|4x32ram:inst|4x4ram:inst6|IN~0                      ; |ram|4x32ram:inst|4x4ram:inst6|IN~0                      ; out0             ;
; |ram|4x32ram:inst|4x4ram:inst6|inst17                    ; |ram|4x32ram:inst|4x4ram:inst6|inst17                    ; out0             ;
; |ram|4x32ram:inst|4x4ram:inst6|inst18                    ; |ram|4x32ram:inst|4x4ram:inst6|inst18                    ; out0             ;
; |ram|4x32ram:inst|4x4ram:inst6|inst21                    ; |ram|4x32ram:inst|4x4ram:inst6|inst21                    ; out              ;
; |ram|4x32ram:inst|4x4ram:inst6|IN~1                      ; |ram|4x32ram:inst|4x4ram:inst6|IN~1                      ; out0             ;
; |ram|4x32ram:inst|4x4ram:inst6|inst22                    ; |ram|4x32ram:inst|4x4ram:inst6|inst22                    ; out              ;
; |ram|4x32ram:inst|4x4ram:inst6|IN~2                      ; |ram|4x32ram:inst|4x4ram:inst6|IN~2                      ; out0             ;
; |ram|4x32ram:inst|4x4ram:inst6|inst19                    ; |ram|4x32ram:inst|4x4ram:inst6|inst19                    ; out              ;
; |ram|4x32ram:inst|4x4ram:inst6|IN~3                      ; |ram|4x32ram:inst|4x4ram:inst6|IN~3                      ; out0             ;
; |ram|4x32ram:inst|4x4ram:inst6|memory_cell:inst3|inst3   ; |ram|4x32ram:inst|4x4ram:inst6|memory_cell:inst3|inst3   ; out              ;
; |ram|4x32ram:inst|4x4ram:inst6|memory_cell:inst3|inst    ; |ram|4x32ram:inst|4x4ram:inst6|memory_cell:inst3|inst    ; regout           ;
; |ram|4x32ram:inst|4x4ram:inst6|memory_cell:inst3|inst4   ; |ram|4x32ram:inst|4x4ram:inst6|memory_cell:inst3|inst4   ; out0             ;
; |ram|4x32ram:inst|4x4ram:inst6|memory_cell:inst5|inst    ; |ram|4x32ram:inst|4x4ram:inst6|memory_cell:inst5|inst    ; regout           ;
; |ram|4x32ram:inst|4x4ram:inst6|memory_cell:inst5|inst4   ; |ram|4x32ram:inst|4x4ram:inst6|memory_cell:inst5|inst4   ; out0             ;
; |ram|4x32ram:inst|4x4ram:inst6|memory_cell:inst7|inst    ; |ram|4x32ram:inst|4x4ram:inst6|memory_cell:inst7|inst    ; regout           ;
; |ram|4x32ram:inst|4x4ram:inst6|memory_cell:inst7|inst4   ; |ram|4x32ram:inst|4x4ram:inst6|memory_cell:inst7|inst4   ; out0             ;
; |ram|4x32ram:inst|4x4ram:inst6|memory_cell:inst1|inst    ; |ram|4x32ram:inst|4x4ram:inst6|memory_cell:inst1|inst    ; regout           ;
; |ram|4x32ram:inst|4x4ram:inst6|memory_cell:inst1|inst4   ; |ram|4x32ram:inst|4x4ram:inst6|memory_cell:inst1|inst4   ; out0             ;
; |ram|4x32ram:inst|4x4ram:inst6|memory_cell:inst16|inst   ; |ram|4x32ram:inst|4x4ram:inst6|memory_cell:inst16|inst   ; regout           ;
; |ram|4x32ram:inst|4x4ram:inst6|memory_cell:inst16|inst4  ; |ram|4x32ram:inst|4x4ram:inst6|memory_cell:inst16|inst4  ; out0             ;
; |ram|4x32ram:inst|4x4ram:inst6|memory_cell:inst14|inst   ; |ram|4x32ram:inst|4x4ram:inst6|memory_cell:inst14|inst   ; regout           ;
; |ram|4x32ram:inst|4x4ram:inst6|memory_cell:inst14|inst4  ; |ram|4x32ram:inst|4x4ram:inst6|memory_cell:inst14|inst4  ; out0             ;
; |ram|4x32ram:inst|4x4ram:inst6|memory_cell:inst12|inst3  ; |ram|4x32ram:inst|4x4ram:inst6|memory_cell:inst12|inst3  ; out              ;
; |ram|4x32ram:inst|4x4ram:inst6|memory_cell:inst12|inst   ; |ram|4x32ram:inst|4x4ram:inst6|memory_cell:inst12|inst   ; regout           ;
; |ram|4x32ram:inst|4x4ram:inst6|memory_cell:inst12|inst4  ; |ram|4x32ram:inst|4x4ram:inst6|memory_cell:inst12|inst4  ; out0             ;
; |ram|4x32ram:inst|4x4ram:inst6|memory_cell:inst10|inst   ; |ram|4x32ram:inst|4x4ram:inst6|memory_cell:inst10|inst   ; regout           ;
; |ram|4x32ram:inst|4x4ram:inst6|memory_cell:inst10|inst4  ; |ram|4x32ram:inst|4x4ram:inst6|memory_cell:inst10|inst4  ; out0             ;
; |ram|4x32ram:inst|4x4ram:inst6|memory_cell:inst15|inst   ; |ram|4x32ram:inst|4x4ram:inst6|memory_cell:inst15|inst   ; regout           ;
; |ram|4x32ram:inst|4x4ram:inst6|memory_cell:inst15|inst4  ; |ram|4x32ram:inst|4x4ram:inst6|memory_cell:inst15|inst4  ; out0             ;
; |ram|4x32ram:inst|4x4ram:inst6|memory_cell:inst13|inst   ; |ram|4x32ram:inst|4x4ram:inst6|memory_cell:inst13|inst   ; regout           ;
; |ram|4x32ram:inst|4x4ram:inst6|memory_cell:inst13|inst4  ; |ram|4x32ram:inst|4x4ram:inst6|memory_cell:inst13|inst4  ; out0             ;
; |ram|4x32ram:inst|4x4ram:inst6|memory_cell:inst11|inst3  ; |ram|4x32ram:inst|4x4ram:inst6|memory_cell:inst11|inst3  ; out              ;
; |ram|4x32ram:inst|4x4ram:inst6|memory_cell:inst11|inst   ; |ram|4x32ram:inst|4x4ram:inst6|memory_cell:inst11|inst   ; regout           ;
; |ram|4x32ram:inst|4x4ram:inst6|memory_cell:inst11|inst4  ; |ram|4x32ram:inst|4x4ram:inst6|memory_cell:inst11|inst4  ; out0             ;
; |ram|4x32ram:inst|4x4ram:inst6|memory_cell:inst9|inst    ; |ram|4x32ram:inst|4x4ram:inst6|memory_cell:inst9|inst    ; regout           ;
; |ram|4x32ram:inst|4x4ram:inst6|memory_cell:inst9|inst4   ; |ram|4x32ram:inst|4x4ram:inst6|memory_cell:inst9|inst4   ; out0             ;
; |ram|4x32ram:inst|4x4ram:inst6|memory_cell:inst8|inst    ; |ram|4x32ram:inst|4x4ram:inst6|memory_cell:inst8|inst    ; regout           ;
; |ram|4x32ram:inst|4x4ram:inst6|memory_cell:inst8|inst4   ; |ram|4x32ram:inst|4x4ram:inst6|memory_cell:inst8|inst4   ; out0             ;
; |ram|4x32ram:inst|4x4ram:inst6|memory_cell:inst6|inst    ; |ram|4x32ram:inst|4x4ram:inst6|memory_cell:inst6|inst    ; regout           ;
; |ram|4x32ram:inst|4x4ram:inst6|memory_cell:inst6|inst4   ; |ram|4x32ram:inst|4x4ram:inst6|memory_cell:inst6|inst4   ; out0             ;
; |ram|4x32ram:inst|4x4ram:inst6|memory_cell:inst4|inst3   ; |ram|4x32ram:inst|4x4ram:inst6|memory_cell:inst4|inst3   ; out              ;
; |ram|4x32ram:inst|4x4ram:inst6|memory_cell:inst4|inst    ; |ram|4x32ram:inst|4x4ram:inst6|memory_cell:inst4|inst    ; regout           ;
; |ram|4x32ram:inst|4x4ram:inst6|memory_cell:inst4|inst4   ; |ram|4x32ram:inst|4x4ram:inst6|memory_cell:inst4|inst4   ; out0             ;
; |ram|4x32ram:inst|4x4ram:inst6|24decoder:inst|inst3      ; |ram|4x32ram:inst|4x4ram:inst6|24decoder:inst|inst3      ; out0             ;
; |ram|4x32ram:inst|4x4ram:inst6|memory_cell:inst2|inst    ; |ram|4x32ram:inst|4x4ram:inst6|memory_cell:inst2|inst    ; regout           ;
; |ram|4x32ram:inst|4x4ram:inst6|memory_cell:inst2|inst4   ; |ram|4x32ram:inst|4x4ram:inst6|memory_cell:inst2|inst4   ; out0             ;
; |ram|4x32ram:inst|4x4ram:inst5|inst20                    ; |ram|4x32ram:inst|4x4ram:inst5|inst20                    ; out              ;
; |ram|4x32ram:inst|4x4ram:inst5|IN~0                      ; |ram|4x32ram:inst|4x4ram:inst5|IN~0                      ; out0             ;
; |ram|4x32ram:inst|4x4ram:inst5|inst17                    ; |ram|4x32ram:inst|4x4ram:inst5|inst17                    ; out0             ;
; |ram|4x32ram:inst|4x4ram:inst5|inst18                    ; |ram|4x32ram:inst|4x4ram:inst5|inst18                    ; out0             ;
; |ram|4x32ram:inst|4x4ram:inst5|inst21                    ; |ram|4x32ram:inst|4x4ram:inst5|inst21                    ; out              ;
; |ram|4x32ram:inst|4x4ram:inst5|IN~1                      ; |ram|4x32ram:inst|4x4ram:inst5|IN~1                      ; out0             ;
; |ram|4x32ram:inst|4x4ram:inst5|inst22                    ; |ram|4x32ram:inst|4x4ram:inst5|inst22                    ; out              ;
; |ram|4x32ram:inst|4x4ram:inst5|IN~2                      ; |ram|4x32ram:inst|4x4ram:inst5|IN~2                      ; out0             ;
; |ram|4x32ram:inst|4x4ram:inst5|inst19                    ; |ram|4x32ram:inst|4x4ram:inst5|inst19                    ; out              ;
; |ram|4x32ram:inst|4x4ram:inst5|IN~3                      ; |ram|4x32ram:inst|4x4ram:inst5|IN~3                      ; out0             ;
; |ram|4x32ram:inst|4x4ram:inst5|memory_cell:inst3|inst3   ; |ram|4x32ram:inst|4x4ram:inst5|memory_cell:inst3|inst3   ; out              ;
; |ram|4x32ram:inst|4x4ram:inst5|memory_cell:inst3|inst    ; |ram|4x32ram:inst|4x4ram:inst5|memory_cell:inst3|inst    ; regout           ;
; |ram|4x32ram:inst|4x4ram:inst5|memory_cell:inst3|inst4   ; |ram|4x32ram:inst|4x4ram:inst5|memory_cell:inst3|inst4   ; out0             ;
; |ram|4x32ram:inst|4x4ram:inst5|memory_cell:inst5|inst    ; |ram|4x32ram:inst|4x4ram:inst5|memory_cell:inst5|inst    ; regout           ;
; |ram|4x32ram:inst|4x4ram:inst5|memory_cell:inst5|inst4   ; |ram|4x32ram:inst|4x4ram:inst5|memory_cell:inst5|inst4   ; out0             ;
; |ram|4x32ram:inst|4x4ram:inst5|memory_cell:inst7|inst    ; |ram|4x32ram:inst|4x4ram:inst5|memory_cell:inst7|inst    ; regout           ;
; |ram|4x32ram:inst|4x4ram:inst5|memory_cell:inst7|inst4   ; |ram|4x32ram:inst|4x4ram:inst5|memory_cell:inst7|inst4   ; out0             ;
; |ram|4x32ram:inst|4x4ram:inst5|memory_cell:inst1|inst    ; |ram|4x32ram:inst|4x4ram:inst5|memory_cell:inst1|inst    ; regout           ;
; |ram|4x32ram:inst|4x4ram:inst5|memory_cell:inst1|inst4   ; |ram|4x32ram:inst|4x4ram:inst5|memory_cell:inst1|inst4   ; out0             ;
; |ram|4x32ram:inst|4x4ram:inst5|memory_cell:inst16|inst   ; |ram|4x32ram:inst|4x4ram:inst5|memory_cell:inst16|inst   ; regout           ;
; |ram|4x32ram:inst|4x4ram:inst5|memory_cell:inst16|inst4  ; |ram|4x32ram:inst|4x4ram:inst5|memory_cell:inst16|inst4  ; out0             ;
; |ram|4x32ram:inst|4x4ram:inst5|memory_cell:inst14|inst   ; |ram|4x32ram:inst|4x4ram:inst5|memory_cell:inst14|inst   ; regout           ;
; |ram|4x32ram:inst|4x4ram:inst5|memory_cell:inst14|inst4  ; |ram|4x32ram:inst|4x4ram:inst5|memory_cell:inst14|inst4  ; out0             ;
; |ram|4x32ram:inst|4x4ram:inst5|memory_cell:inst12|inst3  ; |ram|4x32ram:inst|4x4ram:inst5|memory_cell:inst12|inst3  ; out              ;
; |ram|4x32ram:inst|4x4ram:inst5|memory_cell:inst12|inst   ; |ram|4x32ram:inst|4x4ram:inst5|memory_cell:inst12|inst   ; regout           ;
; |ram|4x32ram:inst|4x4ram:inst5|memory_cell:inst12|inst4  ; |ram|4x32ram:inst|4x4ram:inst5|memory_cell:inst12|inst4  ; out0             ;
; |ram|4x32ram:inst|4x4ram:inst5|memory_cell:inst10|inst   ; |ram|4x32ram:inst|4x4ram:inst5|memory_cell:inst10|inst   ; regout           ;
; |ram|4x32ram:inst|4x4ram:inst5|memory_cell:inst10|inst4  ; |ram|4x32ram:inst|4x4ram:inst5|memory_cell:inst10|inst4  ; out0             ;
; |ram|4x32ram:inst|4x4ram:inst5|memory_cell:inst15|inst   ; |ram|4x32ram:inst|4x4ram:inst5|memory_cell:inst15|inst   ; regout           ;
; |ram|4x32ram:inst|4x4ram:inst5|memory_cell:inst15|inst4  ; |ram|4x32ram:inst|4x4ram:inst5|memory_cell:inst15|inst4  ; out0             ;
; |ram|4x32ram:inst|4x4ram:inst5|memory_cell:inst13|inst   ; |ram|4x32ram:inst|4x4ram:inst5|memory_cell:inst13|inst   ; regout           ;
; |ram|4x32ram:inst|4x4ram:inst5|memory_cell:inst13|inst4  ; |ram|4x32ram:inst|4x4ram:inst5|memory_cell:inst13|inst4  ; out0             ;
; |ram|4x32ram:inst|4x4ram:inst5|memory_cell:inst11|inst3  ; |ram|4x32ram:inst|4x4ram:inst5|memory_cell:inst11|inst3  ; out              ;
; |ram|4x32ram:inst|4x4ram:inst5|memory_cell:inst11|inst   ; |ram|4x32ram:inst|4x4ram:inst5|memory_cell:inst11|inst   ; regout           ;
; |ram|4x32ram:inst|4x4ram:inst5|memory_cell:inst11|inst4  ; |ram|4x32ram:inst|4x4ram:inst5|memory_cell:inst11|inst4  ; out0             ;
; |ram|4x32ram:inst|4x4ram:inst5|memory_cell:inst9|inst    ; |ram|4x32ram:inst|4x4ram:inst5|memory_cell:inst9|inst    ; regout           ;
; |ram|4x32ram:inst|4x4ram:inst5|memory_cell:inst9|inst4   ; |ram|4x32ram:inst|4x4ram:inst5|memory_cell:inst9|inst4   ; out0             ;
; |ram|4x32ram:inst|4x4ram:inst5|memory_cell:inst8|inst    ; |ram|4x32ram:inst|4x4ram:inst5|memory_cell:inst8|inst    ; regout           ;
; |ram|4x32ram:inst|4x4ram:inst5|memory_cell:inst8|inst4   ; |ram|4x32ram:inst|4x4ram:inst5|memory_cell:inst8|inst4   ; out0             ;
; |ram|4x32ram:inst|4x4ram:inst5|memory_cell:inst6|inst    ; |ram|4x32ram:inst|4x4ram:inst5|memory_cell:inst6|inst    ; regout           ;
; |ram|4x32ram:inst|4x4ram:inst5|memory_cell:inst6|inst4   ; |ram|4x32ram:inst|4x4ram:inst5|memory_cell:inst6|inst4   ; out0             ;
; |ram|4x32ram:inst|4x4ram:inst5|memory_cell:inst4|inst3   ; |ram|4x32ram:inst|4x4ram:inst5|memory_cell:inst4|inst3   ; out              ;
; |ram|4x32ram:inst|4x4ram:inst5|memory_cell:inst4|inst    ; |ram|4x32ram:inst|4x4ram:inst5|memory_cell:inst4|inst    ; regout           ;
; |ram|4x32ram:inst|4x4ram:inst5|memory_cell:inst4|inst4   ; |ram|4x32ram:inst|4x4ram:inst5|memory_cell:inst4|inst4   ; out0             ;
; |ram|4x32ram:inst|4x4ram:inst5|24decoder:inst|inst3      ; |ram|4x32ram:inst|4x4ram:inst5|24decoder:inst|inst3      ; out0             ;
; |ram|4x32ram:inst|4x4ram:inst5|memory_cell:inst2|inst    ; |ram|4x32ram:inst|4x4ram:inst5|memory_cell:inst2|inst    ; regout           ;
; |ram|4x32ram:inst|4x4ram:inst5|memory_cell:inst2|inst4   ; |ram|4x32ram:inst|4x4ram:inst5|memory_cell:inst2|inst4   ; out0             ;
; |ram|4x32ram:inst|4x4ram:inst4|inst20                    ; |ram|4x32ram:inst|4x4ram:inst4|inst20                    ; out              ;
; |ram|4x32ram:inst|4x4ram:inst4|IN~0                      ; |ram|4x32ram:inst|4x4ram:inst4|IN~0                      ; out0             ;
; |ram|4x32ram:inst|4x4ram:inst4|inst17                    ; |ram|4x32ram:inst|4x4ram:inst4|inst17                    ; out0             ;
; |ram|4x32ram:inst|4x4ram:inst4|inst18                    ; |ram|4x32ram:inst|4x4ram:inst4|inst18                    ; out0             ;
; |ram|4x32ram:inst|4x4ram:inst4|inst21                    ; |ram|4x32ram:inst|4x4ram:inst4|inst21                    ; out              ;
; |ram|4x32ram:inst|4x4ram:inst4|IN~1                      ; |ram|4x32ram:inst|4x4ram:inst4|IN~1                      ; out0             ;
; |ram|4x32ram:inst|4x4ram:inst4|inst22                    ; |ram|4x32ram:inst|4x4ram:inst4|inst22                    ; out              ;
; |ram|4x32ram:inst|4x4ram:inst4|IN~2                      ; |ram|4x32ram:inst|4x4ram:inst4|IN~2                      ; out0             ;
; |ram|4x32ram:inst|4x4ram:inst4|inst19                    ; |ram|4x32ram:inst|4x4ram:inst4|inst19                    ; out              ;
; |ram|4x32ram:inst|4x4ram:inst4|IN~3                      ; |ram|4x32ram:inst|4x4ram:inst4|IN~3                      ; out0             ;
; |ram|4x32ram:inst|4x4ram:inst4|memory_cell:inst3|inst3   ; |ram|4x32ram:inst|4x4ram:inst4|memory_cell:inst3|inst3   ; out              ;
; |ram|4x32ram:inst|4x4ram:inst4|memory_cell:inst3|inst    ; |ram|4x32ram:inst|4x4ram:inst4|memory_cell:inst3|inst    ; regout           ;
; |ram|4x32ram:inst|4x4ram:inst4|memory_cell:inst3|inst4   ; |ram|4x32ram:inst|4x4ram:inst4|memory_cell:inst3|inst4   ; out0             ;
; |ram|4x32ram:inst|4x4ram:inst4|memory_cell:inst5|inst    ; |ram|4x32ram:inst|4x4ram:inst4|memory_cell:inst5|inst    ; regout           ;
; |ram|4x32ram:inst|4x4ram:inst4|memory_cell:inst5|inst4   ; |ram|4x32ram:inst|4x4ram:inst4|memory_cell:inst5|inst4   ; out0             ;
; |ram|4x32ram:inst|4x4ram:inst4|memory_cell:inst7|inst    ; |ram|4x32ram:inst|4x4ram:inst4|memory_cell:inst7|inst    ; regout           ;
; |ram|4x32ram:inst|4x4ram:inst4|memory_cell:inst7|inst4   ; |ram|4x32ram:inst|4x4ram:inst4|memory_cell:inst7|inst4   ; out0             ;
; |ram|4x32ram:inst|4x4ram:inst4|memory_cell:inst1|inst    ; |ram|4x32ram:inst|4x4ram:inst4|memory_cell:inst1|inst    ; regout           ;
; |ram|4x32ram:inst|4x4ram:inst4|memory_cell:inst1|inst4   ; |ram|4x32ram:inst|4x4ram:inst4|memory_cell:inst1|inst4   ; out0             ;
; |ram|4x32ram:inst|4x4ram:inst4|memory_cell:inst16|inst   ; |ram|4x32ram:inst|4x4ram:inst4|memory_cell:inst16|inst   ; regout           ;
; |ram|4x32ram:inst|4x4ram:inst4|memory_cell:inst16|inst4  ; |ram|4x32ram:inst|4x4ram:inst4|memory_cell:inst16|inst4  ; out0             ;
; |ram|4x32ram:inst|4x4ram:inst4|memory_cell:inst14|inst   ; |ram|4x32ram:inst|4x4ram:inst4|memory_cell:inst14|inst   ; regout           ;
; |ram|4x32ram:inst|4x4ram:inst4|memory_cell:inst14|inst4  ; |ram|4x32ram:inst|4x4ram:inst4|memory_cell:inst14|inst4  ; out0             ;
; |ram|4x32ram:inst|4x4ram:inst4|memory_cell:inst12|inst3  ; |ram|4x32ram:inst|4x4ram:inst4|memory_cell:inst12|inst3  ; out              ;
; |ram|4x32ram:inst|4x4ram:inst4|memory_cell:inst12|inst   ; |ram|4x32ram:inst|4x4ram:inst4|memory_cell:inst12|inst   ; regout           ;
; |ram|4x32ram:inst|4x4ram:inst4|memory_cell:inst12|inst4  ; |ram|4x32ram:inst|4x4ram:inst4|memory_cell:inst12|inst4  ; out0             ;
; |ram|4x32ram:inst|4x4ram:inst4|memory_cell:inst10|inst   ; |ram|4x32ram:inst|4x4ram:inst4|memory_cell:inst10|inst   ; regout           ;
; |ram|4x32ram:inst|4x4ram:inst4|memory_cell:inst10|inst4  ; |ram|4x32ram:inst|4x4ram:inst4|memory_cell:inst10|inst4  ; out0             ;
; |ram|4x32ram:inst|4x4ram:inst4|memory_cell:inst15|inst   ; |ram|4x32ram:inst|4x4ram:inst4|memory_cell:inst15|inst   ; regout           ;
; |ram|4x32ram:inst|4x4ram:inst4|memory_cell:inst15|inst4  ; |ram|4x32ram:inst|4x4ram:inst4|memory_cell:inst15|inst4  ; out0             ;
; |ram|4x32ram:inst|4x4ram:inst4|memory_cell:inst13|inst   ; |ram|4x32ram:inst|4x4ram:inst4|memory_cell:inst13|inst   ; regout           ;
; |ram|4x32ram:inst|4x4ram:inst4|memory_cell:inst13|inst4  ; |ram|4x32ram:inst|4x4ram:inst4|memory_cell:inst13|inst4  ; out0             ;
; |ram|4x32ram:inst|4x4ram:inst4|memory_cell:inst11|inst3  ; |ram|4x32ram:inst|4x4ram:inst4|memory_cell:inst11|inst3  ; out              ;
; |ram|4x32ram:inst|4x4ram:inst4|memory_cell:inst11|inst   ; |ram|4x32ram:inst|4x4ram:inst4|memory_cell:inst11|inst   ; regout           ;
; |ram|4x32ram:inst|4x4ram:inst4|memory_cell:inst11|inst4  ; |ram|4x32ram:inst|4x4ram:inst4|memory_cell:inst11|inst4  ; out0             ;
; |ram|4x32ram:inst|4x4ram:inst4|memory_cell:inst9|inst    ; |ram|4x32ram:inst|4x4ram:inst4|memory_cell:inst9|inst    ; regout           ;
; |ram|4x32ram:inst|4x4ram:inst4|memory_cell:inst9|inst4   ; |ram|4x32ram:inst|4x4ram:inst4|memory_cell:inst9|inst4   ; out0             ;
; |ram|4x32ram:inst|4x4ram:inst4|memory_cell:inst8|inst    ; |ram|4x32ram:inst|4x4ram:inst4|memory_cell:inst8|inst    ; regout           ;
; |ram|4x32ram:inst|4x4ram:inst4|memory_cell:inst8|inst4   ; |ram|4x32ram:inst|4x4ram:inst4|memory_cell:inst8|inst4   ; out0             ;
; |ram|4x32ram:inst|4x4ram:inst4|memory_cell:inst6|inst    ; |ram|4x32ram:inst|4x4ram:inst4|memory_cell:inst6|inst    ; regout           ;
; |ram|4x32ram:inst|4x4ram:inst4|memory_cell:inst6|inst4   ; |ram|4x32ram:inst|4x4ram:inst4|memory_cell:inst6|inst4   ; out0             ;
; |ram|4x32ram:inst|4x4ram:inst4|memory_cell:inst4|inst3   ; |ram|4x32ram:inst|4x4ram:inst4|memory_cell:inst4|inst3   ; out              ;
; |ram|4x32ram:inst|4x4ram:inst4|memory_cell:inst4|inst    ; |ram|4x32ram:inst|4x4ram:inst4|memory_cell:inst4|inst    ; regout           ;
; |ram|4x32ram:inst|4x4ram:inst4|memory_cell:inst4|inst4   ; |ram|4x32ram:inst|4x4ram:inst4|memory_cell:inst4|inst4   ; out0             ;
; |ram|4x32ram:inst|4x4ram:inst4|24decoder:inst|inst3      ; |ram|4x32ram:inst|4x4ram:inst4|24decoder:inst|inst3      ; out0             ;
; |ram|4x32ram:inst|4x4ram:inst4|memory_cell:inst2|inst    ; |ram|4x32ram:inst|4x4ram:inst4|memory_cell:inst2|inst    ; regout           ;
; |ram|4x32ram:inst|4x4ram:inst4|memory_cell:inst2|inst4   ; |ram|4x32ram:inst|4x4ram:inst4|memory_cell:inst2|inst4   ; out0             ;
; |ram|4x32ram:inst|4x4ram:inst3|inst20                    ; |ram|4x32ram:inst|4x4ram:inst3|inst20                    ; out              ;
; |ram|4x32ram:inst|4x4ram:inst3|IN~0                      ; |ram|4x32ram:inst|4x4ram:inst3|IN~0                      ; out0             ;
; |ram|4x32ram:inst|4x4ram:inst3|inst17                    ; |ram|4x32ram:inst|4x4ram:inst3|inst17                    ; out0             ;
; |ram|4x32ram:inst|4x4ram:inst3|inst18                    ; |ram|4x32ram:inst|4x4ram:inst3|inst18                    ; out0             ;
; |ram|4x32ram:inst|4x4ram:inst3|inst21                    ; |ram|4x32ram:inst|4x4ram:inst3|inst21                    ; out              ;
; |ram|4x32ram:inst|4x4ram:inst3|IN~1                      ; |ram|4x32ram:inst|4x4ram:inst3|IN~1                      ; out0             ;
; |ram|4x32ram:inst|4x4ram:inst3|inst22                    ; |ram|4x32ram:inst|4x4ram:inst3|inst22                    ; out              ;
; |ram|4x32ram:inst|4x4ram:inst3|IN~2                      ; |ram|4x32ram:inst|4x4ram:inst3|IN~2                      ; out0             ;
; |ram|4x32ram:inst|4x4ram:inst3|inst19                    ; |ram|4x32ram:inst|4x4ram:inst3|inst19                    ; out              ;
; |ram|4x32ram:inst|4x4ram:inst3|IN~3                      ; |ram|4x32ram:inst|4x4ram:inst3|IN~3                      ; out0             ;
; |ram|4x32ram:inst|4x4ram:inst3|memory_cell:inst3|inst3   ; |ram|4x32ram:inst|4x4ram:inst3|memory_cell:inst3|inst3   ; out              ;
; |ram|4x32ram:inst|4x4ram:inst3|memory_cell:inst3|inst    ; |ram|4x32ram:inst|4x4ram:inst3|memory_cell:inst3|inst    ; regout           ;
; |ram|4x32ram:inst|4x4ram:inst3|memory_cell:inst3|inst4   ; |ram|4x32ram:inst|4x4ram:inst3|memory_cell:inst3|inst4   ; out0             ;
; |ram|4x32ram:inst|4x4ram:inst3|memory_cell:inst5|inst    ; |ram|4x32ram:inst|4x4ram:inst3|memory_cell:inst5|inst    ; regout           ;
; |ram|4x32ram:inst|4x4ram:inst3|memory_cell:inst5|inst4   ; |ram|4x32ram:inst|4x4ram:inst3|memory_cell:inst5|inst4   ; out0             ;
; |ram|4x32ram:inst|4x4ram:inst3|memory_cell:inst7|inst    ; |ram|4x32ram:inst|4x4ram:inst3|memory_cell:inst7|inst    ; regout           ;
; |ram|4x32ram:inst|4x4ram:inst3|memory_cell:inst7|inst4   ; |ram|4x32ram:inst|4x4ram:inst3|memory_cell:inst7|inst4   ; out0             ;
; |ram|4x32ram:inst|4x4ram:inst3|memory_cell:inst1|inst    ; |ram|4x32ram:inst|4x4ram:inst3|memory_cell:inst1|inst    ; regout           ;
; |ram|4x32ram:inst|4x4ram:inst3|memory_cell:inst1|inst4   ; |ram|4x32ram:inst|4x4ram:inst3|memory_cell:inst1|inst4   ; out0             ;
; |ram|4x32ram:inst|4x4ram:inst3|memory_cell:inst16|inst   ; |ram|4x32ram:inst|4x4ram:inst3|memory_cell:inst16|inst   ; regout           ;
; |ram|4x32ram:inst|4x4ram:inst3|memory_cell:inst16|inst4  ; |ram|4x32ram:inst|4x4ram:inst3|memory_cell:inst16|inst4  ; out0             ;
; |ram|4x32ram:inst|4x4ram:inst3|memory_cell:inst14|inst   ; |ram|4x32ram:inst|4x4ram:inst3|memory_cell:inst14|inst   ; regout           ;
; |ram|4x32ram:inst|4x4ram:inst3|memory_cell:inst14|inst4  ; |ram|4x32ram:inst|4x4ram:inst3|memory_cell:inst14|inst4  ; out0             ;
; |ram|4x32ram:inst|4x4ram:inst3|memory_cell:inst12|inst3  ; |ram|4x32ram:inst|4x4ram:inst3|memory_cell:inst12|inst3  ; out              ;
; |ram|4x32ram:inst|4x4ram:inst3|memory_cell:inst12|inst   ; |ram|4x32ram:inst|4x4ram:inst3|memory_cell:inst12|inst   ; regout           ;
; |ram|4x32ram:inst|4x4ram:inst3|memory_cell:inst12|inst4  ; |ram|4x32ram:inst|4x4ram:inst3|memory_cell:inst12|inst4  ; out0             ;
; |ram|4x32ram:inst|4x4ram:inst3|memory_cell:inst10|inst   ; |ram|4x32ram:inst|4x4ram:inst3|memory_cell:inst10|inst   ; regout           ;
; |ram|4x32ram:inst|4x4ram:inst3|memory_cell:inst10|inst4  ; |ram|4x32ram:inst|4x4ram:inst3|memory_cell:inst10|inst4  ; out0             ;
; |ram|4x32ram:inst|4x4ram:inst3|memory_cell:inst15|inst   ; |ram|4x32ram:inst|4x4ram:inst3|memory_cell:inst15|inst   ; regout           ;
; |ram|4x32ram:inst|4x4ram:inst3|memory_cell:inst15|inst4  ; |ram|4x32ram:inst|4x4ram:inst3|memory_cell:inst15|inst4  ; out0             ;
; |ram|4x32ram:inst|4x4ram:inst3|memory_cell:inst13|inst   ; |ram|4x32ram:inst|4x4ram:inst3|memory_cell:inst13|inst   ; regout           ;
; |ram|4x32ram:inst|4x4ram:inst3|memory_cell:inst13|inst4  ; |ram|4x32ram:inst|4x4ram:inst3|memory_cell:inst13|inst4  ; out0             ;
; |ram|4x32ram:inst|4x4ram:inst3|memory_cell:inst11|inst3  ; |ram|4x32ram:inst|4x4ram:inst3|memory_cell:inst11|inst3  ; out              ;
; |ram|4x32ram:inst|4x4ram:inst3|memory_cell:inst11|inst   ; |ram|4x32ram:inst|4x4ram:inst3|memory_cell:inst11|inst   ; regout           ;
; |ram|4x32ram:inst|4x4ram:inst3|memory_cell:inst11|inst4  ; |ram|4x32ram:inst|4x4ram:inst3|memory_cell:inst11|inst4  ; out0             ;
; |ram|4x32ram:inst|4x4ram:inst3|memory_cell:inst9|inst    ; |ram|4x32ram:inst|4x4ram:inst3|memory_cell:inst9|inst    ; regout           ;
; |ram|4x32ram:inst|4x4ram:inst3|memory_cell:inst9|inst4   ; |ram|4x32ram:inst|4x4ram:inst3|memory_cell:inst9|inst4   ; out0             ;
; |ram|4x32ram:inst|4x4ram:inst3|memory_cell:inst8|inst    ; |ram|4x32ram:inst|4x4ram:inst3|memory_cell:inst8|inst    ; regout           ;
; |ram|4x32ram:inst|4x4ram:inst3|memory_cell:inst8|inst4   ; |ram|4x32ram:inst|4x4ram:inst3|memory_cell:inst8|inst4   ; out0             ;
; |ram|4x32ram:inst|4x4ram:inst3|memory_cell:inst6|inst    ; |ram|4x32ram:inst|4x4ram:inst3|memory_cell:inst6|inst    ; regout           ;
; |ram|4x32ram:inst|4x4ram:inst3|memory_cell:inst6|inst4   ; |ram|4x32ram:inst|4x4ram:inst3|memory_cell:inst6|inst4   ; out0             ;
; |ram|4x32ram:inst|4x4ram:inst3|memory_cell:inst4|inst3   ; |ram|4x32ram:inst|4x4ram:inst3|memory_cell:inst4|inst3   ; out              ;
; |ram|4x32ram:inst|4x4ram:inst3|memory_cell:inst4|inst    ; |ram|4x32ram:inst|4x4ram:inst3|memory_cell:inst4|inst    ; regout           ;
; |ram|4x32ram:inst|4x4ram:inst3|memory_cell:inst4|inst4   ; |ram|4x32ram:inst|4x4ram:inst3|memory_cell:inst4|inst4   ; out0             ;
; |ram|4x32ram:inst|4x4ram:inst3|24decoder:inst|inst3      ; |ram|4x32ram:inst|4x4ram:inst3|24decoder:inst|inst3      ; out0             ;
; |ram|4x32ram:inst|4x4ram:inst3|memory_cell:inst2|inst    ; |ram|4x32ram:inst|4x4ram:inst3|memory_cell:inst2|inst    ; regout           ;
; |ram|4x32ram:inst|4x4ram:inst3|memory_cell:inst2|inst4   ; |ram|4x32ram:inst|4x4ram:inst3|memory_cell:inst2|inst4   ; out0             ;
; |ram|4x32ram:inst|4x4ram:inst1|inst20                    ; |ram|4x32ram:inst|4x4ram:inst1|inst20                    ; out              ;
; |ram|4x32ram:inst|4x4ram:inst1|IN~0                      ; |ram|4x32ram:inst|4x4ram:inst1|IN~0                      ; out0             ;
; |ram|4x32ram:inst|4x4ram:inst1|inst17                    ; |ram|4x32ram:inst|4x4ram:inst1|inst17                    ; out0             ;
; |ram|4x32ram:inst|4x4ram:inst1|inst18                    ; |ram|4x32ram:inst|4x4ram:inst1|inst18                    ; out0             ;
; |ram|4x32ram:inst|4x4ram:inst1|inst21                    ; |ram|4x32ram:inst|4x4ram:inst1|inst21                    ; out              ;
; |ram|4x32ram:inst|4x4ram:inst1|IN~1                      ; |ram|4x32ram:inst|4x4ram:inst1|IN~1                      ; out0             ;
; |ram|4x32ram:inst|4x4ram:inst1|inst22                    ; |ram|4x32ram:inst|4x4ram:inst1|inst22                    ; out              ;
; |ram|4x32ram:inst|4x4ram:inst1|IN~2                      ; |ram|4x32ram:inst|4x4ram:inst1|IN~2                      ; out0             ;
; |ram|4x32ram:inst|4x4ram:inst1|inst19                    ; |ram|4x32ram:inst|4x4ram:inst1|inst19                    ; out              ;
; |ram|4x32ram:inst|4x4ram:inst1|IN~3                      ; |ram|4x32ram:inst|4x4ram:inst1|IN~3                      ; out0             ;
; |ram|4x32ram:inst|4x4ram:inst1|memory_cell:inst3|inst3   ; |ram|4x32ram:inst|4x4ram:inst1|memory_cell:inst3|inst3   ; out              ;
; |ram|4x32ram:inst|4x4ram:inst1|memory_cell:inst3|inst    ; |ram|4x32ram:inst|4x4ram:inst1|memory_cell:inst3|inst    ; regout           ;
; |ram|4x32ram:inst|4x4ram:inst1|memory_cell:inst3|inst4   ; |ram|4x32ram:inst|4x4ram:inst1|memory_cell:inst3|inst4   ; out0             ;
; |ram|4x32ram:inst|4x4ram:inst1|memory_cell:inst5|inst    ; |ram|4x32ram:inst|4x4ram:inst1|memory_cell:inst5|inst    ; regout           ;
; |ram|4x32ram:inst|4x4ram:inst1|memory_cell:inst5|inst4   ; |ram|4x32ram:inst|4x4ram:inst1|memory_cell:inst5|inst4   ; out0             ;
; |ram|4x32ram:inst|4x4ram:inst1|memory_cell:inst7|inst    ; |ram|4x32ram:inst|4x4ram:inst1|memory_cell:inst7|inst    ; regout           ;
; |ram|4x32ram:inst|4x4ram:inst1|memory_cell:inst7|inst4   ; |ram|4x32ram:inst|4x4ram:inst1|memory_cell:inst7|inst4   ; out0             ;
; |ram|4x32ram:inst|4x4ram:inst1|memory_cell:inst1|inst    ; |ram|4x32ram:inst|4x4ram:inst1|memory_cell:inst1|inst    ; regout           ;
; |ram|4x32ram:inst|4x4ram:inst1|memory_cell:inst1|inst4   ; |ram|4x32ram:inst|4x4ram:inst1|memory_cell:inst1|inst4   ; out0             ;
; |ram|4x32ram:inst|4x4ram:inst1|memory_cell:inst16|inst   ; |ram|4x32ram:inst|4x4ram:inst1|memory_cell:inst16|inst   ; regout           ;
; |ram|4x32ram:inst|4x4ram:inst1|memory_cell:inst16|inst4  ; |ram|4x32ram:inst|4x4ram:inst1|memory_cell:inst16|inst4  ; out0             ;
; |ram|4x32ram:inst|4x4ram:inst1|memory_cell:inst14|inst   ; |ram|4x32ram:inst|4x4ram:inst1|memory_cell:inst14|inst   ; regout           ;
; |ram|4x32ram:inst|4x4ram:inst1|memory_cell:inst14|inst4  ; |ram|4x32ram:inst|4x4ram:inst1|memory_cell:inst14|inst4  ; out0             ;
; |ram|4x32ram:inst|4x4ram:inst1|memory_cell:inst12|inst3  ; |ram|4x32ram:inst|4x4ram:inst1|memory_cell:inst12|inst3  ; out              ;
; |ram|4x32ram:inst|4x4ram:inst1|memory_cell:inst12|inst   ; |ram|4x32ram:inst|4x4ram:inst1|memory_cell:inst12|inst   ; regout           ;
; |ram|4x32ram:inst|4x4ram:inst1|memory_cell:inst12|inst4  ; |ram|4x32ram:inst|4x4ram:inst1|memory_cell:inst12|inst4  ; out0             ;
; |ram|4x32ram:inst|4x4ram:inst1|memory_cell:inst10|inst   ; |ram|4x32ram:inst|4x4ram:inst1|memory_cell:inst10|inst   ; regout           ;
; |ram|4x32ram:inst|4x4ram:inst1|memory_cell:inst10|inst4  ; |ram|4x32ram:inst|4x4ram:inst1|memory_cell:inst10|inst4  ; out0             ;
; |ram|4x32ram:inst|4x4ram:inst1|memory_cell:inst15|inst   ; |ram|4x32ram:inst|4x4ram:inst1|memory_cell:inst15|inst   ; regout           ;
; |ram|4x32ram:inst|4x4ram:inst1|memory_cell:inst15|inst4  ; |ram|4x32ram:inst|4x4ram:inst1|memory_cell:inst15|inst4  ; out0             ;
; |ram|4x32ram:inst|4x4ram:inst1|memory_cell:inst13|inst   ; |ram|4x32ram:inst|4x4ram:inst1|memory_cell:inst13|inst   ; regout           ;
; |ram|4x32ram:inst|4x4ram:inst1|memory_cell:inst13|inst4  ; |ram|4x32ram:inst|4x4ram:inst1|memory_cell:inst13|inst4  ; out0             ;
; |ram|4x32ram:inst|4x4ram:inst1|memory_cell:inst11|inst3  ; |ram|4x32ram:inst|4x4ram:inst1|memory_cell:inst11|inst3  ; out              ;
; |ram|4x32ram:inst|4x4ram:inst1|memory_cell:inst11|inst   ; |ram|4x32ram:inst|4x4ram:inst1|memory_cell:inst11|inst   ; regout           ;
; |ram|4x32ram:inst|4x4ram:inst1|memory_cell:inst11|inst4  ; |ram|4x32ram:inst|4x4ram:inst1|memory_cell:inst11|inst4  ; out0             ;
; |ram|4x32ram:inst|4x4ram:inst1|memory_cell:inst9|inst    ; |ram|4x32ram:inst|4x4ram:inst1|memory_cell:inst9|inst    ; regout           ;
; |ram|4x32ram:inst|4x4ram:inst1|memory_cell:inst9|inst4   ; |ram|4x32ram:inst|4x4ram:inst1|memory_cell:inst9|inst4   ; out0             ;
; |ram|4x32ram:inst|4x4ram:inst1|memory_cell:inst8|inst    ; |ram|4x32ram:inst|4x4ram:inst1|memory_cell:inst8|inst    ; regout           ;
; |ram|4x32ram:inst|4x4ram:inst1|memory_cell:inst8|inst4   ; |ram|4x32ram:inst|4x4ram:inst1|memory_cell:inst8|inst4   ; out0             ;
; |ram|4x32ram:inst|4x4ram:inst1|memory_cell:inst6|inst    ; |ram|4x32ram:inst|4x4ram:inst1|memory_cell:inst6|inst    ; regout           ;
; |ram|4x32ram:inst|4x4ram:inst1|memory_cell:inst6|inst4   ; |ram|4x32ram:inst|4x4ram:inst1|memory_cell:inst6|inst4   ; out0             ;
; |ram|4x32ram:inst|4x4ram:inst1|memory_cell:inst4|inst3   ; |ram|4x32ram:inst|4x4ram:inst1|memory_cell:inst4|inst3   ; out              ;
; |ram|4x32ram:inst|4x4ram:inst1|memory_cell:inst4|inst    ; |ram|4x32ram:inst|4x4ram:inst1|memory_cell:inst4|inst    ; regout           ;
; |ram|4x32ram:inst|4x4ram:inst1|memory_cell:inst4|inst4   ; |ram|4x32ram:inst|4x4ram:inst1|memory_cell:inst4|inst4   ; out0             ;
; |ram|4x32ram:inst|4x4ram:inst1|24decoder:inst|inst3      ; |ram|4x32ram:inst|4x4ram:inst1|24decoder:inst|inst3      ; out0             ;
; |ram|4x32ram:inst|4x4ram:inst1|memory_cell:inst2|inst    ; |ram|4x32ram:inst|4x4ram:inst1|memory_cell:inst2|inst    ; regout           ;
; |ram|4x32ram:inst|4x4ram:inst1|memory_cell:inst2|inst4   ; |ram|4x32ram:inst|4x4ram:inst1|memory_cell:inst2|inst4   ; out0             ;
; |ram|4x32ram:inst|4x4ram:inst|inst20                     ; |ram|4x32ram:inst|4x4ram:inst|inst20                     ; out              ;
; |ram|4x32ram:inst|4x4ram:inst|IN~0                       ; |ram|4x32ram:inst|4x4ram:inst|IN~0                       ; out0             ;
; |ram|4x32ram:inst|4x4ram:inst|inst17                     ; |ram|4x32ram:inst|4x4ram:inst|inst17                     ; out0             ;
; |ram|4x32ram:inst|4x4ram:inst|inst18                     ; |ram|4x32ram:inst|4x4ram:inst|inst18                     ; out0             ;
; |ram|4x32ram:inst|4x4ram:inst|inst21                     ; |ram|4x32ram:inst|4x4ram:inst|inst21                     ; out              ;
; |ram|4x32ram:inst|4x4ram:inst|IN~1                       ; |ram|4x32ram:inst|4x4ram:inst|IN~1                       ; out0             ;
; |ram|4x32ram:inst|4x4ram:inst|inst22                     ; |ram|4x32ram:inst|4x4ram:inst|inst22                     ; out              ;
; |ram|4x32ram:inst|4x4ram:inst|IN~2                       ; |ram|4x32ram:inst|4x4ram:inst|IN~2                       ; out0             ;
; |ram|4x32ram:inst|4x4ram:inst|inst19                     ; |ram|4x32ram:inst|4x4ram:inst|inst19                     ; out              ;
; |ram|4x32ram:inst|4x4ram:inst|IN~3                       ; |ram|4x32ram:inst|4x4ram:inst|IN~3                       ; out0             ;
; |ram|4x32ram:inst|4x4ram:inst|memory_cell:inst3|inst3    ; |ram|4x32ram:inst|4x4ram:inst|memory_cell:inst3|inst3    ; out              ;
; |ram|4x32ram:inst|4x4ram:inst|memory_cell:inst3|inst     ; |ram|4x32ram:inst|4x4ram:inst|memory_cell:inst3|inst     ; regout           ;
; |ram|4x32ram:inst|4x4ram:inst|memory_cell:inst3|inst4    ; |ram|4x32ram:inst|4x4ram:inst|memory_cell:inst3|inst4    ; out0             ;
; |ram|4x32ram:inst|4x4ram:inst|memory_cell:inst5|inst     ; |ram|4x32ram:inst|4x4ram:inst|memory_cell:inst5|inst     ; regout           ;
; |ram|4x32ram:inst|4x4ram:inst|memory_cell:inst5|inst4    ; |ram|4x32ram:inst|4x4ram:inst|memory_cell:inst5|inst4    ; out0             ;
; |ram|4x32ram:inst|4x4ram:inst|memory_cell:inst7|inst     ; |ram|4x32ram:inst|4x4ram:inst|memory_cell:inst7|inst     ; regout           ;
; |ram|4x32ram:inst|4x4ram:inst|memory_cell:inst7|inst4    ; |ram|4x32ram:inst|4x4ram:inst|memory_cell:inst7|inst4    ; out0             ;
; |ram|4x32ram:inst|4x4ram:inst|memory_cell:inst1|inst     ; |ram|4x32ram:inst|4x4ram:inst|memory_cell:inst1|inst     ; regout           ;
; |ram|4x32ram:inst|4x4ram:inst|memory_cell:inst1|inst4    ; |ram|4x32ram:inst|4x4ram:inst|memory_cell:inst1|inst4    ; out0             ;
; |ram|4x32ram:inst|4x4ram:inst|memory_cell:inst16|inst    ; |ram|4x32ram:inst|4x4ram:inst|memory_cell:inst16|inst    ; regout           ;
; |ram|4x32ram:inst|4x4ram:inst|memory_cell:inst16|inst4   ; |ram|4x32ram:inst|4x4ram:inst|memory_cell:inst16|inst4   ; out0             ;
; |ram|4x32ram:inst|4x4ram:inst|memory_cell:inst14|inst    ; |ram|4x32ram:inst|4x4ram:inst|memory_cell:inst14|inst    ; regout           ;
; |ram|4x32ram:inst|4x4ram:inst|memory_cell:inst14|inst4   ; |ram|4x32ram:inst|4x4ram:inst|memory_cell:inst14|inst4   ; out0             ;
; |ram|4x32ram:inst|4x4ram:inst|memory_cell:inst12|inst3   ; |ram|4x32ram:inst|4x4ram:inst|memory_cell:inst12|inst3   ; out              ;
; |ram|4x32ram:inst|4x4ram:inst|memory_cell:inst12|inst    ; |ram|4x32ram:inst|4x4ram:inst|memory_cell:inst12|inst    ; regout           ;
; |ram|4x32ram:inst|4x4ram:inst|memory_cell:inst12|inst4   ; |ram|4x32ram:inst|4x4ram:inst|memory_cell:inst12|inst4   ; out0             ;
; |ram|4x32ram:inst|4x4ram:inst|memory_cell:inst10|inst    ; |ram|4x32ram:inst|4x4ram:inst|memory_cell:inst10|inst    ; regout           ;
; |ram|4x32ram:inst|4x4ram:inst|memory_cell:inst10|inst4   ; |ram|4x32ram:inst|4x4ram:inst|memory_cell:inst10|inst4   ; out0             ;
; |ram|4x32ram:inst|4x4ram:inst|memory_cell:inst15|inst    ; |ram|4x32ram:inst|4x4ram:inst|memory_cell:inst15|inst    ; regout           ;
; |ram|4x32ram:inst|4x4ram:inst|memory_cell:inst15|inst4   ; |ram|4x32ram:inst|4x4ram:inst|memory_cell:inst15|inst4   ; out0             ;
; |ram|4x32ram:inst|4x4ram:inst|memory_cell:inst13|inst    ; |ram|4x32ram:inst|4x4ram:inst|memory_cell:inst13|inst    ; regout           ;
; |ram|4x32ram:inst|4x4ram:inst|memory_cell:inst13|inst4   ; |ram|4x32ram:inst|4x4ram:inst|memory_cell:inst13|inst4   ; out0             ;
; |ram|4x32ram:inst|4x4ram:inst|memory_cell:inst11|inst3   ; |ram|4x32ram:inst|4x4ram:inst|memory_cell:inst11|inst3   ; out              ;
; |ram|4x32ram:inst|4x4ram:inst|memory_cell:inst11|inst    ; |ram|4x32ram:inst|4x4ram:inst|memory_cell:inst11|inst    ; regout           ;
; |ram|4x32ram:inst|4x4ram:inst|memory_cell:inst11|inst4   ; |ram|4x32ram:inst|4x4ram:inst|memory_cell:inst11|inst4   ; out0             ;
; |ram|4x32ram:inst|4x4ram:inst|memory_cell:inst9|inst     ; |ram|4x32ram:inst|4x4ram:inst|memory_cell:inst9|inst     ; regout           ;
; |ram|4x32ram:inst|4x4ram:inst|memory_cell:inst9|inst4    ; |ram|4x32ram:inst|4x4ram:inst|memory_cell:inst9|inst4    ; out0             ;
; |ram|4x32ram:inst|4x4ram:inst|memory_cell:inst8|inst     ; |ram|4x32ram:inst|4x4ram:inst|memory_cell:inst8|inst     ; regout           ;
; |ram|4x32ram:inst|4x4ram:inst|memory_cell:inst8|inst4    ; |ram|4x32ram:inst|4x4ram:inst|memory_cell:inst8|inst4    ; out0             ;
; |ram|4x32ram:inst|4x4ram:inst|memory_cell:inst6|inst     ; |ram|4x32ram:inst|4x4ram:inst|memory_cell:inst6|inst     ; regout           ;
; |ram|4x32ram:inst|4x4ram:inst|memory_cell:inst6|inst4    ; |ram|4x32ram:inst|4x4ram:inst|memory_cell:inst6|inst4    ; out0             ;
; |ram|4x32ram:inst|4x4ram:inst|memory_cell:inst4|inst3    ; |ram|4x32ram:inst|4x4ram:inst|memory_cell:inst4|inst3    ; out              ;
; |ram|4x32ram:inst|4x4ram:inst|memory_cell:inst4|inst     ; |ram|4x32ram:inst|4x4ram:inst|memory_cell:inst4|inst     ; regout           ;
; |ram|4x32ram:inst|4x4ram:inst|memory_cell:inst4|inst4    ; |ram|4x32ram:inst|4x4ram:inst|memory_cell:inst4|inst4    ; out0             ;
; |ram|4x32ram:inst|4x4ram:inst|24decoder:inst|inst3       ; |ram|4x32ram:inst|4x4ram:inst|24decoder:inst|inst3       ; out0             ;
; |ram|4x32ram:inst|4x4ram:inst|memory_cell:inst2|inst     ; |ram|4x32ram:inst|4x4ram:inst|memory_cell:inst2|inst     ; regout           ;
; |ram|4x32ram:inst|4x4ram:inst|memory_cell:inst2|inst4    ; |ram|4x32ram:inst|4x4ram:inst|memory_cell:inst2|inst4    ; out0             ;
+----------------------------------------------------------+----------------------------------------------------------+------------------+


+---------------------+
; Simulator INI Usage ;
+--------+------------+
; Option ; Usage      ;
+--------+------------+


+--------------------+
; Simulator Messages ;
+--------------------+
Info: *******************************************************************
Info: Running Quartus II 64-Bit Simulator
    Info: Version 13.0.1 Build 232 06/12/2013 Service Pack 1 SJ Web Edition
    Info: Processing started: Fri Oct 24 11:28:40 2025
Info: Command: quartus_sim --simulation_results_format=VWF ram -c ram
Info (324025): Using vector source file "D:/E/1subject/HK5/lls/thuchanh/btvn1010/ramwf.vwf"
Info (310003): Option to preserve fewer signal transitions to reduce memory requirements is enabled
    Info (310004): Simulation has been partitioned into sub-simulations according to the maximum transition count determined by the engine. Transitions from memory will be flushed out to disk at the end of each sub-simulation to reduce memory requirements.
Info (310002): Simulation partitioned into 1 sub-simulations
Info (328053): Simulation coverage is      11.23 %
Info (328052): Number of transitions in simulation is 6784
Info (324045): Vector file ram.sim.vwf is saved in VWF text format. You can compress it into CVWF format in order to reduce file size. For more details please refer to the Quartus II Help.
Info: Quartus II 64-Bit Simulator was successful. 0 errors, 0 warnings
    Info: Peak virtual memory: 4478 megabytes
    Info: Processing ended: Fri Oct 24 11:28:40 2025
    Info: Elapsed time: 00:00:00
    Info: Total CPU time (on all processors): 00:00:00


