Analysis & Synthesis report for ram
Fri Oct 24 11:26:51 2025
Quartus II 64-Bit Version 13.0.1 Build 232 06/12/2013 Service Pack 1 SJ Web Edition


---------------------
; Table of Contents ;
---------------------
  1. Legal Notice
  2. Analysis & Synthesis Summary
  3. Analysis & Synthesis Settings
  4. Parallel Compilation
  5. Analysis & Synthesis Source Files Read
  6. Analysis & Synthesis Resource Usage Summary
  7. Analysis & Synthesis Resource Utilization by Entity
  8. General Register Statistics
  9. Elapsed Time Per Partition
 10. Analysis & Synthesis Messages



----------------
; Legal Notice ;
----------------
Copyright (C) 1991-2013 Altera Corporation
Your use of Altera Corporation's design tools, logic functions 
and other software and tools, and its AMPP partner logic 
functions, and any output files from any of the foregoing 
(including device programming or simulation files), and any 
associated documentation or information are expressly subject 
to the terms and conditions of the Altera Program License 
Subscription Agreement, Altera MegaCore Function License 
Agreement, or other applicable license agreement, including, 
without limitation, that your use is for the sole purpose of 
programming logic devices manufactured by Altera and sold by 
Altera or its authorized distributors.  Please refer to the 
applicable agreement for further details.



+--------------------------------------------------------------------------------------+
; Analysis & Synthesis Summary                                                         ;
+------------------------------------+-------------------------------------------------+
; Analysis & Synthesis Status        ; Successful - Fri Oct 24 11:26:51 2025           ;
; Quartus II 64-Bit Version          ; 13.0.1 Build 232 06/12/2013 SP 1 SJ Web Edition ;
; Revision Name                      ; ram                                             ;
; Top-level Entity Name              ; ram                                             ;
; Family                             ; Cyclone II                                      ;
; Total logic elements               ; 2,832                                           ;
;     Total combinational functions  ; 1,808                                           ;
;     Dedicated logic registers      ; 1,024                                           ;
; Total registers                    ; 1024                                            ;
; Total pins                         ; 39                                              ;
; Total virtual pins                 ; 0                                               ;
; Total memory bits                  ; 0                                               ;
; Embedded Multiplier 9-bit elements ; 0                                               ;
; Total PLLs                         ; 0                                               ;
+------------------------------------+-------------------------------------------------+


+----------------------------------------------------------------------------------------------------------------------+
; Analysis & Synthesis Settings                                                                                        ;
+----------------------------------------------------------------------------+--------------------+--------------------+
; Option                                                                     ; Setting            ; Default Value      ;
+----------------------------------------------------------------------------+--------------------+--------------------+
; Device                                                                     ; EP2C35F672C6       ;                    ;
; Top-level entity name                                                      ; ram                ; ram                ;
; Family name                                                                ; Cyclone II         ; Cyclone IV GX      ;
; Use smart compilation                                                      ; Off                ; Off                ;
; Enable parallel Assembler and TimeQuest Timing Analyzer during compilation ; On                 ; On                 ;
; Enable compact report table                                                ; Off                ; Off                ;
; Restructure Multiplexers                                                   ; Auto               ; Auto               ;
; Create Debugging Nodes for IP Cores                                        ; Off                ; Off                ;
; Preserve fewer node names                                                  ; On                 ; On                 ;
; Disable OpenCore Plus hardware evaluation                                  ; Off                ; Off                ;
; Verilog Version                                                            ; Verilog_2001       ; Verilog_2001       ;
; VHDL Version                                                               ; VHDL_1993          ; VHDL_1993          ;
; State Machine Processing                                                   ; Auto               ; Auto               ;
; Safe State Machine                                                         ; Off                ; Off                ;
; Extract Verilog State Machines                                             ; On                 ; On                 ;
; Extract VHDL State Machines                                                ; On                 ; On                 ;
; Ignore Verilog initial constructs                                          ; Off                ; Off                ;
; Iteration limit for constant Verilog loops                                 ; 5000               ; 5000               ;
; Iteration limit for non-constant Verilog loops                             ; 250                ; 250                ;
; Add Pass-Through Logic to Inferred RAMs                                    ; On                 ; On                 ;
; Infer RAMs from Raw Logic                                                  ; On                 ; On                 ;
; Parallel Synthesis                                                         ; On                 ; On                 ;
; DSP Block Balancing                                                        ; Auto               ; Auto               ;
; NOT Gate Push-Back                                                         ; On                 ; On                 ;
; Power-Up Don't Care                                                        ; On                 ; On                 ;
; Remove Redundant Logic Cells                                               ; Off                ; Off                ;
; Remove Duplicate Registers                                                 ; On                 ; On                 ;
; Ignore CARRY Buffers                                                       ; Off                ; Off                ;
; Ignore CASCADE Buffers                                                     ; Off                ; Off                ;
; Ignore GLOBAL Buffers                                                      ; Off                ; Off                ;
; Ignore ROW GLOBAL Buffers                                                  ; Off                ; Off                ;
; Ignore LCELL Buffers                                                       ; Off                ; Off                ;
; Ignore SOFT Buffers                                                        ; On                 ; On                 ;
; Limit AHDL Integers to 32 Bits                                             ; Off                ; Off                ;
; Optimization Technique                                                     ; Balanced           ; Balanced           ;
; Carry Chain Length                                                         ; 70                 ; 70                 ;
; Auto Carry Chains                                                          ; On                 ; On                 ;
; Auto Open-Drain Pins                                                       ; On                 ; On                 ;
; Perform WYSIWYG Primitive Resynthesis                                      ; Off                ; Off                ;
; Auto ROM Replacement                                                       ; On                 ; On                 ;
; Auto RAM Replacement                                                       ; On                 ; On                 ;
; Auto Shift Register Replacement                                            ; Auto               ; Auto               ;
; Allow Shift Register Merging across Hierarchies                            ; Auto               ; Auto               ;
; Auto Clock Enable Replacement                                              ; On                 ; On                 ;
; Strict RAM Replacement                                                     ; Off                ; Off                ;
; Allow Synchronous Control Signals                                          ; On                 ; On                 ;
; Force Use of Synchronous Clear Signals                                     ; Off                ; Off                ;
; Auto RAM to Logic Cell Conversion                                          ; Off                ; Off                ;
; Auto Resource Sharing                                                      ; Off                ; Off                ;
; Allow Any RAM Size For Recognition                                         ; Off                ; Off                ;
; Allow Any ROM Size For Recognition                                         ; Off                ; Off                ;
; Allow Any Shift Register Size For Recognition                              ; Off                ; Off                ;
; Use LogicLock Constraints during Resource Balancing                        ; On                 ; On                 ;
; Ignore translate_off and synthesis_off directives                          ; Off                ; Off                ;
; Timing-Driven Synthesis                                                    ; Off                ; Off                ;
; Report Parameter Settings                                                  ; On                 ; On                 ;
; Report Source Assignments                                                  ; On                 ; On                 ;
; Report Connectivity Checks                                                 ; On                 ; On                 ;
; Ignore Maximum Fan-Out Assignments                                         ; Off                ; Off                ;
; Synchronization Register Chain Length                                      ; 2                  ; 2                  ;
; PowerPlay Power Optimization                                               ; Normal compilation ; Normal compilation ;
; HDL message level                                                          ; Level2             ; Level2             ;
; Suppress Register Optimization Related Messages                            ; Off                ; Off                ;
; Number of Removed Registers Reported in Synthesis Report                   ; 5000               ; 5000               ;
; Number of Swept Nodes Reported in Synthesis Report                         ; 5000               ; 5000               ;
; Number of Inverted Registers Reported in Synthesis Report                  ; 100                ; 100                ;
; Clock MUX Protection                                                       ; On                 ; On                 ;
; Auto Gated Clock Conversion                                                ; Off                ; Off                ;
; Block Design Naming                                                        ; Auto               ; Auto               ;
; SDC constraint protection                                                  ; Off                ; Off                ;
; Synthesis Effort                                                           ; Auto               ; Auto               ;
; Shift Register Replacement - Allow Asynchronous Clear Signal               ; On                 ; On                 ;
; Pre-Mapping Resynthesis Optimization                                       ; Off                ; Off                ;
; Analysis & Synthesis Message Level                                         ; Medium             ; Medium             ;
; Disable Register Merging Across Hierarchies                                ; Auto               ; Auto               ;
; Resource Aware Inference For Block RAM                                     ; On                 ; On                 ;
; Synthesis Seed                                                             ; 1                  ; 1                  ;
+----------------------------------------------------------------------------+--------------------+--------------------+


Parallel compilation was disabled, but you have multiple processors available. Enable parallel compilation to reduce compilation time.
+-------------------------------------+
; Parallel Compilation                ;
+----------------------------+--------+
; Processors                 ; Number ;
+----------------------------+--------+
; Number detected on machine ; 16     ;
; Maximum allowed            ; 1      ;
+----------------------------+--------+


+-------------------------------------------------------------------------------------------------------------------------------------------------------------+
; Analysis & Synthesis Source Files Read                                                                                                                      ;
+----------------------------------+-----------------+------------------------------------+---------------------------------------------------------+---------+
; File Name with User-Entered Path ; Used in Netlist ; File Type                          ; File Name with Absolute Path                            ; Library ;
+----------------------------------+-----------------+------------------------------------+---------------------------------------------------------+---------+
; memory_cell.bdf                  ; yes             ; User Block Diagram/Schematic File  ; D:/E/1subject/HK5/lls/thuchanh/btvn1010/memory_cell.bdf ;         ;
; ram.bdf                          ; yes             ; User Block Diagram/Schematic File  ; D:/E/1subject/HK5/lls/thuchanh/btvn1010/ram.bdf         ;         ;
; 24decoder.bdf                    ; yes             ; User Block Diagram/Schematic File  ; D:/E/1subject/HK5/lls/thuchanh/btvn1010/24decoder.bdf   ;         ;
; 4x4ram.bdf                       ; yes             ; User Block Diagram/Schematic File  ; D:/E/1subject/HK5/lls/thuchanh/btvn1010/4x4ram.bdf      ;         ;
; 4x32ram.bdf                      ; yes             ; User Block Diagram/Schematic File  ; D:/E/1subject/HK5/lls/thuchanh/btvn1010/4x32ram.bdf     ;         ;
; 38decoder.bdf                    ; yes             ; User Block Diagram/Schematic File  ; D:/E/1subject/HK5/lls/thuchanh/btvn1010/38decoder.bdf   ;         ;
+----------------------------------+-----------------+------------------------------------+---------------------------------------------------------+---------+


+-----------------------------------------------------+
; Analysis & Synthesis Resource Usage Summary         ;
+---------------------------------------------+-------+
; Resource                                    ; Usage ;
+---------------------------------------------+-------+
; Estimated Total logic elements              ; 2,832 ;
;                                             ;       ;
; Total combinational functions               ; 1808  ;
; Logic element usage by number of LUT inputs ;       ;
;     -- 4 input functions                    ; 1801  ;
;     -- 3 input functions                    ; 1     ;
;     -- <=2 input functions                  ; 6     ;
;                                             ;       ;
; Logic elements by mode                      ;       ;
;     -- normal mode                          ; 1808  ;
;     -- arithmetic mode                      ; 0     ;
;                                             ;       ;
; Total registers                             ; 1024  ;
;     -- Dedicated logic registers            ; 1024  ;
;     -- I/O registers                        ; 0     ;
;                                             ;       ;
; I/O pins                                    ; 39    ;
; Embedded Multiplier 9-bit elements          ; 0     ;
; Maximum fan-out node                        ; A[4]  ;
; Maximum fan-out                             ; 1062  ;
; Total fan-out                               ; 9331  ;
; Average fan-out                             ; 3.25  ;
+---------------------------------------------+-------+


+---------------------------------------------------------------------------------------------------------------------------------------------------------------------------------------------------------------+
; Analysis & Synthesis Resource Utilization by Entity                                                                                                                                                           ;
+-------------------------------+-------------------+--------------+-------------+--------------+---------+-----------+------+--------------+----------------------------------------------------+--------------+
; Compilation Hierarchy Node    ; LC Combinationals ; LC Registers ; Memory Bits ; DSP Elements ; DSP 9x9 ; DSP 18x18 ; Pins ; Virtual Pins ; Full Hierarchy Name                                ; Library Name ;
+-------------------------------+-------------------+--------------+-------------+--------------+---------+-----------+------+--------------+----------------------------------------------------+--------------+
; |ram                          ; 1808 (0)          ; 1024 (0)     ; 0           ; 0            ; 0       ; 0         ; 39   ; 0            ; |ram                                               ; work         ;
;    |4x32ram:inst1|            ; 225 (0)           ; 128 (0)      ; 0           ; 0            ; 0       ; 0         ; 0    ; 0            ; |ram|4x32ram:inst1                                 ; work         ;
;       |4x4ram:inst1|          ; 28 (12)           ; 16 (0)       ; 0           ; 0            ; 0       ; 0         ; 0    ; 0            ; |ram|4x32ram:inst1|4x4ram:inst1                    ; work         ;
;          |memory_cell:inst10| ; 1 (1)             ; 1 (1)        ; 0           ; 0            ; 0       ; 0         ; 0    ; 0            ; |ram|4x32ram:inst1|4x4ram:inst1|memory_cell:inst10 ; work         ;
;          |memory_cell:inst11| ; 1 (1)             ; 1 (1)        ; 0           ; 0            ; 0       ; 0         ; 0    ; 0            ; |ram|4x32ram:inst1|4x4ram:inst1|memory_cell:inst11 ; work         ;
;          |memory_cell:inst12| ; 1 (1)             ; 1 (1)        ; 0           ; 0            ; 0       ; 0         ; 0    ; 0            ; |ram|4x32ram:inst1|4x4ram:inst1|memory_cell:inst12 ; work         ;
;          |memory_cell:inst13| ; 1 (1)             ; 1 (1)        ; 0           ; 0            ; 0       ; 0         ; 0    ; 0            ; |ram|4x32ram:inst1|4x4ram:inst1|memory_cell:inst13 ; work         ;
;          |memory_cell:inst14| ; 1 (1)             ; 1 (1)        ; 0           ; 0            ; 0       ; 0         ; 0    ; 0            ; |ram|4x32ram:inst1|4x4ram:inst1|memory_cell:inst14 ; work         ;
;          |memory_cell:inst15| ; 1 (1)             ; 1 (1)        ; 0           ; 0            ; 0       ; 0         ; 0    ; 0            ; |ram|4x32ram:inst1|4x4ram:inst1|memory_cell:inst15 ; work         ;
;          |memory_cell:inst16| ; 1 (1)             ; 1 (1)        ; 0           ; 0            ; 0       ; 0         ; 0    ; 0            ; |ram|4x32ram:inst1|4x4ram:inst1|memory_cell:inst16 ; work         ;
;          |memory_cell:inst1|  ; 1 (1)             ; 1 (1)        ; 0           ; 0            ; 0       ; 0         ; 0    ; 0            ; |ram|4x32ram:inst1|4x4ram:inst1|memory_cell:inst1  ; work         ;
;          |memory_cell:inst2|  ; 1 (1)             ; 1 (1)        ; 0           ; 0            ; 0       ; 0         ; 0    ; 0            ; |ram|4x32ram:inst1|4x4ram:inst1|memory_cell:inst2  ; work         ;
;          |memory_cell:inst3|  ; 1 (1)             ; 1 (1)        ; 0           ; 0            ; 0       ; 0         ; 0    ; 0            ; |ram|4x32ram:inst1|4x4ram:inst1|memory_cell:inst3  ; work         ;
;          |memory_cell:inst4|  ; 1 (1)             ; 1 (1)        ; 0           ; 0            ; 0       ; 0         ; 0    ; 0            ; |ram|4x32ram:inst1|4x4ram:inst1|memory_cell:inst4  ; work         ;
;          |memory_cell:inst5|  ; 1 (1)             ; 1 (1)        ; 0           ; 0            ; 0       ; 0         ; 0    ; 0            ; |ram|4x32ram:inst1|4x4ram:inst1|memory_cell:inst5  ; work         ;
;          |memory_cell:inst6|  ; 1 (1)             ; 1 (1)        ; 0           ; 0            ; 0       ; 0         ; 0    ; 0            ; |ram|4x32ram:inst1|4x4ram:inst1|memory_cell:inst6  ; work         ;
;          |memory_cell:inst7|  ; 1 (1)             ; 1 (1)        ; 0           ; 0            ; 0       ; 0         ; 0    ; 0            ; |ram|4x32ram:inst1|4x4ram:inst1|memory_cell:inst7  ; work         ;
;          |memory_cell:inst8|  ; 1 (1)             ; 1 (1)        ; 0           ; 0            ; 0       ; 0         ; 0    ; 0            ; |ram|4x32ram:inst1|4x4ram:inst1|memory_cell:inst8  ; work         ;
;          |memory_cell:inst9|  ; 1 (1)             ; 1 (1)        ; 0           ; 0            ; 0       ; 0         ; 0    ; 0            ; |ram|4x32ram:inst1|4x4ram:inst1|memory_cell:inst9  ; work         ;
;       |4x4ram:inst3|          ; 28 (12)           ; 16 (0)       ; 0           ; 0            ; 0       ; 0         ; 0    ; 0            ; |ram|4x32ram:inst1|4x4ram:inst3                    ; work         ;
;          |memory_cell:inst10| ; 1 (1)             ; 1 (1)        ; 0           ; 0            ; 0       ; 0         ; 0    ; 0            ; |ram|4x32ram:inst1|4x4ram:inst3|memory_cell:inst10 ; work         ;
;          |memory_cell:inst11| ; 1 (1)             ; 1 (1)        ; 0           ; 0            ; 0       ; 0         ; 0    ; 0            ; |ram|4x32ram:inst1|4x4ram:inst3|memory_cell:inst11 ; work         ;
;          |memory_cell:inst12| ; 1 (1)             ; 1 (1)        ; 0           ; 0            ; 0       ; 0         ; 0    ; 0            ; |ram|4x32ram:inst1|4x4ram:inst3|memory_cell:inst12 ; work         ;
;          |memory_cell:inst13| ; 1 (1)             ; 1 (1)        ; 0           ; 0            ; 0       ; 0         ; 0    ; 0            ; |ram|4x32ram:inst1|4x4ram:inst3|memory_cell:inst13 ; work         ;
;          |memory_cell:inst14| ; 1 (1)             ; 1 (1)        ; 0           ; 0            ; 0       ; 0         ; 0    ; 0            ; |ram|4x32ram:inst1|4x4ram:inst3|memory_cell:inst14 ; work         ;
;          |memory_cell:inst15| ; 1 (1)             ; 1 (1)        ; 0           ; 0            ; 0       ; 0         ; 0    ; 0            ; |ram|4x32ram:inst1|4x4ram:inst3|memory_cell:inst15 ; work         ;
;          |memory_cell:inst16| ; 1 (1)             ; 1 (1)        ; 0           ; 0            ; 0       ; 0         ; 0    ; 0            ; |ram|4x32ram:inst1|4x4ram:inst3|memory_cell:inst16 ; work         ;
;          |memory_cell:inst1|  ; 1 (1)             ; 1 (1)        ; 0           ; 0            ; 0       ; 0         ; 0    ; 0            ; |ram|4x32ram:inst1|4x4ram:inst3|memory_cell:inst1  ; work         ;
;          |memory_cell:inst2|  ; 1 (1)             ; 1 (1)        ; 0           ; 0            ; 0       ; 0         ; 0    ; 0            ; |ram|4x32ram:inst1|4x4ram:inst3|memory_cell:inst2  ; work         ;
;          |memory_cell:inst3|  ; 1 (1)             ; 1 (1)        ; 0           ; 0            ; 0       ; 0         ; 0    ; 0            ; |ram|4x32ram:inst1|4x4ram:inst3|memory_cell:inst3  ; work         ;
;          |memory_cell:inst4|  ; 1 (1)             ; 1 (1)        ; 0           ; 0            ; 0       ; 0         ; 0    ; 0            ; |ram|4x32ram:inst1|4x4ram:inst3|memory_cell:inst4  ; work         ;
;          |memory_cell:inst5|  ; 1 (1)             ; 1 (1)        ; 0           ; 0            ; 0       ; 0         ; 0    ; 0            ; |ram|4x32ram:inst1|4x4ram:inst3|memory_cell:inst5  ; work         ;
;          |memory_cell:inst6|  ; 1 (1)             ; 1 (1)        ; 0           ; 0            ; 0       ; 0         ; 0    ; 0            ; |ram|4x32ram:inst1|4x4ram:inst3|memory_cell:inst6  ; work         ;
;          |memory_cell:inst7|  ; 1 (1)             ; 1 (1)        ; 0           ; 0            ; 0       ; 0         ; 0    ; 0            ; |ram|4x32ram:inst1|4x4ram:inst3|memory_cell:inst7  ; work         ;
;          |memory_cell:inst8|  ; 1 (1)             ; 1 (1)        ; 0           ; 0            ; 0       ; 0         ; 0    ; 0            ; |ram|4x32ram:inst1|4x4ram:inst3|memory_cell:inst8  ; work         ;
;          |memory_cell:inst9|  ; 1 (1)             ; 1 (1)        ; 0           ; 0            ; 0       ; 0         ; 0    ; 0            ; |ram|4x32ram:inst1|4x4ram:inst3|memory_cell:inst9  ; work         ;
;       |4x4ram:inst4|          ; 28 (12)           ; 16 (0)       ; 0           ; 0            ; 0       ; 0         ; 0    ; 0            ; |ram|4x32ram:inst1|4x4ram:inst4                    ; work         ;
;          |memory_cell:inst10| ; 1 (1)             ; 1 (1)        ; 0           ; 0            ; 0       ; 0         ; 0    ; 0            ; |ram|4x32ram:inst1|4x4ram:inst4|memory_cell:inst10 ; work         ;
;          |memory_cell:inst11| ; 1 (1)             ; 1 (1)        ; 0           ; 0            ; 0       ; 0         ; 0    ; 0            ; |ram|4x32ram:inst1|4x4ram:inst4|memory_cell:inst11 ; work         ;
;          |memory_cell:inst12| ; 1 (1)             ; 1 (1)        ; 0           ; 0            ; 0       ; 0         ; 0    ; 0            ; |ram|4x32ram:inst1|4x4ram:inst4|memory_cell:inst12 ; work         ;
;          |memory_cell:inst13| ; 1 (1)             ; 1 (1)        ; 0           ; 0            ; 0       ; 0         ; 0    ; 0            ; |ram|4x32ram:inst1|4x4ram:inst4|memory_cell:inst13 ; work         ;
;          |memory_cell:inst14| ; 1 (1)             ; 1 (1)        ; 0           ; 0            ; 0       ; 0         ; 0    ; 0            ; |ram|4x32ram:inst1|4x4ram:inst4|memory_cell:inst14 ; work         ;
;          |memory_cell:inst15| ; 1 (1)             ; 1 (1)        ; 0           ; 0            ; 0       ; 0         ; 0    ; 0            ; |ram|4x32ram:inst1|4x4ram:inst4|memory_cell:inst15 ; work         ;
;          |memory_cell:inst16| ; 1 (1)             ; 1 (1)        ; 0           ; 0            ; 0       ; 0         ; 0    ; 0            ; |ram|4x32ram:inst1|4x4ram:inst4|memory_cell:inst16 ; work         ;
;          |memory_cell:inst1|  ; 1 (1)             ; 1 (1)        ; 0           ; 0            ; 0       ; 0         ; 0    ; 0            ; |ram|4x32ram:inst1|4x4ram:inst4|memory_cell:inst1  ; work         ;
;          |memory_cell:inst2|  ; 1 (1)             ; 1 (1)        ; 0           ; 0            ; 0       ; 0         ; 0    ; 0            ; |ram|4x32ram:inst1|4x4ram:inst4|memory_cell:inst2  ; work         ;
;          |memory_cell:inst3|  ; 1 (1)             ; 1 (1)        ; 0           ; 0            ; 0       ; 0         ; 0    ; 0            ; |ram|4x32ram:inst1|4x4ram:inst4|memory_cell:inst3  ; work         ;
;          |memory_cell:inst4|  ; 1 (1)             ; 1 (1)        ; 0           ; 0            ; 0       ; 0         ; 0    ; 0            ; |ram|4x32ram:inst1|4x4ram:inst4|memory_cell:inst4  ; work         ;
;          |memory_cell:inst5|  ; 1 (1)             ; 1 (1)        ; 0           ; 0            ; 0       ; 0         ; 0    ; 0            ; |ram|4x32ram:inst1|4x4ram:inst4|memory_cell:inst5  ; work         ;
;          |memory_cell:inst6|  ; 1 (1)             ; 1 (1)        ; 0           ; 0            ; 0       ; 0         ; 0    ; 0            ; |ram|4x32ram:inst1|4x4ram:inst4|memory_cell:inst6  ; work         ;
;          |memory_cell:inst7|  ; 1 (1)             ; 1 (1)        ; 0           ; 0            ; 0       ; 0         ; 0    ; 0            ; |ram|4x32ram:inst1|4x4ram:inst4|memory_cell:inst7  ; work         ;
;          |memory_cell:inst8|  ; 1 (1)             ; 1 (1)        ; 0           ; 0            ; 0       ; 0         ; 0    ; 0            ; |ram|4x32ram:inst1|4x4ram:inst4|memory_cell:inst8  ; work         ;
;          |memory_cell:inst9|  ; 1 (1)             ; 1 (1)        ; 0           ; 0            ; 0       ; 0         ; 0    ; 0            ; |ram|4x32ram:inst1|4x4ram:inst4|memory_cell:inst9  ; work         ;
;       |4x4ram:inst5|          ; 28 (12)           ; 16 (0)       ; 0           ; 0            ; 0       ; 0         ; 0    ; 0            ; |ram|4x32ram:inst1|4x4ram:inst5                    ; work         ;
;          |memory_cell:inst10| ; 1 (1)             ; 1 (1)        ; 0           ; 0            ; 0       ; 0         ; 0    ; 0            ; |ram|4x32ram:inst1|4x4ram:inst5|memory_cell:inst10 ; work         ;
;          |memory_cell:inst11| ; 1 (1)             ; 1 (1)        ; 0           ; 0            ; 0       ; 0         ; 0    ; 0            ; |ram|4x32ram:inst1|4x4ram:inst5|memory_cell:inst11 ; work         ;
;          |memory_cell:inst12| ; 1 (1)             ; 1 (1)        ; 0           ; 0            ; 0       ; 0         ; 0    ; 0            ; |ram|4x32ram:inst1|4x4ram:inst5|memory_cell:inst12 ; work         ;
;          |memory_cell:inst13| ; 1 (1)             ; 1 (1)        ; 0           ; 0            ; 0       ; 0         ; 0    ; 0            ; |ram|4x32ram:inst1|4x4ram:inst5|memory_cell:inst13 ; work         ;
;          |memory_cell:inst14| ; 1 (1)             ; 1 (1)        ; 0           ; 0            ; 0       ; 0         ; 0    ; 0            ; |ram|4x32ram:inst1|4x4ram:inst5|memory_cell:inst14 ; work         ;
;          |memory_cell:inst15| ; 1 (1)             ; 1 (1)        ; 0           ; 0            ; 0       ; 0         ; 0    ; 0            ; |ram|4x32ram:inst1|4x4ram:inst5|memory_cell:inst15 ; work         ;
;          |memory_cell:inst16| ; 1 (1)             ; 1 (1)        ; 0           ; 0            ; 0       ; 0         ; 0    ; 0            ; |ram|4x32ram:inst1|4x4ram:inst5|memory_cell:inst16 ; work         ;
;          |memory_cell:inst1|  ; 1 (1)             ; 1 (1)        ; 0           ; 0            ; 0       ; 0         ; 0    ; 0            ; |ram|4x32ram:inst1|4x4ram:inst5|memory_cell:inst1  ; work         ;
;          |memory_cell:inst2|  ; 1 (1)             ; 1 (1)        ; 0           ; 0            ; 0       ; 0         ; 0    ; 0            ; |ram|4x32ram:inst1|4x4ram:inst5|memory_cell:inst2  ; work         ;
;          |memory_cell:inst3|  ; 1 (1)             ; 1 (1)        ; 0           ; 0            ; 0       ; 0         ; 0    ; 0            ; |ram|4x32ram:inst1|4x4ram:inst5|memory_cell:inst3  ; work         ;
;          |memory_cell:inst4|  ; 1 (1)             ; 1 (1)        ; 0           ; 0            ; 0       ; 0         ; 0    ; 0            ; |ram|4x32ram:inst1|4x4ram:inst5|memory_cell:inst4  ; work         ;
;          |memory_cell:inst5|  ; 1 (1)             ; 1 (1)        ; 0           ; 0            ; 0       ; 0         ; 0    ; 0            ; |ram|4x32ram:inst1|4x4ram:inst5|memory_cell:inst5  ; work         ;
;          |memory_cell:inst6|  ; 1 (1)             ; 1 (1)        ; 0           ; 0            ; 0       ; 0         ; 0    ; 0            ; |ram|4x32ram:inst1|4x4ram:inst5|memory_cell:inst6  ; work         ;
;          |memory_cell:inst7|  ; 1 (1)             ; 1 (1)        ; 0           ; 0            ; 0       ; 0         ; 0    ; 0            ; |ram|4x32ram:inst1|4x4ram:inst5|memory_cell:inst7  ; work         ;
;          |memory_cell:inst8|  ; 1 (1)             ; 1 (1)        ; 0           ; 0            ; 0       ; 0         ; 0    ; 0            ; |ram|4x32ram:inst1|4x4ram:inst5|memory_cell:inst8  ; work         ;
;          |memory_cell:inst9|  ; 1 (1)             ; 1 (1)        ; 0           ; 0            ; 0       ; 0         ; 0    ; 0            ; |ram|4x32ram:inst1|4x4ram:inst5|memory_cell:inst9  ; work         ;
;       |4x4ram:inst6|          ; 28 (12)           ; 16 (0)       ; 0           ; 0            ; 0       ; 0         ; 0    ; 0            ; |ram|4x32ram:inst1|4x4ram:inst6                    ; work         ;
;          |memory_cell:inst10| ; 1 (1)             ; 1 (1)        ; 0           ; 0            ; 0       ; 0         ; 0    ; 0            ; |ram|4x32ram:inst1|4x4ram:inst6|memory_cell:inst10 ; work         ;
;          |memory_cell:inst11| ; 1 (1)             ; 1 (1)        ; 0           ; 0            ; 0       ; 0         ; 0    ; 0            ; |ram|4x32ram:inst1|4x4ram:inst6|memory_cell:inst11 ; work         ;
;          |memory_cell:inst12| ; 1 (1)             ; 1 (1)        ; 0           ; 0            ; 0       ; 0         ; 0    ; 0            ; |ram|4x32ram:inst1|4x4ram:inst6|memory_cell:inst12 ; work         ;
;          |memory_cell:inst13| ; 1 (1)             ; 1 (1)        ; 0           ; 0            ; 0       ; 0         ; 0    ; 0            ; |ram|4x32ram:inst1|4x4ram:inst6|memory_cell:inst13 ; work         ;
;          |memory_cell:inst14| ; 1 (1)             ; 1 (1)        ; 0           ; 0            ; 0       ; 0         ; 0    ; 0            ; |ram|4x32ram:inst1|4x4ram:inst6|memory_cell:inst14 ; work         ;
;          |memory_cell:inst15| ; 1 (1)             ; 1 (1)        ; 0           ; 0            ; 0       ; 0         ; 0    ; 0            ; |ram|4x32ram:inst1|4x4ram:inst6|memory_cell:inst15 ; work         ;
;          |memory_cell:inst16| ; 1 (1)             ; 1 (1)        ; 0           ; 0            ; 0       ; 0         ; 0    ; 0            ; |ram|4x32ram:inst1|4x4ram:inst6|memory_cell:inst16 ; work         ;
;          |memory_cell:inst1|  ; 1 (1)             ; 1 (1)        ; 0           ; 0            ; 0       ; 0         ; 0    ; 0            ; |ram|4x32ram:inst1|4x4ram:inst6|memory_cell:inst1  ; work         ;
;          |memory_cell:inst2|  ; 1 (1)             ; 1 (1)        ; 0           ; 0            ; 0       ; 0         ; 0    ; 0            ; |ram|4x32ram:inst1|4x4ram:inst6|memory_cell:inst2  ; work         ;
;          |memory_cell:inst3|  ; 1 (1)             ; 1 (1)        ; 0           ; 0            ; 0       ; 0         ; 0    ; 0            ; |ram|4x32ram:inst1|4x4ram:inst6|memory_cell:inst3  ; work         ;
;          |memory_cell:inst4|  ; 1 (1)             ; 1 (1)        ; 0           ; 0            ; 0       ; 0         ; 0    ; 0            ; |ram|4x32ram:inst1|4x4ram:inst6|memory_cell:inst4  ; work         ;
;          |memory_cell:inst5|  ; 1 (1)             ; 1 (1)        ; 0           ; 0            ; 0       ; 0         ; 0    ; 0            ; |ram|4x32ram:inst1|4x4ram:inst6|memory_cell:inst5  ; work         ;
;          |memory_cell:inst6|  ; 1 (1)             ; 1 (1)        ; 0           ; 0            ; 0       ; 0         ; 0    ; 0            ; |ram|4x32ram:inst1|4x4ram:inst6|memory_cell:inst6  ; work         ;
;          |memory_cell:inst7|  ; 1 (1)             ; 1 (1)        ; 0           ; 0            ; 0       ; 0         ; 0    ; 0            ; |ram|4x32ram:inst1|4x4ram:inst6|memory_cell:inst7  ; work         ;
;          |memory_cell:inst8|  ; 1 (1)             ; 1 (1)        ; 0           ; 0            ; 0       ; 0         ; 0    ; 0            ; |ram|4x32ram:inst1|4x4ram:inst6|memory_cell:inst8  ; work         ;
;          |memory_cell:inst9|  ; 1 (1)             ; 1 (1)        ; 0           ; 0            ; 0       ; 0         ; 0    ; 0            ; |ram|4x32ram:inst1|4x4ram:inst6|memory_cell:inst9  ; work         ;
;       |4x4ram:inst7|          ; 28 (12)           ; 16 (0)       ; 0           ; 0            ; 0       ; 0         ; 0    ; 0            ; |ram|4x32ram:inst1|4x4ram:inst7                    ; work         ;
;          |memory_cell:inst10| ; 1 (1)             ; 1 (1)        ; 0           ; 0            ; 0       ; 0         ; 0    ; 0            ; |ram|4x32ram:inst1|4x4ram:inst7|memory_cell:inst10 ; work         ;
;          |memory_cell:inst11| ; 1 (1)             ; 1 (1)        ; 0           ; 0            ; 0       ; 0         ; 0    ; 0            ; |ram|4x32ram:inst1|4x4ram:inst7|memory_cell:inst11 ; work         ;
;          |memory_cell:inst12| ; 1 (1)             ; 1 (1)        ; 0           ; 0            ; 0       ; 0         ; 0    ; 0            ; |ram|4x32ram:inst1|4x4ram:inst7|memory_cell:inst12 ; work         ;
;          |memory_cell:inst13| ; 1 (1)             ; 1 (1)        ; 0           ; 0            ; 0       ; 0         ; 0    ; 0            ; |ram|4x32ram:inst1|4x4ram:inst7|memory_cell:inst13 ; work         ;
;          |memory_cell:inst14| ; 1 (1)             ; 1 (1)        ; 0           ; 0            ; 0       ; 0         ; 0    ; 0            ; |ram|4x32ram:inst1|4x4ram:inst7|memory_cell:inst14 ; work         ;
;          |memory_cell:inst15| ; 1 (1)             ; 1 (1)        ; 0           ; 0            ; 0       ; 0         ; 0    ; 0            ; |ram|4x32ram:inst1|4x4ram:inst7|memory_cell:inst15 ; work         ;
;          |memory_cell:inst16| ; 1 (1)             ; 1 (1)        ; 0           ; 0            ; 0       ; 0         ; 0    ; 0            ; |ram|4x32ram:inst1|4x4ram:inst7|memory_cell:inst16 ; work         ;
;          |memory_cell:inst1|  ; 1 (1)             ; 1 (1)        ; 0           ; 0            ; 0       ; 0         ; 0    ; 0            ; |ram|4x32ram:inst1|4x4ram:inst7|memory_cell:inst1  ; work         ;
;          |memory_cell:inst2|  ; 1 (1)             ; 1 (1)        ; 0           ; 0            ; 0       ; 0         ; 0    ; 0            ; |ram|4x32ram:inst1|4x4ram:inst7|memory_cell:inst2  ; work         ;
;          |memory_cell:inst3|  ; 1 (1)             ; 1 (1)        ; 0           ; 0            ; 0       ; 0         ; 0    ; 0            ; |ram|4x32ram:inst1|4x4ram:inst7|memory_cell:inst3  ; work         ;
;          |memory_cell:inst4|  ; 1 (1)             ; 1 (1)        ; 0           ; 0            ; 0       ; 0         ; 0    ; 0            ; |ram|4x32ram:inst1|4x4ram:inst7|memory_cell:inst4  ; work         ;
;          |memory_cell:inst5|  ; 1 (1)             ; 1 (1)        ; 0           ; 0            ; 0       ; 0         ; 0    ; 0            ; |ram|4x32ram:inst1|4x4ram:inst7|memory_cell:inst5  ; work         ;
;          |memory_cell:inst6|  ; 1 (1)             ; 1 (1)        ; 0           ; 0            ; 0       ; 0         ; 0    ; 0            ; |ram|4x32ram:inst1|4x4ram:inst7|memory_cell:inst6  ; work         ;
;          |memory_cell:inst7|  ; 1 (1)             ; 1 (1)        ; 0           ; 0            ; 0       ; 0         ; 0    ; 0            ; |ram|4x32ram:inst1|4x4ram:inst7|memory_cell:inst7  ; work         ;
;          |memory_cell:inst8|  ; 1 (1)             ; 1 (1)        ; 0           ; 0            ; 0       ; 0         ; 0    ; 0            ; |ram|4x32ram:inst1|4x4ram:inst7|memory_cell:inst8  ; work         ;
;          |memory_cell:inst9|  ; 1 (1)             ; 1 (1)        ; 0           ; 0            ; 0       ; 0         ; 0    ; 0            ; |ram|4x32ram:inst1|4x4ram:inst7|memory_cell:inst9  ; work         ;
;       |4x4ram:inst8|          ; 28 (12)           ; 16 (0)       ; 0           ; 0            ; 0       ; 0         ; 0    ; 0            ; |ram|4x32ram:inst1|4x4ram:inst8                    ; work         ;
;          |memory_cell:inst10| ; 1 (1)             ; 1 (1)        ; 0           ; 0            ; 0       ; 0         ; 0    ; 0            ; |ram|4x32ram:inst1|4x4ram:inst8|memory_cell:inst10 ; work         ;
;          |memory_cell:inst11| ; 1 (1)             ; 1 (1)        ; 0           ; 0            ; 0       ; 0         ; 0    ; 0            ; |ram|4x32ram:inst1|4x4ram:inst8|memory_cell:inst11 ; work         ;
;          |memory_cell:inst12| ; 1 (1)             ; 1 (1)        ; 0           ; 0            ; 0       ; 0         ; 0    ; 0            ; |ram|4x32ram:inst1|4x4ram:inst8|memory_cell:inst12 ; work         ;
;          |memory_cell:inst13| ; 1 (1)             ; 1 (1)        ; 0           ; 0            ; 0       ; 0         ; 0    ; 0            ; |ram|4x32ram:inst1|4x4ram:inst8|memory_cell:inst13 ; work         ;
;          |memory_cell:inst14| ; 1 (1)             ; 1 (1)        ; 0           ; 0            ; 0       ; 0         ; 0    ; 0            ; |ram|4x32ram:inst1|4x4ram:inst8|memory_cell:inst14 ; work         ;
;          |memory_cell:inst15| ; 1 (1)             ; 1 (1)        ; 0           ; 0            ; 0       ; 0         ; 0    ; 0            ; |ram|4x32ram:inst1|4x4ram:inst8|memory_cell:inst15 ; work         ;
;          |memory_cell:inst16| ; 1 (1)             ; 1 (1)        ; 0           ; 0            ; 0       ; 0         ; 0    ; 0            ; |ram|4x32ram:inst1|4x4ram:inst8|memory_cell:inst16 ; work         ;
;          |memory_cell:inst1|  ; 1 (1)             ; 1 (1)        ; 0           ; 0            ; 0       ; 0         ; 0    ; 0            ; |ram|4x32ram:inst1|4x4ram:inst8|memory_cell:inst1  ; work         ;
;          |memory_cell:inst2|  ; 1 (1)             ; 1 (1)        ; 0           ; 0            ; 0       ; 0         ; 0    ; 0            ; |ram|4x32ram:inst1|4x4ram:inst8|memory_cell:inst2  ; work         ;
;          |memory_cell:inst3|  ; 1 (1)             ; 1 (1)        ; 0           ; 0            ; 0       ; 0         ; 0    ; 0            ; |ram|4x32ram:inst1|4x4ram:inst8|memory_cell:inst3  ; work         ;
;          |memory_cell:inst4|  ; 1 (1)             ; 1 (1)        ; 0           ; 0            ; 0       ; 0         ; 0    ; 0            ; |ram|4x32ram:inst1|4x4ram:inst8|memory_cell:inst4  ; work         ;
;          |memory_cell:inst5|  ; 1 (1)             ; 1 (1)        ; 0           ; 0            ; 0       ; 0         ; 0    ; 0            ; |ram|4x32ram:inst1|4x4ram:inst8|memory_cell:inst5  ; work         ;
;          |memory_cell:inst6|  ; 1 (1)             ; 1 (1)        ; 0           ; 0            ; 0       ; 0         ; 0    ; 0            ; |ram|4x32ram:inst1|4x4ram:inst8|memory_cell:inst6  ; work         ;
;          |memory_cell:inst7|  ; 1 (1)             ; 1 (1)        ; 0           ; 0            ; 0       ; 0         ; 0    ; 0            ; |ram|4x32ram:inst1|4x4ram:inst8|memory_cell:inst7  ; work         ;
;          |memory_cell:inst8|  ; 1 (1)             ; 1 (1)        ; 0           ; 0            ; 0       ; 0         ; 0    ; 0            ; |ram|4x32ram:inst1|4x4ram:inst8|memory_cell:inst8  ; work         ;
;          |memory_cell:inst9|  ; 1 (1)             ; 1 (1)        ; 0           ; 0            ; 0       ; 0         ; 0    ; 0            ; |ram|4x32ram:inst1|4x4ram:inst8|memory_cell:inst9  ; work         ;
;       |4x4ram:inst|           ; 29 (13)           ; 16 (0)       ; 0           ; 0            ; 0       ; 0         ; 0    ; 0            ; |ram|4x32ram:inst1|4x4ram:inst                     ; work         ;
;          |memory_cell:inst10| ; 1 (1)             ; 1 (1)        ; 0           ; 0            ; 0       ; 0         ; 0    ; 0            ; |ram|4x32ram:inst1|4x4ram:inst|memory_cell:inst10  ; work         ;
;          |memory_cell:inst11| ; 1 (1)             ; 1 (1)        ; 0           ; 0            ; 0       ; 0         ; 0    ; 0            ; |ram|4x32ram:inst1|4x4ram:inst|memory_cell:inst11  ; work         ;
;          |memory_cell:inst12| ; 1 (1)             ; 1 (1)        ; 0           ; 0            ; 0       ; 0         ; 0    ; 0            ; |ram|4x32ram:inst1|4x4ram:inst|memory_cell:inst12  ; work         ;
;          |memory_cell:inst13| ; 1 (1)             ; 1 (1)        ; 0           ; 0            ; 0       ; 0         ; 0    ; 0            ; |ram|4x32ram:inst1|4x4ram:inst|memory_cell:inst13  ; work         ;
;          |memory_cell:inst14| ; 1 (1)             ; 1 (1)        ; 0           ; 0            ; 0       ; 0         ; 0    ; 0            ; |ram|4x32ram:inst1|4x4ram:inst|memory_cell:inst14  ; work         ;
;          |memory_cell:inst15| ; 1 (1)             ; 1 (1)        ; 0           ; 0            ; 0       ; 0         ; 0    ; 0            ; |ram|4x32ram:inst1|4x4ram:inst|memory_cell:inst15  ; work         ;
;          |memory_cell:inst16| ; 1 (1)             ; 1 (1)        ; 0           ; 0            ; 0       ; 0         ; 0    ; 0            ; |ram|4x32ram:inst1|4x4ram:inst|memory_cell:inst16  ; work         ;
;          |memory_cell:inst1|  ; 1 (1)             ; 1 (1)        ; 0           ; 0            ; 0       ; 0         ; 0    ; 0            ; |ram|4x32ram:inst1|4x4ram:inst|memory_cell:inst1   ; work         ;
;          |memory_cell:inst2|  ; 1 (1)             ; 1 (1)        ; 0           ; 0            ; 0       ; 0         ; 0    ; 0            ; |ram|4x32ram:inst1|4x4ram:inst|memory_cell:inst2   ; work         ;
;          |memory_cell:inst3|  ; 1 (1)             ; 1 (1)        ; 0           ; 0            ; 0       ; 0         ; 0    ; 0            ; |ram|4x32ram:inst1|4x4ram:inst|memory_cell:inst3   ; work         ;
;          |memory_cell:inst4|  ; 1 (1)             ; 1 (1)        ; 0           ; 0            ; 0       ; 0         ; 0    ; 0            ; |ram|4x32ram:inst1|4x4ram:inst|memory_cell:inst4   ; work         ;
;          |memory_cell:inst5|  ; 1 (1)             ; 1 (1)        ; 0           ; 0            ; 0       ; 0         ; 0    ; 0            ; |ram|4x32ram:inst1|4x4ram:inst|memory_cell:inst5   ; work         ;
;          |memory_cell:inst6|  ; 1 (1)             ; 1 (1)        ; 0           ; 0            ; 0       ; 0         ; 0    ; 0            ; |ram|4x32ram:inst1|4x4ram:inst|memory_cell:inst6   ; work         ;
;          |memory_cell:inst7|  ; 1 (1)             ; 1 (1)        ; 0           ; 0            ; 0       ; 0         ; 0    ; 0            ; |ram|4x32ram:inst1|4x4ram:inst|memory_cell:inst7   ; work         ;
;          |memory_cell:inst8|  ; 1 (1)             ; 1 (1)        ; 0           ; 0            ; 0       ; 0         ; 0    ; 0            ; |ram|4x32ram:inst1|4x4ram:inst|memory_cell:inst8   ; work         ;
;          |memory_cell:inst9|  ; 1 (1)             ; 1 (1)        ; 0           ; 0            ; 0       ; 0         ; 0    ; 0            ; |ram|4x32ram:inst1|4x4ram:inst|memory_cell:inst9   ; work         ;
;    |4x32ram:inst2|            ; 194 (0)           ; 128 (0)      ; 0           ; 0            ; 0       ; 0         ; 0    ; 0            ; |ram|4x32ram:inst2                                 ; work         ;
;       |4x4ram:inst1|          ; 24 (8)            ; 16 (0)       ; 0           ; 0            ; 0       ; 0         ; 0    ; 0            ; |ram|4x32ram:inst2|4x4ram:inst1                    ; work         ;
;          |memory_cell:inst10| ; 1 (1)             ; 1 (1)        ; 0           ; 0            ; 0       ; 0         ; 0    ; 0            ; |ram|4x32ram:inst2|4x4ram:inst1|memory_cell:inst10 ; work         ;
;          |memory_cell:inst11| ; 1 (1)             ; 1 (1)        ; 0           ; 0            ; 0       ; 0         ; 0    ; 0            ; |ram|4x32ram:inst2|4x4ram:inst1|memory_cell:inst11 ; work         ;
;          |memory_cell:inst12| ; 1 (1)             ; 1 (1)        ; 0           ; 0            ; 0       ; 0         ; 0    ; 0            ; |ram|4x32ram:inst2|4x4ram:inst1|memory_cell:inst12 ; work         ;
;          |memory_cell:inst13| ; 1 (1)             ; 1 (1)        ; 0           ; 0            ; 0       ; 0         ; 0    ; 0            ; |ram|4x32ram:inst2|4x4ram:inst1|memory_cell:inst13 ; work         ;
;          |memory_cell:inst14| ; 1 (1)             ; 1 (1)        ; 0           ; 0            ; 0       ; 0         ; 0    ; 0            ; |ram|4x32ram:inst2|4x4ram:inst1|memory_cell:inst14 ; work         ;
;          |memory_cell:inst15| ; 1 (1)             ; 1 (1)        ; 0           ; 0            ; 0       ; 0         ; 0    ; 0            ; |ram|4x32ram:inst2|4x4ram:inst1|memory_cell:inst15 ; work         ;
;          |memory_cell:inst16| ; 1 (1)             ; 1 (1)        ; 0           ; 0            ; 0       ; 0         ; 0    ; 0            ; |ram|4x32ram:inst2|4x4ram:inst1|memory_cell:inst16 ; work         ;
;          |memory_cell:inst1|  ; 1 (1)             ; 1 (1)        ; 0           ; 0            ; 0       ; 0         ; 0    ; 0            ; |ram|4x32ram:inst2|4x4ram:inst1|memory_cell:inst1  ; work         ;
;          |memory_cell:inst2|  ; 1 (1)             ; 1 (1)        ; 0           ; 0            ; 0       ; 0         ; 0    ; 0            ; |ram|4x32ram:inst2|4x4ram:inst1|memory_cell:inst2  ; work         ;
;          |memory_cell:inst3|  ; 1 (1)             ; 1 (1)        ; 0           ; 0            ; 0       ; 0         ; 0    ; 0            ; |ram|4x32ram:inst2|4x4ram:inst1|memory_cell:inst3  ; work         ;
;          |memory_cell:inst4|  ; 1 (1)             ; 1 (1)        ; 0           ; 0            ; 0       ; 0         ; 0    ; 0            ; |ram|4x32ram:inst2|4x4ram:inst1|memory_cell:inst4  ; work         ;
;          |memory_cell:inst5|  ; 1 (1)             ; 1 (1)        ; 0           ; 0            ; 0       ; 0         ; 0    ; 0            ; |ram|4x32ram:inst2|4x4ram:inst1|memory_cell:inst5  ; work         ;
;          |memory_cell:inst6|  ; 1 (1)             ; 1 (1)        ; 0           ; 0            ; 0       ; 0         ; 0    ; 0            ; |ram|4x32ram:inst2|4x4ram:inst1|memory_cell:inst6  ; work         ;
;          |memory_cell:inst7|  ; 1 (1)             ; 1 (1)        ; 0           ; 0            ; 0       ; 0         ; 0    ; 0            ; |ram|4x32ram:inst2|4x4ram:inst1|memory_cell:inst7  ; work         ;
;          |memory_cell:inst8|  ; 1 (1)             ; 1 (1)        ; 0           ; 0            ; 0       ; 0         ; 0    ; 0            ; |ram|4x32ram:inst2|4x4ram:inst1|memory_cell:inst8  ; work         ;
;          |memory_cell:inst9|  ; 1 (1)             ; 1 (1)        ; 0           ; 0            ; 0       ; 0         ; 0    ; 0            ; |ram|4x32ram:inst2|4x4ram:inst1|memory_cell:inst9  ; work         ;
;       |4x4ram:inst3|          ; 24 (8)            ; 16 (0)       ; 0           ; 0            ; 0       ; 0         ; 0    ; 0            ; |ram|4x32ram:inst2|4x4ram:inst3                    ; work         ;
;          |memory_cell:inst10| ; 1 (1)             ; 1 (1)        ; 0           ; 0            ; 0       ; 0         ; 0    ; 0            ; |ram|4x32ram:inst2|4x4ram:inst3|memory_cell:inst10 ; work         ;
;          |memory_cell:inst11| ; 1 (1)             ; 1 (1)        ; 0           ; 0            ; 0       ; 0         ; 0    ; 0            ; |ram|4x32ram:inst2|4x4ram:inst3|memory_cell:inst11 ; work         ;
;          |memory_cell:inst12| ; 1 (1)             ; 1 (1)        ; 0           ; 0            ; 0       ; 0         ; 0    ; 0            ; |ram|4x32ram:inst2|4x4ram:inst3|memory_cell:inst12 ; work         ;
;          |memory_cell:inst13| ; 1 (1)             ; 1 (1)        ; 0           ; 0            ; 0       ; 0         ; 0    ; 0            ; |ram|4x32ram:inst2|4x4ram:inst3|memory_cell:inst13 ; work         ;
;          |memory_cell:inst14| ; 1 (1)             ; 1 (1)        ; 0           ; 0            ; 0       ; 0         ; 0    ; 0            ; |ram|4x32ram:inst2|4x4ram:inst3|memory_cell:inst14 ; work         ;
;          |memory_cell:inst15| ; 1 (1)             ; 1 (1)        ; 0           ; 0            ; 0       ; 0         ; 0    ; 0            ; |ram|4x32ram:inst2|4x4ram:inst3|memory_cell:inst15 ; work         ;
;          |memory_cell:inst16| ; 1 (1)             ; 1 (1)        ; 0           ; 0            ; 0       ; 0         ; 0    ; 0            ; |ram|4x32ram:inst2|4x4ram:inst3|memory_cell:inst16 ; work         ;
;          |memory_cell:inst1|  ; 1 (1)             ; 1 (1)        ; 0           ; 0            ; 0       ; 0         ; 0    ; 0            ; |ram|4x32ram:inst2|4x4ram:inst3|memory_cell:inst1  ; work         ;
;          |memory_cell:inst2|  ; 1 (1)             ; 1 (1)        ; 0           ; 0            ; 0       ; 0         ; 0    ; 0            ; |ram|4x32ram:inst2|4x4ram:inst3|memory_cell:inst2  ; work         ;
;          |memory_cell:inst3|  ; 1 (1)             ; 1 (1)        ; 0           ; 0            ; 0       ; 0         ; 0    ; 0            ; |ram|4x32ram:inst2|4x4ram:inst3|memory_cell:inst3  ; work         ;
;          |memory_cell:inst4|  ; 1 (1)             ; 1 (1)        ; 0           ; 0            ; 0       ; 0         ; 0    ; 0            ; |ram|4x32ram:inst2|4x4ram:inst3|memory_cell:inst4  ; work         ;
;          |memory_cell:inst5|  ; 1 (1)             ; 1 (1)        ; 0           ; 0            ; 0       ; 0         ; 0    ; 0            ; |ram|4x32ram:inst2|4x4ram:inst3|memory_cell:inst5  ; work         ;
;          |memory_cell:inst6|  ; 1 (1)             ; 1 (1)        ; 0           ; 0            ; 0       ; 0         ; 0    ; 0            ; |ram|4x32ram:inst2|4x4ram:inst3|memory_cell:inst6  ; work         ;
;          |memory_cell:inst7|  ; 1 (1)             ; 1 (1)        ; 0           ; 0            ; 0       ; 0         ; 0    ; 0            ; |ram|4x32ram:inst2|4x4ram:inst3|memory_cell:inst7  ; work         ;
;          |memory_cell:inst8|  ; 1 (1)             ; 1 (1)        ; 0           ; 0            ; 0       ; 0         ; 0    ; 0            ; |ram|4x32ram:inst2|4x4ram:inst3|memory_cell:inst8  ; work         ;
;          |memory_cell:inst9|  ; 1 (1)             ; 1 (1)        ; 0           ; 0            ; 0       ; 0         ; 0    ; 0            ; |ram|4x32ram:inst2|4x4ram:inst3|memory_cell:inst9  ; work         ;
;       |4x4ram:inst4|          ; 24 (8)            ; 16 (0)       ; 0           ; 0            ; 0       ; 0         ; 0    ; 0            ; |ram|4x32ram:inst2|4x4ram:inst4                    ; work         ;
;          |memory_cell:inst10| ; 1 (1)             ; 1 (1)        ; 0           ; 0            ; 0       ; 0         ; 0    ; 0            ; |ram|4x32ram:inst2|4x4ram:inst4|memory_cell:inst10 ; work         ;
;          |memory_cell:inst11| ; 1 (1)             ; 1 (1)        ; 0           ; 0            ; 0       ; 0         ; 0    ; 0            ; |ram|4x32ram:inst2|4x4ram:inst4|memory_cell:inst11 ; work         ;
;          |memory_cell:inst12| ; 1 (1)             ; 1 (1)        ; 0           ; 0            ; 0       ; 0         ; 0    ; 0            ; |ram|4x32ram:inst2|4x4ram:inst4|memory_cell:inst12 ; work         ;
;          |memory_cell:inst13| ; 1 (1)             ; 1 (1)        ; 0           ; 0            ; 0       ; 0         ; 0    ; 0            ; |ram|4x32ram:inst2|4x4ram:inst4|memory_cell:inst13 ; work         ;
;          |memory_cell:inst14| ; 1 (1)             ; 1 (1)        ; 0           ; 0            ; 0       ; 0         ; 0    ; 0            ; |ram|4x32ram:inst2|4x4ram:inst4|memory_cell:inst14 ; work         ;
;          |memory_cell:inst15| ; 1 (1)             ; 1 (1)        ; 0           ; 0            ; 0       ; 0         ; 0    ; 0            ; |ram|4x32ram:inst2|4x4ram:inst4|memory_cell:inst15 ; work         ;
;          |memory_cell:inst16| ; 1 (1)             ; 1 (1)        ; 0           ; 0            ; 0       ; 0         ; 0    ; 0            ; |ram|4x32ram:inst2|4x4ram:inst4|memory_cell:inst16 ; work         ;
;          |memory_cell:inst1|  ; 1 (1)             ; 1 (1)        ; 0           ; 0            ; 0       ; 0         ; 0    ; 0            ; |ram|4x32ram:inst2|4x4ram:inst4|memory_cell:inst1  ; work         ;
;          |memory_cell:inst2|  ; 1 (1)             ; 1 (1)        ; 0           ; 0            ; 0       ; 0         ; 0    ; 0            ; |ram|4x32ram:inst2|4x4ram:inst4|memory_cell:inst2  ; work         ;
;          |memory_cell:inst3|  ; 1 (1)             ; 1 (1)        ; 0           ; 0            ; 0       ; 0         ; 0    ; 0            ; |ram|4x32ram:inst2|4x4ram:inst4|memory_cell:inst3  ; work         ;
;          |memory_cell:inst4|  ; 1 (1)             ; 1 (1)        ; 0           ; 0            ; 0       ; 0         ; 0    ; 0            ; |ram|4x32ram:inst2|4x4ram:inst4|memory_cell:inst4  ; work         ;
;          |memory_cell:inst5|  ; 1 (1)             ; 1 (1)        ; 0           ; 0            ; 0       ; 0         ; 0    ; 0            ; |ram|4x32ram:inst2|4x4ram:inst4|memory_cell:inst5  ; work         ;
;          |memory_cell:inst6|  ; 1 (1)             ; 1 (1)        ; 0           ; 0            ; 0       ; 0         ; 0    ; 0            ; |ram|4x32ram:inst2|4x4ram:inst4|memory_cell:inst6  ; work         ;
;          |memory_cell:inst7|  ; 1 (1)             ; 1 (1)        ; 0           ; 0            ; 0       ; 0         ; 0    ; 0            ; |ram|4x32ram:inst2|4x4ram:inst4|memory_cell:inst7  ; work         ;
;          |memory_cell:inst8|  ; 1 (1)             ; 1 (1)        ; 0           ; 0            ; 0       ; 0         ; 0    ; 0            ; |ram|4x32ram:inst2|4x4ram:inst4|memory_cell:inst8  ; work         ;
;          |memory_cell:inst9|  ; 1 (1)             ; 1 (1)        ; 0           ; 0            ; 0       ; 0         ; 0    ; 0            ; |ram|4x32ram:inst2|4x4ram:inst4|memory_cell:inst9  ; work         ;
;       |4x4ram:inst5|          ; 24 (8)            ; 16 (0)       ; 0           ; 0            ; 0       ; 0         ; 0    ; 0            ; |ram|4x32ram:inst2|4x4ram:inst5                    ; work         ;
;          |memory_cell:inst10| ; 1 (1)             ; 1 (1)        ; 0           ; 0            ; 0       ; 0         ; 0    ; 0            ; |ram|4x32ram:inst2|4x4ram:inst5|memory_cell:inst10 ; work         ;
;          |memory_cell:inst11| ; 1 (1)             ; 1 (1)        ; 0           ; 0            ; 0       ; 0         ; 0    ; 0            ; |ram|4x32ram:inst2|4x4ram:inst5|memory_cell:inst11 ; work         ;
;          |memory_cell:inst12| ; 1 (1)             ; 1 (1)        ; 0           ; 0            ; 0       ; 0         ; 0    ; 0            ; |ram|4x32ram:inst2|4x4ram:inst5|memory_cell:inst12 ; work         ;
;          |memory_cell:inst13| ; 1 (1)             ; 1 (1)        ; 0           ; 0            ; 0       ; 0         ; 0    ; 0            ; |ram|4x32ram:inst2|4x4ram:inst5|memory_cell:inst13 ; work         ;
;          |memory_cell:inst14| ; 1 (1)             ; 1 (1)        ; 0           ; 0            ; 0       ; 0         ; 0    ; 0            ; |ram|4x32ram:inst2|4x4ram:inst5|memory_cell:inst14 ; work         ;
;          |memory_cell:inst15| ; 1 (1)             ; 1 (1)        ; 0           ; 0            ; 0       ; 0         ; 0    ; 0            ; |ram|4x32ram:inst2|4x4ram:inst5|memory_cell:inst15 ; work         ;
;          |memory_cell:inst16| ; 1 (1)             ; 1 (1)        ; 0           ; 0            ; 0       ; 0         ; 0    ; 0            ; |ram|4x32ram:inst2|4x4ram:inst5|memory_cell:inst16 ; work         ;
;          |memory_cell:inst1|  ; 1 (1)             ; 1 (1)        ; 0           ; 0            ; 0       ; 0         ; 0    ; 0            ; |ram|4x32ram:inst2|4x4ram:inst5|memory_cell:inst1  ; work         ;
;          |memory_cell:inst2|  ; 1 (1)             ; 1 (1)        ; 0           ; 0            ; 0       ; 0         ; 0    ; 0            ; |ram|4x32ram:inst2|4x4ram:inst5|memory_cell:inst2  ; work         ;
;          |memory_cell:inst3|  ; 1 (1)             ; 1 (1)        ; 0           ; 0            ; 0       ; 0         ; 0    ; 0            ; |ram|4x32ram:inst2|4x4ram:inst5|memory_cell:inst3  ; work         ;
;          |memory_cell:inst4|  ; 1 (1)             ; 1 (1)        ; 0           ; 0            ; 0       ; 0         ; 0    ; 0            ; |ram|4x32ram:inst2|4x4ram:inst5|memory_cell:inst4  ; work         ;
;          |memory_cell:inst5|  ; 1 (1)             ; 1 (1)        ; 0           ; 0            ; 0       ; 0         ; 0    ; 0            ; |ram|4x32ram:inst2|4x4ram:inst5|memory_cell:inst5  ; work         ;
;          |memory_cell:inst6|  ; 1 (1)             ; 1 (1)        ; 0           ; 0            ; 0       ; 0         ; 0    ; 0            ; |ram|4x32ram:inst2|4x4ram:inst5|memory_cell:inst6  ; work         ;
;          |memory_cell:inst7|  ; 1 (1)             ; 1 (1)        ; 0           ; 0            ; 0       ; 0         ; 0    ; 0            ; |ram|4x32ram:inst2|4x4ram:inst5|memory_cell:inst7  ; work         ;
;          |memory_cell:inst8|  ; 1 (1)             ; 1 (1)        ; 0           ; 0            ; 0       ; 0         ; 0    ; 0            ; |ram|4x32ram:inst2|4x4ram:inst5|memory_cell:inst8  ; work         ;
;          |memory_cell:inst9|  ; 1 (1)             ; 1 (1)        ; 0           ; 0            ; 0       ; 0         ; 0    ; 0            ; |ram|4x32ram:inst2|4x4ram:inst5|memory_cell:inst9  ; work         ;
;       |4x4ram:inst6|          ; 24 (8)            ; 16 (0)       ; 0           ; 0            ; 0       ; 0         ; 0    ; 0            ; |ram|4x32ram:inst2|4x4ram:inst6                    ; work         ;
;          |memory_cell:inst10| ; 1 (1)             ; 1 (1)        ; 0           ; 0            ; 0       ; 0         ; 0    ; 0            ; |ram|4x32ram:inst2|4x4ram:inst6|memory_cell:inst10 ; work         ;
;          |memory_cell:inst11| ; 1 (1)             ; 1 (1)        ; 0           ; 0            ; 0       ; 0         ; 0    ; 0            ; |ram|4x32ram:inst2|4x4ram:inst6|memory_cell:inst11 ; work         ;
;          |memory_cell:inst12| ; 1 (1)             ; 1 (1)        ; 0           ; 0            ; 0       ; 0         ; 0    ; 0            ; |ram|4x32ram:inst2|4x4ram:inst6|memory_cell:inst12 ; work         ;
;          |memory_cell:inst13| ; 1 (1)             ; 1 (1)        ; 0           ; 0            ; 0       ; 0         ; 0    ; 0            ; |ram|4x32ram:inst2|4x4ram:inst6|memory_cell:inst13 ; work         ;
;          |memory_cell:inst14| ; 1 (1)             ; 1 (1)        ; 0           ; 0            ; 0       ; 0         ; 0    ; 0            ; |ram|4x32ram:inst2|4x4ram:inst6|memory_cell:inst14 ; work         ;
;          |memory_cell:inst15| ; 1 (1)             ; 1 (1)        ; 0           ; 0            ; 0       ; 0         ; 0    ; 0            ; |ram|4x32ram:inst2|4x4ram:inst6|memory_cell:inst15 ; work         ;
;          |memory_cell:inst16| ; 1 (1)             ; 1 (1)        ; 0           ; 0            ; 0       ; 0         ; 0    ; 0            ; |ram|4x32ram:inst2|4x4ram:inst6|memory_cell:inst16 ; work         ;
;          |memory_cell:inst1|  ; 1 (1)             ; 1 (1)        ; 0           ; 0            ; 0       ; 0         ; 0    ; 0            ; |ram|4x32ram:inst2|4x4ram:inst6|memory_cell:inst1  ; work         ;
;          |memory_cell:inst2|  ; 1 (1)             ; 1 (1)        ; 0           ; 0            ; 0       ; 0         ; 0    ; 0            ; |ram|4x32ram:inst2|4x4ram:inst6|memory_cell:inst2  ; work         ;
;          |memory_cell:inst3|  ; 1 (1)             ; 1 (1)        ; 0           ; 0            ; 0       ; 0         ; 0    ; 0            ; |ram|4x32ram:inst2|4x4ram:inst6|memory_cell:inst3  ; work         ;
;          |memory_cell:inst4|  ; 1 (1)             ; 1 (1)        ; 0           ; 0            ; 0       ; 0         ; 0    ; 0            ; |ram|4x32ram:inst2|4x4ram:inst6|memory_cell:inst4  ; work         ;
;          |memory_cell:inst5|  ; 1 (1)             ; 1 (1)        ; 0           ; 0            ; 0       ; 0         ; 0    ; 0            ; |ram|4x32ram:inst2|4x4ram:inst6|memory_cell:inst5  ; work         ;
;          |memory_cell:inst6|  ; 1 (1)             ; 1 (1)        ; 0           ; 0            ; 0       ; 0         ; 0    ; 0            ; |ram|4x32ram:inst2|4x4ram:inst6|memory_cell:inst6  ; work         ;
;          |memory_cell:inst7|  ; 1 (1)             ; 1 (1)        ; 0           ; 0            ; 0       ; 0         ; 0    ; 0            ; |ram|4x32ram:inst2|4x4ram:inst6|memory_cell:inst7  ; work         ;
;          |memory_cell:inst8|  ; 1 (1)             ; 1 (1)        ; 0           ; 0            ; 0       ; 0         ; 0    ; 0            ; |ram|4x32ram:inst2|4x4ram:inst6|memory_cell:inst8  ; work         ;
;          |memory_cell:inst9|  ; 1 (1)             ; 1 (1)        ; 0           ; 0            ; 0       ; 0         ; 0    ; 0            ; |ram|4x32ram:inst2|4x4ram:inst6|memory_cell:inst9  ; work         ;
;       |4x4ram:inst7|          ; 24 (8)            ; 16 (0)       ; 0           ; 0            ; 0       ; 0         ; 0    ; 0            ; |ram|4x32ram:inst2|4x4ram:inst7                    ; work         ;
;          |memory_cell:inst10| ; 1 (1)             ; 1 (1)        ; 0           ; 0            ; 0       ; 0         ; 0    ; 0            ; |ram|4x32ram:inst2|4x4ram:inst7|memory_cell:inst10 ; work         ;
;          |memory_cell:inst11| ; 1 (1)             ; 1 (1)        ; 0           ; 0            ; 0       ; 0         ; 0    ; 0            ; |ram|4x32ram:inst2|4x4ram:inst7|memory_cell:inst11 ; work         ;
;          |memory_cell:inst12| ; 1 (1)             ; 1 (1)        ; 0           ; 0            ; 0       ; 0         ; 0    ; 0            ; |ram|4x32ram:inst2|4x4ram:inst7|memory_cell:inst12 ; work         ;
;          |memory_cell:inst13| ; 1 (1)             ; 1 (1)        ; 0           ; 0            ; 0       ; 0         ; 0    ; 0            ; |ram|4x32ram:inst2|4x4ram:inst7|memory_cell:inst13 ; work         ;
;          |memory_cell:inst14| ; 1 (1)             ; 1 (1)        ; 0           ; 0            ; 0       ; 0         ; 0    ; 0            ; |ram|4x32ram:inst2|4x4ram:inst7|memory_cell:inst14 ; work         ;
;          |memory_cell:inst15| ; 1 (1)             ; 1 (1)        ; 0           ; 0            ; 0       ; 0         ; 0    ; 0            ; |ram|4x32ram:inst2|4x4ram:inst7|memory_cell:inst15 ; work         ;
;          |memory_cell:inst16| ; 1 (1)             ; 1 (1)        ; 0           ; 0            ; 0       ; 0         ; 0    ; 0            ; |ram|4x32ram:inst2|4x4ram:inst7|memory_cell:inst16 ; work         ;
;          |memory_cell:inst1|  ; 1 (1)             ; 1 (1)        ; 0           ; 0            ; 0       ; 0         ; 0    ; 0            ; |ram|4x32ram:inst2|4x4ram:inst7|memory_cell:inst1  ; work         ;
;          |memory_cell:inst2|  ; 1 (1)             ; 1 (1)        ; 0           ; 0            ; 0       ; 0         ; 0    ; 0            ; |ram|4x32ram:inst2|4x4ram:inst7|memory_cell:inst2  ; work         ;
;          |memory_cell:inst3|  ; 1 (1)             ; 1 (1)        ; 0           ; 0            ; 0       ; 0         ; 0    ; 0            ; |ram|4x32ram:inst2|4x4ram:inst7|memory_cell:inst3  ; work         ;
;          |memory_cell:inst4|  ; 1 (1)             ; 1 (1)        ; 0           ; 0            ; 0       ; 0         ; 0    ; 0            ; |ram|4x32ram:inst2|4x4ram:inst7|memory_cell:inst4  ; work         ;
;          |memory_cell:inst5|  ; 1 (1)             ; 1 (1)        ; 0           ; 0            ; 0       ; 0         ; 0    ; 0            ; |ram|4x32ram:inst2|4x4ram:inst7|memory_cell:inst5  ; work         ;
;          |memory_cell:inst6|  ; 1 (1)             ; 1 (1)        ; 0           ; 0            ; 0       ; 0         ; 0    ; 0            ; |ram|4x32ram:inst2|4x4ram:inst7|memory_cell:inst6  ; work         ;
;          |memory_cell:inst7|  ; 1 (1)             ; 1 (1)        ; 0           ; 0            ; 0       ; 0         ; 0    ; 0            ; |ram|4x32ram:inst2|4x4ram:inst7|memory_cell:inst7  ; work         ;
;          |memory_cell:inst8|  ; 1 (1)             ; 1 (1)        ; 0           ; 0            ; 0       ; 0         ; 0    ; 0            ; |ram|4x32ram:inst2|4x4ram:inst7|memory_cell:inst8  ; work         ;
;          |memory_cell:inst9|  ; 1 (1)             ; 1 (1)        ; 0           ; 0            ; 0       ; 0         ; 0    ; 0            ; |ram|4x32ram:inst2|4x4ram:inst7|memory_cell:inst9  ; work         ;
;       |4x4ram:inst8|          ; 24 (8)            ; 16 (0)       ; 0           ; 0            ; 0       ; 0         ; 0    ; 0            ; |ram|4x32ram:inst2|4x4ram:inst8                    ; work         ;
;          |memory_cell:inst10| ; 1 (1)             ; 1 (1)        ; 0           ; 0            ; 0       ; 0         ; 0    ; 0            ; |ram|4x32ram:inst2|4x4ram:inst8|memory_cell:inst10 ; work         ;
;          |memory_cell:inst11| ; 1 (1)             ; 1 (1)        ; 0           ; 0            ; 0       ; 0         ; 0    ; 0            ; |ram|4x32ram:inst2|4x4ram:inst8|memory_cell:inst11 ; work         ;
;          |memory_cell:inst12| ; 1 (1)             ; 1 (1)        ; 0           ; 0            ; 0       ; 0         ; 0    ; 0            ; |ram|4x32ram:inst2|4x4ram:inst8|memory_cell:inst12 ; work         ;
;          |memory_cell:inst13| ; 1 (1)             ; 1 (1)        ; 0           ; 0            ; 0       ; 0         ; 0    ; 0            ; |ram|4x32ram:inst2|4x4ram:inst8|memory_cell:inst13 ; work         ;
;          |memory_cell:inst14| ; 1 (1)             ; 1 (1)        ; 0           ; 0            ; 0       ; 0         ; 0    ; 0            ; |ram|4x32ram:inst2|4x4ram:inst8|memory_cell:inst14 ; work         ;
;          |memory_cell:inst15| ; 1 (1)             ; 1 (1)        ; 0           ; 0            ; 0       ; 0         ; 0    ; 0            ; |ram|4x32ram:inst2|4x4ram:inst8|memory_cell:inst15 ; work         ;
;          |memory_cell:inst16| ; 1 (1)             ; 1 (1)        ; 0           ; 0            ; 0       ; 0         ; 0    ; 0            ; |ram|4x32ram:inst2|4x4ram:inst8|memory_cell:inst16 ; work         ;
;          |memory_cell:inst1|  ; 1 (1)             ; 1 (1)        ; 0           ; 0            ; 0       ; 0         ; 0    ; 0            ; |ram|4x32ram:inst2|4x4ram:inst8|memory_cell:inst1  ; work         ;
;          |memory_cell:inst2|  ; 1 (1)             ; 1 (1)        ; 0           ; 0            ; 0       ; 0         ; 0    ; 0            ; |ram|4x32ram:inst2|4x4ram:inst8|memory_cell:inst2  ; work         ;
;          |memory_cell:inst3|  ; 1 (1)             ; 1 (1)        ; 0           ; 0            ; 0       ; 0         ; 0    ; 0            ; |ram|4x32ram:inst2|4x4ram:inst8|memory_cell:inst3  ; work         ;
;          |memory_cell:inst4|  ; 1 (1)             ; 1 (1)        ; 0           ; 0            ; 0       ; 0         ; 0    ; 0            ; |ram|4x32ram:inst2|4x4ram:inst8|memory_cell:inst4  ; work         ;
;          |memory_cell:inst5|  ; 1 (1)             ; 1 (1)        ; 0           ; 0            ; 0       ; 0         ; 0    ; 0            ; |ram|4x32ram:inst2|4x4ram:inst8|memory_cell:inst5  ; work         ;
;          |memory_cell:inst6|  ; 1 (1)             ; 1 (1)        ; 0           ; 0            ; 0       ; 0         ; 0    ; 0            ; |ram|4x32ram:inst2|4x4ram:inst8|memory_cell:inst6  ; work         ;
;          |memory_cell:inst7|  ; 1 (1)             ; 1 (1)        ; 0           ; 0            ; 0       ; 0         ; 0    ; 0            ; |ram|4x32ram:inst2|4x4ram:inst8|memory_cell:inst7  ; work         ;
;          |memory_cell:inst8|  ; 1 (1)             ; 1 (1)        ; 0           ; 0            ; 0       ; 0         ; 0    ; 0            ; |ram|4x32ram:inst2|4x4ram:inst8|memory_cell:inst8  ; work         ;
;          |memory_cell:inst9|  ; 1 (1)             ; 1 (1)        ; 0           ; 0            ; 0       ; 0         ; 0    ; 0            ; |ram|4x32ram:inst2|4x4ram:inst8|memory_cell:inst9  ; work         ;
;       |4x4ram:inst|           ; 26 (10)           ; 16 (0)       ; 0           ; 0            ; 0       ; 0         ; 0    ; 0            ; |ram|4x32ram:inst2|4x4ram:inst                     ; work         ;
;          |memory_cell:inst10| ; 1 (1)             ; 1 (1)        ; 0           ; 0            ; 0       ; 0         ; 0    ; 0            ; |ram|4x32ram:inst2|4x4ram:inst|memory_cell:inst10  ; work         ;
;          |memory_cell:inst11| ; 1 (1)             ; 1 (1)        ; 0           ; 0            ; 0       ; 0         ; 0    ; 0            ; |ram|4x32ram:inst2|4x4ram:inst|memory_cell:inst11  ; work         ;
;          |memory_cell:inst12| ; 1 (1)             ; 1 (1)        ; 0           ; 0            ; 0       ; 0         ; 0    ; 0            ; |ram|4x32ram:inst2|4x4ram:inst|memory_cell:inst12  ; work         ;
;          |memory_cell:inst13| ; 1 (1)             ; 1 (1)        ; 0           ; 0            ; 0       ; 0         ; 0    ; 0            ; |ram|4x32ram:inst2|4x4ram:inst|memory_cell:inst13  ; work         ;
;          |memory_cell:inst14| ; 1 (1)             ; 1 (1)        ; 0           ; 0            ; 0       ; 0         ; 0    ; 0            ; |ram|4x32ram:inst2|4x4ram:inst|memory_cell:inst14  ; work         ;
;          |memory_cell:inst15| ; 1 (1)             ; 1 (1)        ; 0           ; 0            ; 0       ; 0         ; 0    ; 0            ; |ram|4x32ram:inst2|4x4ram:inst|memory_cell:inst15  ; work         ;
;          |memory_cell:inst16| ; 1 (1)             ; 1 (1)        ; 0           ; 0            ; 0       ; 0         ; 0    ; 0            ; |ram|4x32ram:inst2|4x4ram:inst|memory_cell:inst16  ; work         ;
;          |memory_cell:inst1|  ; 1 (1)             ; 1 (1)        ; 0           ; 0            ; 0       ; 0         ; 0    ; 0            ; |ram|4x32ram:inst2|4x4ram:inst|memory_cell:inst1   ; work         ;
;          |memory_cell:inst2|  ; 1 (1)             ; 1 (1)        ; 0           ; 0            ; 0       ; 0         ; 0    ; 0            ; |ram|4x32ram:inst2|4x4ram:inst|memory_cell:inst2   ; work         ;
;          |memory_cell:inst3|  ; 1 (1)             ; 1 (1)        ; 0           ; 0            ; 0       ; 0         ; 0    ; 0            ; |ram|4x32ram:inst2|4x4ram:inst|memory_cell:inst3   ; work         ;
;          |memory_cell:inst4|  ; 1 (1)             ; 1 (1)        ; 0           ; 0            ; 0       ; 0         ; 0    ; 0            ; |ram|4x32ram:inst2|4x4ram:inst|memory_cell:inst4   ; work         ;
;          |memory_cell:inst5|  ; 1 (1)             ; 1 (1)        ; 0           ; 0            ; 0       ; 0         ; 0    ; 0            ; |ram|4x32ram:inst2|4x4ram:inst|memory_cell:inst5   ; work         ;
;          |memory_cell:inst6|  ; 1 (1)             ; 1 (1)        ; 0           ; 0            ; 0       ; 0         ; 0    ; 0            ; |ram|4x32ram:inst2|4x4ram:inst|memory_cell:inst6   ; work         ;
;          |memory_cell:inst7|  ; 1 (1)             ; 1 (1)        ; 0           ; 0            ; 0       ; 0         ; 0    ; 0            ; |ram|4x32ram:inst2|4x4ram:inst|memory_cell:inst7   ; work         ;
;          |memory_cell:inst8|  ; 1 (1)             ; 1 (1)        ; 0           ; 0            ; 0       ; 0         ; 0    ; 0            ; |ram|4x32ram:inst2|4x4ram:inst|memory_cell:inst8   ; work         ;
;          |memory_cell:inst9|  ; 1 (1)             ; 1 (1)        ; 0           ; 0            ; 0       ; 0         ; 0    ; 0            ; |ram|4x32ram:inst2|4x4ram:inst|memory_cell:inst9   ; work         ;
;    |4x32ram:inst3|            ; 193 (0)           ; 128 (0)      ; 0           ; 0            ; 0       ; 0         ; 0    ; 0            ; |ram|4x32ram:inst3                                 ; work         ;
;       |4x4ram:inst1|          ; 24 (8)            ; 16 (0)       ; 0           ; 0            ; 0       ; 0         ; 0    ; 0            ; |ram|4x32ram:inst3|4x4ram:inst1                    ; work         ;
;          |memory_cell:inst10| ; 1 (1)             ; 1 (1)        ; 0           ; 0            ; 0       ; 0         ; 0    ; 0            ; |ram|4x32ram:inst3|4x4ram:inst1|memory_cell:inst10 ; work         ;
;          |memory_cell:inst11| ; 1 (1)             ; 1 (1)        ; 0           ; 0            ; 0       ; 0         ; 0    ; 0            ; |ram|4x32ram:inst3|4x4ram:inst1|memory_cell:inst11 ; work         ;
;          |memory_cell:inst12| ; 1 (1)             ; 1 (1)        ; 0           ; 0            ; 0       ; 0         ; 0    ; 0            ; |ram|4x32ram:inst3|4x4ram:inst1|memory_cell:inst12 ; work         ;
;          |memory_cell:inst13| ; 1 (1)             ; 1 (1)        ; 0           ; 0            ; 0       ; 0         ; 0    ; 0            ; |ram|4x32ram:inst3|4x4ram:inst1|memory_cell:inst13 ; work         ;
;          |memory_cell:inst14| ; 1 (1)             ; 1 (1)        ; 0           ; 0            ; 0       ; 0         ; 0    ; 0            ; |ram|4x32ram:inst3|4x4ram:inst1|memory_cell:inst14 ; work         ;
;          |memory_cell:inst15| ; 1 (1)             ; 1 (1)        ; 0           ; 0            ; 0       ; 0         ; 0    ; 0            ; |ram|4x32ram:inst3|4x4ram:inst1|memory_cell:inst15 ; work         ;
;          |memory_cell:inst16| ; 1 (1)             ; 1 (1)        ; 0           ; 0            ; 0       ; 0         ; 0    ; 0            ; |ram|4x32ram:inst3|4x4ram:inst1|memory_cell:inst16 ; work         ;
;          |memory_cell:inst1|  ; 1 (1)             ; 1 (1)        ; 0           ; 0            ; 0       ; 0         ; 0    ; 0            ; |ram|4x32ram:inst3|4x4ram:inst1|memory_cell:inst1  ; work         ;
;          |memory_cell:inst2|  ; 1 (1)             ; 1 (1)        ; 0           ; 0            ; 0       ; 0         ; 0    ; 0            ; |ram|4x32ram:inst3|4x4ram:inst1|memory_cell:inst2  ; work         ;
;          |memory_cell:inst3|  ; 1 (1)             ; 1 (1)        ; 0           ; 0            ; 0       ; 0         ; 0    ; 0            ; |ram|4x32ram:inst3|4x4ram:inst1|memory_cell:inst3  ; work         ;
;          |memory_cell:inst4|  ; 1 (1)             ; 1 (1)        ; 0           ; 0            ; 0       ; 0         ; 0    ; 0            ; |ram|4x32ram:inst3|4x4ram:inst1|memory_cell:inst4  ; work         ;
;          |memory_cell:inst5|  ; 1 (1)             ; 1 (1)        ; 0           ; 0            ; 0       ; 0         ; 0    ; 0            ; |ram|4x32ram:inst3|4x4ram:inst1|memory_cell:inst5  ; work         ;
;          |memory_cell:inst6|  ; 1 (1)             ; 1 (1)        ; 0           ; 0            ; 0       ; 0         ; 0    ; 0            ; |ram|4x32ram:inst3|4x4ram:inst1|memory_cell:inst6  ; work         ;
;          |memory_cell:inst7|  ; 1 (1)             ; 1 (1)        ; 0           ; 0            ; 0       ; 0         ; 0    ; 0            ; |ram|4x32ram:inst3|4x4ram:inst1|memory_cell:inst7  ; work         ;
;          |memory_cell:inst8|  ; 1 (1)             ; 1 (1)        ; 0           ; 0            ; 0       ; 0         ; 0    ; 0            ; |ram|4x32ram:inst3|4x4ram:inst1|memory_cell:inst8  ; work         ;
;          |memory_cell:inst9|  ; 1 (1)             ; 1 (1)        ; 0           ; 0            ; 0       ; 0         ; 0    ; 0            ; |ram|4x32ram:inst3|4x4ram:inst1|memory_cell:inst9  ; work         ;
;       |4x4ram:inst3|          ; 24 (8)            ; 16 (0)       ; 0           ; 0            ; 0       ; 0         ; 0    ; 0            ; |ram|4x32ram:inst3|4x4ram:inst3                    ; work         ;
;          |memory_cell:inst10| ; 1 (1)             ; 1 (1)        ; 0           ; 0            ; 0       ; 0         ; 0    ; 0            ; |ram|4x32ram:inst3|4x4ram:inst3|memory_cell:inst10 ; work         ;
;          |memory_cell:inst11| ; 1 (1)             ; 1 (1)        ; 0           ; 0            ; 0       ; 0         ; 0    ; 0            ; |ram|4x32ram:inst3|4x4ram:inst3|memory_cell:inst11 ; work         ;
;          |memory_cell:inst12| ; 1 (1)             ; 1 (1)        ; 0           ; 0            ; 0       ; 0         ; 0    ; 0            ; |ram|4x32ram:inst3|4x4ram:inst3|memory_cell:inst12 ; work         ;
;          |memory_cell:inst13| ; 1 (1)             ; 1 (1)        ; 0           ; 0            ; 0       ; 0         ; 0    ; 0            ; |ram|4x32ram:inst3|4x4ram:inst3|memory_cell:inst13 ; work         ;
;          |memory_cell:inst14| ; 1 (1)             ; 1 (1)        ; 0           ; 0            ; 0       ; 0         ; 0    ; 0            ; |ram|4x32ram:inst3|4x4ram:inst3|memory_cell:inst14 ; work         ;
;          |memory_cell:inst15| ; 1 (1)             ; 1 (1)        ; 0           ; 0            ; 0       ; 0         ; 0    ; 0            ; |ram|4x32ram:inst3|4x4ram:inst3|memory_cell:inst15 ; work         ;
;          |memory_cell:inst16| ; 1 (1)             ; 1 (1)        ; 0           ; 0            ; 0       ; 0         ; 0    ; 0            ; |ram|4x32ram:inst3|4x4ram:inst3|memory_cell:inst16 ; work         ;
;          |memory_cell:inst1|  ; 1 (1)             ; 1 (1)        ; 0           ; 0            ; 0       ; 0         ; 0    ; 0            ; |ram|4x32ram:inst3|4x4ram:inst3|memory_cell:inst1  ; work         ;
;          |memory_cell:inst2|  ; 1 (1)             ; 1 (1)        ; 0           ; 0            ; 0       ; 0         ; 0    ; 0            ; |ram|4x32ram:inst3|4x4ram:inst3|memory_cell:inst2  ; work         ;
;          |memory_cell:inst3|  ; 1 (1)             ; 1 (1)        ; 0           ; 0            ; 0       ; 0         ; 0    ; 0            ; |ram|4x32ram:inst3|4x4ram:inst3|memory_cell:inst3  ; work         ;
;          |memory_cell:inst4|  ; 1 (1)             ; 1 (1)        ; 0           ; 0            ; 0       ; 0         ; 0    ; 0            ; |ram|4x32ram:inst3|4x4ram:inst3|memory_cell:inst4  ; work         ;
;          |memory_cell:inst5|  ; 1 (1)             ; 1 (1)        ; 0           ; 0            ; 0       ; 0         ; 0    ; 0            ; |ram|4x32ram:inst3|4x4ram:inst3|memory_cell:inst5  ; work         ;
;          |memory_cell:inst6|  ; 1 (1)             ; 1 (1)        ; 0           ; 0            ; 0       ; 0         ; 0    ; 0            ; |ram|4x32ram:inst3|4x4ram:inst3|memory_cell:inst6  ; work         ;
;          |memory_cell:inst7|  ; 1 (1)             ; 1 (1)        ; 0           ; 0            ; 0       ; 0         ; 0    ; 0            ; |ram|4x32ram:inst3|4x4ram:inst3|memory_cell:inst7  ; work         ;
;          |memory_cell:inst8|  ; 1 (1)             ; 1 (1)        ; 0           ; 0            ; 0       ; 0         ; 0    ; 0            ; |ram|4x32ram:inst3|4x4ram:inst3|memory_cell:inst8  ; work         ;
;          |memory_cell:inst9|  ; 1 (1)             ; 1 (1)        ; 0           ; 0            ; 0       ; 0         ; 0    ; 0            ; |ram|4x32ram:inst3|4x4ram:inst3|memory_cell:inst9  ; work         ;
;       |4x4ram:inst4|          ; 24 (8)            ; 16 (0)       ; 0           ; 0            ; 0       ; 0         ; 0    ; 0            ; |ram|4x32ram:inst3|4x4ram:inst4                    ; work         ;
;          |memory_cell:inst10| ; 1 (1)             ; 1 (1)        ; 0           ; 0            ; 0       ; 0         ; 0    ; 0            ; |ram|4x32ram:inst3|4x4ram:inst4|memory_cell:inst10 ; work         ;
;          |memory_cell:inst11| ; 1 (1)             ; 1 (1)        ; 0           ; 0            ; 0       ; 0         ; 0    ; 0            ; |ram|4x32ram:inst3|4x4ram:inst4|memory_cell:inst11 ; work         ;
;          |memory_cell:inst12| ; 1 (1)             ; 1 (1)        ; 0           ; 0            ; 0       ; 0         ; 0    ; 0            ; |ram|4x32ram:inst3|4x4ram:inst4|memory_cell:inst12 ; work         ;
;          |memory_cell:inst13| ; 1 (1)             ; 1 (1)        ; 0           ; 0            ; 0       ; 0         ; 0    ; 0            ; |ram|4x32ram:inst3|4x4ram:inst4|memory_cell:inst13 ; work         ;
;          |memory_cell:inst14| ; 1 (1)             ; 1 (1)        ; 0           ; 0            ; 0       ; 0         ; 0    ; 0            ; |ram|4x32ram:inst3|4x4ram:inst4|memory_cell:inst14 ; work         ;
;          |memory_cell:inst15| ; 1 (1)             ; 1 (1)        ; 0           ; 0            ; 0       ; 0         ; 0    ; 0            ; |ram|4x32ram:inst3|4x4ram:inst4|memory_cell:inst15 ; work         ;
;          |memory_cell:inst16| ; 1 (1)             ; 1 (1)        ; 0           ; 0            ; 0       ; 0         ; 0    ; 0            ; |ram|4x32ram:inst3|4x4ram:inst4|memory_cell:inst16 ; work         ;
;          |memory_cell:inst1|  ; 1 (1)             ; 1 (1)        ; 0           ; 0            ; 0       ; 0         ; 0    ; 0            ; |ram|4x32ram:inst3|4x4ram:inst4|memory_cell:inst1  ; work         ;
;          |memory_cell:inst2|  ; 1 (1)             ; 1 (1)        ; 0           ; 0            ; 0       ; 0         ; 0    ; 0            ; |ram|4x32ram:inst3|4x4ram:inst4|memory_cell:inst2  ; work         ;
;          |memory_cell:inst3|  ; 1 (1)             ; 1 (1)        ; 0           ; 0            ; 0       ; 0         ; 0    ; 0            ; |ram|4x32ram:inst3|4x4ram:inst4|memory_cell:inst3  ; work         ;
;          |memory_cell:inst4|  ; 1 (1)             ; 1 (1)        ; 0           ; 0            ; 0       ; 0         ; 0    ; 0            ; |ram|4x32ram:inst3|4x4ram:inst4|memory_cell:inst4  ; work         ;
;          |memory_cell:inst5|  ; 1 (1)             ; 1 (1)        ; 0           ; 0            ; 0       ; 0         ; 0    ; 0            ; |ram|4x32ram:inst3|4x4ram:inst4|memory_cell:inst5  ; work         ;
;          |memory_cell:inst6|  ; 1 (1)             ; 1 (1)        ; 0           ; 0            ; 0       ; 0         ; 0    ; 0            ; |ram|4x32ram:inst3|4x4ram:inst4|memory_cell:inst6  ; work         ;
;          |memory_cell:inst7|  ; 1 (1)             ; 1 (1)        ; 0           ; 0            ; 0       ; 0         ; 0    ; 0            ; |ram|4x32ram:inst3|4x4ram:inst4|memory_cell:inst7  ; work         ;
;          |memory_cell:inst8|  ; 1 (1)             ; 1 (1)        ; 0           ; 0            ; 0       ; 0         ; 0    ; 0            ; |ram|4x32ram:inst3|4x4ram:inst4|memory_cell:inst8  ; work         ;
;          |memory_cell:inst9|  ; 1 (1)             ; 1 (1)        ; 0           ; 0            ; 0       ; 0         ; 0    ; 0            ; |ram|4x32ram:inst3|4x4ram:inst4|memory_cell:inst9  ; work         ;
;       |4x4ram:inst5|          ; 24 (8)            ; 16 (0)       ; 0           ; 0            ; 0       ; 0         ; 0    ; 0            ; |ram|4x32ram:inst3|4x4ram:inst5                    ; work         ;
;          |memory_cell:inst10| ; 1 (1)             ; 1 (1)        ; 0           ; 0            ; 0       ; 0         ; 0    ; 0            ; |ram|4x32ram:inst3|4x4ram:inst5|memory_cell:inst10 ; work         ;
;          |memory_cell:inst11| ; 1 (1)             ; 1 (1)        ; 0           ; 0            ; 0       ; 0         ; 0    ; 0            ; |ram|4x32ram:inst3|4x4ram:inst5|memory_cell:inst11 ; work         ;
;          |memory_cell:inst12| ; 1 (1)             ; 1 (1)        ; 0           ; 0            ; 0       ; 0         ; 0    ; 0            ; |ram|4x32ram:inst3|4x4ram:inst5|memory_cell:inst12 ; work         ;
;          |memory_cell:inst13| ; 1 (1)             ; 1 (1)        ; 0           ; 0            ; 0       ; 0         ; 0    ; 0            ; |ram|4x32ram:inst3|4x4ram:inst5|memory_cell:inst13 ; work         ;
;          |memory_cell:inst14| ; 1 (1)             ; 1 (1)        ; 0           ; 0            ; 0       ; 0         ; 0    ; 0            ; |ram|4x32ram:inst3|4x4ram:inst5|memory_cell:inst14 ; work         ;
;          |memory_cell:inst15| ; 1 (1)             ; 1 (1)        ; 0           ; 0            ; 0       ; 0         ; 0    ; 0            ; |ram|4x32ram:inst3|4x4ram:inst5|memory_cell:inst15 ; work         ;
;          |memory_cell:inst16| ; 1 (1)             ; 1 (1)        ; 0           ; 0            ; 0       ; 0         ; 0    ; 0            ; |ram|4x32ram:inst3|4x4ram:inst5|memory_cell:inst16 ; work         ;
;          |memory_cell:inst1|  ; 1 (1)             ; 1 (1)        ; 0           ; 0            ; 0       ; 0         ; 0    ; 0            ; |ram|4x32ram:inst3|4x4ram:inst5|memory_cell:inst1  ; work         ;
;          |memory_cell:inst2|  ; 1 (1)             ; 1 (1)        ; 0           ; 0            ; 0       ; 0         ; 0    ; 0            ; |ram|4x32ram:inst3|4x4ram:inst5|memory_cell:inst2  ; work         ;
;          |memory_cell:inst3|  ; 1 (1)             ; 1 (1)        ; 0           ; 0            ; 0       ; 0         ; 0    ; 0            ; |ram|4x32ram:inst3|4x4ram:inst5|memory_cell:inst3  ; work         ;
;          |memory_cell:inst4|  ; 1 (1)             ; 1 (1)        ; 0           ; 0            ; 0       ; 0         ; 0    ; 0            ; |ram|4x32ram:inst3|4x4ram:inst5|memory_cell:inst4  ; work         ;
;          |memory_cell:inst5|  ; 1 (1)             ; 1 (1)        ; 0           ; 0            ; 0       ; 0         ; 0    ; 0            ; |ram|4x32ram:inst3|4x4ram:inst5|memory_cell:inst5  ; work         ;
;          |memory_cell:inst6|  ; 1 (1)             ; 1 (1)        ; 0           ; 0            ; 0       ; 0         ; 0    ; 0            ; |ram|4x32ram:inst3|4x4ram:inst5|memory_cell:inst6  ; work         ;
;          |memory_cell:inst7|  ; 1 (1)             ; 1 (1)        ; 0           ; 0            ; 0       ; 0         ; 0    ; 0            ; |ram|4x32ram:inst3|4x4ram:inst5|memory_cell:inst7  ; work         ;
;          |memory_cell:inst8|  ; 1 (1)             ; 1 (1)        ; 0           ; 0            ; 0       ; 0         ; 0    ; 0            ; |ram|4x32ram:inst3|4x4ram:inst5|memory_cell:inst8  ; work         ;
;          |memory_cell:inst9|  ; 1 (1)             ; 1 (1)        ; 0           ; 0            ; 0       ; 0         ; 0    ; 0            ; |ram|4x32ram:inst3|4x4ram:inst5|memory_cell:inst9  ; work         ;
;       |4x4ram:inst6|          ; 24 (8)            ; 16 (0)       ; 0           ; 0            ; 0       ; 0         ; 0    ; 0            ; |ram|4x32ram:inst3|4x4ram:inst6                    ; work         ;
;          |memory_cell:inst10| ; 1 (1)             ; 1 (1)        ; 0           ; 0            ; 0       ; 0         ; 0    ; 0            ; |ram|4x32ram:inst3|4x4ram:inst6|memory_cell:inst10 ; work         ;
;          |memory_cell:inst11| ; 1 (1)             ; 1 (1)        ; 0           ; 0            ; 0       ; 0         ; 0    ; 0            ; |ram|4x32ram:inst3|4x4ram:inst6|memory_cell:inst11 ; work         ;
;          |memory_cell:inst12| ; 1 (1)             ; 1 (1)        ; 0           ; 0            ; 0       ; 0         ; 0    ; 0            ; |ram|4x32ram:inst3|4x4ram:inst6|memory_cell:inst12 ; work         ;
;          |memory_cell:inst13| ; 1 (1)             ; 1 (1)        ; 0           ; 0            ; 0       ; 0         ; 0    ; 0            ; |ram|4x32ram:inst3|4x4ram:inst6|memory_cell:inst13 ; work         ;
;          |memory_cell:inst14| ; 1 (1)             ; 1 (1)        ; 0           ; 0            ; 0       ; 0         ; 0    ; 0            ; |ram|4x32ram:inst3|4x4ram:inst6|memory_cell:inst14 ; work         ;
;          |memory_cell:inst15| ; 1 (1)             ; 1 (1)        ; 0           ; 0            ; 0       ; 0         ; 0    ; 0            ; |ram|4x32ram:inst3|4x4ram:inst6|memory_cell:inst15 ; work         ;
;          |memory_cell:inst16| ; 1 (1)             ; 1 (1)        ; 0           ; 0            ; 0       ; 0         ; 0    ; 0            ; |ram|4x32ram:inst3|4x4ram:inst6|memory_cell:inst16 ; work         ;
;          |memory_cell:inst1|  ; 1 (1)             ; 1 (1)        ; 0           ; 0            ; 0       ; 0         ; 0    ; 0            ; |ram|4x32ram:inst3|4x4ram:inst6|memory_cell:inst1  ; work         ;
;          |memory_cell:inst2|  ; 1 (1)             ; 1 (1)        ; 0           ; 0            ; 0       ; 0         ; 0    ; 0            ; |ram|4x32ram:inst3|4x4ram:inst6|memory_cell:inst2  ; work         ;
;          |memory_cell:inst3|  ; 1 (1)             ; 1 (1)        ; 0           ; 0            ; 0       ; 0         ; 0    ; 0            ; |ram|4x32ram:inst3|4x4ram:inst6|memory_cell:inst3  ; work         ;
;          |memory_cell:inst4|  ; 1 (1)             ; 1 (1)        ; 0           ; 0            ; 0       ; 0         ; 0    ; 0            ; |ram|4x32ram:inst3|4x4ram:inst6|memory_cell:inst4  ; work         ;
;          |memory_cell:inst5|  ; 1 (1)             ; 1 (1)        ; 0           ; 0            ; 0       ; 0         ; 0    ; 0            ; |ram|4x32ram:inst3|4x4ram:inst6|memory_cell:inst5  ; work         ;
;          |memory_cell:inst6|  ; 1 (1)             ; 1 (1)        ; 0           ; 0            ; 0       ; 0         ; 0    ; 0            ; |ram|4x32ram:inst3|4x4ram:inst6|memory_cell:inst6  ; work         ;
;          |memory_cell:inst7|  ; 1 (1)             ; 1 (1)        ; 0           ; 0            ; 0       ; 0         ; 0    ; 0            ; |ram|4x32ram:inst3|4x4ram:inst6|memory_cell:inst7  ; work         ;
;          |memory_cell:inst8|  ; 1 (1)             ; 1 (1)        ; 0           ; 0            ; 0       ; 0         ; 0    ; 0            ; |ram|4x32ram:inst3|4x4ram:inst6|memory_cell:inst8  ; work         ;
;          |memory_cell:inst9|  ; 1 (1)             ; 1 (1)        ; 0           ; 0            ; 0       ; 0         ; 0    ; 0            ; |ram|4x32ram:inst3|4x4ram:inst6|memory_cell:inst9  ; work         ;
;       |4x4ram:inst7|          ; 24 (8)            ; 16 (0)       ; 0           ; 0            ; 0       ; 0         ; 0    ; 0            ; |ram|4x32ram:inst3|4x4ram:inst7                    ; work         ;
;          |memory_cell:inst10| ; 1 (1)             ; 1 (1)        ; 0           ; 0            ; 0       ; 0         ; 0    ; 0            ; |ram|4x32ram:inst3|4x4ram:inst7|memory_cell:inst10 ; work         ;
;          |memory_cell:inst11| ; 1 (1)             ; 1 (1)        ; 0           ; 0            ; 0       ; 0         ; 0    ; 0            ; |ram|4x32ram:inst3|4x4ram:inst7|memory_cell:inst11 ; work         ;
;          |memory_cell:inst12| ; 1 (1)             ; 1 (1)        ; 0           ; 0            ; 0       ; 0         ; 0    ; 0            ; |ram|4x32ram:inst3|4x4ram:inst7|memory_cell:inst12 ; work         ;
;          |memory_cell:inst13| ; 1 (1)             ; 1 (1)        ; 0           ; 0            ; 0       ; 0         ; 0    ; 0            ; |ram|4x32ram:inst3|4x4ram:inst7|memory_cell:inst13 ; work         ;
;          |memory_cell:inst14| ; 1 (1)             ; 1 (1)        ; 0           ; 0            ; 0       ; 0         ; 0    ; 0            ; |ram|4x32ram:inst3|4x4ram:inst7|memory_cell:inst14 ; work         ;
;          |memory_cell:inst15| ; 1 (1)             ; 1 (1)        ; 0           ; 0            ; 0       ; 0         ; 0    ; 0            ; |ram|4x32ram:inst3|4x4ram:inst7|memory_cell:inst15 ; work         ;
;          |memory_cell:inst16| ; 1 (1)             ; 1 (1)        ; 0           ; 0            ; 0       ; 0         ; 0    ; 0            ; |ram|4x32ram:inst3|4x4ram:inst7|memory_cell:inst16 ; work         ;
;          |memory_cell:inst1|  ; 1 (1)             ; 1 (1)        ; 0           ; 0            ; 0       ; 0         ; 0    ; 0            ; |ram|4x32ram:inst3|4x4ram:inst7|memory_cell:inst1  ; work         ;
;          |memory_cell:inst2|  ; 1 (1)             ; 1 (1)        ; 0           ; 0            ; 0       ; 0         ; 0    ; 0            ; |ram|4x32ram:inst3|4x4ram:inst7|memory_cell:inst2  ; work         ;
;          |memory_cell:inst3|  ; 1 (1)             ; 1 (1)        ; 0           ; 0            ; 0       ; 0         ; 0    ; 0            ; |ram|4x32ram:inst3|4x4ram:inst7|memory_cell:inst3  ; work         ;
;          |memory_cell:inst4|  ; 1 (1)             ; 1 (1)        ; 0           ; 0            ; 0       ; 0         ; 0    ; 0            ; |ram|4x32ram:inst3|4x4ram:inst7|memory_cell:inst4  ; work         ;
;          |memory_cell:inst5|  ; 1 (1)             ; 1 (1)        ; 0           ; 0            ; 0       ; 0         ; 0    ; 0            ; |ram|4x32ram:inst3|4x4ram:inst7|memory_cell:inst5  ; work         ;
;          |memory_cell:inst6|  ; 1 (1)             ; 1 (1)        ; 0           ; 0            ; 0       ; 0         ; 0    ; 0            ; |ram|4x32ram:inst3|4x4ram:inst7|memory_cell:inst6  ; work         ;
;          |memory_cell:inst7|  ; 1 (1)             ; 1 (1)        ; 0           ; 0            ; 0       ; 0         ; 0    ; 0            ; |ram|4x32ram:inst3|4x4ram:inst7|memory_cell:inst7  ; work         ;
;          |memory_cell:inst8|  ; 1 (1)             ; 1 (1)        ; 0           ; 0            ; 0       ; 0         ; 0    ; 0            ; |ram|4x32ram:inst3|4x4ram:inst7|memory_cell:inst8  ; work         ;
;          |memory_cell:inst9|  ; 1 (1)             ; 1 (1)        ; 0           ; 0            ; 0       ; 0         ; 0    ; 0            ; |ram|4x32ram:inst3|4x4ram:inst7|memory_cell:inst9  ; work         ;
;       |4x4ram:inst8|          ; 24 (8)            ; 16 (0)       ; 0           ; 0            ; 0       ; 0         ; 0    ; 0            ; |ram|4x32ram:inst3|4x4ram:inst8                    ; work         ;
;          |memory_cell:inst10| ; 1 (1)             ; 1 (1)        ; 0           ; 0            ; 0       ; 0         ; 0    ; 0            ; |ram|4x32ram:inst3|4x4ram:inst8|memory_cell:inst10 ; work         ;
;          |memory_cell:inst11| ; 1 (1)             ; 1 (1)        ; 0           ; 0            ; 0       ; 0         ; 0    ; 0            ; |ram|4x32ram:inst3|4x4ram:inst8|memory_cell:inst11 ; work         ;
;          |memory_cell:inst12| ; 1 (1)             ; 1 (1)        ; 0           ; 0            ; 0       ; 0         ; 0    ; 0            ; |ram|4x32ram:inst3|4x4ram:inst8|memory_cell:inst12 ; work         ;
;          |memory_cell:inst13| ; 1 (1)             ; 1 (1)        ; 0           ; 0            ; 0       ; 0         ; 0    ; 0            ; |ram|4x32ram:inst3|4x4ram:inst8|memory_cell:inst13 ; work         ;
;          |memory_cell:inst14| ; 1 (1)             ; 1 (1)        ; 0           ; 0            ; 0       ; 0         ; 0    ; 0            ; |ram|4x32ram:inst3|4x4ram:inst8|memory_cell:inst14 ; work         ;
;          |memory_cell:inst15| ; 1 (1)             ; 1 (1)        ; 0           ; 0            ; 0       ; 0         ; 0    ; 0            ; |ram|4x32ram:inst3|4x4ram:inst8|memory_cell:inst15 ; work         ;
;          |memory_cell:inst16| ; 1 (1)             ; 1 (1)        ; 0           ; 0            ; 0       ; 0         ; 0    ; 0            ; |ram|4x32ram:inst3|4x4ram:inst8|memory_cell:inst16 ; work         ;
;          |memory_cell:inst1|  ; 1 (1)             ; 1 (1)        ; 0           ; 0            ; 0       ; 0         ; 0    ; 0            ; |ram|4x32ram:inst3|4x4ram:inst8|memory_cell:inst1  ; work         ;
;          |memory_cell:inst2|  ; 1 (1)             ; 1 (1)        ; 0           ; 0            ; 0       ; 0         ; 0    ; 0            ; |ram|4x32ram:inst3|4x4ram:inst8|memory_cell:inst2  ; work         ;
;          |memory_cell:inst3|  ; 1 (1)             ; 1 (1)        ; 0           ; 0            ; 0       ; 0         ; 0    ; 0            ; |ram|4x32ram:inst3|4x4ram:inst8|memory_cell:inst3  ; work         ;
;          |memory_cell:inst4|  ; 1 (1)             ; 1 (1)        ; 0           ; 0            ; 0       ; 0         ; 0    ; 0            ; |ram|4x32ram:inst3|4x4ram:inst8|memory_cell:inst4  ; work         ;
;          |memory_cell:inst5|  ; 1 (1)             ; 1 (1)        ; 0           ; 0            ; 0       ; 0         ; 0    ; 0            ; |ram|4x32ram:inst3|4x4ram:inst8|memory_cell:inst5  ; work         ;
;          |memory_cell:inst6|  ; 1 (1)             ; 1 (1)        ; 0           ; 0            ; 0       ; 0         ; 0    ; 0            ; |ram|4x32ram:inst3|4x4ram:inst8|memory_cell:inst6  ; work         ;
;          |memory_cell:inst7|  ; 1 (1)             ; 1 (1)        ; 0           ; 0            ; 0       ; 0         ; 0    ; 0            ; |ram|4x32ram:inst3|4x4ram:inst8|memory_cell:inst7  ; work         ;
;          |memory_cell:inst8|  ; 1 (1)             ; 1 (1)        ; 0           ; 0            ; 0       ; 0         ; 0    ; 0            ; |ram|4x32ram:inst3|4x4ram:inst8|memory_cell:inst8  ; work         ;
;          |memory_cell:inst9|  ; 1 (1)             ; 1 (1)        ; 0           ; 0            ; 0       ; 0         ; 0    ; 0            ; |ram|4x32ram:inst3|4x4ram:inst8|memory_cell:inst9  ; work         ;
;       |4x4ram:inst|           ; 25 (9)            ; 16 (0)       ; 0           ; 0            ; 0       ; 0         ; 0    ; 0            ; |ram|4x32ram:inst3|4x4ram:inst                     ; work         ;
;          |memory_cell:inst10| ; 1 (1)             ; 1 (1)        ; 0           ; 0            ; 0       ; 0         ; 0    ; 0            ; |ram|4x32ram:inst3|4x4ram:inst|memory_cell:inst10  ; work         ;
;          |memory_cell:inst11| ; 1 (1)             ; 1 (1)        ; 0           ; 0            ; 0       ; 0         ; 0    ; 0            ; |ram|4x32ram:inst3|4x4ram:inst|memory_cell:inst11  ; work         ;
;          |memory_cell:inst12| ; 1 (1)             ; 1 (1)        ; 0           ; 0            ; 0       ; 0         ; 0    ; 0            ; |ram|4x32ram:inst3|4x4ram:inst|memory_cell:inst12  ; work         ;
;          |memory_cell:inst13| ; 1 (1)             ; 1 (1)        ; 0           ; 0            ; 0       ; 0         ; 0    ; 0            ; |ram|4x32ram:inst3|4x4ram:inst|memory_cell:inst13  ; work         ;
;          |memory_cell:inst14| ; 1 (1)             ; 1 (1)        ; 0           ; 0            ; 0       ; 0         ; 0    ; 0            ; |ram|4x32ram:inst3|4x4ram:inst|memory_cell:inst14  ; work         ;
;          |memory_cell:inst15| ; 1 (1)             ; 1 (1)        ; 0           ; 0            ; 0       ; 0         ; 0    ; 0            ; |ram|4x32ram:inst3|4x4ram:inst|memory_cell:inst15  ; work         ;
;          |memory_cell:inst16| ; 1 (1)             ; 1 (1)        ; 0           ; 0            ; 0       ; 0         ; 0    ; 0            ; |ram|4x32ram:inst3|4x4ram:inst|memory_cell:inst16  ; work         ;
;          |memory_cell:inst1|  ; 1 (1)             ; 1 (1)        ; 0           ; 0            ; 0       ; 0         ; 0    ; 0            ; |ram|4x32ram:inst3|4x4ram:inst|memory_cell:inst1   ; work         ;
;          |memory_cell:inst2|  ; 1 (1)             ; 1 (1)        ; 0           ; 0            ; 0       ; 0         ; 0    ; 0            ; |ram|4x32ram:inst3|4x4ram:inst|memory_cell:inst2   ; work         ;
;          |memory_cell:inst3|  ; 1 (1)             ; 1 (1)        ; 0           ; 0            ; 0       ; 0         ; 0    ; 0            ; |ram|4x32ram:inst3|4x4ram:inst|memory_cell:inst3   ; work         ;
;          |memory_cell:inst4|  ; 1 (1)             ; 1 (1)        ; 0           ; 0            ; 0       ; 0         ; 0    ; 0            ; |ram|4x32ram:inst3|4x4ram:inst|memory_cell:inst4   ; work         ;
;          |memory_cell:inst5|  ; 1 (1)             ; 1 (1)        ; 0           ; 0            ; 0       ; 0         ; 0    ; 0            ; |ram|4x32ram:inst3|4x4ram:inst|memory_cell:inst5   ; work         ;
;          |memory_cell:inst6|  ; 1 (1)             ; 1 (1)        ; 0           ; 0            ; 0       ; 0         ; 0    ; 0            ; |ram|4x32ram:inst3|4x4ram:inst|memory_cell:inst6   ; work         ;
;          |memory_cell:inst7|  ; 1 (1)             ; 1 (1)        ; 0           ; 0            ; 0       ; 0         ; 0    ; 0            ; |ram|4x32ram:inst3|4x4ram:inst|memory_cell:inst7   ; work         ;
;          |memory_cell:inst8|  ; 1 (1)             ; 1 (1)        ; 0           ; 0            ; 0       ; 0         ; 0    ; 0            ; |ram|4x32ram:inst3|4x4ram:inst|memory_cell:inst8   ; work         ;
;          |memory_cell:inst9|  ; 1 (1)             ; 1 (1)        ; 0           ; 0            ; 0       ; 0         ; 0    ; 0            ; |ram|4x32ram:inst3|4x4ram:inst|memory_cell:inst9   ; work         ;
;    |4x32ram:inst4|            ; 225 (0)           ; 128 (0)      ; 0           ; 0            ; 0       ; 0         ; 0    ; 0            ; |ram|4x32ram:inst4                                 ; work         ;
;       |4x4ram:inst1|          ; 28 (12)           ; 16 (0)       ; 0           ; 0            ; 0       ; 0         ; 0    ; 0            ; |ram|4x32ram:inst4|4x4ram:inst1                    ; work         ;
;          |memory_cell:inst10| ; 1 (1)             ; 1 (1)        ; 0           ; 0            ; 0       ; 0         ; 0    ; 0            ; |ram|4x32ram:inst4|4x4ram:inst1|memory_cell:inst10 ; work         ;
;          |memory_cell:inst11| ; 1 (1)             ; 1 (1)        ; 0           ; 0            ; 0       ; 0         ; 0    ; 0            ; |ram|4x32ram:inst4|4x4ram:inst1|memory_cell:inst11 ; work         ;
;          |memory_cell:inst12| ; 1 (1)             ; 1 (1)        ; 0           ; 0            ; 0       ; 0         ; 0    ; 0            ; |ram|4x32ram:inst4|4x4ram:inst1|memory_cell:inst12 ; work         ;
;          |memory_cell:inst13| ; 1 (1)             ; 1 (1)        ; 0           ; 0            ; 0       ; 0         ; 0    ; 0            ; |ram|4x32ram:inst4|4x4ram:inst1|memory_cell:inst13 ; work         ;
;          |memory_cell:inst14| ; 1 (1)             ; 1 (1)        ; 0           ; 0            ; 0       ; 0         ; 0    ; 0            ; |ram|4x32ram:inst4|4x4ram:inst1|memory_cell:inst14 ; work         ;
;          |memory_cell:inst15| ; 1 (1)             ; 1 (1)        ; 0           ; 0            ; 0       ; 0         ; 0    ; 0            ; |ram|4x32ram:inst4|4x4ram:inst1|memory_cell:inst15 ; work         ;
;          |memory_cell:inst16| ; 1 (1)             ; 1 (1)        ; 0           ; 0            ; 0       ; 0         ; 0    ; 0            ; |ram|4x32ram:inst4|4x4ram:inst1|memory_cell:inst16 ; work         ;
;          |memory_cell:inst1|  ; 1 (1)             ; 1 (1)        ; 0           ; 0            ; 0       ; 0         ; 0    ; 0            ; |ram|4x32ram:inst4|4x4ram:inst1|memory_cell:inst1  ; work         ;
;          |memory_cell:inst2|  ; 1 (1)             ; 1 (1)        ; 0           ; 0            ; 0       ; 0         ; 0    ; 0            ; |ram|4x32ram:inst4|4x4ram:inst1|memory_cell:inst2  ; work         ;
;          |memory_cell:inst3|  ; 1 (1)             ; 1 (1)        ; 0           ; 0            ; 0       ; 0         ; 0    ; 0            ; |ram|4x32ram:inst4|4x4ram:inst1|memory_cell:inst3  ; work         ;
;          |memory_cell:inst4|  ; 1 (1)             ; 1 (1)        ; 0           ; 0            ; 0       ; 0         ; 0    ; 0            ; |ram|4x32ram:inst4|4x4ram:inst1|memory_cell:inst4  ; work         ;
;          |memory_cell:inst5|  ; 1 (1)             ; 1 (1)        ; 0           ; 0            ; 0       ; 0         ; 0    ; 0            ; |ram|4x32ram:inst4|4x4ram:inst1|memory_cell:inst5  ; work         ;
;          |memory_cell:inst6|  ; 1 (1)             ; 1 (1)        ; 0           ; 0            ; 0       ; 0         ; 0    ; 0            ; |ram|4x32ram:inst4|4x4ram:inst1|memory_cell:inst6  ; work         ;
;          |memory_cell:inst7|  ; 1 (1)             ; 1 (1)        ; 0           ; 0            ; 0       ; 0         ; 0    ; 0            ; |ram|4x32ram:inst4|4x4ram:inst1|memory_cell:inst7  ; work         ;
;          |memory_cell:inst8|  ; 1 (1)             ; 1 (1)        ; 0           ; 0            ; 0       ; 0         ; 0    ; 0            ; |ram|4x32ram:inst4|4x4ram:inst1|memory_cell:inst8  ; work         ;
;          |memory_cell:inst9|  ; 1 (1)             ; 1 (1)        ; 0           ; 0            ; 0       ; 0         ; 0    ; 0            ; |ram|4x32ram:inst4|4x4ram:inst1|memory_cell:inst9  ; work         ;
;       |4x4ram:inst3|          ; 28 (12)           ; 16 (0)       ; 0           ; 0            ; 0       ; 0         ; 0    ; 0            ; |ram|4x32ram:inst4|4x4ram:inst3                    ; work         ;
;          |memory_cell:inst10| ; 1 (1)             ; 1 (1)        ; 0           ; 0            ; 0       ; 0         ; 0    ; 0            ; |ram|4x32ram:inst4|4x4ram:inst3|memory_cell:inst10 ; work         ;
;          |memory_cell:inst11| ; 1 (1)             ; 1 (1)        ; 0           ; 0            ; 0       ; 0         ; 0    ; 0            ; |ram|4x32ram:inst4|4x4ram:inst3|memory_cell:inst11 ; work         ;
;          |memory_cell:inst12| ; 1 (1)             ; 1 (1)        ; 0           ; 0            ; 0       ; 0         ; 0    ; 0            ; |ram|4x32ram:inst4|4x4ram:inst3|memory_cell:inst12 ; work         ;
;          |memory_cell:inst13| ; 1 (1)             ; 1 (1)        ; 0           ; 0            ; 0       ; 0         ; 0    ; 0            ; |ram|4x32ram:inst4|4x4ram:inst3|memory_cell:inst13 ; work         ;
;          |memory_cell:inst14| ; 1 (1)             ; 1 (1)        ; 0           ; 0            ; 0       ; 0         ; 0    ; 0            ; |ram|4x32ram:inst4|4x4ram:inst3|memory_cell:inst14 ; work         ;
;          |memory_cell:inst15| ; 1 (1)             ; 1 (1)        ; 0           ; 0            ; 0       ; 0         ; 0    ; 0            ; |ram|4x32ram:inst4|4x4ram:inst3|memory_cell:inst15 ; work         ;
;          |memory_cell:inst16| ; 1 (1)             ; 1 (1)        ; 0           ; 0            ; 0       ; 0         ; 0    ; 0            ; |ram|4x32ram:inst4|4x4ram:inst3|memory_cell:inst16 ; work         ;
;          |memory_cell:inst1|  ; 1 (1)             ; 1 (1)        ; 0           ; 0            ; 0       ; 0         ; 0    ; 0            ; |ram|4x32ram:inst4|4x4ram:inst3|memory_cell:inst1  ; work         ;
;          |memory_cell:inst2|  ; 1 (1)             ; 1 (1)        ; 0           ; 0            ; 0       ; 0         ; 0    ; 0            ; |ram|4x32ram:inst4|4x4ram:inst3|memory_cell:inst2  ; work         ;
;          |memory_cell:inst3|  ; 1 (1)             ; 1 (1)        ; 0           ; 0            ; 0       ; 0         ; 0    ; 0            ; |ram|4x32ram:inst4|4x4ram:inst3|memory_cell:inst3  ; work         ;
;          |memory_cell:inst4|  ; 1 (1)             ; 1 (1)        ; 0           ; 0            ; 0       ; 0         ; 0    ; 0            ; |ram|4x32ram:inst4|4x4ram:inst3|memory_cell:inst4  ; work         ;
;          |memory_cell:inst5|  ; 1 (1)             ; 1 (1)        ; 0           ; 0            ; 0       ; 0         ; 0    ; 0            ; |ram|4x32ram:inst4|4x4ram:inst3|memory_cell:inst5  ; work         ;
;          |memory_cell:inst6|  ; 1 (1)             ; 1 (1)        ; 0           ; 0            ; 0       ; 0         ; 0    ; 0            ; |ram|4x32ram:inst4|4x4ram:inst3|memory_cell:inst6  ; work         ;
;          |memory_cell:inst7|  ; 1 (1)             ; 1 (1)        ; 0           ; 0            ; 0       ; 0         ; 0    ; 0            ; |ram|4x32ram:inst4|4x4ram:inst3|memory_cell:inst7  ; work         ;
;          |memory_cell:inst8|  ; 1 (1)             ; 1 (1)        ; 0           ; 0            ; 0       ; 0         ; 0    ; 0            ; |ram|4x32ram:inst4|4x4ram:inst3|memory_cell:inst8  ; work         ;
;          |memory_cell:inst9|  ; 1 (1)             ; 1 (1)        ; 0           ; 0            ; 0       ; 0         ; 0    ; 0            ; |ram|4x32ram:inst4|4x4ram:inst3|memory_cell:inst9  ; work         ;
;       |4x4ram:inst4|          ; 28 (12)           ; 16 (0)       ; 0           ; 0            ; 0       ; 0         ; 0    ; 0            ; |ram|4x32ram:inst4|4x4ram:inst4                    ; work         ;
;          |memory_cell:inst10| ; 1 (1)             ; 1 (1)        ; 0           ; 0            ; 0       ; 0         ; 0    ; 0            ; |ram|4x32ram:inst4|4x4ram:inst4|memory_cell:inst10 ; work         ;
;          |memory_cell:inst11| ; 1 (1)             ; 1 (1)        ; 0           ; 0            ; 0       ; 0         ; 0    ; 0            ; |ram|4x32ram:inst4|4x4ram:inst4|memory_cell:inst11 ; work         ;
;          |memory_cell:inst12| ; 1 (1)             ; 1 (1)        ; 0           ; 0            ; 0       ; 0         ; 0    ; 0            ; |ram|4x32ram:inst4|4x4ram:inst4|memory_cell:inst12 ; work         ;
;          |memory_cell:inst13| ; 1 (1)             ; 1 (1)        ; 0           ; 0            ; 0       ; 0         ; 0    ; 0            ; |ram|4x32ram:inst4|4x4ram:inst4|memory_cell:inst13 ; work         ;
;          |memory_cell:inst14| ; 1 (1)             ; 1 (1)        ; 0           ; 0            ; 0       ; 0         ; 0    ; 0            ; |ram|4x32ram:inst4|4x4ram:inst4|memory_cell:inst14 ; work         ;
;          |memory_cell:inst15| ; 1 (1)             ; 1 (1)        ; 0           ; 0            ; 0       ; 0         ; 0    ; 0            ; |ram|4x32ram:inst4|4x4ram:inst4|memory_cell:inst15 ; work         ;
;          |memory_cell:inst16| ; 1 (1)             ; 1 (1)        ; 0           ; 0            ; 0       ; 0         ; 0    ; 0            ; |ram|4x32ram:inst4|4x4ram:inst4|memory_cell:inst16 ; work         ;
;          |memory_cell:inst1|  ; 1 (1)             ; 1 (1)        ; 0           ; 0            ; 0       ; 0         ; 0    ; 0            ; |ram|4x32ram:inst4|4x4ram:inst4|memory_cell:inst1  ; work         ;
;          |memory_cell:inst2|  ; 1 (1)             ; 1 (1)        ; 0           ; 0            ; 0       ; 0         ; 0    ; 0            ; |ram|4x32ram:inst4|4x4ram:inst4|memory_cell:inst2  ; work         ;
;          |memory_cell:inst3|  ; 1 (1)             ; 1 (1)        ; 0           ; 0            ; 0       ; 0         ; 0    ; 0            ; |ram|4x32ram:inst4|4x4ram:inst4|memory_cell:inst3  ; work         ;
;          |memory_cell:inst4|  ; 1 (1)             ; 1 (1)        ; 0           ; 0            ; 0       ; 0         ; 0    ; 0            ; |ram|4x32ram:inst4|4x4ram:inst4|memory_cell:inst4  ; work         ;
;          |memory_cell:inst5|  ; 1 (1)             ; 1 (1)        ; 0           ; 0            ; 0       ; 0         ; 0    ; 0            ; |ram|4x32ram:inst4|4x4ram:inst4|memory_cell:inst5  ; work         ;
;          |memory_cell:inst6|  ; 1 (1)             ; 1 (1)        ; 0           ; 0            ; 0       ; 0         ; 0    ; 0            ; |ram|4x32ram:inst4|4x4ram:inst4|memory_cell:inst6  ; work         ;
;          |memory_cell:inst7|  ; 1 (1)             ; 1 (1)        ; 0           ; 0            ; 0       ; 0         ; 0    ; 0            ; |ram|4x32ram:inst4|4x4ram:inst4|memory_cell:inst7  ; work         ;
;          |memory_cell:inst8|  ; 1 (1)             ; 1 (1)        ; 0           ; 0            ; 0       ; 0         ; 0    ; 0            ; |ram|4x32ram:inst4|4x4ram:inst4|memory_cell:inst8  ; work         ;
;          |memory_cell:inst9|  ; 1 (1)             ; 1 (1)        ; 0           ; 0            ; 0       ; 0         ; 0    ; 0            ; |ram|4x32ram:inst4|4x4ram:inst4|memory_cell:inst9  ; work         ;
;       |4x4ram:inst5|          ; 28 (12)           ; 16 (0)       ; 0           ; 0            ; 0       ; 0         ; 0    ; 0            ; |ram|4x32ram:inst4|4x4ram:inst5                    ; work         ;
;          |memory_cell:inst10| ; 1 (1)             ; 1 (1)        ; 0           ; 0            ; 0       ; 0         ; 0    ; 0            ; |ram|4x32ram:inst4|4x4ram:inst5|memory_cell:inst10 ; work         ;
;          |memory_cell:inst11| ; 1 (1)             ; 1 (1)        ; 0           ; 0            ; 0       ; 0         ; 0    ; 0            ; |ram|4x32ram:inst4|4x4ram:inst5|memory_cell:inst11 ; work         ;
;          |memory_cell:inst12| ; 1 (1)             ; 1 (1)        ; 0           ; 0            ; 0       ; 0         ; 0    ; 0            ; |ram|4x32ram:inst4|4x4ram:inst5|memory_cell:inst12 ; work         ;
;          |memory_cell:inst13| ; 1 (1)             ; 1 (1)        ; 0           ; 0            ; 0       ; 0         ; 0    ; 0            ; |ram|4x32ram:inst4|4x4ram:inst5|memory_cell:inst13 ; work         ;
;          |memory_cell:inst14| ; 1 (1)             ; 1 (1)        ; 0           ; 0            ; 0       ; 0         ; 0    ; 0            ; |ram|4x32ram:inst4|4x4ram:inst5|memory_cell:inst14 ; work         ;
;          |memory_cell:inst15| ; 1 (1)             ; 1 (1)        ; 0           ; 0            ; 0       ; 0         ; 0    ; 0            ; |ram|4x32ram:inst4|4x4ram:inst5|memory_cell:inst15 ; work         ;
;          |memory_cell:inst16| ; 1 (1)             ; 1 (1)        ; 0           ; 0            ; 0       ; 0         ; 0    ; 0            ; |ram|4x32ram:inst4|4x4ram:inst5|memory_cell:inst16 ; work         ;
;          |memory_cell:inst1|  ; 1 (1)             ; 1 (1)        ; 0           ; 0            ; 0       ; 0         ; 0    ; 0            ; |ram|4x32ram:inst4|4x4ram:inst5|memory_cell:inst1  ; work         ;
;          |memory_cell:inst2|  ; 1 (1)             ; 1 (1)        ; 0           ; 0            ; 0       ; 0         ; 0    ; 0            ; |ram|4x32ram:inst4|4x4ram:inst5|memory_cell:inst2  ; work         ;
;          |memory_cell:inst3|  ; 1 (1)             ; 1 (1)        ; 0           ; 0            ; 0       ; 0         ; 0    ; 0            ; |ram|4x32ram:inst4|4x4ram:inst5|memory_cell:inst3  ; work         ;
;          |memory_cell:inst4|  ; 1 (1)             ; 1 (1)        ; 0           ; 0            ; 0       ; 0         ; 0    ; 0            ; |ram|4x32ram:inst4|4x4ram:inst5|memory_cell:inst4  ; work         ;
;          |memory_cell:inst5|  ; 1 (1)             ; 1 (1)        ; 0           ; 0            ; 0       ; 0         ; 0    ; 0            ; |ram|4x32ram:inst4|4x4ram:inst5|memory_cell:inst5  ; work         ;
;          |memory_cell:inst6|  ; 1 (1)             ; 1 (1)        ; 0           ; 0            ; 0       ; 0         ; 0    ; 0            ; |ram|4x32ram:inst4|4x4ram:inst5|memory_cell:inst6  ; work         ;
;          |memory_cell:inst7|  ; 1 (1)             ; 1 (1)        ; 0           ; 0            ; 0       ; 0         ; 0    ; 0            ; |ram|4x32ram:inst4|4x4ram:inst5|memory_cell:inst7  ; work         ;
;          |memory_cell:inst8|  ; 1 (1)             ; 1 (1)        ; 0           ; 0            ; 0       ; 0         ; 0    ; 0            ; |ram|4x32ram:inst4|4x4ram:inst5|memory_cell:inst8  ; work         ;
;          |memory_cell:inst9|  ; 1 (1)             ; 1 (1)        ; 0           ; 0            ; 0       ; 0         ; 0    ; 0            ; |ram|4x32ram:inst4|4x4ram:inst5|memory_cell:inst9  ; work         ;
;       |4x4ram:inst6|          ; 28 (12)           ; 16 (0)       ; 0           ; 0            ; 0       ; 0         ; 0    ; 0            ; |ram|4x32ram:inst4|4x4ram:inst6                    ; work         ;
;          |memory_cell:inst10| ; 1 (1)             ; 1 (1)        ; 0           ; 0            ; 0       ; 0         ; 0    ; 0            ; |ram|4x32ram:inst4|4x4ram:inst6|memory_cell:inst10 ; work         ;
;          |memory_cell:inst11| ; 1 (1)             ; 1 (1)        ; 0           ; 0            ; 0       ; 0         ; 0    ; 0            ; |ram|4x32ram:inst4|4x4ram:inst6|memory_cell:inst11 ; work         ;
;          |memory_cell:inst12| ; 1 (1)             ; 1 (1)        ; 0           ; 0            ; 0       ; 0         ; 0    ; 0            ; |ram|4x32ram:inst4|4x4ram:inst6|memory_cell:inst12 ; work         ;
;          |memory_cell:inst13| ; 1 (1)             ; 1 (1)        ; 0           ; 0            ; 0       ; 0         ; 0    ; 0            ; |ram|4x32ram:inst4|4x4ram:inst6|memory_cell:inst13 ; work         ;
;          |memory_cell:inst14| ; 1 (1)             ; 1 (1)        ; 0           ; 0            ; 0       ; 0         ; 0    ; 0            ; |ram|4x32ram:inst4|4x4ram:inst6|memory_cell:inst14 ; work         ;
;          |memory_cell:inst15| ; 1 (1)             ; 1 (1)        ; 0           ; 0            ; 0       ; 0         ; 0    ; 0            ; |ram|4x32ram:inst4|4x4ram:inst6|memory_cell:inst15 ; work         ;
;          |memory_cell:inst16| ; 1 (1)             ; 1 (1)        ; 0           ; 0            ; 0       ; 0         ; 0    ; 0            ; |ram|4x32ram:inst4|4x4ram:inst6|memory_cell:inst16 ; work         ;
;          |memory_cell:inst1|  ; 1 (1)             ; 1 (1)        ; 0           ; 0            ; 0       ; 0         ; 0    ; 0            ; |ram|4x32ram:inst4|4x4ram:inst6|memory_cell:inst1  ; work         ;
;          |memory_cell:inst2|  ; 1 (1)             ; 1 (1)        ; 0           ; 0            ; 0       ; 0         ; 0    ; 0            ; |ram|4x32ram:inst4|4x4ram:inst6|memory_cell:inst2  ; work         ;
;          |memory_cell:inst3|  ; 1 (1)             ; 1 (1)        ; 0           ; 0            ; 0       ; 0         ; 0    ; 0            ; |ram|4x32ram:inst4|4x4ram:inst6|memory_cell:inst3  ; work         ;
;          |memory_cell:inst4|  ; 1 (1)             ; 1 (1)        ; 0           ; 0            ; 0       ; 0         ; 0    ; 0            ; |ram|4x32ram:inst4|4x4ram:inst6|memory_cell:inst4  ; work         ;
;          |memory_cell:inst5|  ; 1 (1)             ; 1 (1)        ; 0           ; 0            ; 0       ; 0         ; 0    ; 0            ; |ram|4x32ram:inst4|4x4ram:inst6|memory_cell:inst5  ; work         ;
;          |memory_cell:inst6|  ; 1 (1)             ; 1 (1)        ; 0           ; 0            ; 0       ; 0         ; 0    ; 0            ; |ram|4x32ram:inst4|4x4ram:inst6|memory_cell:inst6  ; work         ;
;          |memory_cell:inst7|  ; 1 (1)             ; 1 (1)        ; 0           ; 0            ; 0       ; 0         ; 0    ; 0            ; |ram|4x32ram:inst4|4x4ram:inst6|memory_cell:inst7  ; work         ;
;          |memory_cell:inst8|  ; 1 (1)             ; 1 (1)        ; 0           ; 0            ; 0       ; 0         ; 0    ; 0            ; |ram|4x32ram:inst4|4x4ram:inst6|memory_cell:inst8  ; work         ;
;          |memory_cell:inst9|  ; 1 (1)             ; 1 (1)        ; 0           ; 0            ; 0       ; 0         ; 0    ; 0            ; |ram|4x32ram:inst4|4x4ram:inst6|memory_cell:inst9  ; work         ;
;       |4x4ram:inst7|          ; 28 (12)           ; 16 (0)       ; 0           ; 0            ; 0       ; 0         ; 0    ; 0            ; |ram|4x32ram:inst4|4x4ram:inst7                    ; work         ;
;          |memory_cell:inst10| ; 1 (1)             ; 1 (1)        ; 0           ; 0            ; 0       ; 0         ; 0    ; 0            ; |ram|4x32ram:inst4|4x4ram:inst7|memory_cell:inst10 ; work         ;
;          |memory_cell:inst11| ; 1 (1)             ; 1 (1)        ; 0           ; 0            ; 0       ; 0         ; 0    ; 0            ; |ram|4x32ram:inst4|4x4ram:inst7|memory_cell:inst11 ; work         ;
;          |memory_cell:inst12| ; 1 (1)             ; 1 (1)        ; 0           ; 0            ; 0       ; 0         ; 0    ; 0            ; |ram|4x32ram:inst4|4x4ram:inst7|memory_cell:inst12 ; work         ;
;          |memory_cell:inst13| ; 1 (1)             ; 1 (1)        ; 0           ; 0            ; 0       ; 0         ; 0    ; 0            ; |ram|4x32ram:inst4|4x4ram:inst7|memory_cell:inst13 ; work         ;
;          |memory_cell:inst14| ; 1 (1)             ; 1 (1)        ; 0           ; 0            ; 0       ; 0         ; 0    ; 0            ; |ram|4x32ram:inst4|4x4ram:inst7|memory_cell:inst14 ; work         ;
;          |memory_cell:inst15| ; 1 (1)             ; 1 (1)        ; 0           ; 0            ; 0       ; 0         ; 0    ; 0            ; |ram|4x32ram:inst4|4x4ram:inst7|memory_cell:inst15 ; work         ;
;          |memory_cell:inst16| ; 1 (1)             ; 1 (1)        ; 0           ; 0            ; 0       ; 0         ; 0    ; 0            ; |ram|4x32ram:inst4|4x4ram:inst7|memory_cell:inst16 ; work         ;
;          |memory_cell:inst1|  ; 1 (1)             ; 1 (1)        ; 0           ; 0            ; 0       ; 0         ; 0    ; 0            ; |ram|4x32ram:inst4|4x4ram:inst7|memory_cell:inst1  ; work         ;
;          |memory_cell:inst2|  ; 1 (1)             ; 1 (1)        ; 0           ; 0            ; 0       ; 0         ; 0    ; 0            ; |ram|4x32ram:inst4|4x4ram:inst7|memory_cell:inst2  ; work         ;
;          |memory_cell:inst3|  ; 1 (1)             ; 1 (1)        ; 0           ; 0            ; 0       ; 0         ; 0    ; 0            ; |ram|4x32ram:inst4|4x4ram:inst7|memory_cell:inst3  ; work         ;
;          |memory_cell:inst4|  ; 1 (1)             ; 1 (1)        ; 0           ; 0            ; 0       ; 0         ; 0    ; 0            ; |ram|4x32ram:inst4|4x4ram:inst7|memory_cell:inst4  ; work         ;
;          |memory_cell:inst5|  ; 1 (1)             ; 1 (1)        ; 0           ; 0            ; 0       ; 0         ; 0    ; 0            ; |ram|4x32ram:inst4|4x4ram:inst7|memory_cell:inst5  ; work         ;
;          |memory_cell:inst6|  ; 1 (1)             ; 1 (1)        ; 0           ; 0            ; 0       ; 0         ; 0    ; 0            ; |ram|4x32ram:inst4|4x4ram:inst7|memory_cell:inst6  ; work         ;
;          |memory_cell:inst7|  ; 1 (1)             ; 1 (1)        ; 0           ; 0            ; 0       ; 0         ; 0    ; 0            ; |ram|4x32ram:inst4|4x4ram:inst7|memory_cell:inst7  ; work         ;
;          |memory_cell:inst8|  ; 1 (1)             ; 1 (1)        ; 0           ; 0            ; 0       ; 0         ; 0    ; 0            ; |ram|4x32ram:inst4|4x4ram:inst7|memory_cell:inst8  ; work         ;
;          |memory_cell:inst9|  ; 1 (1)             ; 1 (1)        ; 0           ; 0            ; 0       ; 0         ; 0    ; 0            ; |ram|4x32ram:inst4|4x4ram:inst7|memory_cell:inst9  ; work         ;
;       |4x4ram:inst8|          ; 28 (12)           ; 16 (0)       ; 0           ; 0            ; 0       ; 0         ; 0    ; 0            ; |ram|4x32ram:inst4|4x4ram:inst8                    ; work         ;
;          |memory_cell:inst10| ; 1 (1)             ; 1 (1)        ; 0           ; 0            ; 0       ; 0         ; 0    ; 0            ; |ram|4x32ram:inst4|4x4ram:inst8|memory_cell:inst10 ; work         ;
;          |memory_cell:inst11| ; 1 (1)             ; 1 (1)        ; 0           ; 0            ; 0       ; 0         ; 0    ; 0            ; |ram|4x32ram:inst4|4x4ram:inst8|memory_cell:inst11 ; work         ;
;          |memory_cell:inst12| ; 1 (1)             ; 1 (1)        ; 0           ; 0            ; 0       ; 0         ; 0    ; 0            ; |ram|4x32ram:inst4|4x4ram:inst8|memory_cell:inst12 ; work         ;
;          |memory_cell:inst13| ; 1 (1)             ; 1 (1)        ; 0           ; 0            ; 0       ; 0         ; 0    ; 0            ; |ram|4x32ram:inst4|4x4ram:inst8|memory_cell:inst13 ; work         ;
;          |memory_cell:inst14| ; 1 (1)             ; 1 (1)        ; 0           ; 0            ; 0       ; 0         ; 0    ; 0            ; |ram|4x32ram:inst4|4x4ram:inst8|memory_cell:inst14 ; work         ;
;          |memory_cell:inst15| ; 1 (1)             ; 1 (1)        ; 0           ; 0            ; 0       ; 0         ; 0    ; 0            ; |ram|4x32ram:inst4|4x4ram:inst8|memory_cell:inst15 ; work         ;
;          |memory_cell:inst16| ; 1 (1)             ; 1 (1)        ; 0           ; 0            ; 0       ; 0         ; 0    ; 0            ; |ram|4x32ram:inst4|4x4ram:inst8|memory_cell:inst16 ; work         ;
;          |memory_cell:inst1|  ; 1 (1)             ; 1 (1)        ; 0           ; 0            ; 0       ; 0         ; 0    ; 0            ; |ram|4x32ram:inst4|4x4ram:inst8|memory_cell:inst1  ; work         ;
;          |memory_cell:inst2|  ; 1 (1)             ; 1 (1)        ; 0           ; 0            ; 0       ; 0         ; 0    ; 0            ; |ram|4x32ram:inst4|4x4ram:inst8|memory_cell:inst2  ; work         ;
;          |memory_cell:inst3|  ; 1 (1)             ; 1 (1)        ; 0           ; 0            ; 0       ; 0         ; 0    ; 0            ; |ram|4x32ram:inst4|4x4ram:inst8|memory_cell:inst3  ; work         ;
;          |memory_cell:inst4|  ; 1 (1)             ; 1 (1)        ; 0           ; 0            ; 0       ; 0         ; 0    ; 0            ; |ram|4x32ram:inst4|4x4ram:inst8|memory_cell:inst4  ; work         ;
;          |memory_cell:inst5|  ; 1 (1)             ; 1 (1)        ; 0           ; 0            ; 0       ; 0         ; 0    ; 0            ; |ram|4x32ram:inst4|4x4ram:inst8|memory_cell:inst5  ; work         ;
;          |memory_cell:inst6|  ; 1 (1)             ; 1 (1)        ; 0           ; 0            ; 0       ; 0         ; 0    ; 0            ; |ram|4x32ram:inst4|4x4ram:inst8|memory_cell:inst6  ; work         ;
;          |memory_cell:inst7|  ; 1 (1)             ; 1 (1)        ; 0           ; 0            ; 0       ; 0         ; 0    ; 0            ; |ram|4x32ram:inst4|4x4ram:inst8|memory_cell:inst7  ; work         ;
;          |memory_cell:inst8|  ; 1 (1)             ; 1 (1)        ; 0           ; 0            ; 0       ; 0         ; 0    ; 0            ; |ram|4x32ram:inst4|4x4ram:inst8|memory_cell:inst8  ; work         ;
;          |memory_cell:inst9|  ; 1 (1)             ; 1 (1)        ; 0           ; 0            ; 0       ; 0         ; 0    ; 0            ; |ram|4x32ram:inst4|4x4ram:inst8|memory_cell:inst9  ; work         ;
;       |4x4ram:inst|           ; 29 (13)           ; 16 (0)       ; 0           ; 0            ; 0       ; 0         ; 0    ; 0            ; |ram|4x32ram:inst4|4x4ram:inst                     ; work         ;
;          |memory_cell:inst10| ; 1 (1)             ; 1 (1)        ; 0           ; 0            ; 0       ; 0         ; 0    ; 0            ; |ram|4x32ram:inst4|4x4ram:inst|memory_cell:inst10  ; work         ;
;          |memory_cell:inst11| ; 1 (1)             ; 1 (1)        ; 0           ; 0            ; 0       ; 0         ; 0    ; 0            ; |ram|4x32ram:inst4|4x4ram:inst|memory_cell:inst11  ; work         ;
;          |memory_cell:inst12| ; 1 (1)             ; 1 (1)        ; 0           ; 0            ; 0       ; 0         ; 0    ; 0            ; |ram|4x32ram:inst4|4x4ram:inst|memory_cell:inst12  ; work         ;
;          |memory_cell:inst13| ; 1 (1)             ; 1 (1)        ; 0           ; 0            ; 0       ; 0         ; 0    ; 0            ; |ram|4x32ram:inst4|4x4ram:inst|memory_cell:inst13  ; work         ;
;          |memory_cell:inst14| ; 1 (1)             ; 1 (1)        ; 0           ; 0            ; 0       ; 0         ; 0    ; 0            ; |ram|4x32ram:inst4|4x4ram:inst|memory_cell:inst14  ; work         ;
;          |memory_cell:inst15| ; 1 (1)             ; 1 (1)        ; 0           ; 0            ; 0       ; 0         ; 0    ; 0            ; |ram|4x32ram:inst4|4x4ram:inst|memory_cell:inst15  ; work         ;
;          |memory_cell:inst16| ; 1 (1)             ; 1 (1)        ; 0           ; 0            ; 0       ; 0         ; 0    ; 0            ; |ram|4x32ram:inst4|4x4ram:inst|memory_cell:inst16  ; work         ;
;          |memory_cell:inst1|  ; 1 (1)             ; 1 (1)        ; 0           ; 0            ; 0       ; 0         ; 0    ; 0            ; |ram|4x32ram:inst4|4x4ram:inst|memory_cell:inst1   ; work         ;
;          |memory_cell:inst2|  ; 1 (1)             ; 1 (1)        ; 0           ; 0            ; 0       ; 0         ; 0    ; 0            ; |ram|4x32ram:inst4|4x4ram:inst|memory_cell:inst2   ; work         ;
;          |memory_cell:inst3|  ; 1 (1)             ; 1 (1)        ; 0           ; 0            ; 0       ; 0         ; 0    ; 0            ; |ram|4x32ram:inst4|4x4ram:inst|memory_cell:inst3   ; work         ;
;          |memory_cell:inst4|  ; 1 (1)             ; 1 (1)        ; 0           ; 0            ; 0       ; 0         ; 0    ; 0            ; |ram|4x32ram:inst4|4x4ram:inst|memory_cell:inst4   ; work         ;
;          |memory_cell:inst5|  ; 1 (1)             ; 1 (1)        ; 0           ; 0            ; 0       ; 0         ; 0    ; 0            ; |ram|4x32ram:inst4|4x4ram:inst|memory_cell:inst5   ; work         ;
;          |memory_cell:inst6|  ; 1 (1)             ; 1 (1)        ; 0           ; 0            ; 0       ; 0         ; 0    ; 0            ; |ram|4x32ram:inst4|4x4ram:inst|memory_cell:inst6   ; work         ;
;          |memory_cell:inst7|  ; 1 (1)             ; 1 (1)        ; 0           ; 0            ; 0       ; 0         ; 0    ; 0            ; |ram|4x32ram:inst4|4x4ram:inst|memory_cell:inst7   ; work         ;
;          |memory_cell:inst8|  ; 1 (1)             ; 1 (1)        ; 0           ; 0            ; 0       ; 0         ; 0    ; 0            ; |ram|4x32ram:inst4|4x4ram:inst|memory_cell:inst8   ; work         ;
;          |memory_cell:inst9|  ; 1 (1)             ; 1 (1)        ; 0           ; 0            ; 0       ; 0         ; 0    ; 0            ; |ram|4x32ram:inst4|4x4ram:inst|memory_cell:inst9   ; work         ;
;    |4x32ram:inst5|            ; 193 (0)           ; 128 (0)      ; 0           ; 0            ; 0       ; 0         ; 0    ; 0            ; |ram|4x32ram:inst5                                 ; work         ;
;       |4x4ram:inst1|          ; 24 (8)            ; 16 (0)       ; 0           ; 0            ; 0       ; 0         ; 0    ; 0            ; |ram|4x32ram:inst5|4x4ram:inst1                    ; work         ;
;          |memory_cell:inst10| ; 1 (1)             ; 1 (1)        ; 0           ; 0            ; 0       ; 0         ; 0    ; 0            ; |ram|4x32ram:inst5|4x4ram:inst1|memory_cell:inst10 ; work         ;
;          |memory_cell:inst11| ; 1 (1)             ; 1 (1)        ; 0           ; 0            ; 0       ; 0         ; 0    ; 0            ; |ram|4x32ram:inst5|4x4ram:inst1|memory_cell:inst11 ; work         ;
;          |memory_cell:inst12| ; 1 (1)             ; 1 (1)        ; 0           ; 0            ; 0       ; 0         ; 0    ; 0            ; |ram|4x32ram:inst5|4x4ram:inst1|memory_cell:inst12 ; work         ;
;          |memory_cell:inst13| ; 1 (1)             ; 1 (1)        ; 0           ; 0            ; 0       ; 0         ; 0    ; 0            ; |ram|4x32ram:inst5|4x4ram:inst1|memory_cell:inst13 ; work         ;
;          |memory_cell:inst14| ; 1 (1)             ; 1 (1)        ; 0           ; 0            ; 0       ; 0         ; 0    ; 0            ; |ram|4x32ram:inst5|4x4ram:inst1|memory_cell:inst14 ; work         ;
;          |memory_cell:inst15| ; 1 (1)             ; 1 (1)        ; 0           ; 0            ; 0       ; 0         ; 0    ; 0            ; |ram|4x32ram:inst5|4x4ram:inst1|memory_cell:inst15 ; work         ;
;          |memory_cell:inst16| ; 1 (1)             ; 1 (1)        ; 0           ; 0            ; 0       ; 0         ; 0    ; 0            ; |ram|4x32ram:inst5|4x4ram:inst1|memory_cell:inst16 ; work         ;
;          |memory_cell:inst1|  ; 1 (1)             ; 1 (1)        ; 0           ; 0            ; 0       ; 0         ; 0    ; 0            ; |ram|4x32ram:inst5|4x4ram:inst1|memory_cell:inst1  ; work         ;
;          |memory_cell:inst2|  ; 1 (1)             ; 1 (1)        ; 0           ; 0            ; 0       ; 0         ; 0    ; 0            ; |ram|4x32ram:inst5|4x4ram:inst1|memory_cell:inst2  ; work         ;
;          |memory_cell:inst3|  ; 1 (1)             ; 1 (1)        ; 0           ; 0            ; 0       ; 0         ; 0    ; 0            ; |ram|4x32ram:inst5|4x4ram:inst1|memory_cell:inst3  ; work         ;
;          |memory_cell:inst4|  ; 1 (1)             ; 1 (1)        ; 0           ; 0            ; 0       ; 0         ; 0    ; 0            ; |ram|4x32ram:inst5|4x4ram:inst1|memory_cell:inst4  ; work         ;
;          |memory_cell:inst5|  ; 1 (1)             ; 1 (1)        ; 0           ; 0            ; 0       ; 0         ; 0    ; 0            ; |ram|4x32ram:inst5|4x4ram:inst1|memory_cell:inst5  ; work         ;
;          |memory_cell:inst6|  ; 1 (1)             ; 1 (1)        ; 0           ; 0            ; 0       ; 0         ; 0    ; 0            ; |ram|4x32ram:inst5|4x4ram:inst1|memory_cell:inst6  ; work         ;
;          |memory_cell:inst7|  ; 1 (1)             ; 1 (1)        ; 0           ; 0            ; 0       ; 0         ; 0    ; 0            ; |ram|4x32ram:inst5|4x4ram:inst1|memory_cell:inst7  ; work         ;
;          |memory_cell:inst8|  ; 1 (1)             ; 1 (1)        ; 0           ; 0            ; 0       ; 0         ; 0    ; 0            ; |ram|4x32ram:inst5|4x4ram:inst1|memory_cell:inst8  ; work         ;
;          |memory_cell:inst9|  ; 1 (1)             ; 1 (1)        ; 0           ; 0            ; 0       ; 0         ; 0    ; 0            ; |ram|4x32ram:inst5|4x4ram:inst1|memory_cell:inst9  ; work         ;
;       |4x4ram:inst3|          ; 24 (8)            ; 16 (0)       ; 0           ; 0            ; 0       ; 0         ; 0    ; 0            ; |ram|4x32ram:inst5|4x4ram:inst3                    ; work         ;
;          |memory_cell:inst10| ; 1 (1)             ; 1 (1)        ; 0           ; 0            ; 0       ; 0         ; 0    ; 0            ; |ram|4x32ram:inst5|4x4ram:inst3|memory_cell:inst10 ; work         ;
;          |memory_cell:inst11| ; 1 (1)             ; 1 (1)        ; 0           ; 0            ; 0       ; 0         ; 0    ; 0            ; |ram|4x32ram:inst5|4x4ram:inst3|memory_cell:inst11 ; work         ;
;          |memory_cell:inst12| ; 1 (1)             ; 1 (1)        ; 0           ; 0            ; 0       ; 0         ; 0    ; 0            ; |ram|4x32ram:inst5|4x4ram:inst3|memory_cell:inst12 ; work         ;
;          |memory_cell:inst13| ; 1 (1)             ; 1 (1)        ; 0           ; 0            ; 0       ; 0         ; 0    ; 0            ; |ram|4x32ram:inst5|4x4ram:inst3|memory_cell:inst13 ; work         ;
;          |memory_cell:inst14| ; 1 (1)             ; 1 (1)        ; 0           ; 0            ; 0       ; 0         ; 0    ; 0            ; |ram|4x32ram:inst5|4x4ram:inst3|memory_cell:inst14 ; work         ;
;          |memory_cell:inst15| ; 1 (1)             ; 1 (1)        ; 0           ; 0            ; 0       ; 0         ; 0    ; 0            ; |ram|4x32ram:inst5|4x4ram:inst3|memory_cell:inst15 ; work         ;
;          |memory_cell:inst16| ; 1 (1)             ; 1 (1)        ; 0           ; 0            ; 0       ; 0         ; 0    ; 0            ; |ram|4x32ram:inst5|4x4ram:inst3|memory_cell:inst16 ; work         ;
;          |memory_cell:inst1|  ; 1 (1)             ; 1 (1)        ; 0           ; 0            ; 0       ; 0         ; 0    ; 0            ; |ram|4x32ram:inst5|4x4ram:inst3|memory_cell:inst1  ; work         ;
;          |memory_cell:inst2|  ; 1 (1)             ; 1 (1)        ; 0           ; 0            ; 0       ; 0         ; 0    ; 0            ; |ram|4x32ram:inst5|4x4ram:inst3|memory_cell:inst2  ; work         ;
;          |memory_cell:inst3|  ; 1 (1)             ; 1 (1)        ; 0           ; 0            ; 0       ; 0         ; 0    ; 0            ; |ram|4x32ram:inst5|4x4ram:inst3|memory_cell:inst3  ; work         ;
;          |memory_cell:inst4|  ; 1 (1)             ; 1 (1)        ; 0           ; 0            ; 0       ; 0         ; 0    ; 0            ; |ram|4x32ram:inst5|4x4ram:inst3|memory_cell:inst4  ; work         ;
;          |memory_cell:inst5|  ; 1 (1)             ; 1 (1)        ; 0           ; 0            ; 0       ; 0         ; 0    ; 0            ; |ram|4x32ram:inst5|4x4ram:inst3|memory_cell:inst5  ; work         ;
;          |memory_cell:inst6|  ; 1 (1)             ; 1 (1)        ; 0           ; 0            ; 0       ; 0         ; 0    ; 0            ; |ram|4x32ram:inst5|4x4ram:inst3|memory_cell:inst6  ; work         ;
;          |memory_cell:inst7|  ; 1 (1)             ; 1 (1)        ; 0           ; 0            ; 0       ; 0         ; 0    ; 0            ; |ram|4x32ram:inst5|4x4ram:inst3|memory_cell:inst7  ; work         ;
;          |memory_cell:inst8|  ; 1 (1)             ; 1 (1)        ; 0           ; 0            ; 0       ; 0         ; 0    ; 0            ; |ram|4x32ram:inst5|4x4ram:inst3|memory_cell:inst8  ; work         ;
;          |memory_cell:inst9|  ; 1 (1)             ; 1 (1)        ; 0           ; 0            ; 0       ; 0         ; 0    ; 0            ; |ram|4x32ram:inst5|4x4ram:inst3|memory_cell:inst9  ; work         ;
;       |4x4ram:inst4|          ; 24 (8)            ; 16 (0)       ; 0           ; 0            ; 0       ; 0         ; 0    ; 0            ; |ram|4x32ram:inst5|4x4ram:inst4                    ; work         ;
;          |memory_cell:inst10| ; 1 (1)             ; 1 (1)        ; 0           ; 0            ; 0       ; 0         ; 0    ; 0            ; |ram|4x32ram:inst5|4x4ram:inst4|memory_cell:inst10 ; work         ;
;          |memory_cell:inst11| ; 1 (1)             ; 1 (1)        ; 0           ; 0            ; 0       ; 0         ; 0    ; 0            ; |ram|4x32ram:inst5|4x4ram:inst4|memory_cell:inst11 ; work         ;
;          |memory_cell:inst12| ; 1 (1)             ; 1 (1)        ; 0           ; 0            ; 0       ; 0         ; 0    ; 0            ; |ram|4x32ram:inst5|4x4ram:inst4|memory_cell:inst12 ; work         ;
;          |memory_cell:inst13| ; 1 (1)             ; 1 (1)        ; 0           ; 0            ; 0       ; 0         ; 0    ; 0            ; |ram|4x32ram:inst5|4x4ram:inst4|memory_cell:inst13 ; work         ;
;          |memory_cell:inst14| ; 1 (1)             ; 1 (1)        ; 0           ; 0            ; 0       ; 0         ; 0    ; 0            ; |ram|4x32ram:inst5|4x4ram:inst4|memory_cell:inst14 ; work         ;
;          |memory_cell:inst15| ; 1 (1)             ; 1 (1)        ; 0           ; 0            ; 0       ; 0         ; 0    ; 0            ; |ram|4x32ram:inst5|4x4ram:inst4|memory_cell:inst15 ; work         ;
;          |memory_cell:inst16| ; 1 (1)             ; 1 (1)        ; 0           ; 0            ; 0       ; 0         ; 0    ; 0            ; |ram|4x32ram:inst5|4x4ram:inst4|memory_cell:inst16 ; work         ;
;          |memory_cell:inst1|  ; 1 (1)             ; 1 (1)        ; 0           ; 0            ; 0       ; 0         ; 0    ; 0            ; |ram|4x32ram:inst5|4x4ram:inst4|memory_cell:inst1  ; work         ;
;          |memory_cell:inst2|  ; 1 (1)             ; 1 (1)        ; 0           ; 0            ; 0       ; 0         ; 0    ; 0            ; |ram|4x32ram:inst5|4x4ram:inst4|memory_cell:inst2  ; work         ;
;          |memory_cell:inst3|  ; 1 (1)             ; 1 (1)        ; 0           ; 0            ; 0       ; 0         ; 0    ; 0            ; |ram|4x32ram:inst5|4x4ram:inst4|memory_cell:inst3  ; work         ;
;          |memory_cell:inst4|  ; 1 (1)             ; 1 (1)        ; 0           ; 0            ; 0       ; 0         ; 0    ; 0            ; |ram|4x32ram:inst5|4x4ram:inst4|memory_cell:inst4  ; work         ;
;          |memory_cell:inst5|  ; 1 (1)             ; 1 (1)        ; 0           ; 0            ; 0       ; 0         ; 0    ; 0            ; |ram|4x32ram:inst5|4x4ram:inst4|memory_cell:inst5  ; work         ;
;          |memory_cell:inst6|  ; 1 (1)             ; 1 (1)        ; 0           ; 0            ; 0       ; 0         ; 0    ; 0            ; |ram|4x32ram:inst5|4x4ram:inst4|memory_cell:inst6  ; work         ;
;          |memory_cell:inst7|  ; 1 (1)             ; 1 (1)        ; 0           ; 0            ; 0       ; 0         ; 0    ; 0            ; |ram|4x32ram:inst5|4x4ram:inst4|memory_cell:inst7  ; work         ;
;          |memory_cell:inst8|  ; 1 (1)             ; 1 (1)        ; 0           ; 0            ; 0       ; 0         ; 0    ; 0            ; |ram|4x32ram:inst5|4x4ram:inst4|memory_cell:inst8  ; work         ;
;          |memory_cell:inst9|  ; 1 (1)             ; 1 (1)        ; 0           ; 0            ; 0       ; 0         ; 0    ; 0            ; |ram|4x32ram:inst5|4x4ram:inst4|memory_cell:inst9  ; work         ;
;       |4x4ram:inst5|          ; 24 (8)            ; 16 (0)       ; 0           ; 0            ; 0       ; 0         ; 0    ; 0            ; |ram|4x32ram:inst5|4x4ram:inst5                    ; work         ;
;          |memory_cell:inst10| ; 1 (1)             ; 1 (1)        ; 0           ; 0            ; 0       ; 0         ; 0    ; 0            ; |ram|4x32ram:inst5|4x4ram:inst5|memory_cell:inst10 ; work         ;
;          |memory_cell:inst11| ; 1 (1)             ; 1 (1)        ; 0           ; 0            ; 0       ; 0         ; 0    ; 0            ; |ram|4x32ram:inst5|4x4ram:inst5|memory_cell:inst11 ; work         ;
;          |memory_cell:inst12| ; 1 (1)             ; 1 (1)        ; 0           ; 0            ; 0       ; 0         ; 0    ; 0            ; |ram|4x32ram:inst5|4x4ram:inst5|memory_cell:inst12 ; work         ;
;          |memory_cell:inst13| ; 1 (1)             ; 1 (1)        ; 0           ; 0            ; 0       ; 0         ; 0    ; 0            ; |ram|4x32ram:inst5|4x4ram:inst5|memory_cell:inst13 ; work         ;
;          |memory_cell:inst14| ; 1 (1)             ; 1 (1)        ; 0           ; 0            ; 0       ; 0         ; 0    ; 0            ; |ram|4x32ram:inst5|4x4ram:inst5|memory_cell:inst14 ; work         ;
;          |memory_cell:inst15| ; 1 (1)             ; 1 (1)        ; 0           ; 0            ; 0       ; 0         ; 0    ; 0            ; |ram|4x32ram:inst5|4x4ram:inst5|memory_cell:inst15 ; work         ;
;          |memory_cell:inst16| ; 1 (1)             ; 1 (1)        ; 0           ; 0            ; 0       ; 0         ; 0    ; 0            ; |ram|4x32ram:inst5|4x4ram:inst5|memory_cell:inst16 ; work         ;
;          |memory_cell:inst1|  ; 1 (1)             ; 1 (1)        ; 0           ; 0            ; 0       ; 0         ; 0    ; 0            ; |ram|4x32ram:inst5|4x4ram:inst5|memory_cell:inst1  ; work         ;
;          |memory_cell:inst2|  ; 1 (1)             ; 1 (1)        ; 0           ; 0            ; 0       ; 0         ; 0    ; 0            ; |ram|4x32ram:inst5|4x4ram:inst5|memory_cell:inst2  ; work         ;
;          |memory_cell:inst3|  ; 1 (1)             ; 1 (1)        ; 0           ; 0            ; 0       ; 0         ; 0    ; 0            ; |ram|4x32ram:inst5|4x4ram:inst5|memory_cell:inst3  ; work         ;
;          |memory_cell:inst4|  ; 1 (1)             ; 1 (1)        ; 0           ; 0            ; 0       ; 0         ; 0    ; 0            ; |ram|4x32ram:inst5|4x4ram:inst5|memory_cell:inst4  ; work         ;
;          |memory_cell:inst5|  ; 1 (1)             ; 1 (1)        ; 0           ; 0            ; 0       ; 0         ; 0    ; 0            ; |ram|4x32ram:inst5|4x4ram:inst5|memory_cell:inst5  ; work         ;
;          |memory_cell:inst6|  ; 1 (1)             ; 1 (1)        ; 0           ; 0            ; 0       ; 0         ; 0    ; 0            ; |ram|4x32ram:inst5|4x4ram:inst5|memory_cell:inst6  ; work         ;
;          |memory_cell:inst7|  ; 1 (1)             ; 1 (1)        ; 0           ; 0            ; 0       ; 0         ; 0    ; 0            ; |ram|4x32ram:inst5|4x4ram:inst5|memory_cell:inst7  ; work         ;
;          |memory_cell:inst8|  ; 1 (1)             ; 1 (1)        ; 0           ; 0            ; 0       ; 0         ; 0    ; 0            ; |ram|4x32ram:inst5|4x4ram:inst5|memory_cell:inst8  ; work         ;
;          |memory_cell:inst9|  ; 1 (1)             ; 1 (1)        ; 0           ; 0            ; 0       ; 0         ; 0    ; 0            ; |ram|4x32ram:inst5|4x4ram:inst5|memory_cell:inst9  ; work         ;
;       |4x4ram:inst6|          ; 24 (8)            ; 16 (0)       ; 0           ; 0            ; 0       ; 0         ; 0    ; 0            ; |ram|4x32ram:inst5|4x4ram:inst6                    ; work         ;
;          |memory_cell:inst10| ; 1 (1)             ; 1 (1)        ; 0           ; 0            ; 0       ; 0         ; 0    ; 0            ; |ram|4x32ram:inst5|4x4ram:inst6|memory_cell:inst10 ; work         ;
;          |memory_cell:inst11| ; 1 (1)             ; 1 (1)        ; 0           ; 0            ; 0       ; 0         ; 0    ; 0            ; |ram|4x32ram:inst5|4x4ram:inst6|memory_cell:inst11 ; work         ;
;          |memory_cell:inst12| ; 1 (1)             ; 1 (1)        ; 0           ; 0            ; 0       ; 0         ; 0    ; 0            ; |ram|4x32ram:inst5|4x4ram:inst6|memory_cell:inst12 ; work         ;
;          |memory_cell:inst13| ; 1 (1)             ; 1 (1)        ; 0           ; 0            ; 0       ; 0         ; 0    ; 0            ; |ram|4x32ram:inst5|4x4ram:inst6|memory_cell:inst13 ; work         ;
;          |memory_cell:inst14| ; 1 (1)             ; 1 (1)        ; 0           ; 0            ; 0       ; 0         ; 0    ; 0            ; |ram|4x32ram:inst5|4x4ram:inst6|memory_cell:inst14 ; work         ;
;          |memory_cell:inst15| ; 1 (1)             ; 1 (1)        ; 0           ; 0            ; 0       ; 0         ; 0    ; 0            ; |ram|4x32ram:inst5|4x4ram:inst6|memory_cell:inst15 ; work         ;
;          |memory_cell:inst16| ; 1 (1)             ; 1 (1)        ; 0           ; 0            ; 0       ; 0         ; 0    ; 0            ; |ram|4x32ram:inst5|4x4ram:inst6|memory_cell:inst16 ; work         ;
;          |memory_cell:inst1|  ; 1 (1)             ; 1 (1)        ; 0           ; 0            ; 0       ; 0         ; 0    ; 0            ; |ram|4x32ram:inst5|4x4ram:inst6|memory_cell:inst1  ; work         ;
;          |memory_cell:inst2|  ; 1 (1)             ; 1 (1)        ; 0           ; 0            ; 0       ; 0         ; 0    ; 0            ; |ram|4x32ram:inst5|4x4ram:inst6|memory_cell:inst2  ; work         ;
;          |memory_cell:inst3|  ; 1 (1)             ; 1 (1)        ; 0           ; 0            ; 0       ; 0         ; 0    ; 0            ; |ram|4x32ram:inst5|4x4ram:inst6|memory_cell:inst3  ; work         ;
;          |memory_cell:inst4|  ; 1 (1)             ; 1 (1)        ; 0           ; 0            ; 0       ; 0         ; 0    ; 0            ; |ram|4x32ram:inst5|4x4ram:inst6|memory_cell:inst4  ; work         ;
;          |memory_cell:inst5|  ; 1 (1)             ; 1 (1)        ; 0           ; 0            ; 0       ; 0         ; 0    ; 0            ; |ram|4x32ram:inst5|4x4ram:inst6|memory_cell:inst5  ; work         ;
;          |memory_cell:inst6|  ; 1 (1)             ; 1 (1)        ; 0           ; 0            ; 0       ; 0         ; 0    ; 0            ; |ram|4x32ram:inst5|4x4ram:inst6|memory_cell:inst6  ; work         ;
;          |memory_cell:inst7|  ; 1 (1)             ; 1 (1)        ; 0           ; 0            ; 0       ; 0         ; 0    ; 0            ; |ram|4x32ram:inst5|4x4ram:inst6|memory_cell:inst7  ; work         ;
;          |memory_cell:inst8|  ; 1 (1)             ; 1 (1)        ; 0           ; 0            ; 0       ; 0         ; 0    ; 0            ; |ram|4x32ram:inst5|4x4ram:inst6|memory_cell:inst8  ; work         ;
;          |memory_cell:inst9|  ; 1 (1)             ; 1 (1)        ; 0           ; 0            ; 0       ; 0         ; 0    ; 0            ; |ram|4x32ram:inst5|4x4ram:inst6|memory_cell:inst9  ; work         ;
;       |4x4ram:inst7|          ; 24 (8)            ; 16 (0)       ; 0           ; 0            ; 0       ; 0         ; 0    ; 0            ; |ram|4x32ram:inst5|4x4ram:inst7                    ; work         ;
;          |memory_cell:inst10| ; 1 (1)             ; 1 (1)        ; 0           ; 0            ; 0       ; 0         ; 0    ; 0            ; |ram|4x32ram:inst5|4x4ram:inst7|memory_cell:inst10 ; work         ;
;          |memory_cell:inst11| ; 1 (1)             ; 1 (1)        ; 0           ; 0            ; 0       ; 0         ; 0    ; 0            ; |ram|4x32ram:inst5|4x4ram:inst7|memory_cell:inst11 ; work         ;
;          |memory_cell:inst12| ; 1 (1)             ; 1 (1)        ; 0           ; 0            ; 0       ; 0         ; 0    ; 0            ; |ram|4x32ram:inst5|4x4ram:inst7|memory_cell:inst12 ; work         ;
;          |memory_cell:inst13| ; 1 (1)             ; 1 (1)        ; 0           ; 0            ; 0       ; 0         ; 0    ; 0            ; |ram|4x32ram:inst5|4x4ram:inst7|memory_cell:inst13 ; work         ;
;          |memory_cell:inst14| ; 1 (1)             ; 1 (1)        ; 0           ; 0            ; 0       ; 0         ; 0    ; 0            ; |ram|4x32ram:inst5|4x4ram:inst7|memory_cell:inst14 ; work         ;
;          |memory_cell:inst15| ; 1 (1)             ; 1 (1)        ; 0           ; 0            ; 0       ; 0         ; 0    ; 0            ; |ram|4x32ram:inst5|4x4ram:inst7|memory_cell:inst15 ; work         ;
;          |memory_cell:inst16| ; 1 (1)             ; 1 (1)        ; 0           ; 0            ; 0       ; 0         ; 0    ; 0            ; |ram|4x32ram:inst5|4x4ram:inst7|memory_cell:inst16 ; work         ;
;          |memory_cell:inst1|  ; 1 (1)             ; 1 (1)        ; 0           ; 0            ; 0       ; 0         ; 0    ; 0            ; |ram|4x32ram:inst5|4x4ram:inst7|memory_cell:inst1  ; work         ;
;          |memory_cell:inst2|  ; 1 (1)             ; 1 (1)        ; 0           ; 0            ; 0       ; 0         ; 0    ; 0            ; |ram|4x32ram:inst5|4x4ram:inst7|memory_cell:inst2  ; work         ;
;          |memory_cell:inst3|  ; 1 (1)             ; 1 (1)        ; 0           ; 0            ; 0       ; 0         ; 0    ; 0            ; |ram|4x32ram:inst5|4x4ram:inst7|memory_cell:inst3  ; work         ;
;          |memory_cell:inst4|  ; 1 (1)             ; 1 (1)        ; 0           ; 0            ; 0       ; 0         ; 0    ; 0            ; |ram|4x32ram:inst5|4x4ram:inst7|memory_cell:inst4  ; work         ;
;          |memory_cell:inst5|  ; 1 (1)             ; 1 (1)        ; 0           ; 0            ; 0       ; 0         ; 0    ; 0            ; |ram|4x32ram:inst5|4x4ram:inst7|memory_cell:inst5  ; work         ;
;          |memory_cell:inst6|  ; 1 (1)             ; 1 (1)        ; 0           ; 0            ; 0       ; 0         ; 0    ; 0            ; |ram|4x32ram:inst5|4x4ram:inst7|memory_cell:inst6  ; work         ;
;          |memory_cell:inst7|  ; 1 (1)             ; 1 (1)        ; 0           ; 0            ; 0       ; 0         ; 0    ; 0            ; |ram|4x32ram:inst5|4x4ram:inst7|memory_cell:inst7  ; work         ;
;          |memory_cell:inst8|  ; 1 (1)             ; 1 (1)        ; 0           ; 0            ; 0       ; 0         ; 0    ; 0            ; |ram|4x32ram:inst5|4x4ram:inst7|memory_cell:inst8  ; work         ;
;          |memory_cell:inst9|  ; 1 (1)             ; 1 (1)        ; 0           ; 0            ; 0       ; 0         ; 0    ; 0            ; |ram|4x32ram:inst5|4x4ram:inst7|memory_cell:inst9  ; work         ;
;       |4x4ram:inst8|          ; 24 (8)            ; 16 (0)       ; 0           ; 0            ; 0       ; 0         ; 0    ; 0            ; |ram|4x32ram:inst5|4x4ram:inst8                    ; work         ;
;          |memory_cell:inst10| ; 1 (1)             ; 1 (1)        ; 0           ; 0            ; 0       ; 0         ; 0    ; 0            ; |ram|4x32ram:inst5|4x4ram:inst8|memory_cell:inst10 ; work         ;
;          |memory_cell:inst11| ; 1 (1)             ; 1 (1)        ; 0           ; 0            ; 0       ; 0         ; 0    ; 0            ; |ram|4x32ram:inst5|4x4ram:inst8|memory_cell:inst11 ; work         ;
;          |memory_cell:inst12| ; 1 (1)             ; 1 (1)        ; 0           ; 0            ; 0       ; 0         ; 0    ; 0            ; |ram|4x32ram:inst5|4x4ram:inst8|memory_cell:inst12 ; work         ;
;          |memory_cell:inst13| ; 1 (1)             ; 1 (1)        ; 0           ; 0            ; 0       ; 0         ; 0    ; 0            ; |ram|4x32ram:inst5|4x4ram:inst8|memory_cell:inst13 ; work         ;
;          |memory_cell:inst14| ; 1 (1)             ; 1 (1)        ; 0           ; 0            ; 0       ; 0         ; 0    ; 0            ; |ram|4x32ram:inst5|4x4ram:inst8|memory_cell:inst14 ; work         ;
;          |memory_cell:inst15| ; 1 (1)             ; 1 (1)        ; 0           ; 0            ; 0       ; 0         ; 0    ; 0            ; |ram|4x32ram:inst5|4x4ram:inst8|memory_cell:inst15 ; work         ;
;          |memory_cell:inst16| ; 1 (1)             ; 1 (1)        ; 0           ; 0            ; 0       ; 0         ; 0    ; 0            ; |ram|4x32ram:inst5|4x4ram:inst8|memory_cell:inst16 ; work         ;
;          |memory_cell:inst1|  ; 1 (1)             ; 1 (1)        ; 0           ; 0            ; 0       ; 0         ; 0    ; 0            ; |ram|4x32ram:inst5|4x4ram:inst8|memory_cell:inst1  ; work         ;
;          |memory_cell:inst2|  ; 1 (1)             ; 1 (1)        ; 0           ; 0            ; 0       ; 0         ; 0    ; 0            ; |ram|4x32ram:inst5|4x4ram:inst8|memory_cell:inst2  ; work         ;
;          |memory_cell:inst3|  ; 1 (1)             ; 1 (1)        ; 0           ; 0            ; 0       ; 0         ; 0    ; 0            ; |ram|4x32ram:inst5|4x4ram:inst8|memory_cell:inst3  ; work         ;
;          |memory_cell:inst4|  ; 1 (1)             ; 1 (1)        ; 0           ; 0            ; 0       ; 0         ; 0    ; 0            ; |ram|4x32ram:inst5|4x4ram:inst8|memory_cell:inst4  ; work         ;
;          |memory_cell:inst5|  ; 1 (1)             ; 1 (1)        ; 0           ; 0            ; 0       ; 0         ; 0    ; 0            ; |ram|4x32ram:inst5|4x4ram:inst8|memory_cell:inst5  ; work         ;
;          |memory_cell:inst6|  ; 1 (1)             ; 1 (1)        ; 0           ; 0            ; 0       ; 0         ; 0    ; 0            ; |ram|4x32ram:inst5|4x4ram:inst8|memory_cell:inst6  ; work         ;
;          |memory_cell:inst7|  ; 1 (1)             ; 1 (1)        ; 0           ; 0            ; 0       ; 0         ; 0    ; 0            ; |ram|4x32ram:inst5|4x4ram:inst8|memory_cell:inst7  ; work         ;
;          |memory_cell:inst8|  ; 1 (1)             ; 1 (1)        ; 0           ; 0            ; 0       ; 0         ; 0    ; 0            ; |ram|4x32ram:inst5|4x4ram:inst8|memory_cell:inst8  ; work         ;
;          |memory_cell:inst9|  ; 1 (1)             ; 1 (1)        ; 0           ; 0            ; 0       ; 0         ; 0    ; 0            ; |ram|4x32ram:inst5|4x4ram:inst8|memory_cell:inst9  ; work         ;
;       |4x4ram:inst|           ; 25 (9)            ; 16 (0)       ; 0           ; 0            ; 0       ; 0         ; 0    ; 0            ; |ram|4x32ram:inst5|4x4ram:inst                     ; work         ;
;          |memory_cell:inst10| ; 1 (1)             ; 1 (1)        ; 0           ; 0            ; 0       ; 0         ; 0    ; 0            ; |ram|4x32ram:inst5|4x4ram:inst|memory_cell:inst10  ; work         ;
;          |memory_cell:inst11| ; 1 (1)             ; 1 (1)        ; 0           ; 0            ; 0       ; 0         ; 0    ; 0            ; |ram|4x32ram:inst5|4x4ram:inst|memory_cell:inst11  ; work         ;
;          |memory_cell:inst12| ; 1 (1)             ; 1 (1)        ; 0           ; 0            ; 0       ; 0         ; 0    ; 0            ; |ram|4x32ram:inst5|4x4ram:inst|memory_cell:inst12  ; work         ;
;          |memory_cell:inst13| ; 1 (1)             ; 1 (1)        ; 0           ; 0            ; 0       ; 0         ; 0    ; 0            ; |ram|4x32ram:inst5|4x4ram:inst|memory_cell:inst13  ; work         ;
;          |memory_cell:inst14| ; 1 (1)             ; 1 (1)        ; 0           ; 0            ; 0       ; 0         ; 0    ; 0            ; |ram|4x32ram:inst5|4x4ram:inst|memory_cell:inst14  ; work         ;
;          |memory_cell:inst15| ; 1 (1)             ; 1 (1)        ; 0           ; 0            ; 0       ; 0         ; 0    ; 0            ; |ram|4x32ram:inst5|4x4ram:inst|memory_cell:inst15  ; work         ;
;          |memory_cell:inst16| ; 1 (1)             ; 1 (1)        ; 0           ; 0            ; 0       ; 0         ; 0    ; 0            ; |ram|4x32ram:inst5|4x4ram:inst|memory_cell:inst16  ; work         ;
;          |memory_cell:inst1|  ; 1 (1)             ; 1 (1)        ; 0           ; 0            ; 0       ; 0         ; 0    ; 0            ; |ram|4x32ram:inst5|4x4ram:inst|memory_cell:inst1   ; work         ;
;          |memory_cell:inst2|  ; 1 (1)             ; 1 (1)        ; 0           ; 0            ; 0       ; 0         ; 0    ; 0            ; |ram|4x32ram:inst5|4x4ram:inst|memory_cell:inst2   ; work         ;
;          |memory_cell:inst3|  ; 1 (1)             ; 1 (1)        ; 0           ; 0            ; 0       ; 0         ; 0    ; 0            ; |ram|4x32ram:inst5|4x4ram:inst|memory_cell:inst3   ; work         ;
;          |memory_cell:inst4|  ; 1 (1)             ; 1 (1)        ; 0           ; 0            ; 0       ; 0         ; 0    ; 0            ; |ram|4x32ram:inst5|4x4ram:inst|memory_cell:inst4   ; work         ;
;          |memory_cell:inst5|  ; 1 (1)             ; 1 (1)        ; 0           ; 0            ; 0       ; 0         ; 0    ; 0            ; |ram|4x32ram:inst5|4x4ram:inst|memory_cell:inst5   ; work         ;
;          |memory_cell:inst6|  ; 1 (1)             ; 1 (1)        ; 0           ; 0            ; 0       ; 0         ; 0    ; 0            ; |ram|4x32ram:inst5|4x4ram:inst|memory_cell:inst6   ; work         ;
;          |memory_cell:inst7|  ; 1 (1)             ; 1 (1)        ; 0           ; 0            ; 0       ; 0         ; 0    ; 0            ; |ram|4x32ram:inst5|4x4ram:inst|memory_cell:inst7   ; work         ;
;          |memory_cell:inst8|  ; 1 (1)             ; 1 (1)        ; 0           ; 0            ; 0       ; 0         ; 0    ; 0            ; |ram|4x32ram:inst5|4x4ram:inst|memory_cell:inst8   ; work         ;
;          |memory_cell:inst9|  ; 1 (1)             ; 1 (1)        ; 0           ; 0            ; 0       ; 0         ; 0    ; 0            ; |ram|4x32ram:inst5|4x4ram:inst|memory_cell:inst9   ; work         ;
;    |4x32ram:inst6|            ; 225 (0)           ; 128 (0)      ; 0           ; 0            ; 0       ; 0         ; 0    ; 0            ; |ram|4x32ram:inst6                                 ; work         ;
;       |4x4ram:inst1|          ; 28 (12)           ; 16 (0)       ; 0           ; 0            ; 0       ; 0         ; 0    ; 0            ; |ram|4x32ram:inst6|4x4ram:inst1                    ; work         ;
;          |memory_cell:inst10| ; 1 (1)             ; 1 (1)        ; 0           ; 0            ; 0       ; 0         ; 0    ; 0            ; |ram|4x32ram:inst6|4x4ram:inst1|memory_cell:inst10 ; work         ;
;          |memory_cell:inst11| ; 1 (1)             ; 1 (1)        ; 0           ; 0            ; 0       ; 0         ; 0    ; 0            ; |ram|4x32ram:inst6|4x4ram:inst1|memory_cell:inst11 ; work         ;
;          |memory_cell:inst12| ; 1 (1)             ; 1 (1)        ; 0           ; 0            ; 0       ; 0         ; 0    ; 0            ; |ram|4x32ram:inst6|4x4ram:inst1|memory_cell:inst12 ; work         ;
;          |memory_cell:inst13| ; 1 (1)             ; 1 (1)        ; 0           ; 0            ; 0       ; 0         ; 0    ; 0            ; |ram|4x32ram:inst6|4x4ram:inst1|memory_cell:inst13 ; work         ;
;          |memory_cell:inst14| ; 1 (1)             ; 1 (1)        ; 0           ; 0            ; 0       ; 0         ; 0    ; 0            ; |ram|4x32ram:inst6|4x4ram:inst1|memory_cell:inst14 ; work         ;
;          |memory_cell:inst15| ; 1 (1)             ; 1 (1)        ; 0           ; 0            ; 0       ; 0         ; 0    ; 0            ; |ram|4x32ram:inst6|4x4ram:inst1|memory_cell:inst15 ; work         ;
;          |memory_cell:inst16| ; 1 (1)             ; 1 (1)        ; 0           ; 0            ; 0       ; 0         ; 0    ; 0            ; |ram|4x32ram:inst6|4x4ram:inst1|memory_cell:inst16 ; work         ;
;          |memory_cell:inst1|  ; 1 (1)             ; 1 (1)        ; 0           ; 0            ; 0       ; 0         ; 0    ; 0            ; |ram|4x32ram:inst6|4x4ram:inst1|memory_cell:inst1  ; work         ;
;          |memory_cell:inst2|  ; 1 (1)             ; 1 (1)        ; 0           ; 0            ; 0       ; 0         ; 0    ; 0            ; |ram|4x32ram:inst6|4x4ram:inst1|memory_cell:inst2  ; work         ;
;          |memory_cell:inst3|  ; 1 (1)             ; 1 (1)        ; 0           ; 0            ; 0       ; 0         ; 0    ; 0            ; |ram|4x32ram:inst6|4x4ram:inst1|memory_cell:inst3  ; work         ;
;          |memory_cell:inst4|  ; 1 (1)             ; 1 (1)        ; 0           ; 0            ; 0       ; 0         ; 0    ; 0            ; |ram|4x32ram:inst6|4x4ram:inst1|memory_cell:inst4  ; work         ;
;          |memory_cell:inst5|  ; 1 (1)             ; 1 (1)        ; 0           ; 0            ; 0       ; 0         ; 0    ; 0            ; |ram|4x32ram:inst6|4x4ram:inst1|memory_cell:inst5  ; work         ;
;          |memory_cell:inst6|  ; 1 (1)             ; 1 (1)        ; 0           ; 0            ; 0       ; 0         ; 0    ; 0            ; |ram|4x32ram:inst6|4x4ram:inst1|memory_cell:inst6  ; work         ;
;          |memory_cell:inst7|  ; 1 (1)             ; 1 (1)        ; 0           ; 0            ; 0       ; 0         ; 0    ; 0            ; |ram|4x32ram:inst6|4x4ram:inst1|memory_cell:inst7  ; work         ;
;          |memory_cell:inst8|  ; 1 (1)             ; 1 (1)        ; 0           ; 0            ; 0       ; 0         ; 0    ; 0            ; |ram|4x32ram:inst6|4x4ram:inst1|memory_cell:inst8  ; work         ;
;          |memory_cell:inst9|  ; 1 (1)             ; 1 (1)        ; 0           ; 0            ; 0       ; 0         ; 0    ; 0            ; |ram|4x32ram:inst6|4x4ram:inst1|memory_cell:inst9  ; work         ;
;       |4x4ram:inst3|          ; 28 (12)           ; 16 (0)       ; 0           ; 0            ; 0       ; 0         ; 0    ; 0            ; |ram|4x32ram:inst6|4x4ram:inst3                    ; work         ;
;          |memory_cell:inst10| ; 1 (1)             ; 1 (1)        ; 0           ; 0            ; 0       ; 0         ; 0    ; 0            ; |ram|4x32ram:inst6|4x4ram:inst3|memory_cell:inst10 ; work         ;
;          |memory_cell:inst11| ; 1 (1)             ; 1 (1)        ; 0           ; 0            ; 0       ; 0         ; 0    ; 0            ; |ram|4x32ram:inst6|4x4ram:inst3|memory_cell:inst11 ; work         ;
;          |memory_cell:inst12| ; 1 (1)             ; 1 (1)        ; 0           ; 0            ; 0       ; 0         ; 0    ; 0            ; |ram|4x32ram:inst6|4x4ram:inst3|memory_cell:inst12 ; work         ;
;          |memory_cell:inst13| ; 1 (1)             ; 1 (1)        ; 0           ; 0            ; 0       ; 0         ; 0    ; 0            ; |ram|4x32ram:inst6|4x4ram:inst3|memory_cell:inst13 ; work         ;
;          |memory_cell:inst14| ; 1 (1)             ; 1 (1)        ; 0           ; 0            ; 0       ; 0         ; 0    ; 0            ; |ram|4x32ram:inst6|4x4ram:inst3|memory_cell:inst14 ; work         ;
;          |memory_cell:inst15| ; 1 (1)             ; 1 (1)        ; 0           ; 0            ; 0       ; 0         ; 0    ; 0            ; |ram|4x32ram:inst6|4x4ram:inst3|memory_cell:inst15 ; work         ;
;          |memory_cell:inst16| ; 1 (1)             ; 1 (1)        ; 0           ; 0            ; 0       ; 0         ; 0    ; 0            ; |ram|4x32ram:inst6|4x4ram:inst3|memory_cell:inst16 ; work         ;
;          |memory_cell:inst1|  ; 1 (1)             ; 1 (1)        ; 0           ; 0            ; 0       ; 0         ; 0    ; 0            ; |ram|4x32ram:inst6|4x4ram:inst3|memory_cell:inst1  ; work         ;
;          |memory_cell:inst2|  ; 1 (1)             ; 1 (1)        ; 0           ; 0            ; 0       ; 0         ; 0    ; 0            ; |ram|4x32ram:inst6|4x4ram:inst3|memory_cell:inst2  ; work         ;
;          |memory_cell:inst3|  ; 1 (1)             ; 1 (1)        ; 0           ; 0            ; 0       ; 0         ; 0    ; 0            ; |ram|4x32ram:inst6|4x4ram:inst3|memory_cell:inst3  ; work         ;
;          |memory_cell:inst4|  ; 1 (1)             ; 1 (1)        ; 0           ; 0            ; 0       ; 0         ; 0    ; 0            ; |ram|4x32ram:inst6|4x4ram:inst3|memory_cell:inst4  ; work         ;
;          |memory_cell:inst5|  ; 1 (1)             ; 1 (1)        ; 0           ; 0            ; 0       ; 0         ; 0    ; 0            ; |ram|4x32ram:inst6|4x4ram:inst3|memory_cell:inst5  ; work         ;
;          |memory_cell:inst6|  ; 1 (1)             ; 1 (1)        ; 0           ; 0            ; 0       ; 0         ; 0    ; 0            ; |ram|4x32ram:inst6|4x4ram:inst3|memory_cell:inst6  ; work         ;
;          |memory_cell:inst7|  ; 1 (1)             ; 1 (1)        ; 0           ; 0            ; 0       ; 0         ; 0    ; 0            ; |ram|4x32ram:inst6|4x4ram:inst3|memory_cell:inst7  ; work         ;
;          |memory_cell:inst8|  ; 1 (1)             ; 1 (1)        ; 0           ; 0            ; 0       ; 0         ; 0    ; 0            ; |ram|4x32ram:inst6|4x4ram:inst3|memory_cell:inst8  ; work         ;
;          |memory_cell:inst9|  ; 1 (1)             ; 1 (1)        ; 0           ; 0            ; 0       ; 0         ; 0    ; 0            ; |ram|4x32ram:inst6|4x4ram:inst3|memory_cell:inst9  ; work         ;
;       |4x4ram:inst4|          ; 28 (12)           ; 16 (0)       ; 0           ; 0            ; 0       ; 0         ; 0    ; 0            ; |ram|4x32ram:inst6|4x4ram:inst4                    ; work         ;
;          |memory_cell:inst10| ; 1 (1)             ; 1 (1)        ; 0           ; 0            ; 0       ; 0         ; 0    ; 0            ; |ram|4x32ram:inst6|4x4ram:inst4|memory_cell:inst10 ; work         ;
;          |memory_cell:inst11| ; 1 (1)             ; 1 (1)        ; 0           ; 0            ; 0       ; 0         ; 0    ; 0            ; |ram|4x32ram:inst6|4x4ram:inst4|memory_cell:inst11 ; work         ;
;          |memory_cell:inst12| ; 1 (1)             ; 1 (1)        ; 0           ; 0            ; 0       ; 0         ; 0    ; 0            ; |ram|4x32ram:inst6|4x4ram:inst4|memory_cell:inst12 ; work         ;
;          |memory_cell:inst13| ; 1 (1)             ; 1 (1)        ; 0           ; 0            ; 0       ; 0         ; 0    ; 0            ; |ram|4x32ram:inst6|4x4ram:inst4|memory_cell:inst13 ; work         ;
;          |memory_cell:inst14| ; 1 (1)             ; 1 (1)        ; 0           ; 0            ; 0       ; 0         ; 0    ; 0            ; |ram|4x32ram:inst6|4x4ram:inst4|memory_cell:inst14 ; work         ;
;          |memory_cell:inst15| ; 1 (1)             ; 1 (1)        ; 0           ; 0            ; 0       ; 0         ; 0    ; 0            ; |ram|4x32ram:inst6|4x4ram:inst4|memory_cell:inst15 ; work         ;
;          |memory_cell:inst16| ; 1 (1)             ; 1 (1)        ; 0           ; 0            ; 0       ; 0         ; 0    ; 0            ; |ram|4x32ram:inst6|4x4ram:inst4|memory_cell:inst16 ; work         ;
;          |memory_cell:inst1|  ; 1 (1)             ; 1 (1)        ; 0           ; 0            ; 0       ; 0         ; 0    ; 0            ; |ram|4x32ram:inst6|4x4ram:inst4|memory_cell:inst1  ; work         ;
;          |memory_cell:inst2|  ; 1 (1)             ; 1 (1)        ; 0           ; 0            ; 0       ; 0         ; 0    ; 0            ; |ram|4x32ram:inst6|4x4ram:inst4|memory_cell:inst2  ; work         ;
;          |memory_cell:inst3|  ; 1 (1)             ; 1 (1)        ; 0           ; 0            ; 0       ; 0         ; 0    ; 0            ; |ram|4x32ram:inst6|4x4ram:inst4|memory_cell:inst3  ; work         ;
;          |memory_cell:inst4|  ; 1 (1)             ; 1 (1)        ; 0           ; 0            ; 0       ; 0         ; 0    ; 0            ; |ram|4x32ram:inst6|4x4ram:inst4|memory_cell:inst4  ; work         ;
;          |memory_cell:inst5|  ; 1 (1)             ; 1 (1)        ; 0           ; 0            ; 0       ; 0         ; 0    ; 0            ; |ram|4x32ram:inst6|4x4ram:inst4|memory_cell:inst5  ; work         ;
;          |memory_cell:inst6|  ; 1 (1)             ; 1 (1)        ; 0           ; 0            ; 0       ; 0         ; 0    ; 0            ; |ram|4x32ram:inst6|4x4ram:inst4|memory_cell:inst6  ; work         ;
;          |memory_cell:inst7|  ; 1 (1)             ; 1 (1)        ; 0           ; 0            ; 0       ; 0         ; 0    ; 0            ; |ram|4x32ram:inst6|4x4ram:inst4|memory_cell:inst7  ; work         ;
;          |memory_cell:inst8|  ; 1 (1)             ; 1 (1)        ; 0           ; 0            ; 0       ; 0         ; 0    ; 0            ; |ram|4x32ram:inst6|4x4ram:inst4|memory_cell:inst8  ; work         ;
;          |memory_cell:inst9|  ; 1 (1)             ; 1 (1)        ; 0           ; 0            ; 0       ; 0         ; 0    ; 0            ; |ram|4x32ram:inst6|4x4ram:inst4|memory_cell:inst9  ; work         ;
;       |4x4ram:inst5|          ; 28 (12)           ; 16 (0)       ; 0           ; 0            ; 0       ; 0         ; 0    ; 0            ; |ram|4x32ram:inst6|4x4ram:inst5                    ; work         ;
;          |memory_cell:inst10| ; 1 (1)             ; 1 (1)        ; 0           ; 0            ; 0       ; 0         ; 0    ; 0            ; |ram|4x32ram:inst6|4x4ram:inst5|memory_cell:inst10 ; work         ;
;          |memory_cell:inst11| ; 1 (1)             ; 1 (1)        ; 0           ; 0            ; 0       ; 0         ; 0    ; 0            ; |ram|4x32ram:inst6|4x4ram:inst5|memory_cell:inst11 ; work         ;
;          |memory_cell:inst12| ; 1 (1)             ; 1 (1)        ; 0           ; 0            ; 0       ; 0         ; 0    ; 0            ; |ram|4x32ram:inst6|4x4ram:inst5|memory_cell:inst12 ; work         ;
;          |memory_cell:inst13| ; 1 (1)             ; 1 (1)        ; 0           ; 0            ; 0       ; 0         ; 0    ; 0            ; |ram|4x32ram:inst6|4x4ram:inst5|memory_cell:inst13 ; work         ;
;          |memory_cell:inst14| ; 1 (1)             ; 1 (1)        ; 0           ; 0            ; 0       ; 0         ; 0    ; 0            ; |ram|4x32ram:inst6|4x4ram:inst5|memory_cell:inst14 ; work         ;
;          |memory_cell:inst15| ; 1 (1)             ; 1 (1)        ; 0           ; 0            ; 0       ; 0         ; 0    ; 0            ; |ram|4x32ram:inst6|4x4ram:inst5|memory_cell:inst15 ; work         ;
;          |memory_cell:inst16| ; 1 (1)             ; 1 (1)        ; 0           ; 0            ; 0       ; 0         ; 0    ; 0            ; |ram|4x32ram:inst6|4x4ram:inst5|memory_cell:inst16 ; work         ;
;          |memory_cell:inst1|  ; 1 (1)             ; 1 (1)        ; 0           ; 0            ; 0       ; 0         ; 0    ; 0            ; |ram|4x32ram:inst6|4x4ram:inst5|memory_cell:inst1  ; work         ;
;          |memory_cell:inst2|  ; 1 (1)             ; 1 (1)        ; 0           ; 0            ; 0       ; 0         ; 0    ; 0            ; |ram|4x32ram:inst6|4x4ram:inst5|memory_cell:inst2  ; work         ;
;          |memory_cell:inst3|  ; 1 (1)             ; 1 (1)        ; 0           ; 0            ; 0       ; 0         ; 0    ; 0            ; |ram|4x32ram:inst6|4x4ram:inst5|memory_cell:inst3  ; work         ;
;          |memory_cell:inst4|  ; 1 (1)             ; 1 (1)        ; 0           ; 0            ; 0       ; 0         ; 0    ; 0            ; |ram|4x32ram:inst6|4x4ram:inst5|memory_cell:inst4  ; work         ;
;          |memory_cell:inst5|  ; 1 (1)             ; 1 (1)        ; 0           ; 0            ; 0       ; 0         ; 0    ; 0            ; |ram|4x32ram:inst6|4x4ram:inst5|memory_cell:inst5  ; work         ;
;          |memory_cell:inst6|  ; 1 (1)             ; 1 (1)        ; 0           ; 0            ; 0       ; 0         ; 0    ; 0            ; |ram|4x32ram:inst6|4x4ram:inst5|memory_cell:inst6  ; work         ;
;          |memory_cell:inst7|  ; 1 (1)             ; 1 (1)        ; 0           ; 0            ; 0       ; 0         ; 0    ; 0            ; |ram|4x32ram:inst6|4x4ram:inst5|memory_cell:inst7  ; work         ;
;          |memory_cell:inst8|  ; 1 (1)             ; 1 (1)        ; 0           ; 0            ; 0       ; 0         ; 0    ; 0            ; |ram|4x32ram:inst6|4x4ram:inst5|memory_cell:inst8  ; work         ;
;          |memory_cell:inst9|  ; 1 (1)             ; 1 (1)        ; 0           ; 0            ; 0       ; 0         ; 0    ; 0            ; |ram|4x32ram:inst6|4x4ram:inst5|memory_cell:inst9  ; work         ;
;       |4x4ram:inst6|          ; 28 (12)           ; 16 (0)       ; 0           ; 0            ; 0       ; 0         ; 0    ; 0            ; |ram|4x32ram:inst6|4x4ram:inst6                    ; work         ;
;          |memory_cell:inst10| ; 1 (1)             ; 1 (1)        ; 0           ; 0            ; 0       ; 0         ; 0    ; 0            ; |ram|4x32ram:inst6|4x4ram:inst6|memory_cell:inst10 ; work         ;
;          |memory_cell:inst11| ; 1 (1)             ; 1 (1)        ; 0           ; 0            ; 0       ; 0         ; 0    ; 0            ; |ram|4x32ram:inst6|4x4ram:inst6|memory_cell:inst11 ; work         ;
;          |memory_cell:inst12| ; 1 (1)             ; 1 (1)        ; 0           ; 0            ; 0       ; 0         ; 0    ; 0            ; |ram|4x32ram:inst6|4x4ram:inst6|memory_cell:inst12 ; work         ;
;          |memory_cell:inst13| ; 1 (1)             ; 1 (1)        ; 0           ; 0            ; 0       ; 0         ; 0    ; 0            ; |ram|4x32ram:inst6|4x4ram:inst6|memory_cell:inst13 ; work         ;
;          |memory_cell:inst14| ; 1 (1)             ; 1 (1)        ; 0           ; 0            ; 0       ; 0         ; 0    ; 0            ; |ram|4x32ram:inst6|4x4ram:inst6|memory_cell:inst14 ; work         ;
;          |memory_cell:inst15| ; 1 (1)             ; 1 (1)        ; 0           ; 0            ; 0       ; 0         ; 0    ; 0            ; |ram|4x32ram:inst6|4x4ram:inst6|memory_cell:inst15 ; work         ;
;          |memory_cell:inst16| ; 1 (1)             ; 1 (1)        ; 0           ; 0            ; 0       ; 0         ; 0    ; 0            ; |ram|4x32ram:inst6|4x4ram:inst6|memory_cell:inst16 ; work         ;
;          |memory_cell:inst1|  ; 1 (1)             ; 1 (1)        ; 0           ; 0            ; 0       ; 0         ; 0    ; 0            ; |ram|4x32ram:inst6|4x4ram:inst6|memory_cell:inst1  ; work         ;
;          |memory_cell:inst2|  ; 1 (1)             ; 1 (1)        ; 0           ; 0            ; 0       ; 0         ; 0    ; 0            ; |ram|4x32ram:inst6|4x4ram:inst6|memory_cell:inst2  ; work         ;
;          |memory_cell:inst3|  ; 1 (1)             ; 1 (1)        ; 0           ; 0            ; 0       ; 0         ; 0    ; 0            ; |ram|4x32ram:inst6|4x4ram:inst6|memory_cell:inst3  ; work         ;
;          |memory_cell:inst4|  ; 1 (1)             ; 1 (1)        ; 0           ; 0            ; 0       ; 0         ; 0    ; 0            ; |ram|4x32ram:inst6|4x4ram:inst6|memory_cell:inst4  ; work         ;
;          |memory_cell:inst5|  ; 1 (1)             ; 1 (1)        ; 0           ; 0            ; 0       ; 0         ; 0    ; 0            ; |ram|4x32ram:inst6|4x4ram:inst6|memory_cell:inst5  ; work         ;
;          |memory_cell:inst6|  ; 1 (1)             ; 1 (1)        ; 0           ; 0            ; 0       ; 0         ; 0    ; 0            ; |ram|4x32ram:inst6|4x4ram:inst6|memory_cell:inst6  ; work         ;
;          |memory_cell:inst7|  ; 1 (1)             ; 1 (1)        ; 0           ; 0            ; 0       ; 0         ; 0    ; 0            ; |ram|4x32ram:inst6|4x4ram:inst6|memory_cell:inst7  ; work         ;
;          |memory_cell:inst8|  ; 1 (1)             ; 1 (1)        ; 0           ; 0            ; 0       ; 0         ; 0    ; 0            ; |ram|4x32ram:inst6|4x4ram:inst6|memory_cell:inst8  ; work         ;
;          |memory_cell:inst9|  ; 1 (1)             ; 1 (1)        ; 0           ; 0            ; 0       ; 0         ; 0    ; 0            ; |ram|4x32ram:inst6|4x4ram:inst6|memory_cell:inst9  ; work         ;
;       |4x4ram:inst7|          ; 28 (12)           ; 16 (0)       ; 0           ; 0            ; 0       ; 0         ; 0    ; 0            ; |ram|4x32ram:inst6|4x4ram:inst7                    ; work         ;
;          |memory_cell:inst10| ; 1 (1)             ; 1 (1)        ; 0           ; 0            ; 0       ; 0         ; 0    ; 0            ; |ram|4x32ram:inst6|4x4ram:inst7|memory_cell:inst10 ; work         ;
;          |memory_cell:inst11| ; 1 (1)             ; 1 (1)        ; 0           ; 0            ; 0       ; 0         ; 0    ; 0            ; |ram|4x32ram:inst6|4x4ram:inst7|memory_cell:inst11 ; work         ;
;          |memory_cell:inst12| ; 1 (1)             ; 1 (1)        ; 0           ; 0            ; 0       ; 0         ; 0    ; 0            ; |ram|4x32ram:inst6|4x4ram:inst7|memory_cell:inst12 ; work         ;
;          |memory_cell:inst13| ; 1 (1)             ; 1 (1)        ; 0           ; 0            ; 0       ; 0         ; 0    ; 0            ; |ram|4x32ram:inst6|4x4ram:inst7|memory_cell:inst13 ; work         ;
;          |memory_cell:inst14| ; 1 (1)             ; 1 (1)        ; 0           ; 0            ; 0       ; 0         ; 0    ; 0            ; |ram|4x32ram:inst6|4x4ram:inst7|memory_cell:inst14 ; work         ;
;          |memory_cell:inst15| ; 1 (1)             ; 1 (1)        ; 0           ; 0            ; 0       ; 0         ; 0    ; 0            ; |ram|4x32ram:inst6|4x4ram:inst7|memory_cell:inst15 ; work         ;
;          |memory_cell:inst16| ; 1 (1)             ; 1 (1)        ; 0           ; 0            ; 0       ; 0         ; 0    ; 0            ; |ram|4x32ram:inst6|4x4ram:inst7|memory_cell:inst16 ; work         ;
;          |memory_cell:inst1|  ; 1 (1)             ; 1 (1)        ; 0           ; 0            ; 0       ; 0         ; 0    ; 0            ; |ram|4x32ram:inst6|4x4ram:inst7|memory_cell:inst1  ; work         ;
;          |memory_cell:inst2|  ; 1 (1)             ; 1 (1)        ; 0           ; 0            ; 0       ; 0         ; 0    ; 0            ; |ram|4x32ram:inst6|4x4ram:inst7|memory_cell:inst2  ; work         ;
;          |memory_cell:inst3|  ; 1 (1)             ; 1 (1)        ; 0           ; 0            ; 0       ; 0         ; 0    ; 0            ; |ram|4x32ram:inst6|4x4ram:inst7|memory_cell:inst3  ; work         ;
;          |memory_cell:inst4|  ; 1 (1)             ; 1 (1)        ; 0           ; 0            ; 0       ; 0         ; 0    ; 0            ; |ram|4x32ram:inst6|4x4ram:inst7|memory_cell:inst4  ; work         ;
;          |memory_cell:inst5|  ; 1 (1)             ; 1 (1)        ; 0           ; 0            ; 0       ; 0         ; 0    ; 0            ; |ram|4x32ram:inst6|4x4ram:inst7|memory_cell:inst5  ; work         ;
;          |memory_cell:inst6|  ; 1 (1)             ; 1 (1)        ; 0           ; 0            ; 0       ; 0         ; 0    ; 0            ; |ram|4x32ram:inst6|4x4ram:inst7|memory_cell:inst6  ; work         ;
;          |memory_cell:inst7|  ; 1 (1)             ; 1 (1)        ; 0           ; 0            ; 0       ; 0         ; 0    ; 0            ; |ram|4x32ram:inst6|4x4ram:inst7|memory_cell:inst7  ; work         ;
;          |memory_cell:inst8|  ; 1 (1)             ; 1 (1)        ; 0           ; 0            ; 0       ; 0         ; 0    ; 0            ; |ram|4x32ram:inst6|4x4ram:inst7|memory_cell:inst8  ; work         ;
;          |memory_cell:inst9|  ; 1 (1)             ; 1 (1)        ; 0           ; 0            ; 0       ; 0         ; 0    ; 0            ; |ram|4x32ram:inst6|4x4ram:inst7|memory_cell:inst9  ; work         ;
;       |4x4ram:inst8|          ; 28 (12)           ; 16 (0)       ; 0           ; 0            ; 0       ; 0         ; 0    ; 0            ; |ram|4x32ram:inst6|4x4ram:inst8                    ; work         ;
;          |memory_cell:inst10| ; 1 (1)             ; 1 (1)        ; 0           ; 0            ; 0       ; 0         ; 0    ; 0            ; |ram|4x32ram:inst6|4x4ram:inst8|memory_cell:inst10 ; work         ;
;          |memory_cell:inst11| ; 1 (1)             ; 1 (1)        ; 0           ; 0            ; 0       ; 0         ; 0    ; 0            ; |ram|4x32ram:inst6|4x4ram:inst8|memory_cell:inst11 ; work         ;
;          |memory_cell:inst12| ; 1 (1)             ; 1 (1)        ; 0           ; 0            ; 0       ; 0         ; 0    ; 0            ; |ram|4x32ram:inst6|4x4ram:inst8|memory_cell:inst12 ; work         ;
;          |memory_cell:inst13| ; 1 (1)             ; 1 (1)        ; 0           ; 0            ; 0       ; 0         ; 0    ; 0            ; |ram|4x32ram:inst6|4x4ram:inst8|memory_cell:inst13 ; work         ;
;          |memory_cell:inst14| ; 1 (1)             ; 1 (1)        ; 0           ; 0            ; 0       ; 0         ; 0    ; 0            ; |ram|4x32ram:inst6|4x4ram:inst8|memory_cell:inst14 ; work         ;
;          |memory_cell:inst15| ; 1 (1)             ; 1 (1)        ; 0           ; 0            ; 0       ; 0         ; 0    ; 0            ; |ram|4x32ram:inst6|4x4ram:inst8|memory_cell:inst15 ; work         ;
;          |memory_cell:inst16| ; 1 (1)             ; 1 (1)        ; 0           ; 0            ; 0       ; 0         ; 0    ; 0            ; |ram|4x32ram:inst6|4x4ram:inst8|memory_cell:inst16 ; work         ;
;          |memory_cell:inst1|  ; 1 (1)             ; 1 (1)        ; 0           ; 0            ; 0       ; 0         ; 0    ; 0            ; |ram|4x32ram:inst6|4x4ram:inst8|memory_cell:inst1  ; work         ;
;          |memory_cell:inst2|  ; 1 (1)             ; 1 (1)        ; 0           ; 0            ; 0       ; 0         ; 0    ; 0            ; |ram|4x32ram:inst6|4x4ram:inst8|memory_cell:inst2  ; work         ;
;          |memory_cell:inst3|  ; 1 (1)             ; 1 (1)        ; 0           ; 0            ; 0       ; 0         ; 0    ; 0            ; |ram|4x32ram:inst6|4x4ram:inst8|memory_cell:inst3  ; work         ;
;          |memory_cell:inst4|  ; 1 (1)             ; 1 (1)        ; 0           ; 0            ; 0       ; 0         ; 0    ; 0            ; |ram|4x32ram:inst6|4x4ram:inst8|memory_cell:inst4  ; work         ;
;          |memory_cell:inst5|  ; 1 (1)             ; 1 (1)        ; 0           ; 0            ; 0       ; 0         ; 0    ; 0            ; |ram|4x32ram:inst6|4x4ram:inst8|memory_cell:inst5  ; work         ;
;          |memory_cell:inst6|  ; 1 (1)             ; 1 (1)        ; 0           ; 0            ; 0       ; 0         ; 0    ; 0            ; |ram|4x32ram:inst6|4x4ram:inst8|memory_cell:inst6  ; work         ;
;          |memory_cell:inst7|  ; 1 (1)             ; 1 (1)        ; 0           ; 0            ; 0       ; 0         ; 0    ; 0            ; |ram|4x32ram:inst6|4x4ram:inst8|memory_cell:inst7  ; work         ;
;          |memory_cell:inst8|  ; 1 (1)             ; 1 (1)        ; 0           ; 0            ; 0       ; 0         ; 0    ; 0            ; |ram|4x32ram:inst6|4x4ram:inst8|memory_cell:inst8  ; work         ;
;          |memory_cell:inst9|  ; 1 (1)             ; 1 (1)        ; 0           ; 0            ; 0       ; 0         ; 0    ; 0            ; |ram|4x32ram:inst6|4x4ram:inst8|memory_cell:inst9  ; work         ;
;       |4x4ram:inst|           ; 29 (13)           ; 16 (0)       ; 0           ; 0            ; 0       ; 0         ; 0    ; 0            ; |ram|4x32ram:inst6|4x4ram:inst                     ; work         ;
;          |memory_cell:inst10| ; 1 (1)             ; 1 (1)        ; 0           ; 0            ; 0       ; 0         ; 0    ; 0            ; |ram|4x32ram:inst6|4x4ram:inst|memory_cell:inst10  ; work         ;
;          |memory_cell:inst11| ; 1 (1)             ; 1 (1)        ; 0           ; 0            ; 0       ; 0         ; 0    ; 0            ; |ram|4x32ram:inst6|4x4ram:inst|memory_cell:inst11  ; work         ;
;          |memory_cell:inst12| ; 1 (1)             ; 1 (1)        ; 0           ; 0            ; 0       ; 0         ; 0    ; 0            ; |ram|4x32ram:inst6|4x4ram:inst|memory_cell:inst12  ; work         ;
;          |memory_cell:inst13| ; 1 (1)             ; 1 (1)        ; 0           ; 0            ; 0       ; 0         ; 0    ; 0            ; |ram|4x32ram:inst6|4x4ram:inst|memory_cell:inst13  ; work         ;
;          |memory_cell:inst14| ; 1 (1)             ; 1 (1)        ; 0           ; 0            ; 0       ; 0         ; 0    ; 0            ; |ram|4x32ram:inst6|4x4ram:inst|memory_cell:inst14  ; work         ;
;          |memory_cell:inst15| ; 1 (1)             ; 1 (1)        ; 0           ; 0            ; 0       ; 0         ; 0    ; 0            ; |ram|4x32ram:inst6|4x4ram:inst|memory_cell:inst15  ; work         ;
;          |memory_cell:inst16| ; 1 (1)             ; 1 (1)        ; 0           ; 0            ; 0       ; 0         ; 0    ; 0            ; |ram|4x32ram:inst6|4x4ram:inst|memory_cell:inst16  ; work         ;
;          |memory_cell:inst1|  ; 1 (1)             ; 1 (1)        ; 0           ; 0            ; 0       ; 0         ; 0    ; 0            ; |ram|4x32ram:inst6|4x4ram:inst|memory_cell:inst1   ; work         ;
;          |memory_cell:inst2|  ; 1 (1)             ; 1 (1)        ; 0           ; 0            ; 0       ; 0         ; 0    ; 0            ; |ram|4x32ram:inst6|4x4ram:inst|memory_cell:inst2   ; work         ;
;          |memory_cell:inst3|  ; 1 (1)             ; 1 (1)        ; 0           ; 0            ; 0       ; 0         ; 0    ; 0            ; |ram|4x32ram:inst6|4x4ram:inst|memory_cell:inst3   ; work         ;
;          |memory_cell:inst4|  ; 1 (1)             ; 1 (1)        ; 0           ; 0            ; 0       ; 0         ; 0    ; 0            ; |ram|4x32ram:inst6|4x4ram:inst|memory_cell:inst4   ; work         ;
;          |memory_cell:inst5|  ; 1 (1)             ; 1 (1)        ; 0           ; 0            ; 0       ; 0         ; 0    ; 0            ; |ram|4x32ram:inst6|4x4ram:inst|memory_cell:inst5   ; work         ;
;          |memory_cell:inst6|  ; 1 (1)             ; 1 (1)        ; 0           ; 0            ; 0       ; 0         ; 0    ; 0            ; |ram|4x32ram:inst6|4x4ram:inst|memory_cell:inst6   ; work         ;
;          |memory_cell:inst7|  ; 1 (1)             ; 1 (1)        ; 0           ; 0            ; 0       ; 0         ; 0    ; 0            ; |ram|4x32ram:inst6|4x4ram:inst|memory_cell:inst7   ; work         ;
;          |memory_cell:inst8|  ; 1 (1)             ; 1 (1)        ; 0           ; 0            ; 0       ; 0         ; 0    ; 0            ; |ram|4x32ram:inst6|4x4ram:inst|memory_cell:inst8   ; work         ;
;          |memory_cell:inst9|  ; 1 (1)             ; 1 (1)        ; 0           ; 0            ; 0       ; 0         ; 0    ; 0            ; |ram|4x32ram:inst6|4x4ram:inst|memory_cell:inst9   ; work         ;
;    |4x32ram:inst7|            ; 197 (0)           ; 128 (0)      ; 0           ; 0            ; 0       ; 0         ; 0    ; 0            ; |ram|4x32ram:inst7                                 ; work         ;
;       |4x4ram:inst1|          ; 24 (8)            ; 16 (0)       ; 0           ; 0            ; 0       ; 0         ; 0    ; 0            ; |ram|4x32ram:inst7|4x4ram:inst1                    ; work         ;
;          |memory_cell:inst10| ; 1 (1)             ; 1 (1)        ; 0           ; 0            ; 0       ; 0         ; 0    ; 0            ; |ram|4x32ram:inst7|4x4ram:inst1|memory_cell:inst10 ; work         ;
;          |memory_cell:inst11| ; 1 (1)             ; 1 (1)        ; 0           ; 0            ; 0       ; 0         ; 0    ; 0            ; |ram|4x32ram:inst7|4x4ram:inst1|memory_cell:inst11 ; work         ;
;          |memory_cell:inst12| ; 1 (1)             ; 1 (1)        ; 0           ; 0            ; 0       ; 0         ; 0    ; 0            ; |ram|4x32ram:inst7|4x4ram:inst1|memory_cell:inst12 ; work         ;
;          |memory_cell:inst13| ; 1 (1)             ; 1 (1)        ; 0           ; 0            ; 0       ; 0         ; 0    ; 0            ; |ram|4x32ram:inst7|4x4ram:inst1|memory_cell:inst13 ; work         ;
;          |memory_cell:inst14| ; 1 (1)             ; 1 (1)        ; 0           ; 0            ; 0       ; 0         ; 0    ; 0            ; |ram|4x32ram:inst7|4x4ram:inst1|memory_cell:inst14 ; work         ;
;          |memory_cell:inst15| ; 1 (1)             ; 1 (1)        ; 0           ; 0            ; 0       ; 0         ; 0    ; 0            ; |ram|4x32ram:inst7|4x4ram:inst1|memory_cell:inst15 ; work         ;
;          |memory_cell:inst16| ; 1 (1)             ; 1 (1)        ; 0           ; 0            ; 0       ; 0         ; 0    ; 0            ; |ram|4x32ram:inst7|4x4ram:inst1|memory_cell:inst16 ; work         ;
;          |memory_cell:inst1|  ; 1 (1)             ; 1 (1)        ; 0           ; 0            ; 0       ; 0         ; 0    ; 0            ; |ram|4x32ram:inst7|4x4ram:inst1|memory_cell:inst1  ; work         ;
;          |memory_cell:inst2|  ; 1 (1)             ; 1 (1)        ; 0           ; 0            ; 0       ; 0         ; 0    ; 0            ; |ram|4x32ram:inst7|4x4ram:inst1|memory_cell:inst2  ; work         ;
;          |memory_cell:inst3|  ; 1 (1)             ; 1 (1)        ; 0           ; 0            ; 0       ; 0         ; 0    ; 0            ; |ram|4x32ram:inst7|4x4ram:inst1|memory_cell:inst3  ; work         ;
;          |memory_cell:inst4|  ; 1 (1)             ; 1 (1)        ; 0           ; 0            ; 0       ; 0         ; 0    ; 0            ; |ram|4x32ram:inst7|4x4ram:inst1|memory_cell:inst4  ; work         ;
;          |memory_cell:inst5|  ; 1 (1)             ; 1 (1)        ; 0           ; 0            ; 0       ; 0         ; 0    ; 0            ; |ram|4x32ram:inst7|4x4ram:inst1|memory_cell:inst5  ; work         ;
;          |memory_cell:inst6|  ; 1 (1)             ; 1 (1)        ; 0           ; 0            ; 0       ; 0         ; 0    ; 0            ; |ram|4x32ram:inst7|4x4ram:inst1|memory_cell:inst6  ; work         ;
;          |memory_cell:inst7|  ; 1 (1)             ; 1 (1)        ; 0           ; 0            ; 0       ; 0         ; 0    ; 0            ; |ram|4x32ram:inst7|4x4ram:inst1|memory_cell:inst7  ; work         ;
;          |memory_cell:inst8|  ; 1 (1)             ; 1 (1)        ; 0           ; 0            ; 0       ; 0         ; 0    ; 0            ; |ram|4x32ram:inst7|4x4ram:inst1|memory_cell:inst8  ; work         ;
;          |memory_cell:inst9|  ; 1 (1)             ; 1 (1)        ; 0           ; 0            ; 0       ; 0         ; 0    ; 0            ; |ram|4x32ram:inst7|4x4ram:inst1|memory_cell:inst9  ; work         ;
;       |4x4ram:inst3|          ; 24 (8)            ; 16 (0)       ; 0           ; 0            ; 0       ; 0         ; 0    ; 0            ; |ram|4x32ram:inst7|4x4ram:inst3                    ; work         ;
;          |memory_cell:inst10| ; 1 (1)             ; 1 (1)        ; 0           ; 0            ; 0       ; 0         ; 0    ; 0            ; |ram|4x32ram:inst7|4x4ram:inst3|memory_cell:inst10 ; work         ;
;          |memory_cell:inst11| ; 1 (1)             ; 1 (1)        ; 0           ; 0            ; 0       ; 0         ; 0    ; 0            ; |ram|4x32ram:inst7|4x4ram:inst3|memory_cell:inst11 ; work         ;
;          |memory_cell:inst12| ; 1 (1)             ; 1 (1)        ; 0           ; 0            ; 0       ; 0         ; 0    ; 0            ; |ram|4x32ram:inst7|4x4ram:inst3|memory_cell:inst12 ; work         ;
;          |memory_cell:inst13| ; 1 (1)             ; 1 (1)        ; 0           ; 0            ; 0       ; 0         ; 0    ; 0            ; |ram|4x32ram:inst7|4x4ram:inst3|memory_cell:inst13 ; work         ;
;          |memory_cell:inst14| ; 1 (1)             ; 1 (1)        ; 0           ; 0            ; 0       ; 0         ; 0    ; 0            ; |ram|4x32ram:inst7|4x4ram:inst3|memory_cell:inst14 ; work         ;
;          |memory_cell:inst15| ; 1 (1)             ; 1 (1)        ; 0           ; 0            ; 0       ; 0         ; 0    ; 0            ; |ram|4x32ram:inst7|4x4ram:inst3|memory_cell:inst15 ; work         ;
;          |memory_cell:inst16| ; 1 (1)             ; 1 (1)        ; 0           ; 0            ; 0       ; 0         ; 0    ; 0            ; |ram|4x32ram:inst7|4x4ram:inst3|memory_cell:inst16 ; work         ;
;          |memory_cell:inst1|  ; 1 (1)             ; 1 (1)        ; 0           ; 0            ; 0       ; 0         ; 0    ; 0            ; |ram|4x32ram:inst7|4x4ram:inst3|memory_cell:inst1  ; work         ;
;          |memory_cell:inst2|  ; 1 (1)             ; 1 (1)        ; 0           ; 0            ; 0       ; 0         ; 0    ; 0            ; |ram|4x32ram:inst7|4x4ram:inst3|memory_cell:inst2  ; work         ;
;          |memory_cell:inst3|  ; 1 (1)             ; 1 (1)        ; 0           ; 0            ; 0       ; 0         ; 0    ; 0            ; |ram|4x32ram:inst7|4x4ram:inst3|memory_cell:inst3  ; work         ;
;          |memory_cell:inst4|  ; 1 (1)             ; 1 (1)        ; 0           ; 0            ; 0       ; 0         ; 0    ; 0            ; |ram|4x32ram:inst7|4x4ram:inst3|memory_cell:inst4  ; work         ;
;          |memory_cell:inst5|  ; 1 (1)             ; 1 (1)        ; 0           ; 0            ; 0       ; 0         ; 0    ; 0            ; |ram|4x32ram:inst7|4x4ram:inst3|memory_cell:inst5  ; work         ;
;          |memory_cell:inst6|  ; 1 (1)             ; 1 (1)        ; 0           ; 0            ; 0       ; 0         ; 0    ; 0            ; |ram|4x32ram:inst7|4x4ram:inst3|memory_cell:inst6  ; work         ;
;          |memory_cell:inst7|  ; 1 (1)             ; 1 (1)        ; 0           ; 0            ; 0       ; 0         ; 0    ; 0            ; |ram|4x32ram:inst7|4x4ram:inst3|memory_cell:inst7  ; work         ;
;          |memory_cell:inst8|  ; 1 (1)             ; 1 (1)        ; 0           ; 0            ; 0       ; 0         ; 0    ; 0            ; |ram|4x32ram:inst7|4x4ram:inst3|memory_cell:inst8  ; work         ;
;          |memory_cell:inst9|  ; 1 (1)             ; 1 (1)        ; 0           ; 0            ; 0       ; 0         ; 0    ; 0            ; |ram|4x32ram:inst7|4x4ram:inst3|memory_cell:inst9  ; work         ;
;       |4x4ram:inst4|          ; 24 (8)            ; 16 (0)       ; 0           ; 0            ; 0       ; 0         ; 0    ; 0            ; |ram|4x32ram:inst7|4x4ram:inst4                    ; work         ;
;          |memory_cell:inst10| ; 1 (1)             ; 1 (1)        ; 0           ; 0            ; 0       ; 0         ; 0    ; 0            ; |ram|4x32ram:inst7|4x4ram:inst4|memory_cell:inst10 ; work         ;
;          |memory_cell:inst11| ; 1 (1)             ; 1 (1)        ; 0           ; 0            ; 0       ; 0         ; 0    ; 0            ; |ram|4x32ram:inst7|4x4ram:inst4|memory_cell:inst11 ; work         ;
;          |memory_cell:inst12| ; 1 (1)             ; 1 (1)        ; 0           ; 0            ; 0       ; 0         ; 0    ; 0            ; |ram|4x32ram:inst7|4x4ram:inst4|memory_cell:inst12 ; work         ;
;          |memory_cell:inst13| ; 1 (1)             ; 1 (1)        ; 0           ; 0            ; 0       ; 0         ; 0    ; 0            ; |ram|4x32ram:inst7|4x4ram:inst4|memory_cell:inst13 ; work         ;
;          |memory_cell:inst14| ; 1 (1)             ; 1 (1)        ; 0           ; 0            ; 0       ; 0         ; 0    ; 0            ; |ram|4x32ram:inst7|4x4ram:inst4|memory_cell:inst14 ; work         ;
;          |memory_cell:inst15| ; 1 (1)             ; 1 (1)        ; 0           ; 0            ; 0       ; 0         ; 0    ; 0            ; |ram|4x32ram:inst7|4x4ram:inst4|memory_cell:inst15 ; work         ;
;          |memory_cell:inst16| ; 1 (1)             ; 1 (1)        ; 0           ; 0            ; 0       ; 0         ; 0    ; 0            ; |ram|4x32ram:inst7|4x4ram:inst4|memory_cell:inst16 ; work         ;
;          |memory_cell:inst1|  ; 1 (1)             ; 1 (1)        ; 0           ; 0            ; 0       ; 0         ; 0    ; 0            ; |ram|4x32ram:inst7|4x4ram:inst4|memory_cell:inst1  ; work         ;
;          |memory_cell:inst2|  ; 1 (1)             ; 1 (1)        ; 0           ; 0            ; 0       ; 0         ; 0    ; 0            ; |ram|4x32ram:inst7|4x4ram:inst4|memory_cell:inst2  ; work         ;
;          |memory_cell:inst3|  ; 1 (1)             ; 1 (1)        ; 0           ; 0            ; 0       ; 0         ; 0    ; 0            ; |ram|4x32ram:inst7|4x4ram:inst4|memory_cell:inst3  ; work         ;
;          |memory_cell:inst4|  ; 1 (1)             ; 1 (1)        ; 0           ; 0            ; 0       ; 0         ; 0    ; 0            ; |ram|4x32ram:inst7|4x4ram:inst4|memory_cell:inst4  ; work         ;
;          |memory_cell:inst5|  ; 1 (1)             ; 1 (1)        ; 0           ; 0            ; 0       ; 0         ; 0    ; 0            ; |ram|4x32ram:inst7|4x4ram:inst4|memory_cell:inst5  ; work         ;
;          |memory_cell:inst6|  ; 1 (1)             ; 1 (1)        ; 0           ; 0            ; 0       ; 0         ; 0    ; 0            ; |ram|4x32ram:inst7|4x4ram:inst4|memory_cell:inst6  ; work         ;
;          |memory_cell:inst7|  ; 1 (1)             ; 1 (1)        ; 0           ; 0            ; 0       ; 0         ; 0    ; 0            ; |ram|4x32ram:inst7|4x4ram:inst4|memory_cell:inst7  ; work         ;
;          |memory_cell:inst8|  ; 1 (1)             ; 1 (1)        ; 0           ; 0            ; 0       ; 0         ; 0    ; 0            ; |ram|4x32ram:inst7|4x4ram:inst4|memory_cell:inst8  ; work         ;
;          |memory_cell:inst9|  ; 1 (1)             ; 1 (1)        ; 0           ; 0            ; 0       ; 0         ; 0    ; 0            ; |ram|4x32ram:inst7|4x4ram:inst4|memory_cell:inst9  ; work         ;
;       |4x4ram:inst5|          ; 25 (8)            ; 16 (0)       ; 0           ; 0            ; 0       ; 0         ; 0    ; 0            ; |ram|4x32ram:inst7|4x4ram:inst5                    ; work         ;
;          |24decoder:inst|     ; 1 (1)             ; 0 (0)        ; 0           ; 0            ; 0       ; 0         ; 0    ; 0            ; |ram|4x32ram:inst7|4x4ram:inst5|24decoder:inst     ; work         ;
;          |memory_cell:inst10| ; 1 (1)             ; 1 (1)        ; 0           ; 0            ; 0       ; 0         ; 0    ; 0            ; |ram|4x32ram:inst7|4x4ram:inst5|memory_cell:inst10 ; work         ;
;          |memory_cell:inst11| ; 1 (1)             ; 1 (1)        ; 0           ; 0            ; 0       ; 0         ; 0    ; 0            ; |ram|4x32ram:inst7|4x4ram:inst5|memory_cell:inst11 ; work         ;
;          |memory_cell:inst12| ; 1 (1)             ; 1 (1)        ; 0           ; 0            ; 0       ; 0         ; 0    ; 0            ; |ram|4x32ram:inst7|4x4ram:inst5|memory_cell:inst12 ; work         ;
;          |memory_cell:inst13| ; 1 (1)             ; 1 (1)        ; 0           ; 0            ; 0       ; 0         ; 0    ; 0            ; |ram|4x32ram:inst7|4x4ram:inst5|memory_cell:inst13 ; work         ;
;          |memory_cell:inst14| ; 1 (1)             ; 1 (1)        ; 0           ; 0            ; 0       ; 0         ; 0    ; 0            ; |ram|4x32ram:inst7|4x4ram:inst5|memory_cell:inst14 ; work         ;
;          |memory_cell:inst15| ; 1 (1)             ; 1 (1)        ; 0           ; 0            ; 0       ; 0         ; 0    ; 0            ; |ram|4x32ram:inst7|4x4ram:inst5|memory_cell:inst15 ; work         ;
;          |memory_cell:inst16| ; 1 (1)             ; 1 (1)        ; 0           ; 0            ; 0       ; 0         ; 0    ; 0            ; |ram|4x32ram:inst7|4x4ram:inst5|memory_cell:inst16 ; work         ;
;          |memory_cell:inst1|  ; 1 (1)             ; 1 (1)        ; 0           ; 0            ; 0       ; 0         ; 0    ; 0            ; |ram|4x32ram:inst7|4x4ram:inst5|memory_cell:inst1  ; work         ;
;          |memory_cell:inst2|  ; 1 (1)             ; 1 (1)        ; 0           ; 0            ; 0       ; 0         ; 0    ; 0            ; |ram|4x32ram:inst7|4x4ram:inst5|memory_cell:inst2  ; work         ;
;          |memory_cell:inst3|  ; 1 (1)             ; 1 (1)        ; 0           ; 0            ; 0       ; 0         ; 0    ; 0            ; |ram|4x32ram:inst7|4x4ram:inst5|memory_cell:inst3  ; work         ;
;          |memory_cell:inst4|  ; 1 (1)             ; 1 (1)        ; 0           ; 0            ; 0       ; 0         ; 0    ; 0            ; |ram|4x32ram:inst7|4x4ram:inst5|memory_cell:inst4  ; work         ;
;          |memory_cell:inst5|  ; 1 (1)             ; 1 (1)        ; 0           ; 0            ; 0       ; 0         ; 0    ; 0            ; |ram|4x32ram:inst7|4x4ram:inst5|memory_cell:inst5  ; work         ;
;          |memory_cell:inst6|  ; 1 (1)             ; 1 (1)        ; 0           ; 0            ; 0       ; 0         ; 0    ; 0            ; |ram|4x32ram:inst7|4x4ram:inst5|memory_cell:inst6  ; work         ;
;          |memory_cell:inst7|  ; 1 (1)             ; 1 (1)        ; 0           ; 0            ; 0       ; 0         ; 0    ; 0            ; |ram|4x32ram:inst7|4x4ram:inst5|memory_cell:inst7  ; work         ;
;          |memory_cell:inst8|  ; 1 (1)             ; 1 (1)        ; 0           ; 0            ; 0       ; 0         ; 0    ; 0            ; |ram|4x32ram:inst7|4x4ram:inst5|memory_cell:inst8  ; work         ;
;          |memory_cell:inst9|  ; 1 (1)             ; 1 (1)        ; 0           ; 0            ; 0       ; 0         ; 0    ; 0            ; |ram|4x32ram:inst7|4x4ram:inst5|memory_cell:inst9  ; work         ;
;       |4x4ram:inst6|          ; 24 (8)            ; 16 (0)       ; 0           ; 0            ; 0       ; 0         ; 0    ; 0            ; |ram|4x32ram:inst7|4x4ram:inst6                    ; work         ;
;          |memory_cell:inst10| ; 1 (1)             ; 1 (1)        ; 0           ; 0            ; 0       ; 0         ; 0    ; 0            ; |ram|4x32ram:inst7|4x4ram:inst6|memory_cell:inst10 ; work         ;
;          |memory_cell:inst11| ; 1 (1)             ; 1 (1)        ; 0           ; 0            ; 0       ; 0         ; 0    ; 0            ; |ram|4x32ram:inst7|4x4ram:inst6|memory_cell:inst11 ; work         ;
;          |memory_cell:inst12| ; 1 (1)             ; 1 (1)        ; 0           ; 0            ; 0       ; 0         ; 0    ; 0            ; |ram|4x32ram:inst7|4x4ram:inst6|memory_cell:inst12 ; work         ;
;          |memory_cell:inst13| ; 1 (1)             ; 1 (1)        ; 0           ; 0            ; 0       ; 0         ; 0    ; 0            ; |ram|4x32ram:inst7|4x4ram:inst6|memory_cell:inst13 ; work         ;
;          |memory_cell:inst14| ; 1 (1)             ; 1 (1)        ; 0           ; 0            ; 0       ; 0         ; 0    ; 0            ; |ram|4x32ram:inst7|4x4ram:inst6|memory_cell:inst14 ; work         ;
;          |memory_cell:inst15| ; 1 (1)             ; 1 (1)        ; 0           ; 0            ; 0       ; 0         ; 0    ; 0            ; |ram|4x32ram:inst7|4x4ram:inst6|memory_cell:inst15 ; work         ;
;          |memory_cell:inst16| ; 1 (1)             ; 1 (1)        ; 0           ; 0            ; 0       ; 0         ; 0    ; 0            ; |ram|4x32ram:inst7|4x4ram:inst6|memory_cell:inst16 ; work         ;
;          |memory_cell:inst1|  ; 1 (1)             ; 1 (1)        ; 0           ; 0            ; 0       ; 0         ; 0    ; 0            ; |ram|4x32ram:inst7|4x4ram:inst6|memory_cell:inst1  ; work         ;
;          |memory_cell:inst2|  ; 1 (1)             ; 1 (1)        ; 0           ; 0            ; 0       ; 0         ; 0    ; 0            ; |ram|4x32ram:inst7|4x4ram:inst6|memory_cell:inst2  ; work         ;
;          |memory_cell:inst3|  ; 1 (1)             ; 1 (1)        ; 0           ; 0            ; 0       ; 0         ; 0    ; 0            ; |ram|4x32ram:inst7|4x4ram:inst6|memory_cell:inst3  ; work         ;
;          |memory_cell:inst4|  ; 1 (1)             ; 1 (1)        ; 0           ; 0            ; 0       ; 0         ; 0    ; 0            ; |ram|4x32ram:inst7|4x4ram:inst6|memory_cell:inst4  ; work         ;
;          |memory_cell:inst5|  ; 1 (1)             ; 1 (1)        ; 0           ; 0            ; 0       ; 0         ; 0    ; 0            ; |ram|4x32ram:inst7|4x4ram:inst6|memory_cell:inst5  ; work         ;
;          |memory_cell:inst6|  ; 1 (1)             ; 1 (1)        ; 0           ; 0            ; 0       ; 0         ; 0    ; 0            ; |ram|4x32ram:inst7|4x4ram:inst6|memory_cell:inst6  ; work         ;
;          |memory_cell:inst7|  ; 1 (1)             ; 1 (1)        ; 0           ; 0            ; 0       ; 0         ; 0    ; 0            ; |ram|4x32ram:inst7|4x4ram:inst6|memory_cell:inst7  ; work         ;
;          |memory_cell:inst8|  ; 1 (1)             ; 1 (1)        ; 0           ; 0            ; 0       ; 0         ; 0    ; 0            ; |ram|4x32ram:inst7|4x4ram:inst6|memory_cell:inst8  ; work         ;
;          |memory_cell:inst9|  ; 1 (1)             ; 1 (1)        ; 0           ; 0            ; 0       ; 0         ; 0    ; 0            ; |ram|4x32ram:inst7|4x4ram:inst6|memory_cell:inst9  ; work         ;
;       |4x4ram:inst7|          ; 24 (8)            ; 16 (0)       ; 0           ; 0            ; 0       ; 0         ; 0    ; 0            ; |ram|4x32ram:inst7|4x4ram:inst7                    ; work         ;
;          |memory_cell:inst10| ; 1 (1)             ; 1 (1)        ; 0           ; 0            ; 0       ; 0         ; 0    ; 0            ; |ram|4x32ram:inst7|4x4ram:inst7|memory_cell:inst10 ; work         ;
;          |memory_cell:inst11| ; 1 (1)             ; 1 (1)        ; 0           ; 0            ; 0       ; 0         ; 0    ; 0            ; |ram|4x32ram:inst7|4x4ram:inst7|memory_cell:inst11 ; work         ;
;          |memory_cell:inst12| ; 1 (1)             ; 1 (1)        ; 0           ; 0            ; 0       ; 0         ; 0    ; 0            ; |ram|4x32ram:inst7|4x4ram:inst7|memory_cell:inst12 ; work         ;
;          |memory_cell:inst13| ; 1 (1)             ; 1 (1)        ; 0           ; 0            ; 0       ; 0         ; 0    ; 0            ; |ram|4x32ram:inst7|4x4ram:inst7|memory_cell:inst13 ; work         ;
;          |memory_cell:inst14| ; 1 (1)             ; 1 (1)        ; 0           ; 0            ; 0       ; 0         ; 0    ; 0            ; |ram|4x32ram:inst7|4x4ram:inst7|memory_cell:inst14 ; work         ;
;          |memory_cell:inst15| ; 1 (1)             ; 1 (1)        ; 0           ; 0            ; 0       ; 0         ; 0    ; 0            ; |ram|4x32ram:inst7|4x4ram:inst7|memory_cell:inst15 ; work         ;
;          |memory_cell:inst16| ; 1 (1)             ; 1 (1)        ; 0           ; 0            ; 0       ; 0         ; 0    ; 0            ; |ram|4x32ram:inst7|4x4ram:inst7|memory_cell:inst16 ; work         ;
;          |memory_cell:inst1|  ; 1 (1)             ; 1 (1)        ; 0           ; 0            ; 0       ; 0         ; 0    ; 0            ; |ram|4x32ram:inst7|4x4ram:inst7|memory_cell:inst1  ; work         ;
;          |memory_cell:inst2|  ; 1 (1)             ; 1 (1)        ; 0           ; 0            ; 0       ; 0         ; 0    ; 0            ; |ram|4x32ram:inst7|4x4ram:inst7|memory_cell:inst2  ; work         ;
;          |memory_cell:inst3|  ; 1 (1)             ; 1 (1)        ; 0           ; 0            ; 0       ; 0         ; 0    ; 0            ; |ram|4x32ram:inst7|4x4ram:inst7|memory_cell:inst3  ; work         ;
;          |memory_cell:inst4|  ; 1 (1)             ; 1 (1)        ; 0           ; 0            ; 0       ; 0         ; 0    ; 0            ; |ram|4x32ram:inst7|4x4ram:inst7|memory_cell:inst4  ; work         ;
;          |memory_cell:inst5|  ; 1 (1)             ; 1 (1)        ; 0           ; 0            ; 0       ; 0         ; 0    ; 0            ; |ram|4x32ram:inst7|4x4ram:inst7|memory_cell:inst5  ; work         ;
;          |memory_cell:inst6|  ; 1 (1)             ; 1 (1)        ; 0           ; 0            ; 0       ; 0         ; 0    ; 0            ; |ram|4x32ram:inst7|4x4ram:inst7|memory_cell:inst6  ; work         ;
;          |memory_cell:inst7|  ; 1 (1)             ; 1 (1)        ; 0           ; 0            ; 0       ; 0         ; 0    ; 0            ; |ram|4x32ram:inst7|4x4ram:inst7|memory_cell:inst7  ; work         ;
;          |memory_cell:inst8|  ; 1 (1)             ; 1 (1)        ; 0           ; 0            ; 0       ; 0         ; 0    ; 0            ; |ram|4x32ram:inst7|4x4ram:inst7|memory_cell:inst8  ; work         ;
;          |memory_cell:inst9|  ; 1 (1)             ; 1 (1)        ; 0           ; 0            ; 0       ; 0         ; 0    ; 0            ; |ram|4x32ram:inst7|4x4ram:inst7|memory_cell:inst9  ; work         ;
;       |4x4ram:inst8|          ; 27 (8)            ; 16 (0)       ; 0           ; 0            ; 0       ; 0         ; 0    ; 0            ; |ram|4x32ram:inst7|4x4ram:inst8                    ; work         ;
;          |24decoder:inst|     ; 3 (3)             ; 0 (0)        ; 0           ; 0            ; 0       ; 0         ; 0    ; 0            ; |ram|4x32ram:inst7|4x4ram:inst8|24decoder:inst     ; work         ;
;          |memory_cell:inst10| ; 1 (1)             ; 1 (1)        ; 0           ; 0            ; 0       ; 0         ; 0    ; 0            ; |ram|4x32ram:inst7|4x4ram:inst8|memory_cell:inst10 ; work         ;
;          |memory_cell:inst11| ; 1 (1)             ; 1 (1)        ; 0           ; 0            ; 0       ; 0         ; 0    ; 0            ; |ram|4x32ram:inst7|4x4ram:inst8|memory_cell:inst11 ; work         ;
;          |memory_cell:inst12| ; 1 (1)             ; 1 (1)        ; 0           ; 0            ; 0       ; 0         ; 0    ; 0            ; |ram|4x32ram:inst7|4x4ram:inst8|memory_cell:inst12 ; work         ;
;          |memory_cell:inst13| ; 1 (1)             ; 1 (1)        ; 0           ; 0            ; 0       ; 0         ; 0    ; 0            ; |ram|4x32ram:inst7|4x4ram:inst8|memory_cell:inst13 ; work         ;
;          |memory_cell:inst14| ; 1 (1)             ; 1 (1)        ; 0           ; 0            ; 0       ; 0         ; 0    ; 0            ; |ram|4x32ram:inst7|4x4ram:inst8|memory_cell:inst14 ; work         ;
;          |memory_cell:inst15| ; 1 (1)             ; 1 (1)        ; 0           ; 0            ; 0       ; 0         ; 0    ; 0            ; |ram|4x32ram:inst7|4x4ram:inst8|memory_cell:inst15 ; work         ;
;          |memory_cell:inst16| ; 1 (1)             ; 1 (1)        ; 0           ; 0            ; 0       ; 0         ; 0    ; 0            ; |ram|4x32ram:inst7|4x4ram:inst8|memory_cell:inst16 ; work         ;
;          |memory_cell:inst1|  ; 1 (1)             ; 1 (1)        ; 0           ; 0            ; 0       ; 0         ; 0    ; 0            ; |ram|4x32ram:inst7|4x4ram:inst8|memory_cell:inst1  ; work         ;
;          |memory_cell:inst2|  ; 1 (1)             ; 1 (1)        ; 0           ; 0            ; 0       ; 0         ; 0    ; 0            ; |ram|4x32ram:inst7|4x4ram:inst8|memory_cell:inst2  ; work         ;
;          |memory_cell:inst3|  ; 1 (1)             ; 1 (1)        ; 0           ; 0            ; 0       ; 0         ; 0    ; 0            ; |ram|4x32ram:inst7|4x4ram:inst8|memory_cell:inst3  ; work         ;
;          |memory_cell:inst4|  ; 1 (1)             ; 1 (1)        ; 0           ; 0            ; 0       ; 0         ; 0    ; 0            ; |ram|4x32ram:inst7|4x4ram:inst8|memory_cell:inst4  ; work         ;
;          |memory_cell:inst5|  ; 1 (1)             ; 1 (1)        ; 0           ; 0            ; 0       ; 0         ; 0    ; 0            ; |ram|4x32ram:inst7|4x4ram:inst8|memory_cell:inst5  ; work         ;
;          |memory_cell:inst6|  ; 1 (1)             ; 1 (1)        ; 0           ; 0            ; 0       ; 0         ; 0    ; 0            ; |ram|4x32ram:inst7|4x4ram:inst8|memory_cell:inst6  ; work         ;
;          |memory_cell:inst7|  ; 1 (1)             ; 1 (1)        ; 0           ; 0            ; 0       ; 0         ; 0    ; 0            ; |ram|4x32ram:inst7|4x4ram:inst8|memory_cell:inst7  ; work         ;
;          |memory_cell:inst8|  ; 1 (1)             ; 1 (1)        ; 0           ; 0            ; 0       ; 0         ; 0    ; 0            ; |ram|4x32ram:inst7|4x4ram:inst8|memory_cell:inst8  ; work         ;
;          |memory_cell:inst9|  ; 1 (1)             ; 1 (1)        ; 0           ; 0            ; 0       ; 0         ; 0    ; 0            ; |ram|4x32ram:inst7|4x4ram:inst8|memory_cell:inst9  ; work         ;
;       |4x4ram:inst|           ; 25 (9)            ; 16 (0)       ; 0           ; 0            ; 0       ; 0         ; 0    ; 0            ; |ram|4x32ram:inst7|4x4ram:inst                     ; work         ;
;          |memory_cell:inst10| ; 1 (1)             ; 1 (1)        ; 0           ; 0            ; 0       ; 0         ; 0    ; 0            ; |ram|4x32ram:inst7|4x4ram:inst|memory_cell:inst10  ; work         ;
;          |memory_cell:inst11| ; 1 (1)             ; 1 (1)        ; 0           ; 0            ; 0       ; 0         ; 0    ; 0            ; |ram|4x32ram:inst7|4x4ram:inst|memory_cell:inst11  ; work         ;
;          |memory_cell:inst12| ; 1 (1)             ; 1 (1)        ; 0           ; 0            ; 0       ; 0         ; 0    ; 0            ; |ram|4x32ram:inst7|4x4ram:inst|memory_cell:inst12  ; work         ;
;          |memory_cell:inst13| ; 1 (1)             ; 1 (1)        ; 0           ; 0            ; 0       ; 0         ; 0    ; 0            ; |ram|4x32ram:inst7|4x4ram:inst|memory_cell:inst13  ; work         ;
;          |memory_cell:inst14| ; 1 (1)             ; 1 (1)        ; 0           ; 0            ; 0       ; 0         ; 0    ; 0            ; |ram|4x32ram:inst7|4x4ram:inst|memory_cell:inst14  ; work         ;
;          |memory_cell:inst15| ; 1 (1)             ; 1 (1)        ; 0           ; 0            ; 0       ; 0         ; 0    ; 0            ; |ram|4x32ram:inst7|4x4ram:inst|memory_cell:inst15  ; work         ;
;          |memory_cell:inst16| ; 1 (1)             ; 1 (1)        ; 0           ; 0            ; 0       ; 0         ; 0    ; 0            ; |ram|4x32ram:inst7|4x4ram:inst|memory_cell:inst16  ; work         ;
;          |memory_cell:inst1|  ; 1 (1)             ; 1 (1)        ; 0           ; 0            ; 0       ; 0         ; 0    ; 0            ; |ram|4x32ram:inst7|4x4ram:inst|memory_cell:inst1   ; work         ;
;          |memory_cell:inst2|  ; 1 (1)             ; 1 (1)        ; 0           ; 0            ; 0       ; 0         ; 0    ; 0            ; |ram|4x32ram:inst7|4x4ram:inst|memory_cell:inst2   ; work         ;
;          |memory_cell:inst3|  ; 1 (1)             ; 1 (1)        ; 0           ; 0            ; 0       ; 0         ; 0    ; 0            ; |ram|4x32ram:inst7|4x4ram:inst|memory_cell:inst3   ; work         ;
;          |memory_cell:inst4|  ; 1 (1)             ; 1 (1)        ; 0           ; 0            ; 0       ; 0         ; 0    ; 0            ; |ram|4x32ram:inst7|4x4ram:inst|memory_cell:inst4   ; work         ;
;          |memory_cell:inst5|  ; 1 (1)             ; 1 (1)        ; 0           ; 0            ; 0       ; 0         ; 0    ; 0            ; |ram|4x32ram:inst7|4x4ram:inst|memory_cell:inst5   ; work         ;
;          |memory_cell:inst6|  ; 1 (1)             ; 1 (1)        ; 0           ; 0            ; 0       ; 0         ; 0    ; 0            ; |ram|4x32ram:inst7|4x4ram:inst|memory_cell:inst6   ; work         ;
;          |memory_cell:inst7|  ; 1 (1)             ; 1 (1)        ; 0           ; 0            ; 0       ; 0         ; 0    ; 0            ; |ram|4x32ram:inst7|4x4ram:inst|memory_cell:inst7   ; work         ;
;          |memory_cell:inst8|  ; 1 (1)             ; 1 (1)        ; 0           ; 0            ; 0       ; 0         ; 0    ; 0            ; |ram|4x32ram:inst7|4x4ram:inst|memory_cell:inst8   ; work         ;
;          |memory_cell:inst9|  ; 1 (1)             ; 1 (1)        ; 0           ; 0            ; 0       ; 0         ; 0    ; 0            ; |ram|4x32ram:inst7|4x4ram:inst|memory_cell:inst9   ; work         ;
;    |4x32ram:inst|             ; 356 (0)           ; 128 (0)      ; 0           ; 0            ; 0       ; 0         ; 0    ; 0            ; |ram|4x32ram:inst                                  ; work         ;
;       |4x4ram:inst1|          ; 44 (28)           ; 16 (0)       ; 0           ; 0            ; 0       ; 0         ; 0    ; 0            ; |ram|4x32ram:inst|4x4ram:inst1                     ; work         ;
;          |memory_cell:inst10| ; 1 (1)             ; 1 (1)        ; 0           ; 0            ; 0       ; 0         ; 0    ; 0            ; |ram|4x32ram:inst|4x4ram:inst1|memory_cell:inst10  ; work         ;
;          |memory_cell:inst11| ; 1 (1)             ; 1 (1)        ; 0           ; 0            ; 0       ; 0         ; 0    ; 0            ; |ram|4x32ram:inst|4x4ram:inst1|memory_cell:inst11  ; work         ;
;          |memory_cell:inst12| ; 1 (1)             ; 1 (1)        ; 0           ; 0            ; 0       ; 0         ; 0    ; 0            ; |ram|4x32ram:inst|4x4ram:inst1|memory_cell:inst12  ; work         ;
;          |memory_cell:inst13| ; 1 (1)             ; 1 (1)        ; 0           ; 0            ; 0       ; 0         ; 0    ; 0            ; |ram|4x32ram:inst|4x4ram:inst1|memory_cell:inst13  ; work         ;
;          |memory_cell:inst14| ; 1 (1)             ; 1 (1)        ; 0           ; 0            ; 0       ; 0         ; 0    ; 0            ; |ram|4x32ram:inst|4x4ram:inst1|memory_cell:inst14  ; work         ;
;          |memory_cell:inst15| ; 1 (1)             ; 1 (1)        ; 0           ; 0            ; 0       ; 0         ; 0    ; 0            ; |ram|4x32ram:inst|4x4ram:inst1|memory_cell:inst15  ; work         ;
;          |memory_cell:inst16| ; 1 (1)             ; 1 (1)        ; 0           ; 0            ; 0       ; 0         ; 0    ; 0            ; |ram|4x32ram:inst|4x4ram:inst1|memory_cell:inst16  ; work         ;
;          |memory_cell:inst1|  ; 1 (1)             ; 1 (1)        ; 0           ; 0            ; 0       ; 0         ; 0    ; 0            ; |ram|4x32ram:inst|4x4ram:inst1|memory_cell:inst1   ; work         ;
;          |memory_cell:inst2|  ; 1 (1)             ; 1 (1)        ; 0           ; 0            ; 0       ; 0         ; 0    ; 0            ; |ram|4x32ram:inst|4x4ram:inst1|memory_cell:inst2   ; work         ;
;          |memory_cell:inst3|  ; 1 (1)             ; 1 (1)        ; 0           ; 0            ; 0       ; 0         ; 0    ; 0            ; |ram|4x32ram:inst|4x4ram:inst1|memory_cell:inst3   ; work         ;
;          |memory_cell:inst4|  ; 1 (1)             ; 1 (1)        ; 0           ; 0            ; 0       ; 0         ; 0    ; 0            ; |ram|4x32ram:inst|4x4ram:inst1|memory_cell:inst4   ; work         ;
;          |memory_cell:inst5|  ; 1 (1)             ; 1 (1)        ; 0           ; 0            ; 0       ; 0         ; 0    ; 0            ; |ram|4x32ram:inst|4x4ram:inst1|memory_cell:inst5   ; work         ;
;          |memory_cell:inst6|  ; 1 (1)             ; 1 (1)        ; 0           ; 0            ; 0       ; 0         ; 0    ; 0            ; |ram|4x32ram:inst|4x4ram:inst1|memory_cell:inst6   ; work         ;
;          |memory_cell:inst7|  ; 1 (1)             ; 1 (1)        ; 0           ; 0            ; 0       ; 0         ; 0    ; 0            ; |ram|4x32ram:inst|4x4ram:inst1|memory_cell:inst7   ; work         ;
;          |memory_cell:inst8|  ; 1 (1)             ; 1 (1)        ; 0           ; 0            ; 0       ; 0         ; 0    ; 0            ; |ram|4x32ram:inst|4x4ram:inst1|memory_cell:inst8   ; work         ;
;          |memory_cell:inst9|  ; 1 (1)             ; 1 (1)        ; 0           ; 0            ; 0       ; 0         ; 0    ; 0            ; |ram|4x32ram:inst|4x4ram:inst1|memory_cell:inst9   ; work         ;
;       |4x4ram:inst3|          ; 44 (28)           ; 16 (0)       ; 0           ; 0            ; 0       ; 0         ; 0    ; 0            ; |ram|4x32ram:inst|4x4ram:inst3                     ; work         ;
;          |memory_cell:inst10| ; 1 (1)             ; 1 (1)        ; 0           ; 0            ; 0       ; 0         ; 0    ; 0            ; |ram|4x32ram:inst|4x4ram:inst3|memory_cell:inst10  ; work         ;
;          |memory_cell:inst11| ; 1 (1)             ; 1 (1)        ; 0           ; 0            ; 0       ; 0         ; 0    ; 0            ; |ram|4x32ram:inst|4x4ram:inst3|memory_cell:inst11  ; work         ;
;          |memory_cell:inst12| ; 1 (1)             ; 1 (1)        ; 0           ; 0            ; 0       ; 0         ; 0    ; 0            ; |ram|4x32ram:inst|4x4ram:inst3|memory_cell:inst12  ; work         ;
;          |memory_cell:inst13| ; 1 (1)             ; 1 (1)        ; 0           ; 0            ; 0       ; 0         ; 0    ; 0            ; |ram|4x32ram:inst|4x4ram:inst3|memory_cell:inst13  ; work         ;
;          |memory_cell:inst14| ; 1 (1)             ; 1 (1)        ; 0           ; 0            ; 0       ; 0         ; 0    ; 0            ; |ram|4x32ram:inst|4x4ram:inst3|memory_cell:inst14  ; work         ;
;          |memory_cell:inst15| ; 1 (1)             ; 1 (1)        ; 0           ; 0            ; 0       ; 0         ; 0    ; 0            ; |ram|4x32ram:inst|4x4ram:inst3|memory_cell:inst15  ; work         ;
;          |memory_cell:inst16| ; 1 (1)             ; 1 (1)        ; 0           ; 0            ; 0       ; 0         ; 0    ; 0            ; |ram|4x32ram:inst|4x4ram:inst3|memory_cell:inst16  ; work         ;
;          |memory_cell:inst1|  ; 1 (1)             ; 1 (1)        ; 0           ; 0            ; 0       ; 0         ; 0    ; 0            ; |ram|4x32ram:inst|4x4ram:inst3|memory_cell:inst1   ; work         ;
;          |memory_cell:inst2|  ; 1 (1)             ; 1 (1)        ; 0           ; 0            ; 0       ; 0         ; 0    ; 0            ; |ram|4x32ram:inst|4x4ram:inst3|memory_cell:inst2   ; work         ;
;          |memory_cell:inst3|  ; 1 (1)             ; 1 (1)        ; 0           ; 0            ; 0       ; 0         ; 0    ; 0            ; |ram|4x32ram:inst|4x4ram:inst3|memory_cell:inst3   ; work         ;
;          |memory_cell:inst4|  ; 1 (1)             ; 1 (1)        ; 0           ; 0            ; 0       ; 0         ; 0    ; 0            ; |ram|4x32ram:inst|4x4ram:inst3|memory_cell:inst4   ; work         ;
;          |memory_cell:inst5|  ; 1 (1)             ; 1 (1)        ; 0           ; 0            ; 0       ; 0         ; 0    ; 0            ; |ram|4x32ram:inst|4x4ram:inst3|memory_cell:inst5   ; work         ;
;          |memory_cell:inst6|  ; 1 (1)             ; 1 (1)        ; 0           ; 0            ; 0       ; 0         ; 0    ; 0            ; |ram|4x32ram:inst|4x4ram:inst3|memory_cell:inst6   ; work         ;
;          |memory_cell:inst7|  ; 1 (1)             ; 1 (1)        ; 0           ; 0            ; 0       ; 0         ; 0    ; 0            ; |ram|4x32ram:inst|4x4ram:inst3|memory_cell:inst7   ; work         ;
;          |memory_cell:inst8|  ; 1 (1)             ; 1 (1)        ; 0           ; 0            ; 0       ; 0         ; 0    ; 0            ; |ram|4x32ram:inst|4x4ram:inst3|memory_cell:inst8   ; work         ;
;          |memory_cell:inst9|  ; 1 (1)             ; 1 (1)        ; 0           ; 0            ; 0       ; 0         ; 0    ; 0            ; |ram|4x32ram:inst|4x4ram:inst3|memory_cell:inst9   ; work         ;
;       |4x4ram:inst4|          ; 44 (28)           ; 16 (0)       ; 0           ; 0            ; 0       ; 0         ; 0    ; 0            ; |ram|4x32ram:inst|4x4ram:inst4                     ; work         ;
;          |memory_cell:inst10| ; 1 (1)             ; 1 (1)        ; 0           ; 0            ; 0       ; 0         ; 0    ; 0            ; |ram|4x32ram:inst|4x4ram:inst4|memory_cell:inst10  ; work         ;
;          |memory_cell:inst11| ; 1 (1)             ; 1 (1)        ; 0           ; 0            ; 0       ; 0         ; 0    ; 0            ; |ram|4x32ram:inst|4x4ram:inst4|memory_cell:inst11  ; work         ;
;          |memory_cell:inst12| ; 1 (1)             ; 1 (1)        ; 0           ; 0            ; 0       ; 0         ; 0    ; 0            ; |ram|4x32ram:inst|4x4ram:inst4|memory_cell:inst12  ; work         ;
;          |memory_cell:inst13| ; 1 (1)             ; 1 (1)        ; 0           ; 0            ; 0       ; 0         ; 0    ; 0            ; |ram|4x32ram:inst|4x4ram:inst4|memory_cell:inst13  ; work         ;
;          |memory_cell:inst14| ; 1 (1)             ; 1 (1)        ; 0           ; 0            ; 0       ; 0         ; 0    ; 0            ; |ram|4x32ram:inst|4x4ram:inst4|memory_cell:inst14  ; work         ;
;          |memory_cell:inst15| ; 1 (1)             ; 1 (1)        ; 0           ; 0            ; 0       ; 0         ; 0    ; 0            ; |ram|4x32ram:inst|4x4ram:inst4|memory_cell:inst15  ; work         ;
;          |memory_cell:inst16| ; 1 (1)             ; 1 (1)        ; 0           ; 0            ; 0       ; 0         ; 0    ; 0            ; |ram|4x32ram:inst|4x4ram:inst4|memory_cell:inst16  ; work         ;
;          |memory_cell:inst1|  ; 1 (1)             ; 1 (1)        ; 0           ; 0            ; 0       ; 0         ; 0    ; 0            ; |ram|4x32ram:inst|4x4ram:inst4|memory_cell:inst1   ; work         ;
;          |memory_cell:inst2|  ; 1 (1)             ; 1 (1)        ; 0           ; 0            ; 0       ; 0         ; 0    ; 0            ; |ram|4x32ram:inst|4x4ram:inst4|memory_cell:inst2   ; work         ;
;          |memory_cell:inst3|  ; 1 (1)             ; 1 (1)        ; 0           ; 0            ; 0       ; 0         ; 0    ; 0            ; |ram|4x32ram:inst|4x4ram:inst4|memory_cell:inst3   ; work         ;
;          |memory_cell:inst4|  ; 1 (1)             ; 1 (1)        ; 0           ; 0            ; 0       ; 0         ; 0    ; 0            ; |ram|4x32ram:inst|4x4ram:inst4|memory_cell:inst4   ; work         ;
;          |memory_cell:inst5|  ; 1 (1)             ; 1 (1)        ; 0           ; 0            ; 0       ; 0         ; 0    ; 0            ; |ram|4x32ram:inst|4x4ram:inst4|memory_cell:inst5   ; work         ;
;          |memory_cell:inst6|  ; 1 (1)             ; 1 (1)        ; 0           ; 0            ; 0       ; 0         ; 0    ; 0            ; |ram|4x32ram:inst|4x4ram:inst4|memory_cell:inst6   ; work         ;
;          |memory_cell:inst7|  ; 1 (1)             ; 1 (1)        ; 0           ; 0            ; 0       ; 0         ; 0    ; 0            ; |ram|4x32ram:inst|4x4ram:inst4|memory_cell:inst7   ; work         ;
;          |memory_cell:inst8|  ; 1 (1)             ; 1 (1)        ; 0           ; 0            ; 0       ; 0         ; 0    ; 0            ; |ram|4x32ram:inst|4x4ram:inst4|memory_cell:inst8   ; work         ;
;          |memory_cell:inst9|  ; 1 (1)             ; 1 (1)        ; 0           ; 0            ; 0       ; 0         ; 0    ; 0            ; |ram|4x32ram:inst|4x4ram:inst4|memory_cell:inst9   ; work         ;
;       |4x4ram:inst5|          ; 44 (28)           ; 16 (0)       ; 0           ; 0            ; 0       ; 0         ; 0    ; 0            ; |ram|4x32ram:inst|4x4ram:inst5                     ; work         ;
;          |memory_cell:inst10| ; 1 (1)             ; 1 (1)        ; 0           ; 0            ; 0       ; 0         ; 0    ; 0            ; |ram|4x32ram:inst|4x4ram:inst5|memory_cell:inst10  ; work         ;
;          |memory_cell:inst11| ; 1 (1)             ; 1 (1)        ; 0           ; 0            ; 0       ; 0         ; 0    ; 0            ; |ram|4x32ram:inst|4x4ram:inst5|memory_cell:inst11  ; work         ;
;          |memory_cell:inst12| ; 1 (1)             ; 1 (1)        ; 0           ; 0            ; 0       ; 0         ; 0    ; 0            ; |ram|4x32ram:inst|4x4ram:inst5|memory_cell:inst12  ; work         ;
;          |memory_cell:inst13| ; 1 (1)             ; 1 (1)        ; 0           ; 0            ; 0       ; 0         ; 0    ; 0            ; |ram|4x32ram:inst|4x4ram:inst5|memory_cell:inst13  ; work         ;
;          |memory_cell:inst14| ; 1 (1)             ; 1 (1)        ; 0           ; 0            ; 0       ; 0         ; 0    ; 0            ; |ram|4x32ram:inst|4x4ram:inst5|memory_cell:inst14  ; work         ;
;          |memory_cell:inst15| ; 1 (1)             ; 1 (1)        ; 0           ; 0            ; 0       ; 0         ; 0    ; 0            ; |ram|4x32ram:inst|4x4ram:inst5|memory_cell:inst15  ; work         ;
;          |memory_cell:inst16| ; 1 (1)             ; 1 (1)        ; 0           ; 0            ; 0       ; 0         ; 0    ; 0            ; |ram|4x32ram:inst|4x4ram:inst5|memory_cell:inst16  ; work         ;
;          |memory_cell:inst1|  ; 1 (1)             ; 1 (1)        ; 0           ; 0            ; 0       ; 0         ; 0    ; 0            ; |ram|4x32ram:inst|4x4ram:inst5|memory_cell:inst1   ; work         ;
;          |memory_cell:inst2|  ; 1 (1)             ; 1 (1)        ; 0           ; 0            ; 0       ; 0         ; 0    ; 0            ; |ram|4x32ram:inst|4x4ram:inst5|memory_cell:inst2   ; work         ;
;          |memory_cell:inst3|  ; 1 (1)             ; 1 (1)        ; 0           ; 0            ; 0       ; 0         ; 0    ; 0            ; |ram|4x32ram:inst|4x4ram:inst5|memory_cell:inst3   ; work         ;
;          |memory_cell:inst4|  ; 1 (1)             ; 1 (1)        ; 0           ; 0            ; 0       ; 0         ; 0    ; 0            ; |ram|4x32ram:inst|4x4ram:inst5|memory_cell:inst4   ; work         ;
;          |memory_cell:inst5|  ; 1 (1)             ; 1 (1)        ; 0           ; 0            ; 0       ; 0         ; 0    ; 0            ; |ram|4x32ram:inst|4x4ram:inst5|memory_cell:inst5   ; work         ;
;          |memory_cell:inst6|  ; 1 (1)             ; 1 (1)        ; 0           ; 0            ; 0       ; 0         ; 0    ; 0            ; |ram|4x32ram:inst|4x4ram:inst5|memory_cell:inst6   ; work         ;
;          |memory_cell:inst7|  ; 1 (1)             ; 1 (1)        ; 0           ; 0            ; 0       ; 0         ; 0    ; 0            ; |ram|4x32ram:inst|4x4ram:inst5|memory_cell:inst7   ; work         ;
;          |memory_cell:inst8|  ; 1 (1)             ; 1 (1)        ; 0           ; 0            ; 0       ; 0         ; 0    ; 0            ; |ram|4x32ram:inst|4x4ram:inst5|memory_cell:inst8   ; work         ;
;          |memory_cell:inst9|  ; 1 (1)             ; 1 (1)        ; 0           ; 0            ; 0       ; 0         ; 0    ; 0            ; |ram|4x32ram:inst|4x4ram:inst5|memory_cell:inst9   ; work         ;
;       |4x4ram:inst6|          ; 44 (28)           ; 16 (0)       ; 0           ; 0            ; 0       ; 0         ; 0    ; 0            ; |ram|4x32ram:inst|4x4ram:inst6                     ; work         ;
;          |memory_cell:inst10| ; 1 (1)             ; 1 (1)        ; 0           ; 0            ; 0       ; 0         ; 0    ; 0            ; |ram|4x32ram:inst|4x4ram:inst6|memory_cell:inst10  ; work         ;
;          |memory_cell:inst11| ; 1 (1)             ; 1 (1)        ; 0           ; 0            ; 0       ; 0         ; 0    ; 0            ; |ram|4x32ram:inst|4x4ram:inst6|memory_cell:inst11  ; work         ;
;          |memory_cell:inst12| ; 1 (1)             ; 1 (1)        ; 0           ; 0            ; 0       ; 0         ; 0    ; 0            ; |ram|4x32ram:inst|4x4ram:inst6|memory_cell:inst12  ; work         ;
;          |memory_cell:inst13| ; 1 (1)             ; 1 (1)        ; 0           ; 0            ; 0       ; 0         ; 0    ; 0            ; |ram|4x32ram:inst|4x4ram:inst6|memory_cell:inst13  ; work         ;
;          |memory_cell:inst14| ; 1 (1)             ; 1 (1)        ; 0           ; 0            ; 0       ; 0         ; 0    ; 0            ; |ram|4x32ram:inst|4x4ram:inst6|memory_cell:inst14  ; work         ;
;          |memory_cell:inst15| ; 1 (1)             ; 1 (1)        ; 0           ; 0            ; 0       ; 0         ; 0    ; 0            ; |ram|4x32ram:inst|4x4ram:inst6|memory_cell:inst15  ; work         ;
;          |memory_cell:inst16| ; 1 (1)             ; 1 (1)        ; 0           ; 0            ; 0       ; 0         ; 0    ; 0            ; |ram|4x32ram:inst|4x4ram:inst6|memory_cell:inst16  ; work         ;
;          |memory_cell:inst1|  ; 1 (1)             ; 1 (1)        ; 0           ; 0            ; 0       ; 0         ; 0    ; 0            ; |ram|4x32ram:inst|4x4ram:inst6|memory_cell:inst1   ; work         ;
;          |memory_cell:inst2|  ; 1 (1)             ; 1 (1)        ; 0           ; 0            ; 0       ; 0         ; 0    ; 0            ; |ram|4x32ram:inst|4x4ram:inst6|memory_cell:inst2   ; work         ;
;          |memory_cell:inst3|  ; 1 (1)             ; 1 (1)        ; 0           ; 0            ; 0       ; 0         ; 0    ; 0            ; |ram|4x32ram:inst|4x4ram:inst6|memory_cell:inst3   ; work         ;
;          |memory_cell:inst4|  ; 1 (1)             ; 1 (1)        ; 0           ; 0            ; 0       ; 0         ; 0    ; 0            ; |ram|4x32ram:inst|4x4ram:inst6|memory_cell:inst4   ; work         ;
;          |memory_cell:inst5|  ; 1 (1)             ; 1 (1)        ; 0           ; 0            ; 0       ; 0         ; 0    ; 0            ; |ram|4x32ram:inst|4x4ram:inst6|memory_cell:inst5   ; work         ;
;          |memory_cell:inst6|  ; 1 (1)             ; 1 (1)        ; 0           ; 0            ; 0       ; 0         ; 0    ; 0            ; |ram|4x32ram:inst|4x4ram:inst6|memory_cell:inst6   ; work         ;
;          |memory_cell:inst7|  ; 1 (1)             ; 1 (1)        ; 0           ; 0            ; 0       ; 0         ; 0    ; 0            ; |ram|4x32ram:inst|4x4ram:inst6|memory_cell:inst7   ; work         ;
;          |memory_cell:inst8|  ; 1 (1)             ; 1 (1)        ; 0           ; 0            ; 0       ; 0         ; 0    ; 0            ; |ram|4x32ram:inst|4x4ram:inst6|memory_cell:inst8   ; work         ;
;          |memory_cell:inst9|  ; 1 (1)             ; 1 (1)        ; 0           ; 0            ; 0       ; 0         ; 0    ; 0            ; |ram|4x32ram:inst|4x4ram:inst6|memory_cell:inst9   ; work         ;
;       |4x4ram:inst7|          ; 44 (28)           ; 16 (0)       ; 0           ; 0            ; 0       ; 0         ; 0    ; 0            ; |ram|4x32ram:inst|4x4ram:inst7                     ; work         ;
;          |memory_cell:inst10| ; 1 (1)             ; 1 (1)        ; 0           ; 0            ; 0       ; 0         ; 0    ; 0            ; |ram|4x32ram:inst|4x4ram:inst7|memory_cell:inst10  ; work         ;
;          |memory_cell:inst11| ; 1 (1)             ; 1 (1)        ; 0           ; 0            ; 0       ; 0         ; 0    ; 0            ; |ram|4x32ram:inst|4x4ram:inst7|memory_cell:inst11  ; work         ;
;          |memory_cell:inst12| ; 1 (1)             ; 1 (1)        ; 0           ; 0            ; 0       ; 0         ; 0    ; 0            ; |ram|4x32ram:inst|4x4ram:inst7|memory_cell:inst12  ; work         ;
;          |memory_cell:inst13| ; 1 (1)             ; 1 (1)        ; 0           ; 0            ; 0       ; 0         ; 0    ; 0            ; |ram|4x32ram:inst|4x4ram:inst7|memory_cell:inst13  ; work         ;
;          |memory_cell:inst14| ; 1 (1)             ; 1 (1)        ; 0           ; 0            ; 0       ; 0         ; 0    ; 0            ; |ram|4x32ram:inst|4x4ram:inst7|memory_cell:inst14  ; work         ;
;          |memory_cell:inst15| ; 1 (1)             ; 1 (1)        ; 0           ; 0            ; 0       ; 0         ; 0    ; 0            ; |ram|4x32ram:inst|4x4ram:inst7|memory_cell:inst15  ; work         ;
;          |memory_cell:inst16| ; 1 (1)             ; 1 (1)        ; 0           ; 0            ; 0       ; 0         ; 0    ; 0            ; |ram|4x32ram:inst|4x4ram:inst7|memory_cell:inst16  ; work         ;
;          |memory_cell:inst1|  ; 1 (1)             ; 1 (1)        ; 0           ; 0            ; 0       ; 0         ; 0    ; 0            ; |ram|4x32ram:inst|4x4ram:inst7|memory_cell:inst1   ; work         ;
;          |memory_cell:inst2|  ; 1 (1)             ; 1 (1)        ; 0           ; 0            ; 0       ; 0         ; 0    ; 0            ; |ram|4x32ram:inst|4x4ram:inst7|memory_cell:inst2   ; work         ;
;          |memory_cell:inst3|  ; 1 (1)             ; 1 (1)        ; 0           ; 0            ; 0       ; 0         ; 0    ; 0            ; |ram|4x32ram:inst|4x4ram:inst7|memory_cell:inst3   ; work         ;
;          |memory_cell:inst4|  ; 1 (1)             ; 1 (1)        ; 0           ; 0            ; 0       ; 0         ; 0    ; 0            ; |ram|4x32ram:inst|4x4ram:inst7|memory_cell:inst4   ; work         ;
;          |memory_cell:inst5|  ; 1 (1)             ; 1 (1)        ; 0           ; 0            ; 0       ; 0         ; 0    ; 0            ; |ram|4x32ram:inst|4x4ram:inst7|memory_cell:inst5   ; work         ;
;          |memory_cell:inst6|  ; 1 (1)             ; 1 (1)        ; 0           ; 0            ; 0       ; 0         ; 0    ; 0            ; |ram|4x32ram:inst|4x4ram:inst7|memory_cell:inst6   ; work         ;
;          |memory_cell:inst7|  ; 1 (1)             ; 1 (1)        ; 0           ; 0            ; 0       ; 0         ; 0    ; 0            ; |ram|4x32ram:inst|4x4ram:inst7|memory_cell:inst7   ; work         ;
;          |memory_cell:inst8|  ; 1 (1)             ; 1 (1)        ; 0           ; 0            ; 0       ; 0         ; 0    ; 0            ; |ram|4x32ram:inst|4x4ram:inst7|memory_cell:inst8   ; work         ;
;          |memory_cell:inst9|  ; 1 (1)             ; 1 (1)        ; 0           ; 0            ; 0       ; 0         ; 0    ; 0            ; |ram|4x32ram:inst|4x4ram:inst7|memory_cell:inst9   ; work         ;
;       |4x4ram:inst8|          ; 44 (28)           ; 16 (0)       ; 0           ; 0            ; 0       ; 0         ; 0    ; 0            ; |ram|4x32ram:inst|4x4ram:inst8                     ; work         ;
;          |memory_cell:inst10| ; 1 (1)             ; 1 (1)        ; 0           ; 0            ; 0       ; 0         ; 0    ; 0            ; |ram|4x32ram:inst|4x4ram:inst8|memory_cell:inst10  ; work         ;
;          |memory_cell:inst11| ; 1 (1)             ; 1 (1)        ; 0           ; 0            ; 0       ; 0         ; 0    ; 0            ; |ram|4x32ram:inst|4x4ram:inst8|memory_cell:inst11  ; work         ;
;          |memory_cell:inst12| ; 1 (1)             ; 1 (1)        ; 0           ; 0            ; 0       ; 0         ; 0    ; 0            ; |ram|4x32ram:inst|4x4ram:inst8|memory_cell:inst12  ; work         ;
;          |memory_cell:inst13| ; 1 (1)             ; 1 (1)        ; 0           ; 0            ; 0       ; 0         ; 0    ; 0            ; |ram|4x32ram:inst|4x4ram:inst8|memory_cell:inst13  ; work         ;
;          |memory_cell:inst14| ; 1 (1)             ; 1 (1)        ; 0           ; 0            ; 0       ; 0         ; 0    ; 0            ; |ram|4x32ram:inst|4x4ram:inst8|memory_cell:inst14  ; work         ;
;          |memory_cell:inst15| ; 1 (1)             ; 1 (1)        ; 0           ; 0            ; 0       ; 0         ; 0    ; 0            ; |ram|4x32ram:inst|4x4ram:inst8|memory_cell:inst15  ; work         ;
;          |memory_cell:inst16| ; 1 (1)             ; 1 (1)        ; 0           ; 0            ; 0       ; 0         ; 0    ; 0            ; |ram|4x32ram:inst|4x4ram:inst8|memory_cell:inst16  ; work         ;
;          |memory_cell:inst1|  ; 1 (1)             ; 1 (1)        ; 0           ; 0            ; 0       ; 0         ; 0    ; 0            ; |ram|4x32ram:inst|4x4ram:inst8|memory_cell:inst1   ; work         ;
;          |memory_cell:inst2|  ; 1 (1)             ; 1 (1)        ; 0           ; 0            ; 0       ; 0         ; 0    ; 0            ; |ram|4x32ram:inst|4x4ram:inst8|memory_cell:inst2   ; work         ;
;          |memory_cell:inst3|  ; 1 (1)             ; 1 (1)        ; 0           ; 0            ; 0       ; 0         ; 0    ; 0            ; |ram|4x32ram:inst|4x4ram:inst8|memory_cell:inst3   ; work         ;
;          |memory_cell:inst4|  ; 1 (1)             ; 1 (1)        ; 0           ; 0            ; 0       ; 0         ; 0    ; 0            ; |ram|4x32ram:inst|4x4ram:inst8|memory_cell:inst4   ; work         ;
;          |memory_cell:inst5|  ; 1 (1)             ; 1 (1)        ; 0           ; 0            ; 0       ; 0         ; 0    ; 0            ; |ram|4x32ram:inst|4x4ram:inst8|memory_cell:inst5   ; work         ;
;          |memory_cell:inst6|  ; 1 (1)             ; 1 (1)        ; 0           ; 0            ; 0       ; 0         ; 0    ; 0            ; |ram|4x32ram:inst|4x4ram:inst8|memory_cell:inst6   ; work         ;
;          |memory_cell:inst7|  ; 1 (1)             ; 1 (1)        ; 0           ; 0            ; 0       ; 0         ; 0    ; 0            ; |ram|4x32ram:inst|4x4ram:inst8|memory_cell:inst7   ; work         ;
;          |memory_cell:inst8|  ; 1 (1)             ; 1 (1)        ; 0           ; 0            ; 0       ; 0         ; 0    ; 0            ; |ram|4x32ram:inst|4x4ram:inst8|memory_cell:inst8   ; work         ;
;          |memory_cell:inst9|  ; 1 (1)             ; 1 (1)        ; 0           ; 0            ; 0       ; 0         ; 0    ; 0            ; |ram|4x32ram:inst|4x4ram:inst8|memory_cell:inst9   ; work         ;
;       |4x4ram:inst|           ; 48 (32)           ; 16 (0)       ; 0           ; 0            ; 0       ; 0         ; 0    ; 0            ; |ram|4x32ram:inst|4x4ram:inst                      ; work         ;
;          |memory_cell:inst10| ; 1 (1)             ; 1 (1)        ; 0           ; 0            ; 0       ; 0         ; 0    ; 0            ; |ram|4x32ram:inst|4x4ram:inst|memory_cell:inst10   ; work         ;
;          |memory_cell:inst11| ; 1 (1)             ; 1 (1)        ; 0           ; 0            ; 0       ; 0         ; 0    ; 0            ; |ram|4x32ram:inst|4x4ram:inst|memory_cell:inst11   ; work         ;
;          |memory_cell:inst12| ; 1 (1)             ; 1 (1)        ; 0           ; 0            ; 0       ; 0         ; 0    ; 0            ; |ram|4x32ram:inst|4x4ram:inst|memory_cell:inst12   ; work         ;
;          |memory_cell:inst13| ; 1 (1)             ; 1 (1)        ; 0           ; 0            ; 0       ; 0         ; 0    ; 0            ; |ram|4x32ram:inst|4x4ram:inst|memory_cell:inst13   ; work         ;
;          |memory_cell:inst14| ; 1 (1)             ; 1 (1)        ; 0           ; 0            ; 0       ; 0         ; 0    ; 0            ; |ram|4x32ram:inst|4x4ram:inst|memory_cell:inst14   ; work         ;
;          |memory_cell:inst15| ; 1 (1)             ; 1 (1)        ; 0           ; 0            ; 0       ; 0         ; 0    ; 0            ; |ram|4x32ram:inst|4x4ram:inst|memory_cell:inst15   ; work         ;
;          |memory_cell:inst16| ; 1 (1)             ; 1 (1)        ; 0           ; 0            ; 0       ; 0         ; 0    ; 0            ; |ram|4x32ram:inst|4x4ram:inst|memory_cell:inst16   ; work         ;
;          |memory_cell:inst1|  ; 1 (1)             ; 1 (1)        ; 0           ; 0            ; 0       ; 0         ; 0    ; 0            ; |ram|4x32ram:inst|4x4ram:inst|memory_cell:inst1    ; work         ;
;          |memory_cell:inst2|  ; 1 (1)             ; 1 (1)        ; 0           ; 0            ; 0       ; 0         ; 0    ; 0            ; |ram|4x32ram:inst|4x4ram:inst|memory_cell:inst2    ; work         ;
;          |memory_cell:inst3|  ; 1 (1)             ; 1 (1)        ; 0           ; 0            ; 0       ; 0         ; 0    ; 0            ; |ram|4x32ram:inst|4x4ram:inst|memory_cell:inst3    ; work         ;
;          |memory_cell:inst4|  ; 1 (1)             ; 1 (1)        ; 0           ; 0            ; 0       ; 0         ; 0    ; 0            ; |ram|4x32ram:inst|4x4ram:inst|memory_cell:inst4    ; work         ;
;          |memory_cell:inst5|  ; 1 (1)             ; 1 (1)        ; 0           ; 0            ; 0       ; 0         ; 0    ; 0            ; |ram|4x32ram:inst|4x4ram:inst|memory_cell:inst5    ; work         ;
;          |memory_cell:inst6|  ; 1 (1)             ; 1 (1)        ; 0           ; 0            ; 0       ; 0         ; 0    ; 0            ; |ram|4x32ram:inst|4x4ram:inst|memory_cell:inst6    ; work         ;
;          |memory_cell:inst7|  ; 1 (1)             ; 1 (1)        ; 0           ; 0            ; 0       ; 0         ; 0    ; 0            ; |ram|4x32ram:inst|4x4ram:inst|memory_cell:inst7    ; work         ;
;          |memory_cell:inst8|  ; 1 (1)             ; 1 (1)        ; 0           ; 0            ; 0       ; 0         ; 0    ; 0            ; |ram|4x32ram:inst|4x4ram:inst|memory_cell:inst8    ; work         ;
;          |memory_cell:inst9|  ; 1 (1)             ; 1 (1)        ; 0           ; 0            ; 0       ; 0         ; 0    ; 0            ; |ram|4x32ram:inst|4x4ram:inst|memory_cell:inst9    ; work         ;
+-------------------------------+-------------------+--------------+-------------+--------------+---------+-----------+------+--------------+----------------------------------------------------+--------------+
Note: For table entries with two numbers listed, the numbers in parentheses indicate the number of resources of the given type used by the specific entity alone. The numbers listed outside of parentheses indicate the total resources of the given type used by the specific entity and all of its sub-entities in the hierarchy.


+------------------------------------------------------+
; General Register Statistics                          ;
+----------------------------------------------+-------+
; Statistic                                    ; Value ;
+----------------------------------------------+-------+
; Total registers                              ; 1024  ;
; Number of registers using Synchronous Clear  ; 0     ;
; Number of registers using Synchronous Load   ; 0     ;
; Number of registers using Asynchronous Clear ; 0     ;
; Number of registers using Asynchronous Load  ; 0     ;
; Number of registers using Clock Enable       ; 0     ;
; Number of registers using Preset             ; 0     ;
+----------------------------------------------+-------+


+-------------------------------+
; Elapsed Time Per Partition    ;
+----------------+--------------+
; Partition Name ; Elapsed Time ;
+----------------+--------------+
; Top            ; 00:00:01     ;
+----------------+--------------+


+-------------------------------+
; Analysis & Synthesis Messages ;
+-------------------------------+
Info: *******************************************************************
Info: Running Quartus II 64-Bit Analysis & Synthesis
    Info: Version 13.0.1 Build 232 06/12/2013 Service Pack 1 SJ Web Edition
    Info: Processing started: Fri Oct 24 11:26:48 2025
Info: Command: quartus_map --read_settings_files=on --write_settings_files=off ram -c ram
Warning (20028): Parallel compilation is not licensed and has been disabled
Info (12021): Found 1 design units, including 1 entities, in source file test/ram/ram32x32.bdf
    Info (12023): Found entity 1: RAM32x32
Info (12021): Found 1 design units, including 1 entities, in source file test/ram/ram4x32.bdf
    Info (12023): Found entity 1: RAM4x32
Info (12021): Found 1 design units, including 1 entities, in source file test/ram/ram4x4.bdf
    Info (12023): Found entity 1: RAM4x4
Info (12021): Found 1 design units, including 1 entities, in source file memory_cell.bdf
    Info (12023): Found entity 1: memory_cell
Info (12021): Found 1 design units, including 1 entities, in source file ram.bdf
    Info (12023): Found entity 1: ram
Info (12021): Found 1 design units, including 1 entities, in source file 24decoder.bdf
    Info (12023): Found entity 1: 24decoder
Info (12021): Found 1 design units, including 1 entities, in source file 4x4ram.bdf
    Info (12023): Found entity 1: 4x4ram
Info (12021): Found 1 design units, including 1 entities, in source file 4x32ram.bdf
    Info (12023): Found entity 1: 4x32ram
Info (12021): Found 1 design units, including 1 entities, in source file 532decoder.bdf
    Info (12023): Found entity 1: 532decoder
Info (12021): Found 1 design units, including 1 entities, in source file 38decoder.bdf
    Info (12023): Found entity 1: 38decoder
Info (12127): Elaborating entity "ram" for the top level hierarchy
Info (12128): Elaborating entity "4x32ram" for hierarchy "4x32ram:inst"
Info (12128): Elaborating entity "4x4ram" for hierarchy "4x32ram:inst|4x4ram:inst"
Info (12128): Elaborating entity "memory_cell" for hierarchy "4x32ram:inst|4x4ram:inst|memory_cell:inst2"
Info (12128): Elaborating entity "24decoder" for hierarchy "4x32ram:inst|4x4ram:inst|24decoder:inst"
Info (12128): Elaborating entity "38decoder" for hierarchy "38decoder:inst8"
Warning (13046): Tri-state node(s) do not directly drive top-level pin(s)
    Warning (13047): Converted the fan-out from the tri-state buffer "4x32ram:inst|4x4ram:inst|memory_cell:inst1|inst3" to the node "4x32ram:inst|4x4ram:inst|inst19" into an OR gate
    Warning (13047): Converted the fan-out from the tri-state buffer "4x32ram:inst1|4x4ram:inst|memory_cell:inst1|inst3" to the node "4x32ram:inst1|4x4ram:inst|inst19" into an OR gate
    Warning (13047): Converted the fan-out from the tri-state buffer "4x32ram:inst2|4x4ram:inst|memory_cell:inst1|inst3" to the node "4x32ram:inst2|4x4ram:inst|inst19" into an OR gate
    Warning (13047): Converted the fan-out from the tri-state buffer "4x32ram:inst3|4x4ram:inst|memory_cell:inst1|inst3" to the node "4x32ram:inst3|4x4ram:inst|inst19" into an OR gate
    Warning (13047): Converted the fan-out from the tri-state buffer "4x32ram:inst4|4x4ram:inst|memory_cell:inst1|inst3" to the node "4x32ram:inst4|4x4ram:inst|inst19" into an OR gate
    Warning (13047): Converted the fan-out from the tri-state buffer "4x32ram:inst5|4x4ram:inst|memory_cell:inst1|inst3" to the node "4x32ram:inst5|4x4ram:inst|inst19" into an OR gate
    Warning (13047): Converted the fan-out from the tri-state buffer "4x32ram:inst6|4x4ram:inst|memory_cell:inst1|inst3" to the node "4x32ram:inst6|4x4ram:inst|inst19" into an OR gate
    Warning (13047): Converted the fan-out from the tri-state buffer "4x32ram:inst7|4x4ram:inst|memory_cell:inst1|inst3" to the node "4x32ram:inst7|4x4ram:inst|inst19" into an OR gate
    Warning (13047): Converted the fan-out from the tri-state buffer "4x32ram:inst|4x4ram:inst|memory_cell:inst2|inst3" to the node "4x32ram:inst|4x4ram:inst|inst20" into an OR gate
    Warning (13047): Converted the fan-out from the tri-state buffer "4x32ram:inst1|4x4ram:inst|memory_cell:inst2|inst3" to the node "4x32ram:inst1|4x4ram:inst|inst20" into an OR gate
    Warning (13047): Converted the fan-out from the tri-state buffer "4x32ram:inst2|4x4ram:inst|memory_cell:inst2|inst3" to the node "4x32ram:inst2|4x4ram:inst|inst20" into an OR gate
    Warning (13047): Converted the fan-out from the tri-state buffer "4x32ram:inst3|4x4ram:inst|memory_cell:inst2|inst3" to the node "4x32ram:inst3|4x4ram:inst|inst20" into an OR gate
    Warning (13047): Converted the fan-out from the tri-state buffer "4x32ram:inst4|4x4ram:inst|memory_cell:inst2|inst3" to the node "4x32ram:inst4|4x4ram:inst|inst20" into an OR gate
    Warning (13047): Converted the fan-out from the tri-state buffer "4x32ram:inst5|4x4ram:inst|memory_cell:inst2|inst3" to the node "4x32ram:inst5|4x4ram:inst|inst20" into an OR gate
    Warning (13047): Converted the fan-out from the tri-state buffer "4x32ram:inst6|4x4ram:inst|memory_cell:inst2|inst3" to the node "4x32ram:inst6|4x4ram:inst|inst20" into an OR gate
    Warning (13047): Converted the fan-out from the tri-state buffer "4x32ram:inst7|4x4ram:inst|memory_cell:inst2|inst3" to the node "4x32ram:inst7|4x4ram:inst|inst20" into an OR gate
    Warning (13047): Converted the fan-out from the tri-state buffer "4x32ram:inst|4x4ram:inst|memory_cell:inst9|inst3" to the node "4x32ram:inst|4x4ram:inst|inst21" into an OR gate
    Warning (13047): Converted the fan-out from the tri-state buffer "4x32ram:inst1|4x4ram:inst|memory_cell:inst9|inst3" to the node "4x32ram:inst1|4x4ram:inst|inst21" into an OR gate
    Warning (13047): Converted the fan-out from the tri-state buffer "4x32ram:inst2|4x4ram:inst|memory_cell:inst9|inst3" to the node "4x32ram:inst2|4x4ram:inst|inst21" into an OR gate
    Warning (13047): Converted the fan-out from the tri-state buffer "4x32ram:inst3|4x4ram:inst|memory_cell:inst9|inst3" to the node "4x32ram:inst3|4x4ram:inst|inst21" into an OR gate
    Warning (13047): Converted the fan-out from the tri-state buffer "4x32ram:inst4|4x4ram:inst|memory_cell:inst9|inst3" to the node "4x32ram:inst4|4x4ram:inst|inst21" into an OR gate
    Warning (13047): Converted the fan-out from the tri-state buffer "4x32ram:inst5|4x4ram:inst|memory_cell:inst9|inst3" to the node "4x32ram:inst5|4x4ram:inst|inst21" into an OR gate
    Warning (13047): Converted the fan-out from the tri-state buffer "4x32ram:inst6|4x4ram:inst|memory_cell:inst9|inst3" to the node "4x32ram:inst6|4x4ram:inst|inst21" into an OR gate
    Warning (13047): Converted the fan-out from the tri-state buffer "4x32ram:inst7|4x4ram:inst|memory_cell:inst9|inst3" to the node "4x32ram:inst7|4x4ram:inst|inst21" into an OR gate
    Warning (13047): Converted the fan-out from the tri-state buffer "4x32ram:inst|4x4ram:inst|memory_cell:inst10|inst3" to the node "4x32ram:inst|4x4ram:inst|inst22" into an OR gate
    Warning (13047): Converted the fan-out from the tri-state buffer "4x32ram:inst1|4x4ram:inst|memory_cell:inst10|inst3" to the node "4x32ram:inst1|4x4ram:inst|inst22" into an OR gate
    Warning (13047): Converted the fan-out from the tri-state buffer "4x32ram:inst2|4x4ram:inst|memory_cell:inst10|inst3" to the node "4x32ram:inst2|4x4ram:inst|inst22" into an OR gate
    Warning (13047): Converted the fan-out from the tri-state buffer "4x32ram:inst3|4x4ram:inst|memory_cell:inst10|inst3" to the node "4x32ram:inst3|4x4ram:inst|inst22" into an OR gate
    Warning (13047): Converted the fan-out from the tri-state buffer "4x32ram:inst4|4x4ram:inst|memory_cell:inst10|inst3" to the node "4x32ram:inst4|4x4ram:inst|inst22" into an OR gate
    Warning (13047): Converted the fan-out from the tri-state buffer "4x32ram:inst5|4x4ram:inst|memory_cell:inst10|inst3" to the node "4x32ram:inst5|4x4ram:inst|inst22" into an OR gate
    Warning (13047): Converted the fan-out from the tri-state buffer "4x32ram:inst6|4x4ram:inst|memory_cell:inst10|inst3" to the node "4x32ram:inst6|4x4ram:inst|inst22" into an OR gate
    Warning (13047): Converted the fan-out from the tri-state buffer "4x32ram:inst7|4x4ram:inst|memory_cell:inst10|inst3" to the node "4x32ram:inst7|4x4ram:inst|inst22" into an OR gate
    Warning (13047): Converted the fan-out from the tri-state buffer "4x32ram:inst|4x4ram:inst1|memory_cell:inst1|inst3" to the node "4x32ram:inst|4x4ram:inst1|inst19" into an OR gate
    Warning (13047): Converted the fan-out from the tri-state buffer "4x32ram:inst1|4x4ram:inst1|memory_cell:inst1|inst3" to the node "4x32ram:inst1|4x4ram:inst1|inst19" into an OR gate
    Warning (13047): Converted the fan-out from the tri-state buffer "4x32ram:inst2|4x4ram:inst1|memory_cell:inst1|inst3" to the node "4x32ram:inst2|4x4ram:inst1|inst19" into an OR gate
    Warning (13047): Converted the fan-out from the tri-state buffer "4x32ram:inst3|4x4ram:inst1|memory_cell:inst1|inst3" to the node "4x32ram:inst3|4x4ram:inst1|inst19" into an OR gate
    Warning (13047): Converted the fan-out from the tri-state buffer "4x32ram:inst4|4x4ram:inst1|memory_cell:inst1|inst3" to the node "4x32ram:inst4|4x4ram:inst1|inst19" into an OR gate
    Warning (13047): Converted the fan-out from the tri-state buffer "4x32ram:inst5|4x4ram:inst1|memory_cell:inst1|inst3" to the node "4x32ram:inst5|4x4ram:inst1|inst19" into an OR gate
    Warning (13047): Converted the fan-out from the tri-state buffer "4x32ram:inst6|4x4ram:inst1|memory_cell:inst1|inst3" to the node "4x32ram:inst6|4x4ram:inst1|inst19" into an OR gate
    Warning (13047): Converted the fan-out from the tri-state buffer "4x32ram:inst7|4x4ram:inst1|memory_cell:inst1|inst3" to the node "4x32ram:inst7|4x4ram:inst1|inst19" into an OR gate
    Warning (13047): Converted the fan-out from the tri-state buffer "4x32ram:inst|4x4ram:inst1|memory_cell:inst2|inst3" to the node "4x32ram:inst|4x4ram:inst1|inst20" into an OR gate
    Warning (13047): Converted the fan-out from the tri-state buffer "4x32ram:inst1|4x4ram:inst1|memory_cell:inst2|inst3" to the node "4x32ram:inst1|4x4ram:inst1|inst20" into an OR gate
    Warning (13047): Converted the fan-out from the tri-state buffer "4x32ram:inst2|4x4ram:inst1|memory_cell:inst2|inst3" to the node "4x32ram:inst2|4x4ram:inst1|inst20" into an OR gate
    Warning (13047): Converted the fan-out from the tri-state buffer "4x32ram:inst3|4x4ram:inst1|memory_cell:inst2|inst3" to the node "4x32ram:inst3|4x4ram:inst1|inst20" into an OR gate
    Warning (13047): Converted the fan-out from the tri-state buffer "4x32ram:inst4|4x4ram:inst1|memory_cell:inst2|inst3" to the node "4x32ram:inst4|4x4ram:inst1|inst20" into an OR gate
    Warning (13047): Converted the fan-out from the tri-state buffer "4x32ram:inst5|4x4ram:inst1|memory_cell:inst2|inst3" to the node "4x32ram:inst5|4x4ram:inst1|inst20" into an OR gate
    Warning (13047): Converted the fan-out from the tri-state buffer "4x32ram:inst6|4x4ram:inst1|memory_cell:inst2|inst3" to the node "4x32ram:inst6|4x4ram:inst1|inst20" into an OR gate
    Warning (13047): Converted the fan-out from the tri-state buffer "4x32ram:inst7|4x4ram:inst1|memory_cell:inst2|inst3" to the node "4x32ram:inst7|4x4ram:inst1|inst20" into an OR gate
    Warning (13047): Converted the fan-out from the tri-state buffer "4x32ram:inst|4x4ram:inst1|memory_cell:inst9|inst3" to the node "4x32ram:inst|4x4ram:inst1|inst21" into an OR gate
    Warning (13047): Converted the fan-out from the tri-state buffer "4x32ram:inst1|4x4ram:inst1|memory_cell:inst9|inst3" to the node "4x32ram:inst1|4x4ram:inst1|inst21" into an OR gate
    Warning (13047): Converted the fan-out from the tri-state buffer "4x32ram:inst2|4x4ram:inst1|memory_cell:inst9|inst3" to the node "4x32ram:inst2|4x4ram:inst1|inst21" into an OR gate
    Warning (13047): Converted the fan-out from the tri-state buffer "4x32ram:inst3|4x4ram:inst1|memory_cell:inst9|inst3" to the node "4x32ram:inst3|4x4ram:inst1|inst21" into an OR gate
    Warning (13047): Converted the fan-out from the tri-state buffer "4x32ram:inst4|4x4ram:inst1|memory_cell:inst9|inst3" to the node "4x32ram:inst4|4x4ram:inst1|inst21" into an OR gate
    Warning (13047): Converted the fan-out from the tri-state buffer "4x32ram:inst5|4x4ram:inst1|memory_cell:inst9|inst3" to the node "4x32ram:inst5|4x4ram:inst1|inst21" into an OR gate
    Warning (13047): Converted the fan-out from the tri-state buffer "4x32ram:inst6|4x4ram:inst1|memory_cell:inst9|inst3" to the node "4x32ram:inst6|4x4ram:inst1|inst21" into an OR gate
    Warning (13047): Converted the fan-out from the tri-state buffer "4x32ram:inst7|4x4ram:inst1|memory_cell:inst9|inst3" to the node "4x32ram:inst7|4x4ram:inst1|inst21" into an OR gate
    Warning (13047): Converted the fan-out from the tri-state buffer "4x32ram:inst|4x4ram:inst1|memory_cell:inst10|inst3" to the node "4x32ram:inst|4x4ram:inst1|inst22" into an OR gate
    Warning (13047): Converted the fan-out from the tri-state buffer "4x32ram:inst1|4x4ram:inst1|memory_cell:inst10|inst3" to the node "4x32ram:inst1|4x4ram:inst1|inst22" into an OR gate
    Warning (13047): Converted the fan-out from the tri-state buffer "4x32ram:inst2|4x4ram:inst1|memory_cell:inst10|inst3" to the node "4x32ram:inst2|4x4ram:inst1|inst22" into an OR gate
    Warning (13047): Converted the fan-out from the tri-state buffer "4x32ram:inst3|4x4ram:inst1|memory_cell:inst10|inst3" to the node "4x32ram:inst3|4x4ram:inst1|inst22" into an OR gate
    Warning (13047): Converted the fan-out from the tri-state buffer "4x32ram:inst4|4x4ram:inst1|memory_cell:inst10|inst3" to the node "4x32ram:inst4|4x4ram:inst1|inst22" into an OR gate
    Warning (13047): Converted the fan-out from the tri-state buffer "4x32ram:inst5|4x4ram:inst1|memory_cell:inst10|inst3" to the node "4x32ram:inst5|4x4ram:inst1|inst22" into an OR gate
    Warning (13047): Converted the fan-out from the tri-state buffer "4x32ram:inst6|4x4ram:inst1|memory_cell:inst10|inst3" to the node "4x32ram:inst6|4x4ram:inst1|inst22" into an OR gate
    Warning (13047): Converted the fan-out from the tri-state buffer "4x32ram:inst7|4x4ram:inst1|memory_cell:inst10|inst3" to the node "4x32ram:inst7|4x4ram:inst1|inst22" into an OR gate
    Warning (13047): Converted the fan-out from the tri-state buffer "4x32ram:inst|4x4ram:inst3|memory_cell:inst1|inst3" to the node "4x32ram:inst|4x4ram:inst3|inst19" into an OR gate
    Warning (13047): Converted the fan-out from the tri-state buffer "4x32ram:inst1|4x4ram:inst3|memory_cell:inst1|inst3" to the node "4x32ram:inst1|4x4ram:inst3|inst19" into an OR gate
    Warning (13047): Converted the fan-out from the tri-state buffer "4x32ram:inst2|4x4ram:inst3|memory_cell:inst1|inst3" to the node "4x32ram:inst2|4x4ram:inst3|inst19" into an OR gate
    Warning (13047): Converted the fan-out from the tri-state buffer "4x32ram:inst3|4x4ram:inst3|memory_cell:inst1|inst3" to the node "4x32ram:inst3|4x4ram:inst3|inst19" into an OR gate
    Warning (13047): Converted the fan-out from the tri-state buffer "4x32ram:inst4|4x4ram:inst3|memory_cell:inst1|inst3" to the node "4x32ram:inst4|4x4ram:inst3|inst19" into an OR gate
    Warning (13047): Converted the fan-out from the tri-state buffer "4x32ram:inst5|4x4ram:inst3|memory_cell:inst1|inst3" to the node "4x32ram:inst5|4x4ram:inst3|inst19" into an OR gate
    Warning (13047): Converted the fan-out from the tri-state buffer "4x32ram:inst6|4x4ram:inst3|memory_cell:inst1|inst3" to the node "4x32ram:inst6|4x4ram:inst3|inst19" into an OR gate
    Warning (13047): Converted the fan-out from the tri-state buffer "4x32ram:inst7|4x4ram:inst3|memory_cell:inst1|inst3" to the node "4x32ram:inst7|4x4ram:inst3|inst19" into an OR gate
    Warning (13047): Converted the fan-out from the tri-state buffer "4x32ram:inst|4x4ram:inst3|memory_cell:inst2|inst3" to the node "4x32ram:inst|4x4ram:inst3|inst20" into an OR gate
    Warning (13047): Converted the fan-out from the tri-state buffer "4x32ram:inst1|4x4ram:inst3|memory_cell:inst2|inst3" to the node "4x32ram:inst1|4x4ram:inst3|inst20" into an OR gate
    Warning (13047): Converted the fan-out from the tri-state buffer "4x32ram:inst2|4x4ram:inst3|memory_cell:inst2|inst3" to the node "4x32ram:inst2|4x4ram:inst3|inst20" into an OR gate
    Warning (13047): Converted the fan-out from the tri-state buffer "4x32ram:inst3|4x4ram:inst3|memory_cell:inst2|inst3" to the node "4x32ram:inst3|4x4ram:inst3|inst20" into an OR gate
    Warning (13047): Converted the fan-out from the tri-state buffer "4x32ram:inst4|4x4ram:inst3|memory_cell:inst2|inst3" to the node "4x32ram:inst4|4x4ram:inst3|inst20" into an OR gate
    Warning (13047): Converted the fan-out from the tri-state buffer "4x32ram:inst5|4x4ram:inst3|memory_cell:inst2|inst3" to the node "4x32ram:inst5|4x4ram:inst3|inst20" into an OR gate
    Warning (13047): Converted the fan-out from the tri-state buffer "4x32ram:inst6|4x4ram:inst3|memory_cell:inst2|inst3" to the node "4x32ram:inst6|4x4ram:inst3|inst20" into an OR gate
    Warning (13047): Converted the fan-out from the tri-state buffer "4x32ram:inst7|4x4ram:inst3|memory_cell:inst2|inst3" to the node "4x32ram:inst7|4x4ram:inst3|inst20" into an OR gate
    Warning (13047): Converted the fan-out from the tri-state buffer "4x32ram:inst|4x4ram:inst3|memory_cell:inst9|inst3" to the node "4x32ram:inst|4x4ram:inst3|inst21" into an OR gate
    Warning (13047): Converted the fan-out from the tri-state buffer "4x32ram:inst1|4x4ram:inst3|memory_cell:inst9|inst3" to the node "4x32ram:inst1|4x4ram:inst3|inst21" into an OR gate
    Warning (13047): Converted the fan-out from the tri-state buffer "4x32ram:inst2|4x4ram:inst3|memory_cell:inst9|inst3" to the node "4x32ram:inst2|4x4ram:inst3|inst21" into an OR gate
    Warning (13047): Converted the fan-out from the tri-state buffer "4x32ram:inst3|4x4ram:inst3|memory_cell:inst9|inst3" to the node "4x32ram:inst3|4x4ram:inst3|inst21" into an OR gate
    Warning (13047): Converted the fan-out from the tri-state buffer "4x32ram:inst4|4x4ram:inst3|memory_cell:inst9|inst3" to the node "4x32ram:inst4|4x4ram:inst3|inst21" into an OR gate
    Warning (13047): Converted the fan-out from the tri-state buffer "4x32ram:inst5|4x4ram:inst3|memory_cell:inst9|inst3" to the node "4x32ram:inst5|4x4ram:inst3|inst21" into an OR gate
    Warning (13047): Converted the fan-out from the tri-state buffer "4x32ram:inst6|4x4ram:inst3|memory_cell:inst9|inst3" to the node "4x32ram:inst6|4x4ram:inst3|inst21" into an OR gate
    Warning (13047): Converted the fan-out from the tri-state buffer "4x32ram:inst7|4x4ram:inst3|memory_cell:inst9|inst3" to the node "4x32ram:inst7|4x4ram:inst3|inst21" into an OR gate
    Warning (13047): Converted the fan-out from the tri-state buffer "4x32ram:inst|4x4ram:inst3|memory_cell:inst10|inst3" to the node "4x32ram:inst|4x4ram:inst3|inst22" into an OR gate
    Warning (13047): Converted the fan-out from the tri-state buffer "4x32ram:inst1|4x4ram:inst3|memory_cell:inst10|inst3" to the node "4x32ram:inst1|4x4ram:inst3|inst22" into an OR gate
    Warning (13047): Converted the fan-out from the tri-state buffer "4x32ram:inst2|4x4ram:inst3|memory_cell:inst10|inst3" to the node "4x32ram:inst2|4x4ram:inst3|inst22" into an OR gate
    Warning (13047): Converted the fan-out from the tri-state buffer "4x32ram:inst3|4x4ram:inst3|memory_cell:inst10|inst3" to the node "4x32ram:inst3|4x4ram:inst3|inst22" into an OR gate
    Warning (13047): Converted the fan-out from the tri-state buffer "4x32ram:inst4|4x4ram:inst3|memory_cell:inst10|inst3" to the node "4x32ram:inst4|4x4ram:inst3|inst22" into an OR gate
    Warning (13047): Converted the fan-out from the tri-state buffer "4x32ram:inst5|4x4ram:inst3|memory_cell:inst10|inst3" to the node "4x32ram:inst5|4x4ram:inst3|inst22" into an OR gate
    Warning (13047): Converted the fan-out from the tri-state buffer "4x32ram:inst6|4x4ram:inst3|memory_cell:inst10|inst3" to the node "4x32ram:inst6|4x4ram:inst3|inst22" into an OR gate
    Warning (13047): Converted the fan-out from the tri-state buffer "4x32ram:inst7|4x4ram:inst3|memory_cell:inst10|inst3" to the node "4x32ram:inst7|4x4ram:inst3|inst22" into an OR gate
    Warning (13047): Converted the fan-out from the tri-state buffer "4x32ram:inst|4x4ram:inst4|memory_cell:inst1|inst3" to the node "4x32ram:inst|4x4ram:inst4|inst19" into an OR gate
    Warning (13047): Converted the fan-out from the tri-state buffer "4x32ram:inst1|4x4ram:inst4|memory_cell:inst1|inst3" to the node "4x32ram:inst1|4x4ram:inst4|inst19" into an OR gate
    Warning (13047): Converted the fan-out from the tri-state buffer "4x32ram:inst2|4x4ram:inst4|memory_cell:inst1|inst3" to the node "4x32ram:inst2|4x4ram:inst4|inst19" into an OR gate
    Warning (13047): Converted the fan-out from the tri-state buffer "4x32ram:inst3|4x4ram:inst4|memory_cell:inst1|inst3" to the node "4x32ram:inst3|4x4ram:inst4|inst19" into an OR gate
    Warning (13047): Converted the fan-out from the tri-state buffer "4x32ram:inst4|4x4ram:inst4|memory_cell:inst1|inst3" to the node "4x32ram:inst4|4x4ram:inst4|inst19" into an OR gate
    Warning (13047): Converted the fan-out from the tri-state buffer "4x32ram:inst5|4x4ram:inst4|memory_cell:inst1|inst3" to the node "4x32ram:inst5|4x4ram:inst4|inst19" into an OR gate
    Warning (13047): Converted the fan-out from the tri-state buffer "4x32ram:inst6|4x4ram:inst4|memory_cell:inst1|inst3" to the node "4x32ram:inst6|4x4ram:inst4|inst19" into an OR gate
    Warning (13047): Converted the fan-out from the tri-state buffer "4x32ram:inst7|4x4ram:inst4|memory_cell:inst1|inst3" to the node "4x32ram:inst7|4x4ram:inst4|inst19" into an OR gate
    Warning (13047): Converted the fan-out from the tri-state buffer "4x32ram:inst|4x4ram:inst4|memory_cell:inst2|inst3" to the node "4x32ram:inst|4x4ram:inst4|inst20" into an OR gate
    Warning (13047): Converted the fan-out from the tri-state buffer "4x32ram:inst1|4x4ram:inst4|memory_cell:inst2|inst3" to the node "4x32ram:inst1|4x4ram:inst4|inst20" into an OR gate
    Warning (13047): Converted the fan-out from the tri-state buffer "4x32ram:inst2|4x4ram:inst4|memory_cell:inst2|inst3" to the node "4x32ram:inst2|4x4ram:inst4|inst20" into an OR gate
    Warning (13047): Converted the fan-out from the tri-state buffer "4x32ram:inst3|4x4ram:inst4|memory_cell:inst2|inst3" to the node "4x32ram:inst3|4x4ram:inst4|inst20" into an OR gate
    Warning (13047): Converted the fan-out from the tri-state buffer "4x32ram:inst4|4x4ram:inst4|memory_cell:inst2|inst3" to the node "4x32ram:inst4|4x4ram:inst4|inst20" into an OR gate
    Warning (13047): Converted the fan-out from the tri-state buffer "4x32ram:inst5|4x4ram:inst4|memory_cell:inst2|inst3" to the node "4x32ram:inst5|4x4ram:inst4|inst20" into an OR gate
    Warning (13047): Converted the fan-out from the tri-state buffer "4x32ram:inst6|4x4ram:inst4|memory_cell:inst2|inst3" to the node "4x32ram:inst6|4x4ram:inst4|inst20" into an OR gate
    Warning (13047): Converted the fan-out from the tri-state buffer "4x32ram:inst7|4x4ram:inst4|memory_cell:inst2|inst3" to the node "4x32ram:inst7|4x4ram:inst4|inst20" into an OR gate
    Warning (13047): Converted the fan-out from the tri-state buffer "4x32ram:inst|4x4ram:inst4|memory_cell:inst9|inst3" to the node "4x32ram:inst|4x4ram:inst4|inst21" into an OR gate
    Warning (13047): Converted the fan-out from the tri-state buffer "4x32ram:inst1|4x4ram:inst4|memory_cell:inst9|inst3" to the node "4x32ram:inst1|4x4ram:inst4|inst21" into an OR gate
    Warning (13047): Converted the fan-out from the tri-state buffer "4x32ram:inst2|4x4ram:inst4|memory_cell:inst9|inst3" to the node "4x32ram:inst2|4x4ram:inst4|inst21" into an OR gate
    Warning (13047): Converted the fan-out from the tri-state buffer "4x32ram:inst3|4x4ram:inst4|memory_cell:inst9|inst3" to the node "4x32ram:inst3|4x4ram:inst4|inst21" into an OR gate
    Warning (13047): Converted the fan-out from the tri-state buffer "4x32ram:inst4|4x4ram:inst4|memory_cell:inst9|inst3" to the node "4x32ram:inst4|4x4ram:inst4|inst21" into an OR gate
    Warning (13047): Converted the fan-out from the tri-state buffer "4x32ram:inst5|4x4ram:inst4|memory_cell:inst9|inst3" to the node "4x32ram:inst5|4x4ram:inst4|inst21" into an OR gate
    Warning (13047): Converted the fan-out from the tri-state buffer "4x32ram:inst6|4x4ram:inst4|memory_cell:inst9|inst3" to the node "4x32ram:inst6|4x4ram:inst4|inst21" into an OR gate
    Warning (13047): Converted the fan-out from the tri-state buffer "4x32ram:inst7|4x4ram:inst4|memory_cell:inst9|inst3" to the node "4x32ram:inst7|4x4ram:inst4|inst21" into an OR gate
    Warning (13047): Converted the fan-out from the tri-state buffer "4x32ram:inst|4x4ram:inst4|memory_cell:inst10|inst3" to the node "4x32ram:inst|4x4ram:inst4|inst22" into an OR gate
    Warning (13047): Converted the fan-out from the tri-state buffer "4x32ram:inst1|4x4ram:inst4|memory_cell:inst10|inst3" to the node "4x32ram:inst1|4x4ram:inst4|inst22" into an OR gate
    Warning (13047): Converted the fan-out from the tri-state buffer "4x32ram:inst2|4x4ram:inst4|memory_cell:inst10|inst3" to the node "4x32ram:inst2|4x4ram:inst4|inst22" into an OR gate
    Warning (13047): Converted the fan-out from the tri-state buffer "4x32ram:inst3|4x4ram:inst4|memory_cell:inst10|inst3" to the node "4x32ram:inst3|4x4ram:inst4|inst22" into an OR gate
    Warning (13047): Converted the fan-out from the tri-state buffer "4x32ram:inst4|4x4ram:inst4|memory_cell:inst10|inst3" to the node "4x32ram:inst4|4x4ram:inst4|inst22" into an OR gate
    Warning (13047): Converted the fan-out from the tri-state buffer "4x32ram:inst5|4x4ram:inst4|memory_cell:inst10|inst3" to the node "4x32ram:inst5|4x4ram:inst4|inst22" into an OR gate
    Warning (13047): Converted the fan-out from the tri-state buffer "4x32ram:inst6|4x4ram:inst4|memory_cell:inst10|inst3" to the node "4x32ram:inst6|4x4ram:inst4|inst22" into an OR gate
    Warning (13047): Converted the fan-out from the tri-state buffer "4x32ram:inst7|4x4ram:inst4|memory_cell:inst10|inst3" to the node "4x32ram:inst7|4x4ram:inst4|inst22" into an OR gate
    Warning (13047): Converted the fan-out from the tri-state buffer "4x32ram:inst|4x4ram:inst5|memory_cell:inst1|inst3" to the node "4x32ram:inst|4x4ram:inst5|inst19" into an OR gate
    Warning (13047): Converted the fan-out from the tri-state buffer "4x32ram:inst1|4x4ram:inst5|memory_cell:inst1|inst3" to the node "4x32ram:inst1|4x4ram:inst5|inst19" into an OR gate
    Warning (13047): Converted the fan-out from the tri-state buffer "4x32ram:inst2|4x4ram:inst5|memory_cell:inst1|inst3" to the node "4x32ram:inst2|4x4ram:inst5|inst19" into an OR gate
    Warning (13047): Converted the fan-out from the tri-state buffer "4x32ram:inst3|4x4ram:inst5|memory_cell:inst1|inst3" to the node "4x32ram:inst3|4x4ram:inst5|inst19" into an OR gate
    Warning (13047): Converted the fan-out from the tri-state buffer "4x32ram:inst4|4x4ram:inst5|memory_cell:inst1|inst3" to the node "4x32ram:inst4|4x4ram:inst5|inst19" into an OR gate
    Warning (13047): Converted the fan-out from the tri-state buffer "4x32ram:inst5|4x4ram:inst5|memory_cell:inst1|inst3" to the node "4x32ram:inst5|4x4ram:inst5|inst19" into an OR gate
    Warning (13047): Converted the fan-out from the tri-state buffer "4x32ram:inst6|4x4ram:inst5|memory_cell:inst1|inst3" to the node "4x32ram:inst6|4x4ram:inst5|inst19" into an OR gate
    Warning (13047): Converted the fan-out from the tri-state buffer "4x32ram:inst7|4x4ram:inst5|memory_cell:inst1|inst3" to the node "4x32ram:inst7|4x4ram:inst5|inst19" into an OR gate
    Warning (13047): Converted the fan-out from the tri-state buffer "4x32ram:inst|4x4ram:inst5|memory_cell:inst2|inst3" to the node "4x32ram:inst|4x4ram:inst5|inst20" into an OR gate
    Warning (13047): Converted the fan-out from the tri-state buffer "4x32ram:inst1|4x4ram:inst5|memory_cell:inst2|inst3" to the node "4x32ram:inst1|4x4ram:inst5|inst20" into an OR gate
    Warning (13047): Converted the fan-out from the tri-state buffer "4x32ram:inst2|4x4ram:inst5|memory_cell:inst2|inst3" to the node "4x32ram:inst2|4x4ram:inst5|inst20" into an OR gate
    Warning (13047): Converted the fan-out from the tri-state buffer "4x32ram:inst3|4x4ram:inst5|memory_cell:inst2|inst3" to the node "4x32ram:inst3|4x4ram:inst5|inst20" into an OR gate
    Warning (13047): Converted the fan-out from the tri-state buffer "4x32ram:inst4|4x4ram:inst5|memory_cell:inst2|inst3" to the node "4x32ram:inst4|4x4ram:inst5|inst20" into an OR gate
    Warning (13047): Converted the fan-out from the tri-state buffer "4x32ram:inst5|4x4ram:inst5|memory_cell:inst2|inst3" to the node "4x32ram:inst5|4x4ram:inst5|inst20" into an OR gate
    Warning (13047): Converted the fan-out from the tri-state buffer "4x32ram:inst6|4x4ram:inst5|memory_cell:inst2|inst3" to the node "4x32ram:inst6|4x4ram:inst5|inst20" into an OR gate
    Warning (13047): Converted the fan-out from the tri-state buffer "4x32ram:inst7|4x4ram:inst5|memory_cell:inst2|inst3" to the node "4x32ram:inst7|4x4ram:inst5|inst20" into an OR gate
    Warning (13047): Converted the fan-out from the tri-state buffer "4x32ram:inst|4x4ram:inst5|memory_cell:inst9|inst3" to the node "4x32ram:inst|4x4ram:inst5|inst21" into an OR gate
    Warning (13047): Converted the fan-out from the tri-state buffer "4x32ram:inst1|4x4ram:inst5|memory_cell:inst9|inst3" to the node "4x32ram:inst1|4x4ram:inst5|inst21" into an OR gate
    Warning (13047): Converted the fan-out from the tri-state buffer "4x32ram:inst2|4x4ram:inst5|memory_cell:inst9|inst3" to the node "4x32ram:inst2|4x4ram:inst5|inst21" into an OR gate
    Warning (13047): Converted the fan-out from the tri-state buffer "4x32ram:inst3|4x4ram:inst5|memory_cell:inst9|inst3" to the node "4x32ram:inst3|4x4ram:inst5|inst21" into an OR gate
    Warning (13047): Converted the fan-out from the tri-state buffer "4x32ram:inst4|4x4ram:inst5|memory_cell:inst9|inst3" to the node "4x32ram:inst4|4x4ram:inst5|inst21" into an OR gate
    Warning (13047): Converted the fan-out from the tri-state buffer "4x32ram:inst5|4x4ram:inst5|memory_cell:inst9|inst3" to the node "4x32ram:inst5|4x4ram:inst5|inst21" into an OR gate
    Warning (13047): Converted the fan-out from the tri-state buffer "4x32ram:inst6|4x4ram:inst5|memory_cell:inst9|inst3" to the node "4x32ram:inst6|4x4ram:inst5|inst21" into an OR gate
    Warning (13047): Converted the fan-out from the tri-state buffer "4x32ram:inst7|4x4ram:inst5|memory_cell:inst9|inst3" to the node "4x32ram:inst7|4x4ram:inst5|inst21" into an OR gate
    Warning (13047): Converted the fan-out from the tri-state buffer "4x32ram:inst|4x4ram:inst5|memory_cell:inst10|inst3" to the node "4x32ram:inst|4x4ram:inst5|inst22" into an OR gate
    Warning (13047): Converted the fan-out from the tri-state buffer "4x32ram:inst1|4x4ram:inst5|memory_cell:inst10|inst3" to the node "4x32ram:inst1|4x4ram:inst5|inst22" into an OR gate
    Warning (13047): Converted the fan-out from the tri-state buffer "4x32ram:inst2|4x4ram:inst5|memory_cell:inst10|inst3" to the node "4x32ram:inst2|4x4ram:inst5|inst22" into an OR gate
    Warning (13047): Converted the fan-out from the tri-state buffer "4x32ram:inst3|4x4ram:inst5|memory_cell:inst10|inst3" to the node "4x32ram:inst3|4x4ram:inst5|inst22" into an OR gate
    Warning (13047): Converted the fan-out from the tri-state buffer "4x32ram:inst4|4x4ram:inst5|memory_cell:inst10|inst3" to the node "4x32ram:inst4|4x4ram:inst5|inst22" into an OR gate
    Warning (13047): Converted the fan-out from the tri-state buffer "4x32ram:inst5|4x4ram:inst5|memory_cell:inst10|inst3" to the node "4x32ram:inst5|4x4ram:inst5|inst22" into an OR gate
    Warning (13047): Converted the fan-out from the tri-state buffer "4x32ram:inst6|4x4ram:inst5|memory_cell:inst10|inst3" to the node "4x32ram:inst6|4x4ram:inst5|inst22" into an OR gate
    Warning (13047): Converted the fan-out from the tri-state buffer "4x32ram:inst7|4x4ram:inst5|memory_cell:inst10|inst3" to the node "4x32ram:inst7|4x4ram:inst5|inst22" into an OR gate
    Warning (13047): Converted the fan-out from the tri-state buffer "4x32ram:inst|4x4ram:inst6|memory_cell:inst1|inst3" to the node "4x32ram:inst|4x4ram:inst6|inst19" into an OR gate
    Warning (13047): Converted the fan-out from the tri-state buffer "4x32ram:inst1|4x4ram:inst6|memory_cell:inst1|inst3" to the node "4x32ram:inst1|4x4ram:inst6|inst19" into an OR gate
    Warning (13047): Converted the fan-out from the tri-state buffer "4x32ram:inst2|4x4ram:inst6|memory_cell:inst1|inst3" to the node "4x32ram:inst2|4x4ram:inst6|inst19" into an OR gate
    Warning (13047): Converted the fan-out from the tri-state buffer "4x32ram:inst3|4x4ram:inst6|memory_cell:inst1|inst3" to the node "4x32ram:inst3|4x4ram:inst6|inst19" into an OR gate
    Warning (13047): Converted the fan-out from the tri-state buffer "4x32ram:inst4|4x4ram:inst6|memory_cell:inst1|inst3" to the node "4x32ram:inst4|4x4ram:inst6|inst19" into an OR gate
    Warning (13047): Converted the fan-out from the tri-state buffer "4x32ram:inst5|4x4ram:inst6|memory_cell:inst1|inst3" to the node "4x32ram:inst5|4x4ram:inst6|inst19" into an OR gate
    Warning (13047): Converted the fan-out from the tri-state buffer "4x32ram:inst6|4x4ram:inst6|memory_cell:inst1|inst3" to the node "4x32ram:inst6|4x4ram:inst6|inst19" into an OR gate
    Warning (13047): Converted the fan-out from the tri-state buffer "4x32ram:inst7|4x4ram:inst6|memory_cell:inst1|inst3" to the node "4x32ram:inst7|4x4ram:inst6|inst19" into an OR gate
    Warning (13047): Converted the fan-out from the tri-state buffer "4x32ram:inst|4x4ram:inst6|memory_cell:inst2|inst3" to the node "4x32ram:inst|4x4ram:inst6|inst20" into an OR gate
    Warning (13047): Converted the fan-out from the tri-state buffer "4x32ram:inst1|4x4ram:inst6|memory_cell:inst2|inst3" to the node "4x32ram:inst1|4x4ram:inst6|inst20" into an OR gate
    Warning (13047): Converted the fan-out from the tri-state buffer "4x32ram:inst2|4x4ram:inst6|memory_cell:inst2|inst3" to the node "4x32ram:inst2|4x4ram:inst6|inst20" into an OR gate
    Warning (13047): Converted the fan-out from the tri-state buffer "4x32ram:inst3|4x4ram:inst6|memory_cell:inst2|inst3" to the node "4x32ram:inst3|4x4ram:inst6|inst20" into an OR gate
    Warning (13047): Converted the fan-out from the tri-state buffer "4x32ram:inst4|4x4ram:inst6|memory_cell:inst2|inst3" to the node "4x32ram:inst4|4x4ram:inst6|inst20" into an OR gate
    Warning (13047): Converted the fan-out from the tri-state buffer "4x32ram:inst5|4x4ram:inst6|memory_cell:inst2|inst3" to the node "4x32ram:inst5|4x4ram:inst6|inst20" into an OR gate
    Warning (13047): Converted the fan-out from the tri-state buffer "4x32ram:inst6|4x4ram:inst6|memory_cell:inst2|inst3" to the node "4x32ram:inst6|4x4ram:inst6|inst20" into an OR gate
    Warning (13047): Converted the fan-out from the tri-state buffer "4x32ram:inst7|4x4ram:inst6|memory_cell:inst2|inst3" to the node "4x32ram:inst7|4x4ram:inst6|inst20" into an OR gate
    Warning (13047): Converted the fan-out from the tri-state buffer "4x32ram:inst|4x4ram:inst6|memory_cell:inst9|inst3" to the node "4x32ram:inst|4x4ram:inst6|inst21" into an OR gate
    Warning (13047): Converted the fan-out from the tri-state buffer "4x32ram:inst1|4x4ram:inst6|memory_cell:inst9|inst3" to the node "4x32ram:inst1|4x4ram:inst6|inst21" into an OR gate
    Warning (13047): Converted the fan-out from the tri-state buffer "4x32ram:inst2|4x4ram:inst6|memory_cell:inst9|inst3" to the node "4x32ram:inst2|4x4ram:inst6|inst21" into an OR gate
    Warning (13047): Converted the fan-out from the tri-state buffer "4x32ram:inst3|4x4ram:inst6|memory_cell:inst9|inst3" to the node "4x32ram:inst3|4x4ram:inst6|inst21" into an OR gate
    Warning (13047): Converted the fan-out from the tri-state buffer "4x32ram:inst4|4x4ram:inst6|memory_cell:inst9|inst3" to the node "4x32ram:inst4|4x4ram:inst6|inst21" into an OR gate
    Warning (13047): Converted the fan-out from the tri-state buffer "4x32ram:inst5|4x4ram:inst6|memory_cell:inst9|inst3" to the node "4x32ram:inst5|4x4ram:inst6|inst21" into an OR gate
    Warning (13047): Converted the fan-out from the tri-state buffer "4x32ram:inst6|4x4ram:inst6|memory_cell:inst9|inst3" to the node "4x32ram:inst6|4x4ram:inst6|inst21" into an OR gate
    Warning (13047): Converted the fan-out from the tri-state buffer "4x32ram:inst7|4x4ram:inst6|memory_cell:inst9|inst3" to the node "4x32ram:inst7|4x4ram:inst6|inst21" into an OR gate
    Warning (13047): Converted the fan-out from the tri-state buffer "4x32ram:inst|4x4ram:inst6|memory_cell:inst10|inst3" to the node "4x32ram:inst|4x4ram:inst6|inst22" into an OR gate
    Warning (13047): Converted the fan-out from the tri-state buffer "4x32ram:inst1|4x4ram:inst6|memory_cell:inst10|inst3" to the node "4x32ram:inst1|4x4ram:inst6|inst22" into an OR gate
    Warning (13047): Converted the fan-out from the tri-state buffer "4x32ram:inst2|4x4ram:inst6|memory_cell:inst10|inst3" to the node "4x32ram:inst2|4x4ram:inst6|inst22" into an OR gate
    Warning (13047): Converted the fan-out from the tri-state buffer "4x32ram:inst3|4x4ram:inst6|memory_cell:inst10|inst3" to the node "4x32ram:inst3|4x4ram:inst6|inst22" into an OR gate
    Warning (13047): Converted the fan-out from the tri-state buffer "4x32ram:inst4|4x4ram:inst6|memory_cell:inst10|inst3" to the node "4x32ram:inst4|4x4ram:inst6|inst22" into an OR gate
    Warning (13047): Converted the fan-out from the tri-state buffer "4x32ram:inst5|4x4ram:inst6|memory_cell:inst10|inst3" to the node "4x32ram:inst5|4x4ram:inst6|inst22" into an OR gate
    Warning (13047): Converted the fan-out from the tri-state buffer "4x32ram:inst6|4x4ram:inst6|memory_cell:inst10|inst3" to the node "4x32ram:inst6|4x4ram:inst6|inst22" into an OR gate
    Warning (13047): Converted the fan-out from the tri-state buffer "4x32ram:inst7|4x4ram:inst6|memory_cell:inst10|inst3" to the node "4x32ram:inst7|4x4ram:inst6|inst22" into an OR gate
    Warning (13047): Converted the fan-out from the tri-state buffer "4x32ram:inst|4x4ram:inst7|memory_cell:inst1|inst3" to the node "4x32ram:inst|4x4ram:inst7|inst19" into an OR gate
    Warning (13047): Converted the fan-out from the tri-state buffer "4x32ram:inst1|4x4ram:inst7|memory_cell:inst1|inst3" to the node "4x32ram:inst1|4x4ram:inst7|inst19" into an OR gate
    Warning (13047): Converted the fan-out from the tri-state buffer "4x32ram:inst2|4x4ram:inst7|memory_cell:inst1|inst3" to the node "4x32ram:inst2|4x4ram:inst7|inst19" into an OR gate
    Warning (13047): Converted the fan-out from the tri-state buffer "4x32ram:inst3|4x4ram:inst7|memory_cell:inst1|inst3" to the node "4x32ram:inst3|4x4ram:inst7|inst19" into an OR gate
    Warning (13047): Converted the fan-out from the tri-state buffer "4x32ram:inst4|4x4ram:inst7|memory_cell:inst1|inst3" to the node "4x32ram:inst4|4x4ram:inst7|inst19" into an OR gate
    Warning (13047): Converted the fan-out from the tri-state buffer "4x32ram:inst5|4x4ram:inst7|memory_cell:inst1|inst3" to the node "4x32ram:inst5|4x4ram:inst7|inst19" into an OR gate
    Warning (13047): Converted the fan-out from the tri-state buffer "4x32ram:inst6|4x4ram:inst7|memory_cell:inst1|inst3" to the node "4x32ram:inst6|4x4ram:inst7|inst19" into an OR gate
    Warning (13047): Converted the fan-out from the tri-state buffer "4x32ram:inst7|4x4ram:inst7|memory_cell:inst1|inst3" to the node "4x32ram:inst7|4x4ram:inst7|inst19" into an OR gate
    Warning (13047): Converted the fan-out from the tri-state buffer "4x32ram:inst|4x4ram:inst7|memory_cell:inst2|inst3" to the node "4x32ram:inst|4x4ram:inst7|inst20" into an OR gate
    Warning (13047): Converted the fan-out from the tri-state buffer "4x32ram:inst1|4x4ram:inst7|memory_cell:inst2|inst3" to the node "4x32ram:inst1|4x4ram:inst7|inst20" into an OR gate
    Warning (13047): Converted the fan-out from the tri-state buffer "4x32ram:inst2|4x4ram:inst7|memory_cell:inst2|inst3" to the node "4x32ram:inst2|4x4ram:inst7|inst20" into an OR gate
    Warning (13047): Converted the fan-out from the tri-state buffer "4x32ram:inst3|4x4ram:inst7|memory_cell:inst2|inst3" to the node "4x32ram:inst3|4x4ram:inst7|inst20" into an OR gate
    Warning (13047): Converted the fan-out from the tri-state buffer "4x32ram:inst4|4x4ram:inst7|memory_cell:inst2|inst3" to the node "4x32ram:inst4|4x4ram:inst7|inst20" into an OR gate
    Warning (13047): Converted the fan-out from the tri-state buffer "4x32ram:inst5|4x4ram:inst7|memory_cell:inst2|inst3" to the node "4x32ram:inst5|4x4ram:inst7|inst20" into an OR gate
    Warning (13047): Converted the fan-out from the tri-state buffer "4x32ram:inst6|4x4ram:inst7|memory_cell:inst2|inst3" to the node "4x32ram:inst6|4x4ram:inst7|inst20" into an OR gate
    Warning (13047): Converted the fan-out from the tri-state buffer "4x32ram:inst7|4x4ram:inst7|memory_cell:inst2|inst3" to the node "4x32ram:inst7|4x4ram:inst7|inst20" into an OR gate
    Warning (13047): Converted the fan-out from the tri-state buffer "4x32ram:inst|4x4ram:inst7|memory_cell:inst9|inst3" to the node "4x32ram:inst|4x4ram:inst7|inst21" into an OR gate
    Warning (13047): Converted the fan-out from the tri-state buffer "4x32ram:inst1|4x4ram:inst7|memory_cell:inst9|inst3" to the node "4x32ram:inst1|4x4ram:inst7|inst21" into an OR gate
    Warning (13047): Converted the fan-out from the tri-state buffer "4x32ram:inst2|4x4ram:inst7|memory_cell:inst9|inst3" to the node "4x32ram:inst2|4x4ram:inst7|inst21" into an OR gate
    Warning (13047): Converted the fan-out from the tri-state buffer "4x32ram:inst3|4x4ram:inst7|memory_cell:inst9|inst3" to the node "4x32ram:inst3|4x4ram:inst7|inst21" into an OR gate
    Warning (13047): Converted the fan-out from the tri-state buffer "4x32ram:inst4|4x4ram:inst7|memory_cell:inst9|inst3" to the node "4x32ram:inst4|4x4ram:inst7|inst21" into an OR gate
    Warning (13047): Converted the fan-out from the tri-state buffer "4x32ram:inst5|4x4ram:inst7|memory_cell:inst9|inst3" to the node "4x32ram:inst5|4x4ram:inst7|inst21" into an OR gate
    Warning (13047): Converted the fan-out from the tri-state buffer "4x32ram:inst6|4x4ram:inst7|memory_cell:inst9|inst3" to the node "4x32ram:inst6|4x4ram:inst7|inst21" into an OR gate
    Warning (13047): Converted the fan-out from the tri-state buffer "4x32ram:inst7|4x4ram:inst7|memory_cell:inst9|inst3" to the node "4x32ram:inst7|4x4ram:inst7|inst21" into an OR gate
    Warning (13047): Converted the fan-out from the tri-state buffer "4x32ram:inst|4x4ram:inst7|memory_cell:inst10|inst3" to the node "4x32ram:inst|4x4ram:inst7|inst22" into an OR gate
    Warning (13047): Converted the fan-out from the tri-state buffer "4x32ram:inst1|4x4ram:inst7|memory_cell:inst10|inst3" to the node "4x32ram:inst1|4x4ram:inst7|inst22" into an OR gate
    Warning (13047): Converted the fan-out from the tri-state buffer "4x32ram:inst2|4x4ram:inst7|memory_cell:inst10|inst3" to the node "4x32ram:inst2|4x4ram:inst7|inst22" into an OR gate
    Warning (13047): Converted the fan-out from the tri-state buffer "4x32ram:inst3|4x4ram:inst7|memory_cell:inst10|inst3" to the node "4x32ram:inst3|4x4ram:inst7|inst22" into an OR gate
    Warning (13047): Converted the fan-out from the tri-state buffer "4x32ram:inst4|4x4ram:inst7|memory_cell:inst10|inst3" to the node "4x32ram:inst4|4x4ram:inst7|inst22" into an OR gate
    Warning (13047): Converted the fan-out from the tri-state buffer "4x32ram:inst5|4x4ram:inst7|memory_cell:inst10|inst3" to the node "4x32ram:inst5|4x4ram:inst7|inst22" into an OR gate
    Warning (13047): Converted the fan-out from the tri-state buffer "4x32ram:inst6|4x4ram:inst7|memory_cell:inst10|inst3" to the node "4x32ram:inst6|4x4ram:inst7|inst22" into an OR gate
    Warning (13047): Converted the fan-out from the tri-state buffer "4x32ram:inst7|4x4ram:inst7|memory_cell:inst10|inst3" to the node "4x32ram:inst7|4x4ram:inst7|inst22" into an OR gate
    Warning (13047): Converted the fan-out from the tri-state buffer "4x32ram:inst|4x4ram:inst8|memory_cell:inst1|inst3" to the node "4x32ram:inst|4x4ram:inst8|inst19" into an OR gate
    Warning (13047): Converted the fan-out from the tri-state buffer "4x32ram:inst1|4x4ram:inst8|memory_cell:inst1|inst3" to the node "4x32ram:inst1|4x4ram:inst8|inst19" into an OR gate
    Warning (13047): Converted the fan-out from the tri-state buffer "4x32ram:inst2|4x4ram:inst8|memory_cell:inst1|inst3" to the node "4x32ram:inst2|4x4ram:inst8|inst19" into an OR gate
    Warning (13047): Converted the fan-out from the tri-state buffer "4x32ram:inst3|4x4ram:inst8|memory_cell:inst1|inst3" to the node "4x32ram:inst3|4x4ram:inst8|inst19" into an OR gate
    Warning (13047): Converted the fan-out from the tri-state buffer "4x32ram:inst4|4x4ram:inst8|memory_cell:inst1|inst3" to the node "4x32ram:inst4|4x4ram:inst8|inst19" into an OR gate
    Warning (13047): Converted the fan-out from the tri-state buffer "4x32ram:inst5|4x4ram:inst8|memory_cell:inst1|inst3" to the node "4x32ram:inst5|4x4ram:inst8|inst19" into an OR gate
    Warning (13047): Converted the fan-out from the tri-state buffer "4x32ram:inst6|4x4ram:inst8|memory_cell:inst1|inst3" to the node "4x32ram:inst6|4x4ram:inst8|inst19" into an OR gate
    Warning (13047): Converted the fan-out from the tri-state buffer "4x32ram:inst7|4x4ram:inst8|memory_cell:inst1|inst3" to the node "4x32ram:inst7|4x4ram:inst8|inst19" into an OR gate
    Warning (13047): Converted the fan-out from the tri-state buffer "4x32ram:inst|4x4ram:inst8|memory_cell:inst2|inst3" to the node "4x32ram:inst|4x4ram:inst8|inst20" into an OR gate
    Warning (13047): Converted the fan-out from the tri-state buffer "4x32ram:inst1|4x4ram:inst8|memory_cell:inst2|inst3" to the node "4x32ram:inst1|4x4ram:inst8|inst20" into an OR gate
    Warning (13047): Converted the fan-out from the tri-state buffer "4x32ram:inst2|4x4ram:inst8|memory_cell:inst2|inst3" to the node "4x32ram:inst2|4x4ram:inst8|inst20" into an OR gate
    Warning (13047): Converted the fan-out from the tri-state buffer "4x32ram:inst3|4x4ram:inst8|memory_cell:inst2|inst3" to the node "4x32ram:inst3|4x4ram:inst8|inst20" into an OR gate
    Warning (13047): Converted the fan-out from the tri-state buffer "4x32ram:inst4|4x4ram:inst8|memory_cell:inst2|inst3" to the node "4x32ram:inst4|4x4ram:inst8|inst20" into an OR gate
    Warning (13047): Converted the fan-out from the tri-state buffer "4x32ram:inst5|4x4ram:inst8|memory_cell:inst2|inst3" to the node "4x32ram:inst5|4x4ram:inst8|inst20" into an OR gate
    Warning (13047): Converted the fan-out from the tri-state buffer "4x32ram:inst6|4x4ram:inst8|memory_cell:inst2|inst3" to the node "4x32ram:inst6|4x4ram:inst8|inst20" into an OR gate
    Warning (13047): Converted the fan-out from the tri-state buffer "4x32ram:inst7|4x4ram:inst8|memory_cell:inst2|inst3" to the node "4x32ram:inst7|4x4ram:inst8|inst20" into an OR gate
    Warning (13047): Converted the fan-out from the tri-state buffer "4x32ram:inst|4x4ram:inst8|memory_cell:inst9|inst3" to the node "4x32ram:inst|4x4ram:inst8|inst21" into an OR gate
    Warning (13047): Converted the fan-out from the tri-state buffer "4x32ram:inst1|4x4ram:inst8|memory_cell:inst9|inst3" to the node "4x32ram:inst1|4x4ram:inst8|inst21" into an OR gate
    Warning (13047): Converted the fan-out from the tri-state buffer "4x32ram:inst2|4x4ram:inst8|memory_cell:inst9|inst3" to the node "4x32ram:inst2|4x4ram:inst8|inst21" into an OR gate
    Warning (13047): Converted the fan-out from the tri-state buffer "4x32ram:inst3|4x4ram:inst8|memory_cell:inst9|inst3" to the node "4x32ram:inst3|4x4ram:inst8|inst21" into an OR gate
    Warning (13047): Converted the fan-out from the tri-state buffer "4x32ram:inst4|4x4ram:inst8|memory_cell:inst9|inst3" to the node "4x32ram:inst4|4x4ram:inst8|inst21" into an OR gate
    Warning (13047): Converted the fan-out from the tri-state buffer "4x32ram:inst5|4x4ram:inst8|memory_cell:inst9|inst3" to the node "4x32ram:inst5|4x4ram:inst8|inst21" into an OR gate
    Warning (13047): Converted the fan-out from the tri-state buffer "4x32ram:inst6|4x4ram:inst8|memory_cell:inst9|inst3" to the node "4x32ram:inst6|4x4ram:inst8|inst21" into an OR gate
    Warning (13047): Converted the fan-out from the tri-state buffer "4x32ram:inst7|4x4ram:inst8|memory_cell:inst9|inst3" to the node "4x32ram:inst7|4x4ram:inst8|inst21" into an OR gate
    Warning (13047): Converted the fan-out from the tri-state buffer "4x32ram:inst|4x4ram:inst8|memory_cell:inst10|inst3" to the node "4x32ram:inst|4x4ram:inst8|inst22" into an OR gate
    Warning (13047): Converted the fan-out from the tri-state buffer "4x32ram:inst1|4x4ram:inst8|memory_cell:inst10|inst3" to the node "4x32ram:inst1|4x4ram:inst8|inst22" into an OR gate
    Warning (13047): Converted the fan-out from the tri-state buffer "4x32ram:inst2|4x4ram:inst8|memory_cell:inst10|inst3" to the node "4x32ram:inst2|4x4ram:inst8|inst22" into an OR gate
    Warning (13047): Converted the fan-out from the tri-state buffer "4x32ram:inst3|4x4ram:inst8|memory_cell:inst10|inst3" to the node "4x32ram:inst3|4x4ram:inst8|inst22" into an OR gate
    Warning (13047): Converted the fan-out from the tri-state buffer "4x32ram:inst4|4x4ram:inst8|memory_cell:inst10|inst3" to the node "4x32ram:inst4|4x4ram:inst8|inst22" into an OR gate
    Warning (13047): Converted the fan-out from the tri-state buffer "4x32ram:inst5|4x4ram:inst8|memory_cell:inst10|inst3" to the node "4x32ram:inst5|4x4ram:inst8|inst22" into an OR gate
    Warning (13047): Converted the fan-out from the tri-state buffer "4x32ram:inst6|4x4ram:inst8|memory_cell:inst10|inst3" to the node "4x32ram:inst6|4x4ram:inst8|inst22" into an OR gate
    Warning (13047): Converted the fan-out from the tri-state buffer "4x32ram:inst7|4x4ram:inst8|memory_cell:inst10|inst3" to the node "4x32ram:inst7|4x4ram:inst8|inst22" into an OR gate
Info (16010): Generating hard_block partition "hard_block:auto_generated_inst"
    Info (16011): Adding 0 node(s), including 0 DDIO, 0 PLL, 0 transceiver and 0 LCELL
Info (21057): Implemented 2871 device resources after synthesis - the final resource count might be different
    Info (21058): Implemented 7 input pins
    Info (21059): Implemented 0 output pins
    Info (21060): Implemented 32 bidirectional pins
    Info (21061): Implemented 2832 logic cells
Info: Quartus II 64-Bit Analysis & Synthesis was successful. 0 errors, 258 warnings
    Info: Peak virtual memory: 4613 megabytes
    Info: Processing ended: Fri Oct 24 11:26:51 2025
    Info: Elapsed time: 00:00:03
    Info: Total CPU time (on all processors): 00:00:03


